property_id,address,latitude,longitude
BRZ-00001,"NSI Structure 122567308, Fort Bend County, TX",29.550384,-95.695556
BRZ-00002,"NSI Structure 122617575, Fort Bend County, TX",29.589318,-95.767304
BRZ-00003,"NSI Structure 122668970, Fort Bend County, TX",29.638053,-95.625346
BRZ-00004,"NSI Structure 122448087, Fort Bend County, TX",29.682292,-95.650534
BRZ-00005,"NSI Structure 122522767, Fort Bend County, TX",29.678855,-95.667326
BRZ-00006,"NSI Structure 122565618, Fort Bend County, TX",29.664566,-95.650166
BRZ-00007,"NSI Structure 122499956, Fort Bend County, TX",29.699975,-95.843273
BRZ-00008,"NSI Structure 124736356, Harris County, TX",29.708518,-95.612862
BRZ-00009,"NSI Structure 122622882, Fort Bend County, TX",29.52342,-95.728548
BRZ-00010,"NSI Structure 122622972, Fort Bend County, TX",29.518763,-95.720926
BRZ-00011,"NSI Structure 122554521, Fort Bend County, TX",29.631697,-95.735516
BRZ-00012,"NSI Structure 122538217, Fort Bend County, TX",29.613412,-95.78193
BRZ-00013,"NSI Structure 122455653, Fort Bend County, TX",29.690584,-95.677852
BRZ-00014,"NSI Structure 122514317, Fort Bend County, TX",29.679798,-95.89879
BRZ-00015,"NSI Structure 122523560, Fort Bend County, TX",29.679375,-95.672556
BRZ-00016,"NSI Structure 122682576, Fort Bend County, TX",29.643206,-95.619877
BRZ-00017,"NSI Structure 122603449, Fort Bend County, TX",29.696538,-95.781143
BRZ-00018,"NSI Structure 122602691, Fort Bend County, TX",29.672512,-95.726612
BRZ-00019,"NSI Structure 122458765, Fort Bend County, TX",29.646182,-95.697822
BRZ-00020,"NSI Structure 122550369, Fort Bend County, TX",29.592542,-95.666569
BRZ-00021,"NSI Structure 122469568, Fort Bend County, TX",29.667883,-95.724142
BRZ-00022,"NSI Structure 122572845, Fort Bend County, TX",29.715844,-95.821534
BRZ-00023,"NSI Structure 124170839, Harris County, TX",29.684761,-95.620809
BRZ-00024,"NSI Structure 122596744, Fort Bend County, TX",29.653503,-95.656786
BRZ-00025,"NSI Structure 122607769, Fort Bend County, TX",29.558955,-95.734834
BRZ-00026,"NSI Structure 122459828, Fort Bend County, TX",29.687973,-95.69195
BRZ-00027,"NSI Structure 122492653, Fort Bend County, TX",29.716176,-95.809195
BRZ-00028,"NSI Structure 122463371, Fort Bend County, TX",29.550749,-95.727893
BRZ-00029,"NSI Structure 123427524, Harris County, TX",29.691559,-95.647787
BRZ-00030,"NSI Structure 122554856, Fort Bend County, TX",29.537423,-95.737977
BRZ-00031,"NSI Structure 122590605, Fort Bend County, TX",29.55167,-95.780242
BRZ-00032,"NSI Structure 122583942, Fort Bend County, TX",29.656235,-95.703441
BRZ-00033,"NSI Structure 122488634, Fort Bend County, TX",29.618357,-95.797346
BRZ-00034,"NSI Structure 122629469, Fort Bend County, TX",29.519796,-95.82745
BRZ-00035,"NSI Structure 122681630, Fort Bend County, TX",29.537893,-95.610433
BRZ-00036,"NSI Structure 122478431, Fort Bend County, TX",29.649351,-95.745233
BRZ-00037,"NSI Structure 122530155, Fort Bend County, TX",29.663594,-95.732478
BRZ-00038,"NSI Structure 122599484, Fort Bend County, TX",29.65825,-95.637232
BRZ-00039,"NSI Structure 122682849, Fort Bend County, TX",29.647285,-95.620154
BRZ-00040,"NSI Structure 123499696, Harris County, TX",29.705289,-95.660954
BRZ-00041,"NSI Structure 122481803, Fort Bend County, TX",29.645273,-95.765233
BRZ-00042,"NSI Structure 122460227, Fort Bend County, TX",29.705986,-95.689679
BRZ-00043,"NSI Structure 122617883, Fort Bend County, TX",29.708967,-95.840798
BRZ-00044,"NSI Structure 122567673, Fort Bend County, TX",29.68924,-95.693986
BRZ-00045,"NSI Structure 123497383, Harris County, TX",29.682669,-95.632014
BRZ-00046,"NSI Structure 122584215, Fort Bend County, TX",29.56898,-95.715345
BRZ-00047,"NSI Structure 122552581, Fort Bend County, TX",29.542823,-95.692086
BRZ-00048,"NSI Structure 122616628, Fort Bend County, TX",29.584042,-95.625518
BRZ-00049,"NSI Structure 122482544, Fort Bend County, TX",29.549548,-95.76713
BRZ-00050,"NSI Structure 122529947, Fort Bend County, TX",29.672399,-95.732842
BRZ-00051,"NSI Structure 122473782, Fort Bend County, TX",29.563477,-95.7375
BRZ-00052,"NSI Structure 123895010, Harris County, TX",29.68155,-95.619622
BRZ-00053,"NSI Structure 122528458, Fort Bend County, TX",29.703489,-95.721684
BRZ-00054,"NSI Structure 122447538, Fort Bend County, TX",29.672163,-95.652445
BRZ-00055,"NSI Structure 122618021, Fort Bend County, TX",29.592993,-95.695172
BRZ-00056,"NSI Structure 122466129, Fort Bend County, TX",29.563637,-95.711177
BRZ-00057,"NSI Structure 123894921, Harris County, TX",29.682867,-95.618253
BRZ-00058,"NSI Structure 123428770, Harris County, TX",29.706012,-95.65507
BRZ-00059,"NSI Structure 122518886, Fort Bend County, TX",29.634543,-95.629146
BRZ-00060,"NSI Structure 122574625, Fort Bend County, TX",29.561799,-95.624154
BRZ-00061,"NSI Structure 122565793, Fort Bend County, TX",29.687474,-95.660903
BRZ-00062,"NSI Structure 124365117, Harris County, TX",29.701015,-95.615861
BRZ-00063,"NSI Structure 122553980, Fort Bend County, TX",29.648092,-95.728516
BRZ-00064,"NSI Structure 122567531, Fort Bend County, TX",29.689192,-95.693228
BRZ-00065,"NSI Structure 122681094, Fort Bend County, TX",29.59454,-95.607027
BRZ-00066,"NSI Structure 122475405, Fort Bend County, TX",29.684948,-95.740203
BRZ-00067,"NSI Structure 122617166, Fort Bend County, TX",29.702479,-95.722645
BRZ-00068,"NSI Structure 122610720, Fort Bend County, TX",29.525987,-95.638752
BRZ-00069,"NSI Structure 122456507, Fort Bend County, TX",29.671573,-95.685953
BRZ-00070,"NSI Structure 122612228, Fort Bend County, TX",29.653925,-95.684137
BRZ-00071,"NSI Structure 122619445, Fort Bend County, TX",29.709995,-95.81693
BRZ-00072,"NSI Structure 122600450, Fort Bend County, TX",29.670687,-95.73558
BRZ-00073,"NSI Structure 122470109, Fort Bend County, TX",29.659969,-95.731948
BRZ-00074,"NSI Structure 122564210, Fort Bend County, TX",29.551457,-95.631313
BRZ-00075,"NSI Structure 122579509, Fort Bend County, TX",29.703553,-95.780064
BRZ-00076,"NSI Structure 122595123, Fort Bend County, TX",29.685308,-95.783394
BRZ-00077,"NSI Structure 122540082, Fort Bend County, TX",29.700302,-95.802702
BRZ-00078,"NSI Structure 122555593, Fort Bend County, TX",29.71627,-95.749141
BRZ-00079,"NSI Structure 122589691, Fort Bend County, TX",29.614328,-95.737139
BRZ-00080,"NSI Structure 123480963, Harris County, TX",29.698935,-95.632813
BRZ-00081,"NSI Structure 122589632, Fort Bend County, TX",29.555955,-95.737593
BRZ-00082,"NSI Structure 122453610, Fort Bend County, TX",29.630784,-95.676105
BRZ-00083,"NSI Structure 122681169, Fort Bend County, TX",29.650998,-95.605564
BRZ-00084,"NSI Structure 122454999, Fort Bend County, TX",29.660311,-95.659887
BRZ-00085,"NSI Structure 122456997, Fort Bend County, TX",29.653099,-95.683964
BRZ-00086,"NSI Structure 122630560, Fort Bend County, TX",29.513851,-95.790393
BRZ-00087,"NSI Structure 122575665, Fort Bend County, TX",29.69258,-95.663178
BRZ-00088,"NSI Structure 122477066, Fort Bend County, TX",29.672769,-95.746507
BRZ-00089,"NSI Structure 123895544, Harris County, TX",29.679972,-95.620241
BRZ-00090,"NSI Structure 122485791, Fort Bend County, TX",29.570176,-95.785383
BRZ-00091,"NSI Structure 123318340, Harris County, TX",29.684358,-95.629068
BRZ-00092,"NSI Structure 122478072, Fort Bend County, TX",29.689824,-95.749257
BRZ-00093,"NSI Structure 123895325, Harris County, TX",29.718339,-95.620496
BRZ-00094,"NSI Structure 122613749, Fort Bend County, TX",29.558386,-95.633824
BRZ-00095,"NSI Structure 122624825, Fort Bend County, TX",29.529057,-95.732748
BRZ-00096,"NSI Structure 122699735, Fort Bend County, TX",29.600631,-95.603287
BRZ-00097,"NSI Structure 122445516, Fort Bend County, TX",29.647066,-95.632285
BRZ-00098,"NSI Structure 122565575, Fort Bend County, TX",29.595281,-95.648183
BRZ-00099,"NSI Structure 123517028, Harris County, TX",29.679752,-95.631564
BRZ-00100,"NSI Structure 122567094, Fort Bend County, TX",29.702103,-95.693183
BRZ-00101,"NSI Structure 123425566, Harris County, TX",29.708291,-95.63969
BRZ-00102,"NSI Structure 122509462, Fort Bend County, TX",29.702605,-95.882002
BRZ-00103,"NSI Structure 122446502, Fort Bend County, TX",29.599068,-95.641689
BRZ-00104,"NSI Structure 122569854, Fort Bend County, TX",29.672036,-95.743038
BRZ-00105,"NSI Structure 123430237, Harris County, TX",29.711023,-95.666076
BRZ-00106,"NSI Structure 122588771, Fort Bend County, TX",29.637393,-95.675813
BRZ-00107,"NSI Structure 122478868, Fort Bend County, TX",29.621573,-95.750298
BRZ-00108,"NSI Structure 122547579, Fort Bend County, TX",29.642265,-95.626238
BRZ-00109,"NSI Structure 123427433, Harris County, TX",29.692405,-95.651195
BRZ-00110,"NSI Structure 122578723, Fort Bend County, TX",29.688277,-95.746062
BRZ-00111,"NSI Structure 122644948, Fort Bend County, TX",29.505369,-95.813981
BRZ-00112,"NSI Structure 122467668, Fort Bend County, TX",29.628984,-95.719154
BRZ-00113,"NSI Structure 122474163, Fort Bend County, TX",29.601091,-95.73902
BRZ-00114,"NSI Structure 122457737, Fort Bend County, TX",29.625622,-95.68433
BRZ-00115,"NSI Structure 122539099, Fort Bend County, TX",29.701622,-95.791515
BRZ-00116,"NSI Structure 122471478, Fort Bend County, TX",29.650511,-95.732322
BRZ-00117,"NSI Structure 122550987, Fort Bend County, TX",29.618376,-95.676884
BRZ-00118,"NSI Structure 122580736, Fort Bend County, TX",29.699843,-95.833393
BRZ-00119,"NSI Structure 122484293, Fort Bend County, TX",29.55108,-95.78057
BRZ-00120,"NSI Structure 122690321, Fort Bend County, TX",29.587225,-95.6127
BRZ-00121,"NSI Structure 122450825, Fort Bend County, TX",29.556129,-95.65972
BRZ-00122,"NSI Structure 122474513, Fort Bend County, TX",29.693998,-95.736903
BRZ-00123,"NSI Structure 122489542, Fort Bend County, TX",29.718557,-95.798071
BRZ-00124,"NSI Structure 122608622, Fort Bend County, TX",29.555501,-95.696184
BRZ-00125,"NSI Structure 122587340, Fort Bend County, TX",29.539035,-95.860683
BRZ-00126,"NSI Structure 122591473, Fort Bend County, TX",29.687664,-95.817537
BRZ-00127,"NSI Structure 122554528, Fort Bend County, TX",29.631344,-95.734802
BRZ-00128,"NSI Structure 122690320, Fort Bend County, TX",29.586812,-95.612793
BRZ-00129,"NSI Structure 122461114, Fort Bend County, TX",29.591223,-95.694247
BRZ-00130,"NSI Structure 122451143, Fort Bend County, TX",29.577146,-95.663963
BRZ-00131,"NSI Structure 122612393, Fort Bend County, TX",29.641021,-95.743346
BRZ-00132,"NSI Structure 122484139, Fort Bend County, TX",29.710899,-95.773128
BRZ-00133,"NSI Structure 122639448, Fort Bend County, TX",29.529969,-95.763561
BRZ-00134,"NSI Structure 122567886, Fort Bend County, TX",29.579258,-95.695595
BRZ-00135,"NSI Structure 122627686, Fort Bend County, TX",29.526568,-95.758398
BRZ-00136,"NSI Structure 122593855, Fort Bend County, TX",29.666755,-95.689988
BRZ-00137,"NSI Structure 122588958, Fort Bend County, TX",29.550623,-95.688384
BRZ-00138,"NSI Structure 122490189, Fort Bend County, TX",29.548699,-95.804699
BRZ-00139,"NSI Structure 122596926, Fort Bend County, TX",29.55668,-95.663348
BRZ-00140,"NSI Structure 122574587, Fort Bend County, TX",29.562828,-95.627218
BRZ-00141,"NSI Structure 122548354, Fort Bend County, TX",29.556613,-95.633938
BRZ-00142,"NSI Structure 122521205, Fort Bend County, TX",29.600411,-95.65741
BRZ-00143,"NSI Structure 122446546, Fort Bend County, TX",29.592931,-95.642659
BRZ-00144,"NSI Structure 122527015, Fort Bend County, TX",29.653231,-95.696013
BRZ-00145,"NSI Structure 122613187, Fort Bend County, TX",29.711745,-95.8627
BRZ-00146,"NSI Structure 122555903, Fort Bend County, TX",29.703243,-95.748358
BRZ-00147,"NSI Structure 122525696, Fort Bend County, TX",29.616555,-95.689876
BRZ-00148,"NSI Structure 122461609, Fort Bend County, TX",29.681023,-95.70637
BRZ-00149,"NSI Structure 122451195, Fort Bend County, TX",29.581048,-95.662933
BRZ-00150,"NSI Structure 122617910, Fort Bend County, TX",29.635304,-95.625069
BRZ-00151,"NSI Structure 122484471, Fort Bend County, TX",29.587873,-95.777991
BRZ-00152,"NSI Structure 122619754, Fort Bend County, TX",29.55131,-95.804164
BRZ-00153,"NSI Structure 122526749, Fort Bend County, TX",29.544354,-95.696702
BRZ-00154,"NSI Structure 122626304, Fort Bend County, TX",29.49854,-95.777516
BRZ-00155,"NSI Structure 122554771, Fort Bend County, TX",29.642658,-95.740978
BRZ-00156,"NSI Structure 123344427, Harris County, TX",29.706979,-95.673688
BRZ-00157,"NSI Structure 122508896, Fort Bend County, TX",29.719116,-95.873748
BRZ-00158,"NSI Structure 122577355, Fort Bend County, TX",29.640642,-95.717057
BRZ-00159,"NSI Structure 122560189, Fort Bend County, TX",29.548691,-95.815986
BRZ-00160,"NSI Structure 122696046, Fort Bend County, TX",29.645329,-95.621097
BRZ-00161,"NSI Structure 123523559, Harris County, TX",29.697904,-95.636073
BRZ-00162,"NSI Structure 123554543, Harris County, TX",29.708507,-95.683069
BRZ-00163,"NSI Structure 122586311, Fort Bend County, TX",29.715074,-95.806406
BRZ-00164,"NSI Structure 122478133, Fort Bend County, TX",29.710162,-95.746352
BRZ-00165,"NSI Structure 122615932, Fort Bend County, TX",29.630619,-95.745032
BRZ-00166,"NSI Structure 122467923, Fort Bend County, TX",29.64501,-95.726931
BRZ-00167,"NSI Structure 122599960, Fort Bend County, TX",29.626561,-95.68222
BRZ-00168,"NSI Structure 122638854, Fort Bend County, TX",29.529915,-95.73762
BRZ-00169,"NSI Structure 122479146, Fort Bend County, TX",29.623769,-95.751407
BRZ-00170,"NSI Structure 122743668, Fort Bend County, TX",29.54965,-95.794075
BRZ-00171,"NSI Structure 122469433, Fort Bend County, TX",29.623721,-95.725391
BRZ-00172,"NSI Structure 122605388, Fort Bend County, TX",29.686122,-95.786068
BRZ-00173,"NSI Structure 122575526, Fort Bend County, TX",29.559831,-95.656291
BRZ-00174,"NSI Structure 122523007, Fort Bend County, TX",29.585432,-95.670881
BRZ-00175,"NSI Structure 124736668, Harris County, TX",29.705918,-95.612303
BRZ-00176,"NSI Structure 122584938, Fort Bend County, TX",29.710408,-95.747482
BRZ-00177,"NSI Structure 122474582, Fort Bend County, TX",29.695901,-95.740594
BRZ-00178,"NSI Structure 122575409, Fort Bend County, TX",29.67127,-95.646807
BRZ-00179,"NSI Structure 122445330, Fort Bend County, TX",29.646803,-95.631715
BRZ-00180,"NSI Structure 122465184, Fort Bend County, TX",29.543592,-95.710715
BRZ-00181,"NSI Structure 122743020, Fort Bend County, TX",29.554336,-95.805248
BRZ-00182,"NSI Structure 122593003, Fort Bend County, TX",29.64593,-95.646321
BRZ-00183,"NSI Structure 122636196, Fort Bend County, TX",29.500181,-95.762364
BRZ-00184,"NSI Structure 122550610, Fort Bend County, TX",29.698493,-95.671364
BRZ-00185,"NSI Structure 122455879, Fort Bend County, TX",29.657722,-95.680718
BRZ-00186,"NSI Structure 122531013, Fort Bend County, TX",29.615411,-95.736095
BRZ-00187,"NSI Structure 122549107, Fort Bend County, TX",29.682465,-95.642004
BRZ-00188,"NSI Structure 122603757, Fort Bend County, TX",29.711976,-95.810992
BRZ-00189,"NSI Structure 122549394, Fort Bend County, TX",29.687428,-95.651804
BRZ-00190,"NSI Structure 122485634, Fort Bend County, TX",29.570441,-95.784337
BRZ-00191,"NSI Structure 122588288, Fort Bend County, TX",29.60253,-95.658982
BRZ-00192,"NSI Structure 122567246, Fort Bend County, TX",29.600452,-95.692068
BRZ-00193,"NSI Structure 122470467, Fort Bend County, TX",29.700543,-95.728342
BRZ-00194,"NSI Structure 122461263, Fort Bend County, TX",29.682241,-95.695876
BRZ-00195,"NSI Structure 122681034, Fort Bend County, TX",29.543961,-95.602501
BRZ-00196,"NSI Structure 122447349, Fort Bend County, TX",29.676345,-95.646307
BRZ-00197,"NSI Structure 122447285, Fort Bend County, TX",29.671165,-95.647443
BRZ-00198,"NSI Structure 122636695, Fort Bend County, TX",29.497149,-95.764232
BRZ-00199,"NSI Structure 122582580, Fort Bend County, TX",29.587761,-95.661573
BRZ-00200,"NSI Structure 123422117, Harris County, TX",29.699788,-95.631788
BRZ-00201,"NSI Structure 122453011, Fort Bend County, TX",29.698952,-95.675548
BRZ-00202,"NSI Structure 122444043, Fort Bend County, TX",29.676334,-95.627867
BRZ-00203,"NSI Structure 122454624, Fort Bend County, TX",29.606737,-95.675793
BRZ-00204,"NSI Structure 122607045, Fort Bend County, TX",29.66985,-95.627992
BRZ-00205,"NSI Structure 122497867, Fort Bend County, TX",29.672964,-95.830113
BRZ-00206,"NSI Structure 122742898, Fort Bend County, TX",29.564368,-95.804426
BRZ-00207,"NSI Structure 122599559, Fort Bend County, TX",29.650663,-95.639081
BRZ-00208,"NSI Structure 122491914, Fort Bend County, TX",29.692596,-95.809362
BRZ-00209,"NSI Structure 122474320, Fort Bend County, TX",29.604787,-95.735268
BRZ-00210,"NSI Structure 122462826, Fort Bend County, TX",29.697804,-95.713028
BRZ-00211,"NSI Structure 122519154, Fort Bend County, TX",29.63591,-95.632597
BRZ-00212,"NSI Structure 124056277, Harris County, TX",29.681612,-95.61022
BRZ-00213,"NSI Structure 122447049, Fort Bend County, TX",29.646207,-95.640902
BRZ-00214,"NSI Structure 122474200, Fort Bend County, TX",29.614695,-95.740927
BRZ-00215,"NSI Structure 122576359, Fort Bend County, TX",29.656807,-95.681243
BRZ-00216,"NSI Structure 124169930, Harris County, TX",29.68764,-95.611453
BRZ-00217,"NSI Structure 122624175, Fort Bend County, TX",29.52636,-95.71798
BRZ-00218,"NSI Structure 122461617, Fort Bend County, TX",29.67821,-95.695479
BRZ-00219,"NSI Structure 122485437, Fort Bend County, TX",29.585059,-95.782273
BRZ-00220,"NSI Structure 122453095, Fort Bend County, TX",29.637473,-95.673891
BRZ-00221,"NSI Structure 122549687, Fort Bend County, TX",29.582286,-95.65803
BRZ-00222,"NSI Structure 124170245, Harris County, TX",29.697313,-95.612986
BRZ-00223,"NSI Structure 122681590, Fort Bend County, TX",29.58831,-95.610184
BRZ-00224,"NSI Structure 122569198, Fort Bend County, TX",29.698499,-95.735322
BRZ-00225,"NSI Structure 122476381, Fort Bend County, TX",29.599226,-95.753194
BRZ-00226,"NSI Structure 124620874, Harris County, TX",29.687684,-95.617454
BRZ-00227,"NSI Structure 122465605, Fort Bend County, TX",29.70032,-95.713138
BRZ-00228,"NSI Structure 122568648, Fort Bend County, TX",29.550798,-95.723074
BRZ-00229,"NSI Structure 122522164, Fort Bend County, TX",29.677165,-95.666586
BRZ-00230,"NSI Structure 122542586, Fort Bend County, TX",29.710879,-95.828099
BRZ-00231,"NSI Structure 122522572, Fort Bend County, TX",29.593535,-95.664165
BRZ-00232,"NSI Structure 122638441, Fort Bend County, TX",29.516461,-95.671707
BRZ-00233,"NSI Structure 122622151, Fort Bend County, TX",29.535959,-95.719174
BRZ-00234,"NSI Structure 122604636, Fort Bend County, TX",29.538872,-95.663463
BRZ-00235,"NSI Structure 122536618, Fort Bend County, TX",29.717432,-95.778404
BRZ-00236,"NSI Structure 122537465, Fort Bend County, TX",29.559291,-95.782967
BRZ-00237,"NSI Structure 122594831, Fort Bend County, TX",29.63803,-95.769916
BRZ-00238,"NSI Structure 122581776, Fort Bend County, TX",29.677899,-95.632953
BRZ-00239,"NSI Structure 122564873, Fort Bend County, TX",29.583735,-95.632572
BRZ-00240,"NSI Structure 122473731, Fort Bend County, TX",29.563426,-95.737898
BRZ-00241,"NSI Structure 122577632, Fort Bend County, TX",29.668234,-95.72324
BRZ-00242,"NSI Structure 122457434, Fort Bend County, TX",29.578399,-95.684226
BRZ-00243,"NSI Structure 122575180, Fort Bend County, TX",29.662756,-95.638623
BRZ-00244,"NSI Structure 122595022, Fort Bend County, TX",29.707841,-95.780402
BRZ-00245,"NSI Structure 122520579, Fort Bend County, TX",29.661162,-95.647179
BRZ-00246,"NSI Structure 122450183, Fort Bend County, TX",29.688595,-95.66178
BRZ-00247,"NSI Structure 122496295, Fort Bend County, TX",29.700764,-95.826084
BRZ-00248,"NSI Structure 123882115, Harris County, TX",29.692501,-95.602083
BRZ-00249,"NSI Structure 122633687, Fort Bend County, TX",29.510984,-95.842431
BRZ-00250,"NSI Structure 122582676, Fort Bend County, TX",29.585158,-95.664504
BRZ-00251,"NSI Structure 123318885, Harris County, TX",29.682799,-95.625411
BRZ-00252,"NSI Structure 123343242, Harris County, TX",29.703171,-95.663283
BRZ-00253,"NSI Structure 124170076, Harris County, TX",29.683503,-95.612241
BRZ-00254,"NSI Structure 122550218, Fort Bend County, TX",29.684809,-95.664142
BRZ-00255,"NSI Structure 124170745, Harris County, TX",29.70956,-95.618764
BRZ-00256,"NSI Structure 122488670, Fort Bend County, TX",29.618859,-95.797398
BRZ-00257,"NSI Structure 122548528, Fort Bend County, TX",29.607727,-95.630215
BRZ-00258,"NSI Structure 123483237, Harris County, TX",29.701879,-95.647139
BRZ-00259,"NSI Structure 122509262, Fort Bend County, TX",29.697509,-95.873111
BRZ-00260,"NSI Structure 122484833, Fort Bend County, TX",29.688383,-95.776902
BRZ-00261,"NSI Structure 122666950, Fort Bend County, TX",29.59632,-95.610542
BRZ-00262,"NSI Structure 122602402, Fort Bend County, TX",29.681704,-95.682972
BRZ-00263,"NSI Structure 122569026, Fort Bend County, TX",29.708792,-95.734322
BRZ-00264,"NSI Structure 122530410, Fort Bend County, TX",29.667013,-95.734259
BRZ-00265,"NSI Structure 122479394, Fort Bend County, TX",29.667179,-95.751308
BRZ-00266,"NSI Structure 122520503, Fort Bend County, TX",29.686887,-95.649881
BRZ-00267,"NSI Structure 123458897, Harris County, TX",29.684057,-95.628508
BRZ-00268,"NSI Structure 122534572, Fort Bend County, TX",29.55308,-95.754365
BRZ-00269,"NSI Structure 122689662, Fort Bend County, TX",29.559495,-95.601145
BRZ-00270,"NSI Structure 122615505, Fort Bend County, TX",29.659799,-95.747177
BRZ-00271,"NSI Structure 122595700, Fort Bend County, TX",29.664428,-95.828047
BRZ-00272,"NSI Structure 124405298, Harris County, TX",29.700607,-95.602363
BRZ-00273,"NSI Structure 122568699, Fort Bend County, TX",29.699772,-95.720279
BRZ-00274,"NSI Structure 122462391, Fort Bend County, TX",29.558598,-95.698718
BRZ-00275,"NSI Structure 124252349, Harris County, TX",29.677138,-95.612691
BRZ-00276,"NSI Structure 122444973, Fort Bend County, TX",29.668334,-95.630946
BRZ-00277,"NSI Structure 124313805, Harris County, TX",29.691531,-95.601007
BRZ-00278,"NSI Structure 122622585, Fort Bend County, TX",29.532977,-95.713861
BRZ-00279,"NSI Structure 122583002, Fort Bend County, TX",29.6947,-95.667448
BRZ-00280,"NSI Structure 122595651, Fort Bend County, TX",29.686849,-95.82206
BRZ-00281,"NSI Structure 122494712, Fort Bend County, TX",29.697456,-95.821641
BRZ-00282,"NSI Structure 122605474, Fort Bend County, TX",29.553628,-95.793705
BRZ-00283,"NSI Structure 122491187, Fort Bend County, TX",29.695,-95.800611
BRZ-00284,"NSI Structure 122525326, Fort Bend County, TX",29.566571,-95.681811
BRZ-00285,"NSI Structure 122500352, Fort Bend County, TX",29.711098,-95.830901
BRZ-00286,"NSI Structure 122616447, Fort Bend County, TX",29.618695,-95.733178
BRZ-00287,"NSI Structure 122484496, Fort Bend County, TX",29.587578,-95.777006
BRZ-00288,"NSI Structure 124509101, Harris County, TX",29.701483,-95.615641
BRZ-00289,"NSI Structure 124364270, Harris County, TX",29.667618,-95.603903
BRZ-00290,"NSI Structure 122526886, Fort Bend County, TX",29.701713,-95.697234
BRZ-00291,"NSI Structure 122681467, Fort Bend County, TX",29.59975,-95.607569
BRZ-00292,"NSI Structure 122559584, Fort Bend County, TX",29.562615,-95.808704
BRZ-00293,"NSI Structure 122623689, Fort Bend County, TX",29.521332,-95.719255
BRZ-00294,"NSI Structure 122470653, Fort Bend County, TX",29.684588,-95.728317
BRZ-00295,"NSI Structure 122559827, Fort Bend County, TX",29.71803,-95.813292
BRZ-00296,"NSI Structure 123499007, Harris County, TX",29.707698,-95.648169
BRZ-00297,"NSI Structure 123318874, Harris County, TX",29.682377,-95.623728
BRZ-00298,"NSI Structure 122491117, Fort Bend County, TX",29.687512,-95.803774
BRZ-00299,"NSI Structure 122486359, Fort Bend County, TX",29.697311,-95.787309
BRZ-00300,"NSI Structure 122470070, Fort Bend County, TX",29.565115,-95.728567
BRZ-00301,"NSI Structure 122624291, Fort Bend County, TX",29.531964,-95.732021
BRZ-00302,"NSI Structure 122501898, Fort Bend County, TX",29.71228,-95.853631
BRZ-00303,"NSI Structure 122537431, Fort Bend County, TX",29.545621,-95.783806
BRZ-00304,"NSI Structure 122512383, Fort Bend County, TX",29.663362,-95.887884
BRZ-00305,"NSI Structure 122596524, Fort Bend County, TX",29.671236,-95.635607
BRZ-00306,"NSI Structure 122533827, Fort Bend County, TX",29.660592,-95.751568
BRZ-00307,"NSI Structure 122521333, Fort Bend County, TX",29.686645,-95.661966
BRZ-00308,"NSI Structure 122477953, Fort Bend County, TX",29.687264,-95.758075
BRZ-00309,"NSI Structure 124737070, Harris County, TX",29.701009,-95.605756
BRZ-00310,"NSI Structure 122534544, Fort Bend County, TX",29.7138,-95.756879
BRZ-00311,"NSI Structure 122472370, Fort Bend County, TX",29.680521,-95.732807
BRZ-00312,"NSI Structure 123891100, Harris County, TX",29.702316,-95.613703
BRZ-00313,"NSI Structure 123497387, Harris County, TX",29.681126,-95.631838
BRZ-00314,"NSI Structure 122461174, Fort Bend County, TX",29.561432,-95.697459
BRZ-00315,"NSI Structure 122470299, Fort Bend County, TX",29.647269,-95.72969
BRZ-00316,"NSI Structure 124056288, Harris County, TX",29.682205,-95.609994
BRZ-00317,"NSI Structure 122579443, Fort Bend County, TX",29.697556,-95.783689
BRZ-00318,"NSI Structure 122481966, Fort Bend County, TX",29.637914,-95.765121
BRZ-00319,"NSI Structure 122448972, Fort Bend County, TX",29.640851,-95.655834
BRZ-00320,"NSI Structure 122612821, Fort Bend County, TX",29.701895,-95.674684
BRZ-00321,"NSI Structure 122618241, Fort Bend County, TX",29.556195,-95.815132
BRZ-00322,"NSI Structure 124405863, Harris County, TX",29.688407,-95.61025
BRZ-00323,"NSI Structure 122625933, Fort Bend County, TX",29.487053,-95.76226
BRZ-00324,"NSI Structure 122528070, Fort Bend County, TX",29.560533,-95.709511
BRZ-00325,"NSI Structure 122545737, Fort Bend County, TX",29.710067,-95.861296
BRZ-00326,"NSI Structure 122597348, Fort Bend County, TX",29.569471,-95.689709
BRZ-00327,"NSI Structure 122443315, Fort Bend County, TX",29.626575,-95.628344
BRZ-00328,"NSI Structure 122583668, Fort Bend County, TX",29.658386,-95.6853
BRZ-00329,"NSI Structure 124715634, Harris County, TX",29.714672,-95.673863
BRZ-00330,"NSI Structure 122468443, Fort Bend County, TX",29.635606,-95.722755
BRZ-00331,"NSI Structure 122482426, Fort Bend County, TX",29.653108,-95.764594
BRZ-00332,"NSI Structure 124737325, Harris County, TX",29.689984,-95.613342
BRZ-00333,"NSI Structure 122475048, Fort Bend County, TX",29.671862,-95.740206
BRZ-00334,"NSI Structure 122584033, Fort Bend County, TX",29.660214,-95.703226
BRZ-00335,"NSI Structure 122550498, Fort Bend County, TX",29.682602,-95.666536
BRZ-00336,"NSI Structure 122566278, Fort Bend County, TX",29.584262,-95.673622
BRZ-00337,"NSI Structure 123886814, Harris County, TX",29.710416,-95.607071
BRZ-00338,"NSI Structure 123894972, Harris County, TX",29.682672,-95.620383
BRZ-00339,"NSI Structure 122553466, Fort Bend County, TX",29.669597,-95.720406
BRZ-00340,"NSI Structure 122577117, Fort Bend County, TX",29.565616,-95.6963
BRZ-00341,"NSI Structure 122560186, Fort Bend County, TX",29.548216,-95.817139
BRZ-00342,"NSI Structure 122522501, Fort Bend County, TX",29.597251,-95.66687
BRZ-00343,"NSI Structure 123419771, Harris County, TX",29.697393,-95.628078
BRZ-00344,"NSI Structure 122566591, Fort Bend County, TX",29.694604,-95.675161
BRZ-00345,"NSI Structure 123316063, Harris County, TX",29.678239,-95.623526
BRZ-00346,"NSI Structure 122602550, Fort Bend County, TX",29.690573,-95.693684
BRZ-00347,"NSI Structure 122566712, Fort Bend County, TX",29.696672,-95.676746
BRZ-00348,"NSI Structure 122536944, Fort Bend County, TX",29.7055,-95.779004
BRZ-00349,"NSI Structure 122455902, Fort Bend County, TX",29.594357,-95.679616
BRZ-00350,"NSI Structure 122464378, Fort Bend County, TX",29.687606,-95.707684
BRZ-00351,"NSI Structure 122619126, Fort Bend County, TX",29.586326,-95.774246
BRZ-00352,"NSI Structure 124364327, Harris County, TX",29.672358,-95.606073
BRZ-00353,"NSI Structure 122586220, Fort Bend County, TX",29.591115,-95.802875
BRZ-00354,"NSI Structure 122596671, Fort Bend County, TX",29.682275,-95.64617
BRZ-00355,"NSI Structure 122569094, Fort Bend County, TX",29.707846,-95.731502
BRZ-00356,"NSI Structure 123556970, Harris County, TX",29.690892,-95.623904
BRZ-00357,"NSI Structure 122559588, Fort Bend County, TX",29.562784,-95.808568
BRZ-00358,"NSI Structure 123431228, Harris County, TX",29.704451,-95.665165
BRZ-00359,"NSI Structure 123430206, Harris County, TX",29.71096,-95.665416
BRZ-00360,"NSI Structure 122615357, Fort Bend County, TX",29.709442,-95.83504
BRZ-00361,"NSI Structure 122591431, Fort Bend County, TX",29.55134,-95.815012
BRZ-00362,"NSI Structure 122457816, Fort Bend County, TX",29.627716,-95.695511
BRZ-00363,"NSI Structure 122562965, Fort Bend County, TX",29.708184,-95.871735
BRZ-00364,"NSI Structure 122571453, Fort Bend County, TX",29.543769,-95.787292
BRZ-00365,"NSI Structure 122553902, Fort Bend County, TX",29.661493,-95.731162
BRZ-00366,"NSI Structure 123885578, Harris County, TX",29.719023,-95.609941
BRZ-00367,"NSI Structure 122624527, Fort Bend County, TX",29.527485,-95.736051
BRZ-00368,"NSI Structure 122450086, Fort Bend County, TX",29.682556,-95.656947
BRZ-00369,"NSI Structure 122575084, Fort Bend County, TX",29.659188,-95.637549
BRZ-00370,"NSI Structure 122552623, Fort Bend County, TX",29.549805,-95.691803
BRZ-00371,"NSI Structure 122666530, Fort Bend County, TX",29.591628,-95.605622
BRZ-00372,"NSI Structure 122679823, Fort Bend County, TX",29.566822,-95.602429
BRZ-00373,"NSI Structure 122487850, Fort Bend County, TX",29.589577,-95.803713
BRZ-00374,"NSI Structure 122626359, Fort Bend County, TX",29.510738,-95.789456
BRZ-00375,"NSI Structure 122620305, Fort Bend County, TX",29.53215,-95.715965
BRZ-00376,"NSI Structure 122666972, Fort Bend County, TX",29.597732,-95.605508
BRZ-00377,"NSI Structure 122548795, Fort Bend County, TX",29.642612,-95.635734
BRZ-00378,"NSI Structure 122521943, Fort Bend County, TX",29.553893,-95.669825
BRZ-00379,"NSI Structure 122484206, Fort Bend County, TX",29.55619,-95.778616
BRZ-00380,"NSI Structure 124315500, Harris County, TX",29.679212,-95.617464
BRZ-00381,"NSI Structure 122458501, Fort Bend County, TX",29.698518,-95.689237
BRZ-00382,"NSI Structure 122547807, Fort Bend County, TX",29.55823,-95.628993
BRZ-00383,"NSI Structure 122536773, Fort Bend County, TX",29.548536,-95.775445
BRZ-00384,"NSI Structure 122452405, Fort Bend County, TX",29.678265,-95.67176
BRZ-00385,"NSI Structure 122549801, Fort Bend County, TX",29.578787,-95.654984
BRZ-00386,"NSI Structure 122622781, Fort Bend County, TX",29.515267,-95.707578
BRZ-00387,"NSI Structure 122456362, Fort Bend County, TX",29.675767,-95.680265
BRZ-00388,"NSI Structure 122588909, Fort Bend County, TX",29.553225,-95.690797
BRZ-00389,"NSI Structure 122605993, Fort Bend County, TX",29.6162,-95.632749
BRZ-00390,"NSI Structure 122577414, Fort Bend County, TX",29.694579,-95.722484
BRZ-00391,"NSI Structure 122604019, Fort Bend County, TX",29.702777,-95.843245
BRZ-00392,"NSI Structure 122590618, Fort Bend County, TX",29.551215,-95.78
BRZ-00393,"NSI Structure 122608492, Fort Bend County, TX",29.594469,-95.642288
BRZ-00394,"NSI Structure 122521524, Fort Bend County, TX",29.591325,-95.6607
BRZ-00395,"NSI Structure 122466752, Fort Bend County, TX",29.689584,-95.724945
BRZ-00396,"NSI Structure 123427542, Harris County, TX",29.693587,-95.650365
BRZ-00397,"NSI Structure 122592558, Fort Bend County, TX",29.677836,-95.632152
BRZ-00398,"NSI Structure 122470452, Fort Bend County, TX",29.697685,-95.728325
BRZ-00399,"NSI Structure 122589254, Fort Bend County, TX",29.686499,-95.711431
BRZ-00400,"NSI Structure 122549538, Fort Bend County, TX",29.580061,-95.657685
BRZ-00401,"NSI Structure 122592140, Fort Bend County, TX",29.702224,-95.853406
BRZ-00402,"NSI Structure 122499975, Fort Bend County, TX",29.699823,-95.842179
BRZ-00403,"NSI Structure 122576763, Fort Bend County, TX",29.557284,-95.686584
BRZ-00404,"NSI Structure 122523454, Fort Bend County, TX",29.558508,-95.672568
BRZ-00405,"NSI Structure 122501990, Fort Bend County, TX",29.699523,-95.847796
BRZ-00406,"NSI Structure 122490930, Fort Bend County, TX",29.696397,-95.807313
BRZ-00407,"NSI Structure 122579278, Fort Bend County, TX",29.7069,-95.770953
BRZ-00408,"NSI Structure 124170812, Harris County, TX",29.697195,-95.618838
BRZ-00409,"NSI Structure 122505393, Fort Bend County, TX",29.695573,-95.86731
BRZ-00410,"NSI Structure 122462769, Fort Bend County, TX",29.700397,-95.708041
BRZ-00411,"NSI Structure 123330580, Harris County, TX",29.719628,-95.652733
BRZ-00412,"NSI Structure 122598211, Fort Bend County, TX",29.583219,-95.773037
BRZ-00413,"NSI Structure 122607426, Fort Bend County, TX",29.541775,-95.689491
BRZ-00414,"NSI Structure 122550567, Fort Bend County, TX",29.640045,-95.668028
BRZ-00415,"NSI Structure 124526206, Harris County, TX",29.71242,-95.610071
BRZ-00416,"NSI Structure 122622975, Fort Bend County, TX",29.526979,-95.728546
BRZ-00417,"NSI Structure 122511692, Fort Bend County, TX",29.680419,-95.896285
BRZ-00418,"NSI Structure 122480120, Fort Bend County, TX",29.708101,-95.747039
BRZ-00419,"NSI Structure 122625275, Fort Bend County, TX",29.519388,-95.74239
BRZ-00420,"NSI Structure 122708609, Fort Bend County, TX",29.6118,-95.616318
BRZ-00421,"NSI Structure 122456897, Fort Bend County, TX",29.660492,-95.682185
BRZ-00422,"NSI Structure 122708575, Fort Bend County, TX",29.579262,-95.607945
BRZ-00423,"NSI Structure 122682682, Fort Bend County, TX",29.631702,-95.622743
BRZ-00424,"NSI Structure 122597403, Fort Bend County, TX",29.66255,-95.688804
BRZ-00425,"NSI Structure 122606798, Fort Bend County, TX",29.562388,-95.80713
BRZ-00426,"NSI Structure 123529876, Harris County, TX",29.705671,-95.645489
BRZ-00427,"NSI Structure 122522149, Fort Bend County, TX",29.676693,-95.663729
BRZ-00428,"NSI Structure 122607499, Fort Bend County, TX",29.594536,-95.695322
BRZ-00429,"NSI Structure 124466264, Harris County, TX",29.689977,-95.616648
BRZ-00430,"NSI Structure 122635400, Fort Bend County, TX",29.526619,-95.665048
BRZ-00431,"NSI Structure 122490435, Fort Bend County, TX",29.704985,-95.800997
BRZ-00432,"NSI Structure 122623653, Fort Bend County, TX",29.523948,-95.719795
BRZ-00433,"NSI Structure 122470102, Fort Bend County, TX",29.659542,-95.72844
BRZ-00434,"NSI Structure 122541314, Fort Bend County, TX",29.692912,-95.820038
BRZ-00435,"NSI Structure 122493692, Fort Bend County, TX",29.686039,-95.818117
BRZ-00436,"NSI Structure 122628864, Fort Bend County, TX",29.510254,-95.818739
BRZ-00437,"NSI Structure 122633299, Fort Bend County, TX",29.456186,-95.899976
BRZ-00438,"NSI Structure 122541355, Fort Bend County, TX",29.692959,-95.820604
BRZ-00439,"NSI Structure 122472976, Fort Bend County, TX",29.570389,-95.733723
BRZ-00440,"NSI Structure 122455280, Fort Bend County, TX",29.649723,-95.674974
BRZ-00441,"NSI Structure 122553402, Fort Bend County, TX",29.679007,-95.720719
BRZ-00442,"NSI Structure 122472652, Fort Bend County, TX",29.537715,-95.73735
BRZ-00443,"NSI Structure 122524812, Fort Bend County, TX",29.546154,-95.683791
BRZ-00444,"NSI Structure 122611041, Fort Bend County, TX",29.643164,-95.715324
BRZ-00445,"NSI Structure 122549995, Fort Bend County, TX",29.676238,-95.659452
BRZ-00446,"NSI Structure 122538987, Fort Bend County, TX",29.552895,-95.788529
BRZ-00447,"NSI Structure 122613556, Fort Bend County, TX",29.695441,-95.79669
BRZ-00448,"NSI Structure 123484794, Harris County, TX",29.712836,-95.665671
BRZ-00449,"NSI Structure 122567277, Fort Bend County, TX",29.599371,-95.693497
BRZ-00450,"NSI Structure 124439253, Harris County, TX",29.675686,-95.618147
BRZ-00451,"NSI Structure 122596010, Fort Bend County, TX",29.701771,-95.863347
BRZ-00452,"NSI Structure 122512486, Fort Bend County, TX",29.707924,-95.887981
BRZ-00453,"NSI Structure 122709432, Fort Bend County, TX",29.578452,-95.607453
BRZ-00454,"NSI Structure 122536800, Fort Bend County, TX",29.550517,-95.775745
BRZ-00455,"NSI Structure 122593780, Fort Bend County, TX",29.543566,-95.689008
BRZ-00456,"NSI Structure 122450108, Fort Bend County, TX",29.683967,-95.658882
BRZ-00457,"NSI Structure 122627560, Fort Bend County, TX",29.52704,-95.754522
BRZ-00458,"NSI Structure 122458194, Fort Bend County, TX",29.537477,-95.688026
BRZ-00459,"NSI Structure 122582661, Fort Bend County, TX",29.603955,-95.662618
BRZ-00460,"NSI Structure 122618685, Fort Bend County, TX",29.559186,-95.788793
BRZ-00461,"NSI Structure 122666087, Fort Bend County, TX",29.616041,-95.603337
BRZ-00462,"NSI Structure 122569027, Fort Bend County, TX",29.708602,-95.734053
BRZ-00463,"NSI Structure 122466559, Fort Bend County, TX",29.565693,-95.716819
BRZ-00464,"NSI Structure 122447793, Fort Bend County, TX",29.679821,-95.648125
BRZ-00465,"NSI Structure 122456365, Fort Bend County, TX",29.67323,-95.685229
BRZ-00466,"NSI Structure 124737304, Harris County, TX",29.690668,-95.61175
BRZ-00467,"NSI Structure 124253087, Harris County, TX",29.689472,-95.621221
BRZ-00468,"NSI Structure 124736414, Harris County, TX",29.709489,-95.608991
BRZ-00469,"NSI Structure 122455712, Fort Bend County, TX",29.656058,-95.680903
BRZ-00470,"NSI Structure 122530710, Fort Bend County, TX",29.637629,-95.735334
BRZ-00471,"NSI Structure 122464411, Fort Bend County, TX",29.696679,-95.707405
BRZ-00472,"NSI Structure 122476164, Fort Bend County, TX",29.60118,-95.747646
BRZ-00473,"NSI Structure 122459036, Fort Bend County, TX",29.64719,-95.700316
BRZ-00474,"NSI Structure 122466766, Fort Bend County, TX",29.686399,-95.724259
BRZ-00475,"NSI Structure 122481276, Fort Bend County, TX",29.644427,-95.765399
BRZ-00476,"NSI Structure 122501617, Fort Bend County, TX",29.708267,-95.850054
BRZ-00477,"NSI Structure 122472944, Fort Bend County, TX",29.561498,-95.747658
BRZ-00478,"NSI Structure 122666172, Fort Bend County, TX",29.609779,-95.607075
BRZ-00479,"NSI Structure 122522396, Fort Bend County, TX",29.649469,-95.662158
BRZ-00480,"NSI Structure 122665729, Fort Bend County, TX",29.557994,-95.618242
BRZ-00481,"NSI Structure 123422172, Harris County, TX",29.699704,-95.630016
BRZ-00482,"NSI Structure 122604855, Fort Bend County, TX",29.668617,-95.682746
BRZ-00483,"NSI Structure 123317338, Harris County, TX",29.677946,-95.627715
BRZ-00484,"NSI Structure 122472934, Fort Bend County, TX",29.567463,-95.740135
BRZ-00485,"NSI Structure 124054273, Harris County, TX",29.697792,-95.602939
BRZ-00486,"NSI Structure 122494905, Fort Bend County, TX",29.541272,-95.824174
BRZ-00487,"NSI Structure 122467966, Fort Bend County, TX",29.642465,-95.734549
BRZ-00488,"NSI Structure 122465845, Fort Bend County, TX",29.542825,-95.713034
BRZ-00489,"NSI Structure 122582393, Fort Bend County, TX",29.648693,-95.655785
BRZ-00490,"NSI Structure 123896728, Harris County, TX",29.706145,-95.62321
BRZ-00491,"NSI Structure 122525410, Fort Bend County, TX",29.62269,-95.68511
BRZ-00492,"NSI Structure 122453479, Fort Bend County, TX",29.628822,-95.681471
BRZ-00493,"NSI Structure 122640341, Fort Bend County, TX",29.510021,-95.823114
BRZ-00494,"NSI Structure 122667965, Fort Bend County, TX",29.58296,-95.611462
BRZ-00495,"NSI Structure 122731178, Fort Bend County, TX",29.518008,-95.612319
BRZ-00496,"NSI Structure 122446431, Fort Bend County, TX",29.661023,-95.64277
BRZ-00497,"NSI Structure 122478887, Fort Bend County, TX",29.622353,-95.749118
BRZ-00498,"NSI Structure 122518434, Fort Bend County, TX",29.612279,-95.627032
BRZ-00499,"NSI Structure 122596578, Fort Bend County, TX",29.664186,-95.63711
BRZ-00500,"NSI Structure 122454052, Fort Bend County, TX",29.684748,-95.678125
BRZ-00501,"NSI Structure 122550361, Fort Bend County, TX",29.591344,-95.667877
BRZ-00502,"NSI Structure 122464917, Fort Bend County, TX",29.688916,-95.696194
BRZ-00503,"NSI Structure 122554860, Fort Bend County, TX",29.536628,-95.73702
BRZ-00504,"NSI Structure 122461298, Fort Bend County, TX",29.68234,-95.697325
BRZ-00505,"NSI Structure 122569215, Fort Bend County, TX",29.559443,-95.731335
BRZ-00506,"NSI Structure 123430411, Harris County, TX",29.717633,-95.662366
BRZ-00507,"NSI Structure 122620910, Fort Bend County, TX",29.532349,-95.741319
BRZ-00508,"NSI Structure 122529344, Fort Bend County, TX",29.676271,-95.731026
BRZ-00509,"NSI Structure 122594795, Fort Bend County, TX",29.581913,-95.767795
BRZ-00510,"NSI Structure 122462154, Fort Bend County, TX",29.694271,-95.697489
BRZ-00511,"NSI Structure 122612380, Fort Bend County, TX",29.641722,-95.743106
BRZ-00512,"NSI Structure 122549169, Fort Bend County, TX",29.66099,-95.645551
BRZ-00513,"NSI Structure 123881477, Harris County, TX",29.666671,-95.606552
BRZ-00514,"NSI Structure 122523785, Fort Bend County, TX",29.560301,-95.676361
BRZ-00515,"NSI Structure 122448382, Fort Bend County, TX",29.587525,-95.649911
BRZ-00516,"NSI Structure 122536616, Fort Bend County, TX",29.719263,-95.776533
BRZ-00517,"NSI Structure 122485667, Fort Bend County, TX",29.567425,-95.785777
BRZ-00518,"NSI Structure 122633020, Fort Bend County, TX",29.455858,-95.86897
BRZ-00519,"NSI Structure 122490218, Fort Bend County, TX",29.545181,-95.79938
BRZ-00520,"NSI Structure 122635391, Fort Bend County, TX",29.525715,-95.666729
BRZ-00521,"NSI Structure 122628611, Fort Bend County, TX",29.499661,-95.767633
BRZ-00522,"NSI Structure 122536957, Fort Bend County, TX",29.711691,-95.775969
BRZ-00523,"NSI Structure 122569861, Fort Bend County, TX",29.615167,-95.751329
BRZ-00524,"NSI Structure 124620867, Harris County, TX",29.684857,-95.617478
BRZ-00525,"NSI Structure 122481993, Fort Bend County, TX",29.645276,-95.768471
BRZ-00526,"NSI Structure 122508609, Fort Bend County, TX",29.713033,-95.878728
BRZ-00527,"NSI Structure 122714221, Fort Bend County, TX",29.55386,-95.613203
BRZ-00528,"NSI Structure 122618766, Fort Bend County, TX",29.681268,-95.683343
BRZ-00529,"NSI Structure 122621879, Fort Bend County, TX",29.51102,-95.717286
BRZ-00530,"NSI Structure 122484304, Fort Bend County, TX",29.551555,-95.775784
BRZ-00531,"NSI Structure 122695600, Fort Bend County, TX",29.584224,-95.608884
BRZ-00532,"NSI Structure 122568414, Fort Bend County, TX",29.563638,-95.708696
BRZ-00533,"NSI Structure 122492905, Fort Bend County, TX",29.64216,-95.797809
BRZ-00534,"NSI Structure 122571451, Fort Bend County, TX",29.567324,-95.780978
BRZ-00535,"NSI Structure 122622628, Fort Bend County, TX",29.530336,-95.728287
BRZ-00536,"NSI Structure 122527239, Fort Bend County, TX",29.702449,-95.696322
BRZ-00537,"NSI Structure 122452318, Fort Bend County, TX",29.559245,-95.668196
BRZ-00538,"NSI Structure 122695666, Fort Bend County, TX",29.577238,-95.611524
BRZ-00539,"NSI Structure 123500332, Harris County, TX",29.703105,-95.670163
BRZ-00540,"NSI Structure 122540099, Fort Bend County, TX",29.711634,-95.802765
BRZ-00541,"NSI Structure 122533404, Fort Bend County, TX",29.698558,-95.750871
BRZ-00542,"NSI Structure 122668700, Fort Bend County, TX",29.635203,-95.621837
BRZ-00543,"NSI Structure 122448859, Fort Bend County, TX",29.639632,-95.655249
BRZ-00544,"NSI Structure 122622723, Fort Bend County, TX",29.522415,-95.730013
BRZ-00545,"NSI Structure 122690757, Fort Bend County, TX",29.558377,-95.622252
BRZ-00546,"NSI Structure 122643036, Fort Bend County, TX",29.478411,-95.804518
BRZ-00547,"NSI Structure 122525203, Fort Bend County, TX",29.572248,-95.679888
BRZ-00548,"NSI Structure 122550859, Fort Bend County, TX",29.694662,-95.672438
BRZ-00549,"NSI Structure 122452898, Fort Bend County, TX",29.65024,-95.666595
BRZ-00550,"NSI Structure 122554549, Fort Bend County, TX",29.687899,-95.735061
BRZ-00551,"NSI Structure 122561089, Fort Bend County, TX",29.704248,-95.833957
BRZ-00552,"NSI Structure 122588479, Fort Bend County, TX",29.583308,-95.667557
BRZ-00553,"NSI Structure 122578286, Fort Bend County, TX",29.618473,-95.737085
BRZ-00554,"NSI Structure 122520573, Fort Bend County, TX",29.657726,-95.648465
BRZ-00555,"NSI Structure 122613458, Fort Bend County, TX",29.549758,-95.762417
BRZ-00556,"NSI Structure 124488705, Harris County, TX",29.706434,-95.614338
BRZ-00557,"NSI Structure 122483992, Fort Bend County, TX",29.705563,-95.765795
BRZ-00558,"NSI Structure 122551224, Fort Bend County, TX",29.631645,-95.678703
BRZ-00559,"NSI Structure 122447913, Fort Bend County, TX",29.664575,-95.65459
BRZ-00560,"NSI Structure 123509860, Harris County, TX",29.702987,-95.658371
BRZ-00561,"NSI Structure 122666684, Fort Bend County, TX",29.550071,-95.61621
BRZ-00562,"NSI Structure 123480325, Harris County, TX",29.689968,-95.628366
BRZ-00563,"NSI Structure 122600139, Fort Bend County, TX",29.702352,-95.716466
BRZ-00564,"NSI Structure 122505289, Fort Bend County, TX",29.715445,-95.857626
BRZ-00565,"NSI Structure 122588665, Fort Bend County, TX",29.553964,-95.672781
BRZ-00566,"NSI Structure 122487278, Fort Bend County, TX",29.545818,-95.791868
BRZ-00567,"NSI Structure 122523285, Fort Bend County, TX",29.684511,-95.673232
BRZ-00568,"NSI Structure 122480370, Fort Bend County, TX",29.551907,-95.756351
BRZ-00569,"NSI Structure 122626413, Fort Bend County, TX",29.496316,-95.771176
BRZ-00570,"NSI Structure 122491104, Fort Bend County, TX",29.691828,-95.805127
BRZ-00571,"NSI Structure 122509207, Fort Bend County, TX",29.711324,-95.871574
BRZ-00572,"NSI Structure 122628653, Fort Bend County, TX",29.49848,-95.816032
BRZ-00573,"NSI Structure 122712004, Fort Bend County, TX",29.537567,-95.614619
BRZ-00574,"NSI Structure 122555676, Fort Bend County, TX",29.680323,-95.748506
BRZ-00575,"NSI Structure 124167674, Harris County, TX",29.666196,-95.600919
BRZ-00576,"NSI Structure 122589049, Fort Bend County, TX",29.543013,-95.691404
BRZ-00577,"NSI Structure 122531435, Fort Bend County, TX",29.620519,-95.736465
BRZ-00578,"NSI Structure 122586054, Fort Bend County, TX",29.547901,-95.792356
BRZ-00579,"NSI Structure 122630744, Fort Bend County, TX",29.450428,-95.837797
BRZ-00580,"NSI Structure 122567046, Fort Bend County, TX",29.700025,-95.69082
BRZ-00581,"NSI Structure 122499935, Fort Bend County, TX",29.69766,-95.835986
BRZ-00582,"NSI Structure 122460362, Fort Bend County, TX",29.692166,-95.695552
BRZ-00583,"NSI Structure 122704600, Fort Bend County, TX",29.61441,-95.618238
BRZ-00584,"NSI Structure 122590480, Fort Bend County, TX",29.582139,-95.769139
BRZ-00585,"NSI Structure 122538363, Fort Bend County, TX",29.610628,-95.781592
BRZ-00586,"NSI Structure 122585974, Fort Bend County, TX",29.550095,-95.784973
BRZ-00587,"NSI Structure 122459674, Fort Bend County, TX",29.584176,-95.691453
BRZ-00588,"NSI Structure 122484209, Fort Bend County, TX",29.55561,-95.780454
BRZ-00589,"NSI Structure 124251789, Harris County, TX",29.668185,-95.610457
BRZ-00590,"NSI Structure 122455660, Fort Bend County, TX",29.692026,-95.678424
BRZ-00591,"NSI Structure 122554386, Fort Bend County, TX",29.611274,-95.736943
BRZ-00592,"NSI Structure 122600586, Fort Bend County, TX",29.539018,-95.742324
BRZ-00593,"NSI Structure 122594962, Fort Bend County, TX",29.548484,-95.777351
BRZ-00594,"NSI Structure 122526140, Fort Bend County, TX",29.689242,-95.689879
BRZ-00595,"NSI Structure 122525821, Fort Bend County, TX",29.615963,-95.686077
BRZ-00596,"NSI Structure 122533163, Fort Bend County, TX",29.663573,-95.747274
BRZ-00597,"NSI Structure 124171016, Harris County, TX",29.710465,-95.621367
BRZ-00598,"NSI Structure 122470759, Fort Bend County, TX",29.683885,-95.728029
BRZ-00599,"NSI Structure 123343547, Harris County, TX",29.703429,-95.6715
BRZ-00600,"NSI Structure 122641232, Fort Bend County, TX",29.531583,-95.730472
BRZ-00601,"NSI Structure 122615640, Fort Bend County, TX",29.562704,-95.81505
BRZ-00602,"NSI Structure 122444763, Fort Bend County, TX",29.603521,-95.622183
BRZ-00603,"NSI Structure 123886807, Harris County, TX",29.709275,-95.606055
BRZ-00604,"NSI Structure 122551048, Fort Bend County, TX",29.687103,-95.679447
BRZ-00605,"NSI Structure 122633185, Fort Bend County, TX",29.530092,-95.821696
BRZ-00606,"NSI Structure 122523179, Fort Bend County, TX",29.640778,-95.668809
BRZ-00607,"NSI Structure 122476441, Fort Bend County, TX",29.695781,-95.744603
BRZ-00608,"NSI Structure 122633691, Fort Bend County, TX",29.508698,-95.837793
BRZ-00609,"NSI Structure 122568106, Fort Bend County, TX",29.653661,-95.702137
BRZ-00610,"NSI Structure 122491641, Fort Bend County, TX",29.695317,-95.810399
BRZ-00611,"NSI Structure 122605029, Fort Bend County, TX",29.646945,-95.747956
BRZ-00612,"NSI Structure 122501994, Fort Bend County, TX",29.697534,-95.851519
BRZ-00613,"NSI Structure 122619305, Fort Bend County, TX",29.557846,-95.804734
BRZ-00614,"NSI Structure 122627552, Fort Bend County, TX",29.526416,-95.754231
BRZ-00615,"NSI Structure 122490552, Fort Bend County, TX",29.703459,-95.814413
BRZ-00616,"NSI Structure 122635332, Fort Bend County, TX",29.513915,-95.71288
BRZ-00617,"NSI Structure 123337483, Harris County, TX",29.712335,-95.662278
BRZ-00618,"NSI Structure 123887240, Harris County, TX",29.707436,-95.60545
BRZ-00619,"NSI Structure 122630591, Fort Bend County, TX",29.451958,-95.842803
BRZ-00620,"NSI Structure 124737190, Harris County, TX",29.689448,-95.614028
BRZ-00621,"NSI Structure 122533920, Fort Bend County, TX",29.66091,-95.754526
BRZ-00622,"NSI Structure 122689241, Fort Bend County, TX",29.606113,-95.61219
BRZ-00623,"NSI Structure 122583130, Fort Bend County, TX",29.693083,-95.673222
BRZ-00624,"NSI Structure 122565034, Fort Bend County, TX",29.654403,-95.632037
BRZ-00625,"NSI Structure 122565064, Fort Bend County, TX",29.657121,-95.635458
BRZ-00626,"NSI Structure 122603603, Fort Bend County, TX",29.548307,-95.789741
BRZ-00627,"NSI Structure 122564715, Fort Bend County, TX",29.663816,-95.629778
BRZ-00628,"NSI Structure 122514021, Fort Bend County, TX",29.673114,-95.895019
BRZ-00629,"NSI Structure 122488172, Fort Bend County, TX",29.578961,-95.793558
BRZ-00630,"NSI Structure 124251871, Harris County, TX",29.684697,-95.613388
BRZ-00631,"NSI Structure 122464049, Fort Bend County, TX",29.69129,-95.711421
BRZ-00632,"NSI Structure 122542786, Fort Bend County, TX",29.699675,-95.831054
BRZ-00633,"NSI Structure 122500617, Fort Bend County, TX",29.70092,-95.844025
BRZ-00634,"NSI Structure 122592133, Fort Bend County, TX",29.704442,-95.853693
BRZ-00635,"NSI Structure 122622645, Fort Bend County, TX",29.529127,-95.728772
BRZ-00636,"NSI Structure 122471361, Fort Bend County, TX",29.624704,-95.732219
BRZ-00637,"NSI Structure 122644487, Fort Bend County, TX",29.502531,-95.713527
BRZ-00638,"NSI Structure 122451437, Fort Bend County, TX",29.690991,-95.665536
BRZ-00639,"NSI Structure 122621675, Fort Bend County, TX",29.531613,-95.716707
BRZ-00640,"NSI Structure 124171172, Harris County, TX",29.698625,-95.621934
BRZ-00641,"NSI Structure 122569045, Fort Bend County, TX",29.708868,-95.734479
BRZ-00642,"NSI Structure 122476196, Fort Bend County, TX",29.589175,-95.754749
BRZ-00643,"NSI Structure 122704703, Fort Bend County, TX",29.599711,-95.614923
BRZ-00644,"NSI Structure 122453316, Fort Bend County, TX",29.636162,-95.677411
BRZ-00645,"NSI Structure 122549006, Fort Bend County, TX",29.582293,-95.63776
BRZ-00646,"NSI Structure 124057645, Harris County, TX",29.689887,-95.611714
BRZ-00647,"NSI Structure 122617386, Fort Bend County, TX",29.564987,-95.801772
BRZ-00648,"NSI Structure 122461825, Fort Bend County, TX",29.677335,-95.707552
BRZ-00649,"NSI Structure 123497015, Harris County, TX",29.68241,-95.628827
BRZ-00650,"NSI Structure 122471291, Fort Bend County, TX",29.667875,-95.730354
BRZ-00651,"NSI Structure 122628927, Fort Bend County, TX",29.511615,-95.821299
BRZ-00652,"NSI Structure 122464710, Fort Bend County, TX",29.690988,-95.713562
BRZ-00653,"NSI Structure 122465540, Fort Bend County, TX",29.628954,-95.708678
BRZ-00654,"NSI Structure 122588005, Fort Bend County, TX",29.594654,-95.643553
BRZ-00655,"NSI Structure 122624670, Fort Bend County, TX",29.531623,-95.737373
BRZ-00656,"NSI Structure 122571298, Fort Bend County, TX",29.586077,-95.778632
BRZ-00657,"NSI Structure 122591480, Fort Bend County, TX",29.699875,-95.817836
BRZ-00658,"NSI Structure 122460610, Fort Bend County, TX",29.629106,-95.698464
BRZ-00659,"NSI Structure 122511528, Fort Bend County, TX",29.677952,-95.886312
BRZ-00660,"NSI Structure 122572932, Fort Bend County, TX",29.558394,-95.824451
BRZ-00661,"NSI Structure 122695795, Fort Bend County, TX",29.591247,-95.611717
BRZ-00662,"NSI Structure 122689737, Fort Bend County, TX",29.544407,-95.60751
BRZ-00663,"NSI Structure 122452152, Fort Bend County, TX",29.592109,-95.673751
BRZ-00664,"NSI Structure 122568156, Fort Bend County, TX",29.658134,-95.704862
BRZ-00665,"NSI Structure 122485603, Fort Bend County, TX",29.569754,-95.784336
BRZ-00666,"NSI Structure 122456074, Fort Bend County, TX",29.696221,-95.684435
BRZ-00667,"NSI Structure 122681610, Fort Bend County, TX",29.654445,-95.609802
BRZ-00668,"NSI Structure 122490904, Fort Bend County, TX",29.694202,-95.809073
BRZ-00669,"NSI Structure 122682025, Fort Bend County, TX",29.593213,-95.613091
BRZ-00670,"NSI Structure 122590031, Fort Bend County, TX",29.566804,-95.754575
BRZ-00671,"NSI Structure 123343536, Harris County, TX",29.703299,-95.673028
BRZ-00672,"NSI Structure 122533256, Fort Bend County, TX",29.567253,-95.750863
BRZ-00673,"NSI Structure 122481212, Fort Bend County, TX",29.644806,-95.762433
BRZ-00674,"NSI Structure 122471445, Fort Bend County, TX",29.672258,-95.732258
BRZ-00675,"NSI Structure 122629553, Fort Bend County, TX",29.515671,-95.839031
BRZ-00676,"NSI Structure 122547616, Fort Bend County, TX",29.668823,-95.626525
BRZ-00677,"NSI Structure 122596403, Fort Bend County, TX",29.583691,-95.628179
BRZ-00678,"NSI Structure 122630592, Fort Bend County, TX",29.450772,-95.842548
BRZ-00679,"NSI Structure 122471500, Fort Bend County, TX",29.65103,-95.732397
BRZ-00680,"NSI Structure 122458250, Fort Bend County, TX",29.678971,-95.690529
BRZ-00681,"NSI Structure 122449759, Fort Bend County, TX",29.691863,-95.655992
BRZ-00682,"NSI Structure 122492461, Fort Bend County, TX",29.717654,-95.806818
BRZ-00683,"NSI Structure 122534535, Fort Bend County, TX",29.714368,-95.754095
BRZ-00684,"NSI Structure 122594247, Fort Bend County, TX",29.552279,-95.701567
BRZ-00685,"NSI Structure 122681160, Fort Bend County, TX",29.653197,-95.605796
BRZ-00686,"NSI Structure 122535397, Fort Bend County, TX",29.707346,-95.764473
BRZ-00687,"NSI Structure 122484901, Fort Bend County, TX",29.689839,-95.777646
BRZ-00688,"NSI Structure 123458218, Harris County, TX",29.694653,-95.626867
BRZ-00689,"NSI Structure 122535180, Fort Bend County, TX",29.690002,-95.764132
BRZ-00690,"NSI Structure 122566565, Fort Bend County, TX",29.68723,-95.675339
BRZ-00691,"NSI Structure 123500168, Harris County, TX",29.698837,-95.665316
BRZ-00692,"NSI Structure 122447598, Fort Bend County, TX",29.663981,-95.647337
BRZ-00693,"NSI Structure 122466820, Fort Bend County, TX",29.685115,-95.717237
BRZ-00694,"NSI Structure 122498124, Fort Bend County, TX",29.663822,-95.829095
BRZ-00695,"NSI Structure 122492178, Fort Bend County, TX",29.719391,-95.803556
BRZ-00696,"NSI Structure 122464178, Fort Bend County, TX",29.684872,-95.702403
BRZ-00697,"NSI Structure 122497853, Fort Bend County, TX",29.683211,-95.832365
BRZ-00698,"NSI Structure 122587344, Fort Bend County, TX",29.541907,-95.860534
BRZ-00699,"NSI Structure 122494996, Fort Bend County, TX",29.540469,-95.824304
BRZ-00700,"NSI Structure 122595362, Fort Bend County, TX",29.56098,-95.795267
BRZ-00701,"NSI Structure 122636690, Fort Bend County, TX",29.496717,-95.764892
BRZ-00702,"NSI Structure 122572075, Fort Bend County, TX",29.715448,-95.803211
BRZ-00703,"NSI Structure 124736413, Harris County, TX",29.709222,-95.609427
BRZ-00704,"NSI Structure 122481425, Fort Bend County, TX",29.64404,-95.766679
BRZ-00705,"NSI Structure 122633551, Fort Bend County, TX",29.50671,-95.835673
BRZ-00706,"NSI Structure 122476768, Fort Bend County, TX",29.603712,-95.745927
BRZ-00707,"NSI Structure 122502166, Fort Bend County, TX",29.701403,-95.855962
BRZ-00708,"NSI Structure 122488161, Fort Bend County, TX",29.579953,-95.793254
BRZ-00709,"NSI Structure 122552912, Fort Bend County, TX",29.659899,-95.699496
BRZ-00710,"NSI Structure 122535555, Fort Bend County, TX",29.714012,-95.768464
BRZ-00711,"NSI Structure 122475820, Fort Bend County, TX",29.583571,-95.74526
BRZ-00712,"NSI Structure 122473642, Fort Bend County, TX",29.570048,-95.733972
BRZ-00713,"NSI Structure 122478859, Fort Bend County, TX",29.622724,-95.749463
BRZ-00714,"NSI Structure 122466322, Fort Bend County, TX",29.680759,-95.715924
BRZ-00715,"NSI Structure 122553629, Fort Bend County, TX",29.615856,-95.723259
BRZ-00716,"NSI Structure 122539082, Fort Bend County, TX",29.705873,-95.791138
BRZ-00717,"NSI Structure 122460322, Fort Bend County, TX",29.538213,-95.700916
BRZ-00718,"NSI Structure 123896489, Harris County, TX",29.71137,-95.622288
BRZ-00719,"NSI Structure 122623757, Fort Bend County, TX",29.511071,-95.732884
BRZ-00720,"NSI Structure 124465800, Harris County, TX",29.697317,-95.601884
BRZ-00721,"NSI Structure 122617769, Fort Bend County, TX",29.653342,-95.691155
BRZ-00722,"NSI Structure 124315322, Harris County, TX",29.699003,-95.615698
BRZ-00723,"NSI Structure 122490428, Fort Bend County, TX",29.703655,-95.802941
BRZ-00724,"NSI Structure 122455873, Fort Bend County, TX",29.666046,-95.679866
BRZ-00725,"NSI Structure 123427613, Harris County, TX",29.699889,-95.652034
BRZ-00726,"NSI Structure 122488938, Fort Bend County, TX",29.549833,-95.796295
BRZ-00727,"NSI Structure 122535530, Fort Bend County, TX",29.542546,-95.766025
BRZ-00728,"NSI Structure 122599350, Fort Bend County, TX",29.560929,-95.621948
BRZ-00729,"NSI Structure 122538274, Fort Bend County, TX",29.614366,-95.781952
BRZ-00730,"NSI Structure 122472423, Fort Bend County, TX",29.679754,-95.732654
BRZ-00731,"NSI Structure 124170814, Harris County, TX",29.697335,-95.618852
BRZ-00732,"NSI Structure 122467084, Fort Bend County, TX",29.688507,-95.729724
BRZ-00733,"NSI Structure 122608165, Fort Bend County, TX",29.707481,-95.836492
BRZ-00734,"NSI Structure 122619905, Fort Bend County, TX",29.531165,-95.74681
BRZ-00735,"NSI Structure 122597032, Fort Bend County, TX",29.589208,-95.6717
BRZ-00736,"NSI Structure 122568914, Fort Bend County, TX",29.613686,-95.72319
BRZ-00737,"NSI Structure 122690426, Fort Bend County, TX",29.654093,-95.614371
BRZ-00738,"NSI Structure 122620554, Fort Bend County, TX",29.67673,-95.62796
BRZ-00739,"NSI Structure 122555617, Fort Bend County, TX",29.570349,-95.7498
BRZ-00740,"NSI Structure 122547934, Fort Bend County, TX",29.558777,-95.619667
BRZ-00741,"NSI Structure 122537172, Fort Bend County, TX",29.709762,-95.79751
BRZ-00742,"NSI Structure 122578446, Fort Bend County, TX",29.600771,-95.743843
BRZ-00743,"NSI Structure 122478083, Fort Bend County, TX",29.687157,-95.75617
BRZ-00744,"NSI Structure 122473616, Fort Bend County, TX",29.565037,-95.745413
BRZ-00745,"NSI Structure 122476375, Fort Bend County, TX",29.598781,-95.753383
BRZ-00746,"NSI Structure 124540763, Harris County, TX",29.696595,-95.621757
BRZ-00747,"NSI Structure 122529427, Fort Bend County, TX",29.625682,-95.726738
BRZ-00748,"NSI Structure 122470696, Fort Bend County, TX",29.685443,-95.727408
BRZ-00749,"NSI Structure 122622268, Fort Bend County, TX",29.505838,-95.721114
BRZ-00750,"NSI Structure 122523583, Fort Bend County, TX",29.590556,-95.672817
BRZ-00751,"NSI Structure 122533239, Fort Bend County, TX",29.565155,-95.748788
BRZ-00752,"NSI Structure 122467837, Fort Bend County, TX",29.629123,-95.724817
BRZ-00753,"NSI Structure 122458888, Fort Bend County, TX",29.648628,-95.700981
BRZ-00754,"NSI Structure 122626077, Fort Bend County, TX",29.49765,-95.760356
BRZ-00755,"NSI Structure 122640329, Fort Bend County, TX",29.511534,-95.818545
BRZ-00756,"NSI Structure 122617537, Fort Bend County, TX",29.686612,-95.74037
BRZ-00757,"NSI Structure 122567687, Fort Bend County, TX",29.689529,-95.69394
BRZ-00758,"NSI Structure 122744769, Fort Bend County, TX",29.658835,-95.619334
BRZ-00759,"NSI Structure 122480563, Fort Bend County, TX",29.672944,-95.757657
BRZ-00760,"NSI Structure 122480449, Fort Bend County, TX",29.554511,-95.754705
BRZ-00761,"NSI Structure 122449471, Fort Bend County, TX",29.658488,-95.653783
BRZ-00762,"NSI Structure 122712032, Fort Bend County, TX",29.546595,-95.615042
BRZ-00763,"NSI Structure 124315808, Harris County, TX",29.710806,-95.618942
BRZ-00764,"NSI Structure 122527914, Fort Bend County, TX",29.643086,-95.713244
BRZ-00765,"NSI Structure 122580007, Fort Bend County, TX",29.687935,-95.799857
BRZ-00766,"NSI Structure 122580127, Fort Bend County, TX",29.717624,-95.801767
BRZ-00767,"NSI Structure 122443406, Fort Bend County, TX",29.65229,-95.629991
BRZ-00768,"NSI Structure 122604795, Fort Bend County, TX",29.703104,-95.675133
BRZ-00769,"NSI Structure 122481592, Fort Bend County, TX",29.640841,-95.764791
BRZ-00770,"NSI Structure 122668851, Fort Bend County, TX",29.57314,-95.61885
BRZ-00771,"NSI Structure 122667745, Fort Bend County, TX",29.601361,-95.61066
BRZ-00772,"NSI Structure 122619861, Fort Bend County, TX",29.550428,-95.800283
BRZ-00773,"NSI Structure 122530367, Fort Bend County, TX",29.65207,-95.727254
BRZ-00774,"NSI Structure 122582542, Fort Bend County, TX",29.677635,-95.661201
BRZ-00775,"NSI Structure 122627015, Fort Bend County, TX",29.487674,-95.76676
BRZ-00776,"NSI Structure 122589137, Fort Bend County, TX",29.590309,-95.694204
BRZ-00777,"NSI Structure 122627955, Fort Bend County, TX",29.524264,-95.757837
BRZ-00778,"NSI Structure 122627954, Fort Bend County, TX",29.523681,-95.758698
BRZ-00779,"NSI Structure 122491696, Fort Bend County, TX",29.691725,-95.805256
BRZ-00780,"NSI Structure 122610633, Fort Bend County, TX",29.575858,-95.626046
BRZ-00781,"NSI Structure 122545486, Fort Bend County, TX",29.711561,-95.852289
BRZ-00782,"NSI Structure 124251890, Harris County, TX",29.687232,-95.613941
BRZ-00783,"NSI Structure 122545602, Fort Bend County, TX",29.708952,-95.860413
BRZ-00784,"NSI Structure 122444256, Fort Bend County, TX",29.620617,-95.618772
BRZ-00785,"NSI Structure 122495663, Fort Bend County, TX",29.689118,-95.822229
BRZ-00786,"NSI Structure 122578099, Fort Bend County, TX",29.648319,-95.737726
BRZ-00787,"NSI Structure 123894329, Harris County, TX",29.696862,-95.616771
BRZ-00788,"NSI Structure 122524186, Fort Bend County, TX",29.574822,-95.679042
BRZ-00789,"NSI Structure 122497439, Fort Bend County, TX",29.67948,-95.831234
BRZ-00790,"NSI Structure 123887293, Harris County, TX",29.70882,-95.608452
BRZ-00791,"NSI Structure 122487669, Fort Bend County, TX",29.717799,-95.794499
BRZ-00792,"NSI Structure 122541430, Fort Bend County, TX",29.692498,-95.821673
BRZ-00793,"NSI Structure 122641816, Fort Bend County, TX",29.506986,-95.815117
BRZ-00794,"NSI Structure 124405871, Harris County, TX",29.688505,-95.609197
BRZ-00795,"NSI Structure 122604652, Fort Bend County, TX",29.552203,-95.668156
BRZ-00796,"NSI Structure 122508948, Fort Bend County, TX",29.713367,-95.871448
BRZ-00797,"NSI Structure 122467859, Fort Bend County, TX",29.637656,-95.732402
BRZ-00798,"NSI Structure 122626460, Fort Bend County, TX",29.498545,-95.770098
BRZ-00799,"NSI Structure 123339002, Harris County, TX",29.71724,-95.665646
BRZ-00800,"NSI Structure 123425776, Harris County, TX",29.709326,-95.639989
BRZ-00801,"NSI Structure 122495689, Fort Bend County, TX",29.688196,-95.821474
BRZ-00802,"NSI Structure 124168820, Harris County, TX",29.669264,-95.605533
BRZ-00803,"NSI Structure 122641122, Fort Bend County, TX",29.518643,-95.752412
BRZ-00804,"NSI Structure 122485201, Fort Bend County, TX",29.705336,-95.782762
BRZ-00805,"NSI Structure 122473958, Fort Bend County, TX",29.640979,-95.737414
BRZ-00806,"NSI Structure 122620317, Fort Bend County, TX",29.534964,-95.720278
BRZ-00807,"NSI Structure 122476716, Fort Bend County, TX",29.610656,-95.748104
BRZ-00808,"NSI Structure 122603439, Fort Bend County, TX",29.695897,-95.78209
BRZ-00809,"NSI Structure 122606016, Fort Bend County, TX",29.644495,-95.637099
BRZ-00810,"NSI Structure 122443847, Fort Bend County, TX",29.565905,-95.626914
BRZ-00811,"NSI Structure 122667705, Fort Bend County, TX",29.566069,-95.608288
BRZ-00812,"NSI Structure 122453777, Fort Bend County, TX",29.68384,-95.677483
BRZ-00813,"NSI Structure 122535438, Fort Bend County, TX",29.716108,-95.764794
BRZ-00814,"NSI Structure 122625685, Fort Bend County, TX",29.534022,-95.735964
BRZ-00815,"NSI Structure 123523090, Harris County, TX",29.707839,-95.624724
BRZ-00816,"NSI Structure 122593798, Fort Bend County, TX",29.542934,-95.687465
BRZ-00817,"NSI Structure 122453450, Fort Bend County, TX",29.633098,-95.675792
BRZ-00818,"NSI Structure 122622245, Fort Bend County, TX",29.506699,-95.72022
BRZ-00819,"NSI Structure 122478046, Fort Bend County, TX",29.687918,-95.758233
BRZ-00820,"NSI Structure 122484702, Fort Bend County, TX",29.649571,-95.781027
BRZ-00821,"NSI Structure 122473073, Fort Bend County, TX",29.561546,-95.74974
BRZ-00822,"NSI Structure 122482003, Fort Bend County, TX",29.63604,-95.764265
BRZ-00823,"NSI Structure 122508417, Fort Bend County, TX",29.71191,-95.871992
BRZ-00824,"NSI Structure 122590442, Fort Bend County, TX",29.582313,-95.768154
BRZ-00825,"NSI Structure 122577064, Fort Bend County, TX",29.581345,-95.695218
BRZ-00826,"NSI Structure 124316041, Harris County, TX",29.709175,-95.620146
BRZ-00827,"NSI Structure 122524575, Fort Bend County, TX",29.622115,-95.68135
BRZ-00828,"NSI Structure 122544300, Fort Bend County, TX",29.692463,-95.834193
BRZ-00829,"NSI Structure 123497863, Harris County, TX",29.706663,-95.638703
BRZ-00830,"NSI Structure 122593848, Fort Bend County, TX",29.666437,-95.688774
BRZ-00831,"NSI Structure 122588740, Fort Bend County, TX",29.637414,-95.676348
BRZ-00832,"NSI Structure 122664968, Fort Bend County, TX",29.60786,-95.604253
BRZ-00833,"NSI Structure 122496037, Fort Bend County, TX",29.693635,-95.824376
BRZ-00834,"NSI Structure 122622752, Fort Bend County, TX",29.521064,-95.722604
BRZ-00835,"NSI Structure 122535174, Fort Bend County, TX",29.69099,-95.762992
BRZ-00836,"NSI Structure 122465838, Fort Bend County, TX",29.547595,-95.709761
BRZ-00837,"NSI Structure 122519251, Fort Bend County, TX",29.636721,-95.632017
BRZ-00838,"NSI Structure 122471453, Fort Bend County, TX",29.675945,-95.736847
BRZ-00839,"NSI Structure 122743107, Fort Bend County, TX",29.643595,-95.731597
BRZ-00840,"NSI Structure 122464191, Fort Bend County, TX",29.686058,-95.70173
BRZ-00841,"NSI Structure 122702623, Fort Bend County, TX",29.560216,-95.620814
BRZ-00842,"NSI Structure 122602740, Fort Bend County, TX",29.71016,-95.728511
BRZ-00843,"NSI Structure 124316137, Harris County, TX",29.684148,-95.61675
BRZ-00844,"NSI Structure 122626774, Fort Bend County, TX",29.515045,-95.748578
BRZ-00845,"NSI Structure 122681670, Fort Bend County, TX",29.540328,-95.612629
BRZ-00846,"NSI Structure 122455349, Fort Bend County, TX",29.662449,-95.677381
BRZ-00847,"NSI Structure 122632814, Fort Bend County, TX",29.493249,-95.818499
BRZ-00848,"NSI Structure 122477581, Fort Bend County, TX",29.667385,-95.748526
BRZ-00849,"NSI Structure 122484716, Fort Bend County, TX",29.647714,-95.779302
BRZ-00850,"NSI Structure 122613943, Fort Bend County, TX",29.568372,-95.770955
BRZ-00851,"NSI Structure 122462348, Fort Bend County, TX",29.551708,-95.712074
BRZ-00852,"NSI Structure 124313654, Harris County, TX",29.718249,-95.603016
BRZ-00853,"NSI Structure 122668180, Fort Bend County, TX",29.556458,-95.616142
BRZ-00854,"NSI Structure 122597209, Fort Bend County, TX",29.650615,-95.68318
BRZ-00855,"NSI Structure 122576576, Fort Bend County, TX",29.642327,-95.682737
BRZ-00856,"NSI Structure 122625355, Fort Bend County, TX",29.520114,-95.748544
BRZ-00857,"NSI Structure 122579447, Fort Bend County, TX",29.6988,-95.780456
BRZ-00858,"NSI Structure 122550782, Fort Bend County, TX",29.646176,-95.67108
BRZ-00859,"NSI Structure 122536656, Fort Bend County, TX",29.555794,-95.77669
BRZ-00860,"NSI Structure 122560179, Fort Bend County, TX",29.548267,-95.815751
BRZ-00861,"NSI Structure 122560999, Fort Bend County, TX",29.718742,-95.834554
BRZ-00862,"NSI Structure 122553783, Fort Bend County, TX",29.562214,-95.725361
BRZ-00863,"NSI Structure 122555393, Fort Bend County, TX",29.675865,-95.751461
BRZ-00864,"NSI Structure 122582765, Fort Bend County, TX",29.546274,-95.664896
BRZ-00865,"NSI Structure 122446125, Fort Bend County, TX",29.666962,-95.637974
BRZ-00866,"NSI Structure 122613337, Fort Bend County, TX",29.567213,-95.680991
BRZ-00867,"NSI Structure 122457599, Fort Bend County, TX",29.640915,-95.68182
BRZ-00868,"NSI Structure 122623434, Fort Bend County, TX",29.51662,-95.733328
BRZ-00869,"NSI Structure 122552478, Fort Bend County, TX",29.678075,-95.690266
BRZ-00870,"NSI Structure 122526894, Fort Bend County, TX",29.65155,-95.695667
BRZ-00871,"NSI Structure 122632644, Fort Bend County, TX",29.490998,-95.815008
BRZ-00872,"NSI Structure 122564982, Fort Bend County, TX",29.580537,-95.632637
BRZ-00873,"NSI Structure 123334537, Harris County, TX",29.706533,-95.65642
BRZ-00874,"NSI Structure 122667387, Fort Bend County, TX",29.658075,-95.609304
BRZ-00875,"NSI Structure 122743151, Fort Bend County, TX",29.621192,-95.727668
BRZ-00876,"NSI Structure 122549113, Fort Bend County, TX",29.683369,-95.640015
BRZ-00877,"NSI Structure 122590150, Fort Bend County, TX",29.565734,-95.767075
BRZ-00878,"NSI Structure 122554179, Fort Bend County, TX",29.648257,-95.733087
BRZ-00879,"NSI Structure 124405891, Harris County, TX",29.688503,-95.609955
BRZ-00880,"NSI Structure 122592926, Fort Bend County, TX",29.570507,-95.643164
BRZ-00881,"NSI Structure 122695908, Fort Bend County, TX",29.544622,-95.616563
BRZ-00882,"NSI Structure 122447613, Fort Bend County, TX",29.66636,-95.646483
BRZ-00883,"NSI Structure 122597227, Fort Bend County, TX",29.650468,-95.683767
BRZ-00884,"NSI Structure 122593767, Fort Bend County, TX",29.688026,-95.682675
BRZ-00885,"NSI Structure 124488410, Harris County, TX",29.682999,-95.608172
BRZ-00886,"NSI Structure 122527973, Fort Bend County, TX",29.64229,-95.71292
BRZ-00887,"NSI Structure 123460127, Harris County, TX",29.68447,-95.640025
BRZ-00888,"NSI Structure 122453721, Fort Bend County, TX",29.684559,-95.679863
BRZ-00889,"NSI Structure 122625328, Fort Bend County, TX",29.518219,-95.742121
BRZ-00890,"NSI Structure 122572618, Fort Bend County, TX",29.563838,-95.817995
BRZ-00891,"NSI Structure 122487821, Fort Bend County, TX",29.685625,-95.795041
BRZ-00892,"NSI Structure 123317372, Harris County, TX",29.677923,-95.627984
BRZ-00893,"NSI Structure 122529076, Fort Bend County, TX",29.614264,-95.726003
BRZ-00894,"NSI Structure 122690450, Fort Bend County, TX",29.573197,-95.614348
BRZ-00895,"NSI Structure 122510098, Fort Bend County, TX",29.665887,-95.877998
BRZ-00896,"NSI Structure 122611287, Fort Bend County, TX",29.665194,-95.810767
BRZ-00897,"NSI Structure 122548603, Fort Bend County, TX",29.563006,-95.630839
BRZ-00898,"NSI Structure 122445932, Fort Bend County, TX",29.57001,-95.635837
BRZ-00899,"NSI Structure 122466326, Fort Bend County, TX",29.679708,-95.719532
BRZ-00900,"NSI Structure 122528164, Fort Bend County, TX",29.689534,-95.718775
BRZ-00901,"NSI Structure 122497679, Fort Bend County, TX",29.681657,-95.836264
BRZ-00902,"NSI Structure 122475563, Fort Bend County, TX",29.650329,-95.740458
BRZ-00903,"NSI Structure 122519317, Fort Bend County, TX",29.644602,-95.633643
BRZ-00904,"NSI Structure 122473847, Fort Bend County, TX",29.561399,-95.740636
BRZ-00905,"NSI Structure 122623235, Fort Bend County, TX",29.520595,-95.714256
BRZ-00906,"NSI Structure 123336066, Harris County, TX",29.709316,-95.658203
BRZ-00907,"NSI Structure 122488870, Fort Bend County, TX",29.550407,-95.797784
BRZ-00908,"NSI Structure 122615353, Fort Bend County, TX",29.709355,-95.834871
BRZ-00909,"NSI Structure 122533221, Fort Bend County, TX",29.567423,-95.750506
BRZ-00910,"NSI Structure 122524432, Fort Bend County, TX",29.550009,-95.679315
BRZ-00911,"NSI Structure 122553214, Fort Bend County, TX",29.567222,-95.71731
BRZ-00912,"NSI Structure 122486574, Fort Bend County, TX",29.703855,-95.789387
BRZ-00913,"NSI Structure 122474215, Fort Bend County, TX",29.614721,-95.738075
BRZ-00914,"NSI Structure 122475271, Fort Bend County, TX",29.655655,-95.741976
BRZ-00915,"NSI Structure 122527560, Fort Bend County, TX",29.654173,-95.700437
BRZ-00916,"NSI Structure 124540427, Harris County, TX",29.695769,-95.605532
BRZ-00917,"NSI Structure 122488841, Fort Bend County, TX",29.550206,-95.795073
BRZ-00918,"NSI Structure 122498229, Fort Bend County, TX",29.678793,-95.835225
BRZ-00919,"NSI Structure 122645219, Fort Bend County, TX",29.45149,-95.660931
BRZ-00920,"NSI Structure 122548701, Fort Bend County, TX",29.680279,-95.635215
BRZ-00921,"NSI Structure 122550296, Fort Bend County, TX",29.592007,-95.669396
BRZ-00922,"NSI Structure 122480160, Fort Bend County, TX",29.71016,-95.754871
BRZ-00923,"NSI Structure 122642405, Fort Bend County, TX",29.477767,-95.870108
BRZ-00924,"NSI Structure 122462437, Fort Bend County, TX",29.555789,-95.698612
BRZ-00925,"NSI Structure 122622633, Fort Bend County, TX",29.52974,-95.728241
BRZ-00926,"NSI Structure 122583129, Fort Bend County, TX",29.695108,-95.670939
BRZ-00927,"NSI Structure 122629659, Fort Bend County, TX",29.51552,-95.820256
BRZ-00928,"NSI Structure 122488604, Fort Bend County, TX",29.609798,-95.791689
BRZ-00929,"NSI Structure 122556095, Fort Bend County, TX",29.533937,-95.752896
BRZ-00930,"NSI Structure 122542779, Fort Bend County, TX",29.699273,-95.830679
BRZ-00931,"NSI Structure 122455765, Fort Bend County, TX",29.655779,-95.68071
BRZ-00932,"NSI Structure 122469286, Fort Bend County, TX",29.562302,-95.727324
BRZ-00933,"NSI Structure 122612173, Fort Bend County, TX",29.600923,-95.647583
BRZ-00934,"NSI Structure 122666871, Fort Bend County, TX",29.582096,-95.606244
BRZ-00935,"NSI Structure 122576093, Fort Bend County, TX",29.635311,-95.670917
BRZ-00936,"NSI Structure 122612857, Fort Bend County, TX",29.597375,-95.686131
BRZ-00937,"NSI Structure 122465705, Fort Bend County, TX",29.70428,-95.715176
BRZ-00938,"NSI Structure 122531514, Fort Bend County, TX",29.667082,-95.737677
BRZ-00939,"NSI Structure 122514259, Fort Bend County, TX",29.67508,-95.899166
BRZ-00940,"NSI Structure 122491006, Fort Bend County, TX",29.694507,-95.804376
BRZ-00941,"NSI Structure 122497798, Fort Bend County, TX",29.680893,-95.830464
BRZ-00942,"NSI Structure 122532515, Fort Bend County, TX",29.635918,-95.751707
BRZ-00943,"NSI Structure 122469065, Fort Bend County, TX",29.55958,-95.72799
BRZ-00944,"NSI Structure 122636877, Fort Bend County, TX",29.502652,-95.815756
BRZ-00945,"NSI Structure 122555223, Fort Bend County, TX",29.570033,-95.748707
BRZ-00946,"NSI Structure 122631456, Fort Bend County, TX",29.514073,-95.803075
BRZ-00947,"NSI Structure 122527090, Fort Bend County, TX",29.656472,-95.694171
BRZ-00948,"NSI Structure 122623193, Fort Bend County, TX",29.523817,-95.72619
BRZ-00949,"NSI Structure 122474063, Fort Bend County, TX",29.637123,-95.738502
BRZ-00950,"NSI Structure 122668131, Fort Bend County, TX",29.609986,-95.615936
BRZ-00951,"NSI Structure 122612381, Fort Bend County, TX",29.642,-95.743354
BRZ-00952,"NSI Structure 122473091, Fort Bend County, TX",29.565828,-95.739527
BRZ-00953,"NSI Structure 122624891, Fort Bend County, TX",29.523487,-95.745645
BRZ-00954,"NSI Structure 122617452, Fort Bend County, TX",29.658371,-95.740154
BRZ-00955,"NSI Structure 122713783, Fort Bend County, TX",29.561409,-95.609478
BRZ-00956,"NSI Structure 122476565, Fort Bend County, TX",29.699816,-95.744915
BRZ-00957,"NSI Structure 122569656, Fort Bend County, TX",29.622385,-95.745995
BRZ-00958,"NSI Structure 122521865, Fort Bend County, TX",29.639735,-95.666741
BRZ-00959,"NSI Structure 122503049, Fort Bend County, TX",29.545345,-95.865533
BRZ-00960,"NSI Structure 122533341, Fort Bend County, TX",29.701236,-95.74865
BRZ-00961,"NSI Structure 122478263, Fort Bend County, TX",29.537494,-95.750083
BRZ-00962,"NSI Structure 122499427, Fort Bend County, TX",29.633939,-95.834693
BRZ-00963,"NSI Structure 122470423, Fort Bend County, TX",29.70347,-95.728538
BRZ-00964,"NSI Structure 122637543, Fort Bend County, TX",29.525605,-95.818166
BRZ-00965,"NSI Structure 123881958, Harris County, TX",29.67934,-95.600159
BRZ-00966,"NSI Structure 122460721, Fort Bend County, TX",29.63698,-95.703307
BRZ-00967,"NSI Structure 122462695, Fort Bend County, TX",29.698773,-95.710971
BRZ-00968,"NSI Structure 122578502, Fort Bend County, TX",29.697128,-95.745489
BRZ-00969,"NSI Structure 122497660, Fort Bend County, TX",29.668766,-95.832151
BRZ-00970,"NSI Structure 122618661, Fort Bend County, TX",29.54837,-95.77265
BRZ-00971,"NSI Structure 122743974, Fort Bend County, TX",29.578771,-95.631506
BRZ-00972,"NSI Structure 122484936, Fort Bend County, TX",29.689571,-95.776912
BRZ-00973,"NSI Structure 122622428, Fort Bend County, TX",29.506243,-95.723168
BRZ-00974,"NSI Structure 122463152, Fort Bend County, TX",29.543374,-95.708181
BRZ-00975,"NSI Structure 122593560, Fort Bend County, TX",29.697607,-95.680271
BRZ-00976,"NSI Structure 122529797, Fort Bend County, TX",29.558636,-95.731563
BRZ-00977,"NSI Structure 122478499, Fort Bend County, TX",29.651767,-95.749904
BRZ-00978,"NSI Structure 122532171, Fort Bend County, TX",29.54297,-95.726423
BRZ-00979,"NSI Structure 122466253, Fort Bend County, TX",29.677345,-95.717567
BRZ-00980,"NSI Structure 122524673, Fort Bend County, TX",29.636685,-95.679588
BRZ-00981,"NSI Structure 122622063, Fort Bend County, TX",29.501694,-95.716218
BRZ-00982,"NSI Structure 122586918, Fort Bend County, TX",29.68632,-95.830338
BRZ-00983,"NSI Structure 122482311, Fort Bend County, TX",29.579338,-95.763627
BRZ-00984,"NSI Structure 122570323, Fort Bend County, TX",29.578578,-95.757792
BRZ-00985,"NSI Structure 122552359, Fort Bend County, TX",29.542482,-95.688323
BRZ-00986,"NSI Structure 122559491, Fort Bend County, TX",29.632389,-95.805881
BRZ-00987,"NSI Structure 122619581, Fort Bend County, TX",29.551937,-95.805283
BRZ-00988,"NSI Structure 122451147, Fort Bend County, TX",29.576834,-95.6604
BRZ-00989,"NSI Structure 122565424, Fort Bend County, TX",29.569922,-95.642275
BRZ-00990,"NSI Structure 122528833, Fort Bend County, TX",29.606324,-95.722496
BRZ-00991,"NSI Structure 122641340, Fort Bend County, TX",29.450042,-95.745781
BRZ-00992,"NSI Structure 122593927, Fort Bend County, TX",29.596198,-95.695989
BRZ-00993,"NSI Structure 122543112, Fort Bend County, TX",29.548174,-95.828279
BRZ-00994,"NSI Structure 122585965, Fort Bend County, TX",29.709704,-95.784785
BRZ-00995,"NSI Structure 122529414, Fort Bend County, TX",29.675653,-95.730983
BRZ-00996,"NSI Structure 122612223, Fort Bend County, TX",29.708782,-95.684996
BRZ-00997,"NSI Structure 123888820, Harris County, TX",29.699388,-95.611107
BRZ-00998,"NSI Structure 123460569, Harris County, TX",29.696804,-95.639412
BRZ-00999,"NSI Structure 122603567, Fort Bend County, TX",29.546939,-95.787536
BRZ-01000,"NSI Structure 122628755, Fort Bend County, TX",29.473249,-95.819394
BRZ-01001,"NSI Structure 122601239, Fort Bend County, TX",29.543838,-95.805532
BRZ-01002,"NSI Structure 122547966, Fort Bend County, TX",29.644778,-95.627998
BRZ-01003,"NSI Structure 122525190, Fort Bend County, TX",29.569141,-95.68311
BRZ-01004,"NSI Structure 122509404, Fort Bend County, TX",29.701831,-95.875116
BRZ-01005,"NSI Structure 122594288, Fort Bend County, TX",29.688428,-95.71444
BRZ-01006,"NSI Structure 122626999, Fort Bend County, TX",29.486709,-95.768986
BRZ-01007,"NSI Structure 122689704, Fort Bend County, TX",29.547624,-95.601094
BRZ-01008,"NSI Structure 122477728, Fort Bend County, TX",29.673707,-95.756928
BRZ-01009,"NSI Structure 122596395, Fort Bend County, TX",29.582941,-95.628619
BRZ-01010,"NSI Structure 122551710, Fort Bend County, TX",29.590817,-95.680981
BRZ-01011,"NSI Structure 122543269, Fort Bend County, TX",29.6351,-95.824445
BRZ-01012,"NSI Structure 123322849, Harris County, TX",29.69781,-95.635667
BRZ-01013,"NSI Structure 122629615, Fort Bend County, TX",29.512609,-95.821722
BRZ-01014,"NSI Structure 122622636, Fort Bend County, TX",29.529271,-95.728293
BRZ-01015,"NSI Structure 122598217, Fort Bend County, TX",29.58404,-95.773352
BRZ-01016,"NSI Structure 122615766, Fort Bend County, TX",29.555919,-95.79738
BRZ-01017,"NSI Structure 124736631, Harris County, TX",29.706827,-95.612121
BRZ-01018,"NSI Structure 122636723, Fort Bend County, TX",29.529562,-95.767908
BRZ-01019,"NSI Structure 122453906, Fort Bend County, TX",29.627016,-95.675659
BRZ-01020,"NSI Structure 122615222, Fort Bend County, TX",29.680582,-95.709501
BRZ-01021,"NSI Structure 122555183, Fort Bend County, TX",29.711059,-95.744865
BRZ-01022,"NSI Structure 122499830, Fort Bend County, TX",29.703377,-95.838571
BRZ-01023,"NSI Structure 122745137, Fort Bend County, TX",29.59494,-95.622217
BRZ-01024,"NSI Structure 122561352, Fort Bend County, TX",29.70136,-95.840551
BRZ-01025,"NSI Structure 122553750, Fort Bend County, TX",29.567198,-95.725898
BRZ-01026,"NSI Structure 122446443, Fort Bend County, TX",29.659425,-95.64043
BRZ-01027,"NSI Structure 124170838, Harris County, TX",29.684929,-95.620414
BRZ-01028,"NSI Structure 122586931, Fort Bend County, TX",29.713874,-95.830828
BRZ-01029,"NSI Structure 122452335, Fort Bend County, TX",29.70045,-95.671088
BRZ-01030,"NSI Structure 122589783, Fort Bend County, TX",29.572706,-95.74237
BRZ-01031,"NSI Structure 122596058, Fort Bend County, TX",29.701633,-95.860696
BRZ-01032,"NSI Structure 122615615, Fort Bend County, TX",29.559716,-95.799488
BRZ-01033,"NSI Structure 122485742, Fort Bend County, TX",29.571636,-95.781249
BRZ-01034,"NSI Structure 122488834, Fort Bend County, TX",29.550761,-95.794346
BRZ-01035,"NSI Structure 122585391, Fort Bend County, TX",29.694449,-95.75966
BRZ-01036,"NSI Structure 122619103, Fort Bend County, TX",29.656078,-95.701325
BRZ-01037,"NSI Structure 122455097, Fort Bend County, TX",29.651063,-95.660722
BRZ-01038,"NSI Structure 124058301, Harris County, TX",29.710031,-95.61444
BRZ-01039,"NSI Structure 122542304, Fort Bend County, TX",29.703425,-95.822428
BRZ-01040,"NSI Structure 123427633, Harris County, TX",29.699291,-95.648542
BRZ-01041,"NSI Structure 122554937, Fort Bend County, TX",29.536362,-95.736309
BRZ-01042,"NSI Structure 122566608, Fort Bend County, TX",29.695048,-95.676233
BRZ-01043,"NSI Structure 122557356, Fort Bend County, TX",29.546952,-95.771925
BRZ-01044,"NSI Structure 122460580, Fort Bend County, TX",29.625883,-95.697816
BRZ-01045,"NSI Structure 124364447, Harris County, TX",29.712229,-95.607815
BRZ-01046,"NSI Structure 122498277, Fort Bend County, TX",29.685069,-95.833751
BRZ-01047,"NSI Structure 122548330, Fort Bend County, TX",29.612494,-95.634685
BRZ-01048,"NSI Structure 123497353, Harris County, TX",29.683417,-95.63113
BRZ-01049,"NSI Structure 122565603, Fort Bend County, TX",29.664695,-95.650168
BRZ-01050,"NSI Structure 122448961, Fort Bend County, TX",29.641964,-95.653896
BRZ-01051,"NSI Structure 122567946, Fort Bend County, TX",29.691607,-95.697921
BRZ-01052,"NSI Structure 122569919, Fort Bend County, TX",29.598816,-95.751731
BRZ-01053,"NSI Structure 122563159, Fort Bend County, TX",29.705248,-95.87795
BRZ-01054,"NSI Structure 122584458, Fort Bend County, TX",29.699647,-95.728374
BRZ-01055,"NSI Structure 122462110, Fort Bend County, TX",29.694833,-95.69912
BRZ-01056,"NSI Structure 122665203, Fort Bend County, TX",29.605294,-95.606508
BRZ-01057,"NSI Structure 122476419, Fort Bend County, TX",29.696994,-95.744377
BRZ-01058,"NSI Structure 122625432, Fort Bend County, TX",29.522657,-95.744844
BRZ-01059,"NSI Structure 124759532, Harris County, TX",29.681099,-95.610392
BRZ-01060,"NSI Structure 122614860, Fort Bend County, TX",29.705886,-95.690522
BRZ-01061,"NSI Structure 122472967, Fort Bend County, TX",29.565212,-95.734297
BRZ-01062,"NSI Structure 123319477, Harris County, TX",29.7065,-95.628808
BRZ-01063,"NSI Structure 122616369, Fort Bend County, TX",29.611672,-95.625646
BRZ-01064,"NSI Structure 122626402, Fort Bend County, TX",29.499984,-95.770654
BRZ-01065,"NSI Structure 122486194, Fort Bend County, TX",29.713289,-95.786697
BRZ-01066,"NSI Structure 122640094, Fort Bend County, TX",29.460225,-95.808924
BRZ-01067,"NSI Structure 122547958, Fort Bend County, TX",29.644892,-95.630146
BRZ-01068,"NSI Structure 122471733, Fort Bend County, TX",29.647972,-95.735443
BRZ-01069,"NSI Structure 122603797, Fort Bend County, TX",29.70138,-95.811446
BRZ-01070,"NSI Structure 122473707, Fort Bend County, TX",29.564098,-95.747951
BRZ-01071,"NSI Structure 122599649, Fort Bend County, TX",29.630752,-95.644964
BRZ-01072,"NSI Structure 122476056, Fort Bend County, TX",29.591711,-95.750497
BRZ-01073,"NSI Structure 122520478, Fort Bend County, TX",29.686589,-95.649608
BRZ-01074,"NSI Structure 122591058, Fort Bend County, TX",29.543167,-95.789488
BRZ-01075,"NSI Structure 122475422, Fort Bend County, TX",29.63743,-95.74085
BRZ-01076,"NSI Structure 122542972, Fort Bend County, TX",29.701744,-95.83204
BRZ-01077,"NSI Structure 122574534, Fort Bend County, TX",29.666885,-95.626012
BRZ-01078,"NSI Structure 124759642, Harris County, TX",29.686319,-95.602884
BRZ-01079,"NSI Structure 122627127, Fort Bend County, TX",29.489053,-95.769
BRZ-01080,"NSI Structure 122521450, Fort Bend County, TX",29.585277,-95.662337
BRZ-01081,"NSI Structure 122530577, Fort Bend County, TX",29.702698,-95.736887
BRZ-01082,"NSI Structure 122682093, Fort Bend County, TX",29.593699,-95.613922
BRZ-01083,"NSI Structure 123510706, Harris County, TX",29.706005,-95.669583
BRZ-01084,"NSI Structure 122592619, Fort Bend County, TX",29.613565,-95.63318
BRZ-01085,"NSI Structure 122548636, Fort Bend County, TX",29.560253,-95.636895
BRZ-01086,"NSI Structure 122536728, Fort Bend County, TX",29.542392,-95.783758
BRZ-01087,"NSI Structure 122485251, Fort Bend County, TX",29.54568,-95.782294
BRZ-01088,"NSI Structure 122554453, Fort Bend County, TX",29.684529,-95.736879
BRZ-01089,"NSI Structure 122459110, Fort Bend County, TX",29.642111,-95.700935
BRZ-01090,"NSI Structure 122462955, Fort Bend County, TX",29.700874,-95.706682
BRZ-01091,"NSI Structure 122525236, Fort Bend County, TX",29.573351,-95.679802
BRZ-01092,"NSI Structure 122465779, Fort Bend County, TX",29.702248,-95.713316
BRZ-01093,"NSI Structure 123529407, Harris County, TX",29.700313,-95.636791
BRZ-01094,"NSI Structure 122593300, Fort Bend County, TX",29.695253,-95.66479
BRZ-01095,"NSI Structure 122695587, Fort Bend County, TX",29.584122,-95.609056
BRZ-01096,"NSI Structure 122599470, Fort Bend County, TX",29.599134,-95.633381
BRZ-01097,"NSI Structure 122591691, Fort Bend County, TX",29.717197,-95.820684
BRZ-01098,"NSI Structure 122695513, Fort Bend County, TX",29.594661,-95.608494
BRZ-01099,"NSI Structure 122636659, Fort Bend County, TX",29.497003,-95.764515
BRZ-01100,"NSI Structure 122565925, Fort Bend County, TX",29.678342,-95.658233
BRZ-01101,"NSI Structure 122479076, Fort Bend County, TX",29.687148,-95.751916
BRZ-01102,"NSI Structure 122635321, Fort Bend County, TX",29.516863,-95.711378
BRZ-01103,"NSI Structure 122593468, Fort Bend County, TX",29.566408,-95.676869
BRZ-01104,"NSI Structure 122600742, Fort Bend County, TX",29.600677,-95.753569
BRZ-01105,"NSI Structure 122572014, Fort Bend County, TX",29.689459,-95.796671
BRZ-01106,"NSI Structure 122494600, Fort Bend County, TX",29.698048,-95.823612
BRZ-01107,"NSI Structure 123341334, Harris County, TX",29.713552,-95.66845
BRZ-01108,"NSI Structure 122528304, Fort Bend County, TX",29.643055,-95.719737
BRZ-01109,"NSI Structure 122579617, Fort Bend County, TX",29.549357,-95.784396
BRZ-01110,"NSI Structure 122469408, Fort Bend County, TX",29.622973,-95.724494
BRZ-01111,"NSI Structure 122478092, Fort Bend County, TX",29.709483,-95.744603
BRZ-01112,"NSI Structure 122469305, Fort Bend County, TX",29.555247,-95.73691
BRZ-01113,"NSI Structure 122454404, Fort Bend County, TX",29.609752,-95.679007
BRZ-01114,"NSI Structure 123481803, Harris County, TX",29.693726,-95.636242
BRZ-01115,"NSI Structure 122470309, Fort Bend County, TX",29.649377,-95.731096
BRZ-01116,"NSI Structure 122526530, Fort Bend County, TX",29.56728,-95.690907
BRZ-01117,"NSI Structure 122452034, Fort Bend County, TX",29.592223,-95.673421
BRZ-01118,"NSI Structure 122578395, Fort Bend County, TX",29.599833,-95.748294
BRZ-01119,"NSI Structure 122487894, Fort Bend County, TX",29.574712,-95.800846
BRZ-01120,"NSI Structure 122450548, Fort Bend County, TX",29.674366,-95.658188
BRZ-01121,"NSI Structure 124168808, Harris County, TX",29.67033,-95.606667
BRZ-01122,"NSI Structure 122702511, Fort Bend County, TX",29.668538,-95.615938
BRZ-01123,"NSI Structure 123497220, Harris County, TX",29.680495,-95.63143
BRZ-01124,"NSI Structure 122602111, Fort Bend County, TX",29.557845,-95.656439
BRZ-01125,"NSI Structure 122566934, Fort Bend County, TX",29.614581,-95.689248
BRZ-01126,"NSI Structure 122531643, Fort Bend County, TX",29.537702,-95.727626
BRZ-01127,"NSI Structure 122483055, Fort Bend County, TX",29.636454,-95.766222
BRZ-01128,"NSI Structure 122644302, Fort Bend County, TX",29.526724,-95.730777
BRZ-01129,"NSI Structure 124061070, Harris County, TX",29.676739,-95.624913
BRZ-01130,"NSI Structure 122499828, Fort Bend County, TX",29.702772,-95.838566
BRZ-01131,"NSI Structure 122480158, Fort Bend County, TX",29.71217,-95.755431
BRZ-01132,"NSI Structure 122690573, Fort Bend County, TX",29.533895,-95.610605
BRZ-01133,"NSI Structure 122471004, Fort Bend County, TX",29.612194,-95.731126
BRZ-01134,"NSI Structure 122519667, Fort Bend County, TX",29.664156,-95.636225
BRZ-01135,"NSI Structure 122449786, Fort Bend County, TX",29.69183,-95.6596
BRZ-01136,"NSI Structure 122458228, Fort Bend County, TX",29.616395,-95.687907
BRZ-01137,"NSI Structure 122590043, Fort Bend County, TX",29.567142,-95.758081
BRZ-01138,"NSI Structure 122668175, Fort Bend County, TX",29.552544,-95.61341
BRZ-01139,"NSI Structure 123463679, Harris County, TX",29.696937,-95.659485
BRZ-01140,"NSI Structure 122477846, Fort Bend County, TX",29.685732,-95.762231
BRZ-01141,"NSI Structure 122549965, Fort Bend County, TX",29.596255,-95.661481
BRZ-01142,"NSI Structure 122616849, Fort Bend County, TX",29.705564,-95.789487
BRZ-01143,"NSI Structure 122629228, Fort Bend County, TX",29.526829,-95.821808
BRZ-01144,"NSI Structure 122579511, Fort Bend County, TX",29.704262,-95.780331
BRZ-01145,"NSI Structure 124737002, Harris County, TX",29.698397,-95.610938
BRZ-01146,"NSI Structure 122616752, Fort Bend County, TX",29.634635,-95.676021
BRZ-01147,"NSI Structure 122459008, Fort Bend County, TX",29.649321,-95.700916
BRZ-01148,"NSI Structure 122463245, Fort Bend County, TX",29.539853,-95.703422
BRZ-01149,"NSI Structure 122533222, Fort Bend County, TX",29.568471,-95.748923
BRZ-01150,"NSI Structure 122478059, Fort Bend County, TX",29.688614,-95.765066
BRZ-01151,"NSI Structure 122527630, Fort Bend County, TX",29.654654,-95.704563
BRZ-01152,"NSI Structure 122499051, Fort Bend County, TX",29.698184,-95.833253
BRZ-01153,"NSI Structure 122532043, Fort Bend County, TX",29.533268,-95.732012
BRZ-01154,"NSI Structure 122695380, Fort Bend County, TX",29.603397,-95.606436
BRZ-01155,"NSI Structure 122551886, Fort Bend County, TX",29.685337,-95.681704
BRZ-01156,"NSI Structure 122551743, Fort Bend County, TX",29.587977,-95.681867
BRZ-01157,"NSI Structure 122556702, Fort Bend County, TX",29.709605,-95.768929
BRZ-01158,"NSI Structure 122625643, Fort Bend County, TX",29.517692,-95.746478
BRZ-01159,"NSI Structure 122612251, Fort Bend County, TX",29.653641,-95.6848
BRZ-01160,"NSI Structure 122548502, Fort Bend County, TX",29.60893,-95.630571
BRZ-01161,"NSI Structure 124057465, Harris County, TX",29.716375,-95.614603
BRZ-01162,"NSI Structure 122482410, Fort Bend County, TX",29.65038,-95.762735
BRZ-01163,"NSI Structure 123316006, Harris County, TX",29.677537,-95.62352
BRZ-01164,"NSI Structure 123896061, Harris County, TX",29.694478,-95.622543
BRZ-01165,"NSI Structure 122575050, Fort Bend County, TX",29.599462,-95.634809
BRZ-01166,"NSI Structure 124736898, Harris County, TX",29.700689,-95.609085
BRZ-01167,"NSI Structure 122575501, Fort Bend County, TX",29.688503,-95.65569
BRZ-01168,"NSI Structure 122509199, Fort Bend County, TX",29.704933,-95.874175
BRZ-01169,"NSI Structure 124759583, Harris County, TX",29.683067,-95.605589
BRZ-01170,"NSI Structure 123430109, Harris County, TX",29.705137,-95.663958
BRZ-01171,"NSI Structure 122465678, Fort Bend County, TX",29.701798,-95.713941
BRZ-01172,"NSI Structure 122593606, Fort Bend County, TX",29.69187,-95.684362
BRZ-01173,"NSI Structure 123509594, Harris County, TX",29.692545,-95.655305
BRZ-01174,"NSI Structure 122527731, Fort Bend County, TX",29.553913,-95.705957
BRZ-01175,"NSI Structure 122680096, Fort Bend County, TX",29.573295,-95.600056
BRZ-01176,"NSI Structure 122592161, Fort Bend County, TX",29.703377,-95.855315
BRZ-01177,"NSI Structure 124061299, Harris County, TX",29.687265,-95.624222
BRZ-01178,"NSI Structure 122465682, Fort Bend County, TX",29.703972,-95.714181
BRZ-01179,"NSI Structure 122667085, Fort Bend County, TX",29.596404,-95.608143
BRZ-01180,"NSI Structure 122574699, Fort Bend County, TX",29.665407,-95.625623
BRZ-01181,"NSI Structure 122612700, Fort Bend County, TX",29.665055,-95.830786
BRZ-01182,"NSI Structure 122465774, Fort Bend County, TX",29.703467,-95.714236
BRZ-01183,"NSI Structure 122699721, Fort Bend County, TX",29.600382,-95.602545
BRZ-01184,"NSI Structure 122604582, Fort Bend County, TX",29.581628,-95.657533
BRZ-01185,"NSI Structure 122459797, Fort Bend County, TX",29.590257,-95.692449
BRZ-01186,"NSI Structure 122478850, Fort Bend County, TX",29.715931,-95.751552
BRZ-01187,"NSI Structure 123895547, Harris County, TX",29.679875,-95.619608
BRZ-01188,"NSI Structure 122478439, Fort Bend County, TX",29.653992,-95.75236
BRZ-01189,"NSI Structure 124759486, Harris County, TX",29.685676,-95.603881
BRZ-01190,"NSI Structure 122566791, Fort Bend County, TX",29.699808,-95.684545
BRZ-01191,"NSI Structure 122476698, Fort Bend County, TX",29.609929,-95.748376
BRZ-01192,"NSI Structure 122632764, Fort Bend County, TX",29.496544,-95.813056
BRZ-01193,"NSI Structure 122518573, Fort Bend County, TX",29.643357,-95.629395
BRZ-01194,"NSI Structure 122502198, Fort Bend County, TX",29.699661,-95.853564
BRZ-01195,"NSI Structure 124054738, Harris County, TX",29.699482,-95.605376
BRZ-01196,"NSI Structure 122473550, Fort Bend County, TX",29.570917,-95.73505
BRZ-01197,"NSI Structure 122454358, Fort Bend County, TX",29.607873,-95.682483
BRZ-01198,"NSI Structure 124314453, Harris County, TX",29.677912,-95.609751
BRZ-01199,"NSI Structure 122549821, Fort Bend County, TX",29.583964,-95.659454
BRZ-01200,"NSI Structure 122633490, Fort Bend County, TX",29.499757,-95.830838
BRZ-01201,"NSI Structure 124736406, Harris County, TX",29.708539,-95.610945
BRZ-01202,"NSI Structure 122612750, Fort Bend County, TX",29.570197,-95.626489
BRZ-01203,"NSI Structure 122579128, Fort Bend County, TX",29.578789,-95.767481
BRZ-01204,"NSI Structure 122702651, Fort Bend County, TX",29.642098,-95.624248
BRZ-01205,"NSI Structure 123344521, Harris County, TX",29.707225,-95.676194
BRZ-01206,"NSI Structure 122455505, Fort Bend County, TX",29.557041,-95.674595
BRZ-01207,"NSI Structure 122570943, Fort Bend County, TX",29.620964,-95.773525
BRZ-01208,"NSI Structure 122616459, Fort Bend County, TX",29.590364,-95.770261
BRZ-01209,"NSI Structure 122470688, Fort Bend County, TX",29.68451,-95.728907
BRZ-01210,"NSI Structure 123498442, Harris County, TX",29.699108,-95.645102
BRZ-01211,"NSI Structure 122668116, Fort Bend County, TX",29.610864,-95.615248
BRZ-01212,"NSI Structure 122444154, Fort Bend County, TX",29.570182,-95.62727
BRZ-01213,"NSI Structure 122453872, Fort Bend County, TX",29.683759,-95.679382
BRZ-01214,"NSI Structure 122499855, Fort Bend County, TX",29.703754,-95.838497
BRZ-01215,"NSI Structure 122464062, Fort Bend County, TX",29.689483,-95.708746
BRZ-01216,"NSI Structure 123340768, Harris County, TX",29.715079,-95.670574
BRZ-01217,"NSI Structure 122668616, Fort Bend County, TX",29.543837,-95.618675
BRZ-01218,"NSI Structure 122625348, Fort Bend County, TX",29.521054,-95.750894
BRZ-01219,"NSI Structure 123497367, Harris County, TX",29.681135,-95.632042
BRZ-01220,"NSI Structure 122518776, Fort Bend County, TX",29.660619,-95.621722
BRZ-01221,"NSI Structure 122451383, Fort Bend County, TX",29.544259,-95.664229
BRZ-01222,"NSI Structure 122532674, Fort Bend County, TX",29.647308,-95.744791
BRZ-01223,"NSI Structure 123324776, Harris County, TX",29.696029,-95.641025
BRZ-01224,"NSI Structure 122568163, Fort Bend County, TX",29.561758,-95.708677
BRZ-01225,"NSI Structure 122509493, Fort Bend County, TX",29.708638,-95.882265
BRZ-01226,"NSI Structure 122575119, Fort Bend County, TX",29.658128,-95.637988
BRZ-01227,"NSI Structure 122612847, Fort Bend County, TX",29.596925,-95.684333
BRZ-01228,"NSI Structure 122479532, Fort Bend County, TX",29.672694,-95.760432
BRZ-01229,"NSI Structure 122450506, Fort Bend County, TX",29.673236,-95.661541
BRZ-01230,"NSI Structure 122601210, Fort Bend County, TX",29.54992,-95.802465
BRZ-01231,"NSI Structure 123887445, Harris County, TX",29.71015,-95.612721
BRZ-01232,"NSI Structure 123316032, Harris County, TX",29.678457,-95.625237
BRZ-01233,"NSI Structure 124364345, Harris County, TX",29.672025,-95.605595
BRZ-01234,"NSI Structure 122528943, Fort Bend County, TX",29.679294,-95.728486
BRZ-01235,"NSI Structure 122570915, Fort Bend County, TX",29.705899,-95.771133
BRZ-01236,"NSI Structure 122479336, Fort Bend County, TX",29.636481,-95.754169
BRZ-01237,"NSI Structure 122449910, Fort Bend County, TX",29.691218,-95.661824
BRZ-01238,"NSI Structure 122528062, Fort Bend County, TX",29.559729,-95.708441
BRZ-01239,"NSI Structure 122544393, Fort Bend County, TX",29.702144,-95.84323
BRZ-01240,"NSI Structure 122467066, Fort Bend County, TX",29.688189,-95.719657
BRZ-01241,"NSI Structure 122545643, Fort Bend County, TX",29.708787,-95.857962
BRZ-01242,"NSI Structure 122527431, Fort Bend County, TX",29.556278,-95.697908
BRZ-01243,"NSI Structure 122595346, Fort Bend County, TX",29.70613,-95.792671
BRZ-01244,"NSI Structure 122717391, Fort Bend County, TX",29.535877,-95.613805
BRZ-01245,"NSI Structure 122704450, Fort Bend County, TX",29.581246,-95.605201
BRZ-01246,"NSI Structure 124315464, Harris County, TX",29.688114,-95.615969
BRZ-01247,"NSI Structure 122599496, Fort Bend County, TX",29.658851,-95.636829
BRZ-01248,"NSI Structure 122583257, Fort Bend County, TX",29.704601,-95.678754
BRZ-01249,"NSI Structure 122457482, Fort Bend County, TX",29.576043,-95.686124
BRZ-01250,"NSI Structure 122490438, Fort Bend County, TX",29.704725,-95.814131
BRZ-01251,"NSI Structure 124060967, Harris County, TX",29.695826,-95.622705
BRZ-01252,"NSI Structure 122539583, Fort Bend County, TX",29.547225,-95.79823
BRZ-01253,"NSI Structure 122640961, Fort Bend County, TX",29.516993,-95.73258
BRZ-01254,"NSI Structure 122484488, Fort Bend County, TX",29.587592,-95.77807
BRZ-01255,"NSI Structure 122536437, Fort Bend County, TX",29.640513,-95.787443
BRZ-01256,"NSI Structure 122478701, Fort Bend County, TX",29.660229,-95.749172
BRZ-01257,"NSI Structure 123524113, Harris County, TX",29.70699,-95.65742
BRZ-01258,"NSI Structure 122566627, Fort Bend County, TX",29.691449,-95.675547
BRZ-01259,"NSI Structure 122460342, Fort Bend County, TX",29.537878,-95.694835
BRZ-01260,"NSI Structure 122475947, Fort Bend County, TX",29.60819,-95.744722
BRZ-01261,"NSI Structure 122524722, Fort Bend County, TX",29.646358,-95.682236
BRZ-01262,"NSI Structure 122560842, Fort Bend County, TX",29.71969,-95.830806
BRZ-01263,"NSI Structure 122476525, Fort Bend County, TX",29.699471,-95.750837
BRZ-01264,"NSI Structure 122581764, Fort Bend County, TX",29.679596,-95.633918
BRZ-01265,"NSI Structure 122467820, Fort Bend County, TX",29.634995,-95.724135
BRZ-01266,"NSI Structure 122550299, Fort Bend County, TX",29.593394,-95.66852
BRZ-01267,"NSI Structure 122481945, Fort Bend County, TX",29.644361,-95.761939
BRZ-01268,"NSI Structure 123480948, Harris County, TX",29.698328,-95.63406
BRZ-01269,"NSI Structure 122568418, Fort Bend County, TX",29.562952,-95.70716
BRZ-01270,"NSI Structure 123890394, Harris County, TX",29.695706,-95.609287
BRZ-01271,"NSI Structure 122552724, Fort Bend County, TX",29.536607,-95.692558
BRZ-01272,"NSI Structure 122583221, Fort Bend County, TX",29.56874,-95.673136
BRZ-01273,"NSI Structure 122450450, Fort Bend County, TX",29.670841,-95.676504
BRZ-01274,"NSI Structure 122467371, Fort Bend County, TX",29.642985,-95.731922
BRZ-01275,"NSI Structure 122592155, Fort Bend County, TX",29.703098,-95.852707
BRZ-01276,"NSI Structure 122632781, Fort Bend County, TX",29.488321,-95.814843
BRZ-01277,"NSI Structure 122530392, Fort Bend County, TX",29.651377,-95.737581
BRZ-01278,"NSI Structure 122463164, Fort Bend County, TX",29.543352,-95.708001
BRZ-01279,"NSI Structure 122603353, Fort Bend County, TX",29.696768,-95.783645
BRZ-01280,"NSI Structure 122593711, Fort Bend County, TX",29.665709,-95.685169
BRZ-01281,"NSI Structure 122472116, Fort Bend County, TX",29.679422,-95.73819
BRZ-01282,"NSI Structure 122582872, Fort Bend County, TX",29.67813,-95.665784
BRZ-01283,"NSI Structure 122608633, Fort Bend County, TX",29.668506,-95.726757
BRZ-01284,"NSI Structure 122547944, Fort Bend County, TX",29.644987,-95.629721
BRZ-01285,"NSI Structure 122552892, Fort Bend County, TX",29.590431,-95.6955
BRZ-01286,"NSI Structure 122565855, Fort Bend County, TX",29.694157,-95.658753
BRZ-01287,"NSI Structure 122568049, Fort Bend County, TX",29.554561,-95.700202
BRZ-01288,"NSI Structure 123499796, Harris County, TX",29.697031,-95.662177
BRZ-01289,"NSI Structure 122447670, Fort Bend County, TX",29.656236,-95.644349
BRZ-01290,"NSI Structure 122454968, Fort Bend County, TX",29.651615,-95.666398
BRZ-01291,"NSI Structure 122705967, Fort Bend County, TX",29.544583,-95.610535
BRZ-01292,"NSI Structure 122618442, Fort Bend County, TX",29.531098,-95.763215
BRZ-01293,"NSI Structure 122511374, Fort Bend County, TX",29.681955,-95.899019
BRZ-01294,"NSI Structure 122612979, Fort Bend County, TX",29.579811,-95.76552
BRZ-01295,"NSI Structure 122500208, Fort Bend County, TX",29.704913,-95.842189
BRZ-01296,"NSI Structure 122455424, Fort Bend County, TX",29.666322,-95.678965
BRZ-01297,"NSI Structure 122668717, Fort Bend County, TX",29.634873,-95.62164
BRZ-01298,"NSI Structure 122484249, Fort Bend County, TX",29.552187,-95.776656
BRZ-01299,"NSI Structure 122635129, Fort Bend County, TX",29.450539,-95.665679
BRZ-01300,"NSI Structure 122713755, Fort Bend County, TX",29.577991,-95.605098
BRZ-01301,"NSI Structure 122464223, Fort Bend County, TX",29.689638,-95.710383
BRZ-01302,"NSI Structure 122465984, Fort Bend County, TX",29.544936,-95.715962
BRZ-01303,"NSI Structure 122541036, Fort Bend County, TX",29.563311,-95.81194
BRZ-01304,"NSI Structure 122465516, Fort Bend County, TX",29.633291,-95.708538
BRZ-01305,"NSI Structure 122529373, Fort Bend County, TX",29.676904,-95.727148
BRZ-01306,"NSI Structure 123497179, Harris County, TX",29.680499,-95.631734
BRZ-01307,"NSI Structure 122543338, Fort Bend County, TX",29.63331,-95.825096
BRZ-01308,"NSI Structure 123338303, Harris County, TX",29.712584,-95.665317
BRZ-01309,"NSI Structure 122589285, Fort Bend County, TX",29.697946,-95.717401
BRZ-01310,"NSI Structure 122617085, Fort Bend County, TX",29.564877,-95.615457
BRZ-01311,"NSI Structure 124251382, Harris County, TX",29.713342,-95.60915
BRZ-01312,"NSI Structure 122596621, Fort Bend County, TX",29.534529,-95.652068
BRZ-01313,"NSI Structure 122578951, Fort Bend County, TX",29.692145,-95.755077
BRZ-01314,"NSI Structure 122490236, Fort Bend County, TX",29.621711,-95.805376
BRZ-01315,"NSI Structure 122556625, Fort Bend County, TX",29.708981,-95.76772
BRZ-01316,"NSI Structure 122565506, Fort Bend County, TX",29.633172,-95.645992
BRZ-01317,"NSI Structure 122641574, Fort Bend County, TX",29.488762,-95.856827
BRZ-01318,"NSI Structure 122532949, Fort Bend County, TX",29.608531,-95.745685
BRZ-01319,"NSI Structure 122461029, Fort Bend County, TX",29.591923,-95.696873
BRZ-01320,"NSI Structure 122464037, Fort Bend County, TX",29.697456,-95.712192
BRZ-01321,"NSI Structure 122530024, Fort Bend County, TX",29.62058,-95.731939
BRZ-01322,"NSI Structure 122582873, Fort Bend County, TX",29.678817,-95.666113
BRZ-01323,"NSI Structure 124607850, Harris County, TX",29.716189,-95.602353
BRZ-01324,"NSI Structure 123894924, Harris County, TX",29.681947,-95.620377
BRZ-01325,"NSI Structure 122585722, Fort Bend County, TX",29.552916,-95.776924
BRZ-01326,"NSI Structure 123480935, Harris County, TX",29.682195,-95.631562
BRZ-01327,"NSI Structure 122476420, Fort Bend County, TX",29.696439,-95.744706
BRZ-01328,"NSI Structure 122682642, Fort Bend County, TX",29.641922,-95.622399
BRZ-01329,"NSI Structure 122689812, Fort Bend County, TX",29.539425,-95.607534
BRZ-01330,"NSI Structure 122633273, Fort Bend County, TX",29.451407,-95.896423
BRZ-01331,"NSI Structure 123895553, Harris County, TX",29.678776,-95.62081
BRZ-01332,"NSI Structure 122456855, Fort Bend County, TX",29.661183,-95.683935
BRZ-01333,"NSI Structure 123896264, Harris County, TX",29.702067,-95.62359
BRZ-01334,"NSI Structure 122489193, Fort Bend County, TX",29.538448,-95.801497
BRZ-01335,"NSI Structure 122572015, Fort Bend County, TX",29.689692,-95.796202
BRZ-01336,"NSI Structure 122482017, Fort Bend County, TX",29.64417,-95.759054
BRZ-01337,"NSI Structure 122563122, Fort Bend County, TX",29.661345,-95.876283
BRZ-01338,"NSI Structure 122469644, Fort Bend County, TX",29.689065,-95.725758
BRZ-01339,"NSI Structure 122628248, Fort Bend County, TX",29.469573,-95.805199
BRZ-01340,"NSI Structure 122548148, Fort Bend County, TX",29.607814,-95.629313
BRZ-01341,"NSI Structure 122471365, Fort Bend County, TX",29.624722,-95.73272
BRZ-01342,"NSI Structure 122604415, Fort Bend County, TX",29.656672,-95.63319
BRZ-01343,"NSI Structure 122497248, Fort Bend County, TX",29.683134,-95.834914
BRZ-01344,"NSI Structure 122453554, Fort Bend County, TX",29.630086,-95.676221
BRZ-01345,"NSI Structure 122578758, Fort Bend County, TX",29.610918,-95.745341
BRZ-01346,"NSI Structure 122682599, Fort Bend County, TX",29.643678,-95.620772
BRZ-01347,"NSI Structure 122529789, Fort Bend County, TX",29.558478,-95.732016
BRZ-01348,"NSI Structure 124314469, Harris County, TX",29.677802,-95.609589
BRZ-01349,"NSI Structure 122711184, Fort Bend County, TX",29.575523,-95.617916
BRZ-01350,"NSI Structure 122713033, Fort Bend County, TX",29.559746,-95.61523
BRZ-01351,"NSI Structure 122522409, Fort Bend County, TX",29.647595,-95.661688
BRZ-01352,"NSI Structure 123498462, Harris County, TX",29.697428,-95.645206
BRZ-01353,"NSI Structure 122631614, Fort Bend County, TX",29.45702,-95.846438
BRZ-01354,"NSI Structure 122579629, Fort Bend County, TX",29.69161,-95.786861
BRZ-01355,"NSI Structure 122444280, Fort Bend County, TX",29.619193,-95.6257
BRZ-01356,"NSI Structure 122551128, Fort Bend County, TX",29.68259,-95.677577
BRZ-01357,"NSI Structure 122553124, Fort Bend County, TX",29.56407,-95.713649
BRZ-01358,"NSI Structure 122479492, Fort Bend County, TX",29.667048,-95.750724
BRZ-01359,"NSI Structure 122563104, Fort Bend County, TX",29.661547,-95.874284
BRZ-01360,"NSI Structure 122488578, Fort Bend County, TX",29.608864,-95.793307
BRZ-01361,"NSI Structure 122682865, Fort Bend County, TX",29.646521,-95.621845
BRZ-01362,"NSI Structure 122469893, Fort Bend County, TX",29.631286,-95.72713
BRZ-01363,"NSI Structure 122622055, Fort Bend County, TX",29.510834,-95.717473
BRZ-01364,"NSI Structure 122523235, Fort Bend County, TX",29.68541,-95.67224
BRZ-01365,"NSI Structure 122448295, Fort Bend County, TX",29.585677,-95.65135
BRZ-01366,"NSI Structure 122458014, Fort Bend County, TX",29.698668,-95.685594
BRZ-01367,"NSI Structure 122578631, Fort Bend County, TX",29.586915,-95.741788
BRZ-01368,"NSI Structure 123343279, Harris County, TX",29.705386,-95.669916
BRZ-01369,"NSI Structure 122606333, Fort Bend County, TX",29.552021,-95.691599
BRZ-01370,"NSI Structure 123497831, Harris County, TX",29.707904,-95.635449
BRZ-01371,"NSI Structure 122449477, Fort Bend County, TX",29.655102,-95.650717
BRZ-01372,"NSI Structure 122591535, Fort Bend County, TX",29.705535,-95.818796
BRZ-01373,"NSI Structure 122444135, Fort Bend County, TX",29.570403,-95.629091
BRZ-01374,"NSI Structure 124170501, Harris County, TX",29.678732,-95.616191
BRZ-01375,"NSI Structure 122582781, Fort Bend County, TX",29.682843,-95.667922
BRZ-01376,"NSI Structure 123429186, Harris County, TX",29.694419,-95.658463
BRZ-01377,"NSI Structure 123430750, Harris County, TX",29.718254,-95.661316
BRZ-01378,"NSI Structure 122461585, Fort Bend County, TX",29.678311,-95.714388
BRZ-01379,"NSI Structure 122533779, Fort Bend County, TX",29.714765,-95.752923
BRZ-01380,"NSI Structure 122681521, Fort Bend County, TX",29.587648,-95.606938
BRZ-01381,"NSI Structure 123519391, Harris County, TX",29.71602,-95.673378
BRZ-01382,"NSI Structure 122600650, Fort Bend County, TX",29.697841,-95.74056
BRZ-01383,"NSI Structure 122452552, Fort Bend County, TX",29.647523,-95.66848
BRZ-01384,"NSI Structure 124364274, Harris County, TX",29.668104,-95.603886
BRZ-01385,"NSI Structure 122603530, Fort Bend County, TX",29.704644,-95.784479
BRZ-01386,"NSI Structure 122461712, Fort Bend County, TX",29.680343,-95.70597
BRZ-01387,"NSI Structure 122587196, Fort Bend County, TX",29.708395,-95.839634
BRZ-01388,"NSI Structure 122475321, Fort Bend County, TX",29.685129,-95.739477
BRZ-01389,"NSI Structure 123460176, Harris County, TX",29.683347,-95.63685
BRZ-01390,"NSI Structure 124057499, Harris County, TX",29.692892,-95.612944
BRZ-01391,"NSI Structure 122666885, Fort Bend County, TX",29.5822,-95.606436
BRZ-01392,"NSI Structure 122569234, Fort Bend County, TX",29.557828,-95.732084
BRZ-01393,"NSI Structure 122492798, Fort Bend County, TX",29.666377,-95.805624
BRZ-01394,"NSI Structure 122570719, Fort Bend County, TX",29.697751,-95.773478
BRZ-01395,"NSI Structure 122624489, Fort Bend County, TX",29.528624,-95.736585
BRZ-01396,"NSI Structure 122623560, Fort Bend County, TX",29.525483,-95.734561
BRZ-01397,"NSI Structure 122578418, Fort Bend County, TX",29.598484,-95.748142
BRZ-01398,"NSI Structure 122629688, Fort Bend County, TX",29.510537,-95.831719
BRZ-01399,"NSI Structure 122481885, Fort Bend County, TX",29.64564,-95.762892
BRZ-01400,"NSI Structure 122695809, Fort Bend County, TX",29.591912,-95.610147
BRZ-01401,"NSI Structure 122532829, Fort Bend County, TX",29.686093,-95.743386
BRZ-01402,"NSI Structure 124055401, Harris County, TX",29.698151,-95.606627
BRZ-01403,"NSI Structure 122616983, Fort Bend County, TX",29.672405,-95.627651
BRZ-01404,"NSI Structure 122564732, Fort Bend County, TX",29.662965,-95.631951
BRZ-01405,"NSI Structure 122472335, Fort Bend County, TX",29.679449,-95.737283
BRZ-01406,"NSI Structure 122512446, Fort Bend County, TX",29.686463,-95.887669
BRZ-01407,"NSI Structure 122459958, Fort Bend County, TX",29.546445,-95.693406
BRZ-01408,"NSI Structure 122570596, Fort Bend County, TX",29.628226,-95.765677
BRZ-01409,"NSI Structure 124759687, Harris County, TX",29.685233,-95.602722
BRZ-01410,"NSI Structure 122455615, Fort Bend County, TX",29.566302,-95.678234
BRZ-01411,"NSI Structure 122524971, Fort Bend County, TX",29.587392,-95.692558
BRZ-01412,"NSI Structure 124057443, Harris County, TX",29.713959,-95.614408
BRZ-01413,"NSI Structure 122520848, Fort Bend County, TX",29.680212,-95.651907
BRZ-01414,"NSI Structure 122529385, Fort Bend County, TX",29.677682,-95.730019
BRZ-01415,"NSI Structure 122577246, Fort Bend County, TX",29.560178,-95.712997
BRZ-01416,"NSI Structure 122525853, Fort Bend County, TX",29.615228,-95.689786
BRZ-01417,"NSI Structure 122601130, Fort Bend County, TX",29.719651,-95.794095
BRZ-01418,"NSI Structure 122504214, Fort Bend County, TX",29.71643,-95.867385
BRZ-01419,"NSI Structure 122552904, Fort Bend County, TX",29.59022,-95.696248
BRZ-01420,"NSI Structure 122531802, Fort Bend County, TX",29.541834,-95.739068
BRZ-01421,"NSI Structure 122579703, Fort Bend County, TX",29.692314,-95.787918
BRZ-01422,"NSI Structure 124056870, Harris County, TX",29.692913,-95.611435
BRZ-01423,"NSI Structure 122551177, Fort Bend County, TX",29.691652,-95.679262
BRZ-01424,"NSI Structure 124526238, Harris County, TX",29.712501,-95.609833
BRZ-01425,"NSI Structure 122522220, Fort Bend County, TX",29.697076,-95.666307
BRZ-01426,"NSI Structure 122628012, Fort Bend County, TX",29.510806,-95.801352
BRZ-01427,"NSI Structure 122533591, Fort Bend County, TX",29.657111,-95.749218
BRZ-01428,"NSI Structure 122618702, Fort Bend County, TX",29.560195,-95.797817
BRZ-01429,"NSI Structure 123484351, Harris County, TX",29.713197,-95.663392
BRZ-01430,"NSI Structure 122638766, Fort Bend County, TX",29.530705,-95.707997
BRZ-01431,"NSI Structure 123460090, Harris County, TX",29.6854,-95.635394
BRZ-01432,"NSI Structure 122531008, Fort Bend County, TX",29.613773,-95.735041
BRZ-01433,"NSI Structure 122595147, Fort Bend County, TX",29.685649,-95.787039
BRZ-01434,"NSI Structure 122637570, Fort Bend County, TX",29.469189,-95.82508
BRZ-01435,"NSI Structure 122547618, Fort Bend County, TX",29.66972,-95.627103
BRZ-01436,"NSI Structure 122548966, Fort Bend County, TX",29.580991,-95.638887
BRZ-01437,"NSI Structure 122537226, Fort Bend County, TX",29.710816,-95.784721
BRZ-01438,"NSI Structure 122603040, Fort Bend County, TX",29.679998,-95.750298
BRZ-01439,"NSI Structure 122527176, Fort Bend County, TX",29.553833,-95.69626
BRZ-01440,"NSI Structure 122582576, Fort Bend County, TX",29.587656,-95.660836
BRZ-01441,"NSI Structure 122584875, Fort Bend County, TX",29.700082,-95.746077
BRZ-01442,"NSI Structure 122448873, Fort Bend County, TX",29.640197,-95.654323
BRZ-01443,"NSI Structure 122699763, Fort Bend County, TX",29.656611,-95.604817
BRZ-01444,"NSI Structure 122636498, Fort Bend County, TX",29.515243,-95.779283
BRZ-01445,"NSI Structure 122461476, Fort Bend County, TX",29.678962,-95.699391
BRZ-01446,"NSI Structure 124251852, Harris County, TX",29.687447,-95.613378
BRZ-01447,"NSI Structure 122477834, Fort Bend County, TX",29.685271,-95.751021
BRZ-01448,"NSI Structure 122482763, Fort Bend County, TX",29.708494,-95.767197
BRZ-01449,"NSI Structure 122520719, Fort Bend County, TX",29.66177,-95.647201
BRZ-01450,"NSI Structure 122600341, Fort Bend County, TX",29.711361,-95.731906
BRZ-01451,"NSI Structure 122465942, Fort Bend County, TX",29.542628,-95.713293
BRZ-01452,"NSI Structure 122554320, Fort Bend County, TX",29.640857,-95.73515
BRZ-01453,"NSI Structure 122583927, Fort Bend County, TX",29.656347,-95.7043
BRZ-01454,"NSI Structure 122635369, Fort Bend County, TX",29.532542,-95.720585
BRZ-01455,"NSI Structure 122534370, Fort Bend County, TX",29.690741,-95.754578
BRZ-01456,"NSI Structure 122639660, Fort Bend County, TX",29.526296,-95.818731
BRZ-01457,"NSI Structure 122531427, Fort Bend County, TX",29.619848,-95.736631
BRZ-01458,"NSI Structure 123887289, Harris County, TX",29.708956,-95.611365
BRZ-01459,"NSI Structure 124058305, Harris County, TX",29.708181,-95.614339
BRZ-01460,"NSI Structure 122501704, Fort Bend County, TX",29.712071,-95.847285
BRZ-01461,"NSI Structure 122561544, Fort Bend County, TX",29.717869,-95.840467
BRZ-01462,"NSI Structure 122570097, Fort Bend County, TX",29.705999,-95.757811
BRZ-01463,"NSI Structure 122564336, Fort Bend County, TX",29.631281,-95.635841
BRZ-01464,"NSI Structure 122521718, Fort Bend County, TX",29.59889,-95.663982
BRZ-01465,"NSI Structure 124170764, Harris County, TX",29.691612,-95.618723
BRZ-01466,"NSI Structure 122638792, Fort Bend County, TX",29.460999,-95.660818
BRZ-01467,"NSI Structure 122473266, Fort Bend County, TX",29.570588,-95.73309
BRZ-01468,"NSI Structure 123433407, Harris County, TX",29.714161,-95.6766
BRZ-01469,"NSI Structure 122640229, Fort Bend County, TX",29.508903,-95.812095
BRZ-01470,"NSI Structure 123421200, Harris County, TX",29.678057,-95.629462
BRZ-01471,"NSI Structure 122582696, Fort Bend County, TX",29.584464,-95.666632
BRZ-01472,"NSI Structure 122458539, Fort Bend County, TX",29.548105,-95.689097
BRZ-01473,"NSI Structure 123536064, Harris County, TX",29.698623,-95.626869
BRZ-01474,"NSI Structure 122553948, Fort Bend County, TX",29.647606,-95.727536
BRZ-01475,"NSI Structure 122521328, Fort Bend County, TX",29.685346,-95.660842
BRZ-01476,"NSI Structure 122454319, Fort Bend County, TX",29.608907,-95.679993
BRZ-01477,"NSI Structure 122535434, Fort Bend County, TX",29.714504,-95.763258
BRZ-01478,"NSI Structure 122481238, Fort Bend County, TX",29.646174,-95.765143
BRZ-01479,"NSI Structure 122451173, Fort Bend County, TX",29.57789,-95.660659
BRZ-01480,"NSI Structure 122549491, Fort Bend County, TX",29.589943,-95.653651
BRZ-01481,"NSI Structure 124439283, Harris County, TX",29.675685,-95.61759
BRZ-01482,"NSI Structure 122468525, Fort Bend County, TX",29.633124,-95.72211
BRZ-01483,"NSI Structure 122569343, Fort Bend County, TX",29.696877,-95.734525
BRZ-01484,"NSI Structure 122609655, Fort Bend County, TX",29.539137,-95.687143
BRZ-01485,"NSI Structure 122665165, Fort Bend County, TX",29.607795,-95.60262
BRZ-01486,"NSI Structure 122461503, Fort Bend County, TX",29.673154,-95.69005
BRZ-01487,"NSI Structure 122624289, Fort Bend County, TX",29.530282,-95.733422
BRZ-01488,"NSI Structure 123895543, Harris County, TX",29.680032,-95.619963
BRZ-01489,"NSI Structure 122682944, Fort Bend County, TX",29.635926,-95.625063
BRZ-01490,"NSI Structure 122478789, Fort Bend County, TX",29.718704,-95.752923
BRZ-01491,"NSI Structure 122464847, Fort Bend County, TX",29.692964,-95.71059
BRZ-01492,"NSI Structure 122536983, Fort Bend County, TX",29.707403,-95.781785
BRZ-01493,"NSI Structure 122592574, Fort Bend County, TX",29.678636,-95.632415
BRZ-01494,"NSI Structure 122552549, Fort Bend County, TX",29.626245,-95.688211
BRZ-01495,"NSI Structure 122463597, Fort Bend County, TX",29.696774,-95.705845
BRZ-01496,"NSI Structure 122452363, Fort Bend County, TX",29.699747,-95.672172
BRZ-01497,"NSI Structure 122462172, Fort Bend County, TX",29.694103,-95.698504
BRZ-01498,"NSI Structure 122624107, Fort Bend County, TX",29.511437,-95.737061
BRZ-01499,"NSI Structure 122460786, Fort Bend County, TX",29.632081,-95.696475
BRZ-01500,"NSI Structure 122610859, Fort Bend County, TX",29.690079,-95.674641
BRZ-01501,"NSI Structure 123480430, Harris County, TX",29.693304,-95.627677
BRZ-01502,"NSI Structure 122449082, Fort Bend County, TX",29.595588,-95.655984
BRZ-01503,"NSI Structure 122743343, Fort Bend County, TX",29.625976,-95.638124
BRZ-01504,"NSI Structure 122638754, Fort Bend County, TX",29.526024,-95.708456
BRZ-01505,"NSI Structure 122480163, Fort Bend County, TX",29.711434,-95.756346
BRZ-01506,"NSI Structure 122541466, Fort Bend County, TX",29.694552,-95.827184
BRZ-01507,"NSI Structure 122590107, Fort Bend County, TX",29.687851,-95.761514
BRZ-01508,"NSI Structure 123464667, Harris County, TX",29.712138,-95.669567
BRZ-01509,"NSI Structure 122495023, Fort Bend County, TX",29.54066,-95.824225
BRZ-01510,"NSI Structure 122524412, Fort Bend County, TX",29.546289,-95.680248
BRZ-01511,"NSI Structure 122526885, Fort Bend County, TX",29.701409,-95.695027
BRZ-01512,"NSI Structure 122568909, Fort Bend County, TX",29.615492,-95.724527
BRZ-01513,"NSI Structure 122453121, Fort Bend County, TX",29.692451,-95.673781
BRZ-01514,"NSI Structure 122490268, Fort Bend County, TX",29.621623,-95.80346
BRZ-01515,"NSI Structure 122527605, Fort Bend County, TX",29.654587,-95.703873
BRZ-01516,"NSI Structure 122524789, Fort Bend County, TX",29.54566,-95.684814
BRZ-01517,"NSI Structure 122520828, Fort Bend County, TX",29.662217,-95.65052
BRZ-01518,"NSI Structure 122475005, Fort Bend County, TX",29.671866,-95.740368
BRZ-01519,"NSI Structure 122695367, Fort Bend County, TX",29.537729,-95.605112
BRZ-01520,"NSI Structure 122599546, Fort Bend County, TX",29.652782,-95.638187
BRZ-01521,"NSI Structure 122466921, Fort Bend County, TX",29.690181,-95.727234
BRZ-01522,"NSI Structure 122457028, Fort Bend County, TX",29.654298,-95.685662
BRZ-01523,"NSI Structure 122474340, Fort Bend County, TX",29.615387,-95.740088
BRZ-01524,"NSI Structure 122568415, Fort Bend County, TX",29.562497,-95.70949
BRZ-01525,"NSI Structure 122542211, Fort Bend County, TX",29.705863,-95.820999
BRZ-01526,"NSI Structure 122461084, Fort Bend County, TX",29.59378,-95.696905
BRZ-01527,"NSI Structure 122480615, Fort Bend County, TX",29.580067,-95.756737
BRZ-01528,"NSI Structure 122540340, Fort Bend County, TX",29.601134,-95.806476
BRZ-01529,"NSI Structure 122460698, Fort Bend County, TX",29.625613,-95.697131
BRZ-01530,"NSI Structure 122744052, Fort Bend County, TX",29.538564,-95.678762
BRZ-01531,"NSI Structure 122481978, Fort Bend County, TX",29.641009,-95.760499
BRZ-01532,"NSI Structure 122448376, Fort Bend County, TX",29.582458,-95.654054
BRZ-01533,"NSI Structure 122606316, Fort Bend County, TX",29.550079,-95.690116
BRZ-01534,"NSI Structure 122509486, Fort Bend County, TX",29.716012,-95.871494
BRZ-01535,"NSI Structure 122477451, Fort Bend County, TX",29.608531,-95.748677
BRZ-01536,"NSI Structure 122553284, Fort Bend County, TX",29.680778,-95.722948
BRZ-01537,"NSI Structure 122584084, Fort Bend County, TX",29.660518,-95.706965
BRZ-01538,"NSI Structure 122555186, Fort Bend County, TX",29.710986,-95.745852
BRZ-01539,"NSI Structure 122482332, Fort Bend County, TX",29.547152,-95.764339
BRZ-01540,"NSI Structure 122524111, Fort Bend County, TX",29.599054,-95.676468
BRZ-01541,"NSI Structure 122453835, Fort Bend County, TX",29.681577,-95.674782
BRZ-01542,"NSI Structure 122555290, Fort Bend County, TX",29.680293,-95.750825
BRZ-01543,"NSI Structure 123498620, Harris County, TX",29.693482,-95.646512
BRZ-01544,"NSI Structure 122680684, Fort Bend County, TX",29.597675,-95.600667
BRZ-01545,"NSI Structure 122555532, Fort Bend County, TX",29.682604,-95.746005
BRZ-01546,"NSI Structure 122667505, Fort Bend County, TX",29.56298,-95.615131
BRZ-01547,"NSI Structure 122554345, Fort Bend County, TX",29.61289,-95.736852
BRZ-01548,"NSI Structure 122460125, Fort Bend County, TX",29.704848,-95.699144
BRZ-01549,"NSI Structure 122743770, Fort Bend County, TX",29.560837,-95.727434
BRZ-01550,"NSI Structure 122680673, Fort Bend County, TX",29.597822,-95.600524
BRZ-01551,"NSI Structure 122473614, Fort Bend County, TX",29.561292,-95.74409
BRZ-01552,"NSI Structure 122629210, Fort Bend County, TX",29.525464,-95.817548
BRZ-01553,"NSI Structure 122598408, Fort Bend County, TX",29.544696,-95.792649
BRZ-01554,"NSI Structure 122628426, Fort Bend County, TX",29.513129,-95.81486
BRZ-01555,"NSI Structure 122745161, Fort Bend County, TX",29.593971,-95.612438
BRZ-01556,"NSI Structure 122587319, Fort Bend County, TX",29.716573,-95.854271
BRZ-01557,"NSI Structure 122481581, Fort Bend County, TX",29.636843,-95.763564
BRZ-01558,"NSI Structure 122445089, Fort Bend County, TX",29.570474,-95.634326
BRZ-01559,"NSI Structure 122443503, Fort Bend County, TX",29.655525,-95.624847
BRZ-01560,"NSI Structure 122527951, Fort Bend County, TX",29.642806,-95.711252
BRZ-01561,"NSI Structure 122454991, Fort Bend County, TX",29.666015,-95.678582
BRZ-01562,"NSI Structure 122681682, Fort Bend County, TX",29.542458,-95.608424
BRZ-01563,"NSI Structure 122605592, Fort Bend County, TX",29.686774,-95.820751
BRZ-01564,"NSI Structure 122597067, Fort Bend County, TX",29.69159,-95.675079
BRZ-01565,"NSI Structure 122578683, Fort Bend County, TX",29.5926,-95.743141
BRZ-01566,"NSI Structure 122550999, Fort Bend County, TX",29.617879,-95.676524
BRZ-01567,"NSI Structure 122519582, Fort Bend County, TX",29.574516,-95.636972
BRZ-01568,"NSI Structure 122471995, Fort Bend County, TX",29.671035,-95.733205
BRZ-01569,"NSI Structure 122568495, Fort Bend County, TX",29.70048,-95.717043
BRZ-01570,"NSI Structure 122466746, Fort Bend County, TX",29.691225,-95.720662
BRZ-01571,"NSI Structure 122497372, Fort Bend County, TX",29.666805,-95.833486
BRZ-01572,"NSI Structure 122624408, Fort Bend County, TX",29.525183,-95.720652
BRZ-01573,"NSI Structure 122532042, Fort Bend County, TX",29.534975,-95.7303
BRZ-01574,"NSI Structure 122471161, Fort Bend County, TX",29.710938,-95.742619
BRZ-01575,"NSI Structure 122578507, Fort Bend County, TX",29.693002,-95.745201
BRZ-01576,"NSI Structure 122525547, Fort Bend County, TX",29.576113,-95.685032
BRZ-01577,"NSI Structure 122666982, Fort Bend County, TX",29.595378,-95.613159
BRZ-01578,"NSI Structure 122461588, Fort Bend County, TX",29.678572,-95.699728
BRZ-01579,"NSI Structure 122624930, Fort Bend County, TX",29.521764,-95.742173
BRZ-01580,"NSI Structure 122493597, Fort Bend County, TX",29.544317,-95.814814
BRZ-01581,"NSI Structure 122541491, Fort Bend County, TX",29.69504,-95.824017
BRZ-01582,"NSI Structure 122502245, Fort Bend County, TX",29.701643,-95.857432
BRZ-01583,"NSI Structure 122494618, Fort Bend County, TX",29.697083,-95.8243
BRZ-01584,"NSI Structure 122592564, Fort Bend County, TX",29.677843,-95.63143
BRZ-01585,"NSI Structure 122558853, Fort Bend County, TX",29.719195,-95.795321
BRZ-01586,"NSI Structure 122529671, Fort Bend County, TX",29.670793,-95.730386
BRZ-01587,"NSI Structure 122588437, Fort Bend County, TX",29.639271,-95.664091
BRZ-01588,"NSI Structure 123483188, Harris County, TX",29.71366,-95.647849
BRZ-01589,"NSI Structure 122451997, Fort Bend County, TX",29.591506,-95.674278
BRZ-01590,"NSI Structure 122570324, Fort Bend County, TX",29.672721,-95.759757
BRZ-01591,"NSI Structure 122448309, Fort Bend County, TX",29.586245,-95.649822
BRZ-01592,"NSI Structure 122553351, Fort Bend County, TX",29.670437,-95.720644
BRZ-01593,"NSI Structure 122614244, Fort Bend County, TX",29.695872,-95.663211
BRZ-01594,"NSI Structure 122529271, Fort Bend County, TX",29.676542,-95.727945
BRZ-01595,"NSI Structure 122667368, Fort Bend County, TX",29.657566,-95.608452
BRZ-01596,"NSI Structure 122531886, Fort Bend County, TX",29.537021,-95.7297
BRZ-01597,"NSI Structure 122576557, Fort Bend County, TX",29.536126,-95.686554
BRZ-01598,"NSI Structure 122622793, Fort Bend County, TX",29.518248,-95.717188
BRZ-01599,"NSI Structure 122579585, Fort Bend County, TX",29.637653,-95.785242
BRZ-01600,"NSI Structure 122444456, Fort Bend County, TX",29.614616,-95.623079
BRZ-01601,"NSI Structure 122619879, Fort Bend County, TX",29.553086,-95.819381
BRZ-01602,"NSI Structure 122491716, Fort Bend County, TX",29.688378,-95.808313
BRZ-01603,"NSI Structure 122501628, Fort Bend County, TX",29.70961,-95.850597
BRZ-01604,"NSI Structure 123530040, Harris County, TX",29.708133,-95.655993
BRZ-01605,"NSI Structure 122600726, Fort Bend County, TX",29.600078,-95.750716
BRZ-01606,"NSI Structure 122554842, Fort Bend County, TX",29.537621,-95.738802
BRZ-01607,"NSI Structure 122484216, Fort Bend County, TX",29.555541,-95.775724
BRZ-01608,"NSI Structure 122592100, Fort Bend County, TX",29.703154,-95.852893
BRZ-01609,"NSI Structure 122477712, Fort Bend County, TX",29.667865,-95.749044
BRZ-01610,"NSI Structure 122551654, Fort Bend County, TX",29.694606,-95.679991
BRZ-01611,"NSI Structure 122706047, Fort Bend County, TX",29.581365,-95.621132
BRZ-01612,"NSI Structure 123887306, Harris County, TX",29.707885,-95.606811
BRZ-01613,"NSI Structure 124169312, Harris County, TX",29.706537,-95.609662
BRZ-01614,"NSI Structure 123882337, Harris County, TX",29.671634,-95.604116
BRZ-01615,"NSI Structure 122707620, Fort Bend County, TX",29.625799,-95.61896
BRZ-01616,"NSI Structure 122475571, Fort Bend County, TX",29.650502,-95.74033
BRZ-01617,"NSI Structure 122533947, Fort Bend County, TX",29.659985,-95.754589
BRZ-01618,"NSI Structure 123427519, Harris County, TX",29.691709,-95.648727
BRZ-01619,"NSI Structure 122550729, Fort Bend County, TX",29.689405,-95.670477
BRZ-01620,"NSI Structure 122475076, Fort Bend County, TX",29.672186,-95.741339
BRZ-01621,"NSI Structure 122600110, Fort Bend County, TX",29.697379,-95.699273
BRZ-01622,"NSI Structure 124315331, Harris County, TX",29.698976,-95.617298
BRZ-01623,"NSI Structure 122467437, Fort Bend County, TX",29.631641,-95.724491
BRZ-01624,"NSI Structure 122689767, Fort Bend County, TX",29.547608,-95.600358
BRZ-01625,"NSI Structure 124316171, Harris County, TX",29.688134,-95.618188
BRZ-01626,"NSI Structure 122610965, Fort Bend County, TX",29.6598,-95.696727
BRZ-01627,"NSI Structure 122535038, Fort Bend County, TX",29.672413,-95.808305
BRZ-01628,"NSI Structure 122454087, Fort Bend County, TX",29.568307,-95.674989
BRZ-01629,"NSI Structure 122666438, Fort Bend County, TX",29.563082,-95.604634
BRZ-01630,"NSI Structure 122451092, Fort Bend County, TX",29.581999,-95.664039
BRZ-01631,"NSI Structure 122474198, Fort Bend County, TX",29.615501,-95.740419
BRZ-01632,"NSI Structure 122471971, Fort Bend County, TX",29.671794,-95.735664
BRZ-01633,"NSI Structure 122474406, Fort Bend County, TX",29.614476,-95.741274
BRZ-01634,"NSI Structure 122523655, Fort Bend County, TX",29.675092,-95.673211
BRZ-01635,"NSI Structure 122458483, Fort Bend County, TX",29.700636,-95.69152
BRZ-01636,"NSI Structure 122625322, Fort Bend County, TX",29.523356,-95.746705
BRZ-01637,"NSI Structure 122464349, Fort Bend County, TX",29.685888,-95.701248
BRZ-01638,"NSI Structure 123895556, Harris County, TX",29.678432,-95.620161
BRZ-01639,"NSI Structure 122623933, Fort Bend County, TX",29.510347,-95.737095
BRZ-01640,"NSI Structure 122598658, Fort Bend County, TX",29.593879,-95.807517
BRZ-01641,"NSI Structure 122480632, Fort Bend County, TX",29.577059,-95.758483
BRZ-01642,"NSI Structure 122593732, Fort Bend County, TX",29.687019,-95.684599
BRZ-01643,"NSI Structure 122484068, Fort Bend County, TX",29.706021,-95.774733
BRZ-01644,"NSI Structure 122538985, Fort Bend County, TX",29.554122,-95.788564
BRZ-01645,"NSI Structure 122528835, Fort Bend County, TX",29.609882,-95.732873
BRZ-01646,"NSI Structure 122518804, Fort Bend County, TX",29.661496,-95.627158
BRZ-01647,"NSI Structure 122553467, Fort Bend County, TX",29.680208,-95.723772
BRZ-01648,"NSI Structure 122615155, Fort Bend County, TX",29.709201,-95.837569
BRZ-01649,"NSI Structure 122623735, Fort Bend County, TX",29.509187,-95.737099
BRZ-01650,"NSI Structure 122574089, Fort Bend County, TX",29.693484,-95.898621
BRZ-01651,"NSI Structure 122565461, Fort Bend County, TX",29.658927,-95.64422
BRZ-01652,"NSI Structure 122479232, Fort Bend County, TX",29.620815,-95.743938
BRZ-01653,"NSI Structure 122624085, Fort Bend County, TX",29.508242,-95.736933
BRZ-01654,"NSI Structure 122521985, Fort Bend County, TX",29.55307,-95.66485
BRZ-01655,"NSI Structure 122493008, Fort Bend County, TX",29.540942,-95.812562
BRZ-01656,"NSI Structure 122584249, Fort Bend County, TX",29.568024,-95.713391
BRZ-01657,"NSI Structure 122620566, Fort Bend County, TX",29.578881,-95.761329
BRZ-01658,"NSI Structure 122575735, Fort Bend County, TX",29.6821,-95.663945
BRZ-01659,"NSI Structure 122534066, Fort Bend County, TX",29.668857,-95.751347
BRZ-01660,"NSI Structure 122543111, Fort Bend County, TX",29.548846,-95.830047
BRZ-01661,"NSI Structure 122459632, Fort Bend County, TX",29.586462,-95.684492
BRZ-01662,"NSI Structure 122451051, Fort Bend County, TX",29.582129,-95.660474
BRZ-01663,"NSI Structure 122665256, Fort Bend County, TX",29.602337,-95.601633
BRZ-01664,"NSI Structure 122551847, Fort Bend County, TX",29.547094,-95.684101
BRZ-01665,"NSI Structure 122574650, Fort Bend County, TX",29.662937,-95.62676
BRZ-01666,"NSI Structure 122577161, Fort Bend County, TX",29.539733,-95.700419
BRZ-01667,"NSI Structure 122666457, Fort Bend County, TX",29.587238,-95.604276
BRZ-01668,"NSI Structure 122496766, Fort Bend County, TX",29.545709,-95.83295
BRZ-01669,"NSI Structure 122695642, Fort Bend County, TX",29.577491,-95.6092
BRZ-01670,"NSI Structure 122454716, Fort Bend County, TX",29.60093,-95.67985
BRZ-01671,"NSI Structure 122469109, Fort Bend County, TX",29.562768,-95.731377
BRZ-01672,"NSI Structure 122448271, Fort Bend County, TX",29.683523,-95.654044
BRZ-01673,"NSI Structure 122472956, Fort Bend County, TX",29.566189,-95.738657
BRZ-01674,"NSI Structure 122524505, Fort Bend County, TX",29.549527,-95.676051
BRZ-01675,"NSI Structure 122666464, Fort Bend County, TX",29.587425,-95.604269
BRZ-01676,"NSI Structure 122622961, Fort Bend County, TX",29.531242,-95.728674
BRZ-01677,"NSI Structure 122599743, Fort Bend County, TX",29.593977,-95.655929
BRZ-01678,"NSI Structure 122523844, Fort Bend County, TX",29.547621,-95.672775
BRZ-01679,"NSI Structure 122449747, Fort Bend County, TX",29.691808,-95.660672
BRZ-01680,"NSI Structure 122460710, Fort Bend County, TX",29.634971,-95.694583
BRZ-01681,"NSI Structure 122628556, Fort Bend County, TX",29.502079,-95.765205
BRZ-01682,"NSI Structure 122682951, Fort Bend County, TX",29.635842,-95.626318
BRZ-01683,"NSI Structure 122548642, Fort Bend County, TX",29.67896,-95.637556
BRZ-01684,"NSI Structure 122458543, Fort Bend County, TX",29.548664,-95.689289
BRZ-01685,"NSI Structure 122443308, Fort Bend County, TX",29.626729,-95.627311
BRZ-01686,"NSI Structure 122485544, Fort Bend County, TX",29.57358,-95.786362
BRZ-01687,"NSI Structure 122452585, Fort Bend County, TX",29.638784,-95.674461
BRZ-01688,"NSI Structure 122566475, Fort Bend County, TX",29.546964,-95.667724
BRZ-01689,"NSI Structure 122455240, Fort Bend County, TX",29.657239,-95.67678
BRZ-01690,"NSI Structure 122498922, Fort Bend County, TX",29.690957,-95.828497
BRZ-01691,"NSI Structure 122571179, Fort Bend County, TX",29.583852,-95.775615
BRZ-01692,"NSI Structure 122518501, Fort Bend County, TX",29.673005,-95.628718
BRZ-01693,"NSI Structure 122470385, Fort Bend County, TX",29.647547,-95.732192
BRZ-01694,"NSI Structure 122521770, Fort Bend County, TX",29.691744,-95.665694
BRZ-01695,"NSI Structure 122460161, Fort Bend County, TX",29.706657,-95.691532
BRZ-01696,"NSI Structure 123424812, Harris County, TX",29.697834,-95.639616
BRZ-01697,"NSI Structure 122713814, Fort Bend County, TX",29.665998,-95.611574
BRZ-01698,"NSI Structure 122581016, Fort Bend County, TX",29.71877,-95.841883
BRZ-01699,"NSI Structure 122468711, Fort Bend County, TX",29.656147,-95.72155
BRZ-01700,"NSI Structure 122496547, Fort Bend County, TX",29.711279,-95.827389
BRZ-01701,"NSI Structure 122745111, Fort Bend County, TX",29.5953,-95.622396
BRZ-01702,"NSI Structure 122484447, Fort Bend County, TX",29.568754,-95.774311
BRZ-01703,"NSI Structure 122560900, Fort Bend County, TX",29.690086,-95.832233
BRZ-01704,"NSI Structure 122472775, Fort Bend County, TX",29.571925,-95.742297
BRZ-01705,"NSI Structure 122638959, Fort Bend County, TX",29.5345,-95.752885
BRZ-01706,"NSI Structure 122615253, Fort Bend County, TX",29.587337,-95.773537
BRZ-01707,"NSI Structure 122623452, Fort Bend County, TX",29.514198,-95.726625
BRZ-01708,"NSI Structure 122487857, Fort Bend County, TX",29.588699,-95.805864
BRZ-01709,"NSI Structure 122521054, Fort Bend County, TX",29.687239,-95.656074
BRZ-01710,"NSI Structure 122533607, Fort Bend County, TX",29.655248,-95.748415
BRZ-01711,"NSI Structure 122541200, Fort Bend County, TX",29.719259,-95.818434
BRZ-01712,"NSI Structure 123499001, Harris County, TX",29.707937,-95.649032
BRZ-01713,"NSI Structure 122666028, Fort Bend County, TX",29.5377,-95.602639
BRZ-01714,"NSI Structure 123336312, Harris County, TX",29.713286,-95.659776
BRZ-01715,"NSI Structure 122668085, Fort Bend County, TX",29.60984,-95.615763
BRZ-01716,"NSI Structure 122606699, Fort Bend County, TX",29.555676,-95.788064
BRZ-01717,"NSI Structure 122632643, Fort Bend County, TX",29.488898,-95.814935
BRZ-01718,"NSI Structure 122521250, Fort Bend County, TX",29.589495,-95.657423
BRZ-01719,"NSI Structure 122526169, Fort Bend County, TX",29.694509,-95.688614
BRZ-01720,"NSI Structure 122626131, Fort Bend County, TX",29.495401,-95.767242
BRZ-01721,"NSI Structure 122604747, Fort Bend County, TX",29.674971,-95.668719
BRZ-01722,"NSI Structure 122529149, Fort Bend County, TX",29.616517,-95.733727
BRZ-01723,"NSI Structure 122452444, Fort Bend County, TX",29.692353,-95.672124
BRZ-01724,"NSI Structure 122481295, Fort Bend County, TX",29.642202,-95.761844
BRZ-01725,"NSI Structure 122543629, Fort Bend County, TX",29.705058,-95.83671
BRZ-01726,"NSI Structure 122474729, Fort Bend County, TX",29.672114,-95.737886
BRZ-01727,"NSI Structure 122552944, Fort Bend County, TX",29.658753,-95.697655
BRZ-01728,"NSI Structure 122508812, Fort Bend County, TX",29.715007,-95.87205
BRZ-01729,"NSI Structure 122520630, Fort Bend County, TX",29.662288,-95.648445
BRZ-01730,"NSI Structure 122520783, Fort Bend County, TX",29.657497,-95.65051
BRZ-01731,"NSI Structure 124170268, Harris County, TX",29.700432,-95.613291
BRZ-01732,"NSI Structure 122464247, Fort Bend County, TX",29.694485,-95.710659
BRZ-01733,"NSI Structure 122618416, Fort Bend County, TX",29.532572,-95.767512
BRZ-01734,"NSI Structure 122607378, Fort Bend County, TX",29.547216,-95.686395
BRZ-01735,"NSI Structure 122460215, Fort Bend County, TX",29.703271,-95.694321
BRZ-01736,"NSI Structure 122461952, Fort Bend County, TX",29.681038,-95.707252
BRZ-01737,"NSI Structure 122567783, Fort Bend County, TX",29.548036,-95.693656
BRZ-01738,"NSI Structure 122449062, Fort Bend County, TX",29.594489,-95.656087
BRZ-01739,"NSI Structure 124526808, Harris County, TX",29.695445,-95.621995
BRZ-01740,"NSI Structure 122447647, Fort Bend County, TX",29.663888,-95.646809
BRZ-01741,"NSI Structure 124365344, Harris County, TX",29.698586,-95.61763
BRZ-01742,"NSI Structure 122443533, Fort Bend County, TX",29.579522,-95.627588
BRZ-01743,"NSI Structure 122600043, Fort Bend County, TX",29.651964,-95.68801
BRZ-01744,"NSI Structure 122636285, Fort Bend County, TX",29.526729,-95.735407
BRZ-01745,"NSI Structure 122608151, Fort Bend County, TX",29.700939,-95.833053
BRZ-01746,"NSI Structure 122508489, Fort Bend County, TX",29.712148,-95.878743
BRZ-01747,"NSI Structure 122564893, Fort Bend County, TX",29.58269,-95.634705
BRZ-01748,"NSI Structure 122490157, Fort Bend County, TX",29.548555,-95.802718
BRZ-01749,"NSI Structure 122576975, Fort Bend County, TX",29.659129,-95.693209
BRZ-01750,"NSI Structure 122565665, Fort Bend County, TX",29.687562,-95.652412
BRZ-01751,"NSI Structure 122543080, Fort Bend County, TX",29.549109,-95.830684
BRZ-01752,"NSI Structure 122470767, Fort Bend County, TX",29.685328,-95.733217
BRZ-01753,"NSI Structure 122474435, Fort Bend County, TX",29.540068,-95.738622
BRZ-01754,"NSI Structure 122582621, Fort Bend County, TX",29.544734,-95.661587
BRZ-01755,"NSI Structure 122668264, Fort Bend County, TX",29.660474,-95.612812
BRZ-01756,"NSI Structure 122614110, Fort Bend County, TX",29.712063,-95.868069
BRZ-01757,"NSI Structure 122462969, Fort Bend County, TX",29.702527,-95.702819
BRZ-01758,"NSI Structure 122551448, Fort Bend County, TX",29.545326,-95.679441
BRZ-01759,"NSI Structure 122602640, Fort Bend County, TX",29.561858,-95.720618
BRZ-01760,"NSI Structure 122484943, Fort Bend County, TX",29.689788,-95.777473
BRZ-01761,"NSI Structure 122743027, Fort Bend County, TX",29.551525,-95.806054
BRZ-01762,"NSI Structure 122555591, Fort Bend County, TX",29.7192,-95.750694
BRZ-01763,"NSI Structure 122497544, Fort Bend County, TX",29.678274,-95.817533
BRZ-01764,"NSI Structure 122491392, Fort Bend County, TX",29.689401,-95.804181
BRZ-01765,"NSI Structure 122633565, Fort Bend County, TX",29.507362,-95.836184
BRZ-01766,"NSI Structure 122585145, Fort Bend County, TX",29.688549,-95.749875
BRZ-01767,"NSI Structure 122467657, Fort Bend County, TX",29.645714,-95.723846
BRZ-01768,"NSI Structure 123500366, Harris County, TX",29.701389,-95.66683
BRZ-01769,"NSI Structure 122455791, Fort Bend County, TX",29.664473,-95.679848
BRZ-01770,"NSI Structure 122595455, Fort Bend County, TX",29.549854,-95.802911
BRZ-01771,"NSI Structure 124760083, Harris County, TX",29.668458,-95.600376
BRZ-01772,"NSI Structure 122503121, Fort Bend County, TX",29.547567,-95.868702
BRZ-01773,"NSI Structure 123497386, Harris County, TX",29.68279,-95.63385
BRZ-01774,"NSI Structure 122712046, Fort Bend County, TX",29.54726,-95.615569
BRZ-01775,"NSI Structure 122592835, Fort Bend County, TX",29.669199,-95.634419
BRZ-01776,"NSI Structure 122535564, Fort Bend County, TX",29.714262,-95.766537
BRZ-01777,"NSI Structure 122543136, Fort Bend County, TX",29.548155,-95.830683
BRZ-01778,"NSI Structure 122448284, Fort Bend County, TX",29.583435,-95.655746
BRZ-01779,"NSI Structure 122470472, Fort Bend County, TX",29.697043,-95.727291
BRZ-01780,"NSI Structure 123532957, Harris County, TX",29.679997,-95.632431
BRZ-01781,"NSI Structure 122477794, Fort Bend County, TX",29.685746,-95.760815
BRZ-01782,"NSI Structure 122501801, Fort Bend County, TX",29.715173,-95.850133
BRZ-01783,"NSI Structure 124526217, Harris County, TX",29.711587,-95.610464
BRZ-01784,"NSI Structure 122551045, Fort Bend County, TX",29.687003,-95.678383
BRZ-01785,"NSI Structure 122533228, Fort Bend County, TX",29.567154,-95.748285
BRZ-01786,"NSI Structure 122463634, Fort Bend County, TX",29.693726,-95.711164
BRZ-01787,"NSI Structure 122463695, Fort Bend County, TX",29.684705,-95.706702
BRZ-01788,"NSI Structure 124737337, Harris County, TX",29.689516,-95.613596
BRZ-01789,"NSI Structure 124759636, Harris County, TX",29.675779,-95.617032
BRZ-01790,"NSI Structure 122611918, Fort Bend County, TX",29.556726,-95.802722
BRZ-01791,"NSI Structure 122467673, Fort Bend County, TX",29.640763,-95.726753
BRZ-01792,"NSI Structure 122487739, Fort Bend County, TX",29.560244,-95.795004
BRZ-01793,"NSI Structure 122680592, Fort Bend County, TX",29.650158,-95.605544
BRZ-01794,"NSI Structure 122466861, Fort Bend County, TX",29.690139,-95.729731
BRZ-01795,"NSI Structure 122636692, Fort Bend County, TX",29.497172,-95.765148
BRZ-01796,"NSI Structure 122551851, Fort Bend County, TX",29.547971,-95.68249
BRZ-01797,"NSI Structure 122523559, Fort Bend County, TX",29.679589,-95.672135
BRZ-01798,"NSI Structure 122450297, Fort Bend County, TX",29.671958,-95.676419
BRZ-01799,"NSI Structure 122444634, Fort Bend County, TX",29.649232,-95.630378
BRZ-01800,"NSI Structure 122528627, Fort Bend County, TX",29.620289,-95.722493
BRZ-01801,"NSI Structure 122472880, Fort Bend County, TX",29.570249,-95.732064
BRZ-01802,"NSI Structure 122581884, Fort Bend County, TX",29.558395,-95.631254
BRZ-01803,"NSI Structure 122695639, Fort Bend County, TX",29.576863,-95.609488
BRZ-01804,"NSI Structure 122504269, Fort Bend County, TX",29.718206,-95.861708
BRZ-01805,"NSI Structure 122645204, Fort Bend County, TX",29.456141,-95.660757
BRZ-01806,"NSI Structure 122600759, Fort Bend County, TX",29.599662,-95.750609
BRZ-01807,"NSI Structure 122484048, Fort Bend County, TX",29.711524,-95.771079
BRZ-01808,"NSI Structure 122501797, Fort Bend County, TX",29.717019,-95.851161
BRZ-01809,"NSI Structure 122539411, Fort Bend County, TX",29.693074,-95.797094
BRZ-01810,"NSI Structure 122528223, Fort Bend County, TX",29.557377,-95.720664
BRZ-01811,"NSI Structure 122584419, Fort Bend County, TX",29.698532,-95.728283
BRZ-01812,"NSI Structure 122553064, Fort Bend County, TX",29.678303,-95.713028
BRZ-01813,"NSI Structure 122493582, Fort Bend County, TX",29.544065,-95.819125
BRZ-01814,"NSI Structure 122512413, Fort Bend County, TX",29.661867,-95.885984
BRZ-01815,"NSI Structure 122499627, Fort Bend County, TX",29.563594,-95.842379
BRZ-01816,"NSI Structure 122595289, Fort Bend County, TX",29.545259,-95.791783
BRZ-01817,"NSI Structure 122598273, Fort Bend County, TX",29.564843,-95.778699
BRZ-01818,"NSI Structure 122589387, Fort Bend County, TX",29.608054,-95.726115
BRZ-01819,"NSI Structure 122489228, Fort Bend County, TX",29.539028,-95.799667
BRZ-01820,"NSI Structure 122611937, Fort Bend County, TX",29.554359,-95.816177
BRZ-01821,"NSI Structure 122551968, Fort Bend County, TX",29.552974,-95.683734
BRZ-01822,"NSI Structure 122593934, Fort Bend County, TX",29.596762,-95.695651
BRZ-01823,"NSI Structure 122556522, Fort Bend County, TX",29.710903,-95.762912
BRZ-01824,"NSI Structure 122461831, Fort Bend County, TX",29.678274,-95.707634
BRZ-01825,"NSI Structure 122626093, Fort Bend County, TX",29.502441,-95.76012
BRZ-01826,"NSI Structure 122487262, Fort Bend County, TX",29.54415,-95.792024
BRZ-01827,"NSI Structure 122626453, Fort Bend County, TX",29.497603,-95.777935
BRZ-01828,"NSI Structure 124466248, Harris County, TX",29.689914,-95.615895
BRZ-01829,"NSI Structure 122622841, Fort Bend County, TX",29.522894,-95.728286
BRZ-01830,"NSI Structure 122447177, Fort Bend County, TX",29.571546,-95.645249
BRZ-01831,"NSI Structure 124250494, Harris County, TX",29.666129,-95.602303
BRZ-01832,"NSI Structure 123499378, Harris County, TX",29.695558,-95.655956
BRZ-01833,"NSI Structure 122681748, Fort Bend County, TX",29.544074,-95.608121
BRZ-01834,"NSI Structure 122519920, Fort Bend County, TX",29.669101,-95.641885
BRZ-01835,"NSI Structure 123458449, Harris County, TX",29.711008,-95.625644
BRZ-01836,"NSI Structure 123887308, Harris County, TX",29.708235,-95.611542
BRZ-01837,"NSI Structure 123344796, Harris County, TX",29.707288,-95.67568
BRZ-01838,"NSI Structure 122536363, Fort Bend County, TX",29.641118,-95.794833
BRZ-01839,"NSI Structure 122490421, Fort Bend County, TX",29.702083,-95.805508
BRZ-01840,"NSI Structure 122641886, Fort Bend County, TX",29.491447,-95.839324
BRZ-01841,"NSI Structure 122523156, Fort Bend County, TX",29.641192,-95.670889
BRZ-01842,"NSI Structure 122643214, Fort Bend County, TX",29.528606,-95.667149
BRZ-01843,"NSI Structure 122595422, Fort Bend County, TX",29.703045,-95.799163
BRZ-01844,"NSI Structure 122549830, Fort Bend County, TX",29.584735,-95.65819
BRZ-01845,"NSI Structure 122560381, Fort Bend County, TX",29.70869,-95.820372
BRZ-01846,"NSI Structure 122612465, Fort Bend County, TX",29.536112,-95.774278
BRZ-01847,"NSI Structure 122575662, Fort Bend County, TX",29.692474,-95.661548
BRZ-01848,"NSI Structure 122690543, Fort Bend County, TX",29.535673,-95.614981
BRZ-01849,"NSI Structure 122521123, Fort Bend County, TX",29.643537,-95.65804
BRZ-01850,"NSI Structure 122522116, Fort Bend County, TX",29.679745,-95.665199
BRZ-01851,"NSI Structure 122690017, Fort Bend County, TX",29.5597,-95.607217
BRZ-01852,"NSI Structure 122682438, Fort Bend County, TX",29.612096,-95.618027
BRZ-01853,"NSI Structure 123499372, Harris County, TX",29.694695,-95.65644
BRZ-01854,"NSI Structure 122474521, Fort Bend County, TX",29.693944,-95.739329
BRZ-01855,"NSI Structure 122549950, Fort Bend County, TX",29.573635,-95.662212
BRZ-01856,"NSI Structure 122528244, Fort Bend County, TX",29.557977,-95.722292
BRZ-01857,"NSI Structure 122590223, Fort Bend County, TX",29.638246,-95.768359
BRZ-01858,"NSI Structure 123896271, Harris County, TX",29.698538,-95.620065
BRZ-01859,"NSI Structure 122709455, Fort Bend County, TX",29.586746,-95.609538
BRZ-01860,"NSI Structure 122611785, Fort Bend County, TX",29.641286,-95.766008
BRZ-01861,"NSI Structure 122535398, Fort Bend County, TX",29.707657,-95.763145
BRZ-01862,"NSI Structure 122574779, Fort Bend County, TX",29.584452,-95.622551
BRZ-01863,"NSI Structure 122447562, Fort Bend County, TX",29.666277,-95.647758
BRZ-01864,"NSI Structure 122575659, Fort Bend County, TX",29.692507,-95.659044
BRZ-01865,"NSI Structure 122607896, Fort Bend County, TX",29.621969,-95.747663
BRZ-01866,"NSI Structure 122549234, Fort Bend County, TX",29.646125,-95.648847
BRZ-01867,"NSI Structure 122535333, Fort Bend County, TX",29.547296,-95.762317
BRZ-01868,"NSI Structure 122568222, Fort Bend County, TX",29.687029,-95.71133
BRZ-01869,"NSI Structure 124170738, Harris County, TX",29.709259,-95.618982
BRZ-01870,"NSI Structure 122616270, Fort Bend County, TX",29.612997,-95.621796
BRZ-01871,"NSI Structure 122520864, Fort Bend County, TX",29.678584,-95.651959
BRZ-01872,"NSI Structure 122454559, Fort Bend County, TX",29.608961,-95.676394
BRZ-01873,"NSI Structure 122593805, Fort Bend County, TX",29.543339,-95.689327
BRZ-01874,"NSI Structure 122518531, Fort Bend County, TX",29.642994,-95.628987
BRZ-01875,"NSI Structure 122492660, Fort Bend County, TX",29.712929,-95.809473
BRZ-01876,"NSI Structure 122622939, Fort Bend County, TX",29.525652,-95.731956
BRZ-01877,"NSI Structure 122590199, Fort Bend County, TX",29.701786,-95.766003
BRZ-01878,"NSI Structure 122583796, Fort Bend County, TX",29.697042,-95.695864
BRZ-01879,"NSI Structure 123886073, Harris County, TX",29.681169,-95.606563
BRZ-01880,"NSI Structure 122627672, Fort Bend County, TX",29.527395,-95.75728
BRZ-01881,"NSI Structure 122612335, Fort Bend County, TX",29.556276,-95.734188
BRZ-01882,"NSI Structure 122576048, Fort Bend County, TX",29.697869,-95.671833
BRZ-01883,"NSI Structure 122575288, Fort Bend County, TX",29.599629,-95.645601
BRZ-01884,"NSI Structure 123895580, Harris County, TX",29.678434,-95.619859
BRZ-01885,"NSI Structure 122479508, Fort Bend County, TX",29.667822,-95.755737
BRZ-01886,"NSI Structure 122622135, Fort Bend County, TX",29.534851,-95.719301
BRZ-01887,"NSI Structure 123343231, Harris County, TX",29.704017,-95.667914
BRZ-01888,"NSI Structure 123422205, Harris County, TX",29.700373,-95.629568
BRZ-01889,"NSI Structure 122605387, Fort Bend County, TX",29.686033,-95.785266
BRZ-01890,"NSI Structure 122499422, Fort Bend County, TX",29.648511,-95.842215
BRZ-01891,"NSI Structure 122500230, Fort Bend County, TX",29.705794,-95.842527
BRZ-01892,"NSI Structure 122499053, Fort Bend County, TX",29.697781,-95.833494
BRZ-01893,"NSI Structure 122467774, Fort Bend County, TX",29.64191,-95.734677
BRZ-01894,"NSI Structure 122626862, Fort Bend County, TX",29.520753,-95.751228
BRZ-01895,"NSI Structure 122498211, Fort Bend County, TX",29.680194,-95.834947
BRZ-01896,"NSI Structure 122705946, Fort Bend County, TX",29.597604,-95.610012
BRZ-01897,"NSI Structure 122466217, Fort Bend County, TX",29.678088,-95.717094
BRZ-01898,"NSI Structure 122473645, Fort Bend County, TX",29.568494,-95.728491
BRZ-01899,"NSI Structure 122603729, Fort Bend County, TX",29.716904,-95.810484
BRZ-01900,"NSI Structure 123419780, Harris County, TX",29.698784,-95.626396
BRZ-01901,"NSI Structure 122490961, Fort Bend County, TX",29.694469,-95.809144
BRZ-01902,"NSI Structure 122624090, Fort Bend County, TX",29.51066,-95.737961
BRZ-01903,"NSI Structure 122695784, Fort Bend County, TX",29.591604,-95.61185
BRZ-01904,"NSI Structure 123509670, Harris County, TX",29.711687,-95.660134
BRZ-01905,"NSI Structure 122629689, Fort Bend County, TX",29.507871,-95.82424
BRZ-01906,"NSI Structure 122472021, Fort Bend County, TX",29.67115,-95.734861
BRZ-01907,"NSI Structure 122478568, Fort Bend County, TX",29.645916,-95.748986
BRZ-01908,"NSI Structure 124737045, Harris County, TX",29.701061,-95.606739
BRZ-01909,"NSI Structure 122521927, Fort Bend County, TX",29.558459,-95.666055
BRZ-01910,"NSI Structure 122743613, Fort Bend County, TX",29.57144,-95.789209
BRZ-01911,"NSI Structure 122446868, Fort Bend County, TX",29.623276,-95.641263
BRZ-01912,"NSI Structure 122511726, Fort Bend County, TX",29.677217,-95.893375
BRZ-01913,"NSI Structure 122602651, Fort Bend County, TX",29.560641,-95.719986
BRZ-01914,"NSI Structure 122619889, Fort Bend County, TX",29.531799,-95.745726
BRZ-01915,"NSI Structure 122600467, Fort Bend County, TX",29.5642,-95.734511
BRZ-01916,"NSI Structure 122466542, Fort Bend County, TX",29.701408,-95.71765
BRZ-01917,"NSI Structure 122603628, Fort Bend County, TX",29.63656,-95.796912
BRZ-01918,"NSI Structure 122521643, Fort Bend County, TX",29.601934,-95.663533
BRZ-01919,"NSI Structure 122459478, Fort Bend County, TX",29.586146,-95.68372
BRZ-01920,"NSI Structure 122667390, Fort Bend County, TX",29.656851,-95.609281
BRZ-01921,"NSI Structure 122465582, Fort Bend County, TX",29.701775,-95.715138
BRZ-01922,"NSI Structure 122493715, Fort Bend County, TX",29.687875,-95.816816
BRZ-01923,"NSI Structure 122549384, Fort Bend County, TX",29.687406,-95.65164
BRZ-01924,"NSI Structure 122553530, Fort Bend County, TX",29.561946,-95.723934
BRZ-01925,"NSI Structure 122536817, Fort Bend County, TX",29.54995,-95.778288
BRZ-01926,"NSI Structure 122611228, Fort Bend County, TX",29.565518,-95.784003
BRZ-01927,"NSI Structure 122524532, Fort Bend County, TX",29.549628,-95.679434
BRZ-01928,"NSI Structure 122536278, Fort Bend County, TX",29.717323,-95.774432
BRZ-01929,"NSI Structure 122598968, Fort Bend County, TX",29.719395,-95.837867
BRZ-01930,"NSI Structure 122477092, Fort Bend County, TX",29.673472,-95.746083
BRZ-01931,"NSI Structure 122542265, Fort Bend County, TX",29.70129,-95.822917
BRZ-01932,"NSI Structure 122522632, Fort Bend County, TX",29.639003,-95.665782
BRZ-01933,"NSI Structure 123338993, Harris County, TX",29.71575,-95.665628
BRZ-01934,"NSI Structure 124760121, Harris County, TX",29.667817,-95.600178
BRZ-01935,"NSI Structure 122566427, Fort Bend County, TX",29.547285,-95.667976
BRZ-01936,"NSI Structure 122585320, Fort Bend County, TX",29.601967,-95.753796
BRZ-01937,"NSI Structure 122616499, Fort Bend County, TX",29.550933,-95.795763
BRZ-01938,"NSI Structure 122469610, Fort Bend County, TX",29.658527,-95.723549
BRZ-01939,"NSI Structure 122578868, Fort Bend County, TX",29.699571,-95.74938
BRZ-01940,"NSI Structure 122745492, Fort Bend County, TX",29.591463,-95.612739
BRZ-01941,"NSI Structure 122536330, Fort Bend County, TX",29.587272,-95.774446
BRZ-01942,"NSI Structure 122534024, Fort Bend County, TX",29.596161,-95.751211
BRZ-01943,"NSI Structure 122621659, Fort Bend County, TX",29.531163,-95.719631
BRZ-01944,"NSI Structure 122620260, Fort Bend County, TX",29.529967,-95.714448
BRZ-01945,"NSI Structure 122528788, Fort Bend County, TX",29.60602,-95.723279
BRZ-01946,"NSI Structure 122615497, Fort Bend County, TX",29.66064,-95.747543
BRZ-01947,"NSI Structure 123542246, Harris County, TX",29.708576,-95.661257
BRZ-01948,"NSI Structure 122527845, Fort Bend County, TX",29.643007,-95.712291
BRZ-01949,"NSI Structure 122511314, Fort Bend County, TX",29.685587,-95.893447
BRZ-01950,"NSI Structure 122473713, Fort Bend County, TX",29.558988,-95.749682
BRZ-01951,"NSI Structure 122602076, Fort Bend County, TX",29.583983,-95.653547
BRZ-01952,"NSI Structure 122624079, Fort Bend County, TX",29.510483,-95.73705
BRZ-01953,"NSI Structure 122570568, Fort Bend County, TX",29.630147,-95.764314
BRZ-01954,"NSI Structure 122551607, Fort Bend County, TX",29.694973,-95.680441
BRZ-01955,"NSI Structure 124405541, Harris County, TX",29.693558,-95.606582
BRZ-01956,"NSI Structure 122498597, Fort Bend County, TX",29.675009,-95.8303
BRZ-01957,"NSI Structure 122623857, Fort Bend County, TX",29.51138,-95.732731
BRZ-01958,"NSI Structure 122623138, Fort Bend County, TX",29.520233,-95.723701
BRZ-01959,"NSI Structure 122745214, Fort Bend County, TX",29.592639,-95.611463
BRZ-01960,"NSI Structure 122503099, Fort Bend County, TX",29.552344,-95.857044
BRZ-01961,"NSI Structure 122551182, Fort Bend County, TX",29.690818,-95.679236
BRZ-01962,"NSI Structure 124316096, Harris County, TX",29.688118,-95.617906
BRZ-01963,"NSI Structure 122450513, Fort Bend County, TX",29.672419,-95.662939
BRZ-01964,"NSI Structure 122584115, Fort Bend County, TX",29.682301,-95.711089
BRZ-01965,"NSI Structure 122682318, Fort Bend County, TX",29.657158,-95.617338
BRZ-01966,"NSI Structure 124315409, Harris County, TX",29.685605,-95.616671
BRZ-01967,"NSI Structure 122606428, Fort Bend County, TX",29.560146,-95.740163
BRZ-01968,"NSI Structure 122459323, Fort Bend County, TX",29.543167,-95.689947
BRZ-01969,"NSI Structure 122474671, Fort Bend County, TX",29.673342,-95.74189
BRZ-01970,"NSI Structure 122577574, Fort Bend County, TX",29.647972,-95.724879
BRZ-01971,"NSI Structure 122524726, Fort Bend County, TX",29.647543,-95.682098
BRZ-01972,"NSI Structure 122569517, Fort Bend County, TX",29.685532,-95.740924
BRZ-01973,"NSI Structure 123881452, Harris County, TX",29.664841,-95.604495
BRZ-01974,"NSI Structure 122591453, Fort Bend County, TX",29.686561,-95.817245
BRZ-01975,"NSI Structure 122555169, Fort Bend County, TX",29.710457,-95.744769
BRZ-01976,"NSI Structure 122456268, Fort Bend County, TX",29.676352,-95.681662
BRZ-01977,"NSI Structure 122588275, Fort Bend County, TX",29.64393,-95.656689
BRZ-01978,"NSI Structure 122601318, Fort Bend County, TX",29.550892,-95.812823
BRZ-01979,"NSI Structure 122602132, Fort Bend County, TX",29.550214,-95.65932
BRZ-01980,"NSI Structure 122511433, Fort Bend County, TX",29.675654,-95.887835
BRZ-01981,"NSI Structure 122553044, Fort Bend County, TX",29.689061,-95.713566
BRZ-01982,"NSI Structure 122616495, Fort Bend County, TX",29.55009,-95.788352
BRZ-01983,"NSI Structure 122618006, Fort Bend County, TX",29.634758,-95.677652
BRZ-01984,"NSI Structure 122540364, Fort Bend County, TX",29.597711,-95.804153
BRZ-01985,"NSI Structure 122520504, Fort Bend County, TX",29.684697,-95.651153
BRZ-01986,"NSI Structure 122599323, Fort Bend County, TX",29.563255,-95.627007
BRZ-01987,"NSI Structure 123433362, Harris County, TX",29.714774,-95.678156
BRZ-01988,"NSI Structure 122470371, Fort Bend County, TX",29.647061,-95.732304
BRZ-01989,"NSI Structure 122533387, Fort Bend County, TX",29.691296,-95.751177
BRZ-01990,"NSI Structure 122564278, Fort Bend County, TX",29.552549,-95.635373
BRZ-01991,"NSI Structure 122595628, Fort Bend County, TX",29.704194,-95.820772
BRZ-01992,"NSI Structure 122632818, Fort Bend County, TX",29.49284,-95.825095
BRZ-01993,"NSI Structure 122470196, Fort Bend County, TX",29.651488,-95.726679
BRZ-01994,"NSI Structure 122548288, Fort Bend County, TX",29.658241,-95.63251
BRZ-01995,"NSI Structure 124737052, Harris County, TX",29.700921,-95.605994
BRZ-01996,"NSI Structure 122637102, Fort Bend County, TX",29.511587,-95.822955
BRZ-01997,"NSI Structure 122552458, Fort Bend County, TX",29.542943,-95.686396
BRZ-01998,"NSI Structure 122534994, Fort Bend County, TX",29.710592,-95.760161
BRZ-01999,"NSI Structure 122454216, Fort Bend County, TX",29.571179,-95.677781
BRZ-02000,"NSI Structure 122713773, Fort Bend County, TX",29.561358,-95.608446
BRZ-02001,"NSI Structure 122499193, Fort Bend County, TX",29.687414,-95.832665
BRZ-02002,"NSI Structure 122499307, Fort Bend County, TX",29.704619,-95.834391
BRZ-02003,"NSI Structure 124439018, Harris County, TX",29.696848,-95.615264
BRZ-02004,"NSI Structure 122577291, Fort Bend County, TX",29.679057,-95.716809
BRZ-02005,"NSI Structure 122443701, Fort Bend County, TX",29.58313,-95.617825
BRZ-02006,"NSI Structure 124759683, Harris County, TX",29.685407,-95.602727
BRZ-02007,"NSI Structure 122597279, Fort Bend County, TX",29.703902,-95.690074
BRZ-02008,"NSI Structure 122502167, Fort Bend County, TX",29.701108,-95.854342
BRZ-02009,"NSI Structure 122549095, Fort Bend County, TX",29.669371,-95.64145
BRZ-02010,"NSI Structure 122570909, Fort Bend County, TX",29.705592,-95.77066
BRZ-02011,"NSI Structure 123460124, Harris County, TX",29.682522,-95.63609
BRZ-02012,"NSI Structure 122481403, Fort Bend County, TX",29.637012,-95.761676
BRZ-02013,"NSI Structure 122481703, Fort Bend County, TX",29.645536,-95.761719
BRZ-02014,"NSI Structure 122667619, Fort Bend County, TX",29.659296,-95.607127
BRZ-02015,"NSI Structure 122635638, Fort Bend County, TX",29.511738,-95.716867
BRZ-02016,"NSI Structure 122597023, Fort Bend County, TX",29.590221,-95.67028
BRZ-02017,"NSI Structure 122624108, Fort Bend County, TX",29.509518,-95.734089
BRZ-02018,"NSI Structure 122452970, Fort Bend County, TX",29.698661,-95.675235
BRZ-02019,"NSI Structure 122593521, Fort Bend County, TX",29.686009,-95.678506
BRZ-02020,"NSI Structure 122601200, Fort Bend County, TX",29.555471,-95.801082
BRZ-02021,"NSI Structure 122636219, Fort Bend County, TX",29.50023,-95.76048
BRZ-02022,"NSI Structure 122453378, Fort Bend County, TX",29.621008,-95.683229
BRZ-02023,"NSI Structure 122524643, Fort Bend County, TX",29.636043,-95.679012
BRZ-02024,"NSI Structure 123497729, Harris County, TX",29.689776,-95.637481
BRZ-02025,"NSI Structure 122452149, Fort Bend County, TX",29.591858,-95.673722
BRZ-02026,"NSI Structure 122578350, Fort Bend County, TX",29.708824,-95.742475
BRZ-02027,"NSI Structure 122524472, Fort Bend County, TX",29.548981,-95.676132
BRZ-02028,"NSI Structure 122607390, Fort Bend County, TX",29.549048,-95.684157
BRZ-02029,"NSI Structure 123431584, Harris County, TX",29.718696,-95.668072
BRZ-02030,"NSI Structure 122667839, Fort Bend County, TX",29.589197,-95.612209
BRZ-02031,"NSI Structure 122470328, Fort Bend County, TX",29.649299,-95.731257
BRZ-02032,"NSI Structure 122681150, Fort Bend County, TX",29.65116,-95.604796
BRZ-02033,"NSI Structure 122554389, Fort Bend County, TX",29.611693,-95.735777
BRZ-02034,"NSI Structure 122529643, Fort Bend County, TX",29.672716,-95.729898
BRZ-02035,"NSI Structure 122622300, Fort Bend County, TX",29.503249,-95.720601
BRZ-02036,"NSI Structure 122665239, Fort Bend County, TX",29.603942,-95.604475
BRZ-02037,"NSI Structure 122665683, Fort Bend County, TX",29.55169,-95.617225
BRZ-02038,"NSI Structure 122468437, Fort Bend County, TX",29.633917,-95.721414
BRZ-02039,"NSI Structure 124364295, Harris County, TX",29.668226,-95.603754
BRZ-02040,"NSI Structure 122681097, Fort Bend County, TX",29.595194,-95.605589
BRZ-02041,"NSI Structure 122476495, Fort Bend County, TX",29.701017,-95.747753
BRZ-02042,"NSI Structure 122601996, Fort Bend County, TX",29.594354,-95.638683
BRZ-02043,"NSI Structure 122570875, Fort Bend County, TX",29.581015,-95.769796
BRZ-02044,"NSI Structure 122570034, Fort Bend County, TX",29.705994,-95.758153
BRZ-02045,"NSI Structure 122535565, Fort Bend County, TX",29.715214,-95.765552
BRZ-02046,"NSI Structure 124061314, Harris County, TX",29.676766,-95.624363
BRZ-02047,"NSI Structure 122553611, Fort Bend County, TX",29.616703,-95.723132
BRZ-02048,"NSI Structure 122456053, Fort Bend County, TX",29.69818,-95.682954
BRZ-02049,"NSI Structure 122590008, Fort Bend County, TX",29.566276,-95.756583
BRZ-02050,"NSI Structure 123427502, Harris County, TX",29.694568,-95.649172
BRZ-02051,"NSI Structure 122521116, Fort Bend County, TX",29.642234,-95.659322
BRZ-02052,"NSI Structure 124736402, Harris County, TX",29.708874,-95.610951
BRZ-02053,"NSI Structure 123428744, Harris County, TX",29.714446,-95.65545
BRZ-02054,"NSI Structure 122471121, Fort Bend County, TX",29.711443,-95.740168
BRZ-02055,"NSI Structure 122464406, Fort Bend County, TX",29.696877,-95.707234
BRZ-02056,"NSI Structure 122531178, Fort Bend County, TX",29.560343,-95.736551
BRZ-02057,"NSI Structure 122447832, Fort Bend County, TX",29.666607,-95.651805
BRZ-02058,"NSI Structure 122709518, Fort Bend County, TX",29.584041,-95.611952
BRZ-02059,"NSI Structure 122492275, Fort Bend County, TX",29.718774,-95.803529
BRZ-02060,"NSI Structure 122472572, Fort Bend County, TX",29.676242,-95.734387
BRZ-02061,"NSI Structure 122480803, Fort Bend County, TX",29.707083,-95.760331
BRZ-02062,"NSI Structure 123895711, Harris County, TX",29.716896,-95.621181
BRZ-02063,"NSI Structure 122577598, Fort Bend County, TX",29.669659,-95.721303
BRZ-02064,"NSI Structure 122529964, Fort Bend County, TX",29.67275,-95.733277
BRZ-02065,"NSI Structure 122472435, Fort Bend County, TX",29.682826,-95.740427
BRZ-02066,"NSI Structure 122469158, Fort Bend County, TX",29.558083,-95.728721
BRZ-02067,"NSI Structure 123887318, Harris County, TX",29.710339,-95.610621
BRZ-02068,"NSI Structure 122668837, Fort Bend County, TX",29.572658,-95.618769
BRZ-02069,"NSI Structure 122557032, Fort Bend County, TX",29.586616,-95.767726
BRZ-02070,"NSI Structure 122459051, Fort Bend County, TX",29.645863,-95.697286
BRZ-02071,"NSI Structure 123886805, Harris County, TX",29.708397,-95.606925
BRZ-02072,"NSI Structure 122475618, Fort Bend County, TX",29.585222,-95.747045
BRZ-02073,"NSI Structure 122465577, Fort Bend County, TX",29.700648,-95.71294
BRZ-02074,"NSI Structure 122527647, Fort Bend County, TX",29.540782,-95.704577
BRZ-02075,"NSI Structure 122466709, Fort Bend County, TX",29.686155,-95.724044
BRZ-02076,"NSI Structure 122528010, Fort Bend County, TX",29.566059,-95.711317
BRZ-02077,"NSI Structure 122548380, Fort Bend County, TX",29.595941,-95.631968
BRZ-02078,"NSI Structure 122667307, Fort Bend County, TX",29.663732,-95.606981
BRZ-02079,"NSI Structure 122572512, Fort Bend County, TX",29.537351,-95.817011
BRZ-02080,"NSI Structure 122534013, Fort Bend County, TX",29.596216,-95.751382
BRZ-02081,"NSI Structure 122570312, Fort Bend County, TX",29.568623,-95.757289
BRZ-02082,"NSI Structure 122551405, Fort Bend County, TX",29.545626,-95.680182
BRZ-02083,"NSI Structure 122560977, Fort Bend County, TX",29.719139,-95.835041
BRZ-02084,"NSI Structure 122500075, Fort Bend County, TX",29.707873,-95.838621
BRZ-02085,"NSI Structure 122567563, Fort Bend County, TX",29.687646,-95.693294
BRZ-02086,"NSI Structure 122522243, Fort Bend County, TX",29.641541,-95.666585
BRZ-02087,"NSI Structure 122629698, Fort Bend County, TX",29.516415,-95.83268
BRZ-02088,"NSI Structure 122443839, Fort Bend County, TX",29.666375,-95.627641
BRZ-02089,"NSI Structure 122743859, Fort Bend County, TX",29.549768,-95.75061
BRZ-02090,"NSI Structure 122456544, Fort Bend County, TX",29.670623,-95.681682
BRZ-02091,"NSI Structure 123510702, Harris County, TX",29.707254,-95.667826
BRZ-02092,"NSI Structure 122450050, Fort Bend County, TX",29.683418,-95.659819
BRZ-02093,"NSI Structure 122471757, Fort Bend County, TX",29.677799,-95.735204
BRZ-02094,"NSI Structure 122508779, Fort Bend County, TX",29.707005,-95.873476
BRZ-02095,"NSI Structure 124736933, Harris County, TX",29.699654,-95.611133
BRZ-02096,"NSI Structure 124759992, Harris County, TX",29.669309,-95.601512
BRZ-02097,"NSI Structure 122491301, Fort Bend County, TX",29.692412,-95.810866
BRZ-02098,"NSI Structure 122616757, Fort Bend County, TX",29.634298,-95.676209
BRZ-02099,"NSI Structure 122570438, Fort Bend County, TX",29.549533,-95.763103
BRZ-02100,"NSI Structure 122572494, Fort Bend County, TX",29.544825,-95.818269
BRZ-02101,"NSI Structure 122524126, Fort Bend County, TX",29.599235,-95.67652
BRZ-02102,"NSI Structure 122623454, Fort Bend County, TX",29.51524,-95.732606
BRZ-02103,"NSI Structure 122711071, Fort Bend County, TX",29.60191,-95.606137
BRZ-02104,"NSI Structure 122582551, Fort Bend County, TX",29.678249,-95.66084
BRZ-02105,"NSI Structure 122689778, Fort Bend County, TX",29.546673,-95.601492
BRZ-02106,"NSI Structure 122466883, Fort Bend County, TX",29.68547,-95.723831
BRZ-02107,"NSI Structure 122614638, Fort Bend County, TX",29.632644,-95.745841
BRZ-02108,"NSI Structure 122715973, Fort Bend County, TX",29.650536,-95.609768
BRZ-02109,"NSI Structure 122490651, Fort Bend County, TX",29.704229,-95.81488
BRZ-02110,"NSI Structure 122476172, Fort Bend County, TX",29.603014,-95.745668
BRZ-02111,"NSI Structure 122551074, Fort Bend County, TX",29.687079,-95.677989
BRZ-02112,"NSI Structure 122454112, Fort Bend County, TX",29.567968,-95.674449
BRZ-02113,"NSI Structure 122540354, Fort Bend County, TX",29.601712,-95.804533
BRZ-02114,"NSI Structure 122599933, Fort Bend County, TX",29.548845,-95.677638
BRZ-02115,"NSI Structure 122474962, Fort Bend County, TX",29.635834,-95.742764
BRZ-02116,"NSI Structure 122592685, Fort Bend County, TX",29.642201,-95.634137
BRZ-02117,"NSI Structure 122682452, Fort Bend County, TX",29.612491,-95.617833
BRZ-02118,"NSI Structure 122474798, Fort Bend County, TX",29.666738,-95.741154
BRZ-02119,"NSI Structure 122495991, Fort Bend County, TX",29.691129,-95.825648
BRZ-02120,"NSI Structure 122532247, Fort Bend County, TX",29.657432,-95.74421
BRZ-02121,"NSI Structure 122461047, Fort Bend County, TX",29.589469,-95.696723
BRZ-02122,"NSI Structure 122618512, Fort Bend County, TX",29.532975,-95.765081
BRZ-02123,"NSI Structure 123318898, Harris County, TX",29.682332,-95.626138
BRZ-02124,"NSI Structure 122487319, Fort Bend County, TX",29.691274,-95.79702
BRZ-02125,"NSI Structure 122464702, Fort Bend County, TX",29.695216,-95.703496
BRZ-02126,"NSI Structure 122538318, Fort Bend County, TX",29.609655,-95.786932
BRZ-02127,"NSI Structure 123523028, Harris County, TX",29.708644,-95.627415
BRZ-02128,"NSI Structure 122589127, Fort Bend County, TX",29.589007,-95.694354
BRZ-02129,"NSI Structure 122480716, Fort Bend County, TX",29.707541,-95.756127
BRZ-02130,"NSI Structure 122450991, Fort Bend County, TX",29.581663,-95.665662
BRZ-02131,"NSI Structure 122628778, Fort Bend County, TX",29.495085,-95.772216
BRZ-02132,"NSI Structure 122447694, Fort Bend County, TX",29.595816,-95.644599
BRZ-02133,"NSI Structure 122625800, Fort Bend County, TX",29.498491,-95.766662
BRZ-02134,"NSI Structure 122462872, Fort Bend County, TX",29.699864,-95.711478
BRZ-02135,"NSI Structure 122536831, Fort Bend County, TX",29.550081,-95.778149
BRZ-02136,"NSI Structure 122669111, Fort Bend County, TX",29.6573,-95.621613
BRZ-02137,"NSI Structure 122528098, Fort Bend County, TX",29.545937,-95.712227
BRZ-02138,"NSI Structure 122682747, Fort Bend County, TX",29.631101,-95.623877
BRZ-02139,"NSI Structure 122508773, Fort Bend County, TX",29.709843,-95.870686
BRZ-02140,"NSI Structure 122622079, Fort Bend County, TX",29.505993,-95.713995
BRZ-02141,"NSI Structure 122620338, Fort Bend County, TX",29.531256,-95.722579
BRZ-02142,"NSI Structure 122569347, Fort Bend County, TX",29.695981,-95.734318
BRZ-02143,"NSI Structure 122584344, Fort Bend County, TX",29.692671,-95.718585
BRZ-02144,"NSI Structure 122530425, Fort Bend County, TX",29.666731,-95.731691
BRZ-02145,"NSI Structure 122689953, Fort Bend County, TX",29.540355,-95.60279
BRZ-02146,"NSI Structure 122462118, Fort Bend County, TX",29.695108,-95.697672
BRZ-02147,"NSI Structure 122471689, Fort Bend County, TX",29.666176,-95.735227
BRZ-02148,"NSI Structure 122551823, Fort Bend County, TX",29.547524,-95.682207
BRZ-02149,"NSI Structure 122492313, Fort Bend County, TX",29.593059,-95.804714
BRZ-02150,"NSI Structure 122457856, Fort Bend County, TX",29.628273,-95.684791
BRZ-02151,"NSI Structure 122472332, Fort Bend County, TX",29.681322,-95.737633
BRZ-02152,"NSI Structure 122568714, Fort Bend County, TX",29.687033,-95.721941
BRZ-02153,"NSI Structure 122575448, Fort Bend County, TX",29.632398,-95.646815
BRZ-02154,"NSI Structure 122536189, Fort Bend County, TX",29.566551,-95.774955
BRZ-02155,"NSI Structure 122592535, Fort Bend County, TX",29.677914,-95.630695
BRZ-02156,"NSI Structure 122622664, Fort Bend County, TX",29.521899,-95.705828
BRZ-02157,"NSI Structure 122682441, Fort Bend County, TX",29.611806,-95.616988
BRZ-02158,"NSI Structure 122665122, Fort Bend County, TX",29.616952,-95.600765
BRZ-02159,"NSI Structure 122460330, Fort Bend County, TX",29.538349,-95.696036
BRZ-02160,"NSI Structure 122543221, Fort Bend County, TX",29.634213,-95.831263
BRZ-02161,"NSI Structure 122577356, Fort Bend County, TX",29.641451,-95.71787
BRZ-02162,"NSI Structure 122484840, Fort Bend County, TX",29.68873,-95.779496
BRZ-02163,"NSI Structure 122513678, Fort Bend County, TX",29.690034,-95.878393
BRZ-02164,"NSI Structure 123523019, Harris County, TX",29.708706,-95.62646
BRZ-02165,"NSI Structure 122467702, Fort Bend County, TX",29.641323,-95.733447
BRZ-02166,"NSI Structure 122538374, Fort Bend County, TX",29.687619,-95.789462
BRZ-02167,"NSI Structure 122456072, Fort Bend County, TX",29.703259,-95.676797
BRZ-02168,"NSI Structure 122585061, Fort Bend County, TX",29.579546,-95.75134
BRZ-02169,"NSI Structure 123887381, Harris County, TX",29.710057,-95.608493
BRZ-02170,"NSI Structure 122527048, Fort Bend County, TX",29.657653,-95.694895
BRZ-02171,"NSI Structure 124313806, Harris County, TX",29.690865,-95.603292
BRZ-02172,"NSI Structure 122591775, Fort Bend County, TX",29.703132,-95.833071
BRZ-02173,"NSI Structure 124315341, Harris County, TX",29.699531,-95.617593
BRZ-02174,"NSI Structure 122461865, Fort Bend County, TX",29.683621,-95.698654
BRZ-02175,"NSI Structure 123334546, Harris County, TX",29.706222,-95.655968
BRZ-02176,"NSI Structure 122628766, Fort Bend County, TX",29.495748,-95.774249
BRZ-02177,"NSI Structure 122713823, Fort Bend County, TX",29.566108,-95.617959
BRZ-02178,"NSI Structure 122511348, Fort Bend County, TX",29.686456,-95.890303
BRZ-02179,"NSI Structure 122626849, Fort Bend County, TX",29.519349,-95.751024
BRZ-02180,"NSI Structure 124759728, Harris County, TX",29.685623,-95.601212
BRZ-02181,"NSI Structure 122508567, Fort Bend County, TX",29.708991,-95.881555
BRZ-02182,"NSI Structure 122467298, Fort Bend County, TX",29.6983,-95.720967
BRZ-02183,"NSI Structure 122492170, Fort Bend County, TX",29.719179,-95.806499
BRZ-02184,"NSI Structure 122487871, Fort Bend County, TX",29.575803,-95.806661
BRZ-02185,"NSI Structure 122462825, Fort Bend County, TX",29.701204,-95.703459
BRZ-02186,"NSI Structure 122743071, Fort Bend County, TX",29.670344,-95.75655
BRZ-02187,"NSI Structure 122564214, Fort Bend County, TX",29.551965,-95.63081
BRZ-02188,"NSI Structure 122605346, Fort Bend County, TX",29.564661,-95.777857
BRZ-02189,"NSI Structure 122600204, Fort Bend County, TX",29.559374,-95.720218
BRZ-02190,"NSI Structure 122490242, Fort Bend County, TX",29.620258,-95.806457
BRZ-02191,"NSI Structure 123896033, Harris County, TX",29.693052,-95.622338
BRZ-02192,"NSI Structure 122459179, Fort Bend County, TX",29.646355,-95.687877
BRZ-02193,"NSI Structure 122557013, Fort Bend County, TX",29.563193,-95.76826
BRZ-02194,"NSI Structure 124736882, Harris County, TX",29.700962,-95.609475
BRZ-02195,"NSI Structure 122451549, Fort Bend County, TX",29.680521,-95.664389
BRZ-02196,"NSI Structure 122465932, Fort Bend County, TX",29.545347,-95.712011
BRZ-02197,"NSI Structure 122494621, Fort Bend County, TX",29.698239,-95.81844
BRZ-02198,"NSI Structure 122552040, Fort Bend County, TX",29.600842,-95.685578
BRZ-02199,"NSI Structure 122554302, Fort Bend County, TX",29.643261,-95.735886
BRZ-02200,"NSI Structure 122453379, Fort Bend County, TX",29.615917,-95.676497
BRZ-02201,"NSI Structure 122568888, Fort Bend County, TX",29.622958,-95.722507
BRZ-02202,"NSI Structure 122556113, Fort Bend County, TX",29.535354,-95.755024
BRZ-02203,"NSI Structure 122476246, Fort Bend County, TX",29.597793,-95.752452
BRZ-02204,"NSI Structure 124171230, Harris County, TX",29.707636,-95.621223
BRZ-02205,"NSI Structure 122479499, Fort Bend County, TX",29.668003,-95.752881
BRZ-02206,"NSI Structure 122556214, Fort Bend County, TX",29.697026,-95.758043
BRZ-02207,"NSI Structure 122499041, Fort Bend County, TX",29.697965,-95.828495
BRZ-02208,"NSI Structure 122525046, Fort Bend County, TX",29.596476,-95.687244
BRZ-02209,"NSI Structure 122742478, Fort Bend County, TX",29.691873,-95.899959
BRZ-02210,"NSI Structure 122584196, Fort Bend County, TX",29.568378,-95.712536
BRZ-02211,"NSI Structure 122624835, Fort Bend County, TX",29.52555,-95.733539
BRZ-02212,"NSI Structure 122555307, Fort Bend County, TX",29.682761,-95.747599
BRZ-02213,"NSI Structure 122460674, Fort Bend County, TX",29.631629,-95.699219
BRZ-02214,"NSI Structure 122478769, Fort Bend County, TX",29.659738,-95.748457
BRZ-02215,"NSI Structure 122490410, Fort Bend County, TX",29.703954,-95.803276
BRZ-02216,"NSI Structure 122618688, Fort Bend County, TX",29.552838,-95.789061
BRZ-02217,"NSI Structure 123889043, Harris County, TX",29.706497,-95.612821
BRZ-02218,"NSI Structure 122447644, Fort Bend County, TX",29.665417,-95.647253
BRZ-02219,"NSI Structure 122524229, Fort Bend County, TX",29.573554,-95.677123
BRZ-02220,"NSI Structure 122451641, Fort Bend County, TX",29.602075,-95.668591
BRZ-02221,"NSI Structure 122608273, Fort Bend County, TX",29.712879,-95.848864
BRZ-02222,"NSI Structure 122518672, Fort Bend County, TX",29.661432,-95.632339
BRZ-02223,"NSI Structure 122472214, Fort Bend County, TX",29.681967,-95.741865
BRZ-02224,"NSI Structure 122522974, Fort Bend County, TX",29.675048,-95.669873
BRZ-02225,"NSI Structure 122466551, Fort Bend County, TX",29.701069,-95.717964
BRZ-02226,"NSI Structure 122627948, Fort Bend County, TX",29.523647,-95.758542
BRZ-02227,"NSI Structure 122534205, Fort Bend County, TX",29.556706,-95.752599
BRZ-02228,"NSI Structure 122528191, Fort Bend County, TX",29.689506,-95.717999
BRZ-02229,"NSI Structure 122530791, Fort Bend County, TX",29.636147,-95.734618
BRZ-02230,"NSI Structure 122524011, Fort Bend County, TX",29.538376,-95.676954
BRZ-02231,"NSI Structure 122478444, Fort Bend County, TX",29.652427,-95.753511
BRZ-02232,"NSI Structure 122455312, Fort Bend County, TX",29.650128,-95.669389
BRZ-02233,"NSI Structure 122554164, Fort Bend County, TX",29.709856,-95.732221
BRZ-02234,"NSI Structure 122565209, Fort Bend County, TX",29.648743,-95.637389
BRZ-02235,"NSI Structure 123500220, Harris County, TX",29.703949,-95.669902
BRZ-02236,"NSI Structure 122582709, Fort Bend County, TX",29.586079,-95.66355
BRZ-02237,"NSI Structure 122588868, Fort Bend County, TX",29.669618,-95.684914
BRZ-02238,"NSI Structure 122445214, Fort Bend County, TX",29.648652,-95.632798
BRZ-02239,"NSI Structure 122539461, Fort Bend County, TX",29.693504,-95.796716
BRZ-02240,"NSI Structure 122532392, Fort Bend County, TX",29.716053,-95.740686
BRZ-02241,"NSI Structure 122583773, Fort Bend County, TX",29.696921,-95.696031
BRZ-02242,"NSI Structure 122582185, Fort Bend County, TX",29.593062,-95.646812
BRZ-02243,"NSI Structure 122590202, Fort Bend County, TX",29.702357,-95.7673
BRZ-02244,"NSI Structure 122525732, Fort Bend County, TX",29.615853,-95.693201
BRZ-02245,"NSI Structure 122520847, Fort Bend County, TX",29.680288,-95.652631
BRZ-02246,"NSI Structure 122594328, Fort Bend County, TX",29.689422,-95.715009
BRZ-02247,"NSI Structure 122534264, Fort Bend County, TX",29.564968,-95.75485
BRZ-02248,"NSI Structure 122594807, Fort Bend County, TX",29.564687,-95.767542
BRZ-02249,"NSI Structure 122743955, Fort Bend County, TX",29.579281,-95.6327
BRZ-02250,"NSI Structure 123498458, Harris County, TX",29.696728,-95.645788
BRZ-02251,"NSI Structure 122616761, Fort Bend County, TX",29.635112,-95.676694
BRZ-02252,"NSI Structure 122641117, Fort Bend County, TX",29.517509,-95.753042
BRZ-02253,"NSI Structure 122530790, Fort Bend County, TX",29.635987,-95.734628
BRZ-02254,"NSI Structure 124364693, Harris County, TX",29.696493,-95.614391
BRZ-02255,"NSI Structure 124253069, Harris County, TX",29.689506,-95.617139
BRZ-02256,"NSI Structure 122481405, Fort Bend County, TX",29.63915,-95.766454
BRZ-02257,"NSI Structure 122447556, Fort Bend County, TX",29.667164,-95.647798
BRZ-02258,"NSI Structure 122552218, Fort Bend County, TX",29.621829,-95.686622
BRZ-02259,"NSI Structure 122622830, Fort Bend County, TX",29.524297,-95.727297
BRZ-02260,"NSI Structure 122547874, Fort Bend County, TX",29.55539,-95.620255
BRZ-02261,"NSI Structure 122480151, Fort Bend County, TX",29.71132,-95.757761
BRZ-02262,"NSI Structure 122443781, Fort Bend County, TX",29.579662,-95.625749
BRZ-02263,"NSI Structure 122460964, Fort Bend County, TX",29.683168,-95.696691
BRZ-02264,"NSI Structure 122565712, Fort Bend County, TX",29.687356,-95.654584
BRZ-02265,"NSI Structure 122638768, Fort Bend County, TX",29.528951,-95.710472
BRZ-02266,"NSI Structure 122696115, Fort Bend County, TX",29.637721,-95.621335
BRZ-02267,"NSI Structure 122702629, Fort Bend County, TX",29.561811,-95.620962
BRZ-02268,"NSI Structure 122612180, Fort Bend County, TX",29.588733,-95.65721
BRZ-02269,"NSI Structure 123337442, Harris County, TX",29.713486,-95.661352
BRZ-02270,"NSI Structure 124760134, Harris County, TX",29.667362,-95.600225
BRZ-02271,"NSI Structure 122461766, Fort Bend County, TX",29.67802,-95.700135
BRZ-02272,"NSI Structure 122550124, Fort Bend County, TX",29.605501,-95.664372
BRZ-02273,"NSI Structure 122581567, Fort Bend County, TX",29.664067,-95.627117
BRZ-02274,"NSI Structure 123885445, Harris County, TX",29.686128,-95.605458
BRZ-02275,"NSI Structure 122632327, Fort Bend County, TX",29.494741,-95.821558
BRZ-02276,"NSI Structure 122572094, Fort Bend County, TX",29.716544,-95.803706
BRZ-02277,"NSI Structure 122619635, Fort Bend County, TX",29.639205,-95.626343
BRZ-02278,"NSI Structure 122600597, Fort Bend County, TX",29.541061,-95.741371
BRZ-02279,"NSI Structure 122622598, Fort Bend County, TX",29.533674,-95.714476
BRZ-02280,"NSI Structure 122459058, Fort Bend County, TX",29.646526,-95.702542
BRZ-02281,"NSI Structure 122567556, Fort Bend County, TX",29.689642,-95.692762
BRZ-02282,"NSI Structure 122540247, Fort Bend County, TX",29.600563,-95.804886
BRZ-02283,"NSI Structure 122531458, Fort Bend County, TX",29.665763,-95.738721
BRZ-02284,"NSI Structure 122599028, Fort Bend County, TX",29.713139,-95.858898
BRZ-02285,"NSI Structure 122717278, Fort Bend County, TX",29.662638,-95.601591
BRZ-02286,"NSI Structure 122598565, Fort Bend County, TX",29.717049,-95.799725
BRZ-02287,"NSI Structure 122620369, Fort Bend County, TX",29.525898,-95.716443
BRZ-02288,"NSI Structure 122742542, Fort Bend County, TX",29.699965,-95.801503
BRZ-02289,"NSI Structure 122554606, Fort Bend County, TX",29.688391,-95.737855
BRZ-02290,"NSI Structure 122524709, Fort Bend County, TX",29.647272,-95.683089
BRZ-02291,"NSI Structure 122481821, Fort Bend County, TX",29.645242,-95.766711
BRZ-02292,"NSI Structure 122490457, Fort Bend County, TX",29.700313,-95.805563
BRZ-02293,"NSI Structure 123424960, Harris County, TX",29.696448,-95.640276
BRZ-02294,"NSI Structure 124315014, Harris County, TX",29.71224,-95.611336
BRZ-02295,"NSI Structure 122695788, Fort Bend County, TX",29.592801,-95.60986
BRZ-02296,"NSI Structure 123433307, Harris County, TX",29.715496,-95.67595
BRZ-02297,"NSI Structure 122478977, Fort Bend County, TX",29.656482,-95.751369
BRZ-02298,"NSI Structure 122607457, Fort Bend County, TX",29.585392,-95.69462
BRZ-02299,"NSI Structure 122474943, Fort Bend County, TX",29.636039,-95.738299
BRZ-02300,"NSI Structure 122496582, Fort Bend County, TX",29.715387,-95.827005
BRZ-02301,"NSI Structure 124054124, Harris County, TX",29.667827,-95.600799
BRZ-02302,"NSI Structure 122527749, Fort Bend County, TX",29.550968,-95.708049
BRZ-02303,"NSI Structure 122469747, Fort Bend County, TX",29.657098,-95.725519
BRZ-02304,"NSI Structure 122554496, Fort Bend County, TX",29.633074,-95.736128
BRZ-02305,"NSI Structure 122607726, Fort Bend County, TX",29.559858,-95.732598
BRZ-02306,"NSI Structure 122471648, Fort Bend County, TX",29.665541,-95.734246
BRZ-02307,"NSI Structure 122534491, Fort Bend County, TX",29.715156,-95.75687
BRZ-02308,"NSI Structure 122601241, Fort Bend County, TX",29.544027,-95.806196
BRZ-02309,"NSI Structure 122744599, Fort Bend County, TX",29.456671,-95.663738
BRZ-02310,"NSI Structure 122628825, Fort Bend County, TX",29.49506,-95.771244
BRZ-02311,"NSI Structure 122459915, Fort Bend County, TX",29.54151,-95.694825
BRZ-02312,"NSI Structure 123517032, Harris County, TX",29.679876,-95.631564
BRZ-02313,"NSI Structure 122538270, Fort Bend County, TX",29.611966,-95.789514
BRZ-02314,"NSI Structure 122544294, Fort Bend County, TX",29.685889,-95.830597
BRZ-02315,"NSI Structure 122568670, Fort Bend County, TX",29.699975,-95.722364
BRZ-02316,"NSI Structure 122527508, Fort Bend County, TX",29.68242,-95.699735
BRZ-02317,"NSI Structure 122637548, Fort Bend County, TX",29.526627,-95.817064
BRZ-02318,"NSI Structure 122449826, Fort Bend County, TX",29.685967,-95.657705
BRZ-02319,"NSI Structure 122445628, Fort Bend County, TX",29.661014,-95.633175
BRZ-02320,"NSI Structure 123530052, Harris County, TX",29.708306,-95.656745
BRZ-02321,"NSI Structure 122567768, Fort Bend County, TX",29.547897,-95.693683
BRZ-02322,"NSI Structure 123463690, Harris County, TX",29.69786,-95.659139
BRZ-02323,"NSI Structure 122542663, Fort Bend County, TX",29.706547,-95.828648
BRZ-02324,"NSI Structure 122469821, Fort Bend County, TX",29.655841,-95.725656
BRZ-02325,"NSI Structure 124315296, Harris County, TX",29.700318,-95.618055
BRZ-02326,"NSI Structure 122616620, Fort Bend County, TX",29.584277,-95.624342
BRZ-02327,"NSI Structure 122625671, Fort Bend County, TX",29.532974,-95.734496
BRZ-02328,"NSI Structure 122497061, Fort Bend County, TX",29.684405,-95.836273
BRZ-02329,"NSI Structure 122580167, Fort Bend County, TX",29.717355,-95.801086
BRZ-02330,"NSI Structure 122626664, Fort Bend County, TX",29.504679,-95.785719
BRZ-02331,"NSI Structure 122618532, Fort Bend County, TX",29.530489,-95.768104
BRZ-02332,"NSI Structure 122571276, Fort Bend County, TX",29.58608,-95.775964
BRZ-02333,"NSI Structure 122606484, Fort Bend County, TX",29.573676,-95.761654
BRZ-02334,"NSI Structure 122624544, Fort Bend County, TX",29.527865,-95.740018
BRZ-02335,"NSI Structure 122534899, Fort Bend County, TX",29.69677,-95.758611
BRZ-02336,"NSI Structure 122569803, Fort Bend County, TX",29.680413,-95.743663
BRZ-02337,"NSI Structure 122577602, Fort Bend County, TX",29.668022,-95.725539
BRZ-02338,"NSI Structure 122476134, Fort Bend County, TX",29.599046,-95.753209
BRZ-02339,"NSI Structure 122590870, Fort Bend County, TX",29.547569,-95.784205
BRZ-02340,"NSI Structure 122593216, Fort Bend County, TX",29.680467,-95.658456
BRZ-02341,"NSI Structure 122492535, Fort Bend County, TX",29.714477,-95.808284
BRZ-02342,"NSI Structure 122681337, Fort Bend County, TX",29.584992,-95.604743
BRZ-02343,"NSI Structure 122711911, Fort Bend County, TX",29.601201,-95.601876
BRZ-02344,"NSI Structure 122682953, Fort Bend County, TX",29.636181,-95.626278
BRZ-02345,"NSI Structure 122486920, Fort Bend County, TX",29.695407,-95.794824
BRZ-02346,"NSI Structure 122470966, Fort Bend County, TX",29.611553,-95.732428
BRZ-02347,"NSI Structure 122587915, Fort Bend County, TX",29.609784,-95.626265
BRZ-02348,"NSI Structure 122452262, Fort Bend County, TX",29.556111,-95.669552
BRZ-02349,"NSI Structure 122446625, Fort Bend County, TX",29.601286,-95.642124
BRZ-02350,"NSI Structure 122477418, Fort Bend County, TX",29.65751,-95.748287
BRZ-02351,"NSI Structure 122680795, Fort Bend County, TX",29.577996,-95.600199
BRZ-02352,"NSI Structure 124251869, Harris County, TX",29.684981,-95.613511
BRZ-02353,"NSI Structure 122603214, Fort Bend County, TX",29.686419,-95.761626
BRZ-02354,"NSI Structure 122525043, Fort Bend County, TX",29.590686,-95.690155
BRZ-02355,"NSI Structure 122508616, Fort Bend County, TX",29.713405,-95.871222
BRZ-02356,"NSI Structure 122466874, Fort Bend County, TX",29.683239,-95.723436
BRZ-02357,"NSI Structure 122586171, Fort Bend County, TX",29.70162,-95.798596
BRZ-02358,"NSI Structure 122550563, Fort Bend County, TX",29.642001,-95.667944
BRZ-02359,"NSI Structure 122452349, Fort Bend County, TX",29.70013,-95.671483
BRZ-02360,"NSI Structure 122617462, Fort Bend County, TX",29.618529,-95.744612
BRZ-02361,"NSI Structure 122496718, Fort Bend County, TX",29.544995,-95.831177
BRZ-02362,"NSI Structure 122475664, Fort Bend County, TX",29.583308,-95.74619
BRZ-02363,"NSI Structure 122593580, Fort Bend County, TX",29.658506,-95.68023
BRZ-02364,"NSI Structure 122472073, Fort Bend County, TX",29.540523,-95.736157
BRZ-02365,"NSI Structure 122574508, Fort Bend County, TX",29.66792,-95.628038
BRZ-02366,"NSI Structure 122541197, Fort Bend County, TX",29.719353,-95.818857
BRZ-02367,"NSI Structure 122742900, Fort Bend County, TX",29.564402,-95.803971
BRZ-02368,"NSI Structure 122459414, Fort Bend County, TX",29.664466,-95.689598
BRZ-02369,"NSI Structure 123326880, Harris County, TX",29.716205,-95.642763
BRZ-02370,"NSI Structure 122582313, Fort Bend County, TX",29.585609,-95.654652
BRZ-02371,"NSI Structure 122465457, Fort Bend County, TX",29.629185,-95.70779
BRZ-02372,"NSI Structure 122533167, Fort Bend County, TX",29.56553,-95.748376
BRZ-02373,"NSI Structure 122584534, Fort Bend County, TX",29.693093,-95.735301
BRZ-02374,"NSI Structure 122583329, Fort Bend County, TX",29.682794,-95.683089
BRZ-02375,"NSI Structure 124465941, Harris County, TX",29.681952,-95.607575
BRZ-02376,"NSI Structure 122577593, Fort Bend County, TX",29.667656,-95.720879
BRZ-02377,"NSI Structure 122446325, Fort Bend County, TX",29.681931,-95.639305
BRZ-02378,"NSI Structure 123463801, Harris County, TX",29.705542,-95.662052
BRZ-02379,"NSI Structure 122444004, Fort Bend County, TX",29.677407,-95.632041
BRZ-02380,"NSI Structure 122496440, Fort Bend County, TX",29.71405,-95.828554
BRZ-02381,"NSI Structure 124439372, Harris County, TX",29.716807,-95.623237
BRZ-02382,"NSI Structure 122464852, Fort Bend County, TX",29.69683,-95.70533
BRZ-02383,"NSI Structure 122566345, Fort Bend County, TX",29.683952,-95.665915
BRZ-02384,"NSI Structure 122636494, Fort Bend County, TX",29.514132,-95.777381
BRZ-02385,"NSI Structure 122473756, Fort Bend County, TX",29.565696,-95.735238
BRZ-02386,"NSI Structure 122454012, Fort Bend County, TX",29.699641,-95.675522
BRZ-02387,"NSI Structure 122610647, Fort Bend County, TX",29.576746,-95.622426
BRZ-02388,"NSI Structure 122604816, Fort Bend County, TX",29.596853,-95.677403
BRZ-02389,"NSI Structure 122468648, Fort Bend County, TX",29.654785,-95.721833
BRZ-02390,"NSI Structure 122629932, Fort Bend County, TX",29.520832,-95.785116
BRZ-02391,"NSI Structure 122465679, Fort Bend County, TX",29.698345,-95.714292
BRZ-02392,"NSI Structure 122488298, Fort Bend County, TX",29.702614,-95.79729
BRZ-02393,"NSI Structure 122587195, Fort Bend County, TX",29.708183,-95.840224
BRZ-02394,"NSI Structure 122469381, Fort Bend County, TX",29.561966,-95.729209
BRZ-02395,"NSI Structure 122745122, Fort Bend County, TX",29.59473,-95.622862
BRZ-02396,"NSI Structure 122465266, Fort Bend County, TX",29.683154,-95.710804
BRZ-02397,"NSI Structure 122520645, Fort Bend County, TX",29.659038,-95.646195
BRZ-02398,"NSI Structure 122667554, Fort Bend County, TX",29.585645,-95.609813
BRZ-02399,"NSI Structure 122622014, Fort Bend County, TX",29.510452,-95.717035
BRZ-02400,"NSI Structure 122510380, Fort Bend County, TX",29.717101,-95.879743
BRZ-02401,"NSI Structure 122614098, Fort Bend County, TX",29.705923,-95.856032
BRZ-02402,"NSI Structure 122682499, Fort Bend County, TX",29.648659,-95.619686
BRZ-02403,"NSI Structure 122618488, Fort Bend County, TX",29.533008,-95.760323
BRZ-02404,"NSI Structure 122602097, Fort Bend County, TX",29.558802,-95.656538
BRZ-02405,"NSI Structure 122472617, Fort Bend County, TX",29.537455,-95.734325
BRZ-02406,"NSI Structure 122612390, Fort Bend County, TX",29.641434,-95.743395
BRZ-02407,"NSI Structure 122446704, Fort Bend County, TX",29.592301,-95.642121
BRZ-02408,"NSI Structure 122531971, Fort Bend County, TX",29.534297,-95.72838
BRZ-02409,"NSI Structure 122525531, Fort Bend County, TX",29.573702,-95.686886
BRZ-02410,"NSI Structure 122620896, Fort Bend County, TX",29.528911,-95.743149
BRZ-02411,"NSI Structure 122447805, Fort Bend County, TX",29.68057,-95.6475
BRZ-02412,"NSI Structure 122699968, Fort Bend County, TX",29.60007,-95.616238
BRZ-02413,"NSI Structure 122457193, Fort Bend County, TX",29.628862,-95.682064
BRZ-02414,"NSI Structure 122667096, Fort Bend County, TX",29.598507,-95.607182
BRZ-02415,"NSI Structure 122520365, Fort Bend County, TX",29.683068,-95.645072
BRZ-02416,"NSI Structure 122597007, Fort Bend County, TX",29.696608,-95.665388
BRZ-02417,"NSI Structure 122540538, Fort Bend County, TX",29.591127,-95.805966
BRZ-02418,"NSI Structure 122567955, Fort Bend County, TX",29.699058,-95.697357
BRZ-02419,"NSI Structure 122483117, Fort Bend County, TX",29.568773,-95.770295
BRZ-02420,"NSI Structure 122508930, Fort Bend County, TX",29.706275,-95.88393
BRZ-02421,"NSI Structure 122588768, Fort Bend County, TX",29.637714,-95.675543
BRZ-02422,"NSI Structure 122463224, Fort Bend County, TX",29.541803,-95.703785
BRZ-02423,"NSI Structure 122639299, Fort Bend County, TX",29.534114,-95.755534
BRZ-02424,"NSI Structure 122576550, Fort Bend County, TX",29.537044,-95.68609
BRZ-02425,"NSI Structure 122520517, Fort Bend County, TX",29.686603,-95.648295
BRZ-02426,"NSI Structure 122469573, Fort Bend County, TX",29.668995,-95.724188
BRZ-02427,"NSI Structure 122644956, Fort Bend County, TX",29.529186,-95.666753
BRZ-02428,"NSI Structure 122620414, Fort Bend County, TX",29.525282,-95.716615
BRZ-02429,"NSI Structure 122528311, Fort Bend County, TX",29.64446,-95.719567
BRZ-02430,"NSI Structure 122457399, Fort Bend County, TX",29.570756,-95.69014
BRZ-02431,"NSI Structure 124315957, Harris County, TX",29.707188,-95.620558
BRZ-02432,"NSI Structure 123344792, Harris County, TX",29.706224,-95.675699
BRZ-02433,"NSI Structure 122589093, Fort Bend County, TX",29.539724,-95.692576
BRZ-02434,"NSI Structure 124061080, Harris County, TX",29.676728,-95.624857
BRZ-02435,"NSI Structure 122552137, Fort Bend County, TX",29.684095,-95.682465
BRZ-02436,"NSI Structure 122578265, Fort Bend County, TX",29.695917,-95.737134
BRZ-02437,"NSI Structure 123432815, Harris County, TX",29.70426,-95.674162
BRZ-02438,"NSI Structure 122491397, Fort Bend County, TX",29.696359,-95.799138
BRZ-02439,"NSI Structure 122492661, Fort Bend County, TX",29.708704,-95.80994
BRZ-02440,"NSI Structure 122505333, Fort Bend County, TX",29.714657,-95.859755
BRZ-02441,"NSI Structure 122690934, Fort Bend County, TX",29.577525,-95.622605
BRZ-02442,"NSI Structure 124526787, Harris County, TX",29.719722,-95.620751
BRZ-02443,"NSI Structure 122629075, Fort Bend County, TX",29.525568,-95.822125
BRZ-02444,"NSI Structure 123324817, Harris County, TX",29.697569,-95.64146
BRZ-02445,"NSI Structure 122472229, Fort Bend County, TX",29.683408,-95.741523
BRZ-02446,"NSI Structure 122552439, Fort Bend County, TX",29.543519,-95.687786
BRZ-02447,"NSI Structure 124759738, Harris County, TX",29.685627,-95.600494
BRZ-02448,"NSI Structure 122572069, Fort Bend County, TX",29.716818,-95.803194
BRZ-02449,"NSI Structure 122690527, Fort Bend County, TX",29.533429,-95.608588
BRZ-02450,"NSI Structure 122499866, Fort Bend County, TX",29.702926,-95.838248
BRZ-02451,"NSI Structure 122444160, Fort Bend County, TX",29.567057,-95.626037
BRZ-02452,"NSI Structure 122559875, Fort Bend County, TX",29.680865,-95.813636
BRZ-02453,"NSI Structure 122689844, Fort Bend County, TX",29.544629,-95.604275
BRZ-02454,"NSI Structure 124737244, Harris County, TX",29.692114,-95.611525
BRZ-02455,"NSI Structure 122585643, Fort Bend County, TX",29.585341,-95.770097
BRZ-02456,"NSI Structure 122486855, Fort Bend County, TX",29.693779,-95.795461
BRZ-02457,"NSI Structure 122580114, Fort Bend County, TX",29.595008,-95.8004
BRZ-02458,"NSI Structure 122458989, Fort Bend County, TX",29.643386,-95.697186
BRZ-02459,"NSI Structure 122489428, Fort Bend County, TX",29.544311,-95.798421
BRZ-02460,"NSI Structure 122555699, Fort Bend County, TX",29.681391,-95.747569
BRZ-02461,"NSI Structure 122593263, Fort Bend County, TX",29.595524,-95.662456
BRZ-02462,"NSI Structure 122613794, Fort Bend County, TX",29.605178,-95.661623
BRZ-02463,"NSI Structure 122462845, Fort Bend County, TX",29.699748,-95.711083
BRZ-02464,"NSI Structure 122470175, Fort Bend County, TX",29.658602,-95.728325
BRZ-02465,"NSI Structure 122448902, Fort Bend County, TX",29.641761,-95.653024
BRZ-02466,"NSI Structure 122665748, Fort Bend County, TX",29.557133,-95.607223
BRZ-02467,"NSI Structure 122476873, Fort Bend County, TX",29.609313,-95.749294
BRZ-02468,"NSI Structure 123499574, Harris County, TX",29.694208,-95.657242
BRZ-02469,"NSI Structure 122445068, Fort Bend County, TX",29.568713,-95.631739
BRZ-02470,"NSI Structure 122459107, Fort Bend County, TX",29.648511,-95.686936
BRZ-02471,"NSI Structure 123433283, Harris County, TX",29.710673,-95.679038
BRZ-02472,"NSI Structure 122447065, Fort Bend County, TX",29.657768,-95.640056
BRZ-02473,"NSI Structure 122467778, Fort Bend County, TX",29.643195,-95.734858
BRZ-02474,"NSI Structure 122520777, Fort Bend County, TX",29.657196,-95.650951
BRZ-02475,"NSI Structure 122451660, Fort Bend County, TX",29.604885,-95.665868
BRZ-02476,"NSI Structure 122589334, Fort Bend County, TX",29.608343,-95.722983
BRZ-02477,"NSI Structure 122469855, Fort Bend County, TX",29.633091,-95.729077
BRZ-02478,"NSI Structure 122477720, Fort Bend County, TX",29.665679,-95.748749
BRZ-02479,"NSI Structure 122614961, Fort Bend County, TX",29.570166,-95.76372
BRZ-02480,"NSI Structure 122702357, Fort Bend County, TX",29.562464,-95.602111
BRZ-02481,"NSI Structure 122553177, Fort Bend County, TX",29.690674,-95.717006
BRZ-02482,"NSI Structure 122564267, Fort Bend County, TX",29.55182,-95.633825
BRZ-02483,"NSI Structure 122451949, Fort Bend County, TX",29.597289,-95.670748
BRZ-02484,"NSI Structure 122557943, Fort Bend County, TX",29.642436,-95.777628
BRZ-02485,"NSI Structure 123498630, Harris County, TX",29.693051,-95.647259
BRZ-02486,"NSI Structure 122491137, Fort Bend County, TX",29.687046,-95.803425
BRZ-02487,"NSI Structure 122522551, Fort Bend County, TX",29.594158,-95.663703
BRZ-02488,"NSI Structure 122623115, Fort Bend County, TX",29.524025,-95.726553
BRZ-02489,"NSI Structure 122485765, Fort Bend County, TX",29.569329,-95.78689
BRZ-02490,"NSI Structure 122523237, Fort Bend County, TX",29.683471,-95.670841
BRZ-02491,"NSI Structure 122608172, Fort Bend County, TX",29.70701,-95.835791
BRZ-02492,"NSI Structure 122702312, Fort Bend County, TX",29.562361,-95.602696
BRZ-02493,"NSI Structure 122556807, Fort Bend County, TX",29.564678,-95.7636
BRZ-02494,"NSI Structure 123427697, Harris County, TX",29.700845,-95.64841
BRZ-02495,"NSI Structure 122489484, Fort Bend County, TX",29.690603,-95.79835
BRZ-02496,"NSI Structure 122588348, Fort Bend County, TX",29.686534,-95.663718
BRZ-02497,"NSI Structure 122521418, Fort Bend County, TX",29.57959,-95.659821
BRZ-02498,"NSI Structure 122486116, Fort Bend County, TX",29.712402,-95.78894
BRZ-02499,"NSI Structure 122494760, Fort Bend County, TX",29.699627,-95.817359
BRZ-02500,"NSI Structure 122570577, Fort Bend County, TX",29.633092,-95.7641
BRZ-02501,"NSI Structure 122681396, Fort Bend County, TX",29.589108,-95.60474
BRZ-02502,"NSI Structure 122554317, Fort Bend County, TX",29.641415,-95.735536
BRZ-02503,"NSI Structure 122631491, Fort Bend County, TX",29.51667,-95.801258
BRZ-02504,"NSI Structure 122577318, Fort Bend County, TX",29.680442,-95.717474
BRZ-02505,"NSI Structure 122548093, Fort Bend County, TX",29.650624,-95.629353
BRZ-02506,"NSI Structure 122539564, Fort Bend County, TX",29.5469,-95.799058
BRZ-02507,"NSI Structure 122523135, Fort Bend County, TX",29.641659,-95.66886
BRZ-02508,"NSI Structure 122447709, Fort Bend County, TX",29.594708,-95.646174
BRZ-02509,"NSI Structure 122561000, Fort Bend County, TX",29.717464,-95.834664
BRZ-02510,"NSI Structure 122498335, Fort Bend County, TX",29.685077,-95.833922
BRZ-02511,"NSI Structure 122566612, Fort Bend County, TX",29.694948,-95.675646
BRZ-02512,"NSI Structure 122462931, Fort Bend County, TX",29.699767,-95.705796
BRZ-02513,"NSI Structure 122443532, Fort Bend County, TX",29.579359,-95.627467
BRZ-02514,"NSI Structure 122472210, Fort Bend County, TX",29.680036,-95.734806
BRZ-02515,"NSI Structure 122700203, Fort Bend County, TX",29.60927,-95.625622
BRZ-02516,"NSI Structure 122541230, Fort Bend County, TX",29.704701,-95.818281
BRZ-02517,"NSI Structure 122463078, Fort Bend County, TX",29.544216,-95.707179
BRZ-02518,"NSI Structure 122505041, Fort Bend County, TX",29.698363,-95.861786
BRZ-02519,"NSI Structure 122443595, Fort Bend County, TX",29.582886,-95.61961
BRZ-02520,"NSI Structure 122470152, Fort Bend County, TX",29.658532,-95.731987
BRZ-02521,"NSI Structure 122541053, Fort Bend County, TX",29.563424,-95.811912
BRZ-02522,"NSI Structure 122486843, Fort Bend County, TX",29.69362,-95.794214
BRZ-02523,"NSI Structure 122534323, Fort Bend County, TX",29.681652,-95.752008
BRZ-02524,"NSI Structure 122561535, Fort Bend County, TX",29.717447,-95.840469
BRZ-02525,"NSI Structure 122511494, Fort Bend County, TX",29.685592,-95.897421
BRZ-02526,"NSI Structure 124252358, Harris County, TX",29.67783,-95.614026
BRZ-02527,"NSI Structure 122480750, Fort Bend County, TX",29.708907,-95.757328
BRZ-02528,"NSI Structure 122551214, Fort Bend County, TX",29.632275,-95.679098
BRZ-02529,"NSI Structure 122611837, Fort Bend County, TX",29.696257,-95.788167
BRZ-02530,"NSI Structure 123330236, Harris County, TX",29.711662,-95.651013
BRZ-02531,"NSI Structure 122454094, Fort Bend County, TX",29.569228,-95.677392
BRZ-02532,"NSI Structure 122630079, Fort Bend County, TX",29.518099,-95.780708
BRZ-02533,"NSI Structure 122532525, Fort Bend County, TX",29.636443,-95.75092
BRZ-02534,"NSI Structure 122596947, Fort Bend County, TX",29.557691,-95.662274
BRZ-02535,"NSI Structure 122462381, Fort Bend County, TX",29.558129,-95.701161
BRZ-02536,"NSI Structure 122690413, Fort Bend County, TX",29.653809,-95.614781
BRZ-02537,"NSI Structure 122452248, Fort Bend County, TX",29.547155,-95.669804
BRZ-02538,"NSI Structure 122451837, Fort Bend County, TX",29.636845,-95.669176
BRZ-02539,"NSI Structure 122519662, Fort Bend County, TX",29.663329,-95.636223
BRZ-02540,"NSI Structure 122635493, Fort Bend County, TX",29.529134,-95.669723
BRZ-02541,"NSI Structure 122567501, Fort Bend County, TX",29.666353,-95.693574
BRZ-02542,"NSI Structure 122495985, Fort Bend County, TX",29.693858,-95.823232
BRZ-02543,"NSI Structure 122552177, Fort Bend County, TX",29.68409,-95.68121
BRZ-02544,"NSI Structure 124316102, Harris County, TX",29.686771,-95.617863
BRZ-02545,"NSI Structure 122454961, Fort Bend County, TX",29.651202,-95.66759
BRZ-02546,"NSI Structure 122582321, Fort Bend County, TX",29.584489,-95.653822
BRZ-02547,"NSI Structure 122491016, Fort Bend County, TX",29.690303,-95.81027
BRZ-02548,"NSI Structure 122452457, Fort Bend County, TX",29.692376,-95.667295
BRZ-02549,"NSI Structure 122450676, Fort Bend County, TX",29.67562,-95.663497
BRZ-02550,"NSI Structure 122508483, Fort Bend County, TX",29.704746,-95.878045
BRZ-02551,"NSI Structure 122461546, Fort Bend County, TX",29.682234,-95.704955
BRZ-02552,"NSI Structure 122622230, Fort Bend County, TX",29.511756,-95.730547
BRZ-02553,"NSI Structure 124053045, Harris County, TX",29.685288,-95.600057
BRZ-02554,"NSI Structure 123516993, Harris County, TX",29.707868,-95.629985
BRZ-02555,"NSI Structure 122449948, Fort Bend County, TX",29.690751,-95.660136
BRZ-02556,"NSI Structure 122467963, Fort Bend County, TX",29.645037,-95.725518
BRZ-02557,"NSI Structure 122548304, Fort Bend County, TX",29.610985,-95.631551
BRZ-02558,"NSI Structure 123507819, Harris County, TX",29.693478,-95.623948
BRZ-02559,"NSI Structure 122567480, Fort Bend County, TX",29.661908,-95.694607
BRZ-02560,"NSI Structure 124737221, Harris County, TX",29.696699,-95.604831
BRZ-02561,"NSI Structure 123894966, Harris County, TX",29.68364,-95.618347
BRZ-02562,"NSI Structure 122520716, Fort Bend County, TX",29.661244,-95.648547
BRZ-02563,"NSI Structure 122600453, Fort Bend County, TX",29.670204,-95.735125
BRZ-02564,"NSI Structure 122546212, Fort Bend County, TX",29.660759,-95.873086
BRZ-02565,"NSI Structure 122461353, Fort Bend County, TX",29.690438,-95.699716
BRZ-02566,"NSI Structure 122520975, Fort Bend County, TX",29.681562,-95.655786
BRZ-02567,"NSI Structure 122579380, Fort Bend County, TX",29.70956,-95.778604
BRZ-02568,"NSI Structure 122473608, Fort Bend County, TX",29.565151,-95.734154
BRZ-02569,"NSI Structure 122476198, Fort Bend County, TX",29.602127,-95.754639
BRZ-02570,"NSI Structure 122554854, Fort Bend County, TX",29.536575,-95.734553
BRZ-02571,"NSI Structure 122633884, Fort Bend County, TX",29.452928,-95.870595
BRZ-02572,"NSI Structure 122496772, Fort Bend County, TX",29.54734,-95.832205
BRZ-02573,"NSI Structure 123337478, Harris County, TX",29.714212,-95.661787
BRZ-02574,"NSI Structure 122604847, Fort Bend County, TX",29.668589,-95.68385
BRZ-02575,"NSI Structure 122665294, Fort Bend County, TX",29.603856,-95.608613
BRZ-02576,"NSI Structure 122492807, Fort Bend County, TX",29.655992,-95.808662
BRZ-02577,"NSI Structure 122606187, Fort Bend County, TX",29.595111,-95.660839
BRZ-02578,"NSI Structure 122585511, Fort Bend County, TX",29.552492,-95.771514
BRZ-02579,"NSI Structure 124540433, Harris County, TX",29.69507,-95.607643
BRZ-02580,"NSI Structure 123887253, Harris County, TX",29.707732,-95.612809
BRZ-02581,"NSI Structure 122556014, Fort Bend County, TX",29.538223,-95.754092
BRZ-02582,"NSI Structure 122699961, Fort Bend County, TX",29.598612,-95.616622
BRZ-02583,"NSI Structure 122549393, Fort Bend County, TX",29.687414,-95.651154
BRZ-02584,"NSI Structure 122596978, Fort Bend County, TX",29.694621,-95.663793
BRZ-02585,"NSI Structure 122632558, Fort Bend County, TX",29.495872,-95.812206
BRZ-02586,"NSI Structure 122584694, Fort Bend County, TX",29.688965,-95.74142
BRZ-02587,"NSI Structure 122636371, Fort Bend County, TX",29.515978,-95.740683
BRZ-02588,"NSI Structure 122491742, Fort Bend County, TX",29.696582,-95.810426
BRZ-02589,"NSI Structure 122579277, Fort Bend County, TX",29.707055,-95.769158
BRZ-02590,"NSI Structure 122454060, Fort Bend County, TX",29.684734,-95.677339
BRZ-02591,"NSI Structure 122500397, Fort Bend County, TX",29.712592,-95.834427
BRZ-02592,"NSI Structure 122443574, Fort Bend County, TX",29.582341,-95.61891
BRZ-02593,"NSI Structure 122713798, Fort Bend County, TX",29.665434,-95.610915
BRZ-02594,"NSI Structure 122525663, Fort Bend County, TX",29.614624,-95.688535
BRZ-02595,"NSI Structure 122470850, Fort Bend County, TX",29.690851,-95.732026
BRZ-02596,"NSI Structure 122474808, Fort Bend County, TX",29.673884,-95.739657
BRZ-02597,"NSI Structure 122521483, Fort Bend County, TX",29.694544,-95.659778
BRZ-02598,"NSI Structure 122509437, Fort Bend County, TX",29.704158,-95.888591
BRZ-02599,"NSI Structure 122489416, Fort Bend County, TX",29.543575,-95.800583
BRZ-02600,"NSI Structure 122690922, Fort Bend County, TX",29.579987,-95.622293
BRZ-02601,"NSI Structure 122509506, Fort Bend County, TX",29.709942,-95.879046
BRZ-02602,"NSI Structure 122448062, Fort Bend County, TX",29.66462,-95.648518
BRZ-02603,"NSI Structure 122600809, Fort Bend County, TX",29.566584,-95.752861
BRZ-02604,"NSI Structure 122593252, Fort Bend County, TX",29.595441,-95.663015
BRZ-02605,"NSI Structure 122586307, Fort Bend County, TX",29.716382,-95.804746
BRZ-02606,"NSI Structure 122482967, Fort Bend County, TX",29.715045,-95.766994
BRZ-02607,"NSI Structure 122622941, Fort Bend County, TX",29.529276,-95.72636
BRZ-02608,"NSI Structure 124316028, Harris County, TX",29.707166,-95.622898
BRZ-02609,"NSI Structure 122570657, Fort Bend County, TX",29.563616,-95.76818
BRZ-02610,"NSI Structure 122518444, Fort Bend County, TX",29.615776,-95.628157
BRZ-02611,"NSI Structure 123419725, Harris County, TX",29.697347,-95.63332
BRZ-02612,"NSI Structure 122745563, Fort Bend County, TX",29.59117,-95.612166
BRZ-02613,"NSI Structure 122521937, Fort Bend County, TX",29.556913,-95.666699
BRZ-02614,"NSI Structure 122579022, Fort Bend County, TX",29.614138,-95.76345
BRZ-02615,"NSI Structure 122488089, Fort Bend County, TX",29.589982,-95.809849
BRZ-02616,"NSI Structure 122532833, Fort Bend County, TX",29.685245,-95.747098
BRZ-02617,"NSI Structure 123328248, Harris County, TX",29.70245,-95.646907
BRZ-02618,"NSI Structure 122525632, Fort Bend County, TX",29.618232,-95.690502
BRZ-02619,"NSI Structure 122501405, Fort Bend County, TX",29.712549,-95.850576
BRZ-02620,"NSI Structure 124314325, Harris County, TX",29.681386,-95.608457
BRZ-02621,"NSI Structure 122575447, Fort Bend County, TX",29.632135,-95.646329
BRZ-02622,"NSI Structure 122565963, Fort Bend County, TX",29.679106,-95.657964
BRZ-02623,"NSI Structure 122623291, Fort Bend County, TX",29.527772,-95.726009
BRZ-02624,"NSI Structure 124056857, Harris County, TX",29.69379,-95.611062
BRZ-02625,"NSI Structure 123896780, Harris County, TX",29.71911,-95.623726
BRZ-02626,"NSI Structure 122745024, Fort Bend County, TX",29.606916,-95.621802
BRZ-02627,"NSI Structure 122542988, Fort Bend County, TX",29.701815,-95.833337
BRZ-02628,"NSI Structure 122551329, Fort Bend County, TX",29.69411,-95.677131
BRZ-02629,"NSI Structure 122524980, Fort Bend County, TX",29.587624,-95.692302
BRZ-02630,"NSI Structure 122743180, Fort Bend County, TX",29.666021,-95.678049
BRZ-02631,"NSI Structure 122596930, Fort Bend County, TX",29.557332,-95.662496
BRZ-02632,"NSI Structure 124057425, Harris County, TX",29.716011,-95.612762
BRZ-02633,"NSI Structure 122551948, Fort Bend County, TX",29.552919,-95.685519
BRZ-02634,"NSI Structure 122511464, Fort Bend County, TX",29.682766,-95.899623
BRZ-02635,"NSI Structure 122446459, Fort Bend County, TX",29.572646,-95.640057
BRZ-02636,"NSI Structure 122577800, Fort Bend County, TX",29.61872,-95.730933
BRZ-02637,"NSI Structure 122479570, Fort Bend County, TX",29.700726,-95.752305
BRZ-02638,"NSI Structure 122526044, Fort Bend County, TX",29.596944,-95.687246
BRZ-02639,"NSI Structure 122455246, Fort Bend County, TX",29.650602,-95.669111
BRZ-02640,"NSI Structure 122457978, Fort Bend County, TX",29.688433,-95.685201
BRZ-02641,"NSI Structure 122529061, Fort Bend County, TX",29.614978,-95.732538
BRZ-02642,"NSI Structure 122461561, Fort Bend County, TX",29.675008,-95.697063
BRZ-02643,"NSI Structure 122467199, Fort Bend County, TX",29.677838,-95.717917
BRZ-02644,"NSI Structure 122525102, Fort Bend County, TX",29.596404,-95.687925
BRZ-02645,"NSI Structure 122564723, Fort Bend County, TX",29.664171,-95.631514
BRZ-02646,"NSI Structure 122484148, Fort Bend County, TX",29.55616,-95.775786
BRZ-02647,"NSI Structure 123430186, Harris County, TX",29.710061,-95.660846
BRZ-02648,"NSI Structure 122564422, Fort Bend County, TX",29.631566,-95.635253
BRZ-02649,"NSI Structure 122533060, Fort Bend County, TX",29.580166,-95.750451
BRZ-02650,"NSI Structure 122454039, Fort Bend County, TX",29.684732,-95.677551
BRZ-02651,"NSI Structure 122587938, Fort Bend County, TX",29.660162,-95.640585
BRZ-02652,"NSI Structure 122620982, Fort Bend County, TX",29.528577,-95.740327
BRZ-02653,"NSI Structure 122613190, Fort Bend County, TX",29.711611,-95.861707
BRZ-02654,"NSI Structure 122695578, Fort Bend County, TX",29.584257,-95.60838
BRZ-02655,"NSI Structure 124663022, Harris County, TX",29.691422,-95.615019
BRZ-02656,"NSI Structure 122476373, Fort Bend County, TX",29.602968,-95.74755
BRZ-02657,"NSI Structure 122582845, Fort Bend County, TX",29.587547,-95.668112
BRZ-02658,"NSI Structure 122464543, Fort Bend County, TX",29.693926,-95.713168
BRZ-02659,"NSI Structure 122467582, Fort Bend County, TX",29.640273,-95.73189
BRZ-02660,"NSI Structure 122572540, Fort Bend County, TX",29.539103,-95.817352
BRZ-02661,"NSI Structure 122539415, Fort Bend County, TX",29.693575,-95.800144
BRZ-02662,"NSI Structure 122629968, Fort Bend County, TX",29.519799,-95.77871
BRZ-02663,"NSI Structure 122508993, Fort Bend County, TX",29.703383,-95.882025
BRZ-02664,"NSI Structure 122597475, Fort Bend County, TX",29.585687,-95.691024
BRZ-02665,"NSI Structure 124736336, Harris County, TX",29.709568,-95.60973
BRZ-02666,"NSI Structure 122572603, Fort Bend County, TX",29.562119,-95.817521
BRZ-02667,"NSI Structure 122642729, Fort Bend County, TX",29.519033,-95.672788
BRZ-02668,"NSI Structure 122545537, Fort Bend County, TX",29.715384,-95.854687
BRZ-02669,"NSI Structure 122616972, Fort Bend County, TX",29.673204,-95.628309
BRZ-02670,"NSI Structure 124759979, Harris County, TX",29.669176,-95.602574
BRZ-02671,"NSI Structure 122524735, Fort Bend County, TX",29.647605,-95.682502
BRZ-02672,"NSI Structure 122606326, Fort Bend County, TX",29.549717,-95.690147
BRZ-02673,"NSI Structure 122458370, Fort Bend County, TX",29.683247,-95.691178
BRZ-02674,"NSI Structure 122607399, Fort Bend County, TX",29.548709,-95.686606
BRZ-02675,"NSI Structure 122476660, Fort Bend County, TX",29.557585,-95.745951
BRZ-02676,"NSI Structure 122704790, Fort Bend County, TX",29.548237,-95.616424
BRZ-02677,"NSI Structure 122744323, Fort Bend County, TX",29.493641,-95.811584
BRZ-02678,"NSI Structure 122577114, Fort Bend County, TX",29.56624,-95.695283
BRZ-02679,"NSI Structure 122497527, Fort Bend County, TX",29.671283,-95.828243
BRZ-02680,"NSI Structure 122463603, Fort Bend County, TX",29.694734,-95.703224
BRZ-02681,"NSI Structure 122535242, Fort Bend County, TX",29.702179,-95.764692
BRZ-02682,"NSI Structure 122551247, Fort Bend County, TX",29.693378,-95.677109
BRZ-02683,"NSI Structure 122586281, Fort Bend County, TX",29.590634,-95.80582
BRZ-02684,"NSI Structure 122614947, Fort Bend County, TX",29.615411,-95.734393
BRZ-02685,"NSI Structure 122509454, Fort Bend County, TX",29.70749,-95.875769
BRZ-02686,"NSI Structure 123338281, Harris County, TX",29.713105,-95.664392
BRZ-02687,"NSI Structure 122690898, Fort Bend County, TX",29.645378,-95.62304
BRZ-02688,"NSI Structure 122631434, Fort Bend County, TX",29.517427,-95.803282
BRZ-02689,"NSI Structure 122525869, Fort Bend County, TX",29.540066,-95.690605
BRZ-02690,"NSI Structure 122569809, Fort Bend County, TX",29.677149,-95.742667
BRZ-02691,"NSI Structure 122690703, Fort Bend County, TX",29.556369,-95.625147
BRZ-02692,"NSI Structure 122541338, Fort Bend County, TX",29.693654,-95.820587
BRZ-02693,"NSI Structure 122488590, Fort Bend County, TX",29.608006,-95.791714
BRZ-02694,"NSI Structure 122492166, Fort Bend County, TX",29.550255,-95.804009
BRZ-02695,"NSI Structure 122605418, Fort Bend County, TX",29.703569,-95.787121
BRZ-02696,"NSI Structure 122591105, Fort Bend County, TX",29.630389,-95.790515
BRZ-02697,"NSI Structure 123326896, Harris County, TX",29.716313,-95.641883
BRZ-02698,"NSI Structure 122612874, Fort Bend County, TX",29.696702,-95.717016
BRZ-02699,"NSI Structure 122536334, Fort Bend County, TX",29.586942,-95.774878
BRZ-02700,"NSI Structure 122626258, Fort Bend County, TX",29.492765,-95.770293
BRZ-02701,"NSI Structure 122447776, Fort Bend County, TX",29.679456,-95.648099
BRZ-02702,"NSI Structure 122571151, Fort Bend County, TX",29.585357,-95.772743
BRZ-02703,"NSI Structure 122606752, Fort Bend County, TX",29.555028,-95.793821
BRZ-02704,"NSI Structure 122495030, Fort Bend County, TX",29.550241,-95.826606
BRZ-02705,"NSI Structure 122567973, Fort Bend County, TX",29.699828,-95.699652
BRZ-02706,"NSI Structure 123888963, Harris County, TX",29.706025,-95.611019
BRZ-02707,"NSI Structure 122444121, Fort Bend County, TX",29.571712,-95.630037
BRZ-02708,"NSI Structure 122550286, Fort Bend County, TX",29.688549,-95.668168
BRZ-02709,"NSI Structure 122696048, Fort Bend County, TX",29.64519,-95.621805
BRZ-02710,"NSI Structure 122487917, Fort Bend County, TX",29.571757,-95.802022
BRZ-02711,"NSI Structure 122593841, Fort Bend County, TX",29.667046,-95.688487
BRZ-02712,"NSI Structure 122461369, Fort Bend County, TX",29.67753,-95.711158
BRZ-02713,"NSI Structure 122487952, Fort Bend County, TX",29.588951,-95.809579
BRZ-02714,"NSI Structure 123344775, Harris County, TX",29.706229,-95.675341
BRZ-02715,"NSI Structure 122452061, Fort Bend County, TX",29.594081,-95.670276
BRZ-02716,"NSI Structure 122531908, Fort Bend County, TX",29.538114,-95.726454
BRZ-02717,"NSI Structure 122640525, Fort Bend County, TX",29.475345,-95.853313
BRZ-02718,"NSI Structure 122534216, Fort Bend County, TX",29.563582,-95.754413
BRZ-02719,"NSI Structure 122622501, Fort Bend County, TX",29.503487,-95.721203
BRZ-02720,"NSI Structure 122622531, Fort Bend County, TX",29.510704,-95.72936
BRZ-02721,"NSI Structure 122704818, Fort Bend County, TX",29.658054,-95.620665
BRZ-02722,"NSI Structure 122444849, Fort Bend County, TX",29.59616,-95.636551
BRZ-02723,"NSI Structure 122629573, Fort Bend County, TX",29.512003,-95.824866
BRZ-02724,"NSI Structure 122602129, Fort Bend County, TX",29.550918,-95.657523
BRZ-02725,"NSI Structure 122615981, Fort Bend County, TX",29.703879,-95.748488
BRZ-02726,"NSI Structure 122627002, Fort Bend County, TX",29.486719,-95.768233
BRZ-02727,"NSI Structure 122606552, Fort Bend County, TX",29.591731,-95.770466
BRZ-02728,"NSI Structure 123499592, Harris County, TX",29.702266,-95.661967
BRZ-02729,"NSI Structure 122462645, Fort Bend County, TX",29.699478,-95.704388
BRZ-02730,"NSI Structure 122529564, Fort Bend County, TX",29.655827,-95.729062
BRZ-02731,"NSI Structure 122452042, Fort Bend County, TX",29.594385,-95.678223
BRZ-02732,"NSI Structure 123894233, Harris County, TX",29.701088,-95.619332
BRZ-02733,"NSI Structure 122530244, Fort Bend County, TX",29.708911,-95.732737
BRZ-02734,"NSI Structure 122453152, Fort Bend County, TX",29.691675,-95.674243
BRZ-02735,"NSI Structure 122450146, Fort Bend County, TX",29.683035,-95.658177
BRZ-02736,"NSI Structure 122489119, Fort Bend County, TX",29.706603,-95.798045
BRZ-02737,"NSI Structure 122667168, Fort Bend County, TX",29.574895,-95.610578
BRZ-02738,"NSI Structure 122550354, Fort Bend County, TX",29.596296,-95.66946
BRZ-02739,"NSI Structure 123483200, Harris County, TX",29.713236,-95.647283
BRZ-02740,"NSI Structure 122496630, Fort Bend County, TX",29.665731,-95.827926
BRZ-02741,"NSI Structure 122640978, Fort Bend County, TX",29.518799,-95.74967
BRZ-02742,"NSI Structure 122575437, Fort Bend County, TX",29.632598,-95.647359
BRZ-02743,"NSI Structure 122578114, Fort Bend County, TX",29.648854,-95.736436
BRZ-02744,"NSI Structure 122484896, Fort Bend County, TX",29.694108,-95.782269
BRZ-02745,"NSI Structure 122458377, Fort Bend County, TX",29.679061,-95.689683
BRZ-02746,"NSI Structure 122599928, Fort Bend County, TX",29.548361,-95.678732
BRZ-02747,"NSI Structure 122637056, Fort Bend County, TX",29.511769,-95.823918
BRZ-02748,"NSI Structure 122455813, Fort Bend County, TX",29.666457,-95.680555
BRZ-02749,"NSI Structure 122540225, Fort Bend County, TX",29.597514,-95.806008
BRZ-02750,"NSI Structure 122490100, Fort Bend County, TX",29.547636,-95.802145
BRZ-02751,"NSI Structure 124313459, Harris County, TX",29.692808,-95.601419
BRZ-02752,"NSI Structure 122522032, Fort Bend County, TX",29.637487,-95.665883
BRZ-02753,"NSI Structure 122553982, Fort Bend County, TX",29.648191,-95.72712
BRZ-02754,"NSI Structure 122699871, Fort Bend County, TX",29.654041,-95.612151
BRZ-02755,"NSI Structure 124365065, Harris County, TX",29.691403,-95.616064
BRZ-02756,"NSI Structure 122715541, Fort Bend County, TX",29.561068,-95.603176
BRZ-02757,"NSI Structure 122561435, Fort Bend County, TX",29.709522,-95.838054
BRZ-02758,"NSI Structure 124058275, Harris County, TX",29.707778,-95.613787
BRZ-02759,"NSI Structure 122630674, Fort Bend County, TX",29.45165,-95.83897
BRZ-02760,"NSI Structure 122566686, Fort Bend County, TX",29.696939,-95.679293
BRZ-02761,"NSI Structure 122450660, Fort Bend County, TX",29.675242,-95.671531
BRZ-02762,"NSI Structure 122509274, Fort Bend County, TX",29.708356,-95.881826
BRZ-02763,"NSI Structure 122465260, Fort Bend County, TX",29.681227,-95.712135
BRZ-02764,"NSI Structure 122444157, Fort Bend County, TX",29.567676,-95.627762
BRZ-02765,"NSI Structure 122525679, Fort Bend County, TX",29.61313,-95.686369
BRZ-02766,"NSI Structure 122597364, Fort Bend County, TX",29.544611,-95.689192
BRZ-02767,"NSI Structure 122624585, Fort Bend County, TX",29.533329,-95.737878
BRZ-02768,"NSI Structure 124170068, Harris County, TX",29.6841,-95.613548
BRZ-02769,"NSI Structure 122620918, Fort Bend County, TX",29.535517,-95.740555
BRZ-02770,"NSI Structure 122667208, Fort Bend County, TX",29.663121,-95.611806
BRZ-02771,"NSI Structure 122503086, Fort Bend County, TX",29.553907,-95.859808
BRZ-02772,"NSI Structure 122470636, Fort Bend County, TX",29.6849,-95.728243
BRZ-02773,"NSI Structure 124364433, Harris County, TX",29.711055,-95.607798
BRZ-02774,"NSI Structure 122462264, Fort Bend County, TX",29.552249,-95.712017
BRZ-02775,"NSI Structure 124169935, Harris County, TX",29.687629,-95.611595
BRZ-02776,"NSI Structure 122541684, Fort Bend County, TX",29.636031,-95.816397
BRZ-02777,"NSI Structure 122600912, Fort Bend County, TX",29.5706,-95.766275
BRZ-02778,"NSI Structure 124056868, Harris County, TX",29.692466,-95.612895
BRZ-02779,"NSI Structure 122577569, Fort Bend County, TX",29.650189,-95.725539
BRZ-02780,"NSI Structure 122599923, Fort Bend County, TX",29.549174,-95.678578
BRZ-02781,"NSI Structure 123317358, Harris County, TX",29.679291,-95.627958
BRZ-02782,"NSI Structure 122643621, Fort Bend County, TX",29.450937,-95.789135
BRZ-02783,"NSI Structure 122620390, Fort Bend County, TX",29.53561,-95.716111
BRZ-02784,"NSI Structure 122566573, Fort Bend County, TX",29.686152,-95.673895
BRZ-02785,"NSI Structure 122463538, Fort Bend County, TX",29.68915,-95.709004
BRZ-02786,"NSI Structure 122455972, Fort Bend County, TX",29.598256,-95.681651
BRZ-02787,"NSI Structure 122706048, Fort Bend County, TX",29.580731,-95.620151
BRZ-02788,"NSI Structure 122553329, Fort Bend County, TX",29.682509,-95.720848
BRZ-02789,"NSI Structure 122632517, Fort Bend County, TX",29.493293,-95.811498
BRZ-02790,"NSI Structure 122594110, Fort Bend County, TX",29.675814,-95.695482
BRZ-02791,"NSI Structure 124058299, Harris County, TX",29.70942,-95.613431
BRZ-02792,"NSI Structure 122501795, Fort Bend County, TX",29.715871,-95.850423
BRZ-02793,"NSI Structure 122617678, Fort Bend County, TX",29.562558,-95.804468
BRZ-02794,"NSI Structure 122567409, Fort Bend County, TX",29.665922,-95.693425
BRZ-02795,"NSI Structure 123341330, Harris County, TX",29.713903,-95.667003
BRZ-02796,"NSI Structure 122600615, Fort Bend County, TX",29.538974,-95.741424
BRZ-02797,"NSI Structure 122626812, Fort Bend County, TX",29.515938,-95.748529
BRZ-02798,"NSI Structure 124364573, Harris County, TX",29.688099,-95.60917
BRZ-02799,"NSI Structure 122556619, Fort Bend County, TX",29.709834,-95.76549
BRZ-02800,"NSI Structure 122742916, Fort Bend County, TX",29.561945,-95.815686
BRZ-02801,"NSI Structure 122593610, Fort Bend County, TX",29.691065,-95.682928
BRZ-02802,"NSI Structure 122641221, Fort Bend County, TX",29.532555,-95.732282
BRZ-02803,"NSI Structure 124315493, Harris County, TX",29.678981,-95.617079
BRZ-02804,"NSI Structure 122616065, Fort Bend County, TX",29.548608,-95.799376
BRZ-02805,"NSI Structure 122596798, Fort Bend County, TX",29.651229,-95.653326
BRZ-02806,"NSI Structure 122569962, Fort Bend County, TX",29.697619,-95.751993
BRZ-02807,"NSI Structure 122613513, Fort Bend County, TX",29.544619,-95.79083
BRZ-02808,"NSI Structure 122473526, Fort Bend County, TX",29.562652,-95.745765
BRZ-02809,"NSI Structure 122498871, Fort Bend County, TX",29.690811,-95.831994
BRZ-02810,"NSI Structure 122541475, Fort Bend County, TX",29.693633,-95.820247
BRZ-02811,"NSI Structure 122444609, Fort Bend County, TX",29.649238,-95.62981
BRZ-02812,"NSI Structure 122581330, Fort Bend County, TX",29.718792,-95.876684
BRZ-02813,"NSI Structure 122588627, Fort Bend County, TX",29.648917,-95.672974
BRZ-02814,"NSI Structure 122468575, Fort Bend County, TX",29.558155,-95.719726
BRZ-02815,"NSI Structure 122518970, Fort Bend County, TX",29.562022,-95.6322
BRZ-02816,"NSI Structure 122543147, Fort Bend County, TX",29.70252,-95.831108
BRZ-02817,"NSI Structure 122551117, Fort Bend County, TX",29.681531,-95.677535
BRZ-02818,"NSI Structure 122610563, Fort Bend County, TX",29.577668,-95.619844
BRZ-02819,"NSI Structure 123497734, Harris County, TX",29.688846,-95.636333
BRZ-02820,"NSI Structure 122590656, Fort Bend County, TX",29.70806,-95.779091
BRZ-02821,"NSI Structure 122448036, Fort Bend County, TX",29.664547,-95.651049
BRZ-02822,"NSI Structure 122494753, Fort Bend County, TX",29.696974,-95.825579
BRZ-02823,"NSI Structure 122477828, Fort Bend County, TX",29.687019,-95.758054
BRZ-02824,"NSI Structure 122520664, Fort Bend County, TX",29.657693,-95.648165
BRZ-02825,"NSI Structure 122524325, Fort Bend County, TX",29.627541,-95.680297
BRZ-02826,"NSI Structure 122444947, Fort Bend County, TX",29.559746,-95.635367
BRZ-02827,"NSI Structure 122474862, Fort Bend County, TX",29.666345,-95.740722
BRZ-02828,"NSI Structure 122534006, Fort Bend County, TX",29.597859,-95.751531
BRZ-02829,"NSI Structure 122596057, Fort Bend County, TX",29.701097,-95.864096
BRZ-02830,"NSI Structure 122595503, Fort Bend County, TX",29.6848,-95.804972
BRZ-02831,"NSI Structure 123433378, Harris County, TX",29.710515,-95.676125
BRZ-02832,"NSI Structure 124736412, Harris County, TX",29.709223,-95.609224
BRZ-02833,"NSI Structure 122535559, Fort Bend County, TX",29.713495,-95.768442
BRZ-02834,"NSI Structure 122447358, Fort Bend County, TX",29.672233,-95.651793
BRZ-02835,"NSI Structure 122461895, Fort Bend County, TX",29.676383,-95.695691
BRZ-02836,"NSI Structure 122568093, Fort Bend County, TX",29.653806,-95.702063
BRZ-02837,"NSI Structure 122571871, Fort Bend County, TX",29.697691,-95.788384
BRZ-02838,"NSI Structure 122689806, Fort Bend County, TX",29.545669,-95.602189
BRZ-02839,"NSI Structure 122565118, Fort Bend County, TX",29.662135,-95.634449
BRZ-02840,"NSI Structure 122584506, Fort Bend County, TX",29.695034,-95.733196
BRZ-02841,"NSI Structure 122524599, Fort Bend County, TX",29.623784,-95.682277
BRZ-02842,"NSI Structure 122532632, Fort Bend County, TX",29.648055,-95.744322
BRZ-02843,"NSI Structure 122690352, Fort Bend County, TX",29.541113,-95.613879
BRZ-02844,"NSI Structure 122464706, Fort Bend County, TX",29.697451,-95.710314
BRZ-02845,"NSI Structure 122585453, Fort Bend County, TX",29.687987,-95.764285
BRZ-02846,"NSI Structure 122514350, Fort Bend County, TX",29.678033,-95.899411
BRZ-02847,"NSI Structure 123424820, Harris County, TX",29.69789,-95.639962
BRZ-02848,"NSI Structure 122548181, Fort Bend County, TX",29.574331,-95.630794
BRZ-02849,"NSI Structure 122566116, Fort Bend County, TX",29.649837,-95.664869
BRZ-02850,"NSI Structure 122529744, Fort Bend County, TX",29.701901,-95.73044
BRZ-02851,"NSI Structure 122690589, Fort Bend County, TX",29.535095,-95.61473
BRZ-02852,"NSI Structure 122609828, Fort Bend County, TX",29.652376,-95.752313
BRZ-02853,"NSI Structure 122628563, Fort Bend County, TX",29.503117,-95.761926
BRZ-02854,"NSI Structure 122571869, Fort Bend County, TX",29.697392,-95.789917
BRZ-02855,"NSI Structure 122558859, Fort Bend County, TX",29.719775,-95.795395
BRZ-02856,"NSI Structure 122522601, Fort Bend County, TX",29.638632,-95.666486
BRZ-02857,"NSI Structure 122682825, Fort Bend County, TX",29.646906,-95.624158
BRZ-02858,"NSI Structure 123499814, Harris County, TX",29.697126,-95.660919
BRZ-02859,"NSI Structure 122523837, Fort Bend County, TX",29.544261,-95.674206
BRZ-02860,"NSI Structure 122743464, Fort Bend County, TX",29.583743,-95.767858
BRZ-02861,"NSI Structure 122575418, Fort Bend County, TX",29.669345,-95.646204
BRZ-02862,"NSI Structure 122623445, Fort Bend County, TX",29.512793,-95.726336
BRZ-02863,"NSI Structure 122529378, Fort Bend County, TX",29.677979,-95.730454
BRZ-02864,"NSI Structure 122618868, Fort Bend County, TX",29.663319,-95.692049
BRZ-02865,"NSI Structure 122453616, Fort Bend County, TX",29.619975,-95.675643
BRZ-02866,"NSI Structure 122591633, Fort Bend County, TX",29.719482,-95.820498
BRZ-02867,"NSI Structure 122627236, Fort Bend County, TX",29.488347,-95.768428
BRZ-02868,"NSI Structure 122638429, Fort Bend County, TX",29.515836,-95.671645
BRZ-02869,"NSI Structure 122605151, Fort Bend County, TX",29.707728,-95.759005
BRZ-02870,"NSI Structure 122538362, Fort Bend County, TX",29.619129,-95.792207
BRZ-02871,"NSI Structure 122600349, Fort Bend County, TX",29.711643,-95.732179
BRZ-02872,"NSI Structure 122578306, Fort Bend County, TX",29.583153,-95.742784
BRZ-02873,"NSI Structure 122597556, Fort Bend County, TX",29.541676,-95.692061
BRZ-02874,"NSI Structure 122695454, Fort Bend County, TX",29.604024,-95.607129
BRZ-02875,"NSI Structure 122682623, Fort Bend County, TX",29.642877,-95.623331
BRZ-02876,"NSI Structure 122682170, Fort Bend County, TX",29.538515,-95.613875
BRZ-02877,"NSI Structure 122490190, Fort Bend County, TX",29.544118,-95.79688
BRZ-02878,"NSI Structure 122497547, Fort Bend County, TX",29.673749,-95.829331
BRZ-02879,"NSI Structure 122458206, Fort Bend County, TX",29.537232,-95.687512
BRZ-02880,"NSI Structure 122445887, Fort Bend County, TX",29.676541,-95.637771
BRZ-02881,"NSI Structure 122563182, Fort Bend County, TX",29.705795,-95.876875
BRZ-02882,"NSI Structure 122618407, Fort Bend County, TX",29.530968,-95.760269
BRZ-02883,"NSI Structure 122585384, Fort Bend County, TX",29.694665,-95.75567
BRZ-02884,"NSI Structure 124620855, Harris County, TX",29.684515,-95.61746
BRZ-02885,"NSI Structure 122561953, Fort Bend County, TX",29.709816,-95.842153
BRZ-02886,"NSI Structure 122477577, Fort Bend County, TX",29.666541,-95.748505
BRZ-02887,"NSI Structure 122506312, Fort Bend County, TX",29.708603,-95.867241
BRZ-02888,"NSI Structure 122478005, Fort Bend County, TX",29.690926,-95.765593
BRZ-02889,"NSI Structure 122487432, Fort Bend County, TX",29.69042,-95.79134
BRZ-02890,"NSI Structure 122596608, Fort Bend County, TX",29.66365,-95.637437
BRZ-02891,"NSI Structure 122451380, Fort Bend County, TX",29.543305,-95.665445
BRZ-02892,"NSI Structure 123536068, Harris County, TX",29.698968,-95.627234
BRZ-02893,"NSI Structure 123419537, TX",29.678908,-95.631249
BRZ-02894,"NSI Structure 122490642, Fort Bend County, TX",29.703359,-95.808064
BRZ-02895,"NSI Structure 122475436, Fort Bend County, TX",29.63492,-95.743286
BRZ-02896,"NSI Structure 122518629, Fort Bend County, TX",29.660719,-95.631539
BRZ-02897,"NSI Structure 122470068, Fort Bend County, TX",29.565025,-95.726692
BRZ-02898,"NSI Structure 123460122, Harris County, TX",29.682939,-95.636861
BRZ-02899,"NSI Structure 122554832, Fort Bend County, TX",29.537784,-95.738492
BRZ-02900,"NSI Structure 122557073, Fort Bend County, TX",29.641399,-95.768498
BRZ-02901,"NSI Structure 122548719, Fort Bend County, TX",29.6258,-95.635515
BRZ-02902,"NSI Structure 122450787, Fort Bend County, TX",29.556104,-95.660479
BRZ-02903,"NSI Structure 122625553, Fort Bend County, TX",29.522298,-95.750108
BRZ-02904,"NSI Structure 122681107, Fort Bend County, TX",29.596084,-95.606825
BRZ-02905,"NSI Structure 122457558, Fort Bend County, TX",29.696241,-95.685174
BRZ-02906,"NSI Structure 122522642, Fort Bend County, TX",29.684843,-95.667986
BRZ-02907,"NSI Structure 122534236, Fort Bend County, TX",29.564194,-95.755497
BRZ-02908,"NSI Structure 122682566, Fort Bend County, TX",29.642652,-95.620323
BRZ-02909,"NSI Structure 122551210, Fort Bend County, TX",29.632605,-95.678584
BRZ-02910,"NSI Structure 122565657, Fort Bend County, TX",29.686552,-95.653988
BRZ-02911,"NSI Structure 122468448, Fort Bend County, TX",29.636063,-95.721861
BRZ-02912,"NSI Structure 122600715, Fort Bend County, TX",29.650712,-95.748841
BRZ-02913,"NSI Structure 124466066, Harris County, TX",29.697147,-95.607893
BRZ-02914,"NSI Structure 122640995, Fort Bend County, TX",29.518493,-95.749851
BRZ-02915,"NSI Structure 122681367, Fort Bend County, TX",29.584075,-95.602233
BRZ-02916,"NSI Structure 122479360, Fort Bend County, TX",29.581775,-95.752043
BRZ-02917,"NSI Structure 122578323, Fort Bend County, TX",29.582114,-95.744481
BRZ-02918,"NSI Structure 124054116, Harris County, TX",29.668342,-95.601777
BRZ-02919,"NSI Structure 124465743, Harris County, TX",29.685248,-95.602208
BRZ-02920,"NSI Structure 123461998, Harris County, TX",29.694598,-95.651178
BRZ-02921,"NSI Structure 122681380, Fort Bend County, TX",29.585866,-95.603973
BRZ-02922,"NSI Structure 122542656, Fort Bend County, TX",29.701081,-95.828157
BRZ-02923,"NSI Structure 122472803, Fort Bend County, TX",29.57086,-95.735797
BRZ-02924,"NSI Structure 122615747, Fort Bend County, TX",29.577491,-95.766191
BRZ-02925,"NSI Structure 122471795, Fort Bend County, TX",29.677835,-95.732968
BRZ-02926,"NSI Structure 122554437, Fort Bend County, TX",29.56524,-95.738071
BRZ-02927,"NSI Structure 122570174, Fort Bend County, TX",29.695011,-95.757151
BRZ-02928,"NSI Structure 122625850, Fort Bend County, TX",29.49048,-95.767286
BRZ-02929,"NSI Structure 122481472, Fort Bend County, TX",29.634432,-95.759636
BRZ-02930,"NSI Structure 122606434, Fort Bend County, TX",29.559718,-95.740283
BRZ-02931,"NSI Structure 122445311, Fort Bend County, TX",29.649319,-95.633578
BRZ-02932,"NSI Structure 122523516, Fort Bend County, TX",29.679635,-95.67295
BRZ-02933,"NSI Structure 122598240, Fort Bend County, TX",29.566081,-95.775211
BRZ-02934,"NSI Structure 123496665, Harris County, TX",29.702692,-95.627046
BRZ-02935,"NSI Structure 122533444, Fort Bend County, TX",29.668222,-95.750016
BRZ-02936,"NSI Structure 122625163, Fort Bend County, TX",29.520399,-95.736647
BRZ-02937,"NSI Structure 122614341, Fort Bend County, TX",29.550077,-95.782937
BRZ-02938,"NSI Structure 122468790, Fort Bend County, TX",29.653198,-95.720748
BRZ-02939,"NSI Structure 122609770, Fort Bend County, TX",29.563728,-95.734629
BRZ-02940,"NSI Structure 122629048, Fort Bend County, TX",29.497979,-95.774597
BRZ-02941,"NSI Structure 122519408, Fort Bend County, TX",29.641226,-95.634623
BRZ-02942,"NSI Structure 122545601, Fort Bend County, TX",29.711691,-95.855607
BRZ-02943,"NSI Structure 122629476, Fort Bend County, TX",29.512847,-95.822988
BRZ-02944,"NSI Structure 122551508, Fort Bend County, TX",29.664835,-95.680392
BRZ-02945,"NSI Structure 124624339, Harris County, TX",29.690247,-95.602932
BRZ-02946,"NSI Structure 122456902, Fort Bend County, TX",29.662719,-95.683019
BRZ-02947,"NSI Structure 124054575, Harris County, TX",29.718678,-95.603863
BRZ-02948,"NSI Structure 122565895, Fort Bend County, TX",29.679131,-95.657658
BRZ-02949,"NSI Structure 122528775, Fort Bend County, TX",29.606037,-95.725143
BRZ-02950,"NSI Structure 122566809, Fort Bend County, TX",29.699554,-95.684437
BRZ-02951,"NSI Structure 122464635, Fort Bend County, TX",29.687837,-95.696036
BRZ-02952,"NSI Structure 122604942, Fort Bend County, TX",29.676165,-95.732423
BRZ-02953,"NSI Structure 122589204, Fort Bend County, TX",29.542037,-95.696257
BRZ-02954,"NSI Structure 122489390, Fort Bend County, TX",29.687142,-95.798009
BRZ-02955,"NSI Structure 122470549, Fort Bend County, TX",29.62717,-95.729928
BRZ-02956,"NSI Structure 122615252, Fort Bend County, TX",29.70984,-95.744167
BRZ-02957,"NSI Structure 122530253, Fort Bend County, TX",29.709728,-95.734942
BRZ-02958,"NSI Structure 122541484, Fort Bend County, TX",29.69317,-95.819934
BRZ-02959,"NSI Structure 122695910, Fort Bend County, TX",29.542908,-95.615774
BRZ-02960,"NSI Structure 122613962, Fort Bend County, TX",29.549773,-95.789731
BRZ-02961,"NSI Structure 124759535, Harris County, TX",29.683019,-95.607552
BRZ-02962,"NSI Structure 122548995, Fort Bend County, TX",29.57871,-95.63889
BRZ-02963,"NSI Structure 122446067, Fort Bend County, TX",29.666101,-95.639322
BRZ-02964,"NSI Structure 123341453, Harris County, TX",29.70183,-95.669409
BRZ-02965,"NSI Structure 122623244, Fort Bend County, TX",29.52452,-95.724727
BRZ-02966,"NSI Structure 122455185, Fort Bend County, TX",29.650768,-95.661877
BRZ-02967,"NSI Structure 122519914, Fort Bend County, TX",29.670474,-95.640964
BRZ-02968,"NSI Structure 122620371, Fort Bend County, TX",29.531524,-95.707874
BRZ-02969,"NSI Structure 122474033, Fort Bend County, TX",29.638297,-95.73802
BRZ-02970,"NSI Structure 122560896, Fort Bend County, TX",29.689495,-95.831086
BRZ-02971,"NSI Structure 122523496, Fort Bend County, TX",29.593819,-95.671341
BRZ-02972,"NSI Structure 122580651, Fort Bend County, TX",29.716982,-95.826707
BRZ-02973,"NSI Structure 122500052, Fort Bend County, TX",29.699592,-95.844153
BRZ-02974,"NSI Structure 122457110, Fort Bend County, TX",29.652608,-95.686934
BRZ-02975,"NSI Structure 122453233, Fort Bend County, TX",29.681127,-95.674893
BRZ-02976,"NSI Structure 122667415, Fort Bend County, TX",29.657056,-95.609305
BRZ-02977,"NSI Structure 122682538, Fort Bend County, TX",29.640385,-95.620909
BRZ-02978,"NSI Structure 122708620, Fort Bend County, TX",29.612224,-95.616722
BRZ-02979,"NSI Structure 122456172, Fort Bend County, TX",29.697857,-95.682976
BRZ-02980,"NSI Structure 122453319, Fort Bend County, TX",29.635882,-95.677052
BRZ-02981,"NSI Structure 122463861, Fort Bend County, TX",29.687352,-95.70345
BRZ-02982,"NSI Structure 122450754, Fort Bend County, TX",29.576657,-95.659748
BRZ-02983,"NSI Structure 122564299, Fort Bend County, TX",29.553617,-95.625904
BRZ-02984,"NSI Structure 122532637, Fort Bend County, TX",29.648685,-95.742556
BRZ-02985,"NSI Structure 122681713, Fort Bend County, TX",29.541761,-95.608463
BRZ-02986,"NSI Structure 122568851, Fort Bend County, TX",29.697267,-95.721112
BRZ-02987,"NSI Structure 122520127, Fort Bend County, TX",29.653837,-95.645971
BRZ-02988,"NSI Structure 122491100, Fort Bend County, TX",29.692332,-95.809382
BRZ-02989,"NSI Structure 122640550, Fort Bend County, TX",29.470823,-95.873418
BRZ-02990,"NSI Structure 122497559, Fort Bend County, TX",29.680941,-95.837066
BRZ-02991,"NSI Structure 122569067, Fort Bend County, TX",29.708509,-95.733913
BRZ-02992,"NSI Structure 122620948, Fort Bend County, TX",29.531073,-95.740357
BRZ-02993,"NSI Structure 122565976, Fort Bend County, TX",29.677697,-95.661674
BRZ-02994,"NSI Structure 122690342, Fort Bend County, TX",29.538883,-95.613119
BRZ-02995,"NSI Structure 123464644, Harris County, TX",29.711317,-95.667983
BRZ-02996,"NSI Structure 122466161, Fort Bend County, TX",29.567207,-95.715123
BRZ-02997,"NSI Structure 122745053, Fort Bend County, TX",29.605117,-95.622078
BRZ-02998,"NSI Structure 122578869, Fort Bend County, TX",29.699192,-95.747328
BRZ-02999,"NSI Structure 122622140, Fort Bend County, TX",29.535821,-95.719233
BRZ-03000,"NSI Structure 122643812, Fort Bend County, TX",29.471195,-95.802467
BRZ-03001,"NSI Structure 122567805, Fort Bend County, TX",29.580422,-95.694179
BRZ-03002,"NSI Structure 124058258, Harris County, TX",29.709719,-95.61353
BRZ-03003,"NSI Structure 122528064, Fort Bend County, TX",29.559309,-95.709388
BRZ-03004,"NSI Structure 122570474, Fort Bend County, TX",29.548981,-95.765075
BRZ-03005,"NSI Structure 122594870, Fort Bend County, TX",29.567481,-95.772954
BRZ-03006,"NSI Structure 122571167, Fort Bend County, TX",29.583029,-95.775037
BRZ-03007,"NSI Structure 122548280, Fort Bend County, TX",29.661036,-95.632374
BRZ-03008,"NSI Structure 122478753, Fort Bend County, TX",29.661277,-95.748594
BRZ-03009,"NSI Structure 122577224, Fort Bend County, TX",29.696168,-95.699211
BRZ-03010,"NSI Structure 122525028, Fort Bend County, TX",29.588423,-95.693124
BRZ-03011,"NSI Structure 122635324, Fort Bend County, TX",29.51467,-95.719474
BRZ-03012,"NSI Structure 122491168, Fort Bend County, TX",29.69331,-95.809745
BRZ-03013,"NSI Structure 122520681, Fort Bend County, TX",29.661466,-95.647195
BRZ-03014,"NSI Structure 122593144, Fort Bend County, TX",29.685025,-95.656875
BRZ-03015,"NSI Structure 122601047, Fort Bend County, TX",29.548233,-95.784157
BRZ-03016,"NSI Structure 122585601, Fort Bend County, TX",29.706801,-95.772968
BRZ-03017,"NSI Structure 122600072, Fort Bend County, TX",29.69383,-95.691005
BRZ-03018,"NSI Structure 122576835, Fort Bend County, TX",29.553958,-95.687402
BRZ-03019,"NSI Structure 122613471, Fort Bend County, TX",29.576125,-95.756482
BRZ-03020,"NSI Structure 122586429, Fort Bend County, TX",29.561624,-95.810459
BRZ-03021,"NSI Structure 122581319, Fort Bend County, TX",29.71922,-95.877532
BRZ-03022,"NSI Structure 122526211, Fort Bend County, TX",29.693676,-95.690017
BRZ-03023,"NSI Structure 122582731, Fort Bend County, TX",29.585431,-95.666373
BRZ-03024,"NSI Structure 122460127, Fort Bend County, TX",29.704903,-95.698565
BRZ-03025,"NSI Structure 122486125, Fort Bend County, TX",29.716153,-95.78152
BRZ-03026,"NSI Structure 122469567, Fort Bend County, TX",29.669158,-95.723796
BRZ-03027,"NSI Structure 122555913, Fort Bend County, TX",29.703084,-95.749971
BRZ-03028,"NSI Structure 122556537, Fort Bend County, TX",29.711593,-95.763214
BRZ-03029,"NSI Structure 122541666, Fort Bend County, TX",29.633651,-95.815837
BRZ-03030,"NSI Structure 122509513, Fort Bend County, TX",29.708814,-95.881491
BRZ-03031,"NSI Structure 122450002, Fort Bend County, TX",29.684068,-95.659916
BRZ-03032,"NSI Structure 123463777, Harris County, TX",29.705869,-95.661876
BRZ-03033,"NSI Structure 122520480, Fort Bend County, TX",29.687894,-95.64722
BRZ-03034,"NSI Structure 122589198, Fort Bend County, TX",29.542563,-95.698069
BRZ-03035,"NSI Structure 122585727, Fort Bend County, TX",29.552995,-95.778626
BRZ-03036,"NSI Structure 123888838, Harris County, TX",29.698075,-95.611075
BRZ-03037,"NSI Structure 122484109, Fort Bend County, TX",29.709411,-95.772782
BRZ-03038,"NSI Structure 122682084, Fort Bend County, TX",29.595093,-95.614523
BRZ-03039,"NSI Structure 122539554, Fort Bend County, TX",29.692088,-95.797644
BRZ-03040,"NSI Structure 122470501, Fort Bend County, TX",29.620623,-95.726159
BRZ-03041,"NSI Structure 122540398, Fort Bend County, TX",29.599054,-95.805405
BRZ-03042,"NSI Structure 124250559, Harris County, TX",29.66692,-95.602095
BRZ-03043,"NSI Structure 122597154, Fort Bend County, TX",29.596624,-95.676664
BRZ-03044,"NSI Structure 122536483, Fort Bend County, TX",29.646874,-95.775742
BRZ-03045,"NSI Structure 122591807, Fort Bend County, TX",29.687551,-95.833555
BRZ-03046,"NSI Structure 122633636, Fort Bend County, TX",29.506277,-95.834944
BRZ-03047,"NSI Structure 122547719, Fort Bend County, TX",29.673617,-95.627313
BRZ-03048,"NSI Structure 122592781, Fort Bend County, TX",29.670776,-95.635853
BRZ-03049,"NSI Structure 122514004, Fort Bend County, TX",29.675404,-95.894796
BRZ-03050,"NSI Structure 122459841, Fort Bend County, TX",29.687959,-95.690531
BRZ-03051,"NSI Structure 122499103, Fort Bend County, TX",29.698125,-95.834642
BRZ-03052,"NSI Structure 123887349, Harris County, TX",29.710415,-95.607973
BRZ-03053,"NSI Structure 122467207, Fort Bend County, TX",29.677803,-95.718487
BRZ-03054,"NSI Structure 124252004, Harris County, TX",29.715306,-95.611213
BRZ-03055,"NSI Structure 122464571, Fort Bend County, TX",29.686694,-95.702366
BRZ-03056,"NSI Structure 122466349, Fort Bend County, TX",29.679421,-95.71854
BRZ-03057,"NSI Structure 122555934, Fort Bend County, TX",29.70284,-95.752218
BRZ-03058,"NSI Structure 123430355, Harris County, TX",29.715489,-95.663644
BRZ-03059,"NSI Structure 122537064, Fort Bend County, TX",29.702528,-95.780171
BRZ-03060,"NSI Structure 122610833, Fort Bend County, TX",29.574169,-95.663018
BRZ-03061,"NSI Structure 122566907, Fort Bend County, TX",29.541543,-95.69006
BRZ-03062,"NSI Structure 122553568, Fort Bend County, TX",29.617083,-95.723457
BRZ-03063,"NSI Structure 122469452, Fort Bend County, TX",29.60727,-95.723165
BRZ-03064,"NSI Structure 122470602, Fort Bend County, TX",29.624913,-95.72641
BRZ-03065,"NSI Structure 123538974, Harris County, TX",29.710376,-95.674475
BRZ-03066,"NSI Structure 122550335, Fort Bend County, TX",29.594812,-95.667387
BRZ-03067,"NSI Structure 122600220, Fort Bend County, TX",29.558336,-95.720321
BRZ-03068,"NSI Structure 122494429, Fort Bend County, TX",29.546984,-95.817353
BRZ-03069,"NSI Structure 122612573, Fort Bend County, TX",29.559045,-95.812579
BRZ-03070,"NSI Structure 122575109, Fort Bend County, TX",29.659278,-95.637899
BRZ-03071,"NSI Structure 122583767, Fort Bend County, TX",29.6956,-95.695308
BRZ-03072,"NSI Structure 122541710, Fort Bend County, TX",29.633995,-95.81537
BRZ-03073,"NSI Structure 122511507, Fort Bend County, TX",29.677195,-95.888889
BRZ-03074,"NSI Structure 122575852, Fort Bend County, TX",29.641651,-95.667412
BRZ-03075,"NSI Structure 123886042, Harris County, TX",29.681587,-95.605127
BRZ-03076,"NSI Structure 122491468, Fort Bend County, TX",29.686974,-95.802892
BRZ-03077,"NSI Structure 122469142, Fort Bend County, TX",29.563444,-95.731822
BRZ-03078,"NSI Structure 122551160, Fort Bend County, TX",29.692633,-95.677515
BRZ-03079,"NSI Structure 124759489, Harris County, TX",29.685962,-95.603225
BRZ-03080,"NSI Structure 122714187, Fort Bend County, TX",29.536553,-95.608695
BRZ-03081,"NSI Structure 122597590, Fort Bend County, TX",29.677997,-95.698055
BRZ-03082,"NSI Structure 122492733, Fort Bend County, TX",29.708912,-95.813476
BRZ-03083,"NSI Structure 122633201, Fort Bend County, TX",29.529676,-95.822117
BRZ-03084,"NSI Structure 122575906, Fort Bend County, TX",29.677561,-95.669688
BRZ-03085,"NSI Structure 122552795, Fort Bend County, TX",29.5464,-95.695785
BRZ-03086,"NSI Structure 122586163, Fort Bend County, TX",29.557157,-95.799011
BRZ-03087,"NSI Structure 124315471, Harris County, TX",29.685662,-95.615668
BRZ-03088,"NSI Structure 122531197, Fort Bend County, TX",29.560255,-95.736722
BRZ-03089,"NSI Structure 122475872, Fort Bend County, TX",29.584554,-95.745251
BRZ-03090,"NSI Structure 122629172, Fort Bend County, TX",29.524581,-95.82195
BRZ-03091,"NSI Structure 122459540, Fort Bend County, TX",29.587172,-95.685199
BRZ-03092,"NSI Structure 122530116, Fort Bend County, TX",29.663967,-95.734305
BRZ-03093,"NSI Structure 122474045, Fort Bend County, TX",29.636679,-95.737755
BRZ-03094,"NSI Structure 122540467, Fort Bend County, TX",29.612946,-95.807441
BRZ-03095,"NSI Structure 122615450, Fort Bend County, TX",29.599985,-95.649431
BRZ-03096,"NSI Structure 122553151, Fort Bend County, TX",29.688825,-95.717257
BRZ-03097,"NSI Structure 122744093, Fort Bend County, TX",29.556432,-95.658656
BRZ-03098,"NSI Structure 122484251, Fort Bend County, TX",29.553978,-95.777098
BRZ-03099,"NSI Structure 122450943, Fort Bend County, TX",29.583471,-95.665721
BRZ-03100,"NSI Structure 122444105, Fort Bend County, TX",29.570962,-95.629716
BRZ-03101,"NSI Structure 122593141, Fort Bend County, TX",29.684744,-95.656883
BRZ-03102,"NSI Structure 122455713, Fort Bend County, TX",29.659316,-95.681404
BRZ-03103,"NSI Structure 122452940, Fort Bend County, TX",29.643887,-95.674117
BRZ-03104,"NSI Structure 122567119, Fort Bend County, TX",29.702156,-95.690723
BRZ-03105,"NSI Structure 122592058, Fort Bend County, TX",29.700789,-95.849407
BRZ-03106,"NSI Structure 122624817, Fort Bend County, TX",29.529397,-95.733013
BRZ-03107,"NSI Structure 124315785, Harris County, TX",29.702285,-95.618484
BRZ-03108,"NSI Structure 122569619, Fort Bend County, TX",29.622446,-95.746562
BRZ-03109,"NSI Structure 122615461, Fort Bend County, TX",29.586671,-95.653182
BRZ-03110,"NSI Structure 122460988, Fort Bend County, TX",29.682744,-95.695808
BRZ-03111,"NSI Structure 122497946, Fort Bend County, TX",29.670586,-95.828462
BRZ-03112,"NSI Structure 122446151, Fort Bend County, TX",29.5788,-95.636841
BRZ-03113,"NSI Structure 122478130, Fort Bend County, TX",29.711207,-95.748265
BRZ-03114,"NSI Structure 122452683, Fort Bend County, TX",29.648806,-95.674157
BRZ-03115,"NSI Structure 122621822, Fort Bend County, TX",29.528641,-95.716396
BRZ-03116,"NSI Structure 122665852, Fort Bend County, TX",29.594251,-95.600087
BRZ-03117,"NSI Structure 122470893, Fort Bend County, TX",29.666425,-95.729795
BRZ-03118,"NSI Structure 122551402, Fort Bend County, TX",29.545537,-95.679058
BRZ-03119,"NSI Structure 122690891, Fort Bend County, TX",29.661399,-95.623544
BRZ-03120,"NSI Structure 122458630, Fort Bend County, TX",29.581466,-95.689976
BRZ-03121,"NSI Structure 122596399, Fort Bend County, TX",29.583694,-95.62834
BRZ-03122,"NSI Structure 122577121, Fort Bend County, TX",29.660019,-95.698554
BRZ-03123,"NSI Structure 122623980, Fort Bend County, TX",29.509653,-95.73257
BRZ-03124,"NSI Structure 122575494, Fort Bend County, TX",29.688354,-95.657192
BRZ-03125,"NSI Structure 122566251, Fort Bend County, TX",29.582532,-95.673252
BRZ-03126,"NSI Structure 122612516, Fort Bend County, TX",29.547844,-95.783255
BRZ-03127,"NSI Structure 122465584, Fort Bend County, TX",29.703823,-95.713659
BRZ-03128,"NSI Structure 122463513, Fort Bend County, TX",29.686031,-95.702252
BRZ-03129,"NSI Structure 122479592, Fort Bend County, TX",29.711214,-95.752971
BRZ-03130,"NSI Structure 122552649, Fort Bend County, TX",29.545857,-95.697578
BRZ-03131,"NSI Structure 122450546, Fort Bend County, TX",29.676436,-95.673014
BRZ-03132,"NSI Structure 122551186, Fort Bend County, TX",29.69287,-95.679066
BRZ-03133,"NSI Structure 122681365, Fort Bend County, TX",29.588924,-95.603445
BRZ-03134,"NSI Structure 122667099, Fort Bend County, TX",29.595158,-95.612581
BRZ-03135,"NSI Structure 122612892, Fort Bend County, TX",29.642522,-95.72393
BRZ-03136,"NSI Structure 122689773, Fort Bend County, TX",29.543631,-95.604633
BRZ-03137,"NSI Structure 122629708, Fort Bend County, TX",29.510369,-95.832383
BRZ-03138,"NSI Structure 122464752, Fort Bend County, TX",29.702981,-95.703723
BRZ-03139,"NSI Structure 123498802, Harris County, TX",29.712302,-95.646804
BRZ-03140,"NSI Structure 124170057, Harris County, TX",29.68294,-95.612003
BRZ-03141,"NSI Structure 122641132, Fort Bend County, TX",29.516994,-95.752402
BRZ-03142,"NSI Structure 122605152, Fort Bend County, TX",29.707988,-95.758445
BRZ-03143,"NSI Structure 122453480, Fort Bend County, TX",29.629132,-95.676427
BRZ-03144,"NSI Structure 122490962, Fort Bend County, TX",29.690655,-95.802617
BRZ-03145,"NSI Structure 122690332, Fort Bend County, TX",29.586499,-95.613183
BRZ-03146,"NSI Structure 122504059, Fort Bend County, TX",29.717151,-95.861892
BRZ-03147,"NSI Structure 122489288, Fort Bend County, TX",29.684852,-95.796514
BRZ-03148,"NSI Structure 124060568, Harris County, TX",29.706566,-95.622443
BRZ-03149,"NSI Structure 122641106, Fort Bend County, TX",29.517077,-95.751736
BRZ-03150,"NSI Structure 124315801, Harris County, TX",29.710813,-95.617706
BRZ-03151,"NSI Structure 122590350, Fort Bend County, TX",29.592628,-95.767859
BRZ-03152,"NSI Structure 122667250, Fort Bend County, TX",29.664988,-95.611097
BRZ-03153,"NSI Structure 122452261, Fort Bend County, TX",29.555158,-95.671068
BRZ-03154,"NSI Structure 122471167, Fort Bend County, TX",29.712409,-95.736137
BRZ-03155,"NSI Structure 122444283, Fort Bend County, TX",29.620213,-95.621154
BRZ-03156,"NSI Structure 122444290, Fort Bend County, TX",29.615855,-95.622755
BRZ-03157,"NSI Structure 122450024, Fort Bend County, TX",29.682804,-95.660075
BRZ-03158,"NSI Structure 123427500, Harris County, TX",29.691347,-95.651284
BRZ-03159,"NSI Structure 122602105, Fort Bend County, TX",29.558595,-95.657118
BRZ-03160,"NSI Structure 122505043, Fort Bend County, TX",29.698348,-95.86126
BRZ-03161,"NSI Structure 123427707, Harris County, TX",29.700974,-95.649905
BRZ-03162,"NSI Structure 122446052, Fort Bend County, TX",29.666607,-95.636742
BRZ-03163,"NSI Structure 122478571, Fort Bend County, TX",29.648966,-95.749939
BRZ-03164,"NSI Structure 122644249, Fort Bend County, TX",29.514972,-95.817983
BRZ-03165,"NSI Structure 122631264, Fort Bend County, TX",29.501515,-95.854271
BRZ-03166,"NSI Structure 122695837, Fort Bend County, TX",29.591236,-95.61218
BRZ-03167,"NSI Structure 122468760, Fort Bend County, TX",29.653952,-95.720782
BRZ-03168,"NSI Structure 122552110, Fort Bend County, TX",29.600017,-95.68944
BRZ-03169,"NSI Structure 122489515, Fort Bend County, TX",29.540589,-95.7982
BRZ-03170,"NSI Structure 122491144, Fort Bend County, TX",29.697143,-95.805359
BRZ-03171,"NSI Structure 122447156, Fort Bend County, TX",29.654534,-95.641158
BRZ-03172,"NSI Structure 122704908, Fort Bend County, TX",29.664123,-95.624716
BRZ-03173,"NSI Structure 123334681, Harris County, TX",29.711708,-95.657993
BRZ-03174,"NSI Structure 122608274, Fort Bend County, TX",29.713999,-95.848872
BRZ-03175,"NSI Structure 122459376, Fort Bend County, TX",29.544198,-95.69168
BRZ-03176,"NSI Structure 122594060, Fort Bend County, TX",29.541612,-95.693128
BRZ-03177,"NSI Structure 122600379, Fort Bend County, TX",29.649299,-95.733104
BRZ-03178,"NSI Structure 122467619, Fort Bend County, TX",29.630616,-95.725422
BRZ-03179,"NSI Structure 122604532, Fort Bend County, TX",29.685227,-95.655612
BRZ-03180,"NSI Structure 122447892, Fort Bend County, TX",29.665917,-95.649606
BRZ-03181,"NSI Structure 124737086, Harris County, TX",29.700394,-95.605168
BRZ-03182,"NSI Structure 122604561, Fort Bend County, TX",29.685212,-95.653846
BRZ-03183,"NSI Structure 122462186, Fort Bend County, TX",29.693002,-95.698477
BRZ-03184,"NSI Structure 122451058, Fort Bend County, TX",29.581839,-95.666117
BRZ-03185,"NSI Structure 122681798, Fort Bend County, TX",29.660362,-95.610081
BRZ-03186,"NSI Structure 122631520, Fort Bend County, TX",29.514734,-95.802723
BRZ-03187,"NSI Structure 122501765, Fort Bend County, TX",29.71535,-95.850645
BRZ-03188,"NSI Structure 122609465, Fort Bend County, TX",29.627656,-95.636476
BRZ-03189,"NSI Structure 122743360, Fort Bend County, TX",29.625476,-95.626958
BRZ-03190,"NSI Structure 122451312, Fort Bend County, TX",29.693171,-95.666496
BRZ-03191,"NSI Structure 124736744, Harris County, TX",29.70196,-95.611461
BRZ-03192,"NSI Structure 122534067, Fort Bend County, TX",29.669614,-95.751717
BRZ-03193,"NSI Structure 122462921, Fort Bend County, TX",29.699806,-95.704492
BRZ-03194,"NSI Structure 122576715, Fort Bend County, TX",29.679813,-95.693662
BRZ-03195,"NSI Structure 122632787, Fort Bend County, TX",29.491632,-95.81305
BRZ-03196,"NSI Structure 122622569, Fort Bend County, TX",29.533562,-95.714141
BRZ-03197,"NSI Structure 123461675, Harris County, TX",29.703861,-95.649268
BRZ-03198,"NSI Structure 122568245, Fort Bend County, TX",29.684077,-95.711286
BRZ-03199,"NSI Structure 122511605, Fort Bend County, TX",29.686459,-95.889072
BRZ-03200,"NSI Structure 122445559, Fort Bend County, TX",29.631635,-95.633386
BRZ-03201,"NSI Structure 122550334, Fort Bend County, TX",29.596112,-95.669803
BRZ-03202,"NSI Structure 122520601, Fort Bend County, TX",29.65976,-95.64613
BRZ-03203,"NSI Structure 122553135, Fort Bend County, TX",29.564367,-95.714575
BRZ-03204,"NSI Structure 124170291, Harris County, TX",29.698327,-95.613166
BRZ-03205,"NSI Structure 122508984, Fort Bend County, TX",29.702456,-95.874424
BRZ-03206,"NSI Structure 122548301, Fort Bend County, TX",29.611369,-95.631977
BRZ-03207,"NSI Structure 122668261, Fort Bend County, TX",29.658608,-95.616021
BRZ-03208,"NSI Structure 122618581, Fort Bend County, TX",29.565961,-95.769818
BRZ-03209,"NSI Structure 122552408, Fort Bend County, TX",29.548403,-95.685544
BRZ-03210,"NSI Structure 122460335, Fort Bend County, TX",29.537774,-95.697469
BRZ-03211,"NSI Structure 122445611, Fort Bend County, TX",29.661019,-95.632858
BRZ-03212,"NSI Structure 122576579, Fort Bend County, TX",29.644614,-95.683348
BRZ-03213,"NSI Structure 122609692, Fort Bend County, TX",29.677102,-95.693815
BRZ-03214,"NSI Structure 122449171, Fort Bend County, TX",29.555167,-95.655365
BRZ-03215,"NSI Structure 122586043, Fort Bend County, TX",29.547938,-95.793165
BRZ-03216,"NSI Structure 122557022, Fort Bend County, TX",29.562163,-95.768019
BRZ-03217,"NSI Structure 122463878, Fort Bend County, TX",29.69232,-95.703521
BRZ-03218,"NSI Structure 122465016, Fort Bend County, TX",29.69161,-95.713551
BRZ-03219,"NSI Structure 122597759, Fort Bend County, TX",29.675287,-95.728368
BRZ-03220,"NSI Structure 122743228, Fort Bend County, TX",29.682114,-95.636876
BRZ-03221,"NSI Structure 122690784, Fort Bend County, TX",29.556833,-95.622204
BRZ-03222,"NSI Structure 122498022, Fort Bend County, TX",29.678927,-95.831715
BRZ-03223,"NSI Structure 122464464, Fort Bend County, TX",29.696837,-95.71046
BRZ-03224,"NSI Structure 122545607, Fort Bend County, TX",29.714817,-95.867591
BRZ-03225,"NSI Structure 123894419, Harris County, TX",29.718453,-95.61932
BRZ-03226,"NSI Structure 122689858, Fort Bend County, TX",29.542683,-95.603468
BRZ-03227,"NSI Structure 122617335, Fort Bend County, TX",29.637075,-95.672296
BRZ-03228,"NSI Structure 122444193, Fort Bend County, TX",29.617409,-95.62655
BRZ-03229,"NSI Structure 124439341, Harris County, TX",29.71684,-95.622464
BRZ-03230,"NSI Structure 122600758, Fort Bend County, TX",29.600702,-95.752644
BRZ-03231,"NSI Structure 122531328, Fort Bend County, TX",29.623712,-95.738894
BRZ-03232,"NSI Structure 122468125, Fort Bend County, TX",29.638184,-95.725321
BRZ-03233,"NSI Structure 122557219, Fort Bend County, TX",29.555589,-95.770935
BRZ-03234,"NSI Structure 122591670, Fort Bend County, TX",29.698995,-95.820913
BRZ-03235,"NSI Structure 122632542, Fort Bend County, TX",29.494741,-95.819195
BRZ-03236,"NSI Structure 122528282, Fort Bend County, TX",29.558227,-95.723343
BRZ-03237,"NSI Structure 123523763, Harris County, TX",29.698072,-95.645755
BRZ-03238,"NSI Structure 123889023, Harris County, TX",29.706425,-95.611518
BRZ-03239,"NSI Structure 122577987, Fort Bend County, TX",29.627618,-95.730742
BRZ-03240,"NSI Structure 122474687, Fort Bend County, TX",29.673373,-95.738335
BRZ-03241,"NSI Structure 122620385, Fort Bend County, TX",29.534226,-95.710471
BRZ-03242,"NSI Structure 122466102, Fort Bend County, TX",29.563636,-95.71162
BRZ-03243,"NSI Structure 122532633, Fort Bend County, TX",29.648985,-95.743002
BRZ-03244,"NSI Structure 124759428, Harris County, TX",29.680703,-95.616778
BRZ-03245,"NSI Structure 122549587, Fort Bend County, TX",29.604983,-95.659957
BRZ-03246,"NSI Structure 122578330, Fort Bend County, TX",29.709282,-95.74316
BRZ-03247,"NSI Structure 123523770, Harris County, TX",29.697978,-95.645112
BRZ-03248,"NSI Structure 122458663, Fort Bend County, TX",29.648806,-95.691223
BRZ-03249,"NSI Structure 122469576, Fort Bend County, TX",29.639385,-95.724109
BRZ-03250,"NSI Structure 124059274, Harris County, TX",29.708759,-95.618572
BRZ-03251,"NSI Structure 122471249, Fort Bend County, TX",29.566242,-95.731612
BRZ-03252,"NSI Structure 122519855, Fort Bend County, TX",29.670382,-95.640156
BRZ-03253,"NSI Structure 122520284, Fort Bend County, TX",29.677917,-95.647219
BRZ-03254,"NSI Structure 122572923, Fort Bend County, TX",29.679625,-95.823784
BRZ-03255,"NSI Structure 122529086, Fort Bend County, TX",29.61588,-95.72543
BRZ-03256,"NSI Structure 122639140, Fort Bend County, TX",29.516088,-95.743296
BRZ-03257,"NSI Structure 122497947, Fort Bend County, TX",29.675454,-95.828843
BRZ-03258,"NSI Structure 122597311, Fort Bend County, TX",29.658409,-95.689866
BRZ-03259,"NSI Structure 122627704, Fort Bend County, TX",29.529501,-95.756311
BRZ-03260,"NSI Structure 122666694, Fort Bend County, TX",29.550925,-95.612982
BRZ-03261,"NSI Structure 123337311, Harris County, TX",29.719146,-95.66175
BRZ-03262,"NSI Structure 122622743, Fort Bend County, TX",29.521693,-95.726224
BRZ-03263,"NSI Structure 122523590, Fort Bend County, TX",29.590941,-95.671348
BRZ-03264,"NSI Structure 122620416, Fort Bend County, TX",29.530787,-95.72284
BRZ-03265,"NSI Structure 122606044, Fort Bend County, TX",29.682257,-95.638489
BRZ-03266,"NSI Structure 122481271, Fort Bend County, TX",29.641523,-95.769955
BRZ-03267,"NSI Structure 122630156, Fort Bend County, TX",29.517376,-95.779567
BRZ-03268,"NSI Structure 123483167, Harris County, TX",29.713972,-95.648712
BRZ-03269,"NSI Structure 122542248, Fort Bend County, TX",29.704538,-95.821838
BRZ-03270,"NSI Structure 122620161, Fort Bend County, TX",29.533306,-95.712637
BRZ-03271,"NSI Structure 122602626, Fort Bend County, TX",29.65575,-95.718738
BRZ-03272,"NSI Structure 122561431, Fort Bend County, TX",29.710807,-95.836329
BRZ-03273,"NSI Structure 122458886, Fort Bend County, TX",29.647625,-95.697503
BRZ-03274,"NSI Structure 122618414, Fort Bend County, TX",29.532552,-95.76431
BRZ-03275,"NSI Structure 122464237, Fort Bend County, TX",29.687314,-95.702644
BRZ-03276,"NSI Structure 122635306, Fort Bend County, TX",29.516886,-95.709988
BRZ-03277,"NSI Structure 122464685, Fort Bend County, TX",29.695968,-95.706165
BRZ-03278,"NSI Structure 122689738, Fort Bend County, TX",29.547919,-95.600498
BRZ-03279,"NSI Structure 123509519, Harris County, TX",29.696375,-95.652557
BRZ-03280,"NSI Structure 122468008, Fort Bend County, TX",29.644218,-95.725231
BRZ-03281,"NSI Structure 122589156, Fort Bend County, TX",29.539912,-95.699477
BRZ-03282,"NSI Structure 122488411, Fort Bend County, TX",29.701479,-95.8021
BRZ-03283,"NSI Structure 122563431, Fort Bend County, TX",29.613896,-95.88473
BRZ-03284,"NSI Structure 122568745, Fort Bend County, TX",29.685325,-95.720366
BRZ-03285,"NSI Structure 122640936, Fort Bend County, TX",29.516705,-95.731902
BRZ-03286,"NSI Structure 123480474, Harris County, TX",29.692335,-95.624668
BRZ-03287,"NSI Structure 122627984, Fort Bend County, TX",29.509738,-95.80272
BRZ-03288,"NSI Structure 122620042, Fort Bend County, TX",29.708495,-95.879067
BRZ-03289,"NSI Structure 122569860, Fort Bend County, TX",29.615894,-95.750931
BRZ-03290,"NSI Structure 122607904, Fort Bend County, TX",29.621955,-95.747226
BRZ-03291,"NSI Structure 122554481, Fort Bend County, TX",29.630093,-95.736917
BRZ-03292,"NSI Structure 122556417, Fort Bend County, TX",29.553168,-95.764486
BRZ-03293,"NSI Structure 122582780, Fort Bend County, TX",29.683759,-95.66739
BRZ-03294,"NSI Structure 122444766, Fort Bend County, TX",29.605374,-95.621957
BRZ-03295,"NSI Structure 122581337, Fort Bend County, TX",29.718922,-95.87788
BRZ-03296,"NSI Structure 122466385, Fort Bend County, TX",29.679721,-95.718533
BRZ-03297,"NSI Structure 122473737, Fort Bend County, TX",29.565941,-95.747209
BRZ-03298,"NSI Structure 122473064, Fort Bend County, TX",29.564447,-95.745322
BRZ-03299,"NSI Structure 122593213, Fort Bend County, TX",29.680768,-95.660787
BRZ-03300,"NSI Structure 122569363, Fort Bend County, TX",29.696733,-95.736525
BRZ-03301,"NSI Structure 122460103, Fort Bend County, TX",29.706681,-95.691165
BRZ-03302,"NSI Structure 122452334, Fort Bend County, TX",29.69976,-95.671789
BRZ-03303,"NSI Structure 122587033, Fort Bend County, TX",29.716292,-95.833168
BRZ-03304,"NSI Structure 122618444, Fort Bend County, TX",29.531272,-95.765075
BRZ-03305,"NSI Structure 122492901, Fort Bend County, TX",29.641495,-95.796925
BRZ-03306,"NSI Structure 122459267, Fort Bend County, TX",29.567735,-95.689776
BRZ-03307,"NSI Structure 123887280, Harris County, TX",29.708204,-95.610963
BRZ-03308,"NSI Structure 123509569, Harris County, TX",29.696224,-95.654835
BRZ-03309,"NSI Structure 122639311, Fort Bend County, TX",29.534048,-95.756212
BRZ-03310,"NSI Structure 124736799, Harris County, TX",29.701616,-95.610708
BRZ-03311,"NSI Structure 122633269, Fort Bend County, TX",29.456062,-95.899882
BRZ-03312,"NSI Structure 122550874, Fort Bend County, TX",29.693887,-95.672219
BRZ-03313,"NSI Structure 122588154, Fort Bend County, TX",29.677786,-95.653692
BRZ-03314,"NSI Structure 122539489, Fort Bend County, TX",29.695075,-95.799552
BRZ-03315,"NSI Structure 122641248, Fort Bend County, TX",29.530434,-95.730852
BRZ-03316,"NSI Structure 122473473, Fort Bend County, TX",29.569841,-95.739168
BRZ-03317,"NSI Structure 124057082, Harris County, TX",29.677082,-95.610567
BRZ-03318,"NSI Structure 124058251, Harris County, TX",29.709369,-95.613833
BRZ-03319,"NSI Structure 122467728, Fort Bend County, TX",29.642041,-95.732364
BRZ-03320,"NSI Structure 122618957, Fort Bend County, TX",29.554404,-95.80158
BRZ-03321,"NSI Structure 123524136, Harris County, TX",29.707242,-95.65771
BRZ-03322,"NSI Structure 122569689, Fort Bend County, TX",29.598965,-95.746253
BRZ-03323,"NSI Structure 122458371, Fort Bend County, TX",29.678955,-95.691546
BRZ-03324,"NSI Structure 122584427, Fort Bend County, TX",29.698436,-95.728615
BRZ-03325,"NSI Structure 122619526, Fort Bend County, TX",29.552137,-95.816097
BRZ-03326,"NSI Structure 122594191, Fort Bend County, TX",29.679463,-95.699036
BRZ-03327,"NSI Structure 122460132, Fort Bend County, TX",29.705276,-95.691682
BRZ-03328,"NSI Structure 122597673, Fort Bend County, TX",29.561159,-95.714212
BRZ-03329,"NSI Structure 122592610, Fort Bend County, TX",29.614149,-95.633633
BRZ-03330,"NSI Structure 123895689, Harris County, TX",29.717418,-95.621253
BRZ-03331,"NSI Structure 122467067, Fort Bend County, TX",29.690076,-95.723192
BRZ-03332,"NSI Structure 123463795, Harris County, TX",29.70458,-95.662672
BRZ-03333,"NSI Structure 122704454, Fort Bend County, TX",29.580409,-95.603293
BRZ-03334,"NSI Structure 122566108, Fort Bend County, TX",29.649552,-95.665496
BRZ-03335,"NSI Structure 122611799, Fort Bend County, TX",29.594863,-95.770927
BRZ-03336,"NSI Structure 122588760, Fort Bend County, TX",29.636645,-95.676528
BRZ-03337,"NSI Structure 122480024, Fort Bend County, TX",29.707657,-95.750867
BRZ-03338,"NSI Structure 122449858, Fort Bend County, TX",29.689289,-95.658381
BRZ-03339,"NSI Structure 122622116, Fort Bend County, TX",29.502491,-95.717317
BRZ-03340,"NSI Structure 122474827, Fort Bend County, TX",29.67076,-95.741274
BRZ-03341,"NSI Structure 122504303, Fort Bend County, TX",29.717722,-95.860879
BRZ-03342,"NSI Structure 122456306, Fort Bend County, TX",29.670292,-95.682
BRZ-03343,"NSI Structure 122597108, Fort Bend County, TX",29.692161,-95.676839
BRZ-03344,"NSI Structure 122628542, Fort Bend County, TX",29.499185,-95.766784
BRZ-03345,"NSI Structure 122573240, Fort Bend County, TX",29.714308,-95.833762
BRZ-03346,"NSI Structure 122578070, Fort Bend County, TX",29.685277,-95.735615
BRZ-03347,"NSI Structure 122642407, Fort Bend County, TX",29.482904,-95.873777
BRZ-03348,"NSI Structure 122480018, Fort Bend County, TX",29.707767,-95.75072
BRZ-03349,"NSI Structure 122601253, Fort Bend County, TX",29.699444,-95.806923
BRZ-03350,"NSI Structure 122562131, Fort Bend County, TX",29.709522,-95.848731
BRZ-03351,"NSI Structure 122690428, Fort Bend County, TX",29.653375,-95.617158
BRZ-03352,"NSI Structure 124059164, Harris County, TX",29.678415,-95.615046
BRZ-03353,"NSI Structure 122574871, Fort Bend County, TX",29.552388,-95.634109
BRZ-03354,"NSI Structure 122553536, Fort Bend County, TX",29.561972,-95.724262
BRZ-03355,"NSI Structure 122522754, Fort Bend County, TX",29.680287,-95.668533
BRZ-03356,"NSI Structure 122629487, Fort Bend County, TX",29.517226,-95.834123
BRZ-03357,"NSI Structure 122558436, Fort Bend County, TX",29.70434,-95.783859
BRZ-03358,"NSI Structure 122695997, Fort Bend County, TX",29.657588,-95.619482
BRZ-03359,"NSI Structure 123460107, Harris County, TX",29.684693,-95.639009
BRZ-03360,"NSI Structure 122606042, Fort Bend County, TX",29.682154,-95.638057
BRZ-03361,"NSI Structure 123890023, Harris County, TX",29.693102,-95.60501
BRZ-03362,"NSI Structure 122638838, Fort Bend County, TX",29.529797,-95.736527
BRZ-03363,"NSI Structure 122509301, Fort Bend County, TX",29.708397,-95.881338
BRZ-03364,"NSI Structure 122488386, Fort Bend County, TX",29.699245,-95.800822
BRZ-03365,"NSI Structure 122609736, Fort Bend County, TX",29.610777,-95.726091
BRZ-03366,"NSI Structure 122475998, Fort Bend County, TX",29.719128,-95.744798
BRZ-03367,"NSI Structure 122531738, Fort Bend County, TX",29.540274,-95.728645
BRZ-03368,"NSI Structure 122548886, Fort Bend County, TX",29.624809,-95.640445
BRZ-03369,"NSI Structure 122522544, Fort Bend County, TX",29.594927,-95.664965
BRZ-03370,"NSI Structure 122622596, Fort Bend County, TX",29.533728,-95.714053
BRZ-03371,"NSI Structure 122529527, Fort Bend County, TX",29.710422,-95.727569
BRZ-03372,"NSI Structure 122566505, Fort Bend County, TX",29.54182,-95.671286
BRZ-03373,"NSI Structure 122529552, Fort Bend County, TX",29.657301,-95.72795
BRZ-03374,"NSI Structure 122524377, Fort Bend County, TX",29.546995,-95.679288
BRZ-03375,"NSI Structure 122487825, Fort Bend County, TX",29.580979,-95.793284
BRZ-03376,"NSI Structure 122590047, Fort Bend County, TX",29.567709,-95.758366
BRZ-03377,"NSI Structure 122542808, Fort Bend County, TX",29.699279,-95.830477
BRZ-03378,"NSI Structure 122472741, Fort Bend County, TX",29.62331,-95.737164
BRZ-03379,"NSI Structure 122557088, Fort Bend County, TX",29.641113,-95.769444
BRZ-03380,"NSI Structure 122548902, Fort Bend County, TX",29.630281,-95.638707
BRZ-03381,"NSI Structure 122468118, Fort Bend County, TX",29.634679,-95.726258
BRZ-03382,"NSI Structure 122454165, Fort Bend County, TX",29.566507,-95.672677
BRZ-03383,"NSI Structure 122497140, Fort Bend County, TX",29.683557,-95.838686
BRZ-03384,"NSI Structure 122491798, Fort Bend County, TX",29.690119,-95.802391
BRZ-03385,"NSI Structure 122598253, Fort Bend County, TX",29.566065,-95.776366
BRZ-03386,"NSI Structure 122609822, Fort Bend County, TX",29.652359,-95.752981
BRZ-03387,"NSI Structure 122532910, Fort Bend County, TX",29.606804,-95.745559
BRZ-03388,"NSI Structure 122634126, Fort Bend County, TX",29.477086,-95.8827
BRZ-03389,"NSI Structure 122553999, Fort Bend County, TX",29.662415,-95.726821
BRZ-03390,"NSI Structure 122681294, Fort Bend County, TX",29.581972,-95.603438
BRZ-03391,"NSI Structure 122700125, Fort Bend County, TX",29.659908,-95.621542
BRZ-03392,"NSI Structure 124170241, Harris County, TX",29.70109,-95.614032
BRZ-03393,"NSI Structure 122568088, Fort Bend County, TX",29.652779,-95.70303
BRZ-03394,"NSI Structure 122521843, Fort Bend County, TX",29.639871,-95.666558
BRZ-03395,"NSI Structure 122575082, Fort Bend County, TX",29.657961,-95.637589
BRZ-03396,"NSI Structure 122668585, Fort Bend County, TX",29.660519,-95.614898
BRZ-03397,"NSI Structure 122467253, Fort Bend County, TX",29.619844,-95.726462
BRZ-03398,"NSI Structure 122622909, Fort Bend County, TX",29.522126,-95.709869
BRZ-03399,"NSI Structure 122632398, Fort Bend County, TX",29.489229,-95.816672
BRZ-03400,"NSI Structure 122593282, Fort Bend County, TX",29.694471,-95.664879
BRZ-03401,"NSI Structure 122599092, Fort Bend County, TX",29.702219,-95.871832
BRZ-03402,"NSI Structure 122595163, Fort Bend County, TX",29.685257,-95.787438
BRZ-03403,"NSI Structure 122632534, Fort Bend County, TX",29.490514,-95.821264
BRZ-03404,"NSI Structure 122584090, Fort Bend County, TX",29.659195,-95.702899
BRZ-03405,"NSI Structure 122642083, Fort Bend County, TX",29.505489,-95.716838
BRZ-03406,"NSI Structure 122521359, Fort Bend County, TX",29.644843,-95.65892
BRZ-03407,"NSI Structure 124316097, Harris County, TX",29.68813,-95.618342
BRZ-03408,"NSI Structure 122489111, Fort Bend County, TX",29.703033,-95.795216
BRZ-03409,"NSI Structure 123343543, Harris County, TX",29.701979,-95.671145
BRZ-03410,"NSI Structure 122641226, Fort Bend County, TX",29.532508,-95.732098
BRZ-03411,"NSI Structure 122689171, Fort Bend County, TX",29.60544,-95.611622
BRZ-03412,"NSI Structure 122681551, Fort Bend County, TX",29.587415,-95.608519
BRZ-03413,"NSI Structure 122460920, Fort Bend County, TX",29.630541,-95.698747
BRZ-03414,"NSI Structure 122610824, Fort Bend County, TX",29.574803,-95.663988
BRZ-03415,"NSI Structure 123498451, Harris County, TX",29.696721,-95.646507
BRZ-03416,"NSI Structure 122537257, Fort Bend County, TX",29.711009,-95.784507
BRZ-03417,"NSI Structure 122452555, Fort Bend County, TX",29.645827,-95.671844
BRZ-03418,"NSI Structure 122462246, Fort Bend County, TX",29.556306,-95.699271
BRZ-03419,"NSI Structure 122681262, Fort Bend County, TX",29.583844,-95.602934
BRZ-03420,"NSI Structure 122459876, Fort Bend County, TX",29.678226,-95.692042
BRZ-03421,"NSI Structure 122461403, Fort Bend County, TX",29.670505,-95.689525
BRZ-03422,"NSI Structure 123330316, Harris County, TX",29.695983,-95.651712
BRZ-03423,"NSI Structure 122569934, Fort Bend County, TX",29.599924,-95.752043
BRZ-03424,"NSI Structure 123498728, Harris County, TX",29.710756,-95.650003
BRZ-03425,"NSI Structure 122530453, Fort Bend County, TX",29.555271,-95.73564
BRZ-03426,"NSI Structure 122444573, Fort Bend County, TX",29.641047,-95.630042
BRZ-03427,"NSI Structure 122452069, Fort Bend County, TX",29.593079,-95.676882
BRZ-03428,"NSI Structure 122500470, Fort Bend County, TX",29.714643,-95.836893
BRZ-03429,"NSI Structure 122542615, Fort Bend County, TX",29.701425,-95.828315
BRZ-03430,"NSI Structure 123890395, Harris County, TX",29.695685,-95.612259
BRZ-03431,"NSI Structure 122582804, Fort Bend County, TX",29.684754,-95.665956
BRZ-03432,"NSI Structure 122599408, Fort Bend County, TX",29.562466,-95.622339
BRZ-03433,"NSI Structure 122491748, Fort Bend County, TX",29.686885,-95.8089
BRZ-03434,"NSI Structure 122485795, Fort Bend County, TX",29.570791,-95.784819
BRZ-03435,"NSI Structure 122488611, Fort Bend County, TX",29.60837,-95.794906
BRZ-03436,"NSI Structure 123318884, Harris County, TX",29.682344,-95.625369
BRZ-03437,"NSI Structure 122475787, Fort Bend County, TX",29.58415,-95.744181
BRZ-03438,"NSI Structure 122564453, Fort Bend County, TX",29.63364,-95.626003
BRZ-03439,"NSI Structure 122451093, Fort Bend County, TX",29.589699,-95.661632
BRZ-03440,"NSI Structure 122575196, Fort Bend County, TX",29.663427,-95.63904
BRZ-03441,"NSI Structure 122695516, Fort Bend County, TX",29.594711,-95.607626
BRZ-03442,"NSI Structure 122638814, Fort Bend County, TX",29.509582,-95.736325
BRZ-03443,"NSI Structure 122742829, Fort Bend County, TX",29.574809,-95.806123
BRZ-03444,"NSI Structure 122622385, Fort Bend County, TX",29.510245,-95.729592
BRZ-03445,"NSI Structure 122566462, Fort Bend County, TX",29.54117,-95.670319
BRZ-03446,"NSI Structure 124406629, Harris County, TX",29.686738,-95.61625
BRZ-03447,"NSI Structure 122521009, Fort Bend County, TX",29.681417,-95.654439
BRZ-03448,"NSI Structure 122668953, Fort Bend County, TX",29.647669,-95.621838
BRZ-03449,"NSI Structure 122534909, Fort Bend County, TX",29.695373,-95.758832
BRZ-03450,"NSI Structure 122642500, Fort Bend County, TX",29.499874,-95.769231
BRZ-03451,"NSI Structure 122608546, Fort Bend County, TX",29.546129,-95.666951
BRZ-03452,"NSI Structure 122568453, Fort Bend County, TX",29.5618,-95.706853
BRZ-03453,"NSI Structure 122586372, Fort Bend County, TX",29.564221,-95.808723
BRZ-03454,"NSI Structure 122548137, Fort Bend County, TX",29.61001,-95.628917
BRZ-03455,"NSI Structure 122452825, Fort Bend County, TX",29.648835,-95.665841
BRZ-03456,"NSI Structure 122680599, Fort Bend County, TX",29.650543,-95.603529
BRZ-03457,"NSI Structure 122474444, Fort Bend County, TX",29.541063,-95.737824
BRZ-03458,"NSI Structure 122478308, Fort Bend County, TX",29.601906,-95.749313
BRZ-03459,"NSI Structure 122453231, Fort Bend County, TX",29.683367,-95.672613
BRZ-03460,"NSI Structure 122615604, Fort Bend County, TX",29.707901,-95.789313
BRZ-03461,"NSI Structure 122447258, Fort Bend County, TX",29.676124,-95.652387
BRZ-03462,"NSI Structure 122575945, Fort Bend County, TX",29.542231,-95.669365
BRZ-03463,"NSI Structure 122463855, Fort Bend County, TX",29.688116,-95.706901
BRZ-03464,"NSI Structure 122552778, Fort Bend County, TX",29.546949,-95.69557
BRZ-03465,"NSI Structure 122470675, Fort Bend County, TX",29.683609,-95.729253
BRZ-03466,"NSI Structure 122583705, Fort Bend County, TX",29.658908,-95.685394
BRZ-03467,"NSI Structure 122502164, Fort Bend County, TX",29.702652,-95.858978
BRZ-03468,"NSI Structure 122471137, Fort Bend County, TX",29.712094,-95.738171
BRZ-03469,"NSI Structure 122472722, Fort Bend County, TX",29.622986,-95.736917
BRZ-03470,"NSI Structure 122589088, Fort Bend County, TX",29.538492,-95.693206
BRZ-03471,"NSI Structure 123483878, Harris County, TX",29.698809,-95.653843
BRZ-03472,"NSI Structure 123458885, Harris County, TX",29.684744,-95.627799
BRZ-03473,"NSI Structure 122468946, Fort Bend County, TX",29.5557,-95.738358
BRZ-03474,"NSI Structure 123497351, Harris County, TX",29.68203,-95.632057
BRZ-03475,"NSI Structure 122519449, Fort Bend County, TX",29.639522,-95.634575
BRZ-03476,"NSI Structure 122520933, Fort Bend County, TX",29.645158,-95.653964
BRZ-03477,"NSI Structure 122668123, Fort Bend County, TX",29.613705,-95.615198
BRZ-03478,"NSI Structure 122478074, Fort Bend County, TX",29.686191,-95.750012
BRZ-03479,"NSI Structure 122469362, Fort Bend County, TX",29.554428,-95.733308
BRZ-03480,"NSI Structure 122527807, Fort Bend County, TX",29.564472,-95.708022
BRZ-03481,"NSI Structure 122588260, Fort Bend County, TX",29.642998,-95.656652
BRZ-03482,"NSI Structure 122556426, Fort Bend County, TX",29.552088,-95.76342
BRZ-03483,"NSI Structure 122454806, Fort Bend County, TX",29.568294,-95.678498
BRZ-03484,"NSI Structure 122744057, Fort Bend County, TX",29.557842,-95.659958
BRZ-03485,"NSI Structure 122462024, Fort Bend County, TX",29.663725,-95.707378
BRZ-03486,"NSI Structure 124058277, Harris County, TX",29.709057,-95.614367
BRZ-03487,"NSI Structure 122666881, Fort Bend County, TX",29.582232,-95.608316
BRZ-03488,"NSI Structure 122682703, Fort Bend County, TX",29.643793,-95.622844
BRZ-03489,"NSI Structure 122624396, Fort Bend County, TX",29.530342,-95.723993
BRZ-03490,"NSI Structure 124736625, Harris County, TX",29.706755,-95.612728
BRZ-03491,"NSI Structure 122488610, Fort Bend County, TX",29.60842,-95.795457
BRZ-03492,"NSI Structure 122497688, Fort Bend County, TX",29.672698,-95.830192
BRZ-03493,"NSI Structure 122491496, Fort Bend County, TX",29.693186,-95.80883
BRZ-03494,"NSI Structure 122572609, Fort Bend County, TX",29.563793,-95.817815
BRZ-03495,"NSI Structure 122552492, Fort Bend County, TX",29.677081,-95.690099
BRZ-03496,"NSI Structure 122498604, Fort Bend County, TX",29.67913,-95.817636
BRZ-03497,"NSI Structure 122711101, Fort Bend County, TX",29.617397,-95.608482
BRZ-03498,"NSI Structure 124061308, Harris County, TX",29.676798,-95.624437
BRZ-03499,"NSI Structure 122601217, Fort Bend County, TX",29.590707,-95.802573
BRZ-03500,"NSI Structure 122463556, Fort Bend County, TX",29.690677,-95.711203
BRZ-03501,"NSI Structure 122547551, Fort Bend County, TX",29.637045,-95.626839
BRZ-03502,"NSI Structure 123498936, Harris County, TX",29.706887,-95.648271
BRZ-03503,"NSI Structure 122530792, Fort Bend County, TX",29.637657,-95.734627
BRZ-03504,"NSI Structure 122464569, Fort Bend County, TX",29.695339,-95.712848
BRZ-03505,"NSI Structure 122541265, Fort Bend County, TX",29.7091,-95.819655
BRZ-03506,"NSI Structure 122505432, Fort Bend County, TX",29.695498,-95.866641
BRZ-03507,"NSI Structure 122590074, Fort Bend County, TX",29.687811,-95.763288
BRZ-03508,"NSI Structure 122625658, Fort Bend County, TX",29.53354,-95.734696
BRZ-03509,"NSI Structure 122711122, Fort Bend County, TX",29.591566,-95.60833
BRZ-03510,"NSI Structure 123518483, Harris County, TX",29.704388,-95.656856
BRZ-03511,"NSI Structure 122590608, Fort Bend County, TX",29.552435,-95.778895
BRZ-03512,"NSI Structure 122628219, Fort Bend County, TX",29.499111,-95.763008
BRZ-03513,"NSI Structure 122572123, Fort Bend County, TX",29.553735,-95.804027
BRZ-03514,"NSI Structure 122523701, Fort Bend County, TX",29.563441,-95.675013
BRZ-03515,"NSI Structure 122487746, Fort Bend County, TX",29.56025,-95.796412
BRZ-03516,"NSI Structure 122554051, Fort Bend County, TX",29.672313,-95.727851
BRZ-03517,"NSI Structure 122640534, Fort Bend County, TX",29.473798,-95.859219
BRZ-03518,"NSI Structure 122492180, Fort Bend County, TX",29.718368,-95.806307
BRZ-03519,"NSI Structure 122679811, Fort Bend County, TX",29.5722,-95.611746
BRZ-03520,"NSI Structure 122504335, Fort Bend County, TX",29.717868,-95.859284
BRZ-03521,"NSI Structure 122462710, Fort Bend County, TX",29.701182,-95.70378
BRZ-03522,"NSI Structure 122604491, Fort Bend County, TX",29.684276,-95.646181
BRZ-03523,"NSI Structure 122446588, Fort Bend County, TX",29.598436,-95.645481
BRZ-03524,"NSI Structure 122690404, Fort Bend County, TX",29.652367,-95.614263
BRZ-03525,"NSI Structure 122635299, Fort Bend County, TX",29.514845,-95.715891
BRZ-03526,"NSI Structure 122597451, Fort Bend County, TX",29.703571,-95.69093
BRZ-03527,"NSI Structure 122554783, Fort Bend County, TX",29.643583,-95.738878
BRZ-03528,"NSI Structure 122548686, Fort Bend County, TX",29.679674,-95.636144
BRZ-03529,"NSI Structure 122643122, Fort Bend County, TX",29.490719,-95.8638
BRZ-03530,"NSI Structure 122622979, Fort Bend County, TX",29.531045,-95.727081
BRZ-03531,"NSI Structure 123518468, Harris County, TX",29.705021,-95.657957
BRZ-03532,"NSI Structure 122475538, Fort Bend County, TX",29.648403,-95.742079
BRZ-03533,"NSI Structure 122588676, Fort Bend County, TX",29.552939,-95.675063
BRZ-03534,"NSI Structure 122472844, Fort Bend County, TX",29.56579,-95.741648
BRZ-03535,"NSI Structure 124170255, Harris County, TX",29.701071,-95.614258
BRZ-03536,"NSI Structure 122444478, Fort Bend County, TX",29.578014,-95.628641
BRZ-03537,"NSI Structure 122543124, Fort Bend County, TX",29.552793,-95.827603
BRZ-03538,"NSI Structure 122624862, Fort Bend County, TX",29.528048,-95.733282
BRZ-03539,"NSI Structure 122468195, Fort Bend County, TX",29.640505,-95.720617
BRZ-03540,"NSI Structure 122619163, Fort Bend County, TX",29.55658,-95.687475
BRZ-03541,"NSI Structure 122462136, Fort Bend County, TX",29.694934,-95.698002
BRZ-03542,"NSI Structure 122682712, Fort Bend County, TX",29.644059,-95.621541
BRZ-03543,"NSI Structure 122597352, Fort Bend County, TX",29.568972,-95.689984
BRZ-03544,"NSI Structure 122469622, Fort Bend County, TX",29.658031,-95.725155
BRZ-03545,"NSI Structure 122578557, Fort Bend County, TX",29.694614,-95.74645
BRZ-03546,"NSI Structure 122588801, Fort Bend County, TX",29.682271,-95.678876
BRZ-03547,"NSI Structure 122448060, Fort Bend County, TX",29.664975,-95.648749
BRZ-03548,"NSI Structure 122565725, Fort Bend County, TX",29.687309,-95.654859
BRZ-03549,"NSI Structure 123498671, Harris County, TX",29.69499,-95.648627
BRZ-03550,"NSI Structure 124060160, Harris County, TX",29.709285,-95.622383
BRZ-03551,"NSI Structure 122503019, Fort Bend County, TX",29.553089,-95.8695
BRZ-03552,"NSI Structure 122569575, Fort Bend County, TX",29.642658,-95.741793
BRZ-03553,"NSI Structure 124055054, Harris County, TX",29.68049,-95.606887
BRZ-03554,"NSI Structure 122520243, Fort Bend County, TX",29.655428,-95.645952
BRZ-03555,"NSI Structure 122604169, Fort Bend County, TX",29.698965,-95.865793
BRZ-03556,"NSI Structure 122566932, Fort Bend County, TX",29.61355,-95.690115
BRZ-03557,"NSI Structure 122562115, Fort Bend County, TX",29.708206,-95.848466
BRZ-03558,"NSI Structure 122466580, Fort Bend County, TX",29.564512,-95.712898
BRZ-03559,"NSI Structure 122511660, Fort Bend County, TX",29.683217,-95.894049
BRZ-03560,"NSI Structure 124313298, Harris County, TX",29.693884,-95.60122
BRZ-03561,"NSI Structure 122535889, Fort Bend County, TX",29.55225,-95.769748
BRZ-03562,"NSI Structure 122457718, Fort Bend County, TX",29.623223,-95.690242
BRZ-03563,"NSI Structure 123499819, Harris County, TX",29.697806,-95.662205
BRZ-03564,"NSI Structure 122582003, Fort Bend County, TX",29.565898,-95.635801
BRZ-03565,"NSI Structure 122465198, Fort Bend County, TX",29.545797,-95.709476
BRZ-03566,"NSI Structure 122549070, Fort Bend County, TX",29.681821,-95.641815
BRZ-03567,"NSI Structure 122466869, Fort Bend County, TX",29.684729,-95.721825
BRZ-03568,"NSI Structure 122668645, Fort Bend County, TX",29.647708,-95.620137
BRZ-03569,"NSI Structure 122623012, Fort Bend County, TX",29.528913,-95.726058
BRZ-03570,"NSI Structure 122458374, Fort Bend County, TX",29.680324,-95.690725
BRZ-03571,"NSI Structure 122617123, Fort Bend County, TX",29.625039,-95.686306
BRZ-03572,"NSI Structure 122448102, Fort Bend County, TX",29.682876,-95.651086
BRZ-03573,"NSI Structure 122643007, Fort Bend County, TX",29.510119,-95.797951
BRZ-03574,"NSI Structure 122707579, Fort Bend County, TX",29.596845,-95.615016
BRZ-03575,"NSI Structure 122479372, Fort Bend County, TX",29.671665,-95.758866
BRZ-03576,"NSI Structure 122541663, Fort Bend County, TX",29.636892,-95.816406
BRZ-03577,"NSI Structure 122584621, Fort Bend County, TX",29.708652,-95.739189
BRZ-03578,"NSI Structure 122628656, Fort Bend County, TX",29.50316,-95.822136
BRZ-03579,"NSI Structure 122612234, Fort Bend County, TX",29.653853,-95.684288
BRZ-03580,"NSI Structure 123499892, Harris County, TX",29.705139,-95.662901
BRZ-03581,"NSI Structure 122566792, Fort Bend County, TX",29.6983,-95.686755
BRZ-03582,"NSI Structure 122509308, Fort Bend County, TX",29.706387,-95.883528
BRZ-03583,"NSI Structure 122463907, Fort Bend County, TX",29.694763,-95.704405
BRZ-03584,"NSI Structure 124251814, Harris County, TX",29.687494,-95.612667
BRZ-03585,"NSI Structure 122607747, Fort Bend County, TX",29.562059,-95.733672
BRZ-03586,"NSI Structure 122446561, Fort Bend County, TX",29.603374,-95.641795
BRZ-03587,"NSI Structure 122467053, Fort Bend County, TX",29.690867,-95.72238
BRZ-03588,"NSI Structure 122499990, Fort Bend County, TX",29.698603,-95.836398
BRZ-03589,"NSI Structure 122486932, Fort Bend County, TX",29.694938,-95.794389
BRZ-03590,"NSI Structure 122474409, Fort Bend County, TX",29.614297,-95.738467
BRZ-03591,"NSI Structure 122445572, Fort Bend County, TX",29.631944,-95.633532
BRZ-03592,"NSI Structure 123524123, Harris County, TX",29.705226,-95.659627
BRZ-03593,"NSI Structure 122468999, Fort Bend County, TX",29.555439,-95.737563
BRZ-03594,"NSI Structure 122549059, Fort Bend County, TX",29.680571,-95.636901
BRZ-03595,"NSI Structure 122565629, Fort Bend County, TX",29.664157,-95.649684
BRZ-03596,"NSI Structure 122565806, Fort Bend County, TX",29.687818,-95.661596
BRZ-03597,"NSI Structure 124253125, Harris County, TX",29.691714,-95.615049
BRZ-03598,"NSI Structure 122521421, Fort Bend County, TX",29.579898,-95.656543
BRZ-03599,"NSI Structure 122632314, Fort Bend County, TX",29.487949,-95.815956
BRZ-03600,"NSI Structure 124737321, Harris County, TX",29.690171,-95.613348
BRZ-03601,"NSI Structure 122519522, Fort Bend County, TX",29.573944,-95.636019
BRZ-03602,"NSI Structure 122500203, Fort Bend County, TX",29.705691,-95.840862
BRZ-03603,"NSI Structure 122478550, Fort Bend County, TX",29.654423,-95.74561
BRZ-03604,"NSI Structure 122451547, Fort Bend County, TX",29.681609,-95.667631
BRZ-03605,"NSI Structure 122742927, Fort Bend County, TX",29.563582,-95.810558
BRZ-03606,"NSI Structure 122618434, Fort Bend County, TX",29.531389,-95.766766
BRZ-03607,"NSI Structure 122589146, Fort Bend County, TX",29.539799,-95.697663
BRZ-03608,"NSI Structure 122529603, Fort Bend County, TX",29.671638,-95.730178
BRZ-03609,"NSI Structure 122475350, Fort Bend County, TX",29.689211,-95.742371
BRZ-03610,"NSI Structure 122624665, Fort Bend County, TX",29.532059,-95.7355
BRZ-03611,"NSI Structure 122470641, Fort Bend County, TX",29.687745,-95.728632
BRZ-03612,"NSI Structure 123330207, Harris County, TX",29.712106,-95.650734
BRZ-03613,"NSI Structure 122681051, Fort Bend County, TX",29.543998,-95.602905
BRZ-03614,"NSI Structure 122455361, Fort Bend County, TX",29.650568,-95.661533
BRZ-03615,"NSI Structure 122465076, Fort Bend County, TX",29.5471,-95.710057
BRZ-03616,"NSI Structure 122449081, Fort Bend County, TX",29.595062,-95.656096
BRZ-03617,"NSI Structure 122490124, Fort Bend County, TX",29.547795,-95.799112
BRZ-03618,"NSI Structure 123890385, Harris County, TX",29.694342,-95.61151
BRZ-03619,"NSI Structure 123536262, Harris County, TX",29.699459,-95.638681
BRZ-03620,"NSI Structure 122444264, Fort Bend County, TX",29.616332,-95.620965
BRZ-03621,"NSI Structure 122496338, Fort Bend County, TX",29.687372,-95.827506
BRZ-03622,"NSI Structure 122531959, Fort Bend County, TX",29.534368,-95.729229
BRZ-03623,"NSI Structure 122624684, Fort Bend County, TX",29.528143,-95.736737
BRZ-03624,"NSI Structure 122622707, Fort Bend County, TX",29.523289,-95.704367
BRZ-03625,"NSI Structure 122459969, Fort Bend County, TX",29.545904,-95.6932
BRZ-03626,"NSI Structure 123317352, Harris County, TX",29.680581,-95.628229
BRZ-03627,"NSI Structure 122530984, Fort Bend County, TX",29.614209,-95.734835
BRZ-03628,"NSI Structure 122540425, Fort Bend County, TX",29.598568,-95.806318
BRZ-03629,"NSI Structure 122603908, Fort Bend County, TX",29.718785,-95.826302
BRZ-03630,"NSI Structure 122524084, Fort Bend County, TX",29.600127,-95.675822
BRZ-03631,"NSI Structure 122630015, Fort Bend County, TX",29.519123,-95.778491
BRZ-03632,"NSI Structure 122447407, Fort Bend County, TX",29.670561,-95.646519
BRZ-03633,"NSI Structure 122520481, Fort Bend County, TX",29.685855,-95.648831
BRZ-03634,"NSI Structure 122555413, Fort Bend County, TX",29.68402,-95.752849
BRZ-03635,"NSI Structure 122569160, Fort Bend County, TX",29.698115,-95.734674
BRZ-03636,"NSI Structure 122464087, Fort Bend County, TX",29.693719,-95.706599
BRZ-03637,"NSI Structure 123333039, Harris County, TX",29.701337,-95.66108
BRZ-03638,"NSI Structure 122485491, Fort Bend County, TX",29.570651,-95.783354
BRZ-03639,"NSI Structure 123326920, Harris County, TX",29.719004,-95.638469
BRZ-03640,"NSI Structure 122690098, Fort Bend County, TX",29.601269,-95.607078
BRZ-03641,"NSI Structure 122624908, Fort Bend County, TX",29.518376,-95.744065
BRZ-03642,"NSI Structure 122459349, Fort Bend County, TX",29.545104,-95.691672
BRZ-03643,"NSI Structure 123330056, Harris County, TX",29.690625,-95.650789
BRZ-03644,"NSI Structure 122470347, Fort Bend County, TX",29.646992,-95.727115
BRZ-03645,"NSI Structure 124715724, Harris County, TX",29.700037,-95.63004
BRZ-03646,"NSI Structure 124251885, Harris County, TX",29.68569,-95.612507
BRZ-03647,"NSI Structure 122549301, Fort Bend County, TX",29.646554,-95.643496
BRZ-03648,"NSI Structure 122510328, Fort Bend County, TX",29.719325,-95.878662
BRZ-03649,"NSI Structure 122451145, Fort Bend County, TX",29.579347,-95.664205
BRZ-03650,"NSI Structure 122574578, Fort Bend County, TX",29.560544,-95.627412
BRZ-03651,"NSI Structure 122472638, Fort Bend County, TX",29.537148,-95.735569
BRZ-03652,"NSI Structure 122475599, Fort Bend County, TX",29.679669,-95.74248
BRZ-03653,"NSI Structure 123535988, Harris County, TX",29.685609,-95.625754
BRZ-03654,"NSI Structure 124630101, Harris County, TX",29.681569,-95.601832
BRZ-03655,"NSI Structure 122493725, Fort Bend County, TX",29.688645,-95.815417
BRZ-03656,"NSI Structure 123425493, Harris County, TX",29.69426,-95.638541
BRZ-03657,"NSI Structure 122568399, Fort Bend County, TX",29.558442,-95.709493
BRZ-03658,"NSI Structure 122594355, Fort Bend County, TX",29.655615,-95.720068
BRZ-03659,"NSI Structure 122506359, Fort Bend County, TX",29.713171,-95.868964
BRZ-03660,"NSI Structure 122597616, Fort Bend County, TX",29.552851,-95.701585
BRZ-03661,"NSI Structure 123896516, Harris County, TX",29.710618,-95.623164
BRZ-03662,"NSI Structure 122480155, Fort Bend County, TX",29.710346,-95.756298
BRZ-03663,"NSI Structure 122520868, Fort Bend County, TX",29.678686,-95.653344
BRZ-03664,"NSI Structure 124168931, Harris County, TX",29.674,-95.607462
BRZ-03665,"NSI Structure 122664944, Fort Bend County, TX",29.610212,-95.605127
BRZ-03666,"NSI Structure 122553570, Fort Bend County, TX",29.615518,-95.722699
BRZ-03667,"NSI Structure 122680797, Fort Bend County, TX",29.578465,-95.601411
BRZ-03668,"NSI Structure 122519428, Fort Bend County, TX",29.64473,-95.638005
BRZ-03669,"NSI Structure 122530278, Fort Bend County, TX",29.709994,-95.73475
BRZ-03670,"NSI Structure 122577188, Fort Bend County, TX",29.696341,-95.700335
BRZ-03671,"NSI Structure 122578561, Fort Bend County, TX",29.694725,-95.741984
BRZ-03672,"NSI Structure 122468482, Fort Bend County, TX",29.635987,-95.723355
BRZ-03673,"NSI Structure 122449373, Fort Bend County, TX",29.691017,-95.656499
BRZ-03674,"NSI Structure 122488618, Fort Bend County, TX",29.609469,-95.796857
BRZ-03675,"NSI Structure 122487297, Fort Bend County, TX",29.690622,-95.794672
BRZ-03676,"NSI Structure 124314770, Harris County, TX",29.686118,-95.612159
BRZ-03677,"NSI Structure 123461938, Harris County, TX",29.704084,-95.650895
BRZ-03678,"NSI Structure 122593027, Fort Bend County, TX",29.594221,-95.645039
BRZ-03679,"NSI Structure 122462487, Fort Bend County, TX",29.695236,-95.700212
BRZ-03680,"NSI Structure 122521526, Fort Bend County, TX",29.591784,-95.662738
BRZ-03681,"NSI Structure 122629194, Fort Bend County, TX",29.523287,-95.819961
BRZ-03682,"NSI Structure 123548070, Harris County, TX",29.714985,-95.673038
BRZ-03683,"NSI Structure 122620153, Fort Bend County, TX",29.531224,-95.71568
BRZ-03684,"NSI Structure 122620784, Fort Bend County, TX",29.658996,-95.646791
BRZ-03685,"NSI Structure 122603408, Fort Bend County, TX",29.696479,-95.782234
BRZ-03686,"NSI Structure 122490923, Fort Bend County, TX",29.691268,-95.804423
BRZ-03687,"NSI Structure 122500365, Fort Bend County, TX",29.713473,-95.837998
BRZ-03688,"NSI Structure 122464588, Fort Bend County, TX",29.685208,-95.703411
BRZ-03689,"NSI Structure 122606488, Fort Bend County, TX",29.574202,-95.757851
BRZ-03690,"NSI Structure 122605247, Fort Bend County, TX",29.697721,-95.769438
BRZ-03691,"NSI Structure 122462630, Fort Bend County, TX",29.696361,-95.714432
BRZ-03692,"NSI Structure 122520460, Fort Bend County, TX",29.687446,-95.648837
BRZ-03693,"NSI Structure 122578472, Fort Bend County, TX",29.692248,-95.745534
BRZ-03694,"NSI Structure 122512498, Fort Bend County, TX",29.706746,-95.887475
BRZ-03695,"NSI Structure 122468202, Fort Bend County, TX",29.631685,-95.724168
BRZ-03696,"NSI Structure 122576441, Fort Bend County, TX",29.611204,-95.675087
BRZ-03697,"NSI Structure 123337338, Harris County, TX",29.719313,-95.662254
BRZ-03698,"NSI Structure 122444046, Fort Bend County, TX",29.675829,-95.630021
BRZ-03699,"NSI Structure 122668835, Fort Bend County, TX",29.570709,-95.619271
BRZ-03700,"NSI Structure 122528889, Fort Bend County, TX",29.67839,-95.731031
BRZ-03701,"NSI Structure 122447194, Fort Bend County, TX",29.571738,-95.639949
BRZ-03702,"NSI Structure 122502203, Fort Bend County, TX",29.700139,-95.856426
BRZ-03703,"NSI Structure 122550010, Fort Bend County, TX",29.67535,-95.660756
BRZ-03704,"NSI Structure 122695398, Fort Bend County, TX",29.589904,-95.608045
BRZ-03705,"NSI Structure 122569595, Fort Bend County, TX",29.570481,-95.746195
BRZ-03706,"NSI Structure 122576876, Fort Bend County, TX",29.556943,-95.688305
BRZ-03707,"NSI Structure 122523388, Fort Bend County, TX",29.559445,-95.669671
BRZ-03708,"NSI Structure 124054158, Harris County, TX",29.668778,-95.601905
BRZ-03709,"NSI Structure 122497317, Fort Bend County, TX",29.682848,-95.83199
BRZ-03710,"NSI Structure 122645928, Fort Bend County, TX",29.455134,-95.761017
BRZ-03711,"NSI Structure 122556073, Fort Bend County, TX",29.534807,-95.751784
BRZ-03712,"NSI Structure 122576298, Fort Bend County, TX",29.554938,-95.680693
BRZ-03713,"NSI Structure 122582917, Fort Bend County, TX",29.650027,-95.667887
BRZ-03714,"NSI Structure 122472110, Fort Bend County, TX",29.681027,-95.737041
BRZ-03715,"NSI Structure 123542342, Harris County, TX",29.716017,-95.674128
BRZ-03716,"NSI Structure 122550311, Fort Bend County, TX",29.594059,-95.667838
BRZ-03717,"NSI Structure 122560152, Fort Bend County, TX",29.561929,-95.816669
BRZ-03718,"NSI Structure 122606386, Fort Bend County, TX",29.68071,-95.724297
BRZ-03719,"NSI Structure 122561370, Fort Bend County, TX",29.700659,-95.836232
BRZ-03720,"NSI Structure 122498754, Fort Bend County, TX",29.690418,-95.830082
BRZ-03721,"NSI Structure 122458121, Fort Bend County, TX",29.686612,-95.687473
BRZ-03722,"NSI Structure 122454940, Fort Bend County, TX",29.650908,-95.677033
BRZ-03723,"NSI Structure 122633911, Fort Bend County, TX",29.454278,-95.86917
BRZ-03724,"NSI Structure 122554857, Fort Bend County, TX",29.537942,-95.73903
BRZ-03725,"NSI Structure 122559516, Fort Bend County, TX",29.633767,-95.810604
BRZ-03726,"NSI Structure 122543170, Fort Bend County, TX",29.70345,-95.831637
BRZ-03727,"NSI Structure 124059267, Harris County, TX",29.711552,-95.616672
BRZ-03728,"NSI Structure 122470352, Fort Bend County, TX",29.647546,-95.726913
BRZ-03729,"NSI Structure 122447533, Fort Bend County, TX",29.674592,-95.655994
BRZ-03730,"NSI Structure 122509037, Fort Bend County, TX",29.712102,-95.877005
BRZ-03731,"NSI Structure 122587923, Fort Bend County, TX",29.660987,-95.641065
BRZ-03732,"NSI Structure 122592820, Fort Bend County, TX",29.66895,-95.635369
BRZ-03733,"NSI Structure 122526241, Fort Bend County, TX",29.694337,-95.691877
BRZ-03734,"NSI Structure 122551349, Fort Bend County, TX",29.542275,-95.674043
BRZ-03735,"NSI Structure 122584693, Fort Bend County, TX",29.688693,-95.740709
BRZ-03736,"NSI Structure 124574020, Harris County, TX",29.684818,-95.621663
BRZ-03737,"NSI Structure 123498923, Harris County, TX",29.705874,-95.647811
BRZ-03738,"NSI Structure 122511444, Fort Bend County, TX",29.685586,-95.892952
BRZ-03739,"NSI Structure 122473765, Fort Bend County, TX",29.566039,-95.734859
BRZ-03740,"NSI Structure 122639322, Fort Bend County, TX",29.533907,-95.755021
BRZ-03741,"NSI Structure 122586639, Fort Bend County, TX",29.702666,-95.819283
BRZ-03742,"NSI Structure 122474637, Fort Bend County, TX",29.674029,-95.741384
BRZ-03743,"NSI Structure 122461167, Fort Bend County, TX",29.592536,-95.695405
BRZ-03744,"NSI Structure 122608006, Fort Bend County, TX",29.556703,-95.791625
BRZ-03745,"NSI Structure 122469136, Fort Bend County, TX",29.563629,-95.728625
BRZ-03746,"NSI Structure 122603728, Fort Bend County, TX",29.717649,-95.80951
BRZ-03747,"NSI Structure 122523073, Fort Bend County, TX",29.688169,-95.67171
BRZ-03748,"NSI Structure 122477421, Fort Bend County, TX",29.656601,-95.747074
BRZ-03749,"NSI Structure 122564665, Fort Bend County, TX",29.6633,-95.63401
BRZ-03750,"NSI Structure 122475488, Fort Bend County, TX",29.639039,-95.741384
BRZ-03751,"NSI Structure 122450820, Fort Bend County, TX",29.553376,-95.663488
BRZ-03752,"NSI Structure 122636392, Fort Bend County, TX",29.517004,-95.748271
BRZ-03753,"NSI Structure 122542780, Fort Bend County, TX",29.699769,-95.829713
BRZ-03754,"NSI Structure 122626856, Fort Bend County, TX",29.518254,-95.750322
BRZ-03755,"NSI Structure 122458399, Fort Bend County, TX",29.678613,-95.690165
BRZ-03756,"NSI Structure 122596657, Fort Bend County, TX",29.682701,-95.645738
BRZ-03757,"NSI Structure 122600749, Fort Bend County, TX",29.600745,-95.753736
BRZ-03758,"NSI Structure 122460071, Fort Bend County, TX",29.681956,-95.694451
BRZ-03759,"NSI Structure 122585422, Fort Bend County, TX",29.694563,-95.756771
BRZ-03760,"NSI Structure 122468239, Fort Bend County, TX",29.640915,-95.732194
BRZ-03761,"NSI Structure 122596381, Fort Bend County, TX",29.57283,-95.626959
BRZ-03762,"NSI Structure 122519349, Fort Bend County, TX",29.642712,-95.634645
BRZ-03763,"NSI Structure 122548745, Fort Bend County, TX",29.585659,-95.635767
BRZ-03764,"NSI Structure 122604499, Fort Bend County, TX",29.683925,-95.64805
BRZ-03765,"NSI Structure 122618402, Fort Bend County, TX",29.531301,-95.765641
BRZ-03766,"NSI Structure 122564584, Fort Bend County, TX",29.55195,-95.628436
BRZ-03767,"NSI Structure 122627041, Fort Bend County, TX",29.485493,-95.768231
BRZ-03768,"NSI Structure 122446861, Fort Bend County, TX",29.624198,-95.642272
BRZ-03769,"NSI Structure 122702244, Fort Bend County, TX",29.587949,-95.600801
BRZ-03770,"NSI Structure 122553935, Fort Bend County, TX",29.661655,-95.732933
BRZ-03771,"NSI Structure 122474890, Fort Bend County, TX",29.632532,-95.737795
BRZ-03772,"NSI Structure 122577293, Fort Bend County, TX",29.679661,-95.716992
BRZ-03773,"NSI Structure 122584421, Fort Bend County, TX",29.70072,-95.730259
BRZ-03774,"NSI Structure 122665468, Fort Bend County, TX",29.652079,-95.600914
BRZ-03775,"NSI Structure 122518575, Fort Bend County, TX",29.643804,-95.628495
BRZ-03776,"NSI Structure 122619017, Fort Bend County, TX",29.551699,-95.784656
BRZ-03777,"NSI Structure 122480106, Fort Bend County, TX",29.707717,-95.75343
BRZ-03778,"NSI Structure 122614887, Fort Bend County, TX",29.651417,-95.69296
BRZ-03779,"NSI Structure 122552965, Fort Bend County, TX",29.651623,-95.700016
BRZ-03780,"NSI Structure 122466128, Fort Bend County, TX",29.561965,-95.710249
BRZ-03781,"NSI Structure 123419688, Harris County, TX",29.697312,-95.633632
BRZ-03782,"NSI Structure 122551400, Fort Bend County, TX",29.543242,-95.673493
BRZ-03783,"NSI Structure 122460471, Fort Bend County, TX",29.636197,-95.699349
BRZ-03784,"NSI Structure 122457509, Fort Bend County, TX",29.564254,-95.69756
BRZ-03785,"NSI Structure 122498239, Fort Bend County, TX",29.679116,-95.830716
BRZ-03786,"NSI Structure 122622828, Fort Bend County, TX",29.520986,-95.724745
BRZ-03787,"NSI Structure 122551888, Fort Bend County, TX",29.685262,-95.682224
BRZ-03788,"NSI Structure 122637118, Fort Bend County, TX",29.466724,-95.824956
BRZ-03789,"NSI Structure 122617842, Fort Bend County, TX",29.583751,-95.75392
BRZ-03790,"NSI Structure 122494950, Fort Bend County, TX",29.54879,-95.824049
BRZ-03791,"NSI Structure 122632735, Fort Bend County, TX",29.497453,-95.816995
BRZ-03792,"NSI Structure 122496294, Fort Bend County, TX",29.700843,-95.826269
BRZ-03793,"NSI Structure 124252003, Harris County, TX",29.715611,-95.611482
BRZ-03794,"NSI Structure 122628537, Fort Bend County, TX",29.502099,-95.765411
BRZ-03795,"NSI Structure 122497149, Fort Bend County, TX",29.668909,-95.829751
BRZ-03796,"NSI Structure 122553229, Fort Bend County, TX",29.561512,-95.717247
BRZ-03797,"NSI Structure 122613754, Fort Bend County, TX",29.633853,-95.644148
BRZ-03798,"NSI Structure 122564959, Fort Bend County, TX",29.579789,-95.633123
BRZ-03799,"NSI Structure 123430096, Harris County, TX",29.705436,-95.663718
BRZ-03800,"NSI Structure 122529277, Fort Bend County, TX",29.67771,-95.727609
BRZ-03801,"NSI Structure 124168822, Harris County, TX",29.668493,-95.604245
BRZ-03802,"NSI Structure 122524712, Fort Bend County, TX",29.64671,-95.68337
BRZ-03803,"NSI Structure 122464452, Fort Bend County, TX",29.694091,-95.71072
BRZ-03804,"NSI Structure 122525332, Fort Bend County, TX",29.56503,-95.679197
BRZ-03805,"NSI Structure 122458864, Fort Bend County, TX",29.650819,-95.689368
BRZ-03806,"NSI Structure 124060950, Harris County, TX",29.696445,-95.620558
BRZ-03807,"NSI Structure 122528649, Fort Bend County, TX",29.60959,-95.724655
BRZ-03808,"NSI Structure 122591434, Fort Bend County, TX",29.55187,-95.814925
BRZ-03809,"NSI Structure 122596968, Fort Bend County, TX",29.69367,-95.663475
BRZ-03810,"NSI Structure 122609694, Fort Bend County, TX",29.67665,-95.69338
BRZ-03811,"NSI Structure 122512496, Fort Bend County, TX",29.708582,-95.885581
BRZ-03812,"NSI Structure 122488945, Fort Bend County, TX",29.546528,-95.797263
BRZ-03813,"NSI Structure 122532237, Fort Bend County, TX",29.617408,-95.740288
BRZ-03814,"NSI Structure 122472999, Fort Bend County, TX",29.570016,-95.736018
BRZ-03815,"NSI Structure 122551276, Fort Bend County, TX",29.693769,-95.678765
BRZ-03816,"NSI Structure 122565027, Fort Bend County, TX",29.65351,-95.634859
BRZ-03817,"NSI Structure 122612397, Fort Bend County, TX",29.651746,-95.747821
BRZ-03818,"NSI Structure 122565419, Fort Bend County, TX",29.569534,-95.642643
BRZ-03819,"NSI Structure 122470219, Fort Bend County, TX",29.658292,-95.727735
BRZ-03820,"NSI Structure 123548790, Harris County, TX",29.712107,-95.664845
BRZ-03821,"NSI Structure 122566232, Fort Bend County, TX",29.583251,-95.673997
BRZ-03822,"NSI Structure 123343570, Harris County, TX",29.703992,-95.672521
BRZ-03823,"NSI Structure 122472186, Fort Bend County, TX",29.683366,-95.740578
BRZ-03824,"NSI Structure 122618093, Fort Bend County, TX",29.559108,-95.798061
BRZ-03825,"NSI Structure 122554059, Fort Bend County, TX",29.671511,-95.727842
BRZ-03826,"NSI Structure 122612591, Fort Bend County, TX",29.704467,-95.812817
BRZ-03827,"NSI Structure 122618994, Fort Bend County, TX",29.54783,-95.833643
BRZ-03828,"NSI Structure 122630092, Fort Bend County, TX",29.518857,-95.780424
BRZ-03829,"NSI Structure 122459336, Fort Bend County, TX",29.543507,-95.689744
BRZ-03830,"NSI Structure 122462208, Fort Bend County, TX",29.693611,-95.69813
BRZ-03831,"NSI Structure 122447520, Fort Bend County, TX",29.673516,-95.645291
BRZ-03832,"NSI Structure 122523913, Fort Bend County, TX",29.537804,-95.675399
BRZ-03833,"NSI Structure 122473152, Fort Bend County, TX",29.570764,-95.744203
BRZ-03834,"NSI Structure 122521641, Fort Bend County, TX",29.603187,-95.662482
BRZ-03835,"NSI Structure 122666699, Fort Bend County, TX",29.54872,-95.610587
BRZ-03836,"NSI Structure 122543107, Fort Bend County, TX",29.548172,-95.828579
BRZ-03837,"NSI Structure 122539053, Fort Bend County, TX",29.705001,-95.789514
BRZ-03838,"NSI Structure 122540240, Fort Bend County, TX",29.599488,-95.809668
BRZ-03839,"NSI Structure 122604691, Fort Bend County, TX",29.636515,-95.669928
BRZ-03840,"NSI Structure 124737233, Harris County, TX",29.691739,-95.612813
BRZ-03841,"NSI Structure 122635484, Fort Bend County, TX",29.513975,-95.671778
BRZ-03842,"NSI Structure 122566697, Fort Bend County, TX",29.695872,-95.680428
BRZ-03843,"NSI Structure 122579127, Fort Bend County, TX",29.578031,-95.767352
BRZ-03844,"NSI Structure 122465947, Fort Bend County, TX",29.546783,-95.707802
BRZ-03845,"NSI Structure 122603802, Fort Bend County, TX",29.701541,-95.812899
BRZ-03846,"NSI Structure 122548947, Fort Bend County, TX",29.630179,-95.638107
BRZ-03847,"NSI Structure 122508866, Fort Bend County, TX",29.704795,-95.877409
BRZ-03848,"NSI Structure 123480995, Harris County, TX",29.699863,-95.634066
BRZ-03849,"NSI Structure 122500436, Fort Bend County, TX",29.712421,-95.831544
BRZ-03850,"NSI Structure 122700165, Fort Bend County, TX",29.637962,-95.622099
BRZ-03851,"NSI Structure 122453770, Fort Bend County, TX",29.684393,-95.679885
BRZ-03852,"NSI Structure 122668084, Fort Bend County, TX",29.610154,-95.616005
BRZ-03853,"NSI Structure 122488242, Fort Bend County, TX",29.572008,-95.800551
BRZ-03854,"NSI Structure 122449799, Fort Bend County, TX",29.68708,-95.660007
BRZ-03855,"NSI Structure 122699622, Fort Bend County, TX",29.58081,-95.600083
BRZ-03856,"NSI Structure 124736663, Harris County, TX",29.704888,-95.613003
BRZ-03857,"NSI Structure 122539434, Fort Bend County, TX",29.692716,-95.796678
BRZ-03858,"NSI Structure 122498379, Fort Bend County, TX",29.667781,-95.835397
BRZ-03859,"NSI Structure 122483126, Fort Bend County, TX",29.567935,-95.769007
BRZ-03860,"NSI Structure 124439280, Harris County, TX",29.675781,-95.616314
BRZ-03861,"NSI Structure 122549650, Fort Bend County, TX",29.60333,-95.659903
BRZ-03862,"NSI Structure 122526394, Fort Bend County, TX",29.697304,-95.6931
BRZ-03863,"NSI Structure 122448886, Fort Bend County, TX",29.641969,-95.656638
BRZ-03864,"NSI Structure 122590135, Fort Bend County, TX",29.569786,-95.764026
BRZ-03865,"NSI Structure 122518503, Fort Bend County, TX",29.67251,-95.628696
BRZ-03866,"NSI Structure 122640320, Fort Bend County, TX",29.51081,-95.819878
BRZ-03867,"NSI Structure 122579525, Fort Bend County, TX",29.704649,-95.77987
BRZ-03868,"NSI Structure 122459460, Fort Bend County, TX",29.69792,-95.691746
BRZ-03869,"NSI Structure 122578492, Fort Bend County, TX",29.697288,-95.74569
BRZ-03870,"NSI Structure 122581752, Fort Bend County, TX",29.67801,-95.633811
BRZ-03871,"NSI Structure 122597696, Fort Bend County, TX",29.560942,-95.714582
BRZ-03872,"NSI Structure 122583625, Fort Bend County, TX",29.659704,-95.685331
BRZ-03873,"NSI Structure 122628769, Fort Bend County, TX",29.495359,-95.770752
BRZ-03874,"NSI Structure 122457506, Fort Bend County, TX",29.579003,-95.683767
BRZ-03875,"NSI Structure 122581716, Fort Bend County, TX",29.640192,-95.63372
BRZ-03876,"NSI Structure 122700116, Fort Bend County, TX",29.659951,-95.619984
BRZ-03877,"NSI Structure 122555794, Fort Bend County, TX",29.718071,-95.75135
BRZ-03878,"NSI Structure 122602493, Fort Bend County, TX",29.577969,-95.683948
BRZ-03879,"NSI Structure 122605959, Fort Bend County, TX",29.671556,-95.626345
BRZ-03880,"NSI Structure 122550284, Fort Bend County, TX",29.688235,-95.66441
BRZ-03881,"NSI Structure 122463737, Fort Bend County, TX",29.690115,-95.71006
BRZ-03882,"NSI Structure 122491246, Fort Bend County, TX",29.694002,-95.804933
BRZ-03883,"NSI Structure 122468258, Fort Bend County, TX",29.641327,-95.730611
BRZ-03884,"NSI Structure 122449323, Fort Bend County, TX",29.552875,-95.655892
BRZ-03885,"NSI Structure 122582705, Fort Bend County, TX",29.586752,-95.664173
BRZ-03886,"NSI Structure 122566824, Fort Bend County, TX",29.699385,-95.685543
BRZ-03887,"NSI Structure 122553512, Fort Bend County, TX",29.688973,-95.721415
BRZ-03888,"NSI Structure 122578911, Fort Bend County, TX",29.70845,-95.748569
BRZ-03889,"NSI Structure 122633472, Fort Bend County, TX",29.468046,-95.825021
BRZ-03890,"NSI Structure 122499160, Fort Bend County, TX",29.697892,-95.833819
BRZ-03891,"NSI Structure 122615232, Fort Bend County, TX",29.69147,-95.734705
BRZ-03892,"NSI Structure 122555709, Fort Bend County, TX",29.681051,-95.747609
BRZ-03893,"NSI Structure 122605019, Fort Bend County, TX",29.649143,-95.746824
BRZ-03894,"NSI Structure 122633203, Fort Bend County, TX",29.529344,-95.822475
BRZ-03895,"NSI Structure 122636633, Fort Bend County, TX",29.49862,-95.765357
BRZ-03896,"NSI Structure 122641067, Fort Bend County, TX",29.516024,-95.750253
BRZ-03897,"NSI Structure 122444625, Fort Bend County, TX",29.649232,-95.628794
BRZ-03898,"NSI Structure 122644255, Fort Bend County, TX",29.514941,-95.817486
BRZ-03899,"NSI Structure 122479466, Fort Bend County, TX",29.666112,-95.750406
BRZ-03900,"NSI Structure 122681688, Fort Bend County, TX",29.544067,-95.608401
BRZ-03901,"NSI Structure 122468332, Fort Bend County, TX",29.627101,-95.724499
BRZ-03902,"NSI Structure 122598078, Fort Bend County, TX",29.572247,-95.747499
BRZ-03903,"NSI Structure 122608895, Fort Bend County, TX",29.705226,-95.780586
BRZ-03904,"NSI Structure 122489422, Fort Bend County, TX",29.543807,-95.797742
BRZ-03905,"NSI Structure 122505281, Fort Bend County, TX",29.716309,-95.857491
BRZ-03906,"NSI Structure 123341503, Harris County, TX",29.71507,-95.668854
BRZ-03907,"NSI Structure 122533919, Fort Bend County, TX",29.661671,-95.754092
BRZ-03908,"NSI Structure 122689597, Fort Bend County, TX",29.657295,-95.601257
BRZ-03909,"NSI Structure 122644490, Fort Bend County, TX",29.50282,-95.713348
BRZ-03910,"NSI Structure 122549493, Fort Bend County, TX",29.642156,-95.654404
BRZ-03911,"NSI Structure 122681615, Fort Bend County, TX",29.654755,-95.609666
BRZ-03912,"NSI Structure 122629558, Fort Bend County, TX",29.508542,-95.824748
BRZ-03913,"NSI Structure 122519951, Fort Bend County, TX",29.56785,-95.640017
BRZ-03914,"NSI Structure 122460702, Fort Bend County, TX",29.6324,-95.696044
BRZ-03915,"NSI Structure 122613798, Fort Bend County, TX",29.641421,-95.686613
BRZ-03916,"NSI Structure 122596931, Fort Bend County, TX",29.558018,-95.66198
BRZ-03917,"NSI Structure 122681692, Fort Bend County, TX",29.539113,-95.607992
BRZ-03918,"NSI Structure 122472086, Fort Bend County, TX",29.539402,-95.734855
BRZ-03919,"NSI Structure 122549684, Fort Bend County, TX",29.581361,-95.661397
BRZ-03920,"NSI Structure 123882692, Harris County, TX",29.683218,-95.603427
BRZ-03921,"NSI Structure 122606058, Fort Bend County, TX",29.682445,-95.638524
BRZ-03922,"NSI Structure 122581581, Fort Bend County, TX",29.665364,-95.626977
BRZ-03923,"NSI Structure 122486083, Fort Bend County, TX",29.712361,-95.794661
BRZ-03924,"NSI Structure 122523265, Fort Bend County, TX",29.686231,-95.670177
BRZ-03925,"NSI Structure 122556577, Fort Bend County, TX",29.618053,-95.760297
BRZ-03926,"NSI Structure 122610608, Fort Bend County, TX",29.581046,-95.623288
BRZ-03927,"NSI Structure 122466572, Fort Bend County, TX",29.567092,-95.713572
BRZ-03928,"NSI Structure 122554156, Fort Bend County, TX",29.709456,-95.730756
BRZ-03929,"NSI Structure 122477949, Fort Bend County, TX",29.688613,-95.759579
BRZ-03930,"NSI Structure 122640919, Fort Bend County, TX",29.532987,-95.736379
BRZ-03931,"NSI Structure 122555554, Fort Bend County, TX",29.678491,-95.748325
BRZ-03932,"NSI Structure 122456980, Fort Bend County, TX",29.653382,-95.690219
BRZ-03933,"NSI Structure 122530297, Fort Bend County, TX",29.651818,-95.727271
BRZ-03934,"NSI Structure 123427541, Harris County, TX",29.696613,-95.648991
BRZ-03935,"NSI Structure 122522471, Fort Bend County, TX",29.64773,-95.660652
BRZ-03936,"NSI Structure 122541023, Fort Bend County, TX",29.563557,-95.815145
BRZ-03937,"NSI Structure 124251849, Harris County, TX",29.684688,-95.613959
BRZ-03938,"NSI Structure 122529627, Fort Bend County, TX",29.671933,-95.729702
BRZ-03939,"NSI Structure 122624574, Fort Bend County, TX",29.528055,-95.739962
BRZ-03940,"NSI Structure 123498644, Harris County, TX",29.693571,-95.647825
BRZ-03941,"NSI Structure 122609639, Fort Bend County, TX",29.539285,-95.687481
BRZ-03942,"NSI Structure 122624284, Fort Bend County, TX",29.528161,-95.735538
BRZ-03943,"NSI Structure 122470864, Fort Bend County, TX",29.690899,-95.730377
BRZ-03944,"NSI Structure 122577329, Fort Bend County, TX",29.678515,-95.716711
BRZ-03945,"NSI Structure 122451251, Fort Bend County, TX",29.576226,-95.662437
BRZ-03946,"NSI Structure 122565578, Fort Bend County, TX",29.598192,-95.646269
BRZ-03947,"NSI Structure 122554869, Fort Bend County, TX",29.536699,-95.736292
BRZ-03948,"NSI Structure 122529147, Fort Bend County, TX",29.614657,-95.725816
BRZ-03949,"NSI Structure 122478418, Fort Bend County, TX",29.648067,-95.745977
BRZ-03950,"NSI Structure 122627763, Fort Bend County, TX",29.529235,-95.755623
BRZ-03951,"NSI Structure 122632750, Fort Bend County, TX",29.492293,-95.815909
BRZ-03952,"NSI Structure 122608398, Fort Bend County, TX",29.64803,-95.626588
BRZ-03953,"NSI Structure 123334783, Harris County, TX",29.713896,-95.656512
BRZ-03954,"NSI Structure 122551259, Fort Bend County, TX",29.693373,-95.677271
BRZ-03955,"NSI Structure 124253642, Harris County, TX",29.678607,-95.626131
BRZ-03956,"NSI Structure 122455440, Fort Bend County, TX",29.649892,-95.670561
BRZ-03957,"NSI Structure 122527350, Fort Bend County, TX",29.656296,-95.698973
BRZ-03958,"NSI Structure 122614026, Fort Bend County, TX",29.55327,-95.809603
BRZ-03959,"NSI Structure 122627369, Fort Bend County, TX",29.466541,-95.810185
BRZ-03960,"NSI Structure 122472816, Fort Bend County, TX",29.565695,-95.742929
BRZ-03961,"NSI Structure 122597223, Fort Bend County, TX",29.650817,-95.683843
BRZ-03962,"NSI Structure 122499164, Fort Bend County, TX",29.697574,-95.832882
BRZ-03963,"NSI Structure 122679826, Fort Bend County, TX",29.571754,-95.617878
BRZ-03964,"NSI Structure 122704582, Fort Bend County, TX",29.614784,-95.620043
BRZ-03965,"NSI Structure 122454728, Fort Bend County, TX",29.678289,-95.678449
BRZ-03966,"NSI Structure 123322875, Harris County, TX",29.697196,-95.63567
BRZ-03967,"NSI Structure 122578724, Fort Bend County, TX",29.688618,-95.7463
BRZ-03968,"NSI Structure 122459758, Fort Bend County, TX",29.689996,-95.689887
BRZ-03969,"NSI Structure 122486582, Fort Bend County, TX",29.704956,-95.788837
BRZ-03970,"NSI Structure 122552153, Fort Bend County, TX",29.684653,-95.684841
BRZ-03971,"NSI Structure 122550866, Fort Bend County, TX",29.69479,-95.672072
BRZ-03972,"NSI Structure 122577087, Fort Bend County, TX",29.581666,-95.694809
BRZ-03973,"NSI Structure 122668499, Fort Bend County, TX",29.655185,-95.615845
BRZ-03974,"NSI Structure 122537196, Fort Bend County, TX",29.708097,-95.794702
BRZ-03975,"NSI Structure 122599996, Fort Bend County, TX",29.670528,-95.683429
BRZ-03976,"NSI Structure 122633875, Fort Bend County, TX",29.452294,-95.87144
BRZ-03977,"NSI Structure 123500625, Harris County, TX",29.707153,-95.671269
BRZ-03978,"NSI Structure 122475849, Fort Bend County, TX",29.585778,-95.74521
BRZ-03979,"NSI Structure 122530398, Fort Bend County, TX",29.665291,-95.732249
BRZ-03980,"NSI Structure 122566192, Fort Bend County, TX",29.584314,-95.672472
BRZ-03981,"NSI Structure 122552146, Fort Bend County, TX",29.684608,-95.680663
BRZ-03982,"NSI Structure 122682882, Fort Bend County, TX",29.646839,-95.622384
BRZ-03983,"NSI Structure 122466145, Fort Bend County, TX",29.566613,-95.715675
BRZ-03984,"NSI Structure 122568189, Fort Bend County, TX",29.561906,-95.708252
BRZ-03985,"NSI Structure 122636367, Fort Bend County, TX",29.516557,-95.741815
BRZ-03986,"NSI Structure 122617970, Fort Bend County, TX",29.71486,-95.803877
BRZ-03987,"NSI Structure 122628030, Fort Bend County, TX",29.474732,-95.804876
BRZ-03988,"NSI Structure 122622766, Fort Bend County, TX",29.53042,-95.725688
BRZ-03989,"NSI Structure 124315941, Harris County, TX",29.700799,-95.620854
BRZ-03990,"NSI Structure 122571078, Fort Bend County, TX",29.546995,-95.774193
BRZ-03991,"NSI Structure 122459938, Fort Bend County, TX",29.539504,-95.694811
BRZ-03992,"NSI Structure 122479710, Fort Bend County, TX",29.59142,-95.751444
BRZ-03993,"NSI Structure 122613322, Fort Bend County, TX",29.550638,-95.679643
BRZ-03994,"NSI Structure 122458596, Fort Bend County, TX",29.656245,-95.689313
BRZ-03995,"NSI Structure 122704659, Fort Bend County, TX",29.5717,-95.613183
BRZ-03996,"NSI Structure 122548921, Fort Bend County, TX",29.630206,-95.637239
BRZ-03997,"NSI Structure 122550114, Fort Bend County, TX",29.60299,-95.660689
BRZ-03998,"NSI Structure 122602595, Fort Bend County, TX",29.655167,-95.701627
BRZ-03999,"NSI Structure 122631502, Fort Bend County, TX",29.515235,-95.802146
BRZ-04000,"NSI Structure 122459240, Fort Bend County, TX",29.570181,-95.688608
