property_id,db,dark,z,urban,hand,vv
BRZ-00001,0.0,0.0,0.40725068282521354,0.5906571654790184,8.352245111156595,-9.73171543431516
BRZ-00002,0.0,0.0,0.4337143825454365,0.06877470355731226,11.763299239030019,-9.068519207575697
BRZ-00003,0.0,0.0,0.11482933861172456,1.0,7.611209268724246,-9.081934851320401
BRZ-00004,0.0,0.0,-0.0005880912578541014,1.0,1.8898844180485201,-9.175299231100558
BRZ-00005,0.0,0.0,0.49595764802590764,1.0,1.9310171810340735,-9.091480242040706
BRZ-00006,0.0,0.0,-0.30099522672608126,0.9889676910953507,2.662416105842079,-9.416516460488296
BRZ-00007,0.0,0.0,-0.2707285925303239,1.0,10.066467854535617,-8.138115113424323
BRZ-00008,0.0,0.0,0.35062170391509623,1.0,1.8370380070428134,-8.740649708462064
BRZ-00009,0.0,0.07066719305171734,-1.5944541262886145,0.47295696802210824,1.0587321390371704,-14.652803810085603
BRZ-00010,0.0,0.0,0.8978476531125358,0.0,2.660824684100068,-9.576628504643104
BRZ-00011,0.0,0.0,0.04206820975940322,0.2698538127222442,6.214801174555475,-9.585529842757511
BRZ-00012,0.0,0.0,-0.40601375470308987,0.11916072842438641,16.92762975602169,-10.429270804843975
BRZ-00013,0.0,0.0,-0.6314148165467953,1.0,2.297239405874089,-8.902711773379854
BRZ-00014,0.0,0.0,0.819204905392888,0.0,4.2900548813855,-8.228856103495426
BRZ-00015,0.0,0.0,0.6342074794393494,1.0,1.1847093956420562,-9.18016070638354
BRZ-00016,0.0,0.0,0.14192396462055346,1.0,5.656997634952097,-8.997874507525902
BRZ-00017,0.0,0.0,0.015474132105050775,0.9728132387706854,0.22311865412135684,-9.301186631161428
BRZ-00018,0.0,0.0,-0.019842670612905167,1.0,4.59731299290046,-9.537215541095797
BRZ-00019,0.0,0.0,1.1887866263819598,0.0,4.02571022127331,-10.671718397738182
BRZ-00020,0.0,0.0,0.38165811304199604,0.7744479495268141,0.6322366566290692,-8.891324920913451
BRZ-00021,0.010157170138749366,0.0,-0.8347286408838336,1.0,1.3332229354056846,-9.881785509301091
BRZ-00022,0.07705257855919824,0.0,0.3445287049612127,0.8947160883280759,3.2549699537699612,-10.370752065168768
BRZ-00023,0.0,0.0,-0.4726373533031923,1.0,4.989262074331845,-8.502428595638783
BRZ-00024,0.0,0.0,0.6702997531409017,0.02887658227848101,2.79883416709414,-9.770672709185124
BRZ-00025,0.0,0.0,0.4862537150958517,0.0,1.356468399015076,-12.692386334998847
BRZ-00026,0.0,0.0,0.17385171960746373,0.7482269503546098,1.220556527131684,-10.019054834374433
BRZ-00027,0.0,0.0,0.03071586121692516,1.0,3.3969237493632556,-9.501739224762206
BRZ-00028,0.0,0.0,-0.16539811650141847,0.47624703087885983,10.014355746008116,-10.479125858554275
BRZ-00029,0.022478058065468143,0.0,-0.1730186620361664,0.8537549407114624,1.5815462038736454,-8.890183925992135
BRZ-00030,0.0,0.0,-0.013507442911563548,1.0,0.8844797193159916,-8.6665757606301
BRZ-00031,0.0,0.0,0.2535643810454137,1.0,4.28714346795845,-9.655216020298354
BRZ-00032,0.0,0.0,1.4854878538271235,1.0,10.68844083500696,-1.2330672260090032
BRZ-00033,0.0,0.0,-0.7821523116038607,0.0,4.661644150062349,-10.015831653766266
BRZ-00034,0.0,0.0,0.35354010058219865,0.0,0.418645781901656,-10.769046969797445
BRZ-00035,0.0,0.0,0.4123658855672466,0.0,7.156357209560623,-9.510482423317356
BRZ-00036,0.0,0.0,-0.7597125914944596,0.4326999208234362,0.7082511405998888,-9.626873718938068
BRZ-00037,0.0,0.0,-0.07028758833240245,1.0,3.8565733621841325,-8.251157280359095
BRZ-00038,0.0,0.0,0.3564553787984398,1.0,6.829006666099812,-8.700272363754411
BRZ-00039,0.0,0.0,-0.27188476748695906,1.0,6.861197330916565,-8.557659303907744
BRZ-00040,0.01472529237095089,0.0,0.21544454091775875,1.0,2.816455130544113,-7.7452474027325
BRZ-00041,0.0,0.0,0.9100266134236719,0.0,2.6116988393077203,-10.250125594439655
BRZ-00042,0.12050530618478678,0.0,0.10968292898761832,1.0,13.722968853224803,-8.925005668628618
BRZ-00043,0.0,0.0,-0.12555264829395177,0.975571315996848,0.788922600804743,-10.626817486876915
BRZ-00044,0.0,0.0,0.06261228115884616,0.5537974683544303,2.025219365447111,-9.264455091985635
BRZ-00045,0.00508942006546047,0.0,0.06357906362685752,1.0,4.691989679358501,-6.980044771748831
BRZ-00046,0.0,0.0,-0.47180570779209,0.8201267828843107,7.185867104025385,-8.050108250954597
BRZ-00047,0.0,0.0,0.18076088192251655,1.0,14.8660641232164,-8.848972031909973
BRZ-00048,0.0,0.0,0.4575835466723733,1.0,3.695825042750566,-7.916501791047987
BRZ-00049,0.0,0.0,0.44668892426224366,0.9730799683293744,0.5805765934185291,-9.045351973995542
BRZ-00050,0.0,0.0,-0.1741606085831718,1.0,1.684916011386176,-8.691604123097814
BRZ-00051,0.0,0.0,-0.010557365264047,0.7639163047769443,1.4466519764465802,-11.865471344541357
BRZ-00052,0.009451253101676231,0.0,0.6084026746217833,1.0,0.5342996638761033,-6.505394840034879
BRZ-00053,0.05020729968226347,0.0,0.1318160495442209,0.10241202056148674,4.208139688677865,-9.680662150372466
BRZ-00054,0.0,0.0,-0.6288078231351131,0.9477434679334918,1.9368114710064952,-9.251949208688531
BRZ-00055,0.0,0.0,0.7402654542961462,1.0,6.958993996886301,-5.150865298909499
BRZ-00056,0.0,0.0,0.47235382265550807,0.9408050513022888,3.1665179253872795,-9.015014964498718
BRZ-00057,0.0,0.0,-0.27793986945459265,1.0,1.5241026521403194,-9.829169216830493
BRZ-00058,0.00744953918016301,0.0,0.38718824090648113,0.9916963226571768,3.9196226574675657,-8.938302351819617
BRZ-00059,0.0,0.0,-0.2141238865828039,1.0,3.802043054263887,-9.977514304973193
BRZ-00060,0.0,0.0,1.235366976398513,1.0,0.056543917047376706,-9.100564668375707
BRZ-00061,0.05086515690689717,0.0,0.013364870086226922,1.0,4.86492214433175,-8.922317129195621
BRZ-00062,0.0,0.0,-0.27158835641196577,0.9358267716535433,1.5443194381312575,-8.663089242736703
BRZ-00063,0.028703861020810968,0.0,-0.16147209144571353,1.0,2.8772035331230272,-7.769552194310075
BRZ-00064,0.0,0.0,-0.3461485552847911,1.0,1.8840607642235492,-9.883847914310095
BRZ-00065,0.0,0.0,-0.0037397456518156384,1.0,2.147788321565634,-8.4598586133804
BRZ-00066,0.0,0.0,-0.33128084925644513,0.7588652482269502,0.13883496735484888,-8.561941186403528
BRZ-00067,0.7074893714529386,0.0,-0.5869874414275672,1.0,5.375179673677491,-7.314673363483438
BRZ-00068,0.0,0.0,-0.3754557938378781,0.11032028469750893,3.1417709410795105,-9.168431816777959
BRZ-00069,0.0,0.0,1.0628929687376434,0.0,1.5393324700128121,-10.323719064869477
BRZ-00070,0.0,0.0,-0.08324272500175557,1.0,0.21087443890342952,-9.076221012865474
BRZ-00071,0.0,0.0,-0.1854554310872525,0.7323052589956505,2.1381946055090175,-10.339713719128351
BRZ-00072,0.0,0.0,-0.43306936014872566,1.0,3.3600081796942916,-9.925282150473912
BRZ-00073,0.0,0.0,0.5108972356541336,1.0,10.672333038514234,-9.453977769265244
BRZ-00074,0.0,0.0,-0.1515089745239713,0.5417821782178218,2.787480483532987,-8.137416203729702
BRZ-00075,0.0,0.0,-0.032977387615145966,1.0,7.740028312754658,-7.475607336994137
BRZ-00076,0.0,0.0,0.4296243744851907,1.0,1.6340693621961058,-6.100786936076533
BRZ-00077,0.04954667455737661,0.0,0.9065903392611276,1.0,0.4850115271203513,-9.690260983768345
BRZ-00078,0.21037044800917773,0.0,0.5980583597211402,1.0,6.523159649683635,-8.808419578078833
BRZ-00079,0.0,0.0,0.07981642384089055,1.0,2.3507936367252027,-8.826984223509978
BRZ-00080,0.0,0.0,0.2241281703215038,1.0,1.176797479682428,-8.421906370948495
BRZ-00081,0.0,0.0,1.0789100999122365,0.6598263614838202,1.4248468545513566,-10.666755225701992
BRZ-00082,0.0,0.0,0.5990170929000894,1.0,12.900705520089108,-7.618238843956718
BRZ-00083,0.0,0.0,-0.4405217311129378,0.9715639810426542,2.7675897215405993,-9.894087612959202
BRZ-00084,0.0,0.0,0.05887838679054477,0.23845242795104618,17.131867732905324,-9.217572977808045
BRZ-00085,0.0,0.0,-0.03825783502432757,1.0,0.8231979405096119,-9.422444056242213
BRZ-00086,0.0,0.0,0.7096628889359722,0.5203155818540434,0.38205249532590485,-9.837427801110596
BRZ-00087,0.03878621866961918,0.0,0.47885090804384417,1.0,3.989958951001953,-9.331829124036213
BRZ-00088,0.0,0.0,0.1403021589851002,0.0,0.37365132116567584,-11.0234000806218
BRZ-00089,0.0,0.0,1.046969700982005,0.9458711971552746,1.3462969515026308,-8.536724724146223
BRZ-00090,0.0,0.0,-0.3052705234417264,0.0,3.936748329177508,-9.10584270007092
BRZ-00091,0.0,0.0,0.2201292231793058,1.0,5.232991507560724,-8.375767579682204
BRZ-00092,0.0,0.0,-0.0514743518429618,1.0,0.2221717895622389,-9.231895185289563
BRZ-00093,0.0,0.0,-0.6598456270251271,1.0,1.9685052515411376,-10.50151946173076
BRZ-00094,0.0,0.0,0.04891713742369852,1.0,3.5384179715372266,-9.673708966874617
BRZ-00095,0.0,0.0,0.6484694152807193,1.0,1.8309794924722127,-9.683686871938564
BRZ-00096,0.0,0.0,0.43689227180177115,1.0,4.026863150659156,-8.464511773146649
BRZ-00097,0.0,0.0,-0.10534766228018559,1.0,2.988953348925173,-9.343005458465369
BRZ-00098,0.0,0.0,0.23404221293051075,0.6621835443037974,2.896820345176746,-7.818731125902016
BRZ-00099,0.0,0.0,0.14024067751548472,1.0,3.1419696643310484,-8.346710386351967
BRZ-00100,5.296681625293868e-05,0.0,-0.5246977269330176,1.0,5.655335549210211,-9.116483613746572
BRZ-00101,0.0,0.0,-0.708903748338755,1.0,3.3213012623059006,-8.131697274009987
BRZ-00102,0.0,0.0,1.0075771791294577,0.0,2.0411744140253307,-10.650764905320662
BRZ-00103,0.0,0.0,0.3721093969046212,1.0,2.0768251076668056,-8.456620333518106
BRZ-00104,0.0,0.0,0.7026947695365611,0.0631163708086785,2.4407621892768523,-11.036581444811754
BRZ-00105,0.11689955876445432,0.0,0.2006469690568142,1.0,1.755554637229412,-9.713240228563953
BRZ-00106,0.0,0.0,0.09612752736676036,1.0,6.8161510901009335,-8.455195221392831
BRZ-00107,0.0,0.0,0.5343809471458517,1.0,2.1414070396180764,-8.188044022847642
BRZ-00108,0.0,0.0,0.0010095333091416805,1.0,6.140747126833232,-9.345623978853325
BRZ-00109,0.00755007510224837,0.0,0.413367007807468,1.0,0.15139306219889087,-6.879550460471723
BRZ-00110,0.0,0.0,0.25722234414636613,1.0,1.1220011436685964,-9.173958282981475
BRZ-00111,0.0,0.0,0.005027958865419703,0.29655990510083047,1.5112063252398285,-10.92450906026509
BRZ-00112,0.0,0.0,0.16338664787843546,0.0,0.44694170809787176,-8.964786310189844
BRZ-00113,0.0,0.0,-0.9656677056890108,0.6057616416732436,5.335703669358683,-9.838962963806651
BRZ-00114,0.0,0.0,-0.8747146797400304,0.6156878202601498,1.8836676263919119,-9.915375467949273
BRZ-00115,0.0,0.0,-0.4439193676574666,0.81094919259551,3.3158574900864153,-9.561008228173963
BRZ-00116,0.07505414023372067,0.0,-0.34141990552311513,1.0,2.447556324227324,-8.382864633264726
BRZ-00117,0.0,0.0,-0.2836470956488423,1.0,10.14977864466556,-8.495556540828556
BRZ-00118,0.0,0.0,0.5236729256694698,1.0,5.935516525178939,-8.71303087237783
BRZ-00119,0.0,0.0,0.5806092351264213,0.9561784445321755,4.225714085757634,-9.933726755645573
BRZ-00120,0.0,0.0,-0.024349566154544016,1.0,0.12201196484474999,-10.241026635393466
BRZ-00121,0.0,0.0,-0.07594178944477696,1.0,14.152668161056534,-8.81098837816202
BRZ-00122,0.0,0.0,0.779565826765333,0.5082872928176796,4.004077560108912,-8.708156965809028
BRZ-00123,0.0,0.0,-0.12997434096864183,1.0,2.336697421965495,-9.15711311756916
BRZ-00124,0.0,0.0,0.12159909795865083,1.0,2.863005378381694,-8.1945679946817
BRZ-00125,0.0,0.0,0.22461581509131293,0.0,2.291911856533419,-11.418115454480196
BRZ-00126,0.0,0.0,0.7784293104391324,1.0,0.5760891506324034,-4.831605981223343
BRZ-00127,0.004225365708800698,0.0,-0.11964207124005818,0.9187376725838263,6.945935321280306,-9.509695701695613
BRZ-00128,0.0,0.0,0.24695924249739643,1.0,0.18383641263405237,-9.62971589742972
BRZ-00129,0.0,0.0,0.05636769739544823,0.9155151993683379,1.8503807004523318,-9.036756414478551
BRZ-00130,0.0,0.0,0.10892720155768282,0.7571935356720536,1.1968552746087942,-3.8713184843397856
BRZ-00131,0.0,0.0,-0.8256176384429581,0.6692944422546315,2.8017106267244776,-10.021291619623316
BRZ-00132,0.0,0.0,0.6005158035900192,0.8813291139240507,2.1073704489893252,-8.150934569893552
BRZ-00133,0.0,0.0,-0.7136096028600896,1.0,2.3820861282424177,-7.310707986605612
BRZ-00134,0.0,0.0,0.4805981584587236,0.9025742574257424,4.793535547869148,-5.457166849458379
BRZ-00135,0.0,0.0,-0.5431141910740389,0.0,1.553266247463694,-11.487403040577954
BRZ-00136,0.00749553644361342,0.0,0.1943208697693828,1.0,4.3373235221175275,-6.647266295478523
BRZ-00137,0.003726557912614947,0.0,-0.951232032798431,1.0,3.081183821591621,-11.52680411458596
BRZ-00138,0.0,0.0,-0.5863290910063349,1.0,2.4879641314277907,-8.894223085880153
BRZ-00139,0.0,0.0,-0.39944629992528713,1.0,10.30456636859956,-8.238609670412004
BRZ-00140,0.0,0.0,0.07287589956602865,1.0,0.5493513410356275,-8.473157553335911
BRZ-00141,0.0,0.0,0.1783676197253233,1.0,2.5189496815683423,-6.749609203492969
BRZ-00142,0.0,0.0,1.0359635091971129,1.0,1.2159209411131906,-5.66187709635681
BRZ-00143,0.0,0.0,1.2054395723336508,1.0,1.790041497756976,-7.25414479624735
BRZ-00144,0.02707439607344066,0.0,-0.27405569194429036,0.9996041171813144,11.392935263011598,-7.509467977532358
BRZ-00145,0.09314323104343067,0.0,0.9643481737702468,1.0,1.340384075967104,-7.708360829827603
BRZ-00146,0.0,0.0,0.42280830413690007,0.6265772870662462,7.485519424785199,-9.496648840720601
BRZ-00147,0.0,0.0,0.13556526770551391,0.0,3.979121380095851,-11.006296621697112
BRZ-00148,0.0,0.0,1.2673264438228882,0.29560743965176095,4.443218964808909,-9.6138123246775
BRZ-00149,0.00526036017387223,0.0,-0.1949568499474536,1.0,1.346272623474025,-8.123880357923584
BRZ-00150,0.0,0.0,0.015718342332624362,1.0,6.712791597408182,-10.506060428470366
BRZ-00151,0.0007236768534368644,0.0,0.22053098717612352,1.0,8.028438204578213,-7.396882010789214
BRZ-00152,0.011728012641153392,0.0,-0.24997694114197075,1.0,4.545683032828036,-9.512436021694057
BRZ-00153,0.013268198766330681,0.0,0.4479972944105984,0.9988118811881188,5.294947549408474,-8.822507560465462
BRZ-00154,0.0,0.0,-0.47880477842979247,0.0,6.116170711807208,-10.927844048478054
BRZ-00155,0.0,0.0,0.07101648512128346,1.0,3.8927728317594097,-9.08043695973569
BRZ-00156,0.0,0.0,0.352859408851879,1.0,6.616490238158493,-8.24019502919295
BRZ-00157,0.0,0.0,0.9163310814269052,0.0,2.1832035978245004,-11.704914807298525
BRZ-00158,0.0,0.0,0.5944300520367481,1.0,1.11341707354321,-8.3835872944833
BRZ-00159,0.0,0.0,-0.6819140557771809,1.0,7.2646861664539975,-10.257565381347046
BRZ-00160,0.0897592972845203,0.0,-0.13612960376132585,1.0,8.046655256048462,-9.972781441816903
BRZ-00161,0.0,0.0,0.43623539057743005,0.5879794385132464,4.3658897311440885,-8.98207134756909
BRZ-00162,0.0,0.0,0.07973745396842598,0.7801502570185844,0.8763173983249688,-10.923346061037682
BRZ-00163,0.0,0.0,0.2044139512288962,1.0,1.4637298965596492,-9.737033136082172
BRZ-00164,0.4418201443466878,0.0,1.4006771149372144,1.0,4.026337966565947,-8.552531734678118
BRZ-00165,0.02696364850630402,0.0,0.15528307051350052,1.0,2.5826545782664914,-10.225961222079889
BRZ-00166,0.0,0.0,-0.38172657977515817,0.0,2.648559007759623,-9.374401068946305
BRZ-00167,0.0,0.0,0.59890933023386,0.19621002763521517,3.2979344313112575,-9.40687310090411
BRZ-00168,0.0,0.0,-1.4008580504783388,1.0,3.56605332941669,-7.200946561041406
BRZ-00169,0.0,0.0,-0.6362945602373422,1.0,1.5191633668017859,-9.392416770257478
BRZ-00170,0.0,0.0,-0.2743273288814949,1.0,6.406778142889859,-9.763066783131567
BRZ-00171,0.0,0.0,-0.04659204688256328,1.0,8.160681771472076,-8.565780445771017
BRZ-00172,0.0,0.0,0.284916152138676,0.7545311268715527,4.949953410060634,-7.411156805475328
BRZ-00173,0.0,0.0,0.09474975825400887,0.9763406940063092,2.907345472713223,-7.57415522401026
BRZ-00174,0.0,0.0,0.5432784542492036,1.0,1.327593960287615,-10.830587995500789
BRZ-00175,0.0,0.0,-0.2681362406696622,1.0,1.4386910295980748,-9.887029698140063
BRZ-00176,0.5945107751871104,0.0,1.0678284827090054,1.0,1.7829478929910736,-7.910147125720727
BRZ-00177,0.0,0.0,-0.76454189342762,1.0,1.533775942678779,-9.881914737546888
BRZ-00178,0.0,0.0,-0.19755287339922847,1.0,3.6332439444266362,-8.14693704844584
BRZ-00179,0.0026968739274080664,0.0,-0.22066979881798815,1.0,1.985207255705462,-8.365875016287717
BRZ-00180,0.0,0.0,-0.8722743399525433,1.0,6.645804102564103,-9.4944893889475
BRZ-00181,0.0,0.0,-0.052452145424954,1.0,8.156413966945157,-9.468587977560674
BRZ-00182,0.0,0.0,-0.9761272186154822,1.0,1.7866064451871688,-9.336560005164207
BRZ-00183,0.03996450218405177,0.0,0.31915191698137957,0.6924901185770752,1.958386388091981,-11.566399003561965
BRZ-00184,0.0,0.0,-0.0930607685219907,1.0,5.822619525316123,-8.383172902837067
BRZ-00185,0.0,0.0,0.2070052538764159,1.0,2.576288366168711,-5.952065286273135
BRZ-00186,0.0,0.0,0.056099459861551036,1.0,1.7856316971318171,-8.785972196555
BRZ-00187,0.0,0.0,0.3820432550571811,0.9754843811783315,1.443102279092043,-8.446016819503015
BRZ-00188,0.0,0.0,-0.581495524672218,1.0,1.5643991049697532,-8.078109632797402
BRZ-00189,0.0,0.0,0.03992781683028125,0.9605055292259084,3.3114195491708807,-9.658323918028966
BRZ-00190,0.0,0.0,-0.15295112874793132,0.03947887879984208,7.599036831769344,-9.081033304189772
BRZ-00191,0.003099927081419,0.0,-0.44514670030404085,1.0,4.747217548152657,-8.0386027303995
BRZ-00192,0.0,0.0,-0.532535042616861,1.0,7.232874562708136,-8.351560835136057
BRZ-00193,0.0,0.0,0.7003548282593488,0.9472233162662463,3.329809903843817,-10.47756591551529
BRZ-00194,0.006708078168703047,0.0,0.3471696403704343,1.0,5.544672532485294,-7.118789101468658
BRZ-00195,0.0,0.0,0.6101252283920853,0.9474930911962101,2.8504315020876954,-9.690306826422573
BRZ-00196,0.0,0.0,0.049353924780267504,1.0,1.103895961860497,-9.726433721108988
BRZ-00197,0.0,0.0,-0.02694467903662282,1.0,2.637860797240303,-8.058259758461471
BRZ-00198,0.0,0.0,0.14996237284903627,0.9960443037974683,0.17156758122027677,-12.156513675923273
BRZ-00199,0.0,0.0,-1.0518836410529606,1.0,2.944476556435624,-7.453131366794116
BRZ-00200,0.044844320239756895,0.0,-0.115205461244328,1.0,1.4320259098963686,-8.551194308407156
BRZ-00201,0.0,0.0,-0.5364943969196067,0.9956607495069034,8.74256411784426,-8.881715686888207
BRZ-00202,0.0,0.0,-0.1390243332674806,0.9821993670886077,0.958948545742669,-9.209157184295776
BRZ-00203,0.0,0.0,0.39058689494539006,1.0,1.8700542642445088,-5.99885731138273
BRZ-00204,0.0,0.0,0.7338009716851001,1.0,1.130309630710379,-8.224491578179032
BRZ-00205,0.0,0.0,0.4601038978232463,0.0,1.408983033313804,-11.108192544821911
BRZ-00206,0.0,0.0,-0.6387982514354119,0.13702970297029704,8.019409853654192,-10.578795319865689
BRZ-00207,0.0,0.0,0.19028841793469534,0.9944620253164557,2.6225925599440743,-10.07117135632357
BRZ-00208,0.0,0.0,0.4401605980549226,0.0,1.3136212074956755,-9.457890020945873
BRZ-00209,0.0,0.0,0.732227524339722,0.7600950118764846,4.992956005599868,-8.297745136313715
BRZ-00210,0.0,0.0,0.19053714744400463,0.0,5.984361275698053,-9.83184634146819
BRZ-00211,0.0,0.0,0.32198544037088433,1.0,1.076821118963866,-8.958929081172656
BRZ-00212,0.0,0.0,0.30440940182764614,1.0,1.631374019379167,-7.4544218007556164
BRZ-00213,0.002146260060331791,0.0,-0.841351990125526,0.9976350019708317,1.9766488156252433,-9.140407773733536
BRZ-00214,0.0,0.0,-0.27082908077224177,1.0,1.273224387780097,-9.052074210116421
BRZ-00215,0.0,0.0,0.5036594509457268,1.0,3.377723951250145,-9.20238627813313
BRZ-00216,0.0,0.0,-0.5591738491856535,1.0,3.7028116893097094,-10.718973460115752
BRZ-00217,0.0,0.0,-0.09175973039963538,1.0,3.049335689636418,-8.334998056035085
BRZ-00218,0.0,0.0,-0.1520552456343692,0.009456264775413711,4.547284122680953,-12.662719263906995
BRZ-00219,0.0,0.0,-0.2097603366203348,1.0,22.59211101853594,-9.20162531866501
BRZ-00220,0.0,0.0,-0.009422826292788783,1.0,2.3838542533590292,-8.028438827824173
BRZ-00221,0.00043082217194602857,0.0,0.25188897118929154,0.8975069252077562,0.40818960469401777,-7.791661059909719
BRZ-00222,0.0,0.0,-0.15678512223913044,1.0,3.1111718509765494,-9.416246286829475
BRZ-00223,0.0,0.0,-0.07994552006765465,1.0,1.724456050101135,-9.939724604535813
BRZ-00224,0.0,0.0,0.5504434277372685,1.0,4.714034691021283,-6.985155831444235
BRZ-00225,0.0,0.0,0.7379028099116296,1.0,6.97886528927638,-6.0030783475072855
BRZ-00226,0.0,0.0,0.7343228862080641,0.6524486571879938,1.167987603823465,-9.280536902333328
BRZ-00227,0.0,0.0,0.38679563797905075,0.0,5.06298163464024,-10.39190797528696
BRZ-00228,0.0,0.0,0.005450775640145573,0.7455551165547215,9.701618727130716,-10.299606194060347
BRZ-00229,0.0,0.0,0.10393180893320796,1.0,1.322421721111684,-10.058762408028121
BRZ-00230,0.0,0.0,-0.27787113036803635,1.0,4.129096223246076,-5.6611214061579345
BRZ-00231,0.0,0.0,0.36410897661839486,1.0,0.32197682868824573,-11.007312404718428
BRZ-00232,0.0,0.0,0.035122472792239026,1.0,14.390223721147928,-8.998954977384503
BRZ-00233,0.0,0.0,0.11102931009495828,1.0,3.5173580427346502,-9.856641911985287
BRZ-00234,0.0,0.0,0.5978849988927998,0.0,7.428668574324333,-10.44678361894827
BRZ-00235,0.0,0.0,-0.30041875376298804,0.7527689873417722,1.4727457563191428,-8.775243297894022
BRZ-00236,0.0,0.0,-0.2886094372118216,1.0,1.9149673407607029,-9.053371841157215
BRZ-00237,0.0,0.0,0.5058148184819273,0.8834452785460293,3.326211503747785,-9.279328385335205
BRZ-00238,0.0,0.0,-0.11231334264078757,1.0,1.7800125432735587,-9.353730971734336
BRZ-00239,0.0,0.0,-0.1856711207007935,1.0,4.263797435464168,-8.292613110545714
BRZ-00240,0.0,0.0,-0.3461526610242993,0.7281361297981797,2.038741658469451,-10.811520382659799
BRZ-00241,0.0003788011911397475,0.0,-0.5681629569851535,1.0,1.7751722922705324,-10.276467281027948
BRZ-00242,0.0,0.0,0.7630837456164933,0.33806706114398427,12.028195789967043,-8.441762414510741
BRZ-00243,0.015466029884927315,0.0,-0.4189725700828988,1.0,6.7346020567190354,-10.13210329265623
BRZ-00244,0.0,0.0,-0.9197622328004759,1.0,3.7285351048789237,-10.222224490280862
BRZ-00245,0.042357456987067596,0.0,0.2055713722763325,1.0,0.15473524274812522,-9.85270687456697
BRZ-00246,0.0,0.0,0.37713389573570644,1.0,3.836769262971329,-9.40460162398508
BRZ-00247,0.0,0.0,-0.5920089715321971,0.8237154150197631,2.5438794445148822,-9.123520332317197
BRZ-00248,0.0,0.0,1.011785933037894,0.9861823924200553,0.9946175962279298,-8.565258777678203
BRZ-00249,0.0,0.0,0.3073400576112369,0.03982649842271294,2.7655602081454966,-9.964851252558622
BRZ-00250,0.0,0.0,0.230420920845601,1.0,1.8419366835734852,-9.613116060608544
BRZ-00251,0.0,0.0,-0.15769187532471923,0.0,0.06890696953015603,-8.667545806247487
BRZ-00252,0.0,0.0,-0.13342485013166797,1.0,2.3401183080879577,-9.605391741335284
BRZ-00253,0.0,0.0,-0.37392503146475503,1.0,0.6358557720904244,-9.522960904093463
BRZ-00254,0.23172052551168026,0.0,0.2548263940309212,1.0,2.0160566796581727,-9.35841719789524
BRZ-00255,0.0,0.0,-0.7394206042414098,1.0,2.600711153017263,-8.7078359232069
BRZ-00256,0.0,0.0,-0.10290227387376777,0.0,4.034070887844378,-9.263882756128623
BRZ-00257,0.0,0.0,-0.04661746108850845,0.49921011058451825,0.8630996104262113,-9.079545877045497
BRZ-00258,0.0,0.0,0.41783565515899995,1.0,3.297977812902029,-9.54992767973438
BRZ-00259,0.0,0.0,-0.10743291004424449,0.46396218983851917,1.2957969977314467,-10.700881874293009
BRZ-00260,0.02400844838907627,0.0,0.5910960462243005,0.9992119779353822,2.4095696364992105,-10.045165211693712
BRZ-00261,0.0,0.0,0.36585487462342514,1.0,0.1857752082730242,-8.436685597247621
BRZ-00262,0.0,0.0,0.7041549027977669,1.0,2.7665921373722,-9.200034998976566
BRZ-00263,0.06849144599160012,0.0,1.7259355197058388,1.0,3.0388821984864185,-9.013225152949646
BRZ-00264,0.0,0.0,-0.2121275004343257,1.0,0.005452888465733409,-7.7308349932023015
BRZ-00265,0.0,0.0,1.0078604431408882,1.0,0.7402350515198622,-8.58089037045674
BRZ-00266,0.0,0.0,0.35774084783892257,1.0,1.5510019923533973,-8.58458167957648
BRZ-00267,0.0,0.0,-0.03763144813315902,1.0,4.754558555747169,-8.976943627278402
BRZ-00268,0.0,0.0,-0.7154108512387276,1.0,17.871155706869935,-11.795768903566191
BRZ-00269,0.0,0.0,0.6241895755551395,1.0,2.33268071764591,-6.529104757844502
BRZ-00270,0.0,0.0,0.009024655092895892,0.5479018210609661,2.4023135884916385,-9.533076128224122
BRZ-00271,0.0,0.0,-1.797371872310915,0.0,1.7889417724803567,-14.069718303405285
BRZ-00272,0.0,0.0,0.05276057675083823,1.0,1.2666105035385076,-8.535210471156722
BRZ-00273,0.16435458927547833,0.0,0.27533976746337907,1.0,4.510541303325257,-9.319323149530272
BRZ-00274,0.0,0.0,0.24508493824765934,0.962787015043547,2.0852697737462274,-9.301267754992665
BRZ-00275,0.0,0.0,0.007488031910179526,1.0,2.628301006021657,-9.307317316593975
BRZ-00276,0.0,0.0,0.0004925735189675299,1.0,1.617521801370687,-9.210073858605353
BRZ-00277,0.0,0.0,0.3826607333891789,1.0,1.4025319617562353,-8.689951479824929
BRZ-00278,0.0,0.0,0.6769741618733194,1.0,0.05390342205415217,-10.17276703606828
BRZ-00279,0.0,0.0,-0.06416237423163276,1.0,0.9645290404422373,-8.57257705920939
BRZ-00280,0.0,0.0,-0.7641135990715187,1.0,1.5896961313649367,-9.246397902871227
BRZ-00281,0.0,0.0,0.648996222055795,0.6508501383946224,0.4377003983079722,-10.270475344209263
BRZ-00282,0.0,0.0,0.18676889143076858,1.0,9.785008166770709,-8.708429730671364
BRZ-00283,0.0,0.0,0.09026643451154273,0.15506329113924053,1.307396923599002,-11.548663873340008
BRZ-00284,0.0,0.0,1.0726431630308386,1.0,4.0329622772507,-4.791634391499235
BRZ-00285,0.012824468435436054,0.0,0.5037045940434174,0.6820877817319099,1.074546101626166,-9.662309151652941
BRZ-00286,0.0,0.0,-0.4150713735052921,1.0,4.333931136526197,-10.140126959119202
BRZ-00287,0.0,0.0,-0.7450460420800628,1.0,8.383617224296255,-4.485479392110275
BRZ-00288,0.0,0.0,-0.03177934095032903,0.9117067402443831,1.1474516402969692,-8.29888889119951
BRZ-00289,0.0,0.0,0.03401527044937371,1.0,1.46099391171732,-9.192304743580312
BRZ-00290,0.05080816510782726,0.0,0.19485856636025004,1.0,4.461867701155246,-8.767574859465457
BRZ-00291,0.0,0.0,-0.24821261254449614,1.0,2.600235698243059,-9.583388516737234
BRZ-00292,0.0,0.0,0.46343736168857524,1.0,17.38637291260077,-8.441243702856797
BRZ-00293,0.0,0.0,-0.023761317424682436,1.0,2.0763989207485,-9.4077533643983
BRZ-00294,0.0,0.1139240506329114,-1.0824946734882768,0.7583069620253166,3.772705771526688,-13.750261836783425
BRZ-00295,0.09379428976344273,0.0,-0.2634168747914017,1.0,3.9006726252601034,-11.61078906619522
BRZ-00296,0.0,0.0,-0.4416415165720548,1.0,2.4800933929952493,-8.05534611358396
BRZ-00297,0.0,0.0,0.022026880229553743,0.0,0.7341106077348065,-9.208299944974534
BRZ-00298,0.0,0.0,1.4447246793850625,0.20567375886524825,1.021870788998375,-9.69774484822275
BRZ-00299,0.0,0.0,0.9964548422980645,0.0,5.150742745673655,-12.15144015667819
BRZ-00300,0.0,0.0,0.7161598373082461,0.4005524861878453,9.3637292073707,-10.748104768582357
BRZ-00301,0.0,0.0,-0.7304066272829169,0.7852056962025316,0.4255504508715944,-11.538788440032729
BRZ-00302,0.02779023430007114,0.0,0.31497451033900153,1.0,1.2140085967804597,-8.450580462728052
BRZ-00303,0.0,0.0,0.2088026393143949,1.0,10.076696119203262,-8.979622552742061
BRZ-00304,0.0,0.0,-0.1350639513935374,0.0,9.16340348941227,-10.237139325207616
BRZ-00305,0.0,0.0,0.6379813182297905,1.0,0.4828196337930906,-8.090680951196806
BRZ-00306,0.044121222634413225,0.0,0.3770522281846384,1.0,3.7801459060203735,-8.24840753316397
BRZ-00307,0.0,0.0,-0.25894215639636425,1.0,2.1979958540128237,-9.297050515078181
BRZ-00308,0.0,0.0,0.04400117604431681,0.0,1.2984854386128986,-11.019043403306537
BRZ-00309,0.0,0.0,0.7335651605109486,1.0,4.538364606458966,-7.920752447812155
BRZ-00310,0.021959036706464558,0.0,-0.41600487423184557,1.0,6.051011710652227,-6.921410322195859
BRZ-00311,0.0,0.0,1.0785750956244646,0.0,0.8459080382461489,-10.735856133287394
BRZ-00312,0.0,0.0,0.2733770495439089,1.0,0.935455754665725,-7.260312991926136
BRZ-00313,0.0,0.0,0.13165476956015149,1.0,2.485418497556765,-8.337582911193964
BRZ-00314,0.0,0.0,-0.03260970793963209,0.8064133016627079,1.1582986821158463,-9.294112651796679
BRZ-00315,0.0,0.0,-0.1308245745428582,1.0,1.206954588607595,-8.590521320308225
BRZ-00316,0.0,0.0,0.28512855520555536,1.0,1.2092479199596444,-7.747870998601151
BRZ-00317,0.0,0.0,0.9268899801535428,1.0,0.934801720456232,-10.815584962811936
BRZ-00318,0.0,0.0,-0.5882346367902589,0.0,0.06952712807078014,-12.763281026025862
BRZ-00319,0.0028428619916839237,0.0,-0.47203206948274257,1.0,17.546933793277063,-8.103905359261837
BRZ-00320,0.0,0.0,0.003095134786398432,1.0,9.451326509297617,-8.427683329875437
BRZ-00321,0.0,0.0,-0.5356136238179808,1.0,3.487578300249961,-9.43789498166713
BRZ-00322,0.0,0.0,-0.7044863863506078,1.0,4.19148356687621,-10.33240453759618
BRZ-00323,0.0,0.0,0.5895832149687164,0.0,2.81067979602841,-9.506965916163468
BRZ-00324,0.09231428787583422,0.0,-0.19549320502992357,1.0,3.9737090357516753,-9.266110416631317
BRZ-00325,0.0,0.0,0.15689306611373818,0.877365930599369,1.024754811547878,-10.657952001728026
BRZ-00326,0.0,0.0,-0.9158545200426511,1.0,3.440739357313907,-10.368314831782723
BRZ-00327,0.18654135862495624,0.0,0.6023223985215104,1.0,3.3582252832197335,-8.883329494301789
BRZ-00328,0.0,0.0,-0.11367488846666528,1.0,8.252994348770827,-10.19235128229365
BRZ-00329,0.027050831619458707,0.0,-0.0997373119447087,1.0,8.68009277630386,-10.22942838311516
BRZ-00330,0.0,0.0,0.6247444985964177,0.03444180522565321,0.44497790559643335,-10.847163141022378
BRZ-00331,0.0,0.0,0.19359682029649533,0.5685579196217494,5.7378494241382,-9.008679632007235
BRZ-00332,0.002841172654393919,0.0,0.30045425595857017,1.0,3.913909038917747,-6.283788535777696
BRZ-00333,0.0,0.0,0.06818399815059163,1.0,4.8659958701995984,-3.322445101148552
BRZ-00334,0.0,0.0,-0.6613890602936437,0.0,6.267221507973646,-14.199725802448294
BRZ-00335,0.0,0.0,0.014025619784265735,1.0,2.1586333462563645,-8.788328556241622
BRZ-00336,0.0,0.0,-0.21899309224545305,0.9380426203630624,6.671215964480328,-8.548551865716842
BRZ-00337,0.0,0.0,-0.21171341491406637,1.0,1.2189699892458319,-8.834065229242595
BRZ-00338,0.08346699887629605,0.0,0.2132763611979169,1.0,0.8322122102278732,-5.137342975216699
BRZ-00339,0.0,0.0,-0.470363097672274,0.0,2.103270351864295,-8.95633385442422
BRZ-00340,0.0,0.0,-0.4452814647867525,1.0,1.3434966196504148,-7.511391889487966
BRZ-00341,0.0,0.0,0.006461987792729989,1.0,6.383646004373812,-9.236610667859845
BRZ-00342,0.0,0.0,0.10332934632596465,0.5631911532385465,1.8008345108246164,-9.61244634729407
BRZ-00343,0.0,0.0,-0.6184025293044834,1.0,1.1163661053310467,-10.746958158851175
BRZ-00344,0.0,0.0,0.19858869261755138,1.0,2.333245482306979,-8.571328784692993
BRZ-00345,0.0,0.0,0.5952427390374012,0.8293932230102444,3.2284877925809083,-9.148810487896968
BRZ-00346,0.9326705498254204,0.0,-0.1972313573364282,1.0,3.5132121919379946,-10.355312603876465
BRZ-00347,0.0,0.0,0.5932135758988193,1.0,0.3169758357675207,-8.97069120910748
BRZ-00348,0.0,0.0,0.27939755191001053,0.8048876625936144,7.575936983962248,-9.616748680131044
BRZ-00349,0.0,0.0,0.1795294901847048,1.0,4.498645952391544,-9.54800457423913
BRZ-00350,0.0,0.0,0.15545468059181314,0.0,0.04472706975742998,-11.58736531670652
BRZ-00351,0.0,0.0,-0.49465242157799394,1.0,12.483438389336584,-9.396080065814822
BRZ-00352,0.0,0.0,0.5552689503753124,1.0,3.6661334171649633,-8.81202167687949
BRZ-00353,0.0,0.0,-0.8164871895857937,1.0,2.4108852579866764,-11.377978789815025
BRZ-00354,0.0,0.0,0.38425618063439176,1.0,2.7869641175319892,-8.796064312035115
BRZ-00355,0.028914412420457322,0.0,0.7896222583454777,0.9645390070921985,2.4182308781236506,-8.420003730459499
BRZ-00356,0.0,0.0,0.3621372641582796,0.9837880585211547,1.8848298908277992,-10.419835727557155
BRZ-00357,0.0,0.0,0.5950062614422649,1.0,17.462802350977555,-8.183419117039117
BRZ-00358,0.0,0.0,-0.30295019006677637,1.0,4.003274491757491,-9.467046405885059
BRZ-00359,0.2860928455165623,0.0,0.18491017742605514,1.0,1.9502571917765543,-9.416969259120288
BRZ-00360,0.0,0.0,0.5102659961619743,1.0,0.12057321658041197,-9.57885291599228
BRZ-00361,0.0,0.0,-0.19359265279371948,1.0,7.7557293072145,-9.106186016605545
BRZ-00362,0.0,0.0,-0.02518557608492825,1.0,17.234185654526303,-7.523726914907951
BRZ-00363,0.0,0.0,0.7863200763138377,0.40173296573454115,2.62983750412378,-12.379790298473923
BRZ-00364,0.0004917274992957112,0.0,0.1210951920920913,0.9033149171270718,6.531769544788473,-9.267860574817968
BRZ-00365,0.0,0.0,0.5856796222262516,0.6548323471400395,8.754473329102344,-9.512856588901444
BRZ-00366,0.0,0.0,-0.5201050999967071,1.0,1.3211563368751522,-8.95391656152358
BRZ-00367,0.0,0.0,0.01780701586554166,1.0,3.4813231801945093,-10.430573246695966
BRZ-00368,0.0,0.0,-0.21554022543982412,1.0,3.5612037955678146,-9.212118119960973
BRZ-00369,0.0,0.0,0.2127940815881734,1.0,5.509502151589048,-8.658925156209952
BRZ-00370,0.0,0.0,0.8225107024379009,1.0,9.98286936593962,-7.256506967813856
BRZ-00371,0.0,0.0,-1.3054868493488656,1.0,1.763322598171957,-7.487331325751955
BRZ-00372,0.0,0.0,0.07449001428255304,0.9386381631037215,3.278633943218132,-7.675852754646069
BRZ-00373,0.0,0.0,-0.08974034843253152,1.0,4.761289891311412,-8.932259270587576
BRZ-00374,0.00747774109391883,0.0,0.7778684853890533,1.0,0.523507120181879,-10.47383610894839
BRZ-00375,0.0,0.0,-0.10905931855907093,0.981810992487149,0.43705781433060215,-9.346492808853402
BRZ-00376,0.0,0.0,0.34865920616351675,0.8360268033109974,2.332017969823679,-10.074198474099592
BRZ-00377,0.0,0.0,-0.06811198772713521,1.0,1.1447274561501983,-8.37200058199506
BRZ-00378,0.0,0.0,-0.3473714396895217,1.0,6.153978974684825,-10.26039395187471
BRZ-00379,0.0,0.0,-0.44954159003695626,0.43685872138910814,0.6204346227131929,-10.971652807046349
BRZ-00380,0.0,0.0,-0.15941578701469836,1.0,1.9685052515411376,-8.768423258965173
BRZ-00381,0.36087857352362734,0.0,0.5088994132733865,1.0,1.034282423057586,-9.329233769614024
BRZ-00382,0.0,0.0,1.248357088116461,0.8345209817893903,5.206353463322903,-4.67595967017514
BRZ-00383,0.0,0.0,-0.4334998216547674,1.0,5.4198879649658025,-8.111484339548321
BRZ-00384,0.0,0.0,-0.6805408827695084,1.0,2.278694669359742,-8.632402539368957
BRZ-00385,0.0,0.0,0.6468429515147238,0.6384158415841584,1.6839483628523118,-8.837035113721045
BRZ-00386,0.0,0.0,0.4053142107428985,0.665481832543444,4.01552709793603,-10.691955715404784
BRZ-00387,0.0,0.0,0.6326450450314923,0.0,3.443974880015316,-10.676728684141422
BRZ-00388,0.41900159743774,0.0,0.34051891691140984,1.0,3.9836208782025633,-4.909027207852348
BRZ-00389,0.0,0.0,-1.0296530139351772,0.9031237643337285,13.83349550200457,-9.921688221067926
BRZ-00390,0.15280819205657473,0.0,0.6564703982103764,0.8629381646317448,5.079940066519305,-11.059340519779699
BRZ-00391,0.049949651891770565,0.0,-0.007752412244012654,1.0,1.9732972046852564,-8.60263762655969
BRZ-00392,0.0,0.0,0.3536770590744738,1.0,4.265089496917724,-9.208640442104688
BRZ-00393,0.0,0.0,0.15655488003142906,1.0,0.2742630308906964,-7.395205969316963
BRZ-00394,0.0,0.0,0.6391435172327523,1.0,7.219530551359303,-8.248539357562308
BRZ-00395,0.0,0.0,0.6274183200405151,0.24832214765100669,2.250866433334923,-10.123578442748016
BRZ-00396,0.0,0.0,-0.126212314684071,1.0,0.9319510657010803,-8.604953507803314
BRZ-00397,0.0,0.0,0.45095098687669605,1.0,3.1693243672340037,-8.168169682424317
BRZ-00398,0.08197246292287483,0.0,-0.7772263733333232,1.0,1.5792756643108912,-9.110393589383996
BRZ-00399,0.0,0.0,0.4117403987956453,0.0,0.4064200570520291,-9.384051747015443
BRZ-00400,0.0,0.0,-0.47390770611746436,1.0,1.8181003737562453,-6.843477961736965
BRZ-00401,0.0,0.0,-0.30524544790872543,1.0,0.295365301904795,-9.143510408319091
BRZ-00402,0.0,0.0,0.5104056259451756,1.0,3.906909439246744,-6.639034028003147
BRZ-00403,0.0,0.0,-0.5311283872931738,1.0,1.1236186728984443,-9.966841017299428
BRZ-00404,0.0,0.0,-0.11244399222834935,1.0,2.254541386816562,-6.720782493662189
BRZ-00405,0.02864429896421237,0.0,0.10220173412752225,0.9921135646687698,10.558203500039193,-10.527513706788532
BRZ-00406,0.0,0.0,0.9528995735312956,0.0,1.6074836156294217,-10.982432904359783
BRZ-00407,0.0,0.0,-0.7432030482410564,1.0,3.224929307841705,-10.046586328227267
BRZ-00408,0.0,0.0,0.3755831019297935,0.8964017398181099,0.6093371408834645,-8.965344059912654
BRZ-00409,0.0,0.0,0.5502358970560807,0.0,1.928170158330443,-13.015173382560882
BRZ-00410,0.0,0.22046621888581586,-2.33563622608557,0.0,3.0660491105566243,-13.706198675223781
BRZ-00411,0.0,0.0,0.2589436873076619,1.0,2.3381893912663463,-9.946533292580337
BRZ-00412,0.0,0.0,-0.2986059623104741,1.0,17.520022899187886,-8.864195692416619
BRZ-00413,0.0,0.0,-0.15942323620638682,1.0,10.838681344558323,-9.706673488214962
BRZ-00414,0.0,0.0,-0.6039577964210253,1.0,5.5522007588204545,-10.440521675382454
BRZ-00415,0.0,0.0,-0.5177696820699652,1.0,3.578321251792637,-9.649210388466235
BRZ-00416,0.0,0.0,0.22800987657890215,0.9636363636363636,0.17117382555090863,-10.63580560414755
BRZ-00417,0.0,0.0,0.26682254733490335,0.807753164556962,4.45483328483657,-11.154080653758943
BRZ-00418,0.27899489050165194,0.0,1.343062058044917,1.0,2.482174434112899,-8.51603310317401
BRZ-00419,0.0,0.0,0.41465589487268006,0.0,0.8125424535500155,-8.428951368241183
BRZ-00420,0.0,0.0,0.05970455195658048,1.0,7.769547960381022,-8.81908210715282
BRZ-00421,0.15917810475194766,0.0,0.6503839628619482,1.0,6.6753913899712325,-9.26598669530497
BRZ-00422,0.0,0.0,-0.3275772784176287,0.6827340971947847,2.7854125131018503,-8.839808081209327
BRZ-00423,0.0,0.0,-0.23266686090652303,1.0,5.014382605403893,-9.52549600129871
BRZ-00424,0.0,0.0,0.1417814061007311,1.0,1.0317474406319644,-7.397956879556535
BRZ-00425,0.0,0.0,0.0205106221928916,1.0,14.477919695952908,-6.6660346418246625
BRZ-00426,0.0,0.0,0.08783289929345259,1.0,0.546503549066497,-8.633894894201452
BRZ-00427,0.0,0.0,-0.9830174984444594,1.0,2.0948283318335768,-9.733071250125464
BRZ-00428,0.0,0.0,0.1762908227175257,0.9976322020520916,5.396039225449927,-8.68912831813079
BRZ-00429,0.0,0.0,0.6919771613789214,1.0,0.0,-5.93606097898459
BRZ-00430,0.0,0.0,0.1626613489403964,0.9715864246250986,1.249669006993716,-10.398008949847611
BRZ-00431,0.0,0.0,0.24799031128188218,0.5798186834844306,0.6821633599056596,-10.388592988291936
BRZ-00432,0.0,0.0,0.07020717130317669,0.9660079051383399,1.5919250366564366,-9.28800099123223
BRZ-00433,0.0,0.0,0.4271221155481196,0.8049645390070922,6.508938966660076,-8.807580314568469
BRZ-00434,0.0,0.0,-0.02621566249893127,1.0,1.433944535351886,-9.718267483769104
BRZ-00435,0.0,0.0,-0.1923665292898135,1.0,0.6158044200298453,-8.717085533633202
BRZ-00436,0.0,0.0,-0.22096191438546886,1.0,1.8084201520120513,-10.997491993692506
BRZ-00437,0.0,0.0,0.3682679688140981,0.0,5.325884850625327,-10.18362412188942
BRZ-00438,0.0,0.0,0.3634838307617769,1.0,2.343127122321884,-9.585984216892601
BRZ-00439,0.0,0.0,0.3015375082893253,0.28147268408551074,4.5404470007537165,-9.927806803306488
BRZ-00440,0.0,0.0,0.3024686737592641,0.8599683544303796,7.819376838820492,-9.840028991277528
BRZ-00441,0.1578918398897308,0.0,0.24255689630655147,0.40189498618239244,3.4449473879599766,-9.95763014862423
BRZ-00442,0.0,0.0,0.14240750151845324,0.6234641300039636,0.28010041280195347,-8.874251478507835
BRZ-00443,0.0,0.0,0.11147771300659709,1.0,5.734544521824613,-8.852406377923431
BRZ-00444,0.0,0.0,1.0268114160557165,0.0,1.0129030392528398,-10.09045120879579
BRZ-00445,0.0,0.0,0.7616020040547722,1.0,0.0,-9.616135385411726
BRZ-00446,0.0,0.0,0.16798511235052807,0.5925049309664695,3.360434024755806,-9.53821090949355
BRZ-00447,0.0,0.8378805852115461,-2.601932024929954,0.23210755239224987,5.232605730464177,-16.77353707841238
BRZ-00448,0.0,0.0,0.797670197657462,1.0,2.94836707188716,-8.599880590698252
BRZ-00449,0.0,0.0,0.8376104776190612,1.0,7.612719852202135,-9.433172044162806
BRZ-00450,0.0,0.0,-0.47994586394990296,1.0,0.709404908888773,-9.080022531982431
BRZ-00451,0.0,0.0,0.5525467356750935,1.0,1.8415260693641964,-10.671918353222184
BRZ-00452,0.0,0.0,0.5021975438290003,0.0,0.6416765418149882,-11.425558815350776
BRZ-00453,0.00907544856434938,0.0,0.072338916910941,1.0,2.9821739998713186,-7.498970977831101
BRZ-00454,0.0,0.0,0.2162408668934752,1.0,3.4032378484394346,-8.826447692639592
BRZ-00455,0.0,0.0,0.8881813693343694,1.0,8.607061523859901,-8.789701613112845
BRZ-00456,0.11013718072637511,0.0,0.8274217709139722,1.0,1.1469396979199986,-6.635948801155832
BRZ-00457,0.0,0.0,-0.6938929399169288,0.0,0.8046817449682255,-12.196232519076483
BRZ-00458,0.0,0.0,0.12145753078840542,1.0,4.789064001260962,-9.69638731068517
BRZ-00459,0.0,0.0,-0.5608579590910737,1.0,8.688781135185897,-8.502243851755159
BRZ-00460,0.022468752291331502,0.0,-0.02848543470218541,1.0,2.2719767330665452,-7.42962657225906
BRZ-00461,0.0,0.0,0.07111119765648606,0.997624703087886,0.995555164469087,-8.993527694800163
BRZ-00462,0.11103107601674797,0.0,2.254016383824577,0.9222266087643111,3.05611519534268,-8.977614425062335
BRZ-00463,0.0,0.0,-0.3046202345178185,1.0,0.8460858647119057,-9.361951974657918
BRZ-00464,0.0,0.0,-1.2936690897254717,1.0,2.917307597051404,-6.679181281010467
BRZ-00465,0.0,0.0,0.51237317683234,0.0,6.345503436183807,-9.90707452172189
BRZ-00466,0.0,0.0,0.6634258222686148,0.9964539007092199,2.5915811408739864,-6.957934535889795
BRZ-00467,0.0,0.0,0.6952437930857857,1.0,1.1850240456374987,-7.555496529676243
BRZ-00468,0.0,0.0,0.3453127270117092,1.0,2.4764077066376675,-9.52939059611994
BRZ-00469,0.0,0.0,1.5852954492495381,1.0,0.769894877837381,-8.044622778195409
BRZ-00470,0.0,0.0,0.4004085106907054,1.0,7.392410585605868,-7.952516919287421
BRZ-00471,0.0,0.0,0.07632298393773745,0.0,0.0,-8.80466205053906
BRZ-00472,0.002347049873354694,0.0,-0.010691036681839412,1.0,0.7307172676982865,-8.19785598098493
BRZ-00473,0.0,0.0,0.13957616875044238,0.0,5.069435254454283,-11.345398617907648
BRZ-00474,0.0,0.0,-0.04182460796425127,0.0,2.3738897322698755,-10.345739653108332
BRZ-00475,0.0,0.0,0.9216264433663537,0.0,1.8409424812152937,-10.434130016026968
BRZ-00476,0.008975897563567009,0.0,-0.26857023000801944,1.0,1.1936139463176292,-10.172088888570558
BRZ-00477,0.0,0.0,0.599994831256912,0.7379255740300871,4.4773202616502665,-9.714835046945428
BRZ-00478,0.0,0.0,0.0011041275024230369,1.0,0.6044762454471302,-8.9588419979017
BRZ-00479,0.0,0.0,-0.025206683832454616,1.0,2.4635411897624566,-4.101164955669605
BRZ-00480,0.0,0.0,0.09518056694778343,1.0,2.5466468449459914,-8.260782011012537
BRZ-00481,0.023213774546857607,0.0,0.17700385039469782,1.0,2.39427373744278,-8.922687825264166
BRZ-00482,0.0014274497010499675,0.0,0.6583242210606081,1.0,4.519806731804162,-9.429051665450228
BRZ-00483,0.0,0.0,0.5931489117672412,1.0,1.944421480930693,-8.838832587243974
BRZ-00484,0.0,0.0,0.6181289769176436,0.0,1.4761158720473821,-11.149108639178044
BRZ-00485,0.0,0.0,-0.1937744796934225,1.0,1.5488693576663477,-8.908955819258239
BRZ-00486,0.0,0.0,0.43002520318411525,0.7905325443786981,1.7513383591236362,-9.570618361867274
BRZ-00487,0.0,0.0,-0.19033390454100585,1.0,7.8156124931828845,-8.543461211048708
BRZ-00488,0.0,0.0,-0.039817258341720126,0.8634030793525463,4.815440825695876,-9.923825570710076
BRZ-00489,0.005426376232964881,0.0,0.21086391154823178,1.0,2.814164157220063,-7.916175339810444
BRZ-00490,0.0,0.0,0.17411356300283046,1.0,1.6717876064584796,-7.836474032310143
BRZ-00491,0.0,0.0,-0.6430764644786812,1.0,10.785661378188347,-7.7865702531112895
BRZ-00492,0.0,0.0,0.0569575744480918,1.0,11.822398885587267,-7.263522559648817
BRZ-00493,0.0,0.0,-1.5742272914219333,0.0,3.7313189314811783,-13.15100559603081
BRZ-00494,0.0,0.0,0.19490467243522508,1.0,2.274250575525913,-10.005297745380178
BRZ-00495,0.0,0.0,0.6207844107238715,0.0,9.386143870458861,-9.86760509276707
BRZ-00496,0.0,0.0,-0.3620256492988453,0.9822695035460993,3.4379052987215477,-8.469574033741281
BRZ-00497,0.0,0.0,-0.7020507005655994,1.0,1.1913387691670954,-7.423629354818412
BRZ-00498,0.02439098108919885,0.0,1.2757027451595235,1.0,8.580788362621872,-8.017062745138615
BRZ-00499,0.0,0.0,-1.0962106423019178,1.0,2.6917660477128837,-9.070443725773593
BRZ-00500,0.0,0.0,-0.6128592010442645,1.0,3.2717830814132323,-9.23701061947628
BRZ-00501,0.0,0.0,0.6883051331803275,1.0,2.311124336438904,-7.93430184990743
BRZ-00502,0.0,0.0,0.1845245464044358,0.0,0.9842557546234131,-12.544547429988164
BRZ-00503,0.0,0.0,0.41002210954335533,1.0,0.4191406872701362,-9.373013565520841
BRZ-00504,0.0,0.0,0.5310145565721339,1.0,5.041696348259237,-6.239079337630916
BRZ-00505,0.0,0.0,-0.3358720548903058,0.0,10.518710059382666,-13.187691625641355
BRZ-00506,0.0,0.0,-0.03031704670671844,0.6317661003555907,2.552338105925821,-9.206977200286472
BRZ-00507,0.0,0.0,0.35675871557636935,1.0,3.731277486231893,-9.340844640772287
BRZ-00508,0.009745494595174738,0.0,0.4357846777130324,0.9299841772151899,1.8536484820989116,-10.393739135618532
BRZ-00509,0.0,0.0,-0.2445199497395558,0.5043547110055425,5.8217362283410985,-9.336912180385644
BRZ-00510,0.6731371058486051,0.0,-0.4575746369615001,1.0,1.8183053567322573,-10.805067310429855
BRZ-00511,0.0,0.0,-0.6734424234350641,1.0,2.162871622684616,-10.074954732807
BRZ-00512,0.0,0.0,-0.7136142060387427,1.0,0.45934511999353533,-10.133052913716133
BRZ-00513,0.0,0.0,-0.15112695698542644,0.5940711462450593,0.17324929628865238,-10.561728088524392
BRZ-00514,0.0,0.0,-0.7138035712778826,0.8335962145110409,3.267124977065877,-9.69988002190587
BRZ-00515,0.0,0.0,0.7419802302521787,0.9988170347003155,0.4728509631198139,-9.793922938823313
BRZ-00516,0.0,0.0,-0.5076290348970555,1.0,0.0,-9.141949922164072
BRZ-00517,0.0,0.0,0.026197727988934574,0.0,7.280892442542528,-9.290065272455006
BRZ-00518,0.0,0.0,0.6792719139573203,0.6644215530903329,5.03694661166498,-10.859099441255461
BRZ-00519,0.0,0.0,-0.3569614461096017,1.0,3.3285978742442532,-8.993449073124594
BRZ-00520,0.0,0.0,0.4671275304266473,0.9964440932437771,0.8893662914527222,-9.313963692974365
BRZ-00521,0.0,0.0,0.012987587816223818,1.0,2.4596546706783458,-10.492842060226371
BRZ-00522,0.0,0.0,0.18745858236238674,1.0,0.6218255003750265,-7.281365869759561
BRZ-00523,0.0,0.0,-0.24027844524452713,0.29453681710213775,1.645223344035175,-11.119885728442863
BRZ-00524,0.0,0.0,-0.27873187415901796,1.0,4.157415431565225,-8.640216145484981
BRZ-00525,0.0,0.0,1.0316826127061687,0.0,5.218690911594732,-9.970068470140042
BRZ-00526,0.0,0.0,1.2987764513346138,0.0,1.7952091674292256,-11.3040193888908
BRZ-00527,0.0,0.0,-0.2698763782825723,1.0,0.9344144580820845,-7.084996752532466
BRZ-00528,0.0,0.0,0.33889153941699907,1.0,5.532776258314715,-9.314485099779327
BRZ-00529,0.0,0.0,-0.13848520601643677,0.0,1.536622756901427,-11.86247731685486
BRZ-00530,0.0,0.0,-0.8697470299832102,1.0,4.004387353952345,-9.75999823297976
BRZ-00531,0.0,0.0,-0.39048910839416234,1.0,1.9059945312737157,-10.147851656219773
BRZ-00532,0.0,0.0,-0.8601680796639946,1.0,4.992704107356235,-8.85235164960413
BRZ-00533,0.0,0.0,-6.66465612158331e-05,0.0,3.375059354288737,-9.288621180217183
BRZ-00534,0.0,0.0,0.040851348688641216,0.9536266349583828,14.69915050989944,-9.099241870066443
BRZ-00535,0.0,0.0,-0.48285876813443107,1.0,1.4644195383132956,-6.559468759296026
BRZ-00536,0.034249352862535734,0.0,-0.5367545330125459,1.0,6.496713619993097,-8.171108409944782
BRZ-00537,0.0,0.0,-0.01116440092798276,1.0,0.7945501179740982,-8.727659325486943
BRZ-00538,0.0,0.0,0.5230778457246043,1.0,2.9474374932583975,-8.74681631656231
BRZ-00539,0.0,0.0,0.08344591392107156,1.0,9.77307507289019,-8.896826009011093
BRZ-00540,0.0,0.0,0.2916573742865597,0.9913112164296999,0.34129960316885516,-7.933450523082354
BRZ-00541,0.0,0.0,0.6265006703275353,1.0,5.227239435266026,-7.0619068452978215
BRZ-00542,0.014047372164112509,0.0,-0.5136257742119652,1.0,3.8125266924414,-9.633613271373235
BRZ-00543,0.0,0.0,-0.17802931610143208,1.0,15.886067792411104,-8.751787524786208
BRZ-00544,0.0,0.0,-1.011846258092038,0.0031608060055314108,3.7358251786629073,-13.034984609111826
BRZ-00545,0.0,0.0,-0.9016070389689981,0.9522305566521913,3.2599858190461655,-9.311249823147204
BRZ-00546,0.0,0.0,0.10713683842876497,0.0,1.8032321441718169,-11.039372634910741
BRZ-00547,0.0,0.0,0.25037461254161786,0.9090189873417721,1.979016263842975,-9.24481319491395
BRZ-00548,0.0,0.0,-0.10411694096425117,1.0,3.343032050737473,-9.048801263642698
BRZ-00549,0.3223249865993651,0.0,-0.26105274713970295,1.0,0.0045333458471467645,-9.61596949037521
BRZ-00550,0.0,0.0,-0.2502346168216503,0.07914523149980214,3.2894089188327054,-12.655042023555676
BRZ-00551,0.0,0.0,0.08608350299710926,1.0,3.6574974645485465,-7.7203535139040405
BRZ-00552,0.0,0.0,0.7395796439745813,1.0,9.818078706400012,-7.00820499348959
BRZ-00553,0.0,0.0,0.03223209793492388,0.4848126232741618,1.7125081598060805,-10.078961372249305
BRZ-00554,0.006867752371574594,0.0,0.4590862385551642,1.0,0.36324468626330464,-9.334727646339902
BRZ-00555,0.0,0.0,-0.019300833110394763,1.0,5.1783495357130915,-10.093860138151063
BRZ-00556,0.0,0.0,0.023816054034210138,0.9921166732361055,0.0,-9.726055876193133
BRZ-00557,0.11972720792409142,0.0,-0.36058475370076554,1.0,1.0337896093980359,-8.81329560922463
BRZ-00558,0.0,0.0,0.35657837317570096,1.0,17.876495738137535,-9.255613124493566
BRZ-00559,0.0,0.0,-0.02635163708385086,1.0,5.071234023903343,-8.665379858132388
BRZ-00560,0.0,0.0,0.578086502594767,1.0,3.2364919613279555,-6.292545839404177
BRZ-00561,0.0,0.0,0.5644902996299762,0.9055335968379448,4.906604683303924,-8.784752165737029
BRZ-00562,0.006599857898081763,0.0,0.6177142901299066,1.0,1.2700533106534522,-4.438665278150657
BRZ-00563,0.0877867692010091,0.0,0.4365474934049327,1.0,1.392898912082466,-8.743545918964896
BRZ-00564,0.0,0.0,0.31943532445023415,0.7404036406806491,1.379593938613427,-9.58597393262359
BRZ-00565,0.0,0.0,0.08678314817148106,0.3459715639810426,3.7395332968779633,-9.981525086137461
BRZ-00566,0.0,0.0,-0.7225638136238178,1.0,3.0787623284005967,-10.329868399028635
BRZ-00567,0.0,0.0,0.06445388712983571,1.0,5.310771593553651,-9.330632210231109
BRZ-00568,0.0,0.0,0.19101206825710212,0.7499999999999999,20.58765844540284,-9.264904784610412
BRZ-00569,0.0,0.0,0.007778635949016186,0.9825742574257427,2.1914689780735745,-13.033730626237954
BRZ-00570,0.0,0.0,0.7830348070266114,0.0,0.293716660571675,-9.224208344147835
BRZ-00571,0.0,0.0,0.5738856726376937,0.0,2.4736830612203056,-12.391955277315207
BRZ-00572,0.0,0.0,0.4811386959177969,0.9110320284697508,3.442742650022585,-9.681015154033547
BRZ-00573,0.0,0.0,-1.5719456592895689,0.0,17.66569193844856,-13.634843974089176
BRZ-00574,0.0,0.0,-0.4895393005122147,1.0,2.4581702503624623,-9.03647357051414
BRZ-00575,0.0,0.0,-0.3410891907166006,0.8995650454725188,1.8248953672967918,-10.451579113073164
BRZ-00576,0.0,0.0,0.33477485109568245,1.0,13.705066111511075,-8.839917316388453
BRZ-00577,0.019223182085428656,0.0,-0.7738064295721605,1.0,3.6231950944655997,-9.275218951057854
BRZ-00578,0.0023694199408400116,0.0,-0.03667939776623504,1.0,5.007945406825231,-9.060431844239613
BRZ-00579,0.0,0.0,0.8501279331338146,0.0,1.64042,-9.83787805894005
BRZ-00580,0.5616160009571687,0.0,0.08428403322399147,1.0,0.7701564746691738,-9.109057333359814
BRZ-00581,0.0,0.0,-0.16188736399148998,1.0,3.635002388429883,-8.355241280276644
BRZ-00582,0.0779483693566119,0.0,0.624878279604602,1.0,4.1914677724521905,-9.580934200873246
BRZ-00583,0.0,0.0,0.46610058392395576,0.7551261829652997,7.781126258472058,-8.856464067031665
BRZ-00584,0.0,0.0,-0.3693773485125363,0.8918278720884327,12.952518500522507,-9.506846725353231
BRZ-00585,0.0,0.0,0.06096796950604156,1.0,12.951168587907857,-9.372760843973484
BRZ-00586,0.0,0.0,-0.40474570678337674,1.0,5.922845562469409,-10.578606811077766
BRZ-00587,0.0,0.0,-0.3209202293414265,1.0,1.7393911027229954,-6.563424966220125
BRZ-00588,0.0,0.0,-0.459439856591249,1.0,0.905250971243558,-10.359130791925448
BRZ-00589,0.0,0.0,0.18658708735665172,1.0,1.9539611276392455,-8.428048207431054
BRZ-00590,0.0,0.0,0.17006989723554145,1.0,2.0608762569040597,-8.820606935180706
BRZ-00591,0.0,0.0,0.5150302649049828,1.0,3.137958001028328,-8.60372796521468
BRZ-00592,0.0,0.0,0.128084773903004,1.0,2.121477787358602,-8.609167426831846
BRZ-00593,0.0,0.0,-0.3433219682334502,1.0,1.694926419279525,-9.94165961079563
BRZ-00594,0.0,0.0,0.4737957525777622,1.0,2.2980175247378525,-9.363915634061716
BRZ-00595,0.0019560881250233132,0.0,0.5208126992769846,1.0,3.0666066774381995,-5.300121026804806
BRZ-00596,0.0,0.0,0.49477265901684636,1.0,5.4010004222832775,-9.662317034301042
BRZ-00597,0.0,0.0,-0.3719871628392033,1.0,1.4922692063028948,-8.822103344042713
BRZ-00598,0.0,0.1984974298141558,-1.1572603726252195,0.6892052194543298,4.578906447072813,-13.90143598493575
BRZ-00599,0.0,0.0,0.5506435557899889,1.0,9.373198318712708,-7.956930721636193
BRZ-00600,0.0,0.0,-0.7621741215701385,0.49663366336633663,0.588604431477764,-10.694627008831686
BRZ-00601,0.0,0.0,-0.025224536089873132,1.0,31.50863647542232,-8.643071004308226
BRZ-00602,0.0,0.0,0.8056359908355208,0.9786982248520709,0.12877458777120315,-10.635422296217635
BRZ-00603,0.0,0.0,0.6013602615311197,0.39108129439621164,0.9158938711136577,-7.6261856675551085
BRZ-00604,0.0,0.0,0.606196089304992,0.7309964552973611,1.806982382527187,-10.01481849299794
BRZ-00605,0.0,0.0,-0.2554793903370268,0.5655608214849921,2.3243189159919417,-10.803932971694087
BRZ-00606,0.0,0.0,0.25277903866212875,1.0,4.748419538476445,-9.121048063518899
BRZ-00607,0.0,0.0,0.2681067935870313,1.0,0.5522959772135618,-9.004990162824484
BRZ-00608,0.0,0.0,0.746498648970472,0.7975532754538278,2.072466575704392,-9.603540543175258
BRZ-00609,0.0,0.0,-0.16787061153952865,0.25731225296442684,8.493873665216016,-10.523651300751123
BRZ-00610,0.0,0.0,0.791717704340985,0.11588490342924715,1.5453682082250562,-8.070114969672241
BRZ-00611,0.0,0.0,-0.3262488152808164,1.0,0.860850500766383,-8.407776517457178
BRZ-00612,0.0,0.0,-0.4536997065059468,0.901263823064771,3.735254657342558,-9.802776687426125
BRZ-00613,0.0,0.0,-0.2756279858919047,1.0,16.2793355293139,-9.839730402118786
BRZ-00614,0.0,0.029214370311883144,-0.6700381571218741,0.0,1.8363874304641683,-11.996027393131616
BRZ-00615,0.0,0.0,0.6215702204290652,0.9141613924050636,1.282747172348228,-8.61782503848045
BRZ-00616,0.0,0.0,0.6912174108865624,0.5771812080536913,1.4800688190256897,-9.76762791526578
BRZ-00617,0.0,0.0,0.36413585786980324,1.0,0.0031012390850678633,-8.800442107330623
BRZ-00618,0.0,0.0,1.3110335656947616,0.610759493670886,0.9148231558993196,-8.269613876653114
BRZ-00619,0.0,0.0,0.9744766624421611,0.29232594936708867,1.5225758741425566,-9.942394705133518
BRZ-00620,0.0,0.0,0.18632642679626757,1.0,3.9588298544310923,-8.055737267757543
BRZ-00621,0.0,0.0,-0.19365328031705736,0.01582904629996043,1.9910938232583701,-11.68095468377908
BRZ-00622,0.0,0.0,0.8991137416777556,0.8902920284135756,1.385102064181797,-8.934864249810596
BRZ-00623,0.0,0.0,0.844375052035648,1.0,1.9685052515411376,-8.449731696395915
BRZ-00624,0.0,0.0,-0.06356883641908369,1.0,4.6416556940483735,-9.958786820904471
BRZ-00625,0.0,0.0,-0.0894901910820601,1.0,5.516053372970287,-8.787387751323694
BRZ-00626,0.0,0.0,0.4921009927562111,1.0,5.548529084229882,-9.022517711599605
BRZ-00627,0.0,0.0,-0.9345994247421269,1.0,2.6769789206807255,-9.695323282300341
BRZ-00628,0.0,0.0,0.20902209452808554,0.0,0.5038388772849359,-11.117186340908857
BRZ-00629,0.0,0.0,-0.10014780222049553,0.8441199684293608,3.630672961844043,-10.341820774774753
BRZ-00630,0.0,0.0,-0.2342682569212868,1.0,0.6281538049288062,-8.585557287946273
BRZ-00631,0.0,0.0,-0.07319143308027973,0.0,1.43026277844041,-14.159579970617532
BRZ-00632,0.0,0.0,-0.7460328798556138,1.0,3.4104886633236915,-7.48913815024405
BRZ-00633,0.0,0.0,-0.03957427405308155,1.0,3.076094095487938,-6.502691912857933
BRZ-00634,0.0,0.0,0.10742596156873055,0.998422712933754,0.3207098791488865,-11.122205895008042
BRZ-00635,0.0,0.0,-0.3968230241186793,1.0,0.33835009703489993,-10.549842013571672
BRZ-00636,0.0,0.0,-0.2935699231479576,1.0,9.716863481506138,-7.3251759318260365
BRZ-00637,0.0,0.0,0.043649425339429906,0.7187376725838266,0.9838612945294506,-12.043657596490867
BRZ-00638,0.0,0.0,0.30215735456018866,1.0,3.8587220831265614,-8.525784876743536
BRZ-00639,0.0,0.0,-0.3171999348518739,0.7333860759493671,0.05139297486839414,-11.673308066658562
BRZ-00640,0.0,0.0,0.1262044037027411,1.0,1.775137085402061,-7.3924382622560065
BRZ-00641,0.05648423178485159,0.0,1.675533400266601,1.0,2.9572850706509324,-8.90036213265657
BRZ-00642,0.0,0.0,1.097246608286228,0.3183431952662722,16.928747106521875,-5.7112719488737484
BRZ-00643,0.0,0.0,-0.007778612227450037,1.0,6.664132773220456,-8.156435948608369
BRZ-00644,0.0005699206268528744,0.0,-0.3881467157013529,1.0,6.366770744747907,-9.255977738784921
BRZ-00645,0.003251877551915287,0.0,1.025827788162071,1.0,6.702061045145332,-8.788320997516522
BRZ-00646,0.009257285691965527,0.0,1.19210511054824,0.9431054919004346,3.373393484630728,-7.408209703777564
BRZ-00647,0.0,0.0,-0.16628182764138655,0.9487179487179487,21.979684178879506,-11.482427334567163
BRZ-00648,0.096971717371246,0.0,0.553619664232491,1.0,2.0935387320197094,-8.251077144880174
BRZ-00649,0.0009394152934872208,0.0,-0.06374798917408143,1.0,2.9258140655292295,-7.510201346648513
BRZ-00650,0.0,0.0,0.0907487012713364,0.5266482431898933,2.201519609031271,-10.142360136223472
BRZ-00651,0.15953121430288927,0.0,-0.4334326903599161,1.0,2.4538003082642192,-11.381455036963652
BRZ-00652,0.0,0.0,-0.1524389701831844,0.0,1.3582004771484382,-14.094130753319966
BRZ-00653,0.0,0.0,-0.9401586620974952,0.0,0.6561642453765869,-9.651131110765986
BRZ-00654,0.0,0.0,0.5433921291890842,1.0,0.6637058319464199,-7.829956808623408
BRZ-00655,0.0,0.0,0.44048337718124725,1.0,1.7302760875207797,-7.506502336190617
BRZ-00656,0.0,0.0,0.12048125766333893,0.7349112426035505,27.505733423327303,-8.576202818078226
BRZ-00657,0.0,0.0,0.039430546845603036,1.0,2.290244182356795,-8.829820799372365
BRZ-00658,0.0,0.0,-0.9270850400606191,0.0,10.010913879447127,-12.56947764018318
BRZ-00659,0.0,0.0,0.20894740810676754,0.0,12.662250094472547,-12.527978391076612
BRZ-00660,0.0,0.0,0.12275786254845696,0.6528436018957345,2.5938305198771285,-9.02617471510455
BRZ-00661,0.0,0.0,-0.0007874488375869896,0.98812351543943,1.6914643901924928,-9.45862455804958
BRZ-00662,0.0,0.0,0.026271995180170805,0.6207576953433306,2.0094188030356124,-9.889643549511643
BRZ-00663,0.0,0.0,0.05159638125779417,1.0,6.135325000240053,-6.226911026024543
BRZ-00664,0.0,0.0,-0.1252536496142151,0.0,11.546049916433562,-12.6156983565671
BRZ-00665,0.0,0.0,0.1842930344118536,0.0,5.018488606278471,-9.06441342911625
BRZ-00666,0.0,0.0,0.18171764286314632,1.0,3.7099143976350955,-9.424582341513101
BRZ-00667,0.0,0.0,-0.43326218707338715,1.0,4.097093255417147,-10.433239155659368
BRZ-00668,0.0,0.0,0.6919628675525701,0.0,2.034608106097935,-9.380702403496306
BRZ-00669,0.0,0.0,0.4349475569240198,1.0,1.738651442177406,-8.466031129309057
BRZ-00670,0.0,0.0,0.39735132437063053,1.0,5.33149460804073,-7.243169787306404
BRZ-00671,0.0,0.0,0.3086878993979627,1.0,10.152878513672645,-7.823377495918224
BRZ-00672,0.0,0.0,-0.41828855071416227,0.023696682464454975,0.8334258592108414,-11.942753101236022
BRZ-00673,0.0,0.0,0.09398179755443488,0.0,1.326359591747476,-7.821145112956312
BRZ-00674,0.0334974790383064,0.0,-0.4669537818219442,0.9545274812178727,1.4036636989249596,-10.561003711060721
BRZ-00675,0.0,0.0,0.7657336034970056,0.4070272404263718,2.622731880988577,-10.632147488274672
BRZ-00676,0.0,0.0,0.7692101656722642,1.0,2.0762248007012314,-8.677892696396384
BRZ-00677,0.0,0.0,0.7753860778313839,1.0,4.0681149257336955,-8.114808443854297
BRZ-00678,0.0,0.0,0.08304049545816862,0.31034482758620696,1.4978985207074833,-10.075720092314835
BRZ-00679,0.007538743470140732,0.0,-0.5059789622251379,1.0,2.3383136420735973,-7.834140039516386
BRZ-00680,0.0,0.0,-0.1785451061401366,1.0,3.2727934844425737,-9.181001451588696
BRZ-00681,0.0,0.0,0.3613477261951377,1.0,2.316041344514176,-9.393014213506083
BRZ-00682,0.005553014049492925,0.0,0.03939915206349927,1.0,3.3422419347108643,-8.951826485755323
BRZ-00683,0.5842307767142422,0.0,0.9273427891010557,1.0,1.3363282860029622,-7.887610610168172
BRZ-00684,0.0,0.0,0.5654123899170763,0.558672461477677,3.9105667343930635,-9.809533280199119
BRZ-00685,0.0,0.0,0.049323808893877504,1.0,0.8178096168446569,-10.627636608573724
BRZ-00686,0.0,0.0,-0.3354546738305291,1.0,2.486316414662924,-7.812949435732278
BRZ-00687,0.0,0.0,0.45924011260213177,0.7237569060773482,5.953423084933336,-9.889794068533435
BRZ-00688,0.0,0.0,0.7287534738433898,1.0,3.107680759109961,-6.840471375868649
BRZ-00689,0.0,0.0,-0.3075102536907089,0.9992116673236106,1.9593192257133787,-10.3231566635805
BRZ-00690,0.0,0.0,-0.3970263186250063,1.0,0.3833267351405328,-10.055242503786204
BRZ-00691,0.0,0.0,-0.3301132124322225,1.0,3.9218231132602983,-7.020266214942856
BRZ-00692,0.0,0.0,0.1794904238014679,1.0,2.711398454924185,-8.587926521605114
BRZ-00693,0.0,0.0,-0.22968548661693977,1.0,2.36913228906688,-8.310623509108252
BRZ-00694,0.0,0.0,-1.544710065475427,0.0,2.434144098071722,-13.073319366195676
BRZ-00695,0.0,0.0,0.41741673578382843,1.0,4.597202402326192,-8.821065176865858
BRZ-00696,0.0,0.0,0.9791259669952812,0.0,2.8894686750056704,-10.530546660767156
BRZ-00697,0.0,0.0,0.7600837793569625,0.0,5.088992691386002,-10.242348456811726
BRZ-00698,0.0,0.0,-0.3276461150870998,0.0,2.1737679339280582,-11.981020036815737
BRZ-00699,0.0,0.0,0.1286996082839005,0.6279620853080569,0.6721056097454595,-9.952713425629847
BRZ-00700,0.0,0.0,0.4287662148763589,1.0,6.550550421013835,-8.091063963871717
BRZ-00701,0.0,0.0,-0.25636915112715347,1.0,0.13999327853512653,-11.934666946567567
BRZ-00702,0.0,0.0,-0.2610102397142761,0.7587979438513248,0.37906407776277123,-9.721646376912359
BRZ-00703,0.0,0.0,-0.16441955933017977,1.0,2.7464902033663234,-10.819376907190781
BRZ-00704,0.0,0.0,0.7727515476089638,0.0,0.3998691605787895,-10.641556574063102
BRZ-00705,0.0,0.0,0.43349721359747445,0.7542406311637082,0.9258798522688888,-10.24800008213155
BRZ-00706,0.0,0.0,0.14590604931791726,0.4752671151563118,5.612222073872562,-9.693509711322543
BRZ-00707,0.0,0.0,0.3159676570605729,1.0,0.8316979896344496,-8.340243582695672
BRZ-00708,0.0,0.0,1.4568455771035522,0.9588770264926848,4.464743633322875,-8.987847772848417
BRZ-00709,0.0,0.0,0.5381588121310227,0.8829113924050631,12.380241176488191,-10.516428298686085
BRZ-00710,0.0,0.0,0.11448281431721434,1.0,1.1088650140515532,-5.603373356603741
BRZ-00711,0.0,0.0,-0.3616552224205871,0.0,4.016850816714367,-11.868790986882486
BRZ-00712,0.0,0.0,0.620831663765528,0.16344255823134626,4.775028742704155,-9.48651206540387
BRZ-00713,0.0,0.0,-1.2450277421160063,1.0,1.1990056158287217,-8.5525157165207
BRZ-00714,0.0025367509123840576,0.0,0.5359039856485543,0.8906866614048935,2.650311460939572,-10.652502447960956
BRZ-00715,0.0,0.0,0.1502356695359847,1.0,9.593450460266215,-7.999147063475061
BRZ-00716,0.0,0.0,-0.9822836477526203,1.0,1.3125962267527684,-8.84785300845318
BRZ-00717,0.0,0.0,-0.5857570460275604,1.0,1.5388332362597137,-7.224281529616824
BRZ-00718,0.0,0.0,0.5718145239624228,1.0,1.527815018450887,-8.042170354892235
BRZ-00719,0.0,0.0,0.17258409318302256,0.0,0.31066629801984447,-12.020869733920772
BRZ-00720,0.0,0.0,-0.8759520610394315,1.0,0.38142823640102275,-9.631403665126902
BRZ-00721,0.0,0.0,-0.5109537694177629,1.0,12.920248852020318,-7.436263973517082
BRZ-00722,0.0,0.0,0.5105891922559552,1.0,0.9268254097163622,-7.449002521581824
BRZ-00723,0.0,0.0,0.10629205602900024,1.0,1.0023079919209483,-9.344133801718904
BRZ-00724,0.0,0.0,0.06620365615153487,0.9464356045687279,0.5013649989243124,-8.402551200952152
BRZ-00725,0.0,0.0,-0.4649764979680353,1.0,2.565232231485361,-9.574255151930947
BRZ-00726,0.0,0.0,-0.4160918946012454,1.0,6.495104661985352,-10.557093816693467
BRZ-00727,0.0,0.0,0.25967979845946204,0.7323332017370707,2.7821749954944712,-9.851418453281092
BRZ-00728,0.0,0.0,0.27427339080690155,1.0,1.2211584257765864,-7.302337187262865
BRZ-00729,0.0,0.0,-0.5315523990901243,0.6610102604577743,17.539680045683962,-9.709222024368374
BRZ-00730,0.0,0.0,0.6873017347160918,0.01537248718959401,1.4000155993096304,-11.557015227177184
BRZ-00731,0.0,0.0,0.28259081035241784,0.9388560157790927,0.5224771586895703,-8.934371670502152
BRZ-00732,0.0,0.0,1.138443514453166,0.2682734097194785,2.7496322673048232,-10.290157191737995
BRZ-00733,0.0,0.0,0.559892318322245,1.0,0.6108550404353107,-5.324853024467924
BRZ-00734,0.060124780318237425,0.0,-0.4287136514239042,1.0,0.24068988447666545,-9.66149194144169
BRZ-00735,0.0,0.0,0.45223414098341763,1.0,0.0,-7.718570107274424
BRZ-00736,0.0,0.0,0.43851544664099973,0.5981012658227849,10.820797982250166,-8.155275164046394
BRZ-00737,0.0,0.0,0.07963159857995777,1.0,4.357073363494814,-9.336698809390997
BRZ-00738,0.0,0.0,-0.5784893924115303,1.0,1.3298048710431363,-8.747989680604485
BRZ-00739,0.0,0.0,-0.3541893162306218,0.498223450454007,2.0785990144504765,-9.23880686383419
BRZ-00740,0.0,0.0,0.02539046021718544,0.7742574257425743,3.588782866687193,-8.521033696201789
BRZ-00741,0.0,0.0,0.6355692347681445,0.6021335440537336,1.5846853870202848,-2.737376174017352
BRZ-00742,0.0,0.0,-0.25645750273235346,0.28825622775800724,3.783534849706963,-11.293569322632031
BRZ-00743,0.0,0.0,0.24875632482205043,0.0,3.0390270025965704,-11.183040042125839
BRZ-00744,0.0,0.0,1.2791510122115233,0.0,5.5172923262953,-10.781382349589355
BRZ-00745,0.0,0.0,0.18167190989337798,1.0,6.9876084765191315,-6.348711523970247
BRZ-00746,0.0,0.0,-0.18042615255727387,1.0,0.35654097386549694,-7.317490602163562
BRZ-00747,0.0,0.0,-0.3330293658187801,1.0,6.317819260621698,-9.07317137549006
BRZ-00748,0.0,0.0,-1.6716604826250636,0.18027613412228793,2.7278189823134977,-14.813205430402125
BRZ-00749,0.0,0.0,-0.01173612294197782,0.0,0.014523793573552917,-6.992544569637988
BRZ-00750,0.0,0.0,-0.06676367019862496,1.0,2.845075740672456,-8.77968471319005
BRZ-00751,0.0,0.0,-0.37818526774527234,0.0,13.72607786240365,-12.241762967167338
BRZ-00752,0.0,0.0,0.2478062292256418,0.16397319668900276,3.9847289646311976,-11.105536869671901
BRZ-00753,0.0,0.0,1.2035711857609317,0.0,4.897216045541064,-9.245247911741673
BRZ-00754,0.0,0.0,0.22869002401892286,0.0,1.574981948248967,-8.792253280523347
BRZ-00755,0.008304194490546767,0.0,-0.7706659164604809,1.0,1.457963939204009,-12.099915644950602
BRZ-00756,0.0,0.0,-0.012319235407426946,1.0,0.0,-10.125574761366265
BRZ-00757,0.018730804376970275,0.0,-0.071183525149991,0.795194958645136,2.3210109444419382,-9.409011247359176
BRZ-00758,0.0,0.0,0.18202469356452614,1.0,0.9591471413056567,-10.420520421710647
BRZ-00759,0.0,0.0,-0.323494367190558,1.0,3.4014734626566634,-9.206588806327378
BRZ-00760,0.0,0.0,0.28984339060274134,0.991715976331361,20.52628160574391,-9.746851148438843
BRZ-00761,0.0,0.0,0.29491693789188844,0.9541139240506329,5.413386476258928,-8.928527824336264
BRZ-00762,0.0,0.0,0.29397041195681345,1.0,0.006212225621571438,-9.812539165678734
BRZ-00763,0.0,0.0,-0.6531190174610373,1.0,3.2626779606381042,-8.92590652118833
BRZ-00764,0.0,0.0,0.41681849975291224,0.0,0.855980551328731,-10.606346715665739
BRZ-00765,0.0,0.0,-0.06987291150228307,1.0,1.820790250235945,-5.806726222330717
BRZ-00766,0.0,0.0,0.0848879847745352,0.9929105947223317,3.900447623406645,-8.030754035104232
BRZ-00767,0.0,0.0,0.4163119233386432,0.9327265532251681,3.7936760679016595,-8.888817132332079
BRZ-00768,0.0,0.0,-0.23586681968004913,1.0,10.293310269296992,-8.875095384914793
BRZ-00769,0.0,0.0,-0.45896833451279845,0.29005524861878457,2.299954987932701,-13.388343917606738
BRZ-00770,0.0,0.0,-0.6840390219266275,0.9712258573117857,6.306406449491075,-7.735594893969478
BRZ-00771,0.0,0.0,0.8740112144089004,1.0,5.6122525534525805,-8.057261592144686
BRZ-00772,0.07655755797694476,0.0,0.33087173600611014,1.0,0.5846730459757977,-10.65104539781761
BRZ-00773,0.0,0.0,0.3619909186959268,0.896334253054789,4.74952530348742,-8.486803520030367
BRZ-00774,0.0,0.0,-0.7277337587530516,1.0,1.0066130700133182,-9.801887479577374
BRZ-00775,0.0,0.0,0.7871562973665253,0.0,0.15070592139071712,-8.039748118239494
BRZ-00776,0.0,0.0,0.3495794419815846,1.0,2.9883024856740854,-9.077614761909693
BRZ-00777,0.0,0.0,0.3133638205961616,0.9091985787603634,1.562575087426145,-9.613501911019537
BRZ-00778,0.0,0.0,0.4123410105288832,1.0,0.25616920160694334,-8.882600562944754
BRZ-00779,0.0,0.0,0.8281889079709635,0.0,0.20619931782773296,-9.218246350195521
BRZ-00780,0.0,0.0,-0.24743437747328653,1.0,4.754427636329226,-6.747741445889588
BRZ-00781,0.021597079618455486,0.0,-0.7233497149290453,1.0,0.7906660370265797,-9.286484770815079
BRZ-00782,0.018909919256941833,0.0,0.1460921127454917,0.9905437352245862,4.217394521618746,-10.280895130715539
BRZ-00783,0.0014517455408589192,0.0,-0.11830162486882378,0.3870201820340325,0.42896560112817705,-10.427368972102636
BRZ-00784,0.0,0.0,0.052804991270460115,0.9536817102137767,4.226386920031671,-8.185012471580624
BRZ-00785,0.0,0.0,0.026906812425867562,1.0,2.120380730944793,-9.014647596403508
BRZ-00786,0.01400400723481056,0.0,-0.48977835108067813,1.0,4.900149095002726,-8.488146645611792
BRZ-00787,0.0,0.0,-0.2611155491799038,1.0,0.4035979643909139,-8.519459935814629
BRZ-00788,0.0,0.0,-0.7280775128577165,0.9996056782334385,5.954805446991244,-9.288748714186685
BRZ-00789,0.0,0.0,0.2664232996417981,0.0,2.9894068718178834,-10.282178088829722
BRZ-00790,0.0,0.0,0.03579961716974753,1.0,1.990895290403708,-8.570759760521934
BRZ-00791,0.0,0.0,-0.07951373944276972,1.0,2.165175833824598,-7.379959218076782
BRZ-00792,0.0,0.0,0.7307489532907405,1.0,3.1389755575909164,-9.945753152856742
BRZ-00793,0.0,0.0,0.30948300225480885,0.4647943037974684,2.616362729264996,-10.025014082840588
BRZ-00794,0.0,0.0,-0.4383612057491784,0.9224683544303798,4.249002222778949,-10.350973570641724
BRZ-00795,0.0,0.0,-0.26049959838458175,1.0,7.127023885162687,-6.276395397900408
BRZ-00796,0.0,0.0,0.6741433422561169,0.0,2.321053909484152,-11.690832484728983
BRZ-00797,0.0,0.0,0.39525039768296694,0.0,4.382219889118141,-10.425789420920998
BRZ-00798,0.0,0.0,0.4765368841158979,1.0,4.505789889184875,-11.797315108773388
BRZ-00799,0.0,0.0,0.04182358478822765,1.0,4.369651265499044,-8.982810332541094
BRZ-00800,0.0,0.0,-0.2400618060954051,1.0,2.3157462884815936,-7.471893006077812
BRZ-00801,0.01145480690135839,0.0,-0.21320098867399018,1.0,2.1754159536150075,-7.60269109090974
BRZ-00802,0.0,0.0,-0.07595468285933404,1.0,0.7654879337524547,-10.002267541190038
BRZ-00803,5.2165646766182744e-05,0.0,-0.44634778284458193,1.0,1.6881794162772275,-12.535350907591665
BRZ-00804,0.0,0.0,-0.4974766121752385,1.0,1.0771225997466982,-7.539349241159924
BRZ-00805,0.0,0.0,-0.4302925245588927,0.6741528762805359,7.497070709175338,-9.581259505766678
BRZ-00806,0.0,0.0,-0.23055880761685946,0.7405213270142177,1.3605387796986534,-10.441064727279848
BRZ-00807,0.0,0.0,-0.048767725407965784,0.12954186413902058,2.084340870448831,-10.446809034320617
BRZ-00808,0.0,0.0,-0.032505607827611124,1.0,2.0335572939234083,-8.711703629405566
BRZ-00809,0.0,0.0,-0.35761035699853705,1.0,0.8057085153245813,-9.795780922555027
BRZ-00810,0.0,0.0,0.5824969988824353,1.0,4.425566996992963,-6.428852793853083
BRZ-00811,0.0,0.0,-0.604517180008767,0.6611439842209073,1.64042,-8.692445657173192
BRZ-00812,0.0,0.0,-0.10252577634952065,1.0,2.5080227105991963,-8.875431530502174
BRZ-00813,0.0,0.0,-0.05231092870243573,0.9834515366430261,2.4891992027392136,-9.195054593738268
BRZ-00814,0.09944980083848948,0.0,-0.005867735168963419,1.0,2.8490059285468314,-8.650858351294511
BRZ-00815,0.0,0.0,0.026669696735714083,0.9608540925266904,1.206474012308479,-8.143221130719459
BRZ-00816,0.0,0.0,-0.9172475878643503,1.0,10.007016091169763,-9.42364632974801
BRZ-00817,0.0,0.0,-0.6772457813772769,1.0,7.419228322785055,-9.51263585446542
BRZ-00818,0.0,0.0,-0.08987926108106743,0.0,0.9288573996340932,-7.089317532671945
BRZ-00819,0.0,0.0,-0.10100512645862333,0.0,0.9807524276266838,-10.765268035531381
BRZ-00820,0.0,0.0,-0.02056202597400417,0.4353821907013396,0.23772256121101104,-12.311398584280813
BRZ-00821,0.0,0.0,-0.06940124683889547,0.6515390686661404,7.497639347634592,-11.984227000749163
BRZ-00822,0.0,0.0,0.18592059780854284,0.0,1.2072550579642343,-10.350588006487333
BRZ-00823,0.0,0.0,0.5405592817479673,0.0,2.601175960757944,-12.39736754770521
BRZ-00824,0.0,0.0,-0.22342165260884841,0.7605856747130987,8.97381790445727,-8.90298091507937
BRZ-00825,0.0,0.0,-0.3404013565328268,1.0,4.231973369112445,-7.760816420447854
BRZ-00826,0.014300958468363835,0.0,1.3330715306041903,1.0,2.6671211798628405,-8.650816803142286
BRZ-00827,0.0,0.0,-0.030260383138502024,1.0,6.450246124416736,-8.09210438358612
BRZ-00828,0.0,0.0,-0.14009334510545296,0.5333070555774536,9.548192924726258,-10.31076702681385
BRZ-00829,0.0,0.0,-0.45485772981589223,1.0,4.92126,-7.944591478928791
BRZ-00830,0.0,0.0,-0.8095908215663945,0.9829770387965163,3.9428531886129616,-7.622118412156332
BRZ-00831,0.0,0.0,-0.13485556815439545,1.0,4.7321945616841266,-8.616225720182362
BRZ-00832,0.0,0.0,0.2579030040948206,0.9228944246737842,0.8978498122371315,-9.3234748637362
BRZ-00833,0.022010871918241824,0.0,-0.8795138637102388,0.8893265064986213,2.9814372936923372,-11.400057666980683
BRZ-00834,0.0,0.0,0.16541195255626626,0.029609159099881557,2.3316918419658053,-10.478739206020899
BRZ-00835,0.0,0.0,0.529621727470573,0.9185448793989719,3.7190627051735157,-9.747173186030668
BRZ-00836,0.0,0.0,-0.8055964296818545,0.7502963255630185,7.355253112727769,-10.70363007063126
BRZ-00837,0.0,0.0,0.36804212239748924,1.0,0.3719162973670508,-7.908549521537029
BRZ-00838,0.0,0.0,-0.30836647979898035,0.48697711128650367,2.750782713976637,-12.269888722014759
BRZ-00839,0.0,0.0,-0.9707341520777739,0.46418678274633945,5.935893560303211,-10.948731503440348
BRZ-00840,0.0,0.0,0.8720615037601493,0.0,0.22919333547927337,-9.941341956476576
BRZ-00841,0.0,0.0,0.5389960362858792,0.7296120348376882,1.4811824821151414,-6.5421425696831665
BRZ-00842,0.7523534348850999,0.0,2.0690100074632394,1.0,7.680720140931903,-7.423721037276892
BRZ-00843,0.0,0.0,0.043407586012998677,0.9865612648221341,2.0395624197391315,-8.442870778841467
BRZ-00844,0.0,0.0,0.08619096744253307,1.0,1.9714937508621067,-7.748587587324783
BRZ-00845,0.0,0.0,0.6393019763462197,0.07024467245461721,7.914540551863886,-9.425301667530077
BRZ-00846,0.0,0.0,0.27452039447805004,0.0,8.283053565644812,-11.677327105093928
BRZ-00847,0.0,0.0,-1.8277317526299854,0.0,3.4774049544324583,-13.247325561598899
BRZ-00848,0.0,0.0,0.07995658170543592,0.4131121642969984,1.2098424561508685,-10.25686115246536
BRZ-00849,0.0,0.0,0.0409996773340561,0.6198183971575207,1.0604113954703853,-7.737835440688612
BRZ-00850,0.03428426036878134,0.0,-0.051201605151309004,1.0,7.350331483514563,-9.27775982269831
BRZ-00851,0.0,0.0,0.33046465569182193,1.0,6.003727289365283,-9.205193142515244
BRZ-00852,0.0,0.0,0.7757627046057897,1.0,0.8599227815489829,-10.12058261548791
BRZ-00853,0.0,0.0,-0.6133884707176925,1.0,1.029343324857956,-10.50843306279284
BRZ-00854,0.0,0.0,-0.04161936128297477,1.0,0.7594057886435331,-6.181604680682161
BRZ-00855,0.023877356558368316,0.0,0.2596442174513176,1.0,9.975124132003574,-10.061757066202158
BRZ-00856,0.0,0.0,0.15978235649510547,0.2058359621451104,1.1485530191710016,-9.583893483417965
BRZ-00857,0.0,0.0,0.5548830254075418,1.0,1.1743232424129495,-8.752854118692674
BRZ-00858,0.38446728968610905,0.0,0.28810492348700767,1.0,8.901350900616482,-9.167470046015808
BRZ-00859,0.0,0.0,-0.22648936727831392,1.0,0.13478157915426975,-10.205635592458831
BRZ-00860,0.0,0.0,-0.8581822053389297,1.0,6.765504526909165,-9.981113508770443
BRZ-00861,0.0,0.0,-0.848367987746853,1.0,0.6562944619594415,-11.306462321359636
BRZ-00862,0.0,0.0,0.8256857725060379,0.652827204428628,1.9212818430084013,-8.502267255702042
BRZ-00863,0.0,0.0,0.3506012927730365,0.0,0.9516928564183121,-12.545155968816367
BRZ-00864,0.0,0.0,0.9054112663840937,1.0,2.277613321341803,2.1176170657993154
BRZ-00865,0.0,0.0,0.5169349384855567,1.0,1.5013676552492068,-8.22235496170761
BRZ-00866,0.0,0.0,-0.04681996433455835,1.0,5.677989402000984,-5.690993087722454
BRZ-00867,0.0,0.0,0.7790485340157749,0.1268715524034673,12.51605215812569,-9.61700757775651
BRZ-00868,0.0,0.0,0.11884448893511243,0.9178190438561833,1.1291730702077443,-11.360274393037928
BRZ-00869,0.0,0.0,0.10243489754317876,1.0,2.164658500439981,-10.740660509798793
BRZ-00870,0.0,0.0,0.1205002221429607,1.0,12.394909062871543,-4.245468013971286
BRZ-00871,0.021667564228743833,0.0,-0.7418447692167974,1.0,1.3288440090895834,-12.306169993751839
BRZ-00872,0.0,0.0,-0.40392561821406403,1.0,0.7432244183955127,-7.614111873233087
BRZ-00873,0.0,0.0,0.439307869415294,1.0,4.423573776017829,-8.031138401621222
BRZ-00874,0.0,0.0,-0.35827405393588174,1.0,2.9998708017960687,-9.59193453340266
BRZ-00875,0.0,0.0,0.31420123785947046,1.0,7.396873087756457,-9.610138570797705
BRZ-00876,0.0,0.0,0.4295552329209472,1.0,0.5709141784355092,-8.636652318362703
BRZ-00877,0.0,0.0,0.16922342731760817,1.0,1.7700738463740426,-9.038344951086088
BRZ-00878,0.0,0.0,-0.2808625253980186,1.0,4.253460687539631,-9.801586714348431
BRZ-00879,0.0,0.0,-0.17441210478450161,0.958877026492685,4.2111283901943475,-9.999702559097368
BRZ-00880,0.11032603591739308,0.0,0.1655364948419183,1.0,2.549869054921468,-9.72135147220131
BRZ-00881,0.0,0.0,-0.1438205359905358,0.7094728497820056,2.9414417317914574,-10.175431638574723
BRZ-00882,0.0,0.0,-0.4680078356901522,1.0,1.8882999065579353,-8.660527680990274
BRZ-00883,0.0,0.0,-0.5103501630448002,1.0,0.9795834259280579,-5.464013314829571
BRZ-00884,0.0,0.0,0.9176715609188368,0.764636075949367,4.3087021138215675,-8.114349357057492
BRZ-00885,0.0,0.0,0.36067201389070086,1.0,1.7623838148980868,-8.367601942296892
BRZ-00886,0.0,0.0,0.8702245452308323,0.0,1.2505788833276141,-10.395690358707569
BRZ-00887,0.0,0.0,0.9389952166749213,1.0,2.9416363963925636,-8.745562787115063
BRZ-00888,0.0026874806749622657,0.0,0.0761767109588936,1.0,5.314754652955984,-9.514679932964189
BRZ-00889,0.0,0.0,0.4287449226526309,0.0,0.6817543499570714,-8.444840733444266
BRZ-00890,0.0,0.0,-0.373566812970716,0.8452427951046192,15.109219527102029,-8.045007272951556
BRZ-00891,0.0,0.0,0.5310295088611681,0.7207100591715978,3.2814835933045763,-8.395838505972153
BRZ-00892,0.0,0.0,0.4336712082638079,1.0,1.9345015917331363,-9.057581957276442
BRZ-00893,0.0,0.0,-0.016390817915334106,1.0,6.821791822397009,-5.954054416201729
BRZ-00894,0.0,0.0,-0.4893029343747232,1.0,5.173094608099956,-4.9780268011541065
BRZ-00895,0.0,0.0,0.5569718922741701,0.0,0.43209126735676723,-10.94703388434278
BRZ-00896,0.0,0.0,-0.4115304794309272,0.7590981012658229,8.542769443222783,-10.192147215841235
BRZ-00897,0.0,0.0,-0.14529073635330886,0.9206474536123174,0.7337550526073708,-9.121377917181071
BRZ-00898,0.0,0.0,-0.14767401470288885,1.0,5.713057875964917,-7.828052609777993
BRZ-00899,0.31714320368475357,0.0,0.26788643876080137,1.0,3.355074479383517,-9.165228155081971
BRZ-00900,0.0,0.0,0.20492278639143097,0.9562130177514795,3.320700992790087,-8.544340836471893
BRZ-00901,0.0,0.0,-1.5635669890768307,0.0,6.3385909307363955,-12.673327949230442
BRZ-00902,0.0,0.0,0.012501584850592305,0.6960823110407598,2.704647787140853,-10.513507124531941
BRZ-00903,0.0,0.0,0.4286256731994862,1.0,6.371717331497193,-9.237796460787283
BRZ-00904,0.0,0.0,0.0623280005099711,0.9330427892234548,2.683165391703544,-11.881368604108587
BRZ-00905,0.0,0.0,-0.3803380900843133,0.656003159557662,3.812615845432975,-10.956076557559857
BRZ-00906,0.0,0.0,0.2859221754872606,0.5511655472145397,1.1795985873321453,-8.88843183554075
BRZ-00907,0.0,0.0,0.5858124985361355,1.0,4.147963347312722,-8.830556527146266
BRZ-00908,0.0,0.0,0.5566921952417644,1.0,0.3083489703069641,-8.927256851881582
BRZ-00909,0.0,0.0,-0.9014002268364835,0.0,4.4816061979678325,-13.573236670373149
BRZ-00910,0.0,0.0,0.3760570953175298,1.0,1.752725891125342,-3.9249130043677045
BRZ-00911,0.0,0.0,0.0911606177684785,1.0,6.095922362009894,-7.891161134808273
BRZ-00912,0.0,0.0,0.3913569122647099,1.0,0.8644751606669703,-8.805520228634444
BRZ-00913,0.0,0.0,0.35307042532360344,1.0,2.4701101838181803,-8.38089329361255
BRZ-00914,0.0,0.0,-0.46980219077760765,1.0,2.6280426551448994,-7.621544953652448
BRZ-00915,0.0,0.0,0.2652310783927167,0.06962025316455694,10.782001632787969,-10.330181345230576
BRZ-00916,0.0,0.0,-0.6329103286776842,0.27419992097984985,0.747036790594058,-9.911714380544554
BRZ-00917,0.0,0.0,-0.0561997541325055,0.9932859399684044,7.418427982309109,-8.664763759831775
BRZ-00918,0.0,0.0,-0.6031434480097199,0.0,3.649043744444582,-11.624020737611898
BRZ-00919,0.0,0.0,0.7343747480964139,0.0,3.815241169952634,-11.510061847424042
BRZ-00920,0.0,0.0,0.391267678774906,1.0,0.03762148001064845,-9.842249468748514
BRZ-00921,0.0,0.0,-0.5063407599732727,1.0,1.4367581503796596,-9.538658901929121
BRZ-00922,0.07702047018111109,0.0,-0.07255087744960347,1.0,1.9386675260154511,-4.2005339346691075
BRZ-00923,0.0,0.0,0.8243728508950335,0.0,3.6610328676457518,-11.58705334399463
BRZ-00924,0.0,0.0,-0.7659641214825829,1.0,5.965412198912021,-8.59376892854632
BRZ-00925,0.0,0.0,-0.2414925587237561,1.0,1.184763256743075,-8.593522475767722
BRZ-00926,0.0,0.0,-0.1377349990041077,1.0,2.3377144103269325,-9.177101213766463
BRZ-00927,0.0,0.0,-0.3071292582362398,0.7411811335711455,0.07216957652741748,-11.641882496915398
BRZ-00928,0.0,0.0,-0.7489531139269024,0.003947887879984209,14.283890212461142,-9.143291314452062
BRZ-00929,0.0,0.0,0.278585615240722,1.0,3.2232381383325266,-4.575471285560943
BRZ-00930,0.0,0.0,-1.168149311627748,1.0,3.1929170980580457,-8.320288299706519
BRZ-00931,0.0,0.0,1.182497687130703,1.0,0.6267777631238473,-7.08828273204761
BRZ-00932,0.0,0.0,0.35441003187850567,0.0,4.57981132764627,-11.27391455093039
BRZ-00933,0.0,0.0,0.0729915262941705,0.8744075829383885,0.04768379643251923,-8.001395118250164
BRZ-00934,0.0,0.0,-0.244903510186429,1.0,3.3931784608827247,-8.845943591994343
BRZ-00935,0.0,0.0,0.12780521518657778,0.9319351009101701,11.626533081237618,-9.953971913068091
BRZ-00936,0.0,0.0,0.3601861613888329,1.0,3.94635954759875,-6.570556603600195
BRZ-00937,0.0,0.0,0.8254612475401353,0.0,2.089839162916504,-9.49387641137171
BRZ-00938,0.006456146254235468,0.0,-0.2484381591361019,0.7394393999210426,0.4884324822306494,-10.067867306587306
BRZ-00939,0.0,0.0,-0.015562106929542461,0.0,6.707611135236669,-9.675276707471665
BRZ-00940,0.0,0.0,-0.11410939728994737,0.0,1.6179275867110448,-10.95906711308395
BRZ-00941,0.0,0.0,0.10340780828147504,0.0,5.724028931149561,-10.46197593931524
BRZ-00942,0.0,0.0,0.6991041449640959,1.0,2.322307302668429,-9.050052044144197
BRZ-00943,0.0,0.0,0.12891374686358414,0.0,7.517213876833018,-11.652063796658357
BRZ-00944,0.0,0.0,0.34664849106450324,0.9477020602218701,8.00309373292128,-9.813784863807983
BRZ-00945,0.0,0.0,-0.03725948448903185,0.5410742496050553,1.4678242323621415,-8.350235469064117
BRZ-00946,0.0,0.0,0.27762355303896596,0.0,1.8720554668170792,-12.174910180857943
BRZ-00947,0.0,0.0,-0.14731586568677899,0.47711128650355167,13.79377259178078,-10.919417136004645
BRZ-00948,0.0,0.0,-0.3185974431699612,0.0,1.751034303721456,-12.396883357498249
BRZ-00949,0.0,0.0,0.2964804255384817,1.0,4.61266752893976,-9.02326245837929
BRZ-00950,0.0,0.0,0.29861630176950593,1.0,7.377035513842127,-8.456574861625556
BRZ-00951,0.0,0.0,-0.2782881368165906,1.0,2.511084558359623,-9.733536359283786
BRZ-00952,0.0,0.0,0.528758022348849,0.4929022082018928,2.7285545400971194,-11.231746248294362
BRZ-00953,0.0,0.0,0.6745274388547506,0.0,2.2965905030822755,-8.048574993821173
BRZ-00954,0.0,0.0,0.3633500735994418,0.9869873817034701,1.269771583858484,-1.4441895508133535
BRZ-00955,0.0,0.0,-0.8408359941933471,0.85347551342812,3.443585644594648,-7.402147247990508
BRZ-00956,0.0,0.0,0.008336873648150504,1.0,2.302036709596085,-8.647478564778215
BRZ-00957,0.0,0.0,-0.05584676551302683,1.0,0.32976515569570364,-9.023138719019235
BRZ-00958,0.0,0.0,-0.1447602863837157,1.0,16.37677398857529,-9.387507282341634
BRZ-00959,0.0,0.0,0.48919437755007816,0.0,1.3996043218098122,-10.961200532118559
BRZ-00960,0.0,0.0,-0.037559751234433156,1.0,5.846204331454415,-8.928914171813215
BRZ-00961,0.0,0.0,0.3382737418601756,0.0,1.1712830828513152,-11.774797418087452
BRZ-00962,0.0,0.0,-0.9362971928369944,0.09936908517350161,6.553016505047802,-10.601138323090295
BRZ-00963,0.0,0.0,0.021959311189139255,0.08944050433412133,5.690405533732361,-9.180085569763133
BRZ-00964,0.0,0.0,0.7789040239382994,1.0,2.2964597577640147,-9.042482008512259
BRZ-00965,0.0,0.0,-0.03898181848665671,1.0,2.047543971230593,-8.350751914904
BRZ-00966,0.0,0.0,0.3049930192965694,0.0,3.9041626688314937,-11.467550996390917
BRZ-00967,0.0,0.0,0.5174484133053293,0.0,6.233854710372291,-9.959544735931269
BRZ-00968,0.0,0.0,0.1988412699848844,1.0,2.6930384451831832,-10.071682591499538
BRZ-00969,0.0,0.0,0.7206349096354362,0.5434782608695652,1.817558403485807,-11.506822041201687
BRZ-00970,0.0,0.0,-0.4247276639415268,1.0,6.593334459473961,-8.327853985607947
BRZ-00971,0.0,0.0,-0.04498775734013009,0.6744277821625888,1.4396080759942975,-9.365739516548787
BRZ-00972,0.0,0.0,-0.02161119484394966,0.3480837613591466,5.86715071540311,-10.106610759819693
BRZ-00973,0.0,0.0,-0.21314765742047567,0.0,0.20943728895170058,-7.859269831479976
BRZ-00974,0.0,0.0,-0.43101766556540455,1.0,12.635398908571492,-8.753150875921333
BRZ-00975,0.0,0.0,-0.332140123772896,1.0,9.621169092343521,-9.343635135702076
BRZ-00976,0.0,0.0,-0.3260962887360941,0.0,11.119785830017143,-13.054650672933722
BRZ-00977,0.0,0.0,-0.2479838799365552,1.0,7.866907484022219,-8.09246671000682
BRZ-00978,0.0,0.0,-0.5295285502222628,0.0,14.867728712004316,-10.87607778732969
BRZ-00979,0.08562409973894601,0.0,-0.17966664444493607,1.0,4.897631044471568,-9.786489470973793
BRZ-00980,0.0,0.0,0.8089562819976979,1.0,0.9238809445894797,-7.373260274355834
BRZ-00981,0.0,0.0,0.4116933053981063,0.4861878453038674,0.5813325757661502,-11.446600753525097
BRZ-00982,0.0,0.0,-0.13747050497157584,0.7593688362919133,1.3590599111882502,-8.906256562558497
BRZ-00983,0.0,0.0,-0.5174179765590756,1.0,13.255475808882357,-10.274767894050992
BRZ-00984,0.0,0.0,-0.2471303559429068,1.0,14.994372953875342,-10.163240243748952
BRZ-00985,0.0,0.0,-0.23228329349254911,1.0,10.444850857249001,-9.110360727794742
BRZ-00986,0.0,0.0,0.8576237608504187,0.0,0.9669127231793146,-9.90476461377978
BRZ-00987,0.0,0.0,0.5300954304665974,1.0,5.8151042838864555,-9.349400160346743
BRZ-00988,0.0,0.0,-0.1382151781702371,1.0,0.0,-9.788423769293932
BRZ-00989,0.0,0.0,-0.082902892358881,0.9794303797468356,2.780537125781971,-9.54810696633094
BRZ-00990,0.0,0.0,0.3325605226940752,0.4972397476340694,11.7446552156529,-9.262063107414736
BRZ-00991,0.0,0.0,-0.47747452993100786,0.0,1.9258689761205676,-9.838296647916502
BRZ-00992,0.0,0.0,-0.15805085178391431,1.0,6.391730022054868,-8.965836848001054
BRZ-00993,0.0,0.0,0.3537739460288706,1.0,6.3256521482427015,-8.664943192148405
BRZ-00994,0.0,0.0,1.0501261342986283,0.9409216226860969,1.4503404422870287,-8.607197245007114
BRZ-00995,0.0,0.0,-1.2328482373723,0.12765957446808515,1.484264196420464,-12.317240603571387
BRZ-00996,0.0,0.0,-0.1283796092616049,1.0,1.8868714386643939,-9.706063569420907
BRZ-00997,0.0,0.0,-0.16616935889526988,1.0,2.321176942333996,-7.799642164597992
BRZ-00998,0.0,0.0,-0.220994077019267,1.0,1.1931534594358622,-8.875453806842534
BRZ-00999,0.0,0.0,0.3591998206806426,1.0,5.935069739023131,-8.519624995608865
BRZ-01000,0.0,0.0,-0.6887588244318934,0.15895610913404504,3.2590470017623447,-11.631762709077218
BRZ-01001,0.0,0.0,0.7630121893591666,0.8168180023687327,2.5551209285043326,-9.207374028167072
BRZ-01002,0.0,0.0,1.0102224515002676,1.0,1.980959251293938,-7.911529714534054
BRZ-01003,0.0,0.0,-0.2916197481459788,0.7696873763355759,3.8641765490194913,-10.09888458931445
BRZ-01004,0.0,0.0,0.25247594278360186,0.018942383583267563,0.5427497899774013,-8.065001115243149
BRZ-01005,0.0,0.0,-0.9519850895536851,0.0,0.6891321360759495,-14.177836695349844
BRZ-01006,0.0,0.0,0.4617042427002685,0.0,2.8331331005299405,-8.771432104968932
BRZ-01007,0.0,0.0,0.02746578860735179,0.8926732673267327,3.9575358917422454,-9.048441290218362
BRZ-01008,0.0,0.0,-0.6794261221732629,0.7695961995249407,3.045750460671631,-10.569785314205626
BRZ-01009,0.0,0.0,0.2124689636751219,1.0,3.834986370991599,-8.303457161028714
BRZ-01010,0.0,0.0,0.12177599505797755,1.0,5.841034135131443,-8.075826309496763
BRZ-01011,0.0,0.0,1.034678651286834,0.43037974683544294,3.494977834661068,-7.1480322335110085
BRZ-01012,0.0,0.0,1.0471390102972167,0.16784869976359337,3.9406268011192656,-8.417352169735047
BRZ-01013,0.0,0.0,-0.0008100503301459489,1.0,2.385920797690473,-11.046889750864779
BRZ-01014,0.0,0.0,-0.4679091908118091,1.0,0.6844509976813519,-9.889280383475077
BRZ-01015,0.0,0.0,-0.3519848141958196,1.0,19.32681184112114,-9.495852988254995
BRZ-01016,0.005194758910399217,0.0,0.7677741593111985,1.0,11.993251973943766,-8.398360225898825
BRZ-01017,0.0,0.0,0.23869685034620586,1.0,1.4916914801162406,-8.966093658607733
BRZ-01018,0.0,0.0,0.6239955481791275,0.0015847860538827257,0.5615405256171611,-9.037254613874044
BRZ-01019,0.0,0.0,-0.21407704483732376,1.0,8.86475296655585,-4.992385164614013
BRZ-01020,0.018115064978033682,0.0,0.07351080176966218,0.4193037974683544,0.7402665399709231,-10.498324898174072
BRZ-01021,0.23134374589738593,0.0,1.9827408003156872,1.0,4.569761545092978,-7.14570044118012
BRZ-01022,0.0,0.0,-0.12817187630105942,1.0,1.7555136913508567,-5.0735153614045645
BRZ-01023,0.0,0.0,-0.27525439038722205,1.0,0.023295841143846984,-4.972546485710766
BRZ-01024,0.0,0.0,0.8262269544835658,0.8432688511646269,1.3460087869415702,-7.653304621657006
BRZ-01025,0.0,0.0,0.3593607504735408,0.030878859857482198,0.5081016099851282,-11.379969958065233
BRZ-01026,0.010647184374024728,0.0,-0.3344088363646506,1.0,4.774365370577663,-9.566078407674965
BRZ-01027,0.0,0.0,0.32248390983082387,1.0,5.292446961384884,-8.383960841848518
BRZ-01028,0.0,0.0,0.1957631060517013,1.0,1.3473963279744579,-9.550906166498056
BRZ-01029,0.0,0.0,-0.12924404222656694,0.868483412322275,8.725063653827476,-8.840287520367845
BRZ-01030,0.0,0.0,-0.3084375810506921,0.0,3.5691405950594763,-13.887936485949123
BRZ-01031,0.0,0.0,-0.2495538039036995,0.8579905063291141,0.04918642318538473,-10.30453636536879
BRZ-01032,0.0,0.0,0.37548783529223423,1.0,9.552766947945896,-8.424031069657167
BRZ-01033,0.004137007897445215,0.0,-0.4961318059790509,1.0,11.682596416419369,-9.446175723400094
BRZ-01034,0.0,0.0,-0.6721709970300516,0.30379746835443044,6.585302858776867,-10.50860815427821
BRZ-01035,0.0,0.0,-0.5643081479051909,0.05993690851735017,0.38914770182943503,-9.547400694869731
BRZ-01036,0.0,0.0,1.2873144674875854,1.0,6.20878565896607,-8.534011243973172
BRZ-01037,0.0,0.0,-0.489609972691742,1.0,1.8265881655407257,-8.3301162853824
BRZ-01038,0.0,0.0,0.2871648124434042,1.0,0.16092778345409828,-9.472470338766469
BRZ-01039,0.0,0.0,0.5375631866153278,0.8608695652173912,1.043642004904223,-8.948180033340114
BRZ-01040,0.0,0.0,-0.08118196091746681,1.0,1.9726403370469836,-8.507846950887432
BRZ-01041,0.0,0.0,-0.42909588221494993,0.9497825227362595,0.546288294064487,-8.862745547734296
BRZ-01042,0.0,0.0,0.007974297051252384,1.0,1.0739657943581293,-9.095669701136222
BRZ-01043,0.0,0.0,-0.4917782687906047,1.0,4.033291884984082,-9.716718804129838
BRZ-01044,0.0,0.0,-0.7357281290293873,0.0,6.018420897811533,-13.190022544532653
BRZ-01045,0.0,0.0,-0.16445372454429366,1.0,3.3352399583290824,-8.529528809222727
BRZ-01046,0.0,0.0,-0.17542881350212275,0.0,6.312602509016019,-11.168304358657217
BRZ-01047,0.0,0.0,-0.4665116558791512,0.37455551165547224,8.342099950621662,-11.17284420405606
BRZ-01048,0.0,0.0,0.18345443677653597,0.9410601265822786,4.192672524585121,-6.56449790398793
BRZ-01049,0.0,0.0,-0.35936343973248375,0.9491525423728814,2.7825694149830493,-9.335501377176799
BRZ-01050,0.015157409916485834,0.0,-0.2685810717617394,1.0,3.5980679078015694,-8.448968298466623
BRZ-01051,0.03291988897342426,0.0,-0.38612552227708646,1.0,2.1564984136138237,-10.272735446293286
BRZ-01052,0.006673555452033932,0.0,0.8244917128052791,1.0,2.0912923689878444,-4.611094432936732
BRZ-01053,0.0,0.0,0.8763738846776539,0.7864768683274024,2.5291863552924023,-9.758340658995559
BRZ-01054,0.0,0.0,0.09459555778143018,1.0,1.8420160813779214,-10.449045231927906
BRZ-01055,0.32243872099949916,0.0,1.0160032657761284,1.0,2.517297447823868,-10.166486366471917
BRZ-01056,0.0,0.0,-0.6591127858310383,0.706930693069307,2.9474271757524244,-8.494994406457575
BRZ-01057,0.0,0.0,0.18506722846875284,1.0,1.6466484271509438,-9.23892518163165
BRZ-01058,0.0,0.0,0.8142342889727286,0.0,1.5795382007449434,-8.029975682953637
BRZ-01059,0.0,0.0,-0.11760767920193206,0.8793375394321767,2.0747159231691934,-6.724926252385283
BRZ-01060,0.0085978361547064,0.0,-0.0851811061151169,1.0,13.66121776152895,-9.039799881582148
BRZ-01061,0.0,0.0,0.6071809387193288,0.4176563737133808,2.0604614810512603,-9.880409329859729
BRZ-01062,0.0,0.0,-0.36751071177799083,1.0,1.147645266908441,-7.73198774928941
BRZ-01063,0.08782260587783222,0.0,1.1200572745809372,1.0,0.11545134585517655,-10.379450590111258
BRZ-01064,0.011141558939223249,0.0,-0.2555083356852917,1.0,2.137486246742533,-11.76833913344907
BRZ-01065,0.0,0.0,0.2900753303291619,0.3979430379746836,0.09850250563657739,-9.36260626855661
BRZ-01066,0.0,0.0,-0.36841677485248686,0.0,3.1098026754092722,-11.811977087018926
BRZ-01067,0.0,0.0,0.4880134968059569,1.0,10.560068379978365,-8.657949174991343
BRZ-01068,0.0,0.0,0.5058272987364997,1.0,5.04904484680758,-8.619668245405908
BRZ-01069,0.0,0.0,0.21734182329964047,1.0,0.7115195325105793,-8.690897321794509
BRZ-01070,0.0,0.0,0.19611926327379747,0.0,4.597202897525344,-11.717907856516865
BRZ-01071,0.0,0.0,1.5265258607745393,0.07813733228097869,5.620928778426751,-10.414672090448935
BRZ-01072,0.0,0.0,-0.2602942029819162,0.31843354430379756,4.6064164150979865,-12.103439033089453
BRZ-01073,0.0,0.0,1.0778390706144279,1.0,1.2292812546568186,-7.674211320717335
BRZ-01074,0.0,0.0,1.224663530423088,0.4497626582278481,0.9392166555873652,-8.629213667004374
BRZ-01075,0.0,0.0,-0.33086589764759866,1.0,7.711921660398231,-8.203677063554508
BRZ-01076,0.031779229072371504,0.0,-0.3301277373182234,1.0,2.2875155184128637,-10.096257013522132
BRZ-01077,0.0,0.0,0.38667476881110274,0.9976340694006309,0.1657239992366153,-9.810039181649064
BRZ-01078,0.0,0.0,-0.041125184085363975,0.7977129337539434,3.8212225091324403,-8.628158143362608
BRZ-01079,0.0,0.0,0.8717441926737912,0.0,1.0338768522135715,-8.202382683508816
BRZ-01080,0.0006219500917469777,0.0,-0.8150840965158517,1.0,2.1905563783315465,-5.690405985401
BRZ-01081,0.0,0.0,-0.11983709561140335,0.05750295391886569,3.61499477503094,-9.842134651153222
BRZ-01082,0.0,0.0,-0.03769980928771216,1.0,0.44553509243304207,-9.103257163618899
BRZ-01083,0.0,0.0,0.7874040125869375,1.0,6.439683959796619,-8.545837621107024
BRZ-01084,0.0,0.0,-0.2704811726577177,1.0,12.950971351195085,-9.17588473226172
BRZ-01085,0.0,0.0,1.249650744669091,0.9710661910424098,2.37487414577794,-8.852013870547559
BRZ-01086,0.0,0.0,0.31207778602031894,1.0,6.55467734784023,-9.237930141676564
BRZ-01087,0.0,0.0,0.35445475626944856,0.9282051282051281,8.051842846837543,-6.617069253261995
BRZ-01088,0.0,0.0,-0.14749624044583748,0.45551601423487553,2.239901019358064,-7.628944421462237
BRZ-01089,0.0,0.0,1.0073538251893925,0.0,6.674075665495133,-10.370261480200748
BRZ-01090,0.0,0.0,-1.9224575667070005,0.0,3.052460605860023,-12.846745988067607
BRZ-01091,0.021668228025066846,0.0,-0.5143803331497705,1.0,2.265065260653181,-10.184039686342572
BRZ-01092,0.0,0.0,0.8095639679546133,0.0,1.499532445373052,-9.2851606374034
BRZ-01093,0.0,0.0,0.6839160625552929,1.0,1.9859751069759397,-10.99359588705846
BRZ-01094,0.0,0.0,1.2034933110968464,0.9456906729634003,0.7976802401123287,-9.731091078284765
BRZ-01095,0.0,0.0,-0.13632394240709053,1.0,1.8246444915562696,-10.18566184645079
BRZ-01096,0.0,0.0,-0.647455935558852,1.0,5.251554972276575,-8.7638571495987
BRZ-01097,0.0,0.0,0.16712855840951268,1.0,1.148555394012874,-10.110468102393696
BRZ-01098,0.0,0.0,-0.10566744519359637,1.0,0.7189096607003979,-9.512389354448679
BRZ-01099,0.0,0.0,0.0916072793589875,0.970414201183432,0.22363843390687124,-11.88240942483714
BRZ-01100,0.0,0.0,-0.16588413679338163,1.0,2.955079747270479,-9.690702289918134
BRZ-01101,0.21864963554270625,0.0,-0.5610180463459369,1.0,2.7163701018755235,-6.66055471439992
BRZ-01102,0.0,0.0,0.6118172734476875,0.9516256938937351,0.04422994516812837,-7.674014788142897
BRZ-01103,0.0036766687154393407,0.0,-0.181050010112532,1.0,6.856479237750085,-8.20240626499178
BRZ-01104,0.0,0.0,0.10378346405097041,1.0,8.179503320711547,-3.2505404886144
BRZ-01105,0.0,0.0,0.6260424555689973,1.0,5.31446793767778,-6.7001263011096786
BRZ-01106,0.0,0.0,0.6313391524368022,0.0,0.0,-10.439763479202304
BRZ-01107,0.0,0.0,0.4394692258515172,1.0,1.2791026511202626,-8.36284727057796
BRZ-01108,0.0,0.0,1.2096031508562308,0.8253465346534654,0.8193625752999184,-9.014188629451484
BRZ-01109,0.0,0.0,0.46668573908334526,1.0,5.979051713670763,-9.282550756408785
BRZ-01110,0.0,0.0,0.02261450199663881,1.0,12.114981809391855,-7.7133523494463665
BRZ-01111,0.012394104782150046,0.0,1.8738899543745164,1.0,3.996190774344432,-7.438435846148636
BRZ-01112,0.0,0.0,0.9712211534632109,0.31412786108918705,3.4140681790367675,-10.60180162646391
BRZ-01113,0.0,0.0,-0.0959326673014563,1.0,2.952755518941962,-7.895006476235511
BRZ-01114,0.0,0.0,1.0811210078443765,0.03440094899169632,3.907172777556588,-10.654681725738799
BRZ-01115,0.0,0.0,0.3235529561591865,1.0,3.076276897529686,-9.987954586878914
BRZ-01116,0.0,0.0,0.7176873191864764,1.0,3.7617747759227567,-8.700907872786356
BRZ-01117,0.0,0.0,0.07097615269529498,1.0,5.007335828857301,-5.872161975958553
BRZ-01118,0.004107145189955795,0.0,-0.8678366085340572,0.9980205859065716,0.7565640596005885,-8.637104715676866
BRZ-01119,0.0,0.0,-0.690976399990127,0.8094861660079051,10.701893494881519,-11.367568414901397
BRZ-01120,0.0,0.0,0.9003501908397619,0.5667585663647106,1.562371057859603,-8.03270434406023
BRZ-01121,0.0,0.0,0.2546807791507289,1.0,1.7389101902849244,-9.127727277413758
BRZ-01122,0.020507644145082604,0.0,-0.004134536889049895,0.9996056782334385,1.0673057790507732,-4.301313936754104
BRZ-01123,0.0,0.0,0.11082145238593291,1.0,2.522857328617836,-9.32594508048342
BRZ-01124,0.0,0.0,-0.40759061155572957,1.0,2.491600221621852,-10.295267705433826
BRZ-01125,0.0,0.0,0.1914797096796968,1.0,3.638193894864822,-8.285282087035656
BRZ-01126,0.0,0.0,0.4427892036220957,0.5248422712933755,3.9102315399062824,-11.219472384005512
BRZ-01127,0.0,0.0,0.17820051015199767,0.0,0.24359810804696028,-11.591908818776067
BRZ-01128,0.0,0.0,0.25072420867101275,0.1361483820047356,2.810081259083526,-10.731767368526432
BRZ-01129,0.0,0.0,0.419088272947695,1.0,0.1443723674173661,-8.079085343713722
BRZ-01130,0.0,0.0,-0.027998295389779958,1.0,1.6943643051325572,-6.672183067839611
BRZ-01131,0.11903872484819224,0.0,0.10039331534671267,1.0,1.4357084721960025,-7.968969008870542
BRZ-01132,0.0,0.0,1.1311604257436296,0.0,12.962229956074886,-9.83453848902883
BRZ-01133,0.0,0.0,0.3096820307510872,1.0,1.087676802014281,-7.5979715874033005
BRZ-01134,0.0,0.0,-1.2849807343264714,1.0,2.021438070656109,-9.209698489990117
BRZ-01135,0.0,0.0,0.5596561606515447,1.0,3.455130650243857,-8.673797363215531
BRZ-01136,0.0,0.0,-0.5262099184189613,1.0,2.944473520449275,-7.988965025973166
BRZ-01137,0.005304788706430501,0.0,0.14224801777045598,1.0,15.950236613699587,-10.206427228576446
BRZ-01138,0.0,0.0,-0.7014105311857172,1.0,2.484357868226906,-8.538138679194603
BRZ-01139,0.004315054451856089,0.0,-0.6707549081295349,1.0,5.965443180663822,-10.114872461686703
BRZ-01140,0.027649707576856312,0.0,-0.2184092280693125,0.9988142292490119,5.363202079417716,-8.170257667548396
BRZ-01141,0.0,0.0,-0.7405343203177864,1.0,10.468917788439478,-8.04486994220932
BRZ-01142,0.0,0.0,-0.5263818592003058,1.0,1.0033692795409797,-10.022512624239148
BRZ-01143,0.0,0.0,-0.39903704658916367,1.0,1.0350846690506763,-11.775860967057376
BRZ-01144,0.0,0.0,-0.7938860563958776,1.0,7.60537264627668,-0.4306795183333317
BRZ-01145,0.05736007377452315,0.0,0.4871181495885545,1.0,3.184138460035682,-7.114093636278047
BRZ-01146,0.0,0.0,0.14417451655039323,1.0,3.1740776994383526,-8.852525705278287
BRZ-01147,0.0,0.0,0.7561285292766995,0.0,3.4972683056617084,-10.681854679805783
BRZ-01148,0.0,0.0,1.2567509866989914,0.9277536517962891,2.5404858150561997,-8.306965890276139
BRZ-01149,0.0,0.0,-0.9133863067368451,0.0,4.28106266832908,-15.448553683901114
BRZ-01150,0.007492387797147941,0.0,0.5472543732790991,0.8448207955888145,1.4614543469421883,-9.828895892876504
BRZ-01151,0.0,0.3205684958547178,-0.9405944300289006,0.0094749309119621,9.306939598870622,-12.94945528432669
BRZ-01152,0.0,0.0,-0.17791460659903216,1.0,7.673807417516993,-5.7967264126849685
BRZ-01153,0.0,0.0,0.7065412288678825,0.038446294094332145,0.0066319254175973156,-10.053285218261873
BRZ-01154,0.0,0.0,-0.2477898353480382,1.0,7.963869193829641,-7.2772552061223
BRZ-01155,0.0,0.0,-0.4430768755396744,1.0,5.0536366670770585,-8.965355521553242
BRZ-01156,0.0,0.0,-0.42121217576590236,0.7548514851485151,5.263508660070317,-9.812657602027171
BRZ-01157,0.0,0.0,0.790258768990637,0.9235919653406854,1.319313268396559,-7.776967280269734
BRZ-01158,0.059652926420158334,0.0,-0.011374407213965956,1.0,0.6376444307508142,-8.124754876714988
BRZ-01159,0.0,0.0,0.11668647889723625,1.0,1.0389138986552433,-9.475660043053837
BRZ-01160,0.0,0.0,0.6438655541199219,1.0,1.9282567360437577,-7.028114841716544
BRZ-01161,0.0,0.0,-0.5717774183716726,1.0,1.0869375973016633,-10.185389257275839
BRZ-01162,0.0,0.0,0.7671141420827804,0.37628053585500393,5.275459276246024,-10.844438931470016
BRZ-01163,0.0,0.0,0.3621200956519705,1.0,3.4500514832724347,-9.643078047449775
BRZ-01164,0.0,0.0,0.456583771041537,1.0,3.1786685693035266,-8.2607796068499
BRZ-01165,0.0,0.0,-0.42989062960465013,1.0,3.4596900692563586,-5.851123044565669
BRZ-01166,0.0,0.0,0.36586980007911135,1.0,3.1106337654807628,-8.50628315652253
BRZ-01167,0.0,0.0,-0.12984233869088346,1.0,3.443325259070216,-9.811194135162006
BRZ-01168,0.0,0.0,0.21548739438667824,0.0,1.522107426704476,-12.9867761425231
BRZ-01169,0.018779896967410104,0.0,0.060773321239175386,1.0,1.788078199478222,-8.562311565420805
BRZ-01170,0.0,0.0,-0.7125400409890887,1.0,2.5681138053660244,-10.209219628087547
BRZ-01171,0.0,0.0,1.0881277722077651,0.0,2.251255747612985,-9.394721158004494
BRZ-01172,0.0,0.0,-0.1831309769424483,1.0,4.917497492570849,-9.461428029748904
BRZ-01173,0.0,0.0,0.955388459357151,1.0,1.4287521793032896,-8.586431882683181
BRZ-01174,0.0,0.0,-0.304983094885447,0.9948616600790512,7.018016828217005,-9.93624279048822
BRZ-01175,0.0,0.0,0.24006247538301131,0.8226444972288204,1.8875438083102538,-8.801866797175306
BRZ-01176,0.0,0.0,-0.1093388893507765,0.19597791798107259,0.1022012638525256,-8.120538615120402
BRZ-01177,0.0,0.0,-0.16439806053006983,1.0,1.8538815930599373,-4.860907192357687
BRZ-01178,0.0,0.0,0.7751862561797447,0.0,0.2541424727369389,-8.504758123262366
BRZ-01179,0.0,0.0,-0.2966671309608841,0.9845483359746433,0.661883612346891,-10.039769926855211
BRZ-01180,0.0,0.0,0.05164913064555779,1.0,2.701975891153683,-9.429828724880648
BRZ-01181,0.0,0.0,-0.30675796384081094,0.0,3.2447745533162964,-13.101130405459168
BRZ-01182,0.0,0.0,0.41039346493281276,0.0,0.612071183275036,-9.041676466935444
BRZ-01183,0.0,0.0,0.36060452918115926,1.0,2.8313761459777296,-6.923052291231436
BRZ-01184,0.04625949691334734,0.0,0.2810595002763788,0.3753943217665615,1.6948854960158797,-9.746224698320049
BRZ-01185,0.0,0.0,0.08170514368409008,1.0,1.1360661295823018,-6.122295615184557
BRZ-01186,0.08303610014167177,0.0,0.3683193267749903,1.0,2.8095983796478983,-10.166257256172857
BRZ-01187,0.010730945569253253,0.0,0.42630794094690255,0.9604743083003954,0.8908838429134504,-8.593096308336175
BRZ-01188,0.0,0.0,0.05083174619144205,0.42817679558011046,4.650402919044284,-8.409664822840867
BRZ-01189,0.06087322989883631,0.0,-0.21923393937668498,1.0,2.487213401583042,-9.83827115863037
BRZ-01190,0.0,0.0,-0.21138233114034732,0.9948738170347003,8.910400821232692,-9.640959521199994
BRZ-01191,0.0033268785215796737,0.0,-0.7023800059644684,0.8347791798107256,1.578062355154712,-9.978089997444467
BRZ-01192,0.0,0.0,-0.056932184081279445,0.7445630684064848,2.4700339657923114,-11.356752102065624
BRZ-01193,0.02993036875013124,0.0,-0.47137733604465354,1.0,9.937596067393555,-9.075486922984092
BRZ-01194,0.0,0.0,0.3387463516856522,1.0,0.3613199856504833,-9.0213839929585
BRZ-01195,0.0,0.0,-0.12825441747819957,1.0,2.920050047751439,-8.725561173648885
BRZ-01196,0.0,0.0,0.2626988611267714,0.403391167192429,3.40477756741972,-10.777724109441332
BRZ-01197,0.002273398184155816,0.0,-0.5552394451747727,0.9944794952681388,2.5442045514376908,-10.144752784915992
BRZ-01198,0.0,0.0,0.03780217339267472,1.0,2.707532386020458,-9.475233570565269
BRZ-01199,0.01680808372889893,0.0,-1.0578855561024278,1.0,5.505659851742816,-8.309544739238541
BRZ-01200,0.0,0.0,-0.04792352019935341,0.0,4.472937294710373,-11.861946674891454
BRZ-01201,0.0,0.0,-0.09307583384923566,1.0,2.3460564630495,-9.852173073512356
BRZ-01202,0.0,0.0,0.9126809863369627,0.3695049504950495,4.931782209439359,-6.122950586345335
BRZ-01203,0.0,0.0,-0.5862188207110673,0.9873367629600317,6.35057364891777,-9.390049626842485
BRZ-01204,0.0,0.0,1.069140231861934,1.0,7.948377100081001,-8.941250264519194
BRZ-01205,0.0,0.0,1.1786580809341582,0.5537974683544304,1.8430086670052255,-7.774494102808765
BRZ-01206,0.0,0.0,-0.7975451607748825,1.0,1.2084100012126675,-8.932921687033897
BRZ-01207,0.0,0.0,0.06348291113326818,0.6569169960474309,7.710756220631264,-10.394003860145297
BRZ-01208,0.0,0.0,-0.4816342546925199,1.0,2.653730561739891,-9.576552650274513
BRZ-01209,0.0,0.0,-0.5981232404551221,0.48798739661283974,4.16598175833571,-12.997642487461967
BRZ-01210,0.0,0.0,-0.04048183043143204,1.0,3.49004772796827,-8.60123366252691
BRZ-01211,0.0,0.0,0.2861337697928348,1.0,9.273582916435409,-8.162184667370902
BRZ-01212,0.0,0.0,0.056852822928466454,0.9245059288537548,4.811032070067004,-6.729527180344483
BRZ-01213,0.0024097567481512904,0.0,0.6682824342154757,0.9542225730071036,3.8304508086279654,-8.35941442053213
BRZ-01214,0.0,0.0,-0.23684504391697933,1.0,1.8186591286148681,-6.438312601745896
BRZ-01215,0.0,0.0,-0.6814014938156973,0.0,1.6234379762638833,-13.940431450421322
BRZ-01216,0.0,0.0,0.03201529442481309,1.0,1.0679260230637955,-10.115011804994225
BRZ-01217,0.0,0.0,0.08497823422012138,0.14449269640742202,6.3342360035842615,-9.931781993913368
BRZ-01218,0.0,0.0,0.5105384744949648,0.06161137440758294,0.2423047751932611,-9.251226409774008
BRZ-01219,0.0,0.0,0.19876306917705333,1.0,2.6172977172776353,-8.148319400878908
BRZ-01220,0.0,0.0,0.13457829183469575,0.4370808678500986,0.9763601790178891,-8.721636262991295
BRZ-01221,0.0,0.0,0.015341315865865082,1.0,8.320198830321257,-9.607912109639834
BRZ-01222,0.0,0.0,1.1824533258434113,1.0,1.1200485661537087,-6.018622041903769
BRZ-01223,0.005636681719639812,0.0,-0.6153503019498372,1.0,3.4123083212639798,-8.19052430110368
BRZ-01224,0.0,0.0,-0.15414694783742036,1.0,3.763773433307025,-9.396227236568995
BRZ-01225,0.0,0.0,0.8654312511625942,0.0,1.6405495730623367,-11.404947451558508
BRZ-01226,0.0,0.0,-0.5154591057618232,1.0,7.386292234263106,-9.906004207134435
BRZ-01227,0.0,0.0,0.452704492817077,1.0,4.149605104098061,-7.83459252927361
BRZ-01228,0.04069061501341846,0.0,0.5859388149772992,0.8992094861660079,4.792358089405407,-11.167148899365433
BRZ-01229,0.0,0.0,0.8731925161374392,0.8634204275534442,3.2173261650691325,-7.885862258843009
BRZ-01230,0.0,0.0,-0.3565220408159614,1.0,4.321156386324786,-8.91464721616245
BRZ-01231,0.0,0.0,0.2446817541703787,1.0,1.8033625371559345,-9.684831667788371
BRZ-01232,0.0,0.0,0.002982194151128639,1.0,2.2174520680707435,-8.939757348614373
BRZ-01233,0.0,0.0,-0.006054690698685136,1.0,3.2317619732113814,-9.63407878591774
BRZ-01234,0.0,0.0,0.4065732300723892,0.7011448874851955,2.9616973434014215,-10.22605127824022
BRZ-01235,0.0,0.0,-0.6650143293625911,1.0,3.0286999941861006,-11.019959175019606
BRZ-01236,0.0,0.0,0.16663057382406057,0.2886516409648082,3.4961912162562045,-9.465658999476679
BRZ-01237,0.018960006100240193,0.0,-0.05895270554123979,1.0,4.484378487100723,-9.250626051477948
BRZ-01238,0.0,0.0,-0.4246147841090536,0.9794871794871796,1.8020683127878405,-8.51069421801586
BRZ-01239,0.006794319216702567,0.0,0.37297159840204064,1.0,1.9725207809490481,-8.700880157682455
BRZ-01240,0.0,0.0,0.30271108091484566,0.638482813117345,2.300868103555042,-11.533545557089845
BRZ-01241,0.0,0.0,-0.3851428682617101,1.0,1.695681658229128,-10.179079540594595
BRZ-01242,0.0,0.0,0.3638655502815052,1.0,4.531693543771058,-8.989557483316716
BRZ-01243,0.0,0.0,0.09658638032335164,1.0,2.951981085966215,-9.236197591850667
BRZ-01244,0.0,0.0,0.10839950342909471,0.0,16.88324865257902,-9.017117802593168
BRZ-01245,0.0,0.0,0.40453774869299647,1.0,3.867393046698249,-6.192188865311358
BRZ-01246,0.0,0.0,-0.5856757299256525,0.08625443087829854,1.8668064678968004,-10.63367967442024
BRZ-01247,0.0,0.0,0.09521875599391902,1.0,5.6898648803644205,-9.281898704882833
BRZ-01248,0.0,0.0,-0.7989504332943417,1.0,1.7760631514276801,-10.662521290605929
BRZ-01249,0.0,0.0,0.3452193067845433,0.9044233807266983,17.267686738000872,-9.538348252630126
BRZ-01250,0.0,0.0,-0.4714566594201577,1.0,1.1592850500511125,-10.151858603720697
BRZ-01251,0.0,0.0,-0.00982080402858474,1.0,0.7514522877368229,-8.103787081515799
BRZ-01252,0.003664765820613962,0.0,0.5228150121063676,1.0,0.05965186391657049,-9.604750330893065
BRZ-01253,0.0,0.0,-0.6489647171976456,0.310126582278481,1.5323154905489424,-13.107601564699518
BRZ-01254,0.0,0.0,0.08612571345060117,1.0,8.367889161302314,-7.707159577866839
BRZ-01255,0.0,0.0,0.6306485841179615,0.0,3.7690220904861595,-9.502839220047836
BRZ-01256,0.0,0.0,-1.0347990940049352,0.99170288423548,4.062618949525578,-8.556331526158099
BRZ-01257,0.0,0.0,0.6515631321014629,1.0,2.3220060807467675,-7.8567667843714055
BRZ-01258,0.0,0.0,-0.4328116059609879,1.0,3.0945090150236814,-9.01037814736801
BRZ-01259,0.0,0.0,-0.0799301321334336,1.0,5.6479013462732715,-10.421611288841051
BRZ-01260,0.0,0.0,-0.7708241918320313,1.0,7.99514959259175,-10.495444067821724
BRZ-01261,0.0,0.0,0.6719487059282169,0.0,2.0585345317144004,-11.792006460783579
BRZ-01262,0.0,0.0,0.881661033329781,1.0,0.7988888814302868,-8.945127806867259
BRZ-01263,0.0,0.0,0.032565599466421645,1.0,6.435025717266485,-7.453362342117638
BRZ-01264,0.0,0.0,-0.47851783537849496,1.0,0.16973495663327,-9.08960827932983
BRZ-01265,0.0,0.0,0.298215561398256,0.21301775147928992,0.766045074428551,-11.912870002016922
BRZ-01266,0.0,0.0,-0.5014500842546871,1.0,2.591225024449451,-8.848540606956545
BRZ-01267,0.0,0.0,-0.029856724254480264,0.0,0.21660873894165336,-7.765378676580818
BRZ-01268,0.0,0.0,0.574533527924659,0.5120315581854042,2.602538665307942,-10.348464214199215
BRZ-01269,0.0,0.0,-0.6818679737618284,0.9968329374505147,3.54112796008819,-7.911288071005294
BRZ-01270,0.0,0.0,-0.199941004105916,0.9972321075523922,0.10897204316977505,-10.254780422144856
BRZ-01271,0.0,0.0,-0.14332407780390877,0.18502377179080828,4.341658082085351,-7.122491010600921
BRZ-01272,0.0,0.0,0.14049992456900587,0.7777337559429479,17.495428692104717,-10.598777374617958
BRZ-01273,0.0,0.0,-0.07841897859686253,0.9015421115065244,9.616531661453278,-9.324742310221513
BRZ-01274,0.0,0.0,-1.2991901022605674,1.0,5.305952214517991,-9.228959680550606
BRZ-01275,0.0,0.0,0.28116315291470323,1.0,0.3778677866025209,-7.099425662573599
BRZ-01276,0.0,0.0,1.0883450307341442,0.0,2.306056994529905,-10.321572697342674
BRZ-01277,0.0,0.0,-1.2620851901595196,0.11832212109220422,0.9946412430721054,-10.262772856686778
BRZ-01278,0.0,0.0,-0.2697878508305042,1.0,10.971567122445805,-8.736934111889159
BRZ-01279,0.0,0.0,1.5766874768120496,1.0,1.1352346505005029,-7.71178929986844
BRZ-01280,0.0,0.0,0.08277516434325573,0.5200945626477541,4.672031150258443,-8.135464980292411
BRZ-01281,0.0,0.0,1.029544048931117,0.0,1.4245017174420351,-10.02776059704084
BRZ-01282,0.0,0.0,0.03635225033884942,1.0,1.768411369895694,-9.830457705788834
BRZ-01283,0.0,0.0,-0.27172596836398705,1.0,3.2351887913812107,-8.877497197684114
BRZ-01284,0.0003130425950714352,0.0,0.3894094633261425,1.0,8.255682897229345,-8.424595123627347
BRZ-01285,0.0,0.0,0.23266890177460378,1.0,4.421861451510825,-7.011947708836843
BRZ-01286,0.0,0.0,-0.058047584240402274,1.0,7.881928336109177,-9.264259729265488
BRZ-01287,0.023145138243637467,0.0,-0.5082602406583744,1.0,8.49562322679519,-8.38474460247977
BRZ-01288,0.0,0.0,-0.41852886745754786,1.0,6.763934804842132,-9.022442720902479
BRZ-01289,0.0,0.0,-0.47000159831005517,1.0,2.6108237294021994,-9.384993379311602
BRZ-01290,0.15112824468436173,0.0,0.16231024492216423,1.0,1.7427671696243836,-8.842407070817488
BRZ-01291,0.0008158638766617975,0.0,0.2330802499472444,1.0,2.835991427753083,-9.73537141277125
BRZ-01292,0.0,0.0,-0.8915794908856977,1.0,0.5712969343699476,-4.321459259497768
BRZ-01293,0.0,0.0,-0.4058880095331796,0.8172849250197316,4.772368583595709,-9.220549300967878
BRZ-01294,0.0,0.0,0.3947845493000185,1.0,12.419197612241872,-7.6960686835926735
BRZ-01295,0.04056014536329396,0.0,-0.22364645903262562,1.0,1.1818348006884214,-8.320677735461246
BRZ-01296,0.0,0.0,1.1507277740571396,0.07616416732438831,7.143789168401776,-6.784510800168161
BRZ-01297,0.000770313052248351,0.0,-0.7462817734137616,1.0,3.4964008983235115,-9.98293704738722
BRZ-01298,0.0,0.0,-0.19956657788258192,1.0,3.365222566791483,-9.44485917553965
BRZ-01299,0.0,0.0,0.36084881045014133,0.28260007927070946,3.9102235518331754,-10.86680031076312
BRZ-01300,0.0,0.0,-0.2709343731548207,1.0,3.7946290044828315,-9.348992377096444
BRZ-01301,0.0,0.0,-0.633608315918748,0.0,0.7895529188124629,-14.631094895746806
BRZ-01302,0.0,0.0,0.2390774551956038,0.0,7.08677293355093,-10.60777348191704
BRZ-01303,0.0,0.0,-0.0859077772564324,1.0,31.971516663625202,-9.562038398328255
BRZ-01304,0.0,0.0,-0.4517081123856631,0.0,2.13066576027161,-9.168060181018705
BRZ-01305,0.0,0.0,-0.42341101059291003,1.0,0.930330016647966,-10.178367574607973
BRZ-01306,0.0,0.0,0.28292219171805877,1.0,2.542230773004545,-9.028546994821124
BRZ-01307,0.0,0.0,0.6869362644812904,0.0,1.9788488812495029,-9.787785543430244
BRZ-01308,0.0,0.0,0.7287510983535296,1.0,2.5581244261340785,-9.491342103804039
BRZ-01309,0.05097197372847656,0.0,0.8733718792929405,0.6251968503937008,4.508442528486748,-9.484019814715
BRZ-01310,0.0,0.0,0.3568948127967325,1.0,3.0485865692217673,-8.000900919010109
BRZ-01311,0.0,0.0,0.697348934796705,0.5759842519685039,2.5416153694178667,-9.40222808131845
BRZ-01312,0.0,0.0,0.5450797177515372,0.0,12.702888336963895,-10.792689659562644
BRZ-01313,0.11124449843278897,0.0,-0.6041135716665313,1.0,1.9355925148271493,-10.738516586103609
BRZ-01314,0.04377585881678075,0.0,0.2906489541426371,0.3005917159763314,2.5534915210211637,-9.065228468840877
BRZ-01315,0.006942784454956461,0.0,-0.6419372156090378,1.0,4.512842248748405,-9.867896370651835
BRZ-01316,0.0,0.0,0.7984673736737502,0.11154907370910525,3.3379987643265108,-11.45778672967258
BRZ-01317,0.0,0.0,-0.28768421691857954,0.8527898694103682,2.4875716120715308,-11.437778134471849
BRZ-01318,0.0,0.0,-1.025445580092399,1.0,7.397939129105188,-9.607994139856286
BRZ-01319,0.0,0.0,0.7862755741312674,0.975870253164557,2.3821127300108533,-8.033212768495165
BRZ-01320,0.0,0.0,0.7914307089430145,0.0,6.293319135980881,-12.816359141073885
BRZ-01321,0.0,0.0,-0.2838417758945003,1.0,5.373965118015967,-8.863096791751522
BRZ-01322,0.0,0.0,-0.01003918311934577,1.0,1.1210163196641882,-9.421927422260458
BRZ-01323,0.001498588443368296,0.0,-0.08380212879090133,1.0,1.2745713783765442,-6.388484325546374
BRZ-01324,0.05003003285139176,0.0,0.5401305333776001,1.0,0.15893850310972799,-4.816117005891897
BRZ-01325,0.0,0.0,0.3369764039990918,1.0,3.6771136347357047,-8.675990868908992
BRZ-01326,0.0,0.0,-0.4445157605702994,1.0,3.161394815645811,-7.163677974479905
BRZ-01327,0.0,0.0,0.700559674479994,1.0,1.2543794587866068,-8.865939739880814
BRZ-01328,0.0,0.0,0.1421271831980084,1.0,6.81985044699632,-9.5891645110025
BRZ-01329,0.0,0.0,0.5437193758396173,0.0,2.7087342527255034,-11.22122550143878
BRZ-01330,0.0,0.0,0.2155159754592,0.0,3.7355297497572497,-10.255751180941944
BRZ-01331,0.0,0.0,0.01828806951637514,1.0,1.4986869496777588,-7.269930142162222
BRZ-01332,0.004113437607884407,0.0,-0.41431332189672215,0.8496835443037974,1.62432611913002,-10.791913901763571
BRZ-01333,0.0,0.0,0.6324306821888387,1.0,0.7114536113078139,-7.955353940031429
BRZ-01334,0.0,0.0,-0.16207223545700758,0.002368732727990525,6.551451734348452,-9.159815921964977
BRZ-01335,0.0,0.0,0.30160457879234565,0.9913317572892041,5.451774456224555,-5.462989671333965
BRZ-01336,0.0,0.0,0.5476283875683926,0.0,2.366931070643256,-9.319370090008292
BRZ-01337,0.0,0.0,0.3524499262358472,0.0,11.286197436111303,-9.827327698211668
BRZ-01338,0.0,0.0,1.0593349801049499,0.7584846093133386,1.3926128988946136,-8.402041566000294
BRZ-01339,0.0,0.0,0.21929172753952564,0.0,1.5595027888160238,-10.637054121758004
BRZ-01340,0.0,0.0,-0.12247750067323966,0.8113879003558717,0.4338145635001655,-9.777165255405487
BRZ-01341,0.0,0.0,-0.3900266598611907,1.0,7.393223097806888,-6.958034925419061
BRZ-01342,0.0,0.0,0.21332442465843715,1.0,6.815979901747874,-9.41258178930404
BRZ-01343,0.0,0.0,-0.9024307485346602,0.0,5.279364941905487,-11.467980404719356
BRZ-01344,0.0,0.0,-0.010020416871437147,1.0,11.951703525148947,-8.48910754274961
BRZ-01345,0.008859285555325704,0.0,-0.8965737746537065,1.0,2.726887665153226,-10.47605315793833
BRZ-01346,0.04710436094615419,0.0,-0.455533978550058,1.0,7.017663671410741,-9.581104491060843
BRZ-01347,0.0,0.0,-0.13472242028229928,0.0,11.256142812693044,-12.925874477689403
BRZ-01348,0.0,0.0,-0.08298880078556957,1.0,2.8307726777795263,-9.421213984396724
BRZ-01349,0.0,0.0,-0.18397342650942144,0.7998420844848007,5.369802923840095,-6.576812353153329
BRZ-01350,0.0,0.0,-1.0874063271494143,1.0,4.809773577902252,-8.925568809705771
BRZ-01351,0.0,0.0,-0.5989472594309309,1.0,3.7850133082998196,-7.450810364411545
BRZ-01352,0.0,0.0,0.6008187054948555,1.0,0.0,-7.890936794993842
BRZ-01353,0.0,0.0,0.1207018830133372,0.0,2.363679973504556,-10.513152530012604
BRZ-01354,0.0,0.0,-0.16104351833214348,1.0,8.962975185092844,-8.844901255413308
BRZ-01355,0.002742150542206965,0.0,-0.588401038966798,0.8529759558533699,1.0909380067016818,-11.60365068147966
BRZ-01356,0.0,0.0,0.08101419047964468,1.0,0.1888605090075012,-8.284579172384195
BRZ-01357,0.0,0.0,-0.4417290950426365,1.0,0.03241949125900571,-8.14861677900248
BRZ-01358,0.0,0.0,1.2101831820432223,1.0,0.8754984269437333,-7.053958390128046
BRZ-01359,0.0,0.0,0.6423908879448539,0.6835443037974686,12.259675899193832,-9.543811416443116
BRZ-01360,0.0,0.0,-0.18354542871615742,0.9279493269992085,11.427088671183672,-9.544486670450222
BRZ-01361,0.011175212862405347,0.0,-0.7263831240517966,1.0,8.325472209186726,-10.695449158151275
BRZ-01362,0.0,0.0,-1.296559165269999,0.6307692307692307,7.176564609724477,-10.280072401466656
BRZ-01363,0.0,0.0,-0.1992706618147597,0.0,1.2717953632392809,-11.833959825812189
BRZ-01364,0.0,0.0,-0.011248246590620448,1.0,3.9417961081830337,-8.942206020528298
BRZ-01365,0.0,0.0,0.3411683333068085,1.0,0.3605684315412172,-0.7548547628160032
BRZ-01366,0.014774268048938057,0.0,-0.6446065456854781,1.0,6.321292551996359,-10.114100050207423
BRZ-01367,0.0,0.0,-0.3830139232729256,0.944794952681388,24.654940598520522,-9.875673258815748
BRZ-01368,0.0,0.0,0.04901934958316052,0.9361198738170348,7.7548645553729365,-10.334764598352715
BRZ-01369,0.0,0.0,-0.3403017367623124,1.0,5.802621126942982,-7.06411970024332
BRZ-01370,0.0,0.0,0.8205270416020756,1.0,3.389985449583108,-8.833216292915866
BRZ-01371,0.0,0.0,0.041856814563470984,1.0,1.806791669307823,-10.573279890287584
BRZ-01372,0.0,0.0,-0.22714049319398252,0.6578636184469848,3.6640137438473457,-10.17209950909416
BRZ-01373,0.0,0.0,1.3125145930412445,1.0,4.92126,-7.519008240217099
BRZ-01374,0.0,0.0,-0.1356784121378483,1.0,1.61498575078249,-8.661319252028372
BRZ-01375,0.0,0.0,-0.49817479512963686,1.0,1.1854637889660242,-8.273376789401526
BRZ-01376,0.0,0.0,-0.06533995006101098,1.0,7.468019123305673,-9.499189718903976
BRZ-01377,0.0,0.0,0.4252054556918079,1.0,2.3856293731347864,-9.246049974623487
BRZ-01378,0.5026561251460073,0.0,0.4941134733133764,0.7812376823019316,3.9102416364888284,-9.588541493804025
BRZ-01379,0.137341200107188,0.0,0.19120561176877723,0.735514387071344,0.3957196963799295,-8.025894268201947
BRZ-01380,0.0,0.0,-0.007973963366308465,1.0,0.8796919125120948,-7.86884386142202
BRZ-01381,0.0,0.0,-0.036421302163296164,1.0,14.450630413563578,-9.786584498519197
BRZ-01382,0.0,0.0,0.13265464562365054,1.0,1.9929367892559466,-8.180994488283984
BRZ-01383,0.1419611902178885,0.0,-0.5445849489406186,1.0,4.835875466413108,-10.161321563666306
BRZ-01384,0.0,0.0,0.019490066808156625,1.0,1.967212313842713,-9.519332274089603
BRZ-01385,0.0,0.0,-0.6714458970546423,1.0,0.9887807324632875,-4.4190675655758165
BRZ-01386,0.004345471776220241,0.0,0.20397395431767482,0.12183544303797467,2.757567793766154,-8.708408965001526
BRZ-01387,0.0,0.0,0.6902822921905024,1.0,0.010612491213285006,-10.782041229766925
BRZ-01388,0.0,0.0,-0.5055520993127124,1.0,0.5638032831940627,-10.077008899527891
BRZ-01389,0.0,0.0,-0.40936777427282667,1.0,5.814605651538714,-9.556002057872336
BRZ-01390,0.0,0.0,-0.01558119804096342,1.0,3.9592419739889895,-8.57540922292464
BRZ-01391,0.0,0.0,-0.10006399845783677,1.0,3.397449393151308,-9.144864878240138
BRZ-01392,0.0,0.0,-0.3909034050339477,0.0,9.869167316560002,-12.874703494800176
BRZ-01393,0.0,0.0,-0.2060387650086876,1.0,16.796221358675293,-10.002878402505726
BRZ-01394,0.0,0.0,0.5040724097571578,0.9834384858044165,1.6564635581561673,-10.971253873773309
BRZ-01395,0.0,0.0,0.07539836435534975,1.0,2.4147843189581404,-9.090444698673938
BRZ-01396,0.0,0.0,0.015868591595461768,0.440443213296399,4.995261802410948,-10.809294804146878
BRZ-01397,0.0,0.0,0.27835739460261605,0.9453681710213778,2.903399324427354,-7.502584139442334
BRZ-01398,0.0,0.0,-0.6563391713549731,0.5685419968304277,3.4720472493065286,-11.135254498229598
BRZ-01399,0.0,0.0,-0.1421320960531376,0.0,2.7399046359851185,-7.748225020404361
BRZ-01400,0.0,0.0,-0.19981713150692093,0.765217391304348,0.05083368561867575,-10.594632651179541
BRZ-01401,0.0,0.0,-1.276636569941469,1.0,1.193926520320871,-9.550259386218247
BRZ-01402,0.0,0.0,0.7015830593769543,1.0,3.344208334766068,-9.25159460674706
BRZ-01403,0.0,0.0,0.1937812086651657,0.8886255924170616,1.1862633494447046,-9.409896649463608
BRZ-01404,0.0,0.0,-0.18868586816351104,0.22499011466982996,2.090969655437869,-9.749632347410563
BRZ-01405,0.0,0.0,0.8946352160412276,0.0,1.2276022056224594,-9.919889506532073
BRZ-01406,0.0,0.0,0.14069247035590512,0.0,26.052814342759827,-11.629259022253846
BRZ-01407,0.0,0.0,-0.06476146205025213,1.0,12.258130722038887,-8.05255767313212
BRZ-01408,0.0,0.0,0.17657606643876111,0.31645569620253167,4.282615196792325,-5.357380755747161
BRZ-01409,0.0,0.0,-0.19025382137027913,1.0,1.682876982908834,-9.008591672790631
BRZ-01410,0.0,0.0,-0.14509440490387018,1.0,7.016158171425076,-8.409172595430489
BRZ-01411,0.0,0.0,-0.03435918088877665,1.0,4.195203484222232,-9.234360058671914
BRZ-01412,0.0,0.0,-0.42884838391470165,1.0,2.476940502439256,-9.524620863587971
BRZ-01413,0.0,0.0,-0.6475153226279828,1.0,3.6368274329467063,-8.446470417530128
BRZ-01414,0.0,0.0,-0.6639470161127917,1.0,2.9966384214035475,-10.452151755907888
BRZ-01415,0.0,0.0,-0.4446244248887977,1.0,5.142880866580285,-9.5282080707071
BRZ-01416,0.0,0.0,-0.2830056154984182,0.5999208547685002,3.630474311118086,-7.994040592502469
BRZ-01417,0.0,0.0,0.29725312535387,1.0,0.7759685581261022,-5.851990404710031
BRZ-01418,0.0,0.16106054610209736,-1.3659600699078074,0.0,0.6758927608153353,-15.377340626415648
BRZ-01419,0.0,0.0,-0.23816819138929854,1.0,3.417638768485587,-8.34127381670288
BRZ-01420,0.0,0.0,0.4362720239555385,0.7270569620253164,2.2407817341334306,-7.986226843651819
BRZ-01421,0.0,0.0,-0.06515942860952953,0.9463087248322146,4.708460840810361,-7.753890113727976
BRZ-01422,0.0,0.0,-0.7081025474492894,1.0,4.154132367277056,-9.26893099085891
BRZ-01423,0.0,0.0,0.4873018359541912,0.3588328075709779,1.9582864798405941,-8.938346540232986
BRZ-01424,0.0,0.0,-0.4126977965661857,1.0,3.555428877323718,-9.539462451419316
BRZ-01425,0.10425738850626808,0.0,0.3969278311241483,1.0,6.289675463934166,-8.956133231393954
BRZ-01426,0.0,0.0,-0.2809458056105641,1.0,2.9189453517690347,-11.141207521331658
BRZ-01427,0.0,0.0,-0.039794962550910945,0.656533754441374,2.643842719283107,-8.94776436859935
BRZ-01428,0.0,0.0,-0.15997993348853737,1.0,8.068121512859035,-9.432104130152759
BRZ-01429,0.0,0.0,-0.05481330454503391,0.7337816455696202,0.3635153439741799,-10.833502982624527
BRZ-01430,0.0,0.0,0.5377837299702646,0.725940594059406,7.755387139196294,-9.656883528178883
BRZ-01431,0.0,0.0,-0.0718034611096521,0.5462816455696202,5.482817636799873,-7.960314102541388
BRZ-01432,0.0,0.0,-0.39968500611223157,1.0,2.30488048025086,-9.471775214028902
BRZ-01433,0.0,0.0,-0.40429577159434515,0.9988179669030733,5.9872051613138995,-8.532516557434466
BRZ-01434,0.0,0.0,-0.41248007992063307,0.7427779976256431,4.507486273317116,-10.96433432542925
BRZ-01435,0.0,0.0,0.6072862297815804,1.0,2.4778227825593464,-8.701291711878518
BRZ-01436,0.0,0.0,-0.06222218905320393,0.9909198578760363,5.159971157323761,-8.758240117218223
BRZ-01437,0.0,0.0,-0.4892725368689458,0.7200787401574802,2.058793232616275,-9.460743506404249
BRZ-01438,0.0,0.0,-0.5579755384621717,1.0,0.5788065518119282,-9.925340613348386
BRZ-01439,0.0,0.0,0.37259766723051463,1.0,3.9395968148189207,-7.411868248974404
BRZ-01440,0.0,0.0,-0.30904435586729734,1.0,12.044113862754296,-7.534098068909087
BRZ-01441,0.0,0.0,-1.1429886815275208,1.0,3.497270878833152,-6.1103249624542055
BRZ-01442,0.0,0.0,0.42965930901778304,1.0,14.695098938762992,-8.60095529372631
BRZ-01443,0.0,0.0,0.3313922629375886,0.7524635396137169,1.8698343426902813,-9.026930835444785
BRZ-01444,0.0,0.0,1.0070056595587868,0.0,1.5463080286681332,-8.25561121328767
BRZ-01445,0.0,0.0,0.3399728833316692,0.8686189157103285,4.063591809584235,-7.623647056619648
BRZ-01446,0.0,0.0,0.18244145855217905,1.0,3.668635990175352,-9.728204980070736
BRZ-01447,0.0,0.0,0.07623094282982568,0.9576740506329112,4.884664145019146,-6.876401067505461
BRZ-01448,0.00936603505369716,0.0,-0.7281917645096996,1.0,4.557917873781159,-8.613194857286304
BRZ-01449,0.0002987872785668268,0.0,-0.708554401862206,1.0,0.20531197023906164,-10.029386574469926
BRZ-01450,0.12217959634701162,0.0,1.3435363353263554,1.0,15.194324956664557,-7.436370289569784
BRZ-01451,0.0,0.0,-0.23852228272105774,0.8212732305258996,5.0352946186237935,-9.852967935696824
BRZ-01452,0.0,0.0,-1.0426181441039437,1.0,5.315660868829758,-6.6606192443291885
BRZ-01453,0.0,0.0,1.4168910117592932,1.0,11.153048556230596,-4.494528972554437
BRZ-01454,0.0,0.0,-0.3889579222686799,0.4938807737860244,1.9806812669981586,-10.183594298757008
BRZ-01455,0.0,0.0,-0.09537787834591145,0.6417027985810012,1.3772544737879389,-10.118073332047606
BRZ-01456,0.0008441349332875544,0.0,0.4317229370686068,1.0,2.759803905292292,-10.128755914699537
BRZ-01457,0.0,0.0,-1.1846632400730988,0.7256532066508314,2.3238658256413576,-10.047055301689886
BRZ-01458,0.0,0.0,0.1667552110264301,1.0,2.3909765127008593,-9.43029848650783
BRZ-01459,0.025726563867027236,0.0,0.2173771780191892,1.0,0.0,-8.880142540903783
BRZ-01460,7.870938590688789e-05,0.0,0.607066549998636,0.8871349644830308,0.9275473835466563,-9.49453467895248
BRZ-01461,0.0010795580033918482,0.0,0.19405167777739415,1.0,1.2322965375187256,-9.614709846003299
BRZ-01462,0.0,0.0,-0.15568420656301526,0.7087110760741032,0.6941885563824767,-10.133397305827899
BRZ-01463,0.0,0.0,-0.3381782055932959,1.0,14.848708915890631,-9.857208876993917
BRZ-01464,0.0,0.0,0.552648451580716,1.0,1.9423866363180333,-4.698901134172433
BRZ-01465,0.0,0.0,-0.08970523993468983,1.0,0.5016218482904483,-9.034606288500518
BRZ-01466,0.0,0.0,0.4596125483372945,0.0,1.7943538607780252,-10.786421714071867
BRZ-01467,0.0,0.0,0.36258660823842515,0.0,4.206436152693623,-10.83908337696485
BRZ-01468,0.0,0.0,0.3726615267210685,1.0,15.541607961492984,-8.354365129115665
BRZ-01469,0.0,0.0,-0.0027923059423661705,0.4226519337016575,2.473964054609448,-8.894439185847538
BRZ-01470,0.0,0.0,1.3956566321535155,1.0,2.812446648105123,-7.9240354229278065
BRZ-01471,0.0,0.0,0.7467653331514882,1.0,1.8791682399007903,-8.365627339184654
BRZ-01472,0.0022093728772748992,0.0,0.716323042852368,0.8046566692975532,8.187341625887232,-4.017925855593891
BRZ-01473,0.0,0.0,-0.5993225357413545,1.0,1.018377825458608,-9.790785173947548
BRZ-01474,0.0011504353103240802,0.0,0.878959809334506,1.0,2.497793920232788,-7.434637500223565
BRZ-01475,0.0,0.0,-0.07409007025856601,0.857311785573512,2.258182908219611,-8.315109713574662
BRZ-01476,0.0,0.0,-0.688692339395029,1.0,2.8938236166877007,-10.649422291378476
BRZ-01477,0.002147690451975111,0.0,0.6298616812101665,0.5454905063291141,3.5912728380770633,-8.695451041727257
BRZ-01478,0.0,0.0,1.1617071623086934,0.0,5.802661480922429,-9.770330327101048
BRZ-01479,0.0,0.0,-0.11554260845894694,0.8955870764381401,1.7460325612942191,-10.564088310015038
BRZ-01480,0.0,0.0,0.35020692674137965,1.0,0.7382229097925953,-8.599007344526546
BRZ-01481,0.0,0.0,-0.4816738230115757,1.0,0.4985284927680318,-8.36748308974421
BRZ-01482,0.0,0.0,0.5908839889169866,0.0,1.7739400469454834,-11.39120017002827
BRZ-01483,0.0,0.0,0.021106801850074703,1.0,2.7122537695097395,-9.380367369245736
BRZ-01484,0.0,0.0,-0.17114153389718884,1.0,4.060363540562148,-9.60813946124334
BRZ-01485,0.0,0.0,0.44715022377408714,1.0,1.983144192606156,-10.025159658776635
BRZ-01486,0.0,0.0,-0.9601186200309624,0.0,6.17631042056681,-12.808559141455136
BRZ-01487,0.0,0.0,0.19738143007220033,0.300276570525484,0.3280852515411377,-12.221749727553966
BRZ-01488,0.0,0.0,0.7038701769883356,0.8297201418998819,0.9854141972812087,-8.663873703696352
BRZ-01489,0.0,0.0,0.562320809656656,1.0,7.607405116140061,-8.821707315261685
BRZ-01490,0.0,0.0,1.135370573719352,0.23925896728419396,4.093747916037591,-9.608446869154156
BRZ-01491,0.0,0.0,1.0031362786212075,0.0,1.732978900931879,-8.035905467869231
BRZ-01492,0.0,0.0,-0.42988724760963964,1.0,0.31848908212847205,-9.947732800919328
BRZ-01493,0.0,0.0,0.5506762883374596,1.0,4.254598970894887,-8.074093274276311
BRZ-01494,0.0,0.0,0.30253597994599013,1.0,14.173460911929231,-8.058645170893012
BRZ-01495,0.0,0.0,0.45164733436437654,0.0,2.9566343385997316,-8.494526392800571
BRZ-01496,0.011430900751625233,0.0,-0.5241776648873431,1.0,10.03399809627284,-9.495529457706942
BRZ-01497,0.3871106938056692,0.0,0.29303776029197953,1.0,1.7875722869557642,-10.256349288160097
BRZ-01498,0.0,0.0,-1.1356104491335368,0.7154181529924691,1.3123347484588623,-13.067507400862196
BRZ-01499,0.0,0.0,-0.2007000068169798,0.0,3.6684224417226394,-11.425946298693843
BRZ-01500,0.0,0.0,-0.6745044628524178,0.982990506329114,1.9319071934914294,-10.306794188977959
BRZ-01501,0.0,0.0,0.7399190703685157,0.670082774931021,0.3222658442414329,-8.882711383028287
BRZ-01502,0.0,0.0,0.010311045483567148,1.0,2.3839054353542513,-7.366363299000165
BRZ-01503,0.0,0.0,0.14024487151889034,1.0,11.034595709499271,-9.04938516162596
BRZ-01504,0.0,0.0,0.4517187530423095,0.8355132778438369,10.07632732730979,-8.93128466368387
BRZ-01505,0.04925160172942877,0.0,0.7144438957909582,1.0,3.7896137882471215,-10.252227955294087
BRZ-01506,0.0,0.0,0.2839696962374948,1.0,4.631873849459376,-9.55444711095405
BRZ-01507,0.0,0.0,-0.9815793741702412,0.8020545239035954,3.0291051787439627,-10.412056496925299
BRZ-01508,0.0,0.0,-0.09576760151860046,0.4465483234714004,1.0928409719973833,-9.083019160477171
BRZ-01509,0.0,0.0,0.17255204996512077,0.8701144887485198,0.8882740247048291,-9.740660108811408
BRZ-01510,0.0,0.0,-0.051536078910249083,1.0,1.7602616425479989,-8.777519930271106
BRZ-01511,0.001196363668862345,0.0,-0.15953506577501783,1.0,4.517564797076772,-8.982509406243437
BRZ-01512,0.0,0.0,-0.7917066310978084,1.0,7.7955616449022855,-9.796679347063343
BRZ-01513,0.0,0.0,0.0005361975274315314,1.0,1.9891964774956439,-8.739185440960503
BRZ-01514,0.000920476259495975,0.0,0.1972315776157186,0.5430489731437598,1.982496789455203,-8.64714275195189
BRZ-01515,0.0,0.06587771203155819,-0.6079850838478423,0.2927021696252466,8.919227537470954,-12.340913400820664
BRZ-01516,0.0,0.0,-0.11072474764061023,1.0,5.235841991859984,-9.871743423281435
BRZ-01517,0.0,0.0,-0.10513487996368835,0.46166007905138334,1.216113698402133,-9.09298608977839
BRZ-01518,0.0,0.0,-0.06732933318018684,1.0,4.883424304966437,-4.244634736784962
BRZ-01519,0.0,0.0,0.3326544099830702,0.0,5.219304811879484,-11.870157723290227
BRZ-01520,0.0,0.0,-0.24241115578131392,0.968429360694554,0.4839691132324327,-9.11754109297077
BRZ-01521,0.04496461718897276,0.0,-0.20851417942527606,1.0,1.898164815174145,-8.615382265319882
BRZ-01522,0.024819203938380316,0.0,0.7076043950135507,0.9696132596685082,4.103768921262203,-8.641610983833706
BRZ-01523,0.0,0.0,-0.07119531850892438,1.0,0.5618181546508669,-8.528173678182728
BRZ-01524,0.05050123951323594,0.0,-0.20459504284482619,0.8413575374901342,4.101701460747329,-9.546611047324934
BRZ-01525,0.0,0.0,-0.02035240732566754,0.4807086614173229,5.2472760056537435,-9.916343622544973
BRZ-01526,0.0,0.0,-0.23523119550159746,0.8117833135626731,4.353697463828857,-9.550958403213835
BRZ-01527,0.0,0.0,-0.3929783933236554,1.0,24.709427059111,-9.181650529491007
BRZ-01528,0.0,0.0,0.7111085596549255,0.0,2.4437418569363625,-9.739637932512599
BRZ-01529,0.0,0.0,-0.6271828695022087,0.0,5.6768939623175765,-13.366014908982848
BRZ-01530,0.0,0.0,0.40793299942893246,0.864104595879556,8.289452766564214,-10.761198095751617
BRZ-01531,0.0,0.0,-0.23817553349491435,0.0,1.3304770383733595,-8.695742524599584
BRZ-01532,0.0,0.0,-0.3410964055421904,1.0,1.359111886579397,-7.058670176729713
BRZ-01533,0.0,0.0,0.47196535103469894,1.0,4.009483965442323,-6.151952341304103
BRZ-01534,0.0,0.0,1.1769089864431967,0.0,1.0911545758561056,-11.493976344462155
BRZ-01535,0.0,0.0,-0.8868273391204282,1.0,7.2941902729913295,-11.01921280859836
BRZ-01536,0.0,0.0,-0.08849266852450302,0.697472353870458,1.2668550953969306,-10.567546357316
BRZ-01537,0.0,0.0,0.27261005303240615,0.0,12.18760446628641,-12.612247103197777
BRZ-01538,0.08150416258282549,0.0,0.8768371203379528,1.0,4.215361340313498,-7.719332230461606
BRZ-01539,0.0,0.0,-0.2465959096458649,1.0,0.320160949874721,-8.984458169142334
BRZ-01540,0.0,0.0,-0.3387488232160429,1.0,5.8355618652520285,-8.25244706155535
BRZ-01541,0.0,0.0,-0.1749562297105919,0.9830708661417323,2.9517234391427833,-8.615628851236421
BRZ-01542,0.0,0.0,-0.6942252288275221,1.0,0.5910432623020276,-10.816642559683174
BRZ-01543,0.0,0.0,0.14239074044614544,1.0,1.8937531252376947,-8.425814306913603
BRZ-01544,0.0029072944335801635,0.0,-1.3543017716856558,0.7380292837356547,2.1833770723961368,-8.617311528457675
BRZ-01545,0.07046638738450957,0.0,0.8220253397085231,0.999208547685002,4.01218318735522,-8.693102653144704
BRZ-01546,0.0,0.0,0.34765389414304754,0.8997622820919176,4.098968226933427,-8.847471780706957
BRZ-01547,0.0,0.0,0.5702681668707474,1.0,2.376834068696277,-9.300157588962454
BRZ-01548,0.0,0.0,1.3310318271907253,1.0,6.052360839216835,-7.797616592839587
BRZ-01549,0.0,0.0,-0.43800534101049027,0.08606395578365575,2.3060411827169025,-12.80406249468463
BRZ-01550,0.0,0.0,-1.0812917801377413,0.8329383886255924,2.0770895488521472,-8.364955631595684
BRZ-01551,0.0,0.0,0.64033085539928,0.0,2.0597393330062195,-10.707037695961061
BRZ-01552,0.0,0.0,1.1076464384801288,0.9225602528644804,2.559597625544143,-9.825418721484805
BRZ-01553,0.011234195712697195,0.0,-0.3008401480907035,1.0,1.553527049610987,-10.328758922287454
BRZ-01554,0.0,0.0,-0.08926116241610585,0.9374257425742573,0.2460945958375534,-9.336213464897197
BRZ-01555,0.0,0.0,-0.015473222171317018,1.0,2.0926201998576803,-8.535207890779498
BRZ-01556,0.0,0.0,-0.5088736595872914,1.0,0.2356622621579843,-9.870613295481574
BRZ-01557,0.0,0.0,0.3559245030956528,0.0,1.915981771316408,-10.43858261304273
BRZ-01558,0.0,0.0,-0.22549409750868768,1.0,1.3000360354537177,-7.458849024402791
BRZ-01559,0.0,0.0,0.5723964096461018,0.8821668643732701,1.352032039846177,-8.021382214815459
BRZ-01560,0.0,0.0,-0.47426196903743717,0.0,0.8191781596050808,-11.837309534996615
BRZ-01561,0.0,0.0,0.6917425641345509,0.0,7.19523447941441,-8.701260257465442
BRZ-01562,0.012035119841452974,0.0,2.2042215110817485,1.0,3.536982416849185,-6.212509461418212
BRZ-01563,0.09160680807008753,0.0,-0.1100419542884246,1.0,2.7349389360444736,-9.057780242754625
BRZ-01564,0.0,0.0,-0.04938766101109674,1.0,2.8959168201549805,-8.408563860106659
BRZ-01565,0.0,0.0,-0.20471318652819676,0.8143026471750298,20.72282652530292,-9.260051555864717
BRZ-01566,0.0,0.0,-0.9598797012794226,1.0,10.093822453199587,-9.160760419928025
BRZ-01567,0.03526600228376407,0.0,0.3110120330945304,0.7226824457593688,3.2716476648533077,-9.376378090447314
BRZ-01568,0.0,0.0,-0.26532705469397183,1.0,0.9998962400487376,-9.606447770489996
BRZ-01569,0.34971105044309886,0.0,0.22555805450679173,1.0,5.135071271098915,-7.9795160723951915
BRZ-01570,0.5267038241081856,0.0,0.3421610774236609,1.0,2.8496682072148314,-10.020230586612216
BRZ-01571,0.0030519795063389215,0.0,2.104993555785819,0.8907795805302733,3.2382514467860872,-8.854013905003667
BRZ-01572,0.0,0.0,0.4689871567103227,1.0,0.8023307278609003,-11.14054738150697
BRZ-01573,0.0,0.0,0.8955968195636754,0.0,2.382887808582432,-10.766413436636263
BRZ-01574,0.15721239165767378,0.0,1.479879898965784,1.0,1.096034905488146,-8.823290756878297
BRZ-01575,0.0,0.0,-0.25634680091868156,1.0,2.6435609576601333,-4.252941680097763
BRZ-01576,0.007156111521120829,0.0,-0.10551952243503868,1.0,7.715364508030073,-8.48102093554239
BRZ-01577,0.0,0.0,0.3334171683999256,1.0,2.3544365419217628,-9.573675746677177
BRZ-01578,0.0,0.0,-0.6283300937145072,0.22318611987381703,2.293350842457419,-9.011361301545929
BRZ-01579,0.0,0.0,0.3015854589683933,0.0,0.4713556158235991,-8.964424517247634
BRZ-01580,0.0,0.0,-0.3647343222427458,0.10340729001584789,4.566658335465675,-9.423930447042746
BRZ-01581,0.014053771883355427,0.0,-0.3574226641445315,1.0,3.7279701185512497,-10.07516075908897
BRZ-01582,0.0,0.0,0.40591203565095574,0.9948596283115856,0.0937935858332286,-9.815324316811452
BRZ-01583,0.0,0.0,0.8210140982048673,0.0,0.3014993518226231,-10.565729511336594
BRZ-01584,0.0,0.0,0.17756949660897325,1.0,3.3403035647601653,-8.574404100229824
BRZ-01585,0.0,0.0,-0.5044584713988973,1.0,1.0136461485595825,-9.512822433491564
BRZ-01586,0.006010049016129041,0.0,-0.15831248138294304,1.0,4.006815254418123,-7.989339896328521
BRZ-01587,0.0,0.0,0.10382461034661877,0.5672583826429981,13.811755302784757,-9.59409955409543
BRZ-01588,0.0,0.0,-0.33511978480594357,1.0,4.147683996495872,-8.058777713904187
BRZ-01589,0.0,0.0,-0.8283466064737812,1.0,5.880514735644251,-9.179926952621491
BRZ-01590,0.007601590420525313,0.0,-0.024356241947920285,1.0,5.293163452420248,-10.910775452117889
BRZ-01591,0.0,0.0,-0.34339381235229266,1.0,0.932224889362433,-8.279882827166867
BRZ-01592,0.0,0.0,0.06802423948782851,0.17944664031620552,1.6328984554217796,-9.92664678369424
BRZ-01593,0.0,0.0,-0.3056724846551418,1.0,3.363962749472003,-9.292076026006203
BRZ-01594,0.0,0.0,-0.33783381994264083,1.0,0.509388505922088,-10.812703284490906
BRZ-01595,0.0,0.0,0.488006686883478,1.0,2.9216751552486917,-8.816934959956852
BRZ-01596,0.0,0.0,-0.513850672873923,0.0,2.8643519473486667,-12.038844129095745
BRZ-01597,0.0,0.0,0.16223263265299412,0.5844207196520363,3.204818664530207,-9.603333823649281
BRZ-01598,0.0,0.0,-0.09258371165939064,0.5116831683168317,1.51970891674847,-10.384014981186196
BRZ-01599,0.0,0.0,0.7120837866798587,0.36603624901497234,0.4611006265738557,-9.911090843498995
BRZ-01600,0.0,0.0,0.29706757684027524,1.0,1.9756328277883413,-8.889806354741534
BRZ-01601,0.0,0.0,0.46767359962695115,0.3837025316455697,4.790182556886855,-9.689845480551027
BRZ-01602,0.0,0.0,-0.4506317757263449,0.0,1.4674525273692656,-13.844565353867736
BRZ-01603,0.04626054871514599,0.0,-0.2589406200152512,1.0,0.23019307062812905,-10.092332196150663
BRZ-01604,0.0,0.0,0.30176840270738636,0.7315436241610739,4.3754442750804445,-9.89733772317512
BRZ-01605,0.0,0.0,0.0918731426830506,1.0,1.711021376258271,-8.686009014759831
BRZ-01606,0.0,0.0,0.5263588336256002,1.0,1.3556034698085369,-9.442852736459503
BRZ-01607,0.0,0.0,-0.1568238988431684,1.0,1.30921692782822,-9.914307271098474
BRZ-01608,0.0,0.0,0.16663124463654835,1.0,0.5768673266475413,-7.116341039887967
BRZ-01609,0.0,0.0,0.04177602713952179,0.7034265458842066,1.5409235886385166,-11.194935352591106
BRZ-01610,0.0,0.0,0.6104916597312209,1.0,0.0,-8.621225244983547
BRZ-01611,0.0,0.0,-0.6979251074358378,1.0,1.7212449911211078,-9.780296659402921
BRZ-01612,0.0,0.0,0.540096179522262,1.0,1.1121309257740415,-7.792971170164226
BRZ-01613,0.0,0.0,0.08444905395955825,0.8181102362204725,2.2885821229265466,-9.119526580324683
BRZ-01614,0.0,0.0,0.08721510545892022,0.6394477317554241,2.6477071601828555,-9.95485531862728
BRZ-01615,0.0,0.0,-0.1855377069774463,0.8481861198738171,6.512649281893768,-10.30985281736476
BRZ-01616,0.0,0.0,0.021060161654113285,0.7576237623762377,1.9726605663822288,-10.139833222811797
BRZ-01617,0.0,0.0,0.5299480358036345,0.016548463356973995,2.801123719763429,-11.566070387809516
BRZ-01618,0.018898776526281823,0.0,0.32042799717966813,1.0,0.8158712796225766,-9.011378642406514
BRZ-01619,0.0,0.0,0.13591961947407172,1.0,3.358708335017674,-9.26593268201662
BRZ-01620,0.022531922127472293,0.0,-0.701602252548637,0.9984214680347278,5.372603799081454,-9.086386019222768
BRZ-01621,0.2974165995598685,0.0,-0.7245149163144773,1.0,1.9015426771470865,-11.995559332382083
BRZ-01622,0.0,0.0,0.4619227754740599,1.0,1.474300885295627,-7.983365032663237
BRZ-01623,0.0,0.0,0.7958747537775318,0.0,1.769681559897254,-9.418488020625032
BRZ-01624,0.0,0.0,-0.05575126385046194,0.9099881563363602,3.809681905934758,-10.139802402309993
BRZ-01625,0.0,0.0,-0.092322742729652,0.0668512658227848,2.0720661295096177,-10.796375981311128
BRZ-01626,0.0,0.0,0.6018383266386746,0.9932753164556962,5.950934232017543,-7.171779311344238
BRZ-01627,0.0,0.0,0.44042387480120443,0.6653543307086616,11.704980766655932,-9.470155126183371
BRZ-01628,0.0,0.0,0.0027287621225439047,0.8423762376237625,19.61097724526379,-8.42609591067456
BRZ-01629,0.0,0.0,0.03737804453643899,0.9172604908946953,3.6895827896278552,-6.564689301632617
BRZ-01630,0.042926379033094327,0.0,0.565811785035255,1.0,3.5037056553905415,-2.8193697600355274
BRZ-01631,0.0,0.0,-0.0013286573855420295,1.0,0.468949898808445,-8.510564671473709
BRZ-01632,0.0,0.0,-0.6586208152930254,1.0,4.052076113978152,-11.200058192364498
BRZ-01633,0.0,0.0,-0.024361628986079215,1.0,1.8009723571371525,-8.572542392277228
BRZ-01634,0.0,0.0,-0.7650610295642166,1.0,0.9636316280025438,-9.439803102372833
BRZ-01635,0.010044947090303106,0.0,0.7310602468354384,0.9925078864353313,2.7114816189657924,-9.08613851146847
BRZ-01636,0.0,0.0,0.41145916257530957,0.0,1.5598234347246724,-8.970346875762854
BRZ-01637,0.0,0.0,0.7543375159092285,0.0,0.0,-9.788759448796577
BRZ-01638,0.0,0.0,0.07460433737137374,1.0,0.9067446917802803,-8.84791420896837
BRZ-01639,0.0,0.0,-0.2136625465745205,0.4329123914759274,0.680509394970136,-11.44573062762018
BRZ-01640,0.0,0.0,-0.46040535535349786,0.8471892319873318,1.8469332580888074,-10.415265932775494
BRZ-01641,0.0,0.0,-0.27740166257210724,1.0,6.310416081466705,-9.85870965701816
BRZ-01642,0.0,0.0,0.49972533277810915,1.0,3.934413503218465,-10.066515503784025
BRZ-01643,0.0,0.0,0.5420646611994527,0.47587025316455694,1.9565624251853966,-9.415098647805964
BRZ-01644,0.0,0.0,-0.4932932735257252,1.0,3.705671494669785,-9.857070828956855
BRZ-01645,0.0,0.0,-0.38197116720703667,1.0,7.165498720179614,-7.766783414416547
BRZ-01646,0.0,0.0,0.923646616995591,0.13199369582348308,0.4157297750024819,-7.705815051860479
BRZ-01647,0.0,0.0,-0.10814035729453914,0.4458069620253164,0.15807228937354267,-8.992516519371733
BRZ-01648,0.00038289362084166,0.0,0.30915639568172654,1.0,0.3353267479250571,-9.266732872339418
BRZ-01649,0.0,0.0,-0.34674772221593986,0.0,0.5198905110329329,-11.283661312118118
BRZ-01650,0.0,0.0,0.6239868590079024,0.0,19.605804707966385,-9.04542707084619
BRZ-01651,0.0,0.0,0.03719139383564068,0.8673792557403008,0.12988326955757534,-9.56941231710644
BRZ-01652,0.0,0.0,0.20982803199599168,0.9790431000395414,2.328760655405445,-9.492569674531373
BRZ-01653,0.0,0.0,0.6225772582712237,0.0,1.6798203256072572,-10.174805526986562
BRZ-01654,0.0,0.0,0.5562472040530939,1.0,9.531553986065047,-8.59807337025454
BRZ-01655,0.0,0.0,0.24819828371796956,0.99644128113879,7.369368900024639,-9.90708400708536
BRZ-01656,0.0,0.0,0.36192799743859766,1.0,5.656667745667228,-8.763545544714221
BRZ-01657,0.0,0.0,1.154376324688146,1.0,15.158002452259389,-7.248018385063817
BRZ-01658,0.0,0.0,-0.7773436936041428,1.0,2.0473789799109743,-7.108518929732015
BRZ-01659,0.0,0.0,-0.12537768149213785,1.0,0.8810785225306583,-10.555723157109531
BRZ-01660,0.0,0.0,0.20307963370750884,1.0,6.1440741921933295,-10.210935057802319
BRZ-01661,0.0,0.0,-0.6119474381674784,1.0,6.2234649052927535,-9.219373627785611
BRZ-01662,0.0,0.0,0.04978380737221462,1.0,5.461116054508044,-9.006594661458243
BRZ-01663,0.0,0.0,0.37664083354278066,0.9545813586097947,7.504724477174404,-7.2503792478049265
BRZ-01664,0.0,0.0,-0.5690772349469553,1.0,4.285562915659357,-8.670372450066095
BRZ-01665,0.0,0.0,-0.20915574432016834,0.9727056962025316,2.45076724442147,-10.152516198500004
BRZ-01666,0.0,0.0,0.38504996278910364,1.0,3.1521256356780407,-9.192974021979179
BRZ-01667,0.0057722253199382215,0.0,0.12138686248446513,1.0,2.658687593493143,-7.480559000536314
BRZ-01668,0.0,0.0,-0.10179393431327499,0.900355871886121,0.9842494969177246,-10.036096521426193
BRZ-01669,0.0,0.0,-0.6165417491750214,1.0,3.883516934631233,-8.627936173709076
BRZ-01670,0.0,0.0,-0.3295073412404855,0.7240835632636974,9.237438042535299,-8.323140177185499
BRZ-01671,0.0,0.0,0.1520355601080929,0.0,10.330759024382958,-12.870717503737675
BRZ-01672,0.0,0.0,0.16507125851261026,1.0,3.8095799144513522,-8.525220044019074
BRZ-01673,0.0,0.0,0.05635782590144078,0.8224594701463029,3.2656591103484316,-12.039025359957789
BRZ-01674,0.0,0.0,0.45218037919147647,1.0,0.989300947691552,-6.674016157250823
BRZ-01675,0.0070454468090607614,0.0,-0.06585583511797231,1.0,3.158358385885912,-7.991581096566334
BRZ-01676,0.0,0.0,-0.24362836465332488,0.9679588607594934,0.776993309224225,-7.984041791449628
BRZ-01677,0.0,0.0,0.07092984843603993,1.0,4.386013418983072,-8.207268442309879
BRZ-01678,0.0,0.0,0.2344395612868471,1.0,0.28400109895304754,-9.820334453698633
BRZ-01679,0.0,0.0,0.4288074640012862,1.0,3.1653931002793154,-8.791100684093962
BRZ-01680,0.0,0.0,0.08070682192346736,0.0,4.994328803473244,-10.468613402675155
BRZ-01681,0.0,0.0,-0.8246895579091649,0.09908838684106225,0.8418581570693119,-11.672004793036434
BRZ-01682,0.0,0.0,0.10460972994473715,1.0,4.962936604664105,-8.843519209466121
BRZ-01683,0.0,0.0,0.0701952500067421,1.0,0.7390998813434192,-8.938383385189507
BRZ-01684,0.02947528119000754,0.0,0.35614352033267505,1.0,8.52459362814983,-2.774315366873694
BRZ-01685,0.009867944493448947,0.0,-0.17363778900317392,1.0,3.878248970540394,-10.130007661238112
BRZ-01686,0.0,0.0,-1.1192995640796501,0.0,17.092321168838943,-10.729557388518298
BRZ-01687,0.0,0.0,-0.17144219737047012,1.0,4.338132481200376,-9.360913122903714
BRZ-01688,0.0,0.0,0.48448804547837726,1.0,2.003837509399414,-8.129556980422931
BRZ-01689,0.0,0.0,0.39730660730381506,0.0,9.288968543571121,-8.400741970775679
BRZ-01690,0.0,0.0,0.8317468149891132,1.0,3.2909520465943443,-8.57284113151645
BRZ-01691,0.0,0.0,0.8669954642995787,1.0,23.9487120278773,-8.090214233768187
BRZ-01692,0.0,0.0,-0.4442705053258275,1.0,2.2965905030822755,-9.985889977244065
BRZ-01693,0.11261469861106761,0.0,0.28149793352631824,1.0,2.0184616145449605,-9.30420814211647
BRZ-01694,0.0,0.0,0.11202284925271697,1.0,3.2253629996270647,-9.526773730249376
BRZ-01695,0.0,0.0,0.8720642104961354,0.5007917656373714,16.160024026757476,-9.80432604031843
BRZ-01696,0.0,0.0,0.3420927456626015,1.0,0.6895373054748646,-5.30527416282003
BRZ-01697,0.0,0.0,-0.5116300543061539,1.0,3.3345479059462364,-8.64236102258084
BRZ-01698,0.0,0.0,0.4523514228664745,1.0,1.6869374870492606,-7.496929436120989
BRZ-01699,0.24043218937793556,0.0,0.938991363430622,1.0,1.759959846304764,-9.563029112228604
BRZ-01700,0.0,0.0,0.23675181586130273,0.9703908409001184,9.76480674629281,-8.781538526858565
BRZ-01701,0.0,0.0,0.34708796487236254,1.0,0.0,-4.87822126986871
BRZ-01702,0.0,0.0,-0.3409237487046614,1.0,9.619913833273863,-10.192312164982086
BRZ-01703,0.0,0.0,-0.37829612550519565,0.9845849802371542,0.6460556218094659,-9.398351108381503
BRZ-01704,0.0,0.0,0.05941762942031823,0.0,4.338759843528556,-12.870237236857964
BRZ-01705,0.0,0.0,0.992664270008613,1.0,2.1927412650770304,-7.713962035206314
BRZ-01706,0.0,0.0,0.4658612658241936,1.0,6.477159744657086,-8.610840371587159
BRZ-01707,0.0,0.0,-0.021271476126938294,0.0,0.47938918930987745,-7.717386027903264
BRZ-01708,0.0,0.0,0.19904028933215887,0.23817034700315454,5.483636814746707,-10.948402030317967
BRZ-01709,0.03954791411028864,0.0,0.546663096048929,1.0,3.720443187987693,-8.687930856124305
BRZ-01710,0.0,0.0,-0.7643084064169486,1.0,5.637146958894234,-10.71794348794857
BRZ-01711,0.011300719272392462,0.0,0.7068603672016969,0.5201740506329114,1.5911035759493677,-8.675873350633257
BRZ-01712,0.0,0.0,-0.05363844257703468,1.0,4.056485539854448,-4.716674290821579
BRZ-01713,0.0,0.0,0.666616773972444,0.0,1.2343934189357624,-10.289196598456193
BRZ-01714,0.0,0.0,-0.08372544864407876,1.0,0.9940993826004794,-8.637195891505533
BRZ-01715,0.0,0.0,0.8511119987219219,1.0,5.834595055471558,-9.093225630944426
BRZ-01716,0.0,0.0,-0.31792154753320856,1.0,3.580228408741591,-10.909161420499254
BRZ-01717,0.0,0.0,0.9244507521724257,0.13256826276216857,2.0858733035368595,-11.054804961962244
BRZ-01718,0.0,0.0,-0.6341951937032266,1.0,2.889865589432246,-10.584403054167419
BRZ-01719,0.17913254870525439,0.0,0.32269366932008503,0.7272368939692551,1.5713646119860754,-10.934644521426673
BRZ-01720,0.0009535836814511599,0.0,-0.7060345589873794,0.8332012678288432,0.6764451298514184,-10.514228711382897
BRZ-01721,0.0,0.0,-0.007024225557446543,1.0,0.6877337635577591,-9.93231247418474
BRZ-01722,0.00860164864460313,0.0,0.7198526832365001,0.607990506329114,2.8003923729409452,-10.85698836408066
BRZ-01723,0.0,0.0,-0.34866245118402533,1.0,2.044157546437301,-8.73995930225075
BRZ-01724,0.0,0.0,0.24631128696672067,0.0,0.0,-8.236582815095847
BRZ-01725,0.18687720055303236,0.0,-0.06343259393307936,1.0,1.2965776385875314,-7.103470326939868
BRZ-01726,0.0,0.0,-0.3601814926486065,1.0,3.2919571519434743,-7.1308409828780315
BRZ-01727,0.0,0.0,0.4550474197168902,0.0,13.655329657205844,-11.276384005158317
BRZ-01728,0.0,0.0,1.11384098555327,0.0,0.4808928304065845,-11.090506352996853
BRZ-01729,0.0,0.0,-0.05073829657106887,1.0,2.1298218518943726,-9.60479255808503
BRZ-01730,0.0,0.0,0.21294793925572938,0.8264299802761341,0.06600510705364762,-10.71543478663532
BRZ-01731,0.0,0.0,0.07348336758636757,0.8121546961325964,0.06732584056827148,-9.52379152565965
BRZ-01732,0.0,0.0,-0.29014042067466783,0.0,2.8312778263971707,-10.034887198898563
BRZ-01733,0.0,0.0,0.1102135086870697,0.4541501976284585,2.111280691045798,-9.905453926826777
BRZ-01734,0.0,0.0,0.21260240666416086,0.7337559429477021,6.591966792238147,-9.09718235865686
BRZ-01735,0.07985534455891201,0.0,-0.28459162079453804,1.0,6.462350442286694,-9.881865582276747
BRZ-01736,0.3175690790770327,0.0,1.317091349627431,0.8842519685039371,4.5133492817453105,-8.848033953400552
BRZ-01737,0.0,0.0,-0.1791956098412947,1.0,10.989387243103026,-8.587507231676613
BRZ-01738,0.0,0.0,-0.5645305462657312,1.0,4.5286481073211675,-7.120061026439134
BRZ-01739,0.0,0.0,-0.052585475542106234,1.0,1.255900331193917,-8.18592069156516
BRZ-01740,0.0,0.0,0.48033166904811114,1.0,2.366808448004325,-7.427647735014864
BRZ-01741,0.0,0.0,0.7072760078721393,1.0,1.0898208441052435,-7.873529832072342
BRZ-01742,0.0,0.0,0.481060693006265,0.4465134706814581,4.67429006754109,-8.544000650522019
BRZ-01743,0.031176420393047397,0.0,1.1114875504957376,1.0,8.549827413337564,-5.679068546956772
BRZ-01744,0.0,0.0,0.17924372972339903,1.0,5.770305832341181,-10.093481022614936
BRZ-01745,4.7642580509937594e-05,0.0,0.4276592868991258,1.0,3.9512370972759285,-9.043804873897498
BRZ-01746,0.0,0.0,1.0547484869496702,0.0,2.927333781252593,-11.627619873028669
BRZ-01747,0.0,0.0,-0.26655171643902664,1.0,2.7858574396001736,-9.028937365134858
BRZ-01748,0.0,0.0,-0.595923278380703,1.0,2.2311334552126447,-8.457851752668573
BRZ-01749,0.0,0.0,-0.19690443869458754,1.0,1.4361943962508077,-7.045246197227163
BRZ-01750,0.0,0.0,-0.7723684925513828,1.0,3.4574102764472325,-10.91005260820686
BRZ-01751,0.0,0.0,-0.2072126102189507,1.0,6.260112415968325,-10.607609465800676
BRZ-01752,0.0,0.0,0.3432042976935302,0.0,3.0088451919391113,-10.954503018598755
BRZ-01753,0.0,0.0,-0.5276941602337878,1.0,2.0180600303113216,-5.214230504558557
BRZ-01754,0.0,0.0,0.0665810518012462,1.0,11.237559894941368,-7.796305246415701
BRZ-01755,0.0,0.0,-0.017986719398641892,1.0,0.9942472040780286,-8.945376357377057
BRZ-01756,0.0,0.0,0.44838131976186335,0.9700787401574804,1.5981766876334247,-10.803806450268139
BRZ-01757,0.0,0.0,-1.2466702336427848,0.0,0.7789400756573601,-12.700111329955835
BRZ-01758,0.0,0.0,0.3152320318011384,1.0,2.4213710288470667,-7.088509943280362
BRZ-01759,0.0,0.0,-0.5350647114586954,1.0,6.79059021284457,-7.447040053314634
BRZ-01760,0.0,0.0,0.2081743709051668,0.6521910777733912,5.357114987047921,-10.039765487336298
BRZ-01761,0.0,0.0,0.15431559819767274,1.0,4.896432894821772,-9.856819736757304
BRZ-01762,0.022573554015023402,0.0,1.4834805634001627,0.9763593380614658,3.6024617911088854,-8.69264933583844
BRZ-01763,0.0,0.0,0.8564264580917501,0.06971248523040567,2.615236741285591,-10.473260606512062
BRZ-01764,0.0,0.0,-0.37757834567645404,0.0,1.11766505695962,-12.645951881850241
BRZ-01765,0.0,0.0,0.09499177863499085,0.8577090764962344,1.954068960142888,-10.079475956733532
BRZ-01766,0.047061888779711535,0.0,-0.23189883593556132,1.0,2.555308577088273,-5.314681434404972
BRZ-01767,0.0,0.0,0.44060930299644685,0.6321202531645569,1.8757097487388688,-7.09733251834914
BRZ-01768,0.0,0.0,0.3589722378663964,1.0,6.394598350417363,-8.473381026840197
BRZ-01769,0.0,0.0,-0.3067579023877307,0.9984195969972343,6.114989767492469,-8.42227486193508
BRZ-01770,0.0,0.0,-0.45859262817804664,1.0,4.161653768142617,-8.83291476997008
BRZ-01771,0.0,0.0,0.037894162998843295,1.0,2.3725028084082886,-9.113541825888298
BRZ-01772,0.0,0.0,1.4043488738967087,0.0,1.3119521051842808,-9.157125088299944
BRZ-01773,0.0,0.0,-0.5251435627926976,1.0,4.979043336264338,-8.084134502030517
BRZ-01774,0.0,0.0,-0.7741719754685874,1.0,0.0,-11.021542907896762
BRZ-01775,0.00033443013685595244,0.0,-0.27440683438019503,1.0,2.260522802238872,-8.447710273135923
BRZ-01776,0.0,0.0,-0.738288753410355,1.0,5.3213352362488076,-7.686968048210647
BRZ-01777,0.0,0.0,-0.27126210244284094,1.0,4.199921197654595,-10.227755392710563
BRZ-01778,0.0,0.0,-0.5725935436182032,0.19786307874950532,5.289463761778945,-10.96503714724388
BRZ-01779,0.12566516760052707,0.0,-0.25827562898992684,0.8569739952718676,1.4820638214117339,-10.818283274688412
BRZ-01780,0.0,0.0,-0.360946739524191,1.0,3.22876487668723,-9.321851900931536
BRZ-01781,0.0,0.0,-0.9949672730417196,0.8033951835767865,4.128187399207114,-10.495999056638505
BRZ-01782,0.0,0.0,0.16525478104863783,1.0,1.2862626548605394,-8.362801674983503
BRZ-01783,0.0,0.0,0.5243409339711739,1.0,3.2916986135261843,-8.279651982904738
BRZ-01784,0.0,0.0,-0.08762866800517813,1.0,1.3716486669167052,-9.344913808719292
BRZ-01785,0.0,0.0,0.3377130237471535,0.0,1.9640846237842782,-11.325149138114305
BRZ-01786,0.0,0.0,0.16927112009640508,0.0,3.2189366069157512,-9.215655022017883
BRZ-01787,0.0,0.0,0.5870913688603657,0.0,0.048365740668658064,-11.684238949931727
BRZ-01788,0.006503170530708376,0.0,0.18827734578985095,1.0,3.6915622116902487,-6.539631502994959
BRZ-01789,0.0,0.0,-0.5645980787633492,1.0,1.2486069764248642,-7.658524476503006
BRZ-01790,0.0,0.0,-0.009322213226567018,1.0,17.347135768214425,-9.284632465054257
BRZ-01791,0.0,0.0,-0.28212224094929084,0.0,3.3152317514271674,-12.781270152650293
BRZ-01792,0.0,0.0,-0.1787334587015692,0.911137440758294,6.8959908481805225,-10.123039130357979
BRZ-01793,0.0,0.0,0.6166034921119622,0.5606959272439699,2.4684751042496273,-9.281159889780813
BRZ-01794,0.0,0.0,0.6383645297402157,0.8454867954276705,1.0402493622697073,-8.441869388409017
BRZ-01795,0.0018057622774059416,0.0,-0.010774422533742818,1.0,0.6043763374227452,-12.205716673125862
BRZ-01796,0.0,0.0,1.0173792938314625,1.0,1.4561040815435775,-6.157873875727674
BRZ-01797,0.0,0.0,-0.22142539219090598,1.0,1.9262484807767573,-10.47012930644877
BRZ-01798,0.0,0.0,0.7160177493282589,0.7354685646500593,9.877807620547449,-9.085605125375109
BRZ-01799,0.0002905243070873283,0.0,-0.4622578952500406,1.0,2.5641034025092795,-9.537403876816311
BRZ-01800,0.0,0.0,-0.008094735525990576,1.0,9.713470928752738,-8.206167084954824
BRZ-01801,0.0,0.0,0.279635211500291,0.0,2.2744243323934037,-11.561162575948233
BRZ-01802,0.0,0.0,0.07189075741001515,1.0,5.25558048299921,-6.1826561989017135
BRZ-01803,0.0,0.0,-0.041955005725936204,0.9168646080760094,3.856872498252156,-9.479189623623911
BRZ-01804,0.0,0.0,0.002992668930911086,0.0,2.793646852931569,-13.7839219302057
BRZ-01805,0.0,0.0,0.3507878339050444,0.0,3.69894471211162,-11.888361989957005
BRZ-01806,0.0,0.0,-0.02864394310883374,1.0,1.0738360571518821,-8.54555920083197
BRZ-01807,0.0,0.0,0.722894759329777,1.0,0.3488777597962027,-6.701326012915309
BRZ-01808,0.0,0.0,1.1665786950338242,0.3303149606299212,1.3833797868818751,-7.442965302575583
BRZ-01809,0.0,0.0,0.31767975661632036,1.0,0.773302149187061,-4.009400142105333
BRZ-01810,0.0,0.0,0.23936607485923872,0.35122336227308615,6.359185785413892,-10.886352462944988
BRZ-01811,0.0,0.0,-0.276820417720178,0.9379201265322262,1.3624102207991728,-9.210213851768195
BRZ-01812,0.0013132212383890004,0.0,-0.36442461867075465,0.0027602523659305996,3.2776058321404693,-10.008778819828454
BRZ-01813,0.0,0.0,0.7079769642916974,1.0,6.295329142942469,-9.11077733624254
BRZ-01814,0.0,0.0,0.3791175297129715,0.0,10.460423429581963,-8.547104460230134
BRZ-01815,0.0,0.0,0.45001320224143043,0.8778747026169708,1.0744050021833018,-8.603830901356568
BRZ-01816,0.12691632789550444,0.0,-0.16569051986750855,1.0,2.424051678045443,-9.70729183234275
BRZ-01817,0.0,0.0,-0.34546856740960247,1.0,4.184463654255288,-9.358933579351561
BRZ-01818,0.0,0.0,0.03745003518875133,1.0,6.514179471542053,-8.197651994844172
BRZ-01819,0.0,0.0,0.04596078051376072,0.8697029702970298,7.780465748516968,-8.978391385804017
BRZ-01820,0.0,0.0,0.20140347173975917,1.0,6.596632351926354,-9.282901184978186
BRZ-01821,0.0,0.0,0.2807557704901728,0.6003960396039603,1.59169346635999,-6.344874012659396
BRZ-01822,0.0,0.0,0.5841762880834572,1.0,6.387591302718392,-7.931587511161804
BRZ-01823,0.0,0.0,0.07139676743625792,1.0,2.9325320515485314,-8.565809817427075
BRZ-01824,0.5986817911765941,0.0,1.0863499474788048,0.8940944881889764,0.0,-8.139894033353722
BRZ-01825,0.004892149297155945,0.0,0.027440522971962384,0.5266903914590749,0.8477785587138237,-11.476018950833621
BRZ-01826,0.00013227173660050856,0.0,-0.23574752351353812,1.0,0.9733324161329736,-10.352937025766344
BRZ-01827,0.0,0.0,-0.34700519964175686,0.0,6.346629733431097,-11.368275171941567
BRZ-01828,0.0,0.0,0.47696125333314027,1.0,0.10204691271586812,-6.3954230214712044
BRZ-01829,0.0,0.0,-1.3990394836467965,1.0,1.0918843553667024,-14.294435487498633
BRZ-01830,0.0,0.0,0.7957123422769081,0.044664031620553366,1.3963707099033404,-9.829572804459211
BRZ-01831,0.007105968052615658,0.0,-0.12304171366076667,1.0,0.06177554578068891,-9.91235388200113
BRZ-01832,0.03254231552439412,0.0,-0.3619727235158776,1.0,6.663334761009006,-8.90296043112047
BRZ-01833,0.015216636514117556,0.0,0.15279387613968518,1.0,2.1426532959640046,-9.469794923030678
BRZ-01834,0.0,0.0,0.5253118037868588,1.0,1.8715975082033638,-7.608300599324894
BRZ-01835,0.0,0.0,0.9398013119020314,1.0,0.2916113525111766,-7.834590894228214
BRZ-01836,0.0,0.0,0.16720200449875747,1.0,2.1749525718784852,-8.885909244094119
BRZ-01837,0.0,0.0,0.5910536157269466,0.7850098619329389,2.822172133014867,-8.283881066606412
BRZ-01838,0.0,0.0,-0.06115663717731688,0.10760741032715805,2.1503260080730717,-9.18118170697665
BRZ-01839,0.0,0.0,0.7646483606362671,0.8824457593688363,1.3841608794904183,-9.826152944479057
BRZ-01840,0.0,0.0,0.09068203311032907,0.0,1.353005403407112,-10.467391808240794
BRZ-01841,0.0,0.0,-0.6398781821965454,1.0,5.617390433206917,-8.859500791099956
BRZ-01842,0.0,0.0,1.0523619121948236,0.5491124260355029,1.72117866647995,-10.247660569446307
BRZ-01843,0.0,0.0,0.6718471707106729,0.830568720379147,0.8952418733059253,-8.098406728482585
BRZ-01844,0.0,0.0,-0.19150183988268765,1.0,1.5189580166490937,-0.005821341688994993
BRZ-01845,0.0,0.0,-0.37235025900714375,1.0,5.9737438992985075,-7.770525578183883
BRZ-01846,0.0,0.0,0.21607035555092258,0.796844181459566,2.3508121429685933,-9.22129774154484
BRZ-01847,0.0,0.0,-0.5177689081407432,1.0,3.7511080374241446,-10.148182619954985
BRZ-01848,0.0,0.0,-1.8694050011096983,0.0,17.99030543375794,-12.828874997849367
BRZ-01849,0.0,0.0,0.25447773569513443,1.0,15.686505416980086,-7.749149738007513
BRZ-01850,0.0,0.0,-0.6639601158018458,1.0,0.800410953507267,-9.822523970733611
BRZ-01851,0.0,0.0,-0.6583014265040623,0.9455621301775148,0.8091444953282825,-7.827029072895175
BRZ-01852,0.0,0.0,0.03343527365202111,0.6256430550059362,7.888424387406056,-8.49826916187191
BRZ-01853,0.0,0.0,-0.14446592300274164,1.0,6.791649966197617,-9.519884977622686
BRZ-01854,0.0,0.0,0.260983653046604,0.4337539432176657,2.2280224875517525,-9.416213684698961
BRZ-01855,0.0,0.0,0.39658108742266523,0.6596837944664031,13.544810403444915,-9.542242850231503
BRZ-01856,0.0,0.0,-0.17339317248315578,0.23856466876971608,4.910522245872991,-11.59380561763891
BRZ-01857,0.0,0.0,0.7759716524223559,1.0,1.5559373673633075,-9.66115917416488
BRZ-01858,0.0,0.0,-0.24927029860743924,0.533623417721519,2.2159961376965507,-8.844145069139042
BRZ-01859,0.0,0.0,-0.09852402740575016,1.0,1.3471521143938172,-9.746105157988065
BRZ-01860,0.0,0.0,-0.6392385566834895,0.24753646038628302,1.7287470052114207,-13.502059566835102
BRZ-01861,0.0,0.0,-0.002107158075621849,1.0,2.1977016024554223,-8.945958743339038
BRZ-01862,0.0,0.0,-0.28102644272876853,0.8905570920584749,1.444296380668981,-10.656998096105161
BRZ-01863,0.0,0.0,0.4836337321842621,1.0,3.0852328108877787,-9.679087029221586
BRZ-01864,0.0,0.0,0.2590414547352817,1.0,2.977260302215841,-9.768679658047256
BRZ-01865,0.0,0.0,0.4036871216752649,1.0,1.1861381261802766,-7.1376433806047705
BRZ-01866,0.0,0.0,0.6403144752859379,1.0,2.165118312111595,-4.448782634006756
BRZ-01867,0.0,0.0,0.6002137702974534,1.0,0.9978578640449671,-8.597255888228794
BRZ-01868,0.0,0.0,0.6383320144008474,0.0,0.18357650317116866,-11.047399646255766
BRZ-01869,0.0,0.0,-0.09433479594000364,1.0,2.634633079577696,-8.613392551876284
BRZ-01870,0.0,0.0,0.6065938416990305,1.0,4.711420165146999,-10.157627220231337
BRZ-01871,0.0,0.0,-1.069603642859373,0.4349881796690307,1.3515041323279884,-10.407171334605016
BRZ-01872,0.0,0.0,-0.7186514273595258,1.0,0.9847725692426021,-9.95671894250531
BRZ-01873,0.0,0.0,0.635668184511836,1.0,8.649772129512613,-9.132545656614019
BRZ-01874,0.16067580601476247,0.0,0.12593212177911192,1.0,8.09442781515827,-9.29699871061595
BRZ-01875,0.0,0.0,0.13686982116925342,1.0,1.1558044489383548,-8.274313396830431
BRZ-01876,0.0,0.0,0.007364254360936157,0.04990099009900991,3.9644261907574947,-11.16895987913133
BRZ-01877,0.0,0.0,-0.09723015772834785,0.6411973217802285,4.403354467776503,-10.536127553729084
BRZ-01878,0.23355106732289188,0.0,-0.16809392839698564,1.0,0.3947860773000875,-9.666978646374394
BRZ-01879,0.0,0.0,-0.6205537254557025,1.0,1.5592090174529214,-8.9039206076792
BRZ-01880,0.0,0.0,-0.2790173367024209,0.0,0.10349692477638413,-10.83166787521395
BRZ-01881,0.0,0.0,0.6987765365817766,0.49881141045958804,5.081399934727084,-11.60806310947511
BRZ-01882,0.0032605246592887307,0.0,0.1236243734387119,1.0,4.102089540951937,-8.524048148814664
BRZ-01883,0.0,0.0,-0.04151466653672517,1.0,1.510847747907378,-9.720956221862453
BRZ-01884,0.0,0.0,0.32472960643398197,1.0,1.0566572192127395,-8.948484480403184
BRZ-01885,0.0,0.0,-0.21653475602529743,0.1292490118577075,2.838382918824328,-9.095336546632241
BRZ-01886,0.0,0.0,0.17535386295754457,1.0,3.103999750239126,-9.583055066693335
BRZ-01887,0.0,0.0,0.8235348901368676,1.0,6.18480463665615,-9.53746583647611
BRZ-01888,0.0027294728385359396,0.0,0.6433273750257091,1.0,1.8712930782508992,-8.70998915635258
BRZ-01889,0.05646541435602671,0.0,0.4573327296201539,1.0,3.894617827949781,-5.847277374856794
BRZ-01890,0.0,0.0,0.29164281293397365,0.0,7.492592776677729,-10.657425420331144
BRZ-01891,0.0,0.0,0.3217408701455456,1.0,1.0288921667032815,-5.782248225246581
BRZ-01892,0.004460193979458546,0.0,-0.1201395144365904,1.0,8.393658974732649,-5.740338491962561
BRZ-01893,0.0,0.0,-0.23186934007455454,0.9608076009501187,7.124854969236413,-8.863127979970248
BRZ-01894,0.0,0.0,0.3534923644640752,0.4347140039447732,0.03261439186917819,-9.911365060927096
BRZ-01895,0.0,0.0,-0.47835019609875146,0.0,5.596579161450601,-12.367465959013476
BRZ-01896,0.0,0.0,0.24211307004656032,1.0,2.239678207693443,-7.774642028441901
BRZ-01897,0.06814759153947852,0.0,-0.05472321721503708,1.0,3.896534088983865,-9.793761747934717
BRZ-01898,0.0,0.0,0.3522306766525454,0.0,0.6314411096156782,-11.518040403438112
BRZ-01899,0.0,0.0,0.6094584668737111,0.8853754940711465,3.8471397282369875,-9.499097614370529
BRZ-01900,0.0,0.0,-0.3517434883736983,1.0,0.9507317540105634,-9.853822159814358
BRZ-01901,0.0,0.0,0.7593974332920687,0.0,1.7055924922194639,-9.13813017723955
BRZ-01902,0.0,0.0,-0.9924078356435339,0.5053423031262365,0.6111164732592107,-12.719605644166217
BRZ-01903,0.0,0.0,0.3978092621606498,0.9873817034700316,1.9262008835387912,-8.765751391326681
BRZ-01904,0.009818354457005718,0.0,0.2138440600170413,0.5658517350157728,0.9185352073904091,-9.06257793717032
BRZ-01905,0.0,0.0,-0.9366347586382273,0.0,7.970243856575204,-12.149637952773837
BRZ-01906,0.0,0.0,-0.004252587564991403,1.0,4.225118065183858,-10.763623303639047
BRZ-01907,0.0,0.0,-0.8802244705342187,1.0,1.5103811206749724,-11.665903411055515
BRZ-01908,0.0,0.0,0.6780042443727725,1.0,4.670233917859984,-7.8559001289161445
BRZ-01909,0.0,0.0,-0.09124750011572166,1.0,8.746012259800345,-8.132141394247617
BRZ-01910,0.0,0.0,-0.22400143456025565,0.9172277227722774,16.76762512273481,-10.46245990232194
BRZ-01911,0.0,0.0,0.029296992910767577,0.11238622872971904,7.991252975967671,-11.727845401725508
BRZ-01912,0.0,0.0,1.35588237664994,1.0,0.6270867770713622,-9.632146212098993
BRZ-01913,0.0,0.0,-0.10311442906150405,1.0,15.837458746595757,-8.467794955995446
BRZ-01914,0.0,0.0,-0.6333330502919087,0.6206079747335175,1.0811347352838045,-10.58812201342305
BRZ-01915,0.0850431113845051,0.0,-0.035931755544520556,1.0,0.0254672016915803,-9.63201432943435
BRZ-01916,0.4254054941272283,0.0,0.29897018453787116,1.0,3.611773088419614,-8.519069612676558
BRZ-01917,0.0,0.0,-0.03686098200614705,0.29639889196675895,4.173430603467808,-9.971128724224501
BRZ-01918,0.0,0.0,-0.16030152173422402,1.0,0.22066711920549895,-8.165572141420954
BRZ-01919,0.0,0.0,-0.2131206815040237,0.9881703470031546,12.561632503647608,-10.153445011984626
BRZ-01920,0.0,0.0,-0.35131647303562497,1.0,3.4542524827110825,-10.714110185858203
BRZ-01921,0.006027228281803403,0.0,0.797303922914607,0.06880189798339265,2.14441863489286,-9.742440799673796
BRZ-01922,0.0,0.0,0.5609764890283353,0.9767625049231982,0.027135669469964842,-8.746461443460587
BRZ-01923,0.0,0.0,0.16214180337488923,0.9708546671918079,3.2663675287546443,-9.391444992216895
BRZ-01924,0.0,0.0,1.3471050911274596,0.9897314375987362,4.394403815975311,-7.653395844950436
BRZ-01925,0.0,0.0,1.021113751881628,1.0,4.815191387765524,-8.41422138792542
BRZ-01926,0.0,0.0,-0.46777029070531895,0.750592885375494,13.488793126295274,-11.077855044997563
BRZ-01927,0.0,0.0,-0.010393678955346394,1.0,1.6650181471034458,-3.114991646734266
BRZ-01928,0.0,0.0,-0.595309356095728,0.9787150177374853,2.5772126010534815,-2.4462289682502414
BRZ-01929,0.0,0.0,-0.20511854213183922,1.0,1.8957538577593176,-7.999695536402068
BRZ-01930,0.0,0.0,0.6013994540365832,0.0,0.6127048802195918,-11.413666751890592
BRZ-01931,0.0,0.0,0.7780749314616765,1.0,2.072774455174046,-8.180430315060438
BRZ-01932,0.0,0.0,0.7571163099150785,1.0,15.979436263945937,-8.895503577053903
BRZ-01933,0.0,0.0,0.42505687766943545,1.0,4.118557331608739,-8.975679498009404
BRZ-01934,0.0,0.0,0.6049467511870578,1.0,2.601285836443356,-8.372535327385306
BRZ-01935,0.00011798741793868565,0.0,0.5904538133644515,1.0,1.9566811890103486,-7.712672739848901
BRZ-01936,0.0,0.0,-0.4245807733898896,1.0,19.745916458043563,-4.7283298956026965
BRZ-01937,0.0,0.0,-0.43160186111415527,0.9992101105845181,7.602943146985913,-9.892066310762546
BRZ-01938,0.0,0.0,-0.09372347830865894,0.26479873717442776,4.644709723109732,-10.568723821356098
BRZ-01939,0.0,0.0,0.8446357367274536,1.0,4.425323096176936,-7.279513530272919
BRZ-01940,0.0,0.0,0.18848794394840362,1.0,1.8281188909526134,-8.572070878839629
BRZ-01941,0.0,0.0,0.8623437893542277,1.0,8.380053512953895,-7.815879800268764
BRZ-01942,0.0,0.0,-1.1886234909359845,0.9948514851485148,1.573244691756568,-2.4977329852410697
BRZ-01943,0.0,0.0,-0.40686428429646887,1.0,3.0710031163362754,-8.813578862006155
BRZ-01944,0.0,0.0,0.0011790616595626123,1.0,0.8904056945549894,-10.523017663206774
BRZ-01945,0.0,0.0,0.21364051666219075,0.33675078864353314,10.894818806387333,-9.582402890431004
BRZ-01946,0.0,0.0,0.6688021848812234,1.0,4.318998016212507,-10.428560096643148
BRZ-01947,0.02360174697394803,0.0,-0.26790003999233014,1.0,2.730791049985271,-7.3435384580609515
BRZ-01948,0.0,0.0,0.39434153508108416,0.0,1.2378782435773845,-10.705900741465816
BRZ-01949,0.0,0.0,0.6361681393910433,0.0,11.15653963325182,-9.63849380519319
BRZ-01950,0.0,0.0,0.6058361271953943,0.8658777120315582,5.130017641870473,-10.726203702042834
BRZ-01951,0.0,0.0,-0.07700937968579205,1.0,1.1408554067902346,-8.646215511013713
BRZ-01952,0.0,0.0,-0.2719793684263107,0.5664694280078896,0.8816206748519387,-11.639661269706632
BRZ-01953,0.0,0.0,0.3252307915519846,0.8896797153024911,6.628230892998548,-9.408373967994553
BRZ-01954,0.0,0.0,0.7094948862935497,1.0,1.3223334527497015,-8.305785633274908
BRZ-01955,0.0,0.0,-0.1458586274344811,1.0,4.800646789001327,-9.221286196889897
BRZ-01956,0.0,0.0,-0.7826561350643707,0.0,0.8549319098083835,-13.080764805672457
BRZ-01957,0.0,0.0,0.5681866748991063,0.0,0.3698092703169386,-11.736147453668405
BRZ-01958,0.0,0.0,0.5822701837957772,0.0,0.9439864251134817,-10.329959616967583
BRZ-01959,0.0,0.0,0.8925952635593595,0.04932912391475928,1.5821588313630368,-9.77675456081066
BRZ-01960,0.0,0.0,0.49690978428826393,0.0,1.0013732460081681,-10.709429212221467
BRZ-01961,0.0,0.0,0.5978749709279348,0.9944620253164557,1.7481392347895945,-8.737166499167879
BRZ-01962,0.0,0.0,0.36211570752515915,0.08123028391167192,1.824901200607372,-10.346790805608775
BRZ-01963,0.0,0.0,0.4504559616532643,0.43178233438485814,2.7253205869143993,-4.653881847015583
BRZ-01964,0.0,0.0,-0.1733956155627554,0.0,0.8623872185311738,-9.43876757986085
BRZ-01965,0.0,0.0,-0.2627203594125029,1.0,3.1045185080724704,-8.760422798346555
BRZ-01966,0.0,0.0,0.5664980893673027,1.0,2.530096879925439,-8.46286468247322
BRZ-01967,0.0,0.0,-0.6622313358982419,0.6140142517814726,0.8878785600917452,-12.66438968682625
BRZ-01968,0.005882796094315877,0.0,0.4418108673038325,1.0,9.844205841235453,-9.526338803344018
BRZ-01969,0.0228487485456297,0.0,-0.2260710220063987,0.9185448793989719,4.477458603404368,-10.639645786035901
BRZ-01970,0.0,0.0,0.5098034249816765,0.0,0.190182248896293,-10.95028937256006
BRZ-01971,0.0,0.0,0.49760430683251955,0.0,1.0237880747641597,-11.851960533618882
BRZ-01972,0.0,0.0,0.24905484542180398,0.4141613924050634,0.40166963253479976,-5.457303898599745
BRZ-01973,0.0,0.0,0.25652111036683123,0.6785009861932939,1.1275210683079104,-10.434885507806488
BRZ-01974,0.0,0.0,-0.9545113411732782,0.9688976377952755,0.4015813445904349,-6.863473548758615
BRZ-01975,0.4606743434755124,0.0,2.285184916377508,1.0,4.586315351892556,-6.977177962622215
BRZ-01976,0.0,0.0,1.3010764283976666,0.05675995270003942,3.4206350953551325,-9.226192860405154
BRZ-01977,0.0,0.0,-0.20641814901501013,1.0,14.11566513934332,-8.981396280054765
BRZ-01978,0.0,0.0,-0.24723268503746862,1.0,6.733586657247986,-9.840164208157601
BRZ-01979,0.0,0.0,0.4458590218534134,1.0,12.470308385530915,-4.134200855628098
BRZ-01980,0.0,0.0,0.08260466110953367,0.0,2.1500711613439702,-11.833433802921704
BRZ-01981,0.0,0.0,0.6846238115385953,0.0,0.0,-11.136760070435088
BRZ-01982,0.0,0.0,-0.6542008252851094,1.0,7.970164035530936,-9.742021095632092
BRZ-01983,0.0,0.0,0.0725913384207199,0.9759463722397477,3.945029491361805,-8.70516796154632
BRZ-01984,0.0,0.0,0.5444026057264995,0.0,2.6784199101104567,-10.404601612724333
BRZ-01985,0.0,0.0,-0.01287692701614063,1.0,2.120149944639429,-9.064754691889586
BRZ-01986,0.0,0.0,0.9578314718911634,0.5455265241488519,0.7556551043148146,-7.149402964185156
BRZ-01987,0.0,0.0,0.5053643853843911,0.9881563363600474,13.525144346394624,-10.087784176709636
BRZ-01988,0.010324595659758871,0.0,0.5226079889560127,1.0,1.699257750729903,-8.760285043473198
BRZ-01989,0.0,0.0,0.027528846105222528,1.0,2.661903585603623,-7.57517982794963
BRZ-01990,0.006833089895158017,0.0,0.23504457266118442,0.9036334913112164,1.6958827572939184,-9.46440305466414
BRZ-01991,0.0,0.0,-0.5560864808456377,1.0,2.9421161712332147,-7.4796756867405385
BRZ-01992,0.0,0.0,0.9788087789482331,0.0,1.7528968046957645,-11.066332674003018
BRZ-01993,0.0,0.0,-0.12570097505534447,0.9317823343848581,4.383339271298388,-8.742828830278656
BRZ-01994,0.0,0.0,0.3084235998083216,1.0,3.6280951511216193,-9.068836976049308
BRZ-01995,0.0,0.0,0.9684494920805499,1.0,4.664385043781524,-7.608998421972729
BRZ-01996,0.0,0.0,0.47078764332580636,0.9312524693796919,2.5999107916453594,-11.420504696407264
BRZ-01997,0.0,0.0,-0.8077579475370843,1.0,8.494179065060594,-9.774526464455834
BRZ-01998,0.0,0.0,0.2941306734011519,1.0,7.508830521722976,-9.425938544206625
BRZ-01999,0.0,0.0,0.0021452102847019407,0.6486379786814054,2.9148064202980546,-9.885045605875748
BRZ-02000,0.0,0.0,0.072390002210709,1.0,3.8445701789440525,-7.414616071715124
BRZ-02001,0.0023381164480564013,0.0,0.13901212293593937,1.0,1.058987417854463,-8.109566619417782
BRZ-02002,0.0,0.0,0.27173731886003843,1.0,3.8395817668270853,-7.0042399704214935
BRZ-02003,0.0,0.0,0.6801472342112878,0.9988146977479258,0.28103074885072565,-8.85269032209205
BRZ-02004,0.001498880305500813,0.0,0.5852854748334275,1.0,3.9339055953389854,-9.062703197513745
BRZ-02005,0.0,0.0,0.1655141644772086,0.9667326732673267,1.4743650980614087,-9.31592337471527
BRZ-02006,0.0,0.0,-0.1169628874185757,1.0,2.6338740456813134,-8.895992144282458
BRZ-02007,0.015191030408268615,0.0,0.006774028815284733,1.0,7.128806693515334,-8.499791727593232
BRZ-02008,0.0,0.0,-0.35012650630973313,1.0,0.718992251546212,-10.737702713214352
BRZ-02009,0.0,0.0,0.5243728786475816,1.0,1.8842452023480578,-8.24791672195733
BRZ-02010,0.0,0.0,-0.30953010457702895,1.0,2.854285485633889,-9.014562695667765
BRZ-02011,0.015936390799406053,0.0,-0.10752167056270351,1.0,1.13724878913035,-9.2427302369697
BRZ-02012,0.0,0.0,0.9217625868671732,0.0,0.8809268360898174,-10.741707289691991
BRZ-02013,0.0,0.0,0.12350084850332461,0.0,1.6590373697238494,-7.936039379690779
BRZ-02014,0.0,0.0,-0.5364686255107748,0.8386714116251484,1.61992577385543,-9.774307865932725
BRZ-02015,0.0,0.0,0.040451531400188895,0.04077593032462391,2.416082012533277,-10.987604733314793
BRZ-02016,0.006867132825158013,0.0,0.5206354509577547,1.0,0.8577571033938435,-9.131194794543864
BRZ-02017,0.0,0.0,-0.13547570871208595,0.0,1.544546075740182,-11.776389670951929
BRZ-02018,0.0,0.0,-0.7433085589766851,1.0,9.8113521217019,-8.673817093602368
BRZ-02019,0.0005307531491740978,0.0,-0.06298379392821402,1.0,3.4641445008274503,-9.849132170267799
BRZ-02020,0.0,0.0,0.42592153305505415,1.0,11.312721391994616,-8.24103696464575
BRZ-02021,0.02647313381775771,0.0,-0.5190672922419011,1.0,2.1893899774148173,-10.132428573939652
BRZ-02022,0.009224298751382398,0.0,0.5962587726703704,1.0,10.638557454373816,-9.212386393022014
BRZ-02023,0.13563575868716868,0.0,0.4793155578789495,0.8564650059311982,4.247189806113887,-10.226900193248303
BRZ-02024,0.0,0.0,0.18183749440165914,0.46814404432132967,2.071978822100465,-9.548022493207403
BRZ-02025,0.0,0.0,-0.058949829553888736,1.0,6.20229313977656,-6.583734217538496
BRZ-02026,0.026797767725631524,0.0,0.7978326920857921,1.0,2.332268375653026,-8.482240037078698
BRZ-02027,0.0,0.0,0.06507213084284834,1.0,1.0698651113151554,-7.883269649922101
BRZ-02028,0.0,0.0,0.47670539093003916,0.47534516765285995,1.8227707064365186,-8.227770826622656
BRZ-02029,0.0,0.0,-0.7606059888546007,1.0,4.155728841132666,-9.6108642917447
BRZ-02030,0.0,0.0,-0.38148629429871334,1.0,0.4774013319818716,-8.513821260058988
BRZ-02031,0.0,0.0,0.3018137834934281,1.0,3.290424503543435,-10.249637339844151
BRZ-02032,0.0,0.0,0.3718785256268424,1.0,3.9703695452695027,-9.60403460350385
BRZ-02033,0.0,0.0,-0.0868331200192743,1.0,2.66503149810438,-9.069905885087802
BRZ-02034,0.0,0.0,-0.927910955431996,1.0,3.1823377925455865,-8.169850004934071
BRZ-02035,0.0,0.0,-0.39099820452592043,0.0,0.6435776971538761,-9.326554023331152
BRZ-02036,0.0,0.0,-0.003437903983484658,1.0,4.508232862015526,-4.272961033218878
BRZ-02037,0.0,0.0,0.5412690710493542,0.8639778568604193,5.5466800779439955,-9.191972741412036
BRZ-02038,0.0,0.0,0.3084857064418395,0.0,0.9248736759760404,-10.610887291443817
BRZ-02039,0.0,0.0,0.04359248137498909,1.0,2.0921373299576898,-9.562761276653385
BRZ-02040,0.0,0.0,0.2598510181980913,1.0,3.277857406804171,-7.45944412072625
BRZ-02041,0.0,0.0,-0.3103352245543999,1.0,5.10714810127108,-8.681266117108699
BRZ-02042,0.0,0.0,-0.4943012143041968,0.9190682984603237,3.3559602833064663,-8.427057459555297
BRZ-02043,0.0,0.0,0.17950198298421638,1.0,13.710076556348422,-8.54458777529575
BRZ-02044,0.0,0.0,-0.07829841780584498,0.7017336485421591,0.7270080002267836,-9.904837745365242
BRZ-02045,0.0,0.0,-0.6154694112614902,1.0,4.4819577270763435,-7.963779533492873
BRZ-02046,0.0,0.0,0.6249429926831769,1.0,1.0849920220733147,-8.12843796808742
BRZ-02047,0.0,0.0,0.44270924037659865,0.6437869822485206,6.699254825200399,-8.21138940467127
BRZ-02048,0.0,0.0,-0.32055109313421337,1.0,9.548833911608229,-9.902005599556425
BRZ-02049,0.0,0.0,0.8674396212071364,1.0,14.855850254511934,-7.933003526108213
BRZ-02050,0.0,0.0,0.12889853817361824,1.0,0.6309830049104014,-9.582798003418453
BRZ-02051,0.0,0.0,0.43436767443397345,1.0,9.132532653057782,-6.724102342541337
BRZ-02052,0.0,0.0,-0.01908526422560446,1.0,2.4741683572659072,-9.988468258491638
BRZ-02053,0.05354626840322421,0.0,-0.3795545640837486,1.0,2.295424783672931,-8.932580711110951
BRZ-02054,0.6953758503137369,0.0,1.968653676829935,0.9731225296442687,4.066555277923191,-7.450111344444554
BRZ-02055,0.0,0.0,0.22879876770658916,0.0,0.20569935331230282,-8.851895686642386
BRZ-02056,0.0,0.0,-1.0069734958733036,0.42761341222879673,0.9937010565968651,-13.947511523647982
BRZ-02057,0.0,0.0,0.2679015344014519,1.0,4.353766456170334,-9.302962355769258
BRZ-02058,0.00330764101265162,0.0,0.7951115815059172,1.0,1.7793951461397537,-8.91546579277287
BRZ-02059,0.0,0.0,0.30278999702502296,1.0,3.575963050646831,-9.936141475011254
BRZ-02060,0.0,0.0,0.2092140648320407,1.0,1.8389057393665251,-7.859658766712207
BRZ-02061,0.0,0.0,0.8587505257821606,1.0,3.513766266664808,-8.952337684894772
BRZ-02062,0.0,0.0,-0.26377559317537336,1.0,1.103812580680938,-10.78882023455401
BRZ-02063,0.0,0.0,0.21665825523409538,0.06232741617357002,0.0,-7.118855773272634
BRZ-02064,0.0,0.0,-0.2896602900971147,1.0,2.0026036696850937,-8.17642720057793
BRZ-02065,0.0,0.0,-0.3524456528391191,0.0,0.04757106878137853,-9.14376049628615
BRZ-02066,0.0,0.0,-0.2162191762366867,0.0,9.964043921192987,-9.972801873201961
BRZ-02067,0.0,0.0,0.06201699991664663,1.0,3.319248088178053,-9.532645660263318
BRZ-02068,0.0,0.0,-0.23713240713921332,1.0,6.7848976998718395,-7.434039040023117
BRZ-02069,0.0,0.0,-0.3909289958803825,1.0,8.457191328950147,-9.310368919586049
BRZ-02070,0.0,0.0,1.0848362069559694,0.0,4.3682049755451136,-10.57556966144529
BRZ-02071,0.0,0.0,0.5388668826130893,1.0,1.2572479654904714,-7.542086877891077
BRZ-02072,0.0,0.0,0.38467213775364817,0.0,1.2953198187786232,-10.752013250071348
BRZ-02073,0.0,0.0,0.19300803965343025,0.0,5.579238768067722,-11.001094615341199
BRZ-02074,0.0,0.0,0.04085860989998652,1.0,1.180534829763391,-9.155351525905344
BRZ-02075,0.0,0.0,-0.3122205365240545,0.0,2.2212832353773044,-10.836292718553455
BRZ-02076,0.0,0.0,-0.5942825879272242,1.0,2.289208794375396,-5.344255370291533
BRZ-02077,0.0010418052643231736,0.0,0.6042470106691048,1.0,1.1670669634627096,-8.868484195149332
BRZ-02078,0.0,0.0,0.40823204077781233,1.0,1.9222838395028834,-9.285549001709546
BRZ-02079,0.0,0.0,0.7235524283539971,1.0,5.769363153885831,-9.42555148972254
BRZ-02080,0.0,0.0,-1.087323742531297,1.0,2.270057648292436,-2.791150439130726
BRZ-02081,0.0,0.0,0.28767899964042504,1.0,22.806173208265715,-9.410791548036467
BRZ-02082,0.0,0.0,0.02319446760102315,1.0,2.469322049740266,-7.819603531364428
BRZ-02083,0.0,0.0,-0.4058758362056026,1.0,0.3518462478456872,-11.566690896649064
BRZ-02084,0.0,0.0,0.004742483750393485,1.0,0.5868950881661159,-10.482641230144221
BRZ-02085,0.0,0.0,0.3454140991150212,0.8154574132492113,1.4092362340382596,-9.282257138881418
BRZ-02086,0.0,0.0,-0.05666863492744314,1.0,21.53293051016569,-8.865765152351612
BRZ-02087,0.0,0.0,-0.3140087769737657,0.3038674033149171,3.054007626966673,-10.603889516404651
BRZ-02088,0.0,0.0,0.43551017386851537,1.0,1.9074751751288646,-9.290192095538792
BRZ-02089,0.0,0.0,0.6672207895796061,0.5614381667325168,26.848706530287256,-9.914706573021268
BRZ-02090,0.014411627001117712,0.0,1.2185460841456097,0.7654710287741427,0.9334296996568702,-7.2533891986615115
BRZ-02091,0.0,0.0,-0.0038186755093790764,1.0,1.7326429338782154,-8.609647036913591
BRZ-02092,0.1860321153834692,0.0,0.20350542606227107,1.0,0.925877153072274,-8.662855908464262
BRZ-02093,0.0,0.0,-0.7143212194868236,0.5779092702169626,0.7624228107477374,-11.690270122267881
BRZ-02094,0.0,0.32847003154574134,-1.7910755589225607,0.062302839116719244,0.5596489757194879,-16.693620921555446
BRZ-02095,0.0,0.0,0.3111105015710169,1.0,2.256875506087647,-7.4945714128017675
BRZ-02096,0.0,0.0,-0.0946845430590282,1.0,2.863360935409017,-9.043690167907243
BRZ-02097,0.0,0.0,0.9757265480842369,0.0,1.5887668724042552,-8.828065421936122
BRZ-02098,0.0,0.0,-0.12864589949216987,1.0,2.325943971054338,-8.893677144221853
BRZ-02099,0.0,0.0,-0.6723886217991346,1.0,4.410519180866512,-8.406757490885171
BRZ-02100,0.0,0.0,0.15132837354151088,1.0,4.655286041211361,-8.84241106688752
BRZ-02101,0.0,0.0,-0.10344605676740876,1.0,7.490712401545247,-7.615449632099247
BRZ-02102,0.021996936779248383,0.0,1.460342476272283,1.0,0.09570233819658483,-8.416791832104606
BRZ-02103,0.0,0.0,-0.5829684096933373,1.0,4.4922253884533765,-9.365697279912583
BRZ-02104,0.0,0.0,-0.4809686334240395,1.0,2.207324405462644,-9.376685277108557
BRZ-02105,0.0,0.0,-1.2024303884802958,0.9564528899445763,2.9882116025388576,-9.411363464660393
BRZ-02106,0.0,0.0,-0.5273116389954031,0.0,2.3488694994213972,-10.855674077026132
BRZ-02107,0.0,0.0,0.47592810573981553,0.6394934705184013,2.152995723076909,-10.761838911626272
BRZ-02108,0.0,0.0,-0.053673618869079474,1.0,3.6182659862416915,-8.745699164122659
BRZ-02109,0.0,0.0,0.06449262563189977,1.0,2.32358003722384,-9.795238687530658
BRZ-02110,0.0,0.0,-0.12679806781716804,1.0,3.848775266240387,-8.4937466490097
BRZ-02111,0.0,0.0,0.244338269007671,1.0,1.0955149157807313,-9.276964630723379
BRZ-02112,0.0,0.0,0.5376321409459749,1.0,16.870293542178675,-9.21980115221147
BRZ-02113,0.0,0.0,0.33436527159993634,0.0,1.7387285909525758,-13.589014146205733
BRZ-02114,0.0,0.0,-0.5400554036648316,1.0,1.193513983978916,-5.1038045492665844
BRZ-02115,0.0,0.0,-0.05980703457827843,0.6803310997240835,2.6216990871095938,-9.642432607188123
BRZ-02116,0.0,0.0,0.16906199152470475,1.0,3.7668886642883255,-9.000240363797593
BRZ-02117,0.0,0.0,-0.07442586610740679,0.9948677457560205,8.425913563632324,-7.960362951704398
BRZ-02118,0.0,0.0,0.13838756257688925,1.0,1.5818400191799535,-7.770891117534865
BRZ-02119,0.0,0.0,-0.9046611890595708,0.35957278481012656,1.1559480839987042,-11.193042667434113
BRZ-02120,0.0,0.0,0.08446816766059766,0.9159431728492501,5.421538971132943,-7.102344025844511
BRZ-02121,0.0,0.0,0.3439200403765213,0.9210734017363852,2.6136666056030387,-8.993926857684515
BRZ-02122,0.0,0.0,1.0813357677721094,0.5987336762960032,1.263126822893198,-7.652163624712837
BRZ-02123,0.0,0.0,0.09947715825370011,0.0,0.0,-8.684217793957332
BRZ-02124,0.0,0.0,-0.12384996452573614,1.0,2.3554293096916608,-3.411725018082407
BRZ-02125,0.0,0.0,-1.6591938622591818,0.0,2.6246694969177247,-13.949946522576381
BRZ-02126,0.0,0.0,0.32368665611690517,0.07847003154574134,28.905031966472443,-9.202572076038345
BRZ-02127,9.530910609077803e-05,0.0,-0.10924899551424282,1.0,1.6055054553830774,-8.547780169179124
BRZ-02128,0.0,0.0,0.048001246900180324,0.7609467455621303,7.969012536650016,-8.92799176949911
BRZ-02129,0.056296016408141546,0.0,1.5337290507196049,0.8796844181459565,3.9468450787829634,-8.214034192813628
BRZ-02130,0.0,0.0,-0.015393317712975859,1.0,7.253826902257223,-9.858190673040044
BRZ-02131,0.0,0.0,-0.12767331265763274,0.7951854775059196,3.12287993330455,-11.731312690571214
BRZ-02132,0.0,0.0,0.3868138867916421,1.0,0.12061918037658328,-7.741331129401115
BRZ-02133,0.035416475696387784,0.0,-0.5218203030352749,1.0,1.003670486551178,-13.165886996722898
BRZ-02134,0.0,0.0,-1.0422103149641389,0.1438707134410721,4.910782442422671,-12.144425908142702
BRZ-02135,0.0,0.0,1.0740470189662832,1.0,4.56196655080199,-8.275182669244616
BRZ-02136,0.0,0.0,0.15224426650851935,0.9312252964426876,2.014931714192266,-10.236575374291997
BRZ-02137,0.0,0.0,0.1525081481287091,1.0,12.783836421120368,-6.759075662839133
BRZ-02138,0.0,0.0,-0.2911720902882481,1.0,5.132316927156456,-9.569331353830547
BRZ-02139,0.0,0.0,0.6480416267062733,0.0,1.1327086978205354,-11.99983152985501
BRZ-02140,0.0,0.0,0.6444887288759061,1.0,0.3280852515411377,-11.084115350602447
BRZ-02141,0.03022572256830842,0.0,0.38108905031041157,1.0,1.121837896969792,-8.902003558778503
BRZ-02142,0.0006734364470945516,0.0,-0.1075508572480491,1.0,1.8171697307073122,-7.386722584523661
BRZ-02143,0.3570960469570429,0.0,0.14464899261340056,0.8265507704464641,2.954961651620252,-11.25446834076637
BRZ-02144,0.06303373099268307,0.0,0.2582880523962069,1.0,3.8421243405979113,-6.752850677327953
BRZ-02145,0.0,0.0,1.351593820623254,0.7132701421800947,0.25280186641262226,-9.635644378517382
BRZ-02146,0.5874946046078316,0.0,-0.6082655434372625,1.0,1.1332375779182096,-11.066104953262629
BRZ-02147,0.0,0.0,-0.7558035723743258,1.0,0.841814679538474,-9.78003198097662
BRZ-02148,0.0,0.0,0.2652627927757673,1.0,2.098980210490799,-6.789549413517392
BRZ-02149,0.0,0.0,-0.08407562436689246,0.7199367088607596,2.4521958751646475,-10.444407488123536
BRZ-02150,0.0,0.0,1.3242127649007365,0.9421782178217823,20.572360089319517,-6.501882102124404
BRZ-02151,0.0,0.0,0.7494431563358827,0.0,0.6538344357042374,-10.483694966042343
BRZ-02152,0.10308796031161307,0.0,-0.24904576287461366,0.8526398739164697,3.0491908799475507,-10.608540146459926
BRZ-02153,0.0,0.0,0.6612021070466024,0.29281767955801113,3.4803573963317334,-13.137988517087486
BRZ-02154,0.0,0.0,-0.12846327351674897,1.0,4.869587551215248,-9.47559242767226
BRZ-02155,0.0,0.0,-0.0973350789368355,1.0,3.7960323223252623,-8.779415589824618
BRZ-02156,0.0,0.0,-0.17396571877270628,0.9266561514195586,3.3671286733568966,-12.047773761935188
BRZ-02157,0.0,0.0,0.12264928383291884,1.0,7.76232326275716,-8.646036479233935
BRZ-02158,0.0,0.0,0.25069328436114663,0.9774436090225564,3.243968919566933,-9.305442731587293
BRZ-02159,0.0,0.0,0.4213553107909083,1.0,4.720700520312429,-9.174231515566134
BRZ-02160,0.0,0.0,0.1732966703624329,0.46708711076074116,4.428419823367217,-10.03176882512059
BRZ-02161,0.0,0.0,-0.26965868508305924,1.0,1.1600762492931822,-9.152087854353955
BRZ-02162,0.0,0.0,0.22717480696877443,1.0,1.938424544392281,-8.832817565668055
BRZ-02163,0.0,0.0,-0.028400787791248362,0.0,9.515216912338383,-9.417044103365141
BRZ-02164,0.022746424749640788,0.0,-0.526863369686118,1.0,2.1818645900569877,-8.590925385103144
BRZ-02165,0.0,0.0,0.6704933136461905,0.02956247536460387,5.800118406602486,-9.855736254011223
BRZ-02166,0.0,0.0,0.3805084608843145,0.9747035573122529,6.037517554531172,-6.768286071725468
BRZ-02167,0.07695673963003478,0.0,0.6586346431475714,1.0,2.019078213438735,-8.637938321099755
BRZ-02168,0.0,0.0,-0.20749577158227328,0.44869771112865037,18.900826706184834,-9.440937534620353
BRZ-02169,0.0,0.0,0.023545184951641554,1.0,2.609633110679234,-9.18275215337059
BRZ-02170,0.0,0.0,-0.7451217713847273,0.4335305719921104,9.569960089372895,-7.619417545471401
BRZ-02171,0.0,0.0,0.10588337808754192,1.0,0.6577244052934855,-9.225930607470268
BRZ-02172,0.0,0.0,0.31099806590834034,1.0,2.5721769263762293,-8.051541254130381
BRZ-02173,0.0,0.0,-0.27730164091829274,1.0,1.47172368271821,-8.46711818080486
BRZ-02174,0.013108251067136116,0.0,-0.32518923534947564,0.683399209486166,3.418687362711307,-8.935848343617106
BRZ-02175,0.0,0.0,0.10762536205464424,1.0,4.130561010934386,-8.024781590162442
BRZ-02176,0.0,0.0,-0.35494838246894694,1.0,5.138375723368156,-11.70119249250172
BRZ-02177,0.0,0.0,-0.6651744747314102,1.0,3.296141999874251,-3.937915806412904
BRZ-02178,0.0,0.0,-0.3707786949416048,0.0,28.038567815614087,-13.257821925750966
BRZ-02179,0.0,0.0,0.1363785591900906,0.9695652173913044,0.4665813181996101,-11.061774071445134
BRZ-02180,0.0,0.0,0.3995100123386316,1.0,2.7156792853006255,-7.578635112933651
BRZ-02181,0.0,0.0,0.3936160534999854,0.0,1.3774106779794664,-11.435359829478907
BRZ-02182,0.9246939174271385,0.0,0.3701542584365287,1.0,4.6471207819138485,-7.783957745774543
BRZ-02183,0.0,0.0,0.14100061221780733,1.0,2.7157936147078114,-9.240173309098141
BRZ-02184,0.0,0.0,0.037017862233674426,0.4209072978303748,5.554781681552863,-8.820331111115268
BRZ-02185,0.0,0.0,-1.2996633027593956,0.0,3.3884694374668376,-12.035782577427842
BRZ-02186,0.0,0.0,0.05788076967974221,0.0,4.320160970929885,-9.441268473028112
BRZ-02187,0.03162296660840276,0.0,-0.9266797354353662,1.0,1.1323198367686809,-8.121724293914228
BRZ-02188,0.0,0.0,0.3554181001787471,1.0,3.3996700551210943,-7.4328958682787345
BRZ-02189,0.0008780714139188929,0.0,-0.051522416576213724,1.0,10.77468672395185,-7.857984797765847
BRZ-02190,0.0,0.0,-0.2083381540513846,0.5187672856578428,8.095806378767662,-9.70696885475748
BRZ-02191,0.0,0.0,-0.9828319744767858,1.0,2.7987056613452825,-9.856674213508319
BRZ-02192,0.08270853678609316,0.0,0.7961059497482151,0.9932779754843812,8.100912347230711,-10.054469140462443
BRZ-02193,0.0,0.0,0.62591540511374,1.0,1.2819901442148565,-9.318982036967366
BRZ-02194,0.0,0.0,0.29152193764321066,1.0,2.538626627885723,-8.244368572187392
BRZ-02195,0.0,0.0,0.5620720944570929,0.8765822784810127,0.7272870880325838,-7.531246059430772
BRZ-02196,0.0,0.0,-0.5046255173526139,0.9005524861878453,6.999689811148428,-8.585892828802786
BRZ-02197,0.0,0.0,0.29947859548455863,1.0,2.7486096256851256,-10.462403714134279
BRZ-02198,0.0,0.0,0.6322637874564361,0.7399049881235154,3.0335421698597282,-8.356980397290986
BRZ-02199,0.0,0.0,-0.7485267185270118,1.0,5.883832655832573,-9.321366054955899
BRZ-02200,0.0,0.0,-0.022970070548164523,1.0,4.770556728379686,-7.1155410144099855
BRZ-02201,0.0,0.0,-0.03838228247185293,1.0,11.201153988503354,-7.87154383901475
BRZ-02202,0.0,0.0,0.0993366931161621,0.3642121931908155,2.6380537359807907,-12.719218682228494
BRZ-02203,0.0,0.0,-0.11416049670299316,1.0,3.583289634126876,-8.753627740024339
BRZ-02204,0.0,0.0,-0.5317059566636945,1.0,0.7236025304335042,-8.64998418206901
BRZ-02205,0.0,0.0,-0.05733155524917766,1.0,0.36545877842146457,-10.417587464061063
BRZ-02206,0.005325579246985946,0.0,-0.3419214124324592,1.0,3.3266721570767093,-8.526683165645007
BRZ-02207,0.014181233907156001,0.0,0.5762991438207659,0.5958877026492684,1.8128212664476953,-8.46449488267393
BRZ-02208,0.0,0.0,-0.17310678774582317,1.0,4.265090043107676,-7.681442994239361
BRZ-02209,0.0,0.0,-0.3763039806654774,0.7544483985765126,35.989340111242754,-8.924904842591292
BRZ-02210,0.0,0.0,-0.4961921843910024,0.9912802219579866,6.907190332803866,-9.720496573682178
BRZ-02211,0.02962342787147606,0.0,-0.36795511362038874,1.0,5.6257408382401275,-11.952900695237577
BRZ-02212,0.0063082147742201475,0.0,0.3543040292767328,1.0,5.007291868071361,-6.069370529882905
BRZ-02213,0.0,0.030830039525691702,-1.4806693244910178,0.0,4.842675709703499,-15.941815423860175
BRZ-02214,0.0,0.0,0.2503441154157394,0.796603475513428,2.882141339315923,-9.409675993765166
BRZ-02215,0.0,0.0,-0.03134323178073557,0.9084451460142068,1.58280582232059,-9.4005524662301
BRZ-02216,0.0,0.0,-0.0462779316895778,0.9711005542359461,3.8376450435123157,-9.45807725160491
BRZ-02217,0.0,0.0,-0.05650116677929284,1.0,1.235689052944439,-8.367389852404429
BRZ-02218,0.0,0.0,-0.07994235668908688,1.0,2.522957833622786,-9.25729264135553
BRZ-02219,0.0,0.0,-1.230119807120376,1.0,5.724528303148507,-10.179421088815529
BRZ-02220,0.0,0.0,-0.48448449882090366,0.8361559669161086,1.9735413909704471,-9.211692090627112
BRZ-02221,0.0,0.0,0.23454394979942056,1.0,0.3182530436873813,-3.7631771095618203
BRZ-02222,0.0,0.0,-0.7061692083600086,0.43026004728132383,5.123179450695918,-10.088888522601662
BRZ-02223,0.0,0.0,0.600531311961374,0.0,0.05969905684688424,-8.600503262151317
BRZ-02224,0.0,0.0,-0.20657354228907837,1.0,1.3441475083639156,-9.266152077164994
BRZ-02225,0.8182953627402246,0.0,-0.10527128631669648,1.0,5.443677658358114,-9.270627117406924
BRZ-02226,0.0,0.0,0.4629902561041008,0.9980252764612955,0.31953123478134643,-9.191506136124934
BRZ-02227,0.0,0.0,-0.6464716182026297,1.0,16.966373219474008,-9.897906096639195
BRZ-02228,0.01230877923743823,0.0,0.04853070822647617,1.0,3.648118188052057,-9.911908809900963
BRZ-02229,0.0,0.0,0.042753964446390326,0.6113088177145116,7.099926622635106,-8.654563905839888
BRZ-02230,0.0,0.0,0.8374121789918066,0.9936858721389108,9.152174812868536,-10.052471473673311
BRZ-02231,0.0,0.0,-0.5717153802992856,0.8552787663107948,5.640472755679957,-7.749901611697438
BRZ-02232,0.01596680067809699,0.0,0.06055137432900697,1.0,0.543649845574536,-9.957987773184675
BRZ-02233,0.6683474319367223,0.0,2.138438416485968,1.0,6.9530695236044044,-7.995843588761446
BRZ-02234,0.0,0.0,-0.7368309071206552,0.8216686437327008,3.3477774059185847,-10.036897877879229
BRZ-02235,0.0,0.0,0.7329500887828618,0.8734726054394955,1.9774266531288167,-8.463748732290265
BRZ-02236,0.0,0.0,0.6279243984500396,1.0,3.614094555663642,-7.617302408502716
BRZ-02237,0.0,0.0,-0.25307235725118754,0.2011811023622047,0.28804238007901406,-12.597137190910813
BRZ-02238,0.0,0.0,0.2560862491669862,1.0,2.313072963216998,-8.59838074685684
BRZ-02239,0.0,0.0,-0.3751306690609897,1.0,0.4669193115533178,-8.105057769449328
BRZ-02240,0.16508505843550322,0.0,2.030902876732092,0.8300395256916995,14.690120996500008,-7.674084891170854
BRZ-02241,0.10735818499675653,0.0,-0.4631065705035487,1.0,0.34534373896662185,-9.995186504088377
BRZ-02242,0.0,0.0,0.5170344321641562,0.9699248120300753,3.1297150654481896,-7.304908442874777
BRZ-02243,0.0,0.0,0.12241573945661695,1.0,1.1000775235846891,-4.646034611088244
BRZ-02244,0.0,0.0,0.7569551559637893,0.3632781717888101,4.135562985123529,-9.731384581512271
BRZ-02245,0.0,0.0,-1.0509387675627706,1.0,3.960314515161793,-8.41385235938422
BRZ-02246,0.0,0.0,-0.5718555358238668,0.0,1.2160282856068414,-13.927248741969823
BRZ-02247,0.0,0.0,0.10888254605872803,0.0,10.985098153654901,-12.977060566188566
BRZ-02248,0.0,0.0,-0.47655530547374153,1.0,1.9710896445096855,-8.966011166694763
BRZ-02249,0.0,0.0,-0.004926684204047829,1.0,0.6882247687511204,-8.081463664637829
BRZ-02250,0.0,0.0,-0.6291664116243559,1.0,0.4287360108861714,-9.450837318415672
BRZ-02251,0.0,0.0,-0.6115399943961694,1.0,3.2582751238719956,-9.570212122410663
BRZ-02252,0.0,0.0,-0.6526698728284117,0.8990498812351545,1.6395139530857545,-11.278777226580406
BRZ-02253,0.0,0.0,0.1428034196954841,0.7311955661124309,7.041728729095823,-8.448528711305249
BRZ-02254,0.0,0.0,-0.25602874024498407,0.732833464877664,1.5113375855548081,-10.48332624167035
BRZ-02255,0.0,0.0,-0.3020317948098117,1.0,0.43181905053733877,-7.154128359901206
BRZ-02256,0.0,0.0,0.7470026888367142,0.0,0.4845327102301252,-10.279808559552581
BRZ-02257,0.0,0.0,0.3959716100084402,1.0,3.395637482491909,-9.096165281557127
BRZ-02258,0.0055577927473748085,0.0,-0.9093460997793397,1.0,9.555885317584169,-7.678072477197167
BRZ-02259,0.0,0.1377812870114489,-1.2641141987742721,0.0,1.5417254546113435,-13.761619556783259
BRZ-02260,0.17460053924919353,0.0,-0.16708371444848372,1.0,0.6820486833679983,-8.105988984329851
BRZ-02261,0.0,0.0,1.11407064025241,0.9881889763779528,7.088038877515359,-5.610797359131503
BRZ-02262,0.0,0.0,-0.5641469295760846,0.8605940594059407,5.136042146850496,-3.816736860415033
BRZ-02263,0.0,0.0,-1.029548835853953,1.0,4.978746129315022,-8.429779057945435
BRZ-02264,0.0,0.0,-0.4247308020309058,1.0,3.603087435677417,-9.154251090655322
BRZ-02265,0.0,0.0,-0.4224511756651767,0.5901898734177216,6.771407360125523,-8.58918809883596
BRZ-02266,0.0,0.0,0.424524510319917,1.0,5.645188010377595,-9.547598119006425
BRZ-02267,0.0,0.0,-0.0284299260475982,1.0,3.286027942244127,-6.810642203905276
BRZ-02268,0.0,0.0,0.49145447118820335,1.0,3.5271927433662875,-7.895813930783567
BRZ-02269,0.0,0.0,0.06117867236811666,1.0,1.414971213071714,-8.677049336822433
BRZ-02270,0.009912323930006224,0.0,0.24333125116913967,0.8944466325324931,2.521988251034324,-9.378312149710311
BRZ-02271,0.0,0.0,-0.8568972303130662,0.0,1.0144767392601297,-10.951667472665763
BRZ-02272,0.0,0.0,-0.4177251066371399,1.0,7.106841703960296,-9.427428628078797
BRZ-02273,0.0,0.0,-0.2807249551028427,1.0,3.6361146370279727,-9.450263569858741
BRZ-02274,0.0,0.0,-0.26968153597551725,0.0480504135486412,5.313050879115541,-9.31874627404371
BRZ-02275,0.0,0.0,0.11691010540805609,0.0,4.907119468146822,-11.194893600551614
BRZ-02276,0.033227658934063375,0.0,-0.49610440234899,1.0,0.9452125678190044,-7.1609896206431
BRZ-02277,0.0,0.0,-0.15667224965320511,1.0,5.702657407096327,-8.471421932322293
BRZ-02278,0.0,0.0,0.19779272843628165,0.9770750988142294,4.900251882749595,-9.144477524498699
BRZ-02279,0.0,0.0,0.8146870700049552,1.0,1.2013738224626902,-9.985085092218053
BRZ-02280,0.0,0.0,-0.2773417964092085,0.0,0.3267852590147428,-12.67683997949534
BRZ-02281,0.02961533124075283,0.0,-0.292647210963105,1.0,2.498788288739573,-10.615717683725187
BRZ-02282,0.0,0.0,2.031542314767421,0.0,0.8632437014131265,-8.721207823390703
BRZ-02283,0.009079333494971446,0.0,0.6776734033449863,1.0,1.3706057884514178,-6.43102025687789
BRZ-02284,0.0,0.0,-0.17311679013379336,0.8692398582118945,0.5390986142478004,-11.616765037106488
BRZ-02285,0.0,0.0,0.4347546356203832,1.0,2.5620294556697876,-10.220651325981269
BRZ-02286,0.0,0.0,0.6084114694287782,0.5429133858267716,3.424995888386283,-8.228145839326038
BRZ-02287,0.0,0.0,-0.5384999680469625,1.0,5.064241045404757,-8.997530521420533
BRZ-02288,0.0,0.0,0.1356632650318464,1.0,1.1166997208956537,-10.783397181322469
BRZ-02289,0.0,0.0,0.881138841409056,1.0,1.8431256528471696,-7.792190350114294
BRZ-02290,0.0,0.0,0.8490301811196411,0.2132120253164557,2.5002115355785284,-11.288004212024422
BRZ-02291,0.0,0.0,0.5289552512214932,0.0,3.047454261528067,-11.124054403222672
BRZ-02292,0.0,0.0,-0.26865290714207923,1.0,1.0462164225627648,-9.204764231912522
BRZ-02293,0.0,0.0,-0.13447051826265483,1.0,2.0941321785417384,-7.42623639317922
BRZ-02294,0.0,0.0,-0.11151947922240273,0.9368836291913215,2.9143163580416167,-9.26346866694074
BRZ-02295,0.0,0.0,0.7884069639541761,0.48910891089108904,0.3716116887549069,-7.074189879620136
BRZ-02296,0.0,0.0,0.8625371737619871,1.0,15.162863044226969,-8.740520057903902
BRZ-02297,0.0,0.0,0.30822567607319296,1.0,3.2658428634188446,-7.254149743734256
BRZ-02298,0.00037944115003891657,0.0,-0.6248781875650238,1.0,5.704412709676524,-8.131304937425025
BRZ-02299,0.0,0.0,-0.42087731725140537,1.0,3.1467586112044894,-10.63800996422999
BRZ-02300,0.0016103178415905583,0.0,0.838499897185519,0.5551601423487544,2.4171100447128375,-8.868052366149287
BRZ-02301,0.0,0.0,0.8268767785568942,1.0,2.495866615350925,-8.16359648246178
BRZ-02302,0.002863822100594369,0.0,-0.1831507550064453,1.0,9.309353026899505,-8.315109882325732
BRZ-02303,0.0,0.0,0.15118792470414216,0.48556741795175973,4.067647849188218,-10.169819426868166
BRZ-02304,0.0,0.0,-0.30805532257506263,1.0,3.182219496388333,-9.684376859446292
BRZ-02305,0.0,0.0,-0.2077687331926901,0.0,10.922227578170363,-13.52369052465024
BRZ-02306,0.0,0.0,-0.3206249295067289,1.0,1.4272550749443123,-8.153751881761789
BRZ-02307,0.018601565451393555,0.0,1.1795904384292417,1.0,5.137054611819535,-8.250359691034442
BRZ-02308,0.0,0.0,0.2710710500937245,1.0,2.8722920812794235,-9.196051003655867
BRZ-02309,0.0,0.0,0.10752833642081253,0.0,0.6059736435105261,-11.722210761587872
BRZ-02310,0.0002028696386239275,0.0,-0.23832830771329394,1.0,1.6421037952498798,-11.659512295814238
BRZ-02311,0.0,0.0,0.6377404676466771,1.0,8.617802938621507,-8.415938156835981
BRZ-02312,0.0,0.0,0.07175974785817667,1.0,2.9723437377193305,-8.453305038550923
BRZ-02313,0.0,0.0,-0.22732005004189038,0.4553006329113924,12.16999485997822,-9.412521606895215
BRZ-02314,0.0,0.0,0.3930061689588983,0.17959826703426549,0.6382138995390776,-9.447762487607559
BRZ-02315,0.20140710311832039,0.0,-0.13234752266444946,1.0,6.746089717616531,-8.196380034014375
BRZ-02316,0.0,0.0,-0.7088738353249818,0.9747832939322302,5.684850343036398,-9.380197136389805
BRZ-02317,0.0,0.0,-0.6149253378427221,0.8227848101265823,2.20158891396435,-10.834897215603059
BRZ-02318,0.02366835724989416,0.0,-0.14517248978052352,1.0,3.19019510243982,-8.251066030196899
BRZ-02319,0.0,0.0,0.0391622717257279,0.9849564528899446,6.5594730216557755,-9.141052324664585
BRZ-02320,0.0045933755048414475,0.0,0.03488786546586474,0.9454545454545454,5.001400982392264,-10.176819523010016
BRZ-02321,0.0,0.0,-0.32405215986565233,1.0,11.03099628188006,-8.659705367539456
BRZ-02322,0.01982519298662259,0.0,0.4998065639619297,1.0,5.5011453492730205,-8.743017741720475
BRZ-02323,0.0,0.0,0.3256678943281504,1.0,1.7733303758136219,-7.6458712693159825
BRZ-02324,0.0,0.0,0.04651023853726245,0.008671659440283799,4.416524699358581,-9.754005727571657
BRZ-02325,0.0,0.0,-0.41434844806364873,1.0,1.8161244238111305,-9.395046886649023
BRZ-02326,0.0,0.0,-0.2100976636177551,1.0,3.09054393611131,-8.97324262347407
BRZ-02327,0.0,0.0,0.03865061503423542,1.0,1.7471027981107692,-7.798927163518453
BRZ-02328,0.0,0.0,-0.038281540324839665,0.0,5.9528054090356095,-10.629964051317177
BRZ-02329,0.004079611742172271,0.0,0.9424779798191165,0.5888845092629089,3.9667592166072136,-8.007416625680152
BRZ-02330,0.0,0.0,-0.05365155696105723,0.0,1.6138440654019433,-10.111804458229846
BRZ-02331,0.0,0.0,0.5045237612433571,0.9404104183109708,0.6383023332345025,-8.538317934438735
BRZ-02332,0.0,0.0,-0.32008996089893893,1.0,13.226030271071728,-9.51632066134103
BRZ-02333,0.0,0.0,0.05714375681238651,0.2936539219550651,6.688543007602835,-9.008034429961176
BRZ-02334,0.0,0.0,0.2578549862516131,0.9909270216962525,2.399998810641257,-7.065825987051968
BRZ-02335,0.009795961644679569,0.0,-0.2999651465012086,1.0,2.4434403241030527,-6.764347877373639
BRZ-02336,0.0,0.0,-0.8867119099942983,0.0,0.8655982029211476,-12.514113144139126
BRZ-02337,0.0,0.0,-1.145907573429039,1.0,1.867612312193859,-8.77921842938765
BRZ-02338,0.0,0.0,0.6167058452150657,1.0,6.777257499718132,-6.71924367733282
BRZ-02339,0.0,0.0,0.6185045622857004,1.0,11.052995562479683,-9.827078888815004
BRZ-02340,0.0,0.0,0.6136440995826188,0.8219070133963752,0.1773568710024137,-4.771727513246027
BRZ-02341,0.0,0.0,1.3104685630283586,0.5846518987341773,2.9022687671362,-9.670723881435606
BRZ-02342,0.0,0.0,0.44033196156120724,0.9810501381760759,0.9468187721777734,-9.262872462660509
BRZ-02343,0.0,0.0,0.36342708791244627,1.0,4.450812501932208,-6.544885017584025
BRZ-02344,0.0,0.0,-0.023243606572152232,1.0,5.420139793110482,-8.262983004931359
BRZ-02345,0.0,0.0,-1.056973455519002,0.0,2.014061284593932,-13.077263839910364
BRZ-02346,0.0,0.0,-0.49576942987115447,1.0,2.870736608982871,-8.156996710668519
BRZ-02347,0.0,0.0,-0.08917380166053757,0.6254444883445278,5.897993678387989,-12.13319847918204
BRZ-02348,0.0,0.0,-0.9697873206663321,1.0,4.531895743288856,-9.829050615933154
BRZ-02349,0.0,0.0,-0.7145133919772007,1.0,1.2540402083034234,-9.929148114348356
BRZ-02350,0.0,0.0,0.4654844022598337,1.0,5.699889834501086,-8.408588355226291
BRZ-02351,7.214760018222994e-05,0.0,-0.3764725587388771,1.0,2.3311211285483946,-9.620847470854946
BRZ-02352,0.0,0.0,-0.2844391732919673,1.0,0.9165881972789465,-9.154071272769807
BRZ-02353,0.0,0.0,-0.5727503164780673,0.9988165680473373,4.91543602366864,-7.591432657234139
BRZ-02354,0.0,0.0,-0.6052399846320026,1.0,1.3941636047907635,-8.41350567521406
BRZ-02355,0.0,0.0,0.7329506529058514,0.0,1.9238678030904537,-11.531921548952804
BRZ-02356,0.0,0.0,1.4318102052679966,0.0,3.6880281325011133,-9.458298838777639
BRZ-02357,0.0,0.0,0.013541189611584828,1.0,0.20524857313579653,-7.915981681345399
BRZ-02358,0.0,0.0,-0.05890772925138878,1.0,11.145665939846598,-9.179022371802931
BRZ-02359,0.016386409042149604,0.0,-0.3344014305198158,1.0,9.143899497505265,-8.903246120385592
BRZ-02360,0.0,0.0,-0.4141969868080796,1.0,0.03299004717451566,-9.331356090026151
BRZ-02361,0.0,0.0,-1.123582629684336,0.7831420656905425,2.356183696702566,-11.916949210919512
BRZ-02362,0.0,0.0,-0.22286408139202252,0.0,2.463926840768307,-12.315772830091962
BRZ-02363,0.00018578614416746685,0.0,-0.611834472608459,1.0,0.38888804652415615,-7.708624642788111
BRZ-02364,0.0,0.0,-0.06623312281093045,1.0,2.215478097233765,-6.660062133462454
BRZ-02365,0.0,0.0,0.3433800479147842,1.0,0.4627725538283384,-9.635894141775104
BRZ-02366,0.00020353605078821273,0.0,0.6456998160239252,0.88572558323448,1.6745394412542172,-8.00584015305293
BRZ-02367,0.0,0.0,-0.34650427611532497,0.10051444400474875,5.977436970184624,-10.1008895243105
BRZ-02368,0.0,0.0,-0.413336831834906,1.0,1.6401601559860235,-8.064245816372512
BRZ-02369,0.0,0.0,-0.17577231736467755,0.6611570247933886,0.5928996584805277,-8.331627275788179
BRZ-02370,0.0,0.0,-1.0247392649355636,1.0,2.5056864959203455,-8.875709412535558
BRZ-02371,0.0,0.0,-0.4819312532326566,0.0,0.7105428879364063,-8.445973061139213
BRZ-02372,0.0,0.0,-0.07852587005298428,0.0,8.467339780602659,-11.834626334770569
BRZ-02373,0.0,0.0,0.30806576392295293,0.10957824201813166,1.9642376861880209,-11.8141613970849
BRZ-02374,0.0,0.0,0.3021086341238449,1.0,2.2270162558102484,-8.10863452074787
BRZ-02375,0.0,0.0,-0.017892857995958886,1.0,1.9685052515411376,-8.534652841125297
BRZ-02376,0.0,0.0,0.131560081941893,0.0,0.5072012573376717,-10.181923874411153
BRZ-02377,0.0,0.0,0.09234645328431938,1.0,0.552039097158349,-9.672665326332746
BRZ-02378,0.0,0.0,-0.35462798692973474,1.0,2.007553753207363,-10.264742800627934
BRZ-02379,0.0,0.0,0.24645326792180572,1.0,1.8336471716204163,-8.721253286669432
BRZ-02380,0.0,0.0,0.0753011300088993,1.0,3.7151008637834475,-8.52747891359241
BRZ-02381,0.0,0.0,0.4351485736959615,1.0,1.4883390156516079,-9.521854352165889
BRZ-02382,0.0,0.0,0.5354869601825089,0.0,2.992989177965682,-9.040165145676024
BRZ-02383,0.0,0.0,-0.37525265367578325,1.0,2.985978571399737,-9.648931633539554
BRZ-02384,0.0,0.0,-0.34626899298060204,0.06579468886246533,1.1552498568050946,-9.512987750251789
BRZ-02385,0.0,0.0,0.932310658450912,0.3918013401655499,2.349347949454699,-9.255147347442916
BRZ-02386,0.0,0.0,-0.9249947010928082,1.0,8.777895035294573,-9.106067784213224
BRZ-02387,0.0,0.0,0.9594793964622167,1.0,2.6308831099630834,-7.583459066102228
BRZ-02388,0.0,0.0,-0.11574771442027136,1.0,1.396555235280419,-7.848959307819013
BRZ-02389,0.0,0.0,0.1746692907630997,1.0,3.792114021240192,-9.811824766906595
BRZ-02390,0.0,0.0,0.0075574896626266035,0.0,2.2280936813600056,-11.811557521232155
BRZ-02391,0.0,0.0,0.35083149809084097,0.0,1.3527147753537871,-9.302153614956811
BRZ-02392,0.009397181056619588,0.0,0.2320170618561212,0.027283511269276403,0.5436945010375978,-9.782640540862078
BRZ-02393,0.0,0.0,0.5406808391961669,1.0,0.32743310780257445,-9.257733493997499
BRZ-02394,0.0,0.0,-0.41889544254180044,0.0,11.959405758183335,-12.553471994312929
BRZ-02395,0.0,0.0,0.058561567902859095,1.0,0.20647480543756336,-5.176207383040571
BRZ-02396,0.0,0.0,1.0505752667504926,0.0,0.5337351637182893,-8.833239129677434
BRZ-02397,0.0,0.0,0.9118709546622217,1.0,2.090020743685302,-8.590953299970185
BRZ-02398,0.0,0.0,0.544900554138241,1.0,0.6367323787436103,-8.38330191364447
BRZ-02399,0.0,0.0,0.25434027431444695,0.0,0.6826113444212178,-10.999879343194873
BRZ-02400,0.0,0.0,0.29216883425204493,0.0,2.209673608757854,-11.168623996556413
BRZ-02401,0.0035755659466429343,0.0,-0.35614679591076426,1.0,1.2244520012577818,-10.852154244349599
BRZ-02402,0.0,0.0,-0.15945753326344958,1.0,4.294706061116702,-9.2082091237325
BRZ-02403,0.0,0.0,0.39824502286875474,0.1253955696202532,4.237447891525769,-10.746890789696794
BRZ-02404,0.0,0.0,-0.3106022619685285,1.0,2.768507268583482,-9.38526596733313
BRZ-02405,0.0,0.0,-0.1718392247966941,0.8172468354430378,1.096905279282316,-10.505658137541324
BRZ-02406,0.0,0.0,-0.4447484110446923,1.0,1.881127463307987,-9.890741505023
BRZ-02407,0.0,0.0,0.5828236709665016,1.0,1.8852492728266903,-7.982655056078291
BRZ-02408,0.0,0.0,0.5498665150516218,0.0,2.9101457389103236,-11.020852221200345
BRZ-02409,0.0,0.0,-0.6497008249310511,1.0,8.53265071829977,-8.675222562164839
BRZ-02410,0.0,0.0,-0.3431036707819368,0.297947908445146,2.3139355741732386,-10.595805003595082
BRZ-02411,0.0,0.0,0.17100909236448766,1.0,1.998904689798295,-7.541551242943314
BRZ-02412,0.0,0.0,-0.01157047157831338,1.0,7.185624324976129,-8.732834457323086
BRZ-02413,0.0,0.0,-0.5250338430849144,0.9901458415451321,9.699362846817571,-9.148250873424733
BRZ-02414,0.0,0.0,0.3816645662364979,1.0,2.1339658255124716,-9.035678355145706
BRZ-02415,0.006478668578007343,0.0,0.3098800736218501,1.0,3.073567418817545,-8.340790432357958
BRZ-02416,0.020173188589566144,0.0,-0.45523359788730966,0.8573680063041765,2.62467250495592,-9.352936560015069
BRZ-02417,0.0,0.0,-0.18214699855109484,1.0,3.7698614594280833,-11.076138953582154
BRZ-02418,0.14542784381456986,0.0,-0.9962777645571739,0.587957497048406,0.7042018740280853,-11.717292501584797
BRZ-02419,0.0,0.0,0.6969715571315007,1.0,7.429468090050964,-8.168414889847062
BRZ-02420,0.0,0.0,0.2375694618769183,0.0,1.9014860428440081,-12.393243085505883
BRZ-02421,0.0,0.0,0.4894744387301864,1.0,7.04495681843118,-8.022062900682398
BRZ-02422,0.011869731245482218,0.0,-0.3575111876111596,0.5914658237850652,4.124968043952861,-10.23872728853173
BRZ-02423,0.0,0.0,-0.9616449087266752,1.0,4.044551281082752,-9.1206957328427
BRZ-02424,0.0,0.0,-0.506517881843627,0.7311955661124308,3.1173161419947144,-10.453221679871296
BRZ-02425,0.0,0.0,-0.10473774529077039,1.0,0.31643725444500276,-9.16353788664859
BRZ-02426,0.0304846676250055,0.0,-0.43509727045160906,1.0,2.5080856763483905,-8.630082081795564
BRZ-02427,0.0,0.0,-0.3531766489340213,0.5061240616357172,1.815152012172686,-10.234257662772519
BRZ-02428,0.0,0.0,-0.48395886478400574,1.0,5.069713583448627,-10.338926973573079
BRZ-02429,0.0,0.0,1.1121532250571926,0.41972386587771204,0.0,-10.021106512309471
BRZ-02430,0.0,0.0,0.18236967973694704,1.0,4.353146615516392,-8.936427410014716
BRZ-02431,0.0,0.0,0.3692218641278546,1.0,0.8396482726255298,-8.762992290329509
BRZ-02432,0.0,0.0,-0.058702550040617994,1.0,5.297213567493568,-9.011622303844037
BRZ-02433,0.0,0.0,1.1621938131448466,1.0,6.643736072774131,-9.27786473476373
BRZ-02434,0.0,0.0,0.4242011461836176,1.0,0.1782614867119755,-8.05299844597601
BRZ-02435,0.0,0.0,0.2477498680660249,1.0,3.325249732156526,-9.354600097073272
BRZ-02436,0.0,0.0,-0.0471225183875576,1.0,0.5397280865266172,-8.937226313621213
BRZ-02437,0.04231178695740907,0.0,-0.04302592568914946,1.0,8.594242018374688,-9.601015470066322
BRZ-02438,0.0,0.5317554240631165,-2.643557016118428,0.0,1.3903763290029671,-15.773747402401597
BRZ-02439,0.0,0.0,0.009528129401900686,0.317015396762732,1.2777586566366927,-11.924083568502963
BRZ-02440,0.0,0.0,0.40210540504040587,0.687795275590551,1.386868309983381,-13.520235031090902
BRZ-02441,0.0,0.0,0.20021210539182147,1.0,5.601253610863781,-8.10156220981483
BRZ-02442,0.09821710559230039,0.0,0.2950647429660456,1.0,2.1560613522249996,-9.638585107537326
BRZ-02443,0.005939684269977002,0.0,0.43929152634630253,0.9478878799842084,0.22938767488328263,-11.748296766703078
BRZ-02444,0.009685709111057308,0.0,-0.11251066877956947,1.0,1.5122426908202795,-8.189956409023386
BRZ-02445,0.0,0.0,0.5165484700145218,0.0,0.9780256986867324,-8.117080623823508
BRZ-02446,0.0,0.0,-1.2412864945921227,1.0,9.600124095271525,-9.738421626902202
BRZ-02447,0.0,0.0,-0.4166019390992088,1.0,3.1594422499522383,-8.196294695218818
BRZ-02448,0.0,0.0,-0.04083177610311516,1.0,0.6244857141218535,-8.146754005311006
BRZ-02449,0.0,0.0,1.2959214434833957,0.0,6.433918120842974,-10.558131059780848
BRZ-02450,0.0,0.0,-0.13587116654673506,1.0,1.815456536217579,-6.1339914313211725
BRZ-02451,0.0,0.0,0.35277666396306817,1.0,5.743546650871666,-8.165947346232654
BRZ-02452,0.0,0.0,0.39457037918356597,0.9534883720930233,1.8483668997732485,-9.994118688927234
BRZ-02453,0.0,0.0,0.3473626522889948,0.30007917656373706,2.3263305615088488,-10.064215723792763
BRZ-02454,0.0,0.0,-0.4195724498473661,1.0,3.268289098668537,-9.226117567812308
BRZ-02455,0.0,0.0,0.3568168862237527,1.0,10.492988445575799,-8.829205057080667
BRZ-02456,0.0,0.12859960552268246,-1.450192591443851,0.14832347140039448,0.2288167680596045,-13.785216472723624
BRZ-02457,0.0,0.0,0.7514626298587489,0.0,3.749663072523616,-9.277069317273677
BRZ-02458,0.0,0.0,1.0190578010640636,0.0,8.915326086956522,-9.304267446847339
BRZ-02459,0.0,0.0,-0.3567099401159398,1.0,3.608145457316704,-10.290154443782718
BRZ-02460,0.0,0.0,0.5774447753376113,1.0,5.110330618953206,-9.002560206074726
BRZ-02461,0.0,0.0,-0.013202159821989263,1.0,3.774331050520469,-5.7302974264589315
BRZ-02462,0.0,0.0,-0.5300931507794865,1.0,6.74389210856187,-9.097795030821501
BRZ-02463,0.0,0.0,-1.4953686399504926,0.2001582278481013,5.636086181569221,-13.154660623030232
BRZ-02464,0.04458768482608434,0.0,0.22644119684509215,1.0,6.3282174422061646,-7.201028903633299
BRZ-02465,0.07772856080742346,0.0,-0.5888112711014697,0.9164367363027198,3.7745842954757878,-8.60944545247069
BRZ-02466,0.0,0.0,-1.1004045635723596,0.5015785319652722,0.8123152597352399,-10.55539218366748
BRZ-02467,0.0,0.0,0.1769219353402833,0.7775147928994082,3.1110341272655235,-9.44002491441364
BRZ-02468,0.0,0.0,-0.2511328362104098,1.0,7.183731145337148,-9.32087593120695
BRZ-02469,0.0,0.0,0.8809663824495502,1.0,2.0167062593399803,-4.08794221622712
BRZ-02470,0.0,0.0,0.7084844607513241,0.664424218440839,2.6836154649782347,-9.661054491725368
BRZ-02471,0.0,0.0,-0.24201328121633198,1.0,0.22713545213856595,-11.780302493427671
BRZ-02472,0.0,0.0,0.9462425111842784,1.0,5.234314670037876,-9.36885245653463
BRZ-02473,0.0,0.0,0.04826457861447098,0.9980205859065716,8.431475988961747,-8.120031486592547
BRZ-02474,0.032099686913042255,0.0,0.007384398054900042,0.860244769048559,0.5569519137521435,-9.896729219110956
BRZ-02475,0.0,0.0,0.3282465664338251,0.7390099009900991,8.066967980705943,-6.504148551679876
BRZ-02476,0.0,0.0,0.25164711651040783,0.9972386587771204,10.04881788464145,-6.4434362007692
BRZ-02477,0.0,0.0,-0.6979950260101834,0.8548833531039938,4.637935731245338,-8.414492075430166
BRZ-02478,0.0,0.0,0.32710031888809665,1.0,1.5181794927302423,-9.169260743159313
BRZ-02479,0.008625420055479836,0.0,0.06535731917309393,1.0,7.990164409440851,-10.05178997165381
BRZ-02480,0.0,0.0,0.06700721763895781,1.0,3.2537800877773893,-8.875795477659576
BRZ-02481,0.013670458098526496,0.0,0.8355539590474687,0.8885387948011029,2.5428743160490592,-10.136765487177929
BRZ-02482,0.0,0.0,-0.06121905258789086,0.9751184834123223,1.4781932754024245,-9.60407094528137
BRZ-02483,0.0,0.0,-0.023524265170536993,1.0,0.668851246252598,-8.799990993816758
BRZ-02484,0.0,0.0,0.5866868371434071,0.24201813165155697,3.1857900433582977,-10.216391167272441
BRZ-02485,0.0,0.0,0.3461537490760686,1.0,2.395703643524122,-7.789359042798468
BRZ-02486,0.0,0.0,0.9809021831350473,0.17847249703205378,1.216647110903777,-9.285434594780396
BRZ-02487,0.0,0.0,0.010992175653295008,0.8517934568387859,1.2858262635931632,-9.998532030640112
BRZ-02488,0.0,0.032728706624605676,-0.7140081540925725,0.0,1.694238714262514,-12.725259823147718
BRZ-02489,0.0,0.0,0.24596502682551408,0.0,1.332113548851614,-9.03238681979573
BRZ-02490,0.0,0.0,-0.006453338674949089,1.0,6.478882679790806,-8.695409000467755
BRZ-02491,0.0,0.0,0.5310248384335785,1.0,1.6433961736981217,-4.0566262007450895
BRZ-02492,0.0,0.0,0.11133857879372908,1.0,3.3513750935265962,-9.54679369971028
BRZ-02493,0.0,0.0,0.41611246596193946,0.9873717442778217,5.752993179783779,-9.240290710139014
BRZ-02494,0.0640465388906763,0.0,-0.2943886623169376,1.0,2.656598897760059,-9.952645129081503
BRZ-02495,0.0,0.0,-0.267009621366758,1.0,2.886304275308343,-2.0647130318974316
BRZ-02496,0.0,0.0,0.19851824009763705,1.0,2.3903106793499367,-9.378565249854606
BRZ-02497,0.0,0.0,-0.5901184209202427,1.0,2.2947718722187114,-9.014111330220759
BRZ-02498,0.09003795284298095,0.0,-0.831334952818812,1.0,0.16746531351084218,-8.802724788964204
BRZ-02499,0.0,0.0,0.36092096338740476,1.0,2.43728279359895,-7.9131634573000325
BRZ-02500,0.0,0.0,-0.5152056085825238,0.3337282780410743,7.098507358578416,-10.319351204214303
BRZ-02501,0.0,0.0,0.17417040116560303,0.3739644970414202,1.5513775333095454,-7.376879336840364
BRZ-02502,0.0,0.0,-0.4611322933792126,1.0,7.41087278350809,-7.525926535011749
BRZ-02503,0.0,0.0,0.05314866474705079,0.0,1.6202960530317072,-12.103761340061272
BRZ-02504,0.18981645116103968,0.0,0.5165904427682888,1.0,1.703832524902615,-8.581404664771634
BRZ-02505,0.0,0.0,-0.29855504414914924,1.0,2.0010943961359495,-9.238140588491573
BRZ-02506,0.00028596125451933946,0.0,-0.5581136318311264,1.0,0.16086825571414845,-9.635530499525952
BRZ-02507,0.0,0.0,0.21147234439601048,1.0,8.371899945628915,-8.694781104575384
BRZ-02508,0.0,0.0,0.07810951672413573,1.0,2.3341903506631363,-7.457231026727075
BRZ-02509,0.0,0.0,0.22502985583503607,1.0,0.16916702483292206,-11.374930039776762
BRZ-02510,0.0,0.0,0.005342216313020755,0.0,6.190016784085586,-10.799110217153846
BRZ-02511,0.0,0.0,-0.417894643401217,1.0,1.556977936629739,-9.120130101754443
BRZ-02512,0.0,0.0,0.6092066248493634,0.0,1.1605648065307799,-9.759632746461008
BRZ-02513,0.0,0.0,0.7602737260798799,0.6947743467933493,5.217915399529314,-8.0026881105327
BRZ-02514,0.0,0.0,1.0159181110568571,0.0,0.44124488447205895,-10.605727352823036
BRZ-02515,0.0,0.0,-0.1324976820604371,0.35801980198019806,5.6989165306930705,-10.053277297868997
BRZ-02516,0.0,0.0,0.5092728904225025,1.0,0.9856779215464622,-6.852567027067984
BRZ-02517,0.06267144353377935,0.0,0.09911400991119224,1.0,9.960371802455152,-9.466025817018018
BRZ-02518,0.0,0.0,-0.7663424066835466,1.0,2.404791963251906,-8.242601016058694
BRZ-02519,0.0,0.0,0.009673883811052199,1.0,1.6624826107594934,-9.488376533419693
BRZ-02520,0.0,0.0,-0.26365114424444397,1.0,10.266300114455568,-9.765901018050823
BRZ-02521,0.0,0.0,-0.05370422707835201,1.0,31.779854362257677,-9.670588455729845
BRZ-02522,0.0,0.1522340846184263,-1.4902229236690918,0.0,0.23493964878129045,-14.87676228283238
BRZ-02523,0.0,0.0,0.8848691169707542,0.9838200473559591,1.8859013089668493,-10.032952124620762
BRZ-02524,0.003712338451237332,0.0,0.12150443774695815,1.0,1.106379840908652,-10.125920634686823
BRZ-02525,0.0,0.0,1.1425933961985777,0.0,2.749644762695025,-9.195915392853923
BRZ-02526,0.0007758527217318097,0.0,0.26610067628816486,1.0,1.227465979298054,-9.428703510512348
BRZ-02527,0.0,0.0,0.19923203754499885,1.0,3.867457238301527,-8.70814896931645
BRZ-02528,0.0,0.0,-0.4254859520382987,1.0,7.531255952478832,-9.760338172030778
BRZ-02529,0.0,0.0,1.0123659268532754,0.0,1.201513877465324,-12.048727489731053
BRZ-02530,0.0,0.0,-0.13201341441144213,1.0,3.6270156403463214,-8.22518293704148
BRZ-02531,0.0,0.0,-0.27335832140100336,1.0,4.776897194324967,-8.887596169155344
BRZ-02532,0.0,0.0,-0.04698021136603164,0.0,0.06012304767578511,-11.32108588846903
BRZ-02533,0.0,0.0,-0.5505455537085903,0.7573007103393844,3.1156351202294124,-10.157056106671657
BRZ-02534,0.0,0.0,0.0016863490588486679,1.0,11.104814843767683,-8.473453559546384
BRZ-02535,0.0,0.0,0.06847969308158552,0.5518606492478226,1.3662385558944907,-7.917216010637382
BRZ-02536,0.0,0.0,0.1934892446013191,1.0,3.6331625744674425,-9.351996722947069
BRZ-02537,0.0,0.0,-0.25116491954030773,0.9033280507131537,1.0517152872003657,-8.7078724741681
BRZ-02538,0.0,0.0,0.02673750857237895,1.0,3.1710896126379735,-9.917462346518327
BRZ-02539,0.0,0.0,-1.155516535314055,1.0,6.099382286636473,-9.54474480498671
BRZ-02540,0.0,0.0,-0.1390480867834266,1.0,5.853987335576949,-10.459510281319297
BRZ-02541,0.0,0.0,-0.060712363117582754,1.0,2.881415839256973,-9.362285978373247
BRZ-02542,0.0,0.0,-0.5272604279470923,0.4687500000000001,2.6953955767745605,-10.722039905023378
BRZ-02543,0.0,0.0,0.4275338214394368,0.9323575949367089,4.497918586071112,-8.160237379693195
BRZ-02544,0.0,0.0,-0.3414813363811285,0.9877760252365931,1.2803800729341537,-9.837018653051006
BRZ-02545,0.5097645396300455,0.0,-0.33092302805721974,1.0,2.2117780494043098,-9.944081970901397
BRZ-02546,0.0,0.0,0.2546656376691122,1.0,1.7604736764877453,-8.527415236827634
BRZ-02547,0.0,0.0,-0.06864055240614161,0.0,0.03979847581777013,-13.09427090142084
BRZ-02548,0.0,0.0,0.31904231146525835,1.0,3.6871203224374227,-8.341358458362352
BRZ-02549,0.0,0.0,-0.009638958336884596,1.0,0.3048057206115001,-10.684885582112745
BRZ-02550,0.0,0.0,0.9671368300376605,0.11356466876971609,2.6316507177482866,-9.743404099071181
BRZ-02551,0.0,0.0,0.23130356571703278,0.0,3.246345990262813,-10.607083349820481
BRZ-02552,0.0,0.0,-0.29725036330645177,0.0,1.7226034575558429,-8.429971823897757
BRZ-02553,0.0,0.0,-0.3980833073720507,1.0,3.460318506697627,-8.35401518770027
BRZ-02554,0.002058834674189618,0.0,-0.06796489223113046,1.0,0.424212689414426,-8.230038743188892
BRZ-02555,0.0,0.0,-0.1973231516499686,1.0,3.8231532497806486,-7.616707505439236
BRZ-02556,0.0,0.0,0.5914897316261089,0.6105179913009096,1.4385621243250233,-8.088298985042107
BRZ-02557,0.0,0.0,0.20293148373875636,1.0,8.804909848129128,-8.899180855715436
BRZ-02558,0.0,0.0,-0.07991921066521107,1.0,2.0788590637492876,-8.067709073788123
BRZ-02559,0.0,0.0,0.04402534821215134,0.8778084351596375,0.7313025007059821,-9.086943814408565
BRZ-02560,0.0,0.0,1.0530243290139094,0.8719464144996062,0.39814730356052613,-9.21790689943169
BRZ-02561,0.0,0.0,-0.3253913319961074,0.6912751677852349,2.8807411331576747,-9.945445521223027
BRZ-02562,0.0,0.0,0.09437026145287121,1.0,1.945403141308103,-10.363152232070298
BRZ-02563,0.0005769346946779687,0.0,0.65887458761303,1.0,0.6690116839834105,-7.300010060354531
BRZ-02564,0.0,0.0,-0.43087488994398504,0.0,9.39848431436219,-10.953156926498798
BRZ-02565,0.028770826718806278,0.0,1.0854449616991173,1.0,1.381854191282467,-8.446666870338818
BRZ-02566,0.0,0.0,0.031900920729003746,1.0,3.3265408344054146,-8.883177446152963
BRZ-02567,0.0,0.0,-0.006092872491526745,1.0,3.316227872074086,-9.9695022551182
BRZ-02568,0.0,0.0,0.6460760816489626,0.4414662987780844,2.044544781750328,-10.148762823635352
BRZ-02569,0.0,0.0,0.03675945968588888,0.6419801980198022,19.499624733111187,-8.81852026576239
BRZ-02570,0.0,0.0,0.171286875096916,1.0,0.08429787589161665,-9.950519182856992
BRZ-02571,0.0,0.0,0.9227345576929726,0.0,3.319833697984214,-11.096889345804678
BRZ-02572,0.002848050609613076,0.0,0.03515686465221015,1.0,2.203278476622,-10.293503814368657
BRZ-02573,0.0,0.0,-0.12499733259122169,1.0,2.211334188305707,-9.463152622981243
BRZ-02574,0.0,0.0,-0.21899464489584322,0.7977839335180056,5.816576952361667,-11.460775216593115
BRZ-02575,0.0,0.0,-0.3978790840495604,0.6745655608214851,6.313282527798357,-9.218376688355937
BRZ-02576,0.0,0.0,0.4979095366446134,0.09382422802850356,7.159796285974014,-9.955555159190988
BRZ-02577,0.0,0.0,0.7475615979128668,1.0,9.466380146556062,-7.799354857482151
BRZ-02578,0.05754989082291282,0.0,0.735862219428911,0.8418145956607496,4.8269132378360355,-10.628316959473104
BRZ-02579,0.0,0.0,0.22011065049601083,1.0,2.910724235998254,-9.153923024450956
BRZ-02580,0.0,0.0,0.3372691658436984,1.0,1.5750105985851528,-9.066526165601678
BRZ-02581,0.0,0.0,-0.14267330170121606,0.0,2.044027252787335,-12.426698226021282
BRZ-02582,0.0,0.0,0.7387626017933512,1.0,7.137378993062809,-6.2773911589493885
BRZ-02583,0.0,0.0,-0.27215005111459667,0.9644549763033177,2.615343123080479,-9.67807170459646
BRZ-02584,0.0,0.0,-0.060007032309037284,1.0,1.7715224888466379,-9.471405639048315
BRZ-02585,0.0,0.0,0.48292286611751206,0.958811881188119,1.161742263053305,-10.4818821686045
BRZ-02586,0.0,0.0,-0.02447523225241127,1.0,0.6721208927817062,-9.05597697172378
BRZ-02587,0.0,0.0,-0.41425021592157824,1.0,2.4125129840914687,-9.658899274163256
BRZ-02588,0.0,0.0,-0.5965808476301584,0.1269276393831554,0.4514548898475922,-9.54082438597159
BRZ-02589,0.0,0.0,0.7883932813185106,1.0,0.4170076672140821,-8.273219836052883
BRZ-02590,0.0,0.0,0.6842727148670681,1.0,3.723595765724545,-8.100895415642237
BRZ-02591,0.0,0.0,0.5973242787702139,1.0,2.353734433046857,-9.638189984814748
BRZ-02592,0.0,0.0,-0.20658290868282664,1.0,2.904980941388432,-9.082164259647325
BRZ-02593,0.0,0.0,0.303063570541992,1.0,2.97541549852147,-8.800049019836042
BRZ-02594,0.0011469560212428026,0.0,-0.5368822023937264,1.0,3.0690459286812954,-9.251973243605853
BRZ-02595,0.0,0.0,0.19701999883417415,1.0,0.17868466108816305,-9.312766648379869
BRZ-02596,0.0,0.0,-0.15157512989501765,1.0,3.65318042194285,-7.056373502125442
BRZ-02597,0.0,0.0,-0.4589429155090395,1.0,8.68079205843819,-10.181533664425887
BRZ-02598,0.0,0.0,0.8779377084762099,0.0,12.952772589184276,-10.31262520391325
BRZ-02599,0.0,0.0,-0.6654392748748391,0.5182250396196512,0.8100720903483056,-9.434950443799671
BRZ-02600,0.0,0.0,-0.32079410963409044,1.0,4.086786635812753,-9.03524402554639
BRZ-02601,0.0,0.0,-0.08856167743918167,0.7989751675206938,4.410702904412401,-13.035053202547793
BRZ-02602,0.0,0.0,0.371037144701538,1.0,3.408775064437063,-9.00859382161716
BRZ-02603,0.0,0.0,-1.271575967197583,1.0,0.6003188646011776,-10.938889089807093
BRZ-02604,0.0,0.0,0.06334829110830191,1.0,2.2744746266875007,-7.061042912182975
BRZ-02605,0.15301840612168852,0.0,-0.4381873305847989,1.0,0.8763136615346576,-8.3604345568015
BRZ-02606,0.0501813464190649,0.0,0.5438056088900144,1.0,4.237337457667053,-7.773234511445897
BRZ-02607,0.0,0.0,-0.06810145059783444,1.0,1.0294564054587176,-7.254538249757349
BRZ-02608,0.0,0.0,0.8504404065935443,1.0,1.464178125511242,-8.45585541016566
BRZ-02609,0.0,0.0,0.5850464759839414,1.0,1.448138932515859,-9.117612499969868
BRZ-02610,0.0,0.0,0.617476960918865,0.9948596283115856,6.223736719186888,-9.534294987213318
BRZ-02611,0.0,0.0,0.7437516473855466,0.48541009463722395,3.847997694490054,-10.071667963620932
BRZ-02612,0.0,0.0,-0.035977069943749565,1.0,1.6057074664772897,-8.921801760418935
BRZ-02613,0.005244212762324256,0.0,0.22672971180968166,1.0,2.380298904825867,-7.440834181465627
BRZ-02614,0.0,0.0,0.1820066251565061,0.8770685579196218,1.1587623541025593,-9.975669901436875
BRZ-02615,0.0031456905709215882,0.0,-0.38033494338464174,0.25680473372781065,5.104520295432008,-9.176457684072036
BRZ-02616,0.0,0.0,0.5172757360207978,0.32690035447026394,3.217394889167104,-6.387959655202422
BRZ-02617,0.0,0.0,-0.13781085588956585,1.0,2.8898360663720877,-9.445599366301318
BRZ-02618,0.004110310585050005,0.0,0.4235408612518261,0.8634204275534442,5.6284751707344025,-9.446341121226798
BRZ-02619,0.19574158686184817,0.0,0.29127886072419207,0.7625643055005935,0.22954720551974223,-10.081172672437008
BRZ-02620,0.0,0.0,-0.6220929767517406,1.0,2.1277469852947197,-9.514444009072392
BRZ-02621,0.0,0.0,0.6926015105571275,0.0075069142631371,3.112842779909614,-12.91404838284507
BRZ-02622,0.0,0.0,0.37902689081127366,0.9568658488326078,3.011961630901824,-9.728489128885803
BRZ-02623,0.0,0.0,0.7061975383263228,0.9889240506329114,0.8648563141376159,-9.938049696028271
BRZ-02624,0.0,0.0,0.45886860321875267,1.0,4.396506651137877,-8.294620626984882
BRZ-02625,0.0,0.0,0.2983024594606098,1.0,4.024299007872602,-9.301392508049085
BRZ-02626,0.013947987060735726,0.0,0.4875779706168388,0.8736633663366338,0.46931985233667967,-8.553800612502302
BRZ-02627,0.0,0.0,0.006505926426589492,1.0,2.987171211817047,-9.102444309523234
BRZ-02628,0.0,0.0,0.20876067327251824,1.0,1.33329287819363,-8.65252068050101
BRZ-02629,0.0,0.0,-0.23555800184475342,1.0,2.772412879514093,-9.549736182602052
BRZ-02630,0.0,0.0,0.27101773336945,0.0,6.89196324598872,-9.699228140371297
BRZ-02631,0.0,0.0,-0.08152851396550159,1.0,11.221331104836217,-8.466126666685614
BRZ-02632,0.0,0.0,0.09777232870691185,1.0,0.22139416418428165,-11.068905617948007
BRZ-02633,0.0,0.0,0.1353516418740776,1.0,3.156580604685743,-8.33993691353559
BRZ-02634,0.0,0.0,-0.14903826765030653,0.9581193204267088,2.458962708563271,-11.303220474558245
BRZ-02635,0.010689119358211992,0.0,-0.4547940451164477,1.0,3.1148487088106402,-7.127857644808927
BRZ-02636,0.0,0.0,-0.31016522126150087,0.38328075709779164,2.914460521094265,-9.93379284362585
BRZ-02637,0.0,0.0,-0.2768188788607815,1.0,4.130505669219525,-9.854128562579428
BRZ-02638,0.0,0.0,-0.2059017665348706,1.0,4.231839368495502,-8.145643350284475
BRZ-02639,0.014911201540852273,0.0,0.7669598177403415,1.0,0.88457934003498,-8.861494399875887
BRZ-02640,0.00770444641435953,0.0,0.5689770783779734,1.0,4.835962058191575,-7.912408477660647
BRZ-02641,0.0,0.0,0.6079034255991448,1.0,0.8472444606602605,-9.001641213755676
BRZ-02642,0.0,0.0,0.28157387950576346,0.0,1.1269617959191915,-9.115905137056462
BRZ-02643,0.25860359359268603,0.0,0.013632231390734066,1.0,4.452127195525883,-10.321285391475719
BRZ-02644,0.0,0.0,-0.5207433590389564,1.0,4.0613068404820325,-8.628428305757684
BRZ-02645,0.0,0.0,-0.2514214306721081,1.0,1.2314167544188066,-8.690136069129236
BRZ-02646,0.0,0.0,0.20241047735783818,0.9731543624161074,0.9766100908014215,-10.20674389529822
BRZ-02647,0.0,0.0,0.3414107619320383,0.35824436536180315,1.4342845878234238,-10.251686967720069
BRZ-02648,0.0,0.0,-0.17704601493625913,1.0,15.394498195248547,-9.895976068627219
BRZ-02649,0.0,0.0,-0.16892110714274125,0.005142405063291139,27.300534673355017,-9.383755735447744
BRZ-02650,0.0,0.0,0.18743741616362533,1.0,3.7152993768934417,-8.441099828326278
BRZ-02651,0.0,0.0,-0.5403922610353917,1.0,4.717799843704375,-9.08246744033964
BRZ-02652,0.0,0.0,1.1778960903200344,1.0,3.0803124071773076,-8.75991387692514
BRZ-02653,0.38516062445042626,0.0,0.8963990494691715,1.0,1.3661989106114303,-7.884440648439607
BRZ-02654,0.0,0.0,-0.44969129941315744,1.0,2.2043852274225073,-9.892290550861828
BRZ-02655,0.0,0.0,-0.43680260422916534,1.0,1.3943562590599665,-10.9345098806944
BRZ-02656,0.0,0.0,0.26232835903785345,1.0,3.0686099834175447,-7.95425497253024
BRZ-02657,0.0,0.0,-0.3214427549403128,1.0,0.4434145471599878,-8.564596545889096
BRZ-02658,0.0,0.0,0.5619132722844379,0.0,7.310529512690404,-8.713830100694068
BRZ-02659,0.0,0.0,-0.23783351871437067,0.0,0.3500602551388271,-12.065122559174249
BRZ-02660,0.0,0.0,1.0078541848013625,1.0,7.822302850546476,-8.56904512814404
BRZ-02661,0.0,0.0,-0.5209054993122949,0.9964525029562475,1.216633262785362,-6.767745373674511
BRZ-02662,0.0,0.0,0.4816632459183713,0.0,1.9860524062127665,-11.025979568549655
BRZ-02663,0.0,0.0,0.5358740797057733,0.0,3.0258603494246428,-11.47442263751863
BRZ-02664,0.0,0.0,-0.32689495341069885,1.0,0.6647427547470844,-7.480351746128473
BRZ-02665,0.0,0.0,0.914593781198592,1.0,2.9416402716968975,-9.933056141766594
BRZ-02666,0.0,0.0,-1.18787114941381,0.9526253454401895,4.800803288714668,-8.864704835757767
BRZ-02667,0.0,0.0,0.12350497112449124,0.6463848281311734,15.029387981697694,-9.057755816671461
BRZ-02668,0.0,0.0,0.33430004400127394,1.0,0.7954810874012689,-9.92984419928048
BRZ-02669,0.0,0.0,-0.4930444922423542,0.8990498812351544,2.030070814463901,-9.969061026874721
BRZ-02670,0.0,0.0,-0.3861667302006696,1.0,3.29635899911146,-9.101897486828953
BRZ-02671,0.0,0.0,1.021616025566973,0.0,0.24995637021414843,-11.194546789668019
BRZ-02672,0.0,0.0,0.2450477176857206,1.0,5.431153305889175,-6.388910107600735
BRZ-02673,0.0,0.0,0.25302494302493433,0.9980205859065716,4.8903502435959965,-9.416606067089374
BRZ-02674,0.002446162350037518,0.0,0.3462732557067868,0.5937623371496248,7.381699012747192,-8.533415042252376
BRZ-02675,0.0,0.0,0.6323762378642831,0.0,0.0,-9.933293363597702
BRZ-02676,0.0,0.0,0.6206692427529453,0.6640347414133437,1.0503075304386336,-9.023303482459697
BRZ-02677,0.0,0.0,-0.3166986187868157,0.9763033175355449,0.10080976281251951,-11.687845001186869
BRZ-02678,0.0,0.0,-0.6122431805478179,1.0,2.426421554905679,-9.65227271627699
BRZ-02679,0.0,0.0,1.052914704816847,0.0,0.4237682979658916,-11.123778112825688
BRZ-02680,0.0,0.0,-0.8218281273757102,0.0,2.6490584780081026,-13.542117214944792
BRZ-02681,0.0,0.0,0.9698446101662042,0.6834190740007914,1.813875083082446,-11.98893967151252
BRZ-02682,0.0,0.0,-0.47158269407542147,1.0,2.011783479825,-9.362223041279972
BRZ-02683,0.0,0.0,-0.2878412652755894,1.0,3.672231322478283,-9.951044547617682
BRZ-02684,0.0,0.0,-0.1715371656506719,0.6569400630914827,2.817432736458101,-10.0244181666476
BRZ-02685,0.0,0.0,-0.8501343724932305,0.0,2.079106794366566,-15.942267571950664
BRZ-02686,0.0,0.0,0.03746420037550754,0.37047244094488196,1.4663073485886884,-9.859203984601846
BRZ-02687,0.005217631446867592,0.0,0.677631650636453,1.0,8.745191317570866,-8.653865243385438
BRZ-02688,0.0,0.0,0.6970692736723493,0.0,2.690908963209625,-9.509716008114125
BRZ-02689,0.0,0.0,-0.269676945184452,0.8341232227488152,6.2273787089079065,-9.91541437907817
BRZ-02690,0.0,0.0,0.02539284013175039,0.0,0.28757636893196536,-11.862353689135032
BRZ-02691,0.0,0.0,-0.008249594605518584,0.728780102645085,1.1654567858140645,-10.199338793646987
BRZ-02692,0.0,0.0,-0.050207798382429884,1.0,2.08271254885915,-8.120186838637382
BRZ-02693,0.0,0.0,-0.5494983817003447,0.3008675078864353,13.265665349988844,-9.901951080473019
BRZ-02694,0.0,0.0,-0.537491553120328,1.0,3.3839271925208783,-8.870592823492077
BRZ-02695,0.0,0.0,0.46526577523265733,1.0,0.46972274489543514,-9.550837353515249
BRZ-02696,0.0,0.0,-0.1952030465539096,0.0,3.2803210830343366,-12.08801436400968
BRZ-02697,0.030412820936235704,0.0,0.2774828408298591,0.7328605200945629,0.527671877389131,-9.116921207792902
BRZ-02698,0.7261081440792579,0.0,0.5606656218841591,1.0,3.577252564568334,-9.371903837094449
BRZ-02699,0.0,0.0,0.5244311502620277,1.0,12.518483804215869,-8.50645854838923
BRZ-02700,0.0,0.0,-0.009829443540183757,0.9372285827082512,2.299953425741305,-12.15297855568729
BRZ-02701,0.0,0.0,-0.9987220992379872,1.0,2.952239749135356,-7.881996606320008
BRZ-02702,0.0,0.0,-0.1850535955349544,1.0,13.645886282351949,-8.767938417464283
BRZ-02703,0.0,0.0,-0.6925626935102677,1.0,10.29585868315442,-10.101775957398772
BRZ-02704,0.0,0.0,0.6830207843122373,0.9648082245947016,5.285412150685593,-9.11393919284753
BRZ-02705,0.013737597925295546,0.0,-0.3214337105783045,0.6314544737879385,0.47913120100903234,-10.128692332156323
BRZ-02706,0.0,0.0,-0.05162809963072382,1.0,1.6545270187053194,-9.474793277268324
BRZ-02707,0.0,0.0,-0.09146258623441084,0.8495049504950495,2.37766370726125,-8.753559272142928
BRZ-02708,0.0,0.0,0.29976049991236536,1.0,4.513350819071433,-8.717212372222779
BRZ-02709,0.0,0.0,-0.1397177783873982,1.0,8.97185904179519,-9.5805895418043
BRZ-02710,0.0,0.0,-0.5927210666146036,0.0,4.44770902797246,-10.545639015829648
BRZ-02711,0.015149176660099928,0.0,-1.197939291358954,0.48536392405063294,5.206645281901299,-10.654647952851102
BRZ-02712,0.0,0.0,0.08681476516454611,0.0,4.468643141976891,-8.481147212842675
BRZ-02713,0.0,0.0,0.06579957758590659,0.5267326732673268,5.906032199976009,-11.338168956550067
BRZ-02714,0.0,0.0,0.11269358834132767,1.0,5.128301675903777,-8.641468021558806
BRZ-02715,0.011344825168994035,0.0,0.4580523548922962,1.0,3.728944254322694,-7.137440966642096
BRZ-02716,0.0,0.0,0.28043299144520145,0.19596997234294752,2.9754428775686383,-11.32399137889109
BRZ-02717,0.0,0.0,-0.10502507145576864,0.0,2.29827042407247,-11.357424768974258
BRZ-02718,0.0,0.0,0.47473916428914287,0.0,5.972738291606483,-11.913448806557234
BRZ-02719,0.0,0.0,-0.39050015319830156,0.0,1.1324212263012918,-9.294276799062516
BRZ-02720,0.0,0.0,-0.3202408431856007,0.0,1.3060903025559527,-7.745442089749543
BRZ-02721,0.0,0.0,0.7243938494702465,1.0,1.1424050211578503,-8.329799099907103
BRZ-02722,0.0,0.0,-0.6266709890174406,1.0,1.1957026537736792,-8.867334915767486
BRZ-02723,0.0,0.0,0.4100408590950439,0.0627962085308057,1.5164158731089048,-11.393461236359105
BRZ-02724,0.16047331624665837,0.0,0.7430807233836545,1.0,10.223374899351386,-7.479218692790725
BRZ-02725,0.0,0.0,0.01752355523426573,1.0,3.1215820214231713,-9.592343706860072
BRZ-02726,0.0,0.0,0.6224462248057188,0.0,1.0736803721709332,-8.267423589207946
BRZ-02727,0.0,0.0,1.067996522784349,1.0,13.134223379542746,-7.9624513740236775
BRZ-02728,0.0,0.0,-0.540354489341135,1.0,5.141661542531547,-8.590936509611687
BRZ-02729,0.0,0.0,1.6548110826487508,0.0,2.963773020438711,-8.538686487371336
BRZ-02730,0.0,0.0,0.1421607324847536,1.0,1.3786512548105625,-7.570414916794769
BRZ-02731,0.0,0.0,-0.21259617499238728,1.0,5.882820421408912,-8.845184404873875
BRZ-02732,0.0,0.0,0.8432703888826187,1.0,1.7701792694383913,-9.220825526238713
BRZ-02733,0.5301453305520353,0.0,1.1110060476075359,1.0,4.796801298528682,-8.293336405319845
BRZ-02734,0.0,0.0,0.03943905464374503,1.0,2.324027511180057,-8.41915047123413
BRZ-02735,0.0,0.0,-0.3157329898601593,1.0,1.0112039018228423,-6.307000841550742
BRZ-02736,0.0,0.0,0.47377024827778347,0.6381553015372485,1.64042,-9.15297387950548
BRZ-02737,0.01402955223720534,0.0,0.08412926166624096,1.0,1.4673769195963564,-9.099090897287274
BRZ-02738,0.0,0.0,-1.1187665932668256,1.0,3.141732624525794,-9.865445520395955
BRZ-02739,0.0,0.0,-0.5220232099411212,1.0,3.631928937630318,-7.949151374236947
BRZ-02740,0.0,0.0,-1.531834735687641,0.0,1.4909099451533452,-13.53922551458191
BRZ-02741,0.0,0.0,-0.2264110000120161,1.0,0.10413760056813054,-10.938531609453644
BRZ-02742,0.0,0.0,0.5748532180829173,0.38880126182965297,4.626165604798169,-12.729734405406592
BRZ-02743,0.0,0.0,1.0565452710213532,1.0,5.075112481993181,-8.293533476585132
BRZ-02744,0.0,0.0,0.3481938313572957,1.0,4.014707365332049,-9.893985346004742
BRZ-02745,0.0,0.0,-0.03683865445482549,0.9980260560600079,3.32824882792181,-9.359082298522642
BRZ-02746,0.0,0.0,-0.5834784069891825,1.0,1.0439721782429816,-4.7142078563381515
BRZ-02747,0.0,0.0,0.36573278777366275,0.8956934018174636,2.6883162209424976,-11.612151648107604
BRZ-02748,0.0,0.0,0.2872544512152353,0.7430035474970438,2.6795035396137177,-7.763190363750308
BRZ-02749,0.0,0.0,1.2113795859146868,0.0,3.266947984996082,-9.367307370486955
BRZ-02750,0.0,0.0,0.2924986682608058,1.0,0.6627741352349157,-9.08025574012459
BRZ-02751,0.0,0.0,0.6605441318724142,0.9058544303797468,2.002767618467265,-7.623177018782891
BRZ-02752,0.0,0.0,0.1932672200463243,1.0,16.844489177922867,-9.682207027983981
BRZ-02753,0.0,0.0,0.7332234202921853,1.0,1.6508943214283887,-7.873877455192022
BRZ-02754,0.004216864628397276,0.0,0.4468250537481409,1.0,4.276519803300676,-9.307129669865072
BRZ-02755,0.0,0.0,0.7414365437479781,1.0,0.25111498964056583,-5.6095871759775235
BRZ-02756,0.0,0.0,0.5173409623795713,1.0,3.4303949008015233,-8.693895161894039
BRZ-02757,0.0,0.0,0.9396473117027256,1.0,0.34560014416991414,-8.96033460487939
BRZ-02758,0.10329923185724955,0.0,0.24754034452110096,1.0,0.5386062108907722,-8.278553608995422
BRZ-02759,0.0,0.0,0.2914423510965412,0.7463337296868806,2.324289968203689,-9.509187990118239
BRZ-02760,0.0,0.0,0.322183398346355,1.0,5.42010434673706,-9.284670664512765
BRZ-02761,0.0,0.0,-0.6505913673666334,1.0,1.2713732586915116,-9.497564827149198
BRZ-02762,0.0,0.0,0.36257448187380975,0.0,1.9187900307485912,-11.596636198359036
BRZ-02763,0.0,0.0,-0.39955723626325007,0.11045130641330167,0.8229389344179905,-9.353297179451966
BRZ-02764,0.0,0.0,0.5801641400780048,1.0,4.983687076997423,-8.711432259964846
BRZ-02765,0.0,0.0,0.7811592703712252,0.8445759368836292,1.9515490438940886,-7.604766755706692
BRZ-02766,0.0,0.0,0.3229230249913412,1.0,8.2021,-9.856366506157281
BRZ-02767,0.002637712999513054,0.0,-0.7248454305587364,1.0,2.521492497447032,-8.447806709305912
BRZ-02768,0.0,0.0,0.23663354983924753,0.6716594402837996,0.4114908215861307,-8.458122494889501
BRZ-02769,0.0,0.0,0.26709386284106945,0.0,3.042681024025892,-10.747461258302769
BRZ-02770,0.0,0.0,-0.11863055224739642,1.0,1.1970671014904,-5.192501663190488
BRZ-02771,0.0,0.0,0.9522378605540324,0.0,1.8767961733776863,-9.405430487815229
BRZ-02772,0.0,0.18433544303797467,-1.5435150819135761,0.7519778481012658,3.0818859955957265,-14.379465963264577
BRZ-02773,0.0,0.0,-0.05107484780715167,1.0,2.3495491460475773,-8.80108034615663
BRZ-02774,0.0,0.0,0.5795727333779647,1.0,6.434743786516518,-9.030945519136731
BRZ-02775,0.0,0.0,-0.4927223685861652,1.0,3.6981789696353653,-10.732584837808256
BRZ-02776,0.0,0.0,0.013876884371431749,0.0,4.10454305723276,-10.283590959115813
BRZ-02777,0.0,0.0,-0.6211471563451642,0.7684085510688837,5.336366727673946,-9.671702381452837
BRZ-02778,0.0,0.0,-0.11243072629805344,1.0,3.8892508169421736,-8.385898039660196
BRZ-02779,0.0,0.0,0.7460441748571366,0.3059613106987762,3.6905215437982846,-11.12322174326042
BRZ-02780,0.012256284487889799,0.0,-0.41561974195718154,1.0,1.1372432929018448,-3.7415247361399553
BRZ-02781,0.0,0.0,0.43737230146012146,1.0,1.7868681485585836,-8.42852179780498
BRZ-02782,0.0,0.0,0.06160441620231922,0.45638382236320396,2.162594454637206,-10.30094953978996
BRZ-02783,0.0,0.0,0.8834594230018983,0.9727810650887575,2.1332596993564703,-5.5092443001304074
BRZ-02784,0.0,0.0,0.23634549648252337,1.0,1.3547702469800174,-8.545962808426225
BRZ-02785,0.0,0.0,-0.2951736610109802,0.0,1.4153141886113645,-13.206293285153967
BRZ-02786,0.0,0.0,0.20268027496220795,0.8191531460229519,3.636061360138265,-9.439729590053654
BRZ-02787,0.0,0.0,0.3400572615313378,1.0,0.1062445509741293,-9.276640267921364
BRZ-02788,0.0,0.0,0.8803187056621626,1.0,4.773830812995916,-9.900045656051425
BRZ-02789,0.0,0.0,0.17673912388691512,0.8301066772026866,0.020351396480426158,-11.508983310914177
BRZ-02790,0.0,0.0,0.05567334279548359,0.0,2.3543905280807977,-9.39987976308259
BRZ-02791,0.0,0.0,-0.12993858380108902,1.0,1.0917960896628889,-8.54338622144559
BRZ-02792,0.0,0.0,0.16758896001934573,1.0,0.7152269486215838,-9.990111893993365
BRZ-02793,0.0,0.0,-0.7425141628122119,0.6127121989735492,9.365482016688429,-10.841572040414913
BRZ-02794,0.0,0.0,-0.024060437289299026,0.8114624505928854,2.067837964301973,-10.07290578960128
BRZ-02795,0.0,0.0,0.0830926257368747,1.0,1.333873066240449,-10.091490120489645
BRZ-02796,0.0,0.0,-0.4701347134520548,0.6455946266297905,1.1118033382131816,-9.106861409851986
BRZ-02797,0.0,0.0,-0.6362043100492796,1.0,2.278478859560302,-6.5998875018198735
BRZ-02798,0.0,0.0,-0.13264904831300134,1.0,4.3117045234350195,-9.21728692613884
BRZ-02799,0.0,0.0,-0.006733272434096022,1.0,2.8504249005986764,-8.713648682019882
BRZ-02800,0.0,0.0,-0.7450580332009326,0.6567813364966391,32.39327317015277,-8.732358965678147
BRZ-02801,0.0,0.0,0.27114104284227597,1.0,5.84345440747278,-9.179394841314398
BRZ-02802,0.0,0.0,-0.467319441202997,0.5116554721453971,0.1187380839240151,-10.539461675370076
BRZ-02803,0.0,0.0,0.15867059974996472,1.0,1.952740619525377,-8.864948521118109
BRZ-02804,0.0,0.0,0.1499354828623387,1.0,2.0819306595395743,-9.380584708973068
BRZ-02805,0.0,0.0,-0.1001083926674997,0.375788643533123,5.619215034886007,-8.553670397028785
BRZ-02806,0.0,0.0,0.2391066032214957,0.9858100118249902,2.7921390773880854,-9.981567967285338
BRZ-02807,0.000964025014837268,0.0,-0.5639240246016536,1.0,0.4046449088172489,-9.697087531774244
BRZ-02808,0.0,0.0,0.6675664769652992,0.0,0.5064629584881779,-11.82509723216531
BRZ-02809,0.0,0.0,0.053728416096298116,1.0,0.6561705030822754,-5.002991947048966
BRZ-02810,0.0,0.0,-0.22651815546787868,0.9747733543555381,1.7767245165365464,-8.306550081129862
BRZ-02811,0.010575042243872191,0.0,-0.21157222871365827,1.0,3.240234105441132,-8.947136639949505
BRZ-02812,0.0,0.0,0.7923333154560364,0.0,0.06802191201005156,-11.116273119982935
BRZ-02813,0.0,0.0,0.7444268413052996,1.0,1.5598265975286387,-8.217058734354927
BRZ-02814,0.0,0.0,-0.7603195952996477,1.0,5.311458041078649,-8.160978086643986
BRZ-02815,0.0,0.0,0.13933144344186665,1.0,0.2593334344369818,-12.409602574119354
BRZ-02816,0.0,0.0,0.5606931379493695,1.0,1.276320248439361,-8.398595297350859
BRZ-02817,0.0,0.0,0.5202775739526803,1.0,0.04801803923317148,-8.120466564402504
BRZ-02818,0.0,0.0,-0.2855968825850822,1.0,1.6109598132516467,-9.792102602248326
BRZ-02819,0.0,0.0,0.6150466056913599,1.0,5.677211656816472,-8.274372779701547
BRZ-02820,0.0,0.0,-0.04595825994460406,1.0,5.462769220463157,-9.902430357642757
BRZ-02821,0.017319968712065585,0.0,0.4051034190320878,0.9315122723673793,2.8435228812593003,-10.361423161997163
BRZ-02822,0.0,0.0,0.607006031484946,0.0,1.165481470659766,-11.05312297096657
BRZ-02823,0.0,0.0,0.13776758955441779,0.0,2.2583158561732484,-11.068023890835386
BRZ-02824,0.0,0.0,0.7714312573756041,1.0,0.3182515261444008,-8.047804268324771
BRZ-02825,0.12903560953430532,0.0,-0.5345285443125514,1.0,2.5558971757930875,-6.929850076508284
BRZ-02826,0.0,0.0,0.9094010003659276,1.0,2.361429211282923,-10.157279995577063
BRZ-02827,0.005778738470859709,0.0,0.5147618726083736,1.0,1.8445654213784697,-8.496857786086933
BRZ-02828,0.0,0.0,0.4757645538037594,1.0,0.36073687238660096,-7.5603279790509506
BRZ-02829,0.0,0.0,0.2343821228008535,0.8196915776986953,1.9592913081948735,-10.802763505428635
BRZ-02830,0.0,0.0,1.0102011086716505,0.6869565217391305,1.1686532648991521,-11.570873065162006
BRZ-02831,0.0,0.0,0.009857308425659097,0.5520094562647755,0.9097951445094803,-10.87409148907371
BRZ-02832,0.0,0.0,-0.20263070251859996,1.0,2.5961577036077106,-10.370115768817632
BRZ-02833,0.0,0.0,0.29948120476948187,1.0,0.7632782444963416,-6.754760774901619
BRZ-02834,0.0,0.0,-0.40815812958638015,1.0,3.3612700734685954,-7.61590314415082
BRZ-02835,0.0,0.0,-0.1836349432879588,0.0,2.462244061349817,-7.8683287250683716
BRZ-02836,0.0,0.0,-0.18967546570228375,0.45389790265136526,8.109529576501368,-10.006254790640815
BRZ-02837,0.0,0.0,0.8045184552595844,0.0,2.700700715059135,-12.741309114149022
BRZ-02838,0.0,0.0,0.8686142750392127,0.010297029702970296,1.8406484954030857,-8.82157310346112
BRZ-02839,0.0,0.0,0.5476785094627676,0.7456624605678234,5.103932072230317,-9.278557163765514
BRZ-02840,0.0,0.0,-0.6990690776423978,1.0,0.41863019239667754,-8.927511444050001
BRZ-02841,0.23187453857816978,0.0,-0.42165499726749683,0.9948535233570863,5.800564153160133,-8.05213882072401
BRZ-02842,0.0,0.0,-0.44248191033398643,1.0,1.656579395693365,-9.456254467290425
BRZ-02843,0.0,0.0,0.8395900049889228,1.0,2.599374766746693,-8.843131867778622
BRZ-02844,0.0,0.0,0.9213952468481726,0.0,2.6831475394321767,-9.6891560528591
BRZ-02845,0.0,0.0,-0.28185661134315554,1.0,1.0948251764817454,-9.675516747670972
BRZ-02846,0.0,0.0,0.4370276064991908,0.0,4.365047255072259,-10.66224119722617
BRZ-02847,0.0,0.0,0.2862698328097306,1.0,0.6704125621468079,-4.445325356473178
BRZ-02848,0.0,0.0,-0.13337982817825889,0.6905705229793978,5.76071182269249,-8.067213715830496
BRZ-02849,0.12467412501161765,0.0,0.4472573260097805,0.9431504145282272,0.44581866020256844,-7.860218055786183
BRZ-02850,0.0,0.0,-0.2832586449310396,1.0,5.7934677351266,-10.740351872291255
BRZ-02851,0.0,0.0,-2.5253607290212345,0.0,18.697667719518357,-14.2034378363872
BRZ-02852,0.0,0.0,-0.8250949374626586,1.0,4.971972802226552,-8.191545003880611
BRZ-02853,0.0,0.0,-0.34234202827379373,0.5800316957210776,0.5927343951042406,-12.542910084919866
BRZ-02854,0.0,0.0,0.8256761102578928,0.0,3.8046582822394996,-12.591069435952097
BRZ-02855,0.0,0.0,-0.19653157263013116,1.0,0.5015737098896664,-8.784328635068647
BRZ-02856,0.0,0.0,0.2549567253746191,1.0,18.160367201641602,-8.875229086853945
BRZ-02857,0.019250337495718278,0.0,0.3122426990434157,0.9235015772870662,8.723593138404508,-9.17455429023965
BRZ-02858,0.0,0.0,0.6013421027354048,1.0,6.744411026174811,-7.861887447404526
BRZ-02859,0.0,0.0,-0.14984454748627496,1.0,0.3655473762726228,-9.256868818563603
BRZ-02860,0.0,0.0,-0.6780688754223887,1.0,6.335878804998843,-9.948051776456271
BRZ-02861,0.0,0.0,0.9680060044568869,1.0,4.870030534843572,-6.713972002144925
BRZ-02862,0.0,0.0,0.18376387777501815,0.0,0.2863596708181959,-6.995125405865118
BRZ-02863,0.0,0.0,-0.09778270376739717,1.0,2.334478565311335,-9.54840396573793
BRZ-02864,0.0,0.0,-0.27133253269049795,0.8373375344623868,0.24021643124391454,-9.93866755317548
BRZ-02865,0.0,0.0,-0.03342560022617967,1.0,5.927706197834317,-6.357881876678914
BRZ-02866,0.0,0.0,0.6895930215810345,1.0,1.3370649642679988,-7.4208497010418215
BRZ-02867,0.0,0.0,0.8395381223364986,0.0,1.2113842183734966,-7.887028394993543
BRZ-02868,0.0,0.0,0.6149399821939876,1.0,15.013725818534935,-8.26348279909171
BRZ-02869,0.0,0.0,1.4604619009269273,1.0,5.157703713164886,-5.844432583454118
BRZ-02870,0.0,0.0,0.46770437163159484,0.7551261829652998,1.5038032252634213,-10.348308286908
BRZ-02871,0.11697659851724466,0.0,1.6961044304578659,1.0,16.869645893165124,-6.700311625707059
BRZ-02872,0.0,0.0,-0.224016472476225,0.3051383399209486,5.592728592508821,-9.799643616073757
BRZ-02873,0.0,0.0,-0.35790799812409985,1.0,11.289069523892195,-9.736527105041013
BRZ-02874,0.0,0.0,-0.2688068334777793,1.0,7.819269162107028,-7.72597426065513
BRZ-02875,0.01680958648256323,0.0,-0.6122632872486408,1.0,8.731877210598354,-10.344838874078862
BRZ-02876,0.0,0.0,-0.6695460363535529,0.0,16.85489440283371,-12.383007937086413
BRZ-02877,0.0,0.0,-0.5001250007263104,0.8082408874801902,10.086377673443582,-10.747342728421863
BRZ-02878,0.0,0.0,0.2893427522502146,0.0,1.8794757885042628,-11.661131450492736
BRZ-02879,0.0,0.0,0.35677217279306933,1.0,4.393088042785253,-9.674360369114009
BRZ-02880,0.0,0.0,-0.3420977565936575,1.0,0.5249364024658203,-9.567438971440279
BRZ-02881,0.0,0.0,1.1808961035497705,1.0,2.415805896478969,-10.321701110770745
BRZ-02882,0.0,0.0,-0.12513490008106046,0.1665351223362273,2.464384761704924,-9.440074836705886
BRZ-02883,0.001343955121972713,0.0,0.42234047567233635,0.5001977066034006,4.516635658981758,-9.981010198569567
BRZ-02884,0.0,0.0,-0.2537194866971616,1.0,4.0698697451648345,-9.09839518000984
BRZ-02885,0.0,0.0,0.16619121706179113,1.0,1.0307744611603313,-5.275099543392699
BRZ-02886,0.0,0.0,-0.12042755311929307,0.9200633161852,1.0464446158377645,-7.741668858192177
BRZ-02887,0.0,0.0,0.3455323654253748,0.9293328069482826,0.6423018165288383,-7.6678656231396625
BRZ-02888,0.04748287551272948,0.0,0.5559031592330214,1.0,2.4208689982900022,-9.403977292472586
BRZ-02889,0.0,0.0,-0.23551151623692512,0.620798734677738,1.5344351267058105,-9.381768403187538
BRZ-02890,0.0,0.0,-0.2139482271959953,1.0,5.597488409821069,-8.943773477385509
BRZ-02891,0.0,0.0,-0.5654588477230621,1.0,11.304472122976906,-9.346293365658974
BRZ-02892,0.0,0.0,-0.07586084514755875,1.0,0.4852637841372351,-9.030332118672174
BRZ-02893,0.0,0.0,-0.5603023537327648,1.0,3.94839212231907,-9.156056241151992
BRZ-02894,0.07999811633731425,0.0,0.3232653175937013,1.0,1.9569438072142402,-9.168823876114239
BRZ-02895,0.0,0.0,-0.6622070886746948,0.8030720756203229,2.009856434446427,-10.444841332654976
BRZ-02896,0.014780465285688698,0.0,1.6099398241162481,0.6343195266272188,3.938563554550622,-7.612007509873192
BRZ-02897,0.0,0.0,-0.18192916212383778,0.0,12.11787127458276,-12.220702266841467
BRZ-02898,0.0,0.0,-0.31203884308701013,1.0,3.73429020147535,-9.34819240164299
BRZ-02899,0.0,0.0,0.10371935499323381,1.0,1.15953312937752,-9.983369584733879
BRZ-02900,0.005695709445727572,0.0,0.720298845093625,0.9687870406953772,2.470549573634707,-8.63963614043975
BRZ-02901,0.0,0.0,-0.1147657671501939,1.0,5.751125409941867,-9.296841866161305
BRZ-02902,0.0,0.0,-0.6705450771873189,1.0,16.509542336330032,-9.293561870544616
BRZ-02903,0.0,0.0,0.7372300148252238,0.0,2.0794657317146714,-9.334273012289398
BRZ-02904,0.004695713919450508,0.0,0.17964282194124853,1.0,1.8153846518788777,-8.971893167077184
BRZ-02905,0.0,0.0,-0.11419331145052967,1.0,3.1925641974320365,-9.682299643190566
BRZ-02906,0.0,0.0,0.24077821692336843,1.0,3.0597082414688956,-9.66518262918274
BRZ-02907,0.0,0.0,0.6540581855331172,0.0,12.324597879645138,-11.505575861293392
BRZ-02908,0.0,0.0,0.9850660070093666,1.0,6.036567386883926,-8.217177904759584
BRZ-02909,0.0,0.0,-0.45705362132904676,1.0,8.997875377621328,-9.325619689443426
BRZ-02910,0.0,0.0,-0.8887651359009516,1.0,3.4723528737203173,-9.548724299369878
BRZ-02911,0.0,0.0,0.5777289103053419,0.0,0.9180653460997273,-10.969803279926918
BRZ-02912,0.0,0.0,-0.10218232891095286,1.0,5.282605088107108,-7.494538030582173
BRZ-02913,0.0,0.0,-0.21286946089175404,1.0,2.7592402150834534,-7.859555103186826
BRZ-02914,0.0,0.0,-0.06403553418135687,1.0,0.000517893056892088,-10.880724706796027
BRZ-02915,0.007550511112307558,0.0,0.09430193403220713,1.0,0.20698562300638634,-9.986782395772751
BRZ-02916,0.0,0.0,-0.6311961585545579,1.0,25.77329856025796,-10.18050946822515
BRZ-02917,0.0,0.0,-0.4658393081576834,0.39746634996041175,19.655686321455892,-11.126873752358104
BRZ-02918,0.0,0.0,0.0977814674438489,1.0,2.1282149563027852,-9.607596815271021
BRZ-02919,0.0,0.0,0.18068439999528588,1.0,1.8558678145025278,-8.67883512342613
BRZ-02920,0.0,0.0,-0.06323625428319807,1.0,2.069823789087056,-8.504838123486259
BRZ-02921,0.0,0.0,-0.24397332305085678,0.7884767166535122,0.5589360816507859,-9.826188711397041
BRZ-02922,0.0,0.0,0.6578025275523498,1.0,2.993569741965706,-8.196567207876353
BRZ-02923,0.0,0.0,0.22517559449493513,0.0,3.818556920578113,-11.049784764496986
BRZ-02924,0.0,0.0,0.7590826051706657,0.938783570300158,5.671887859271654,-9.067396682387844
BRZ-02925,0.024442263529039436,0.0,0.8631278791927214,0.967678360268033,0.2643304115688157,-8.64169503568944
BRZ-02926,0.0025967268808053273,0.0,-0.3427327979284147,1.0,1.1834385366008193,-11.551440939510721
BRZ-02927,0.0,0.0,0.5520973219799085,0.872634069400631,6.138248206508618,-9.508928621637155
BRZ-02928,0.0,0.0,0.564995134664517,0.41099683544303794,2.191076753096278,-9.494189696156598
BRZ-02929,0.0,0.0,1.0850701488874432,0.0,2.373810187794679,-9.715060539378639
BRZ-02930,0.0,0.0,-0.8741352535851259,0.0708910891089109,0.9295493797321885,-12.948385186869903
BRZ-02931,0.0,0.0,0.20003012002670115,1.0,6.106101889621145,-8.98758406079838
BRZ-02932,0.0,0.0,1.0735799007278968,1.0,1.382156688858044,-8.57792299191511
BRZ-02933,0.0,0.0,-0.10682689299587901,0.6421219319081551,3.764135413101329,-9.207930658918036
BRZ-02934,0.00028664145243943793,0.0,-0.11985890264166121,1.0,0.5587125281391031,-9.452395116282853
BRZ-02935,0.0,0.0,-0.3635819298598061,1.0,2.4821596710488247,-10.824085127672953
BRZ-02936,0.0,0.0,0.3481904158367605,0.0,1.4578646359606753,-8.955996291401672
BRZ-02937,0.0,0.0,0.2752348281435784,1.0,5.971153003139526,-9.54289764481792
BRZ-02938,0.026245851186150193,0.0,0.30238430295246765,0.6220815195884449,0.5686615036130303,-10.537726486808877
BRZ-02939,0.053298047952132645,0.0,-0.06877528414108044,0.9861386138613862,0.502975840604514,-9.625422085516023
BRZ-02940,0.0,0.0,-0.4324381369995654,0.856578427499012,3.5630327091142595,-11.449106658849997
BRZ-02941,0.0,0.0,-1.222707411498719,1.0,2.8508139048519796,-9.793481834143853
BRZ-02942,0.0,0.0,-0.2698538586769017,0.6363636363636364,0.8218251480696436,-9.04151974909352
BRZ-02943,0.0,0.0,0.763688953250184,0.9051383399209487,3.2543856951326524,-10.651129403871213
BRZ-02944,0.0,0.0,0.039232398310400325,1.0,6.719384702513391,-6.407309612287808
BRZ-02945,0.039382055307490935,0.0,0.5234801339140723,1.0,0.5951710737052448,-7.6001360623175245
BRZ-02946,0.0,0.0,-0.5087466272667474,0.8213017751479292,3.9458085410575197,-11.730958792521491
BRZ-02947,0.0,0.0,-0.10054833605765115,1.0,1.590645227401444,-8.916758860916088
BRZ-02948,0.0,0.0,0.16359138839679116,0.9928769291650178,3.6098353230268736,-9.667794999048418
BRZ-02949,0.0,0.0,-0.5515662163961436,0.3587816455696203,9.9938417002492,-9.946803153858683
BRZ-02950,0.0,0.0,-0.46745143510548093,0.9802293396599447,9.000966410934218,-9.966288835260972
BRZ-02951,0.0,0.0,0.4646137550023856,0.0,1.0825759578233112,-13.292283477635042
BRZ-02952,0.056786142257244696,0.0,0.7637474732119935,0.8158102766798422,0.6277683228381917,-9.290434390089333
BRZ-02953,0.0,0.0,-0.49956193348022027,1.0,7.749005190164135,-9.375382053880726
BRZ-02954,0.0,0.0,-0.7560182646207767,1.0,5.554636649594688,-9.248362342957282
BRZ-02955,0.0,0.0,0.2626420181569267,1.0,9.0052310210345,-5.414407324332077
BRZ-02956,0.0616132989877791,0.0,1.8806955919653516,1.0,3.5272952793094308,-8.24339587461778
BRZ-02957,0.3341405317422994,0.0,2.032301866912627,1.0,3.4542870084958217,-7.753154976098665
BRZ-02958,0.0,0.0,-0.26700885618602666,0.9968466692944422,1.3601886670134191,-9.664020484337122
BRZ-02959,0.0,0.0,-0.2639744732269077,0.42257425742574256,2.54047414865067,-11.210031514917706
BRZ-02960,0.0,0.0,-0.8379203907540231,1.0,7.525532508943585,-9.764624682784133
BRZ-02961,0.0,0.0,0.5345597605025676,1.0,1.6155807380536678,-7.892894358179969
BRZ-02962,0.0,0.0,0.6791842112514391,0.5241679873217115,4.1882670085648535,-9.010229763920416
BRZ-02963,0.0,0.0,-0.20596980056320288,1.0,2.4250209823027373,-10.332425186473191
BRZ-02964,0.016544653037360905,0.0,-0.4589124417999717,0.9996055226824457,9.024701181661364,-9.038089267112314
BRZ-02965,0.0,0.0,1.3599500941109637,0.8372184907151325,1.5104078742835065,-6.9368587544792
BRZ-02966,0.0,0.0,0.2678958875141927,1.0,1.7803236845001993,-5.101418126222545
BRZ-02967,0.013844513544038105,0.0,-0.13041943727976008,1.0,1.9961589444601333,-8.568434359022245
BRZ-02968,0.0057248878327807035,0.0,0.23453821195657185,0.9381688466111772,6.357131871574546,-10.613628881478297
BRZ-02969,0.0,0.0,0.056870925551485076,1.0,4.830725053203204,-9.871805051291114
BRZ-02970,0.0,0.0,0.7072127246275162,0.7864460204885737,0.05377599079634095,-7.387151072484296
BRZ-02971,0.0,0.0,-0.059816811980078315,1.0,3.6822459553900133,-5.890146735135539
BRZ-02972,0.0,0.0,-0.3302840629020448,0.7411347517730495,2.343645076911872,-10.242121227184702
BRZ-02973,0.0,0.0,0.15785820858779662,1.0,10.410328796922704,-7.820963032434215
BRZ-02974,0.0,0.0,0.544819641412523,0.9077650768624361,7.335918605029055,-8.378756272109316
BRZ-02975,0.0,0.0,0.45935430859977083,0.6002372479240806,0.849464256948318,-9.321687645901465
BRZ-02976,0.0,0.0,-0.5675667035011526,1.0,3.3197682201898537,-10.389414937251718
BRZ-02977,0.0,0.0,0.5224192637839185,1.0,5.924674881252328,-9.106786166541102
BRZ-02978,0.0,0.0,0.057299937389626715,1.0,7.877900455118625,-8.909126903734814
BRZ-02979,0.0,0.0,-0.2962559832005336,1.0,9.637661081087463,-9.775041251266565
BRZ-02980,0.0,0.0,-0.4899989590416702,1.0,6.613182879999085,-9.53439975345584
BRZ-02981,0.0,0.0,0.430101470694997,0.0,3.0033513597576036,-11.491832063611744
BRZ-02982,0.0,0.0,-0.4091583170298819,1.0,0.3092432377556528,-10.203567466062454
BRZ-02983,0.0,0.0,0.031717194004750655,0.5467141726049091,14.610774592152325,-9.863083544581583
BRZ-02984,0.0,0.0,0.5174767411514926,1.0,0.42354948744087495,-10.484562427498009
BRZ-02985,0.09629179340995342,0.0,0.518632040571753,0.9465134706814582,3.627903241527273,-10.065533626051106
BRZ-02986,0.14374237298824324,0.0,1.0923027544648622,0.6057616416732438,4.585276879341258,-9.523747778758644
BRZ-02987,0.0,0.0,0.08571858860737944,1.0,2.285422323489323,-7.011368534440324
BRZ-02988,0.0,0.0,0.6482609530872145,0.0,1.4037727021973283,-9.26449834114308
BRZ-02989,0.0,0.0,0.33301972589585366,0.0,1.9198554152038982,-9.63266528952748
BRZ-02990,0.0,0.0,-1.158960795227674,0.0,5.5421146425843455,-11.769854260663047
BRZ-02991,0.1447917776086585,0.0,2.516098084988254,0.8379446640316206,3.1086276278045415,-8.911722153155859
BRZ-02992,0.0,0.0,-0.08484293889227294,0.05854430379746835,3.193108342546753,-9.754299765001889
BRZ-02993,0.0,0.0,-0.25432973562913486,1.0,1.2191875161601167,-10.192588606172205
BRZ-02994,0.0,0.0,-0.34360275537262713,0.0,18.106506323724826,-12.113841047867737
BRZ-02995,0.0,0.0,0.5230194633185338,0.548247341473021,0.3417823908335208,-9.624691004340248
BRZ-02996,0.0,0.0,0.2158603531395352,1.0,3.5649066235206455,-8.394143649523436
BRZ-02997,0.0,0.0,-0.0789550987004546,0.9244462025316454,1.3040295947397207,-6.602726359446064
BRZ-02998,0.0,0.0,0.04741420023977899,0.6548463356973995,4.6841817876921015,-10.620227325382022
BRZ-02999,0.0,0.0,0.024144694708191396,1.0,3.420708061624328,-9.844476204003819
BRZ-03000,0.0,0.0,0.8325086707307262,0.4912974683544305,0.9183223000614553,-9.544895108910824
BRZ-03001,0.0,0.0,0.28454144523970337,1.0,5.617453886943475,-8.567811631886546
BRZ-03002,0.0,0.0,0.36679288364228574,1.0,0.9489509177938292,-8.140576225143182
BRZ-03003,0.00566105784566024,0.0,-0.22521194300101377,1.0,1.0042485002609631,-10.19811421410621
BRZ-03004,0.0,0.0,-0.3458888367195051,1.0,0.09632792336964478,-9.51305141322315
BRZ-03005,0.0,0.0,-0.5883339511692652,0.8891955835962145,9.044050288659738,-10.197614577939955
BRZ-03006,0.0,0.0,0.1794398513680863,1.0,15.024142258150004,-6.735194902306819
BRZ-03007,0.0,0.0,-0.6213944656993325,0.9372533543804262,4.627097403041025,-9.535432551434695
BRZ-03008,0.0,0.0,-0.5755012371469733,1.0,4.343971133404359,-9.77000105574985
BRZ-03009,0.7512855973941961,0.0,0.7264841227566505,1.0,4.0470567640501995,-10.145909065773758
BRZ-03010,0.0,0.0,0.07200593394012597,0.7058125741399762,3.741116844472045,-8.38364039324378
BRZ-03011,0.0,0.0,0.29675662741654163,0.2458432304038005,1.990840628264028,-11.075106689873545
BRZ-03012,0.0,0.0,0.8336076323861971,0.0,1.5276868092172633,-8.735542579745104
BRZ-03013,0.03313671208128726,0.0,-0.36344277197721564,1.0,0.16901753013619855,-10.024639631029517
BRZ-03014,0.0,0.0,-0.22338195916772177,1.0,4.484851245097849,-8.555245380663596
BRZ-03015,0.0,0.0,0.7265666696201268,1.0,7.346528748931796,-9.295457966604314
BRZ-03016,0.0,0.0,0.1599826819581778,1.0,2.4603065593114253,-9.378793459023035
BRZ-03017,0.2529490201571558,0.0,0.4586641114890035,1.0,1.93639535848044,-8.882309755986014
BRZ-03018,0.0,0.0,-0.1557732261187092,1.0,1.9478537476130813,-7.686240265736524
BRZ-03019,0.0,0.0,0.04637979778846736,0.30653465346534664,0.8634115520042196,-9.966271064535567
BRZ-03020,0.0,0.0,0.016068089352147184,1.0,15.78221647906255,-11.004395259575574
BRZ-03021,0.0,0.0,0.3565060834099988,0.0,0.9842494969177246,-11.686474683698277
BRZ-03022,0.4178130446666803,0.0,0.19699837254434854,1.0,0.9988601819557391,-9.843883213321895
BRZ-03023,0.0,0.0,-0.3231326650878038,1.0,1.1901627412495208,-8.012282160344293
BRZ-03024,0.019798776428485664,0.0,0.6827397378504968,1.0,5.884904311036466,-8.194134916950047
BRZ-03025,0.0,0.0,0.19510268352430574,0.7498020585906572,0.3951050416421777,-8.139610631366299
BRZ-03026,0.011843063573608195,0.0,-0.9737395870443325,1.0,2.0768288711979856,-9.491225617894855
BRZ-03027,0.0,0.0,0.15769417007317132,1.0,6.068320710462625,-10.080986836424715
BRZ-03028,0.0,0.0,-0.0456013638604935,0.8081922016541946,4.20823493566374,-9.494761147134076
BRZ-03029,0.0,0.0,-0.19496513985725789,0.0,2.7760099398204527,-10.645185983919198
BRZ-03030,0.0,0.0,0.2717518329088829,0.0,1.446551444744547,-11.512335262561846
BRZ-03031,0.05677043699100761,0.0,0.06396555729055528,1.0,1.5639237797349268,-3.3844841799294882
BRZ-03032,0.0,0.0,-0.5045152335267856,0.9566587864460204,2.0566668518370625,-9.926572367845704
BRZ-03033,0.0,0.0,-0.19226490283052897,1.0,0.5058846164981625,-8.255768292122962
BRZ-03034,0.0,0.0,0.2458823394526707,1.0,3.9492211456049575,-4.0897930158973805
BRZ-03035,0.023299518534538776,0.0,-0.7495875543652011,1.0,4.097165782317332,-10.430527665143934
BRZ-03036,0.054342662568912146,0.0,0.8702856755184982,1.0,2.968020544863379,-7.868465353222112
BRZ-03037,0.0,0.0,-0.43935316263699353,0.41571259376233727,0.0,-9.286108704807349
BRZ-03038,0.0,0.0,-0.09876205183665002,0.627419992097985,0.7708870357300915,-10.111066704194664
BRZ-03039,0.0,0.0,0.15978299720519296,1.0,1.6202619459470586,-3.925126160044606
BRZ-03040,0.0,0.0,-0.05566950147688981,1.0,10.800665772439105,-9.484049590881868
BRZ-03041,0.0,0.0,0.5008888069248484,0.0,1.466651865707729,-10.387189092326699
BRZ-03042,0.0,0.0,-0.3169463790706462,1.0,0.579551445918277,-10.284498520048425
BRZ-03043,0.0,0.0,-0.4070923376794835,0.8555643251775849,0.1332271418479793,-8.53259158654924
BRZ-03044,0.0,0.0,-0.01815421961603578,0.682051282051282,3.110907459947183,-9.051157091020949
BRZ-03045,0.024008117881321827,0.0,-0.283878494579454,0.9315935152234085,5.048396829092886,-8.707127405867716
BRZ-03046,0.0,0.0,0.12355108259396311,0.2648221343873518,1.2685026613309358,-10.816564618474716
BRZ-03047,0.0,0.0,0.016796688569266575,0.3341232227488151,0.2989307564397333,-9.398936162548027
BRZ-03048,0.0,0.0,0.7992989932056721,1.0,0.457294422930668,-8.456030882107298
BRZ-03049,0.0,0.0,-0.05349136069438835,0.0,2.157979369729067,-10.924913181566374
BRZ-03050,0.0,0.0,-0.26018599925907526,0.732121691031213,1.7918272288826684,-10.436304544922518
BRZ-03051,0.0,0.0,-0.1997956295925632,1.0,5.960255451079479,-7.211662676079111
BRZ-03052,0.0,0.0,-0.3462847415849352,1.0,2.423433808128838,-9.800749056478587
BRZ-03053,0.27190783692390275,0.0,-0.03386761088683521,1.0,4.246994766433512,-9.967824787226437
BRZ-03054,0.08243386763924909,0.0,0.5768261477711201,0.7240426371891039,1.0619651914512978,-9.69397910200281
BRZ-03055,0.0,0.0,0.4829493042736146,0.0,2.1027603984608296,-10.659619600218553
BRZ-03056,0.05847649559724889,0.0,0.8536780156669289,1.0,2.706986719304701,-8.807232042094366
BRZ-03057,0.0,0.0,1.2970964353559218,0.48561292865589273,0.5701725952088594,-8.412657658347188
BRZ-03058,0.0,0.0,-0.46115586480296794,1.0,2.5211847828196006,-9.662019016802423
BRZ-03059,0.0,0.0,-0.18661232010341153,0.7509850275807722,5.899821908160271,-10.401176686017873
BRZ-03060,0.0,0.0,0.13805998332682015,1.0,5.481054876693007,-6.791726923804172
BRZ-03061,0.0,0.0,0.04029023914440487,1.0,10.858233522642054,-9.432318696614042
BRZ-03062,0.0,0.0,0.5095561755846019,0.9125445191927186,6.367062463202136,-7.253418443421396
BRZ-03063,0.0,0.0,0.6645317518396998,1.0,12.680175288501944,-7.4928865293808515
BRZ-03064,0.0,0.0,-0.05157490251371188,1.0,6.088554696359116,-9.427183596965822
BRZ-03065,0.05945321233242962,0.0,0.455154598906636,0.7939322301024431,1.6629128423042394,-9.994479946475414
BRZ-03066,0.0,0.0,-0.5329594412750389,1.0,0.9249757747692468,-9.070504997801676
BRZ-03067,0.0,0.0,-0.3197108764656464,1.0,6.926779285887614,-7.872753033596991
BRZ-03068,0.0,0.0,-0.34731827917813346,0.9283168316831683,5.483227279217468,-10.661131125666385
BRZ-03069,0.0,0.0,0.32701685785258056,1.0,0.43251570205905926,-5.5948722194700276
BRZ-03070,0.0,0.0,0.341586443384323,1.0,5.648270806085362,-8.201899624527021
BRZ-03071,0.5844791097710671,0.0,1.003938216793895,1.0,0.5535444041219595,-8.170916064948159
BRZ-03072,0.0,0.0,-0.5035050835370848,0.0,2.4899102258938126,-11.252455897285365
BRZ-03073,0.0,0.0,1.325727488084837,0.0,5.361507020146602,-9.453011400060879
BRZ-03074,0.0023999231806873566,0.0,0.022371681613913178,1.0,13.773445253344413,-9.108115821392463
BRZ-03075,0.0,0.0,-0.517761273412908,1.0,0.7772897224259208,-9.931053713626422
BRZ-03076,0.0,0.0,0.4401775631059474,0.08326756116811367,1.2340017566933819,-9.736330921486857
BRZ-03077,0.0,0.0,0.5291361940274724,0.0,2.7096058054318695,-11.014364610732326
BRZ-03078,0.0,0.0,-0.6798010187952626,1.0,1.661386298500648,-9.451323466087858
BRZ-03079,0.007851471043300553,0.0,-0.5691606434356862,0.8119085173501577,4.397308999633369,-8.853504753712679
BRZ-03080,0.0,0.0,0.029204296863801237,0.0,4.96163756577754,-10.39622551722088
BRZ-03081,0.0,0.0,-0.11216301329632875,0.0,1.7937238451429425,-10.349097903205509
BRZ-03082,0.0,0.0,0.21582384559606255,0.5041518386714117,2.3553533040086436,-7.051714943818213
BRZ-03083,0.0,0.0,-0.4049664348581286,1.0,2.1584629840685103,-10.525062519296322
BRZ-03084,0.0,0.0,0.6442500294091706,1.0,1.7132106009934016,-8.722318541331118
BRZ-03085,0.0,0.0,1.1458142912491505,1.0,11.042037889432676,-8.62911280198253
BRZ-03086,0.0,0.0,0.1251574637823462,1.0,9.402697118510936,-10.102128089380635
BRZ-03087,0.0,0.0,0.0004281347801748664,1.0,2.9488720679490132,-9.730337307774086
BRZ-03088,0.0,0.0,-0.7208527539363632,0.5574484944532488,0.940448011586753,-13.88082658380616
BRZ-03089,0.0,0.0,-0.04104618073871712,0.0,4.897833142000369,-11.2108336393211
BRZ-03090,7.467058069543491e-05,0.0,-0.368349880185736,0.6636291600633913,0.6577294676479637,-12.816485097514889
BRZ-03091,0.0,0.0,-0.087497117379613,0.641980198019802,1.3572934716553038,-8.9743106410496
BRZ-03092,0.0,0.0,0.1513780324624726,0.9893407027240426,1.2660928480072262,-9.089078079475831
BRZ-03093,0.0,0.0,0.5666347441199437,1.0,3.2365601436357263,-7.903283872056311
BRZ-03094,0.0,0.0,-0.5910059263721485,0.9284584980237155,1.6588343205031442,-10.906304666542619
BRZ-03095,0.0018659343572821148,0.0,0.695654198126007,1.0,1.107932425560425,-7.839546040536421
BRZ-03096,0.000195489350224519,0.0,-0.16032815073691334,0.999211356466877,3.653427411652002,-8.08565569922638
BRZ-03097,0.0,0.0,0.26125926058615534,0.9885601577909271,12.439753794668587,-8.514573700494307
BRZ-03098,0.03360233363132232,0.0,1.0473915367153095,0.8853754940711461,2.101164595332873,-9.585345976702191
BRZ-03099,0.0,0.0,0.0977245791629079,1.0,7.887762203149819,-8.442772929888728
BRZ-03100,0.0,0.0,-0.25301856065779704,1.0,3.8843637234885495,-8.46284455427661
BRZ-03101,0.0,0.0,0.21113256930114713,1.0,4.376649400929991,-8.29074150200033
BRZ-03102,0.0,0.0,-0.7536773584843423,1.0,5.607312930485065,-6.98322894601406
BRZ-03103,0.0,0.0,1.3176305926440257,0.883280757097792,8.813894612417585,-8.089398837307877
BRZ-03104,0.05103453098289182,0.0,-0.16877399977272334,1.0,5.919217316825782,-8.141001722101365
BRZ-03105,0.009410624255501264,0.0,-0.5257981298939907,0.9150868878357031,1.6803272575899093,-9.90681460279997
BRZ-03106,0.0,0.0,0.9060851522731359,1.0,1.5143347376405987,-10.020924266671326
BRZ-03107,0.0,0.0,-0.48950278715588125,1.0,2.1750486523928645,-8.946642362081494
BRZ-03108,0.00523811696740232,0.0,0.3540423071248875,1.0,1.3068873228678135,-9.148070648148764
BRZ-03109,0.001994228140579016,0.0,0.9976987374588844,1.0,1.551790757509295,-5.71365925647661
BRZ-03110,0.0012920625991176202,0.0,-0.07971359408604518,1.0,6.37323779753685,-7.372048058607705
BRZ-03111,0.0,0.0,0.2771581591952905,0.0,0.20939110674347364,-12.13722469863546
BRZ-03112,0.0,0.0,0.8062914250480503,1.0,3.1110402467339275,-7.921481889737408
BRZ-03113,0.0489328227719127,0.0,0.16424677053830244,0.3896360759493671,1.2351179252606104,-7.7095909036524946
BRZ-03114,0.016822382083532844,0.0,0.9475293927972963,0.9850157728706623,4.2158014207948575,-9.55373201862496
BRZ-03115,0.0,0.0,0.4463016109155315,1.0,0.2015103497631367,-8.101575053017893
BRZ-03116,0.0,0.0,-0.11198820354912337,0.1737756714060031,1.3190145547073788,-11.156170658930492
BRZ-03117,0.0,0.0,0.17952358148381634,0.8693764798737174,1.50266176063917,-8.783494568303253
BRZ-03118,0.0,0.0,0.1356941217262627,1.0,2.1173918989138736,-7.163780788738645
BRZ-03119,0.0,0.0,-0.5658149317233154,0.44348168570303265,0.33635522243465205,-8.387021143775293
BRZ-03120,0.005009621662442266,0.0,0.07599548194926288,1.0,5.6048669212030715,-7.830097928488619
BRZ-03121,0.0,0.0,0.6352820749632553,1.0,4.082235051855287,-8.174326862869494
BRZ-03122,0.0,0.0,0.9171566317656827,0.42429022082018936,13.857283359903942,-11.060146889089241
BRZ-03123,0.0,0.0,0.10046560183558488,0.0,1.1179523578428063,-10.065802289079482
BRZ-03124,0.0,0.0,0.38298602797544523,1.0,3.7364349314857823,-9.961477163010333
BRZ-03125,0.0,0.0,0.2008975950183996,0.9656669297553275,25.383134848842666,-7.374261911097359
BRZ-03126,0.0,0.0,0.7274663490971792,1.0,6.555461065899788,-9.082350514772436
BRZ-03127,0.0,0.0,0.7640522311131781,0.0,0.3374368501598875,-8.444780997319581
BRZ-03128,0.0,0.0,0.9130519299021713,0.0,1.994946906307647,-10.162211121542853
BRZ-03129,0.0,0.0,0.05343060803496947,1.0,1.575062978962705,-6.8582641313787445
BRZ-03130,0.0,0.0,-0.05029705484170016,0.9475552050473186,4.379582969951601,-9.57283885788994
BRZ-03131,0.0,0.0,-0.029041460763075577,0.21013058963197467,2.4752360100605237,-8.679386924528357
BRZ-03132,0.0,0.0,0.12166234698957096,1.0,1.004830454048202,-8.846094451732212
BRZ-03133,0.00647388487134014,0.0,0.10477566910845,1.0,2.741305651927384,-8.141782243722488
BRZ-03134,0.0,0.0,-0.5860562113527096,1.0,2.046234918793468,-10.550788261808943
BRZ-03135,0.0,0.0,-1.1246778531978747,1.0,3.113550291375699,-10.56456619451872
BRZ-03136,0.0,0.0,1.696238048125591,0.47493091196210035,3.5071200261006026,-8.357405237437106
BRZ-03137,0.0,0.0,-0.3585853108267243,0.8423137876386686,3.455407752035629,-10.624423136970265
BRZ-03138,0.0,0.0,-2.220065570876041,0.0,1.2005081794739374,-13.37128096648883
BRZ-03139,0.0,0.0,0.26081832580035547,1.0,4.540303701297559,-7.843412286610756
BRZ-03140,0.0,0.0,-0.5185495366261398,1.0,0.8468892465551124,-9.47933662732695
BRZ-03141,0.0,0.0,-0.21662236756938993,0.5455265241488519,1.0325723474869535,-11.463964109553514
BRZ-03142,0.0,0.0,1.095039795202136,1.0,4.829166680688393,-5.772748264785013
BRZ-03143,0.0,0.0,0.2725015490952018,1.0,13.219479827566989,-6.705051903116292
BRZ-03144,0.0,0.0,0.6130679517826108,0.0,1.3135052066555908,-9.804212565831731
BRZ-03145,0.0,0.0,0.6479842462494584,1.0,0.05548213956755083,-9.032502635710493
BRZ-03146,0.0,0.0,-0.8717209004825944,0.0,2.5428188594402212,-15.030732193211524
BRZ-03147,0.0,0.0,-0.04771650726009611,0.8823529411764707,3.063369766146739,-9.284325823639636
BRZ-03148,0.0,0.0,0.19931123672698375,1.0,0.6914886041152065,-8.189132087796969
BRZ-03149,0.0,0.0,0.2908175899730741,1.0,0.4973149959131476,-10.71125345580915
BRZ-03150,0.004308474522370558,0.0,0.6796310419445962,1.0,2.9602615193565107,-8.00799019472146
BRZ-03151,0.0,0.0,-0.324329901561398,0.785827395091053,7.663733756989234,-8.192530655339434
BRZ-03152,0.0,0.0,0.6348184130873108,0.8713889988128216,2.8479849883908215,-8.876823981532372
BRZ-03153,0.0,0.0,0.13639091362519917,1.0,4.38258083488579,-8.730720021709214
BRZ-03154,0.22790565334951146,0.0,1.5705747032023414,0.7447731755424063,13.460757369295653,-7.67413734772902
BRZ-03155,0.0,0.0,0.7154494308419664,0.7293233082706767,3.2659090151737815,-11.854370139525205
BRZ-03156,0.0,0.0,-0.17600427724934553,0.08947575877020103,2.708600465116279,-12.860057766355522
BRZ-03157,0.0,0.0,0.4390415504339359,1.0,0.31809184407813645,-8.418340917792548
BRZ-03158,0.04012983495191949,0.0,-0.22770355492703195,0.9440504334121356,1.9739305640240028,-9.40893901790018
BRZ-03159,0.0,0.0,-0.17583587949629464,1.0,3.738911828422411,-8.35805705084044
BRZ-03160,0.0,0.0,-0.29267473401899163,1.0,1.758071028376652,-7.728247167407267
BRZ-03161,0.0,0.0,0.7329626407582177,1.0,0.44606961875849344,-7.128980628767171
BRZ-03162,0.0,0.0,-0.11520897700503538,1.0,1.9784904548489115,-9.166185345501772
BRZ-03163,0.0,0.0,0.05275146391808579,0.8356326369728024,6.074144781648381,-9.16730297272819
BRZ-03164,0.0,0.0,-0.13554524121353417,0.9726948951325681,0.021811553862933635,-11.115671743209443
BRZ-03165,0.0,0.0,0.45453923513984096,0.0,2.621823481986424,-11.395672852965657
BRZ-03166,0.0,0.0,0.039088907135404014,1.0,1.6489686090018614,-8.798734985753484
BRZ-03167,0.0,0.0,-0.1230174410876422,0.22230981474182107,0.9592928885306907,-11.333766622914924
BRZ-03168,0.0,0.0,-0.15143503699147365,1.0,7.06733248875665,-8.491619050603846
BRZ-03169,0.0,0.0,0.0030227887032090754,0.06321612011062822,9.721320345803168,-9.745705693883227
BRZ-03170,0.0,0.0,0.30654104343615646,0.0,1.1818800278402615,-11.278018829328682
BRZ-03171,0.0668768990129209,0.0,-0.4604752664088451,0.8026835043409631,0.5330404805192895,-9.657240059657278
BRZ-03172,0.0,0.0,0.19483141959039063,0.41735700197238645,1.9578940908617242,-9.086272184032834
BRZ-03173,0.0,0.0,0.30523191661835414,1.0,3.4181501971903328,-9.392948221397125
BRZ-03174,0.005395028943526028,0.0,0.3131405775170297,1.0,1.0138457219301298,-9.002572177681289
BRZ-03175,0.0,0.0,-0.7194169117611782,1.0,13.953145878805282,-9.093233004117723
BRZ-03176,0.0,0.0,-0.32810826836567053,1.0,9.783176140483235,-9.279127228938309
BRZ-03177,0.0,0.0,0.17765538251798893,1.0,5.077929802357016,-7.839583533256869
BRZ-03178,0.0,0.0,0.9670202801010244,0.5299684542586751,5.419079006477772,-9.129203303037231
BRZ-03179,0.0,0.0,-0.4497670545273381,1.0,3.1022625705323637,-9.861544227831528
BRZ-03180,0.0,0.0,0.17872577265321507,0.808284023668639,4.729455971358953,-9.168801469051298
BRZ-03181,0.0,0.0,-0.5843318958198848,1.0,3.379561409055499,-8.571161842902924
BRZ-03182,0.0,0.0,-0.5327570974735887,1.0,2.4078912917256634,-8.637919440967346
BRZ-03183,0.033318020438654186,0.0,0.4662084003544446,1.0,3.032998456365371,-9.43453933567227
BRZ-03184,0.0,0.0,-0.20523558883999224,1.0,7.9549657951024635,-9.98422227864533
BRZ-03185,0.0,0.0,-0.19100007257732685,0.9984202211690364,1.0679581487357934,-8.682744776286798
BRZ-03186,0.0,0.0,0.45117160406058604,0.0,1.4685349571143627,-11.881956232655801
BRZ-03187,0.0011517262039116665,0.0,0.30910697160451434,1.0,0.5029042950511281,-9.525694495511905
BRZ-03188,0.0,0.0,-0.20247122364805972,1.0,11.662047073674897,-9.89206588839574
BRZ-03189,0.0065014092970328416,0.0,-1.0684564680599413,0.40799366838148,1.5344774512898331,-13.605547297488291
BRZ-03190,0.0,0.0,-0.859547839225103,1.0,1.4101424120042,-8.981027116671351
BRZ-03191,0.0,0.0,-0.5065891050715201,1.0,0.5392638283513858,-8.520416562566814
BRZ-03192,0.0,0.0,-0.216815318566398,1.0,0.9327828916533297,-10.467133107047044
BRZ-03193,0.0,0.0,1.5434570031051302,0.0,2.869860524478623,-8.741982751339162
BRZ-03194,0.0,0.0,-0.6368745120041284,0.99644128113879,4.211905174616839,-10.493968730961543
BRZ-03195,0.0,0.0,0.11112091115002282,0.05628220372572335,0.7514865293458811,-11.554558524587412
BRZ-03196,0.0,0.0,0.600271943783247,1.0,0.5301924539479329,-9.725740185773102
BRZ-03197,0.08655672843748403,0.0,0.4615758335830758,0.4940711462450594,0.20398242490706617,-10.305827063061459
BRZ-03198,0.0,0.0,0.15768186266213274,0.0,0.6371349525584737,-8.911598806559505
BRZ-03199,0.0,0.0,0.32375675316132824,0.07952755905511813,29.3694651830575,-13.150545875543399
BRZ-03200,0.0,0.0,0.3107742229129024,1.0,6.868995235736129,-8.817804678357616
BRZ-03201,0.0,0.0,-1.0394269570176886,1.0,2.9580586179291637,-9.574378660368804
BRZ-03202,0.0,0.0,0.7358861340705175,1.0,1.0046371317668354,-8.933973041960318
BRZ-03203,0.0,0.0,-0.6784980867371785,1.0,0.3262668851430474,-6.573297572334071
BRZ-03204,0.0,0.0,-0.32213552173729765,0.749013417521705,2.373626389018799,-9.54991498696367
BRZ-03205,0.0,0.0,-0.5545361894702815,0.9499211356466879,0.6116630698179972,-9.095555047569604
BRZ-03206,0.0,0.0,-0.28590017931792117,1.0,11.648147486827261,-9.162767466994618
BRZ-03207,0.00020856056971769898,0.0,-0.3853152039637788,1.0,1.620892633306243,-10.384031055327009
BRZ-03208,0.0,0.0,0.5994054037478243,0.962509865824783,4.685101531601315,-8.892679391005045
BRZ-03209,0.0067180155317224325,0.0,0.2530881337258448,1.0,5.316543160130693,-8.268849302250194
BRZ-03210,0.0,0.0,-1.0097059525338445,1.0,3.463151142407157,-10.883875622821845
BRZ-03211,0.0,0.0,-0.3474405210436579,0.9546172059984216,5.773061555494327,-9.353678362566152
BRZ-03212,0.0,0.0,0.4312458186101227,0.023696682464454975,7.142694938759644,-9.895946398506602
BRZ-03213,0.0,0.0,0.14491629759998548,0.8651419558359621,1.1306984375597173,-10.166194056587413
BRZ-03214,0.0,0.0,-0.5441518396575534,1.0,9.057589304037505,-8.524142406663605
BRZ-03215,0.010120688112047194,0.0,-0.08290514122474169,0.7787854889589907,5.210272635667303,-10.072173656668385
BRZ-03216,0.0,0.0,0.1614948613867356,1.0,0.35720334598732373,-7.70142306153876
BRZ-03217,0.0,0.0,-0.1833779183811378,0.0,3.7049308095479017,-12.357982401816201
BRZ-03218,0.0,0.0,0.09435170068008328,0.0,4.351285860320142,-14.904622895215153
BRZ-03219,0.004621327818264277,0.0,0.14988968963896224,1.0,1.0504927188220075,-10.475086819085494
BRZ-03220,0.016774859926696365,0.0,0.3970098357678072,1.0,1.0367361020040249,-8.871625371387047
BRZ-03221,0.0,0.0,-0.04814389591357002,0.8735224586288415,1.0183758554401503,-10.139641918212023
BRZ-03222,0.0,0.0,-0.5707536985091222,0.0,2.8690416866238513,-10.924743708702835
BRZ-03223,0.0,0.0,0.9138751426982624,0.0,3.0519965212308944,-9.281876619694422
BRZ-03224,0.0,0.9353312302839117,-2.6316507361873454,0.02641955835962145,0.0,-16.945084611786253
BRZ-03225,0.0,0.0,-0.17997315297769148,1.0,1.7011332849827014,-9.694970307244665
BRZ-03226,0.015815994492787117,0.0,-0.990156182483153,1.0,3.94231890691542,-11.362040692789048
BRZ-03227,0.0,0.0,1.3715585510350423,1.0,2.2270704958574883,-8.102093657911668
BRZ-03228,0.0,0.0,-0.6242781160005227,0.4295857988165681,0.06160466866532727,-10.668337112325212
BRZ-03229,0.0,0.0,-0.08250060606858522,1.0,1.5558446139109567,-10.076018863923952
BRZ-03230,0.0,0.0,-0.370148379774482,1.0,5.020088291804197,-8.225511228921242
BRZ-03231,0.0,0.0,0.03234457868325581,0.6852510873863186,3.3057454162534303,-9.184429340228679
BRZ-03232,0.0,0.0,0.34332352599646354,0.11558185404339254,1.738650980563614,-9.735804105896692
BRZ-03233,0.0,0.0,0.08018519098167642,1.0,0.48144823363424144,-6.900619520364389
BRZ-03234,0.0,0.0,0.1429023241046542,1.0,0.4039660723705608,-9.93250668348128
BRZ-03235,0.0,0.0,-0.019278304668398055,0.0,3.7478652690977055,-11.03915930945371
BRZ-03236,0.0,0.0,0.4990086003705494,0.6487128712871285,11.006336973776,-10.462999623658314
BRZ-03237,0.0,0.0,0.5118020940764958,1.0,0.5439103200984605,-8.602497796586189
BRZ-03238,0.0,0.0,-0.04151649306081111,1.0,1.5543754898054694,-8.932521793791487
BRZ-03239,0.0,0.0,0.022843605804834122,1.0,9.269735339076938,-7.039262664128812
BRZ-03240,0.06315453339197166,0.0,-0.40419141715619494,0.8477056962025317,3.560776664388542,-10.464366721261127
BRZ-03241,0.0,0.0,-0.6820597011688896,0.7517758484609314,1.976404330712328,-10.112541450317911
BRZ-03242,0.0302224006583207,0.0,0.7073511417882684,0.9396211523283347,3.215978295268125,-9.44734527936968
BRZ-03243,0.0,0.0,-0.019809317973512673,1.0,0.02453823210972499,-9.734135454867555
BRZ-03244,0.0,0.0,0.36079227009266296,1.0,0.20020950389321396,-8.989087305357833
BRZ-03245,0.03711261481235225,0.0,0.07741208686665697,0.9786476868327403,5.724408277599898,-11.307666457425887
BRZ-03246,0.011661885955108395,0.0,1.7472925349451152,1.0,2.813426570045528,-7.826138253032048
BRZ-03247,0.0,0.0,0.1929231753928746,0.9653406853091768,0.4713880944669168,-8.838903976850304
BRZ-03248,0.0,0.0,0.6215574978995513,0.9913249211356465,5.87834698770806,-8.64091017915943
BRZ-03249,0.0,0.0,-0.7427253031643885,1.0,1.380366662497934,-8.701911420151264
BRZ-03250,0.0,0.0,0.2865610728275954,1.0,2.24514088464537,-7.239323630265112
BRZ-03251,0.0,0.0,-0.40910955590000836,0.34782608695652173,0.16222674840943707,-12.001298046462681
BRZ-03252,0.0,0.0,0.7255781910940708,1.0,2.3322660444716834,-8.714425384206677
BRZ-03253,0.0,0.0,0.5633462944611165,1.0,0.5490992725294451,-8.429909468389843
BRZ-03254,0.0,0.0,0.763670753969345,0.0,4.454779016443999,-10.189741901224593
BRZ-03255,0.0,0.0,0.6578196206094249,1.0,7.090785069088039,-8.632027642581773
BRZ-03256,0.0,0.0,0.25938490807949344,1.0,0.6219813247522272,-9.959541554851832
BRZ-03257,0.0,0.0,0.014044967885434042,0.0,1.2546115408530456,-11.393172820232094
BRZ-03258,0.0,0.0,0.40328263768004713,1.0,9.563676424448428,-8.316084344565503
BRZ-03259,0.0,0.0,-0.27438858961047113,0.0,1.6512003150743926,-9.179372397498046
BRZ-03260,0.0,0.0,-0.8601949241477145,1.0,4.689626100088624,-7.653516022804711
BRZ-03261,0.0,0.0,0.40631696329606926,1.0,2.8200183706040782,-7.931092431761998
BRZ-03262,0.0,0.0,-0.09660430152603697,0.0,0.996693003994006,-11.744642406604518
BRZ-03263,0.0,0.0,0.02078135417491342,1.0,1.9466799942658126,-8.323594515368693
BRZ-03264,0.009444752379115604,0.0,0.3734740702810399,1.0,0.4574498246314486,-10.034454042398446
BRZ-03265,0.0,0.0,0.2269385626962544,1.0,0.2499758735628771,-8.985963716578414
BRZ-03266,0.0,0.0,1.6362173303284901,0.6386918833727344,6.284662148796543,-6.183633459435679
BRZ-03267,0.0,0.0,0.21456006106799294,0.0,0.2697428324226001,-9.962701173348266
BRZ-03268,0.006914498374420599,0.0,-0.32335992911390615,1.0,5.683411611087947,-8.885211984552239
BRZ-03269,0.0,0.0,0.556248288436285,1.0,3.1378930324464775,-8.842027654828884
BRZ-03270,0.0,0.0,-0.10404247269898459,1.0,0.7238665094398725,-9.685456370161805
BRZ-03271,0.0,0.0,-0.2537098041167799,0.5863977856860418,3.4771218442107927,-10.698544710033909
BRZ-03272,0.0,0.0,0.6057614374531959,1.0,1.2839692701870586,-8.540776228146484
BRZ-03273,0.0,0.0,0.2682285976645871,0.12657728706624607,3.1196468856579878,-10.612234147032312
BRZ-03274,0.013177076065629734,0.0,1.541705664717394,0.5163837347019345,2.47312764374201,-3.3129993153432578
BRZ-03275,0.0,0.0,0.23953447254079327,0.0,0.8576072952961402,-11.042510089200087
BRZ-03276,0.0,0.0,0.4644152707810136,0.9206161137440757,0.8452155892724372,-9.494509091223344
BRZ-03277,0.0,0.0,0.36400932313564166,0.0,1.535758650923196,-7.868139047237797
BRZ-03278,0.0,0.0,-0.04734290014718978,0.507120253164557,2.8074035628324827,-11.045598692995371
BRZ-03279,0.0,0.0,0.17466006662079805,1.0,3.1289772766893096,-8.39124712071938
BRZ-03280,0.0,0.0,0.9835835612764784,0.3309692671394799,4.1541800737684,-8.844467879726105
BRZ-03281,0.0,0.0,0.27370256773755836,1.0,4.482818392980003,-4.484119944673392
BRZ-03282,0.0,0.0,1.1433353839435003,0.9980276134122288,0.4511633399748491,-10.893847698765645
BRZ-03283,0.0,0.0,-0.03911335721790324,0.508668242710796,18.59930956114881,-9.49923524660557
BRZ-03284,0.0,0.0,-0.2963579157699586,1.0,3.5242497367392813,-10.774730414063901
BRZ-03285,0.0,0.0,-0.5880301679555717,0.0,1.8345739183795902,-12.721611535822019
BRZ-03286,0.0,0.0,0.8719955407110795,0.8150197628458499,0.6154516220609644,-8.39265526122761
BRZ-03287,0.0958508225852216,0.0,-0.1717333735988453,1.0,2.4990023105262895,-9.744974607497594
BRZ-03288,0.0,0.0,-2.5328636281430494,0.026792750197005517,2.5874440034890682,-15.39461816303326
BRZ-03289,0.0,0.0,0.5191051648893726,0.6882399368587212,0.0,-7.907988424551281
BRZ-03290,0.0,0.0,0.08783988209882022,1.0,1.0607092615346279,-9.08188027247218
BRZ-03291,0.0,0.0,-0.4164478848742436,1.0,1.1760426111162507,-9.775865917125623
BRZ-03292,0.0,0.0,-0.09187348938160711,0.3255722178374112,1.8632434556243582,-10.112048937487792
BRZ-03293,0.0,0.0,0.8023686770338639,0.9972375690607735,3.1584905533714864,-8.281756544212113
BRZ-03294,0.0,0.0,-0.016007054813008875,1.0,1.4152741056973792,-6.558016950040824
BRZ-03295,0.0,0.0,0.6453236013324453,0.0,0.917025093514527,-11.184389951173616
BRZ-03296,0.04252681691330125,0.0,0.7687479767983452,1.0,2.6496138455236253,-8.882689890748846
BRZ-03297,0.0,0.0,0.2578331427639103,0.0,3.1430346434984493,-11.322900604803488
BRZ-03298,0.0,0.0,0.7402030570409743,0.0,4.598095257731662,-11.484204630685616
BRZ-03299,0.0,0.0,0.9967431044435993,0.4391492713666799,1.2057306752681247,-8.695169060879985
BRZ-03300,0.0,0.0,0.06243382308717356,1.0,0.14214012473227705,-6.941741533467888
BRZ-03301,0.0,0.0,0.5717329164153537,0.465483234714004,16.30571159198865,-10.225966895832181
BRZ-03302,0.019400590202221735,0.0,-0.4527795205582497,1.0,9.788440685360726,-9.61557776002018
BRZ-03303,0.03240802804000764,0.0,0.28381708351734064,0.7782608695652173,1.1256008285383745,-7.618629547116288
BRZ-03304,0.0,0.0,0.5708662159793076,1.0,2.811111330780986,-5.899587055091317
BRZ-03305,0.0,0.0,-0.10283332887404417,0.0,3.062033667923521,-10.349919600110976
BRZ-03306,0.0,0.0,0.13520710519627296,0.8773248911753068,3.429369727556586,-10.115067064679044
BRZ-03307,0.0,0.0,-0.11277564669805788,1.0,2.1522018573862347,-9.509338399937727
BRZ-03308,0.0,0.0,-0.26172067236923113,1.0,6.363535352921496,-7.022294033270981
BRZ-03309,0.0,0.0,-0.47571112305539176,0.9948494453248812,5.224777965113041,-10.528654269700104
BRZ-03310,0.0,0.0,-0.23071471227821938,1.0,1.846733292087949,-8.05214606984938
BRZ-03311,0.0,0.0,0.2162002490946745,0.0,6.059795167576019,-10.238476547213475
BRZ-03312,0.0,0.0,-0.010198767048570812,1.0,2.6850446511626163,-9.032160400739498
BRZ-03313,0.0,0.0,0.2950721025979866,1.0,1.8266528981817522,-9.03121432541015
BRZ-03314,0.0,0.06437598736176935,-1.0084444450969565,0.13507109004739334,1.087907946786745,-12.258283060226372
BRZ-03315,0.0,0.0,0.37062208681207814,0.910891089108911,0.15449242141877734,-10.077349458621232
BRZ-03316,0.0,0.0,0.8919170582007799,0.0,0.5998440817157473,-11.095799575341516
BRZ-03317,0.0,0.0,0.06297154551899624,1.0,2.4248099544783783,-8.947888928207428
BRZ-03318,0.0,0.0,0.21169314598293634,1.0,0.4637845746226124,-8.012167827281198
BRZ-03319,0.0,0.0,-0.9525733650811248,0.9272151898734177,6.25098857362201,-7.7410683918603596
BRZ-03320,0.009614942704930027,0.0,0.5332806537260094,1.0,7.9530306944274285,-8.891690725446756
BRZ-03321,0.0,0.0,0.6215417120541162,1.0,3.0491003658999274,-7.712963251602297
BRZ-03322,0.0,0.0,0.17958322011913447,1.0,2.9312004439983963,-7.994710818685414
BRZ-03323,0.0,0.0,0.01774730148730762,1.0,3.161094292748361,-8.543888842893065
BRZ-03324,0.002226926250891252,0.0,-0.11012393728587505,1.0,1.3176515450253392,-8.643417688602865
BRZ-03325,0.0,0.0,-0.2799692476420458,0.9655445544554455,5.944234211923431,-10.066862186648835
BRZ-03326,0.003636306587811097,0.0,0.35217722592951367,1.0,4.264701734096108,-6.970036518364679
BRZ-03327,0.00804529770548585,0.0,0.5312227150068486,1.0,5.902008283356081,-9.684338899748997
BRZ-03328,0.0,0.0,-0.6532369344109771,1.0,4.536916393164518,-6.849533263719806
BRZ-03329,0.0,0.0,-0.12393240931585238,1.0,13.14025137911637,-9.20652446130254
BRZ-03330,0.0,0.0,-0.4180981984017065,1.0,1.6718076835135816,-10.336965120478375
BRZ-03331,0.622884988044442,0.0,-0.23546675353194052,0.9996048992493086,0.6082061581703948,-10.311346858024642
BRZ-03332,0.0,0.0,0.02739630965939308,1.0,2.445379362232728,-9.912800907923547
BRZ-03333,0.0,0.0,-0.15052831345847595,1.0,3.470150015502558,-9.069764096327452
BRZ-03334,0.62631485969441,0.0,0.6389048306837426,1.0,0.40890345864832583,-8.911495770755405
BRZ-03335,0.0,0.0,0.1150590790969344,1.0,15.13223871710205,-9.026396869354931
BRZ-03336,0.0,0.0,-0.5365395726838081,1.0,6.939502622888401,-8.844377411431607
BRZ-03337,0.06980664689806557,0.0,0.7359540717485203,1.0,1.150173612369936,-8.427249386120423
BRZ-03338,0.013750170560369533,0.0,0.32929577093955886,1.0,4.920097269483328,-8.28121528717224
BRZ-03339,0.0,0.0,-0.08305561927732028,0.010272619517977083,0.003499921687716601,-12.650809797634865
BRZ-03340,0.04356813437831599,0.0,-0.8389416450088122,1.0,5.248699733941219,-9.371318399776605
BRZ-03341,0.0,0.0,0.3883061762800053,0.0,2.3485577161308275,-13.009446347752334
BRZ-03342,0.0,0.0,1.4022978175077587,1.0,1.140803043412817,-4.787313877235578
BRZ-03343,0.0,0.0,-0.6587664125162207,1.0,2.5863791904893807,-9.148230061137232
BRZ-03344,0.0,0.0,-0.029885111237059583,1.0,1.5108226399914402,-11.291035881091785
BRZ-03345,0.0,0.0,0.32296444985054223,1.0,1.8351952696022966,-4.280837608289474
BRZ-03346,0.057731430020533214,0.0,0.10808384938928624,1.0,1.065694437819694,-7.392874534004458
BRZ-03347,0.0,0.0,-0.09993946637760318,0.0,0.8542632641359742,-11.403237150966044
BRZ-03348,0.018401094880308725,0.0,0.9807481680256185,1.0,1.15206070959734,-8.715613203721338
BRZ-03349,0.0,0.0,-0.030511965921877868,1.0,0.22517328626590433,-8.315667373277106
BRZ-03350,0.043889262457083494,0.0,-0.14622678495936178,1.0,0.17105403844435008,-8.485409074766924
BRZ-03351,0.0,0.0,-0.6989510242698607,0.994869771112865,4.791010286372184,-10.014667311837245
BRZ-03352,0.000659290501371919,0.0,-0.7047823060180475,1.0,0.8255173462476337,-9.298023877495972
BRZ-03353,0.0,0.0,-0.42354382549153863,1.0,1.574648342379816,-7.565308416437018
BRZ-03354,0.0,0.0,1.2561805162037645,0.9382178217821783,2.4489975670046364,-8.11321820569747
BRZ-03355,0.0,0.0,0.37330326740367126,1.0,0.4250061295418641,-9.024205827664419
BRZ-03356,0.0,0.0,0.08581574724237348,0.46600790513834,1.466392170921658,-10.755408244045913
BRZ-03357,0.0,0.0,-0.025036728440176646,1.0,0.3201824856934847,-2.3286200195181874
BRZ-03358,0.02072311479853681,0.0,0.5956509477154028,1.0,1.7265157585626811,-9.54899246044307
BRZ-03359,0.0,0.0,0.5489868236316848,1.0,5.829171297006853,-8.64586456806115
BRZ-03360,0.0,0.0,-0.011856825541267954,1.0,0.37735493839241363,-9.154319919802962
BRZ-03361,0.0,0.0,-0.03892318925576815,0.7608353033884948,2.1025568562824923,-9.81512999212066
BRZ-03362,0.0,0.0,-0.8166095306102354,0.9956435643564356,1.4268086240352826,-8.137387694880653
BRZ-03363,0.0,0.0,0.19791953754461666,0.0,1.5020441902802992,-11.495429214946371
BRZ-03364,0.0,0.0,0.8649531388879855,0.6878955696202532,1.3188299103147776,-9.263305002306776
BRZ-03365,0.0,0.0,-0.012893900614824424,1.0,1.538881693324123,-7.429242619057423
BRZ-03366,0.587979840046325,0.0,1.315995554527668,1.0,6.337604605858521,-7.915631832463979
BRZ-03367,0.0,0.0,-0.4184241302343899,0.6479207920792079,6.4813821862741605,-9.493897138016703
BRZ-03368,0.0,0.0,0.17148308590940478,1.0,6.084488964011012,-8.204351719276818
BRZ-03369,0.0,0.0,-0.4230445046250534,0.6541650217133833,0.27614594351975197,-11.064025937934295
BRZ-03370,0.0,0.0,0.7200757935202591,1.0,0.6406396897075284,-9.57786660103026
BRZ-03371,0.292918871063114,0.0,1.0837603373645674,0.8006316620607975,8.774596195499225,-8.328431386622173
BRZ-03372,0.011200122355376964,0.0,0.5041381206563028,1.0,5.941087022665528,-7.580294797477296
BRZ-03373,0.0,0.0,-1.0762554865744491,1.0,5.612612225849858,-6.570345268372043
BRZ-03374,0.0,0.0,-0.22018097274590542,1.0,1.7865766793590026,-8.107400665086159
BRZ-03375,0.0,0.0,0.3540306256261727,0.5144325820482404,3.5408173997977226,-9.39899740954138
BRZ-03376,0.010481604829024669,0.0,-0.05390683524478522,1.0,16.508206648256476,-10.231009369864712
BRZ-03377,0.0,0.0,-1.0944876503914907,1.0,3.1170543065156817,-8.306073349801814
BRZ-03378,0.0,0.0,0.37943966666890755,1.0,3.559086447685579,-8.822976755105946
BRZ-03379,0.0,0.0,0.694461236059569,0.9834254143646408,3.8957107938544886,-7.906818588264184
BRZ-03380,0.0,0.0,-0.0272369109431552,0.9885375494071147,9.630887267708218,-7.41125538045087
BRZ-03381,0.0,0.10063141278610893,-1.8035585437584558,0.0,1.2633956943579105,-14.574924211991414
BRZ-03382,0.0004458063636144254,0.0,0.1327359062432566,0.5732333201737072,7.179769246232176,-11.895397617405509
BRZ-03383,0.0,0.0,-0.5142739471569593,0.0,4.422921705119618,-12.000486585820404
BRZ-03384,0.0,0.0,0.5553443593807571,0.0,0.8982392647199832,-9.862328893098374
BRZ-03385,0.0,0.0,1.237595553040744,0.6495659037095503,3.251582262509834,-8.596334717121795
BRZ-03386,0.0,0.0,-0.6014581829111326,1.0,5.245708645783951,-7.634767954576345
BRZ-03387,0.0,0.0,-0.8902875667820048,1.0,7.393782158760175,-11.08151476083313
BRZ-03388,0.0,0.0,0.7144646612108636,0.0,2.5961946839555825,-10.8596306911617
BRZ-03389,0.0,0.0,0.7402000040106721,1.0,5.4262534254512715,-7.221394889533249
BRZ-03390,0.0,0.0,-0.054158355576109596,1.0,3.6211005431498497,-4.813871594619862
BRZ-03391,0.0,0.0,-0.4929333387998196,1.0,1.722246085556139,-9.035648756713968
BRZ-03392,0.0,0.0,-0.31382138350659616,0.9530201342281879,0.2094409205456059,-9.792185375212007
BRZ-03393,0.0,0.0,-0.6005158044977373,0.0,3.017778099802858,-13.826767322403295
BRZ-03394,0.0,0.0,0.032655350218874564,1.0,17.056232231519022,-9.13919349096825
BRZ-03395,0.0,0.0,0.13090113919801488,1.0,7.001324429515674,-9.18102982823157
BRZ-03396,0.0,0.0,0.1963106613237961,1.0,0.0,-7.268717046351712
BRZ-03397,0.0,0.0,-0.02997645702654743,1.0,5.992073871953186,-9.131370091811071
BRZ-03398,0.0,0.0,0.42256205562618676,1.0,2.374969166809511,-10.197947255171988
BRZ-03399,0.0,0.0,0.944043494992413,0.0,1.5123203893508943,-10.304577480624067
BRZ-03400,0.0,0.0,0.6964508002802198,1.0,0.9104836992898069,-8.869769015452182
BRZ-03401,0.0,0.0,-0.12395171046500547,0.9143308330043428,0.899419608742601,-10.259362055158295
BRZ-03402,0.0,0.0,-0.1477255335120775,0.8823529411764705,5.544395093975406,-8.03321166932847
BRZ-03403,0.0,0.0,-0.045424507554357584,0.0,3.962562348498778,-11.97530684822627
BRZ-03404,0.0,0.0,-0.7508392874068679,0.0,4.309867915975112,-12.866133252379235
BRZ-03405,0.0,0.0,-0.8052905173086431,0.0035587188612099642,1.604744458610592,-11.859094067878722
BRZ-03406,0.0,0.0,0.3101723036159172,0.9596518987341773,16.40601564063078,-10.401421543854394
BRZ-03407,0.0,0.0,-0.2725021883994184,0.06922468354430379,2.1864018335621562,-10.960719699399531
BRZ-03408,0.052043508419891006,0.0,-0.11356839329479039,0.9925167388735723,2.346076129122866,-10.553766304246174
BRZ-03409,0.0,0.0,0.01560954606758364,1.0,9.575902103885939,-9.417271095357004
BRZ-03410,0.0,0.0,-0.3616360971928153,0.5807343071456771,0.2484277585692468,-10.448456037828599
BRZ-03411,0.0,0.0,0.9474618066284402,0.9775147928994083,0.8732107158388218,-9.420282413156935
BRZ-03412,0.0,0.0,0.45426379650040005,1.0,1.017802264868717,-9.181098095194024
BRZ-03413,0.0,0.0,-0.5218563660997336,0.0,4.578687735371515,-13.551355588457374
BRZ-03414,0.0,0.0,0.36915003737215546,0.9544554455445544,4.355527287027975,-8.620798630352771
BRZ-03415,0.0,0.0,-0.15225297847127406,1.0,0.6304841132819017,-9.82937862912355
BRZ-03416,0.0,0.0,-0.34856591710428875,0.589652448657188,1.8422982219462225,-9.057769484008702
BRZ-03417,0.16811405503192156,0.0,-0.20953662577879936,1.0,10.411911491519222,-10.114112571725743
BRZ-03418,0.0,0.0,0.06678647018277162,1.0,6.7179982309994895,-2.9089267095359266
BRZ-03419,0.006652691211745637,0.0,0.37236052539289993,1.0,2.0200769862209635,-8.736077172611997
BRZ-03420,0.0,0.0,0.14647349844022506,0.3227848101265822,2.2256005921157103,-10.422055001167553
BRZ-03421,0.0,0.0,-1.1201283667381825,0.0,10.698082810549058,-13.780575028152112
BRZ-03422,0.009398362917613378,0.0,0.13259057724389067,1.0,1.4971420284084427,-8.37317821646624
BRZ-03423,0.0,0.0,1.266674075238363,1.0,3.237760313120069,-5.474912402210662
BRZ-03424,0.0,0.0,0.9148478179340663,0.5624753646038628,2.6560946219242867,-9.798154206014674
BRZ-03425,0.0,0.0,0.17621944243124105,0.9501385041551245,3.6370957140668563,-11.285068191646141
BRZ-03426,0.0,0.0,-0.16487931779670273,1.0,7.4668272197585805,-9.22150467533942
BRZ-03427,0.0,0.0,-0.5645863507259269,1.0,6.468331616270554,-8.876066542321253
BRZ-03428,0.0,0.0,-0.3439348064919923,0.9387351778656127,0.9489819976564189,-2.955636398931865
BRZ-03429,0.0,0.0,1.0105345272785229,1.0,2.0683765366551254,-8.170014890936677
BRZ-03430,0.0,0.0,0.680184907660464,0.9120315581854045,0.25172530782605534,-8.613660864196115
BRZ-03431,0.0,0.0,0.6753596056439304,1.0,3.7175524505895274,-9.531167632851185
BRZ-03432,0.0,0.0,-0.11504267528906022,1.0,3.0500274778946364,-7.4608539277574675
BRZ-03433,0.0,0.0,-0.9419697514654685,0.0,2.9761169223063515,-14.038130622110303
BRZ-03434,0.0,0.0,-0.07216092339226184,0.0,6.466201624029543,-8.757863051046394
BRZ-03435,0.0,0.0,0.02378574399951662,0.13575374901341752,9.487246723664937,-8.049330363296678
BRZ-03436,0.0,0.0,-0.11666637812274303,0.0,0.0,-8.531516415054385
BRZ-03437,0.0,0.0,-0.49947095792289076,0.03393843725335438,4.940549279004843,-11.031669016238842
BRZ-03438,0.002466446682634647,0.0,-0.6733018322730155,0.9121355397951144,5.275711603804124,-9.243242523541946
BRZ-03439,0.0,0.0,-0.5463504110852334,1.0,4.381126145890644,-8.942058352088594
BRZ-03440,0.0,0.0,-0.6026973791915622,1.0,6.721257560217052,-9.86563105842148
BRZ-03441,0.0,0.0,-0.18942421341093418,1.0,1.3641992553387803,-9.75033562556065
BRZ-03442,0.0,0.0,0.05056513453920716,0.0,0.8365745568646802,-10.892704132374206
BRZ-03443,0.0,0.0,0.9393889058595125,1.0,5.719799107259526,-7.8068038240045805
BRZ-03444,0.0,0.0,-0.1885404462316998,0.0,1.8657010053119492,-7.504267529675617
BRZ-03445,0.0,0.0,-0.420519697168956,0.4739542225730072,5.791966338737416,-9.519810920699278
BRZ-03446,0.0,0.0,-0.5053488254348029,1.0,1.8701424444462103,-9.730026158111619
BRZ-03447,0.0,0.0,-0.3387391340557328,1.0,3.5872946802788515,-8.080949378007093
BRZ-03448,0.0,0.0,0.13283060890984338,1.0,7.188776855903457,-10.2416454315847
BRZ-03449,0.0,0.0,0.08822679426259197,1.0,3.405688723869928,-9.222148949836694
BRZ-03450,0.0,0.0,-0.1727792255527262,0.9408050513022888,0.7675134751557889,-11.557222001266542
BRZ-03451,0.0,0.0,-0.1582768371247566,1.0,2.4273322166703513,-7.470315584964797
BRZ-03452,0.0,0.0,0.3799894040401152,0.9112519809825673,3.7149964124766615,-8.051668170573313
BRZ-03453,0.0,0.0,-0.5553098416839845,1.0,29.478353062493134,-9.600224317393524
BRZ-03454,0.0,0.0,0.04618361475716545,0.9089829837752275,3.425469896646008,-8.759919965452506
BRZ-03455,0.09570171419632346,0.0,0.2244462658234769,0.8905080740448994,0.9231297041694007,-8.967322891947003
BRZ-03456,0.0,0.0,0.8510338291906993,1.0,4.250593479708917,-9.35812322049895
BRZ-03457,0.0,0.0,-0.542195316260029,0.9909234411996843,3.465471087451444,-4.877776079366885
BRZ-03458,0.0,0.0,-0.5296478852300689,1.0,0.4424944674631755,-6.099722469284069
BRZ-03459,0.0,0.0,0.0675291252503626,0.9472025216706068,4.1230276072766525,-10.12382850270253
BRZ-03460,0.0,0.0,0.3750030191441347,1.0,1.4967566126515592,-7.288715898078527
BRZ-03461,0.05575087940032457,0.0,-0.4775885037624753,1.0,1.7562071845935805,-8.707624916863061
BRZ-03462,0.017877011971898598,0.0,0.2949285818708213,1.0,5.2780595308659315,-8.274908123240719
BRZ-03463,0.0,0.0,0.8080721586649167,0.0,0.22277679992952562,-9.042996324565507
BRZ-03464,0.0,0.0,0.335621930798529,1.0,13.319250916399765,-9.243191414881965
BRZ-03465,0.0,0.0,-1.3121404078696253,0.07151323587514817,3.7533279616941826,-14.96677302962354
BRZ-03466,0.0,0.0,-0.24673825729283572,0.9952700039416634,3.7894543801270015,-10.270667691054443
BRZ-03467,0.0,0.0,0.6376587774784935,0.22411067193675893,0.9869770552158285,-10.129390673609517
BRZ-03468,0.022306956359613675,0.0,1.1899887540528244,1.0,5.797791553849491,-8.617697463663943
BRZ-03469,0.0,0.0,1.071680512727483,1.0,3.436389491326323,-8.490868695856726
BRZ-03470,0.0,0.0,0.03735402625026917,1.0,4.847201460850873,-10.081323033706717
BRZ-03471,0.0,0.0,0.3446775366079871,1.0,2.8996745000884805,-7.753081953319852
BRZ-03472,0.0,0.0,-0.7249404475360516,1.0,6.460503610316634,-8.820295922573182
BRZ-03473,0.0,0.0,0.7819633433225728,0.4440047487138902,1.1757530909014076,-10.771614294441456
BRZ-03474,0.0,0.0,0.07821891164227958,1.0,3.7283563422355503,-6.752120714607444
BRZ-03475,0.0,0.0,-0.5768704226243616,1.0,3.638783531450211,-9.781284069376552
BRZ-03476,0.0,0.0,-0.26571848579555113,1.0,0.773072422252831,-8.61750400313345
BRZ-03477,0.0,0.0,0.11991739725664943,0.9996050552922591,1.9258705833069856,-8.819379696751215
BRZ-03478,0.0009778991523670504,0.0,-0.47175416578662094,0.6960977532518723,3.104577087549669,-8.603283819830644
BRZ-03479,0.0,0.0,0.8920339954266525,0.7818685669041964,5.753292455939432,-9.012260378303365
BRZ-03480,0.0,0.0,-0.4132091147019367,1.0,5.945067120901356,-9.621554957733515
BRZ-03481,0.0,0.0,0.5115781096538611,1.0,13.757133999158091,-7.048113994145174
BRZ-03482,0.032262353765032295,0.0,0.0852116072771817,0.4403633491311216,2.882010757902908,-3.495750772738303
BRZ-03483,0.003700822379916766,0.0,-0.5282198993434571,1.0,4.0332811481243835,-7.581904376095097
BRZ-03484,0.0,0.0,0.05208014172061321,1.0,14.731038632247119,-10.302970085386308
BRZ-03485,0.0,0.0,0.04895591286530575,0.0,13.361604031753842,-8.8547016942755
BRZ-03486,0.0,0.0,0.37416008440565124,1.0,0.0,-9.411814388730235
BRZ-03487,0.0,0.0,-0.04739990029509465,1.0,3.2289645821868582,-9.72648248129558
BRZ-03488,0.0,0.0,0.6469666907876938,1.0,8.958760406007812,-8.443882578412977
BRZ-03489,0.0,0.0,0.013880933338404263,1.0,1.1829715224854263,-11.09388123462924
BRZ-03490,0.0,0.0,-0.12261609701612423,1.0,1.360706407792947,-8.783906085256447
BRZ-03491,0.0,0.0,0.12564338029361768,0.611243072050673,9.56521935468183,-8.022940351099026
BRZ-03492,0.0,0.0,0.7054141163241435,0.0,1.2943023839020347,-10.91062962246963
BRZ-03493,0.0,0.0,0.38421059723561074,0.0,0.9630948129140277,-10.00805288698177
BRZ-03494,0.0,0.0,-0.5093137613481369,0.8962376237623763,8.616979802921255,-7.8022091426468085
BRZ-03495,0.017439828708703024,0.0,0.16588763141192897,0.40245350217649384,0.9838638815913259,-11.509765486800237
BRZ-03496,0.008928959973253749,0.0,0.3091958272709254,0.5393747526711516,2.979624759698466,-12.190367168232372
BRZ-03497,0.0,0.0,-0.38416439749673065,0.20599842146803474,10.988354143308207,-9.513558070091323
BRZ-03498,0.0,0.0,0.5864331655829955,1.0,0.9369210011824992,-8.160426782494138
BRZ-03499,0.0,0.0,-0.17455649391073827,0.8923624851602692,3.1516565378988695,-10.087241180625625
BRZ-03500,0.0,0.0,-0.0030105091397835773,0.0,0.5385257324113112,-14.07229786209337
BRZ-03501,0.0,0.0,-0.18944922081695534,1.0,1.154378040043834,-9.327238475585819
BRZ-03502,0.004252745351945991,0.0,-0.2761583829532213,1.0,1.2348857776873836,-9.10448405503951
BRZ-03503,0.0,0.0,0.7090492278166634,0.8489151873767259,7.559134927110452,-8.068461897677816
BRZ-03504,0.0,0.0,0.8974455625413542,0.0,7.349704421526027,-8.596932258288078
BRZ-03505,0.0,0.0,0.48172653980584623,1.0,5.223116702932605,-8.706551677645137
BRZ-03506,0.0,0.0,0.24455230693601837,0.0,1.9098289341385246,-13.108478825144358
BRZ-03507,0.0,0.0,-0.19344178351739932,0.9046868846002365,2.4112044075140218,-10.491983436491116
BRZ-03508,0.0,0.0,0.5946668680351411,1.0,1.1443956232638146,-7.9195724964985
BRZ-03509,0.0,0.0,0.07101051273190591,1.0,1.9685052515411376,-8.336548467894685
BRZ-03510,0.5050591633534676,0.0,0.9076865587976499,1.0,1.7461194545800607,-7.888642960433328
BRZ-03511,0.0,0.0,-0.2113536946434629,1.0,3.8088935651723417,-10.633957185379746
BRZ-03512,0.0,0.0,0.20079590466496047,1.0,1.6695248295521348,-11.520354211866909
BRZ-03513,0.0,0.0,-0.2132278762466534,1.0,8.430225548841111,-9.57517361851166
BRZ-03514,0.01231716339287203,0.0,-0.144670614436933,0.8564102564102566,5.477387150245472,-7.546969958718501
BRZ-03515,0.0,0.0,0.20644383015226422,0.9655445544554455,7.142486661049116,-9.336554431674193
BRZ-03516,0.01447270512639584,0.0,-0.5942976223148826,1.0,5.15639856024256,-10.372208505639815
BRZ-03517,0.0,0.0,0.46740204771159705,0.0,1.11369545516796,-9.46263043676373
BRZ-03518,0.0,0.0,-0.1054862585550756,1.0,3.937782643756024,-8.831364100781165
BRZ-03519,0.0,0.0,-0.19499508005761573,0.9790761942360837,3.3309681703790246,-8.65684731242688
BRZ-03520,0.0,0.0,0.2978941245818535,0.0,0.3688243135975227,-12.732232361698001
BRZ-03521,0.0,0.0,-1.3360348226873906,0.0,2.6492323478277884,-12.244586532464986
BRZ-03522,0.0,0.0,0.13901829780492683,1.0,1.6923864191237161,-7.920798091218293
BRZ-03523,0.0,0.0,0.4690339704826039,1.0,0.7102229664774811,-8.319856868331025
BRZ-03524,0.0,0.0,0.773141844742443,0.7628053585500395,3.0869349073833896,-9.922226030561113
BRZ-03525,0.0,0.0,-0.4300871376733724,0.5936633663366336,1.3057076720887133,-11.808688321791006
BRZ-03526,0.44201368684722653,0.0,0.3961265207734082,1.0,7.588849615940728,-9.481651926228649
BRZ-03527,0.0,0.0,-1.4634399492248344,0.5175404020496649,4.2168554665243345,-10.195628400035321
BRZ-03528,0.0,0.0,0.5269802058419525,1.0,1.0019024797142004,-9.389997451288577
BRZ-03529,0.0,0.0,-0.38973326050328094,0.0,0.22586636240605032,-9.76684207142247
BRZ-03530,0.0,0.0,0.15353917517235569,0.71298495645289,0.6125274576458964,-9.510883449217015
BRZ-03531,0.0,0.0,0.24358353158335191,1.0,1.3792468235683293,-7.326600006323922
BRZ-03532,0.0,0.0,0.6839834532429042,0.9080505130228886,1.7080063675748707,-11.151177611797884
BRZ-03533,0.017787047205585063,0.0,0.4987813929164387,1.0,1.2490563378337296,-6.502105065171507
BRZ-03534,0.0,0.0,0.8146047677832676,0.0,4.999363200426096,-11.742184134938682
BRZ-03535,0.0,0.0,-0.216653425927879,0.9340181746345319,0.3445476582420829,-10.359711843094246
BRZ-03536,0.0,0.0,1.1374415594164369,1.0,5.905515754623413,-7.886267089477149
BRZ-03537,0.0,0.0,-0.3794910897596228,0.0,4.070310313077125,-11.574516683042232
BRZ-03538,0.0,0.0,-1.0380256992290777,1.0,4.179469210825371,-10.588719353926223
BRZ-03539,0.0,0.0,0.8056607332999941,0.9865612648221345,1.3123347484588623,-0.5597410297349437
BRZ-03540,0.0,0.0,0.49608710709307535,1.0,0.06818860863052091,-8.197349072944043
BRZ-03541,0.5242963071228773,0.0,-0.5556415900621458,1.0,1.0832720629485353,-10.810911412553091
BRZ-03542,0.0027568309922220207,0.0,-0.8041717686325812,1.0,8.71633030272325,-9.805143234974528
BRZ-03543,0.0,0.0,0.09027563407296929,1.0,4.211689332047385,-8.60382438835179
BRZ-03544,0.0,0.0,0.24221583403567873,0.951949586451359,4.897485640257859,-9.949741018556645
BRZ-03545,0.07667777485420688,0.0,-0.3103706415942025,0.7821977156360774,3.4081212974633983,-9.75105346623522
BRZ-03546,0.0,0.0,0.44953008798690003,1.0,1.240639159048448,-7.561904708200528
BRZ-03547,0.0,0.0,0.10771091872890827,1.0,3.4364054723283814,-9.092127690258218
BRZ-03548,0.0,0.0,-0.06643773608446175,1.0,3.6274180347379774,-9.025266106369932
BRZ-03549,0.0,0.0,0.41054466052183564,1.0,0.697844154494216,-8.57340481617518
BRZ-03550,0.0,0.0,0.05914143829938768,1.0,2.069988677661449,-8.198676735649926
BRZ-03551,0.0,0.0,-0.0345675711584025,0.0,3.1441434195727918,-9.631796716100812
BRZ-03552,0.0,0.0,-0.08755195096040266,1.0,3.0620741980363753,-9.55181416523811
BRZ-03553,0.0,0.0,-0.46924725170876413,1.0,2.0728607025048933,-9.037982423631345
BRZ-03554,0.0,0.0,-0.08000643599830674,1.0,3.845339888284017,-9.552933426227101
BRZ-03555,0.009001748436585962,0.0,0.30903352186545857,0.9684542586750788,1.4920319922885834,-6.361875294413896
BRZ-03556,0.0,0.0,-0.4358212010037225,1.0,5.33922116055293,-8.863740250110498
BRZ-03557,0.0045284928658263,0.0,-0.15805240701302534,1.0,0.9487239922035428,-8.573219071264191
BRZ-03558,0.0,0.0,-0.6562416858549933,1.0,0.49600796081470777,-9.017014521857295
BRZ-03559,0.0,0.0,0.4490379822675812,0.0,9.988353160851796,-9.02877049447629
BRZ-03560,0.0,0.0,0.38004030563988844,1.0,2.5675312413971643,-7.915603097020972
BRZ-03561,0.0,0.0,-0.20937541092759676,1.0,2.837139909393112,-9.131048268969106
BRZ-03562,0.0,0.0,-1.0043454508423841,1.0,13.217654377748477,-9.74951457691519
BRZ-03563,0.0,0.0,-0.5697646841073337,0.8990536277602525,6.491302091152062,-8.232603526367836
BRZ-03564,0.0,0.0,-0.145027425199183,1.0,4.884402189958758,-8.679675309102313
BRZ-03565,0.0,0.0,-0.5162698440075872,1.0,13.40910316478524,-10.0362232605249
BRZ-03566,0.0,0.0,-0.08982795127347765,1.0,1.0422820809492552,-8.730864597801538
BRZ-03567,0.0,0.0,-0.03915614514783714,0.5712025316455698,2.820120141624741,-10.840990933282521
BRZ-03568,0.0,0.0,-0.3475682927583293,1.0,7.2372025099475685,-9.06582426607466
BRZ-03569,0.0,0.0,0.15699529163192333,1.0,0.7480005676731574,-9.025243259334681
BRZ-03570,0.0,0.0,-0.3971387170818145,1.0,4.361437691931688,-10.744500997007751
BRZ-03571,0.0,0.0,-1.0694122806336257,1.0,16.699056071924982,-9.427538330818422
BRZ-03572,0.0,0.0,-0.018002614651926357,1.0,2.440718705492454,-8.704472693117784
BRZ-03573,0.0,0.0,0.9165564705369144,0.7754940711462452,2.3995546366561773,-10.756913413222671
BRZ-03574,0.05874355294543358,0.0,0.2227753954108494,0.9644409324377717,1.702249138669994,-9.185897005851837
BRZ-03575,0.0015127052510748717,0.0,-0.4348397489317976,1.0,4.988430116587712,-9.729092575847094
BRZ-03576,0.0,0.0,-0.0809859820690861,0.0,4.857752061086369,-10.395005102649831
BRZ-03577,0.014717954639477721,0.0,0.40846674430048197,1.0,1.3935164236819324,-6.892804359112986
BRZ-03578,0.0,0.0,-0.391960507112761,0.13431061806656097,8.351325293555007,-10.868408982436854
BRZ-03579,0.0,0.0,-0.09972747824618411,1.0,0.275363691703553,-8.983069317799139
BRZ-03580,0.0,0.0,-0.419141161481585,1.0,2.2950343675018425,-10.198252769105624
BRZ-03581,0.0,0.0,0.13089280959488894,1.0,2.7542228495148975,-9.976146066549555
BRZ-03582,0.0,0.0,0.3062614287677239,0.0,1.3490458918893138,-11.943134309028402
BRZ-03583,0.0,0.0,-0.4296066381114819,0.0,3.234766097245036,-12.735213478969003
BRZ-03584,0.0,0.0,-0.15400651317268477,1.0,3.800146153388366,-10.46840639104512
BRZ-03585,0.0,0.0,0.4093352947855021,0.0,0.9119043169701933,-11.293148210280632
BRZ-03586,0.008511535546086841,0.0,0.4665081251847652,0.5969912905779888,1.536253978423166,-10.10171541906391
BRZ-03587,0.37801896744578545,0.0,0.48656014932229996,0.9964497041420118,0.485072166036572,-10.289538252296992
BRZ-03588,0.0,0.0,0.6943178146634942,0.8643196202531643,1.8745399686845943,-10.143603833616408
BRZ-03589,0.0,0.09501187648456058,-0.98257544328012,0.0,1.6571750490953054,-13.52856919901124
BRZ-03590,0.0,0.0,0.3675398713831685,1.0,2.60099472589565,-7.38743189166361
BRZ-03591,0.0018627472127465533,0.0,-0.0796602923879014,1.0,8.506932194417892,-8.918662899416974
BRZ-03592,0.007191374304729697,0.0,-0.28261747764263134,1.0,2.345602844562011,-8.507357034512433
BRZ-03593,0.0,0.0,1.0934886038369436,0.10380348652931858,2.189218845122953,-10.422949576792847
BRZ-03594,0.0,0.0,0.1585701731650709,1.0,0.22713594337463375,-9.853695818480835
BRZ-03595,0.0,0.0,-0.09967974187061732,1.0,2.627646207286737,-9.354114318001484
BRZ-03596,0.0,0.0,0.8912980010231245,1.0,3.6436239258355947,-8.207697627093562
BRZ-03597,0.0,0.0,-0.76694139882462,1.0,1.5124149247920722,-11.003238570832547
BRZ-03598,0.0,0.0,0.2368924046275191,0.3547110055423595,0.0,-10.3595641100203
BRZ-03599,0.0,0.0,0.6127491629157971,0.0,3.1570657449077375,-10.617678435427745
BRZ-03600,0.002248610188587149,0.0,0.4067941509307379,1.0,3.866170989072813,-6.361864284697954
BRZ-03601,0.15398034954217,0.0,-0.023883451702317444,1.0,1.4095204470282825,-8.27817332099913
BRZ-03602,0.0,0.0,-0.4041594048913844,0.7503943217665615,1.6683630346168257,-7.946651265616783
BRZ-03603,0.022296541534543367,0.0,0.6313955076163712,0.8037051635790303,5.432588988640755,-5.170554498985081
BRZ-03604,0.0,0.0,0.8858703182202818,0.6620716817644744,2.4703868007792438,-8.845269018023194
BRZ-03605,0.0,0.0,-0.25411491970428757,1.0,32.18142291134917,-8.329713661176658
BRZ-03606,0.0,0.0,0.009859941753023335,1.0,1.9495197395613497,-5.71535582463031
BRZ-03607,0.0,0.0,-0.12222468281406888,1.0,4.190176828116601,-8.779513837169118
BRZ-03608,0.0,0.0,-0.6106081191166063,1.0,5.759252744493527,-8.373455808892642
BRZ-03609,0.0966070618073727,0.0,-0.8753035998068818,1.0,2.9946752847149702,-8.30424102053767
BRZ-03610,0.0,0.0,0.3226502319218497,1.0,2.185580651233178,-7.947084303507984
BRZ-03611,0.003505967833377697,0.0,0.6675083445133428,0.41725768321512996,3.1377403667687727,-10.456090772616172
BRZ-03612,0.0,0.0,0.15897565405552824,1.0,4.006275180408204,-7.681687452390375
BRZ-03613,0.0,0.0,1.1408661833486642,1.0,3.2654326815574617,-8.670128036801858
BRZ-03614,0.0,0.0,-0.6574158350582423,0.9980221518987342,1.96863546033648,-5.918740965578171
BRZ-03615,0.0,0.0,0.13062094989808437,1.0,10.422300958625563,-9.318867456570937
BRZ-03616,0.0,0.0,-0.5838790269978622,1.0,3.6438822204168035,-8.003574287442381
BRZ-03617,0.0,0.0,0.08895776461321442,1.0,1.2893371992636502,-9.436442386514155
BRZ-03618,0.0,0.0,-0.03773679622578938,1.0,3.89320310045219,-8.187548280328791
BRZ-03619,0.004036795854521493,0.0,-0.14025242165559026,1.0,2.3745676306049197,-7.9143893309382625
BRZ-03620,0.0,0.0,0.4218555254317592,1.0,5.734872643517003,-8.470908161698299
BRZ-03621,0.0003606435043591979,0.0,-0.190087991600988,1.0,3.7895099694316796,-8.912055893452964
BRZ-03622,0.0,0.0,0.5258588334186372,0.0,2.7456514774986656,-10.926532884221068
BRZ-03623,0.0,0.0,-0.16945242629272578,1.0,2.5963720477882446,-9.955710730072079
BRZ-03624,0.0,0.0,0.25733820973461263,0.6571879936808849,2.726645471663122,-10.522290113002986
BRZ-03625,0.0,0.0,0.3119000036619457,1.0,12.043647305178853,-8.952133707010463
BRZ-03626,0.0,0.0,0.8584179074844365,1.0,1.7302636858197338,-8.890487402776182
BRZ-03627,0.0,0.0,-0.45714012199823684,0.7917981072555206,2.2013711114933963,-9.528936522232787
BRZ-03628,0.0,0.0,0.0831789094808543,0.0,0.5959875876178929,-10.506566776134552
BRZ-03629,0.0,0.0,0.029331034464882038,1.0,0.41902371770814273,-8.518939601837582
BRZ-03630,0.0,0.0,-0.28274975905266286,1.0,8.493963388273288,-7.754782499479873
BRZ-03631,0.0,0.0,0.31111070326187223,0.0,1.20990755070041,-11.36685954992423
BRZ-03632,0.0,0.0,-0.7948273396710944,1.0,4.861561147612444,-8.89551586995346
BRZ-03633,0.022806333179803604,0.0,-0.7218385414744858,1.0,0.02818068748462097,-10.353352344903216
BRZ-03634,0.0,0.0,0.8223999188197135,0.052215189873417715,7.250555203789698,-10.376763148823596
BRZ-03635,0.0,0.0,0.5164143190440571,0.9960629921259843,3.4229224444160162,-7.968507362807597
BRZ-03636,0.0,0.0,0.5131487650722969,0.0,3.2974437964140804,-7.902299980408252
BRZ-03637,0.0,0.0,0.1225677361618944,1.0,2.7453667108074917,-8.925675348491728
BRZ-03638,0.0,0.0,-0.42352575677913196,0.9352546387682592,12.288711728823424,-10.087835055441712
BRZ-03639,0.0,0.0,0.3162629432379894,0.0,0.33583402067535884,-8.373561764617886
BRZ-03640,0.0,0.0,-0.1204152407496425,0.9479495268138803,4.144128746743547,-9.69617948857881
BRZ-03641,0.0,0.0,-0.08009550590368025,0.3631683168316831,0.4173504269109442,-9.515836883415131
BRZ-03642,0.0,0.0,-0.5734609861836623,1.0,12.734668175765659,-8.80123254337942
BRZ-03643,0.0,0.0,-0.1570761679763603,0.9545094936708861,2.128129231618537,-9.464543932461682
BRZ-03644,0.0,0.0,0.40184522799807654,0.7275603005140372,2.0694306176118555,-8.960344879366286
BRZ-03645,0.048577067416908704,0.0,0.15291728127377566,1.0,2.2236484459255337,-9.137567468838425
BRZ-03646,0.0,0.0,-0.11808756716281207,1.0,3.660483878762065,-8.843078624081132
BRZ-03647,0.0,0.0,-0.9553558918230107,1.0,1.8657190493178069,-9.204629897660132
BRZ-03648,0.0,0.0,0.12970421592475245,0.0,1.8389047595122536,-11.573649212830285
BRZ-03649,0.017273990284929926,0.0,-0.41242560375857973,0.7801502570185846,0.4351115095011998,-10.98934011492078
BRZ-03650,0.0,0.0,0.5374168715763628,0.9096646942800789,0.16112960205950916,-10.807417605069304
BRZ-03651,0.0,0.0,-0.09888819233699617,1.0,0.07286453923775862,-8.316379343436237
BRZ-03652,0.0,0.0,-0.4113975104661218,0.0,1.0313263850034327,-10.889725031441943
BRZ-03653,0.0,0.0,0.42963764597491216,0.8255033557046979,4.7317709995491155,-9.390960379637958
BRZ-03654,0.0,0.0,0.23516076923055593,1.0,2.0571264649530163,-8.590332126051251
BRZ-03655,0.0,0.0,-0.1411186086957293,0.6837539432176656,0.42601474294343583,-10.412330670589698
BRZ-03656,0.0,0.0,0.996991250430958,0.8041155520379898,5.891623246828269,-8.140662485807018
BRZ-03657,0.0,0.0,0.6459349586458658,0.8655595096876237,0.10793472885813625,-9.76726799162368
BRZ-03658,0.0,0.0,-0.08461671540000366,0.48360331884630575,0.769073757338296,-10.568709945895606
BRZ-03659,0.0,0.0,0.28877828576524595,0.7101220953131153,0.5598945599395283,-10.907509839065831
BRZ-03660,0.0,0.0,0.37024098174573755,0.8033951835767863,4.961674098896911,-8.859155786541596
BRZ-03661,0.0,0.0,0.6120942722701843,0.9684791174152876,1.0742208661346795,-8.022165513766112
BRZ-03662,0.02117088117811707,0.0,0.7795575094377882,1.0,3.754426895495125,-5.533851484020103
BRZ-03663,0.0,0.0,0.3804168947769682,1.0,1.5228669686491485,-9.68582460290721
BRZ-03664,0.008439671622930899,0.0,2.9304400468770988e-05,0.9112426035502958,3.2465438898405417,-9.324127814092655
BRZ-03665,0.0,0.0,0.17995438724380639,0.9398971925662317,0.3192575736769635,-9.842542192943943
BRZ-03666,0.0,0.0,0.4506165019168893,0.9022082018927444,8.277911142071563,-8.616455223495162
BRZ-03667,0.009079285298108584,0.0,-0.1344262444518317,1.0,3.3789430148022004,-9.483601348990579
BRZ-03668,0.0,0.0,0.5902768259795326,1.0,0.5185384451460142,-8.344170464600664
BRZ-03669,0.1311374083043465,0.0,1.5174467441097215,1.0,3.7339011543678935,-8.325074784142984
BRZ-03670,0.4442890990588725,0.0,0.38714651776517195,1.0,6.067416509541913,-9.620817971751116
BRZ-03671,0.1710514877624662,0.0,-0.14231319132812734,1.0,0.799332510500791,-9.756524421403913
BRZ-03672,0.0,0.0,-0.10152094617232935,0.09457855164226354,1.2148314550564476,-12.171492919551476
BRZ-03673,0.0,0.0,-0.113302052310217,1.0,2.955216325896248,-9.494198138603089
BRZ-03674,0.0,0.0,-0.22104568850650586,0.8448753462603878,6.804983306722034,-9.500825040861164
BRZ-03675,0.0,0.0,-1.3374108062950385,0.8484968354430378,1.7864259129361864,-8.379495016266718
BRZ-03676,0.0,0.0,-0.3440698618341894,1.0,4.095680594765055,-9.585215322947734
BRZ-03677,0.0,0.0,-0.3796300291963693,1.0,1.098266016412078,-8.775927775567778
BRZ-03678,0.0,0.0,-0.16254528253652656,1.0,1.566261011098918,-9.04355765062336
BRZ-03679,0.031483460142589834,0.0,0.38682925813810065,1.0,7.330451446444088,-9.634999364662782
BRZ-03680,0.0,0.0,-0.11093251993829271,1.0,1.6549679146800338,-8.084859981389656
BRZ-03681,0.0,0.0,0.25311959501396175,0.3395256916996049,1.9290833480423044,-11.649511869102435
BRZ-03682,0.004274787070483146,0.0,-0.30626267863876516,1.0,2.20405023563835,-10.217756114675701
BRZ-03683,0.03174064530625562,0.0,0.3150393778942161,0.9727056962025318,1.164131234735145,-9.29035589137951
BRZ-03684,0.0043335564140039,0.0,-0.13921216257342817,1.0,0.7302158197357722,-8.957478584907536
BRZ-03685,0.0,0.0,0.32681228516327526,1.0,1.4807292596482606,-8.282221717697837
BRZ-03686,0.0,0.0,0.4613650863438373,0.0,0.4608219219872434,-10.339872216935378
BRZ-03687,0.0005811759314027896,0.0,0.8121555108549244,0.7501970055161544,1.2394295431180673,-3.565157945739075
BRZ-03688,0.0,0.0,0.5874770088657181,0.02644041041831097,3.639867257678898,-13.161957760377788
BRZ-03689,0.0,0.0,-0.20112791006083586,0.6887128712871289,8.622173207939436,-10.893281516148544
BRZ-03690,0.0,0.0,0.27204093956216385,1.0,0.8561552002539864,-9.345871849154342
BRZ-03691,0.0,0.0,1.3226179365806203,0.041748719968491534,2.8856910595442296,-10.448192918999267
BRZ-03692,0.0,0.0,0.030683980565695268,0.9376479873717444,0.6275566375748077,-9.181567707055095
BRZ-03693,0.0,0.0,0.37128112799282115,0.6990138067061145,2.602022497158253,-7.397873012138537
BRZ-03694,0.0,0.0,1.4559026145120855,0.0,1.5908894973034347,-9.950656582973389
BRZ-03695,0.0,0.0,0.8517121027844655,0.0,1.572991574701855,-9.275932020201687
BRZ-03696,0.0,0.0,0.703909431449556,1.0,2.830889972021964,-7.932919849366263
BRZ-03697,0.0,0.0,0.14377383018100212,1.0,3.9790507741901338,-8.31480327036839
BRZ-03698,0.0,0.0,-0.4666740269529836,1.0,0.03701674453255117,-10.029716739723552
BRZ-03699,0.0,0.0,-0.5618486348913703,0.9182141446068747,2.617540026813117,-9.367981706739682
BRZ-03700,0.0,0.0,0.18613279189047438,1.0,1.465988450652158,-9.120699910749412
BRZ-03701,0.008152873493403231,0.0,1.0531237923208796,1.0,3.2691362103225523,-4.660569725216928
BRZ-03702,0.0,0.0,0.24342197518151376,1.0,0.7479785567492081,-10.432846745176107
BRZ-03703,0.003778734215382759,0.0,-0.0979732297953094,1.0,0.008671121336084851,-8.87667562709288
BRZ-03704,0.15010595474502827,0.0,-0.02361304482448671,1.0,0.5086935298359182,-9.124234942792842
BRZ-03705,0.0,0.0,-0.32288220166753984,0.9530386740331491,4.012616893449526,-10.30744872650299
BRZ-03706,0.0,0.0,0.06300645362612108,0.9573291189253261,0.5059329632612369,-9.556041436442861
BRZ-03707,0.0,0.0,-0.09153277914281545,1.0,0.555820422300348,-9.823144951496424
BRZ-03708,0.0,0.0,0.01673259293285364,1.0,2.8673381840520547,-9.112611896749769
BRZ-03709,0.0,0.0,1.2019199369275182,0.0,4.857685888594196,-10.197720499793675
BRZ-03710,0.0,0.0,0.09590797447361185,0.707740916271722,2.4277169469407007,-9.812069227484466
BRZ-03711,0.0,0.0,-0.10954072097392428,0.36819258089976326,1.9880536696952036,-11.579104335085665
BRZ-03712,0.0,0.0,0.6791605277665289,1.0,5.1317236494118905,-8.252592131845459
BRZ-03713,0.03523797941500251,0.0,0.154404544850617,1.0,0.4273667474723165,-9.657316297371342
BRZ-03714,0.0,0.0,0.7555561714476929,0.0,0.1876622344020349,-10.661360260373037
BRZ-03715,0.0,0.0,-0.12509477358219095,1.0,15.901955910226516,-9.580739988854594
BRZ-03716,0.0,0.0,-0.1056158230240123,1.0,2.781006131174213,-8.016362196705177
BRZ-03717,0.0,0.0,-0.9767506924999538,0.1766100355590676,33.01255938372835,-9.43014651220219
BRZ-03718,0.0,0.0,-0.171448385205931,0.9802527646129543,1.8564220960012014,-6.042086384101087
BRZ-03719,0.0,0.0,-0.8924595535248977,1.0,3.793716700467076,-10.910197314176228
BRZ-03720,0.007273156204720651,0.0,-0.3119434405650483,1.0,0.595173640651763,-10.255004083023836
BRZ-03721,0.0,0.0,1.192588006661015,0.9477434679334917,3.390072498915696,-9.60463392426614
BRZ-03722,0.0,0.0,1.128549542440594,1.0,12.95094738332887,-8.891608116586943
BRZ-03723,0.0,0.0,0.9937771648177743,0.0,5.353807842120927,-11.095649836387953
BRZ-03724,0.0,0.0,0.507134431058683,1.0,0.7081065500805628,-9.131103443711702
BRZ-03725,0.0,0.0,0.8202703555694264,0.7401263823064771,3.1561897254534053,-9.760332648521736
BRZ-03726,0.0,0.0,-0.043567019993487076,1.0,2.1674094074153456,-8.41598184769168
BRZ-03727,0.0,0.0,0.288876296003859,1.0,2.265430960303954,-8.373150049723229
BRZ-03728,0.0,0.0,0.6427843814163122,1.0,3.18752242923717,-9.141971287282662
BRZ-03729,0.0,0.0,0.8987007404160392,0.44598337950138506,3.562185283875128,-7.332818093150954
BRZ-03730,0.0,0.0,0.6530824765734872,0.0,3.444944104833013,-12.196007522575126
BRZ-03731,0.0,0.0,-0.03766806552356386,1.0,4.270015738663887,-8.952028032336699
BRZ-03732,0.0,0.0,-0.05296039196331168,1.0,1.6695399927403374,-9.439577823432586
BRZ-03733,0.2843937381367241,0.0,-0.27496550506703515,1.0,2.892315787919596,-9.269099686198343
BRZ-03734,0.0,0.0,-0.3334653093843537,1.0,5.291897234527028,-8.556779889588286
BRZ-03735,0.0,0.0,-0.12245411099389791,0.6941594317284925,0.02537675978771231,-9.380361243993836
BRZ-03736,0.0,0.0,-0.31347859106877235,1.0,5.617921318391205,-8.115698216129106
BRZ-03737,0.07133942303977664,0.0,-0.029730652417847177,1.0,1.7276849800863163,-8.73430901947902
BRZ-03738,0.0,0.0,0.7603920673969237,0.0,17.32658725233369,-9.92757421391254
BRZ-03739,0.0,0.0,0.8449620352606418,0.0,2.447271732555043,-9.487342766010643
BRZ-03740,0.0,0.0,-0.8349045693638211,1.0,3.618940487511929,-9.527252972787233
BRZ-03741,5.958248678392271e-05,0.0,0.09791440257493564,1.0,0.4666605808188316,-6.62215376573988
BRZ-03742,0.0,0.0,0.701758038011737,0.8814026792750197,4.536689328898136,-9.300118785446035
BRZ-03743,0.0,0.0,0.7301972320011787,1.0,6.1055484658570505,-5.7090713252866605
BRZ-03744,0.0,0.0,0.11432059144274657,1.0,8.738589922705831,-9.073367173828712
BRZ-03745,0.0,0.0,0.05530727124576017,0.39106366152629496,12.583295287456671,-11.018747505138409
BRZ-03746,0.0,0.0,-0.08400539403776934,1.0,3.7498281958432282,-10.579409216162786
BRZ-03747,0.0,0.0,-0.24898912661731676,1.0,2.33897815672119,-8.865613206293212
BRZ-03748,0.025129315720375953,0.0,-0.40117746576421454,1.0,3.791001364754272,-10.289461213153809
BRZ-03749,0.0,0.0,0.10602918990933435,0.5452748121787268,5.574576459771124,-9.002026947840372
BRZ-03750,0.0,0.0,-0.02968841273408428,0.7535545023696683,6.757468631547656,-7.996209884950924
BRZ-03751,0.0,0.0,0.5005692767242095,1.0,10.002795546401744,-9.157224060962506
BRZ-03752,0.0,0.0,-0.5144542680472429,1.0,1.327016919550467,-9.981783757313053
BRZ-03753,0.0,0.0,-0.40333099063111694,1.0,2.596386706316519,-8.650977359660395
BRZ-03754,0.0,0.0,-0.38155811618396807,1.0,0.11364281548044154,-10.918773153852548
BRZ-03755,0.0,0.0,0.06242771721544221,0.9865983445013796,2.621700626253603,-9.560574450739704
BRZ-03756,0.00023611257725124118,0.0,0.6629883145433638,1.0,3.058396122966175,-8.040773570967135
BRZ-03757,0.0,0.0,0.3577324957098338,1.0,11.014195927709727,-0.8070493238020686
BRZ-03758,0.24784553659223554,0.0,0.45604569000845735,1.0,5.4579619968630375,-10.38471676452412
BRZ-03759,0.0,0.0,-0.008035039296492056,0.7321993670886077,5.2246835418345965,-10.410628805459137
BRZ-03760,0.0,0.0,1.1086173542897653,0.0,2.269831631422051,-10.508095161303032
BRZ-03761,0.0,0.0,0.05961272970256007,0.9972364784840111,3.77626623294862,-7.578985555231011
BRZ-03762,0.0,0.0,0.023201695991054695,1.0,4.158930798347229,-8.501908588866504
BRZ-03763,0.0,0.0,0.001670809427120772,1.0,3.8955604643130166,-7.964152520183352
BRZ-03764,0.006376512436928907,0.0,0.08539960053364347,1.0,0.6323286048660158,-7.578934122908591
BRZ-03765,0.0,0.0,0.8229545175968226,1.0,3.197235069778021,-5.897611298277971
BRZ-03766,0.0,0.0,0.9674403815721192,1.0,3.838519856120604,-8.933909061345412
BRZ-03767,0.0,0.0,0.022843103437557147,0.0,1.374579090799716,-9.659847120169289
BRZ-03768,0.0,0.0,0.46025424022926253,0.0,4.137928518885204,-12.006756262442703
BRZ-03769,0.0,0.0,-0.2916835271774838,1.0,1.7848510009160654,-9.384068514115814
BRZ-03770,0.023134250533033338,0.0,0.6607480417422326,0.8626286619160728,4.381205065810564,-9.759936049932803
BRZ-03771,0.0,0.0,-0.384465835030294,0.8530338849487784,4.207568594726701,-9.054820065595036
BRZ-03772,0.0,0.0,0.21718898215315977,1.0,2.9420323410537192,-8.830084209818404
BRZ-03773,0.0,0.0,-0.44610720721878805,1.0,4.6201061208871606,-10.606510091487381
BRZ-03774,0.0,0.0,-0.0231422616326268,1.0,1.639513452342992,-9.401760855489519
BRZ-03775,0.0,0.0,0.09062741502595652,1.0,4.752036836683054,-8.824098630956607
BRZ-03776,0.0,0.0,-0.9843376476978015,0.6525524337158686,4.821420004508105,-10.452331699834323
BRZ-03777,0.0,0.0,0.9978845013322114,1.0,2.485745859580912,-6.78533172015973
BRZ-03778,0.0,0.0,0.353910760546763,1.0,11.545576143972198,-5.5054932096302
BRZ-03779,0.0,0.0,1.700347139643183,0.9909270216962525,8.811808262732722,-6.160581971962711
BRZ-03780,0.0,0.0,-0.26454159864488297,1.0,4.376185150082143,-7.5539596215720435
BRZ-03781,0.0,0.0,0.4982194355167081,0.22940480882932596,3.6600032451425744,-10.394494719328856
BRZ-03782,0.0,0.0,-0.27683656543853885,1.0,0.8998612155366976,-8.159738811216089
BRZ-03783,0.0,0.0,-0.45487630076444713,0.0,6.743047784200959,-12.55508923022665
BRZ-03784,0.0,0.0,0.7285953965046192,0.7234294745160018,6.461088174705913,-9.326591480100475
BRZ-03785,0.0,0.0,1.0191092324630011,0.0,2.7086944233624854,-8.604414884326719
BRZ-03786,0.0,0.0,0.049741936250913506,0.0,0.135558507641504,-10.696567477031369
BRZ-03787,0.0,0.0,-0.17017059441821883,1.0,4.464436004029588,-9.65414166424978
BRZ-03788,0.0,0.0,0.18345857553818803,0.0,3.375559342007509,-11.431974542164133
BRZ-03789,0.0,0.0,0.0027900747132715465,1.0,17.899523059183803,-9.2732782831465
BRZ-03790,0.0,0.0,0.3490230149377425,1.0,6.308692936075897,-9.33290659215351
BRZ-03791,0.0,0.0,0.25808395564096986,0.403876582278481,0.4335964519081237,-10.726333440653558
BRZ-03792,0.0,0.0,-0.46768551683212733,0.9184075679936933,2.3767624869597204,-8.412881577697988
BRZ-03793,0.09424599543166763,0.0,0.366691622247664,0.9901263823064771,0.7477778203332367,-10.022206849097879
BRZ-03794,0.0,0.0,-0.6114590330441675,0.13438735177865613,0.8217630067275881,-11.066890225592525
BRZ-03795,0.0,0.0,0.09786576287278129,0.0,0.09539885636349943,-11.862196926429846
BRZ-03796,0.0,0.0,-0.43498459625197256,1.0,5.171245331901914,-7.866041476810759
BRZ-03797,0.0,0.0,0.8868271261981918,0.8291814946619216,5.988148194081226,-10.95051169786874
BRZ-03798,0.0,0.0,0.03520910099630374,1.0,0.18469363671231062,-9.014361249405901
BRZ-03799,0.0,0.0,-0.9038111795387566,1.0,2.33842687743987,-10.285346169592007
BRZ-03800,0.008008965522627146,0.0,-0.5295076058059429,1.0,2.6148339788705757,-9.668637165036099
BRZ-03801,0.0,0.0,0.7200354360547577,1.0,1.8544734190686318,-9.103377466638129
BRZ-03802,0.0,0.0,0.5187089765933106,0.22222222222222224,2.969818214963066,-11.609002380222625
BRZ-03803,0.0,0.0,0.20474241156546164,0.0,2.554877864583906,-9.74920553775402
BRZ-03804,0.0,0.0,-0.3304248103210501,0.7548438117833135,2.4787262332397977,-9.872503877359831
BRZ-03805,0.0,0.0,-0.922897340159465,0.9160425699645249,9.059103888699926,-9.267806644789461
BRZ-03806,0.0,0.0,0.5945688227427338,0.5774703557312254,0.18297303880171342,-8.664788572825008
BRZ-03807,0.0,0.0,0.18012459641590026,1.0,9.706344954086862,-7.8328127189977765
BRZ-03808,0.0,0.0,0.33364023689593214,1.0,7.8190367627572765,-8.550310068140234
BRZ-03809,0.0,0.0,0.8509318085272678,1.0,3.0939196460412757,-9.109152309133254
BRZ-03810,0.0,0.0,-0.09030333964228872,0.23313609467455623,1.7286867333521492,-11.422325764208816
BRZ-03811,0.0,0.0,0.7345550547628802,0.0,1.6544368942441896,-10.62163956809752
BRZ-03812,0.0,0.0,-0.35589239354780317,0.82294952681388,0.5938130383681048,-10.0912840209718
BRZ-03813,0.0,0.0,0.007976522514640334,1.0,1.2352985933471539,-7.8853783068758965
BRZ-03814,0.0,0.0,0.0884142058840196,0.0,2.3558705087037133,-11.464378858905125
BRZ-03815,0.0,0.0,-0.4417660947983628,1.0,1.5634379288137543,-8.947864077068557
BRZ-03816,0.0,0.0,0.2816883715406471,1.0,2.8026883209382247,-9.326766532233972
BRZ-03817,0.0,0.0,0.19602323546946304,1.0,4.3744967775210855,-9.594489749794684
BRZ-03818,0.0,0.0,-0.9498209109247912,1.0,2.4914734617664966,-9.323385566319782
BRZ-03819,0.009784501200244274,0.0,0.5035761925865707,1.0,6.632862068707619,-6.48056995460045
BRZ-03820,0.0,0.0,-0.3732364993552404,1.0,1.4599961175527172,-11.349517995664545
BRZ-03821,0.0,0.0,-0.635101047365004,1.0,22.846115383409863,-8.178768144099989
BRZ-03822,0.0,0.0,0.3895726329851812,1.0,9.957031873662274,-6.26860058601582
BRZ-03823,0.0,0.0,0.264678178616999,0.0,0.12502183056147048,-8.616154701488597
BRZ-03824,0.0,0.0,0.43919192745178276,1.0,8.694874226962563,-7.0867437961685065
BRZ-03825,0.02137650333891822,0.0,-0.2887092151358866,1.0,4.894975396274517,-8.17050445624044
BRZ-03826,0.0,0.0,-0.2666164931522464,1.0,0.9257462682956441,-9.517844868550707
BRZ-03827,0.0,0.0,-0.17807003126739784,0.8311585606959273,4.281958467631222,-10.53735657972064
BRZ-03828,0.0,0.0,0.912974320114289,0.0,0.3415984658620401,-10.419929534921568
BRZ-03829,0.006470879430627295,0.0,0.028360004662335462,1.0,9.430336405371895,-9.922131219945783
BRZ-03830,0.42207211478809875,0.0,-0.13002374633841354,1.0,2.91250660487128,-10.38640887098825
BRZ-03831,0.0,0.0,0.8135689988255171,1.0,2.7955184432393487,-8.761617517680715
BRZ-03832,0.0,0.0,1.515727127099179,0.7304656669297553,8.76621377994065,-10.296647119728897
BRZ-03833,0.0,0.0,0.23644590432591206,0.0,4.986690548391671,-9.739851795750315
BRZ-03834,0.0,0.0,-0.6517292604264973,1.0,7.628664916837798,-8.667741187047294
BRZ-03835,0.0,0.0,-0.6970282881120715,0.9802683504340962,1.4041326337299178,-10.371811013986378
BRZ-03836,0.0,0.0,0.4477326993301385,1.0,6.219349791719759,-8.594229872510592
BRZ-03837,0.0,0.0,-0.9805553108009765,1.0,0.5091647035667632,-10.06551589210336
BRZ-03838,0.0,0.0,-0.36852965483718236,0.0,1.5420610536749724,-12.47975299201654
BRZ-03839,0.0,0.0,0.0348989323988317,1.0,15.784874355814926,-10.150661004962261
BRZ-03840,0.0,0.0,-0.8464748587431425,1.0,2.623764851410316,-8.20747242939807
BRZ-03841,0.0,0.0,-0.10967985462517137,0.5075158227848102,8.929517492381228,-9.86642274526843
BRZ-03842,0.0,0.0,0.028742619300934448,1.0,1.2357957455850392,-9.58197519541177
BRZ-03843,0.0,0.0,-0.4320270522636594,0.9036715357283853,8.744154885798805,-10.334376788956313
BRZ-03844,0.0,0.0,0.13836579699431523,0.9286563614744351,10.240434634641113,-9.14873403951876
BRZ-03845,0.0,0.0,0.05332251202876499,1.0,1.2920834979155666,-9.38300458958559
BRZ-03846,0.0,0.0,-0.36168273720319133,0.9411532385466034,7.383445662668421,-9.493400230543472
BRZ-03847,0.0,0.0,0.7971911615907633,0.5635359116022098,1.9795038928512896,-10.390651947921276
BRZ-03848,0.0,0.0,0.8660820796999055,0.7593540764080349,1.611087064968799,-9.262428322958044
BRZ-03849,0.0,0.0,0.5422426716947044,1.0,1.5621627416427832,-8.622594233264644
BRZ-03850,0.0,0.0,-0.5048566658396613,1.0,5.740883550865871,-9.907351475880748
BRZ-03851,0.0008374154007524475,0.0,0.09995855926227994,1.0,5.256875502664756,-9.444878267765956
BRZ-03852,0.0,0.0,-0.13964667292881916,1.0,7.920514000453833,-8.343404756022801
BRZ-03853,0.0,0.0,-0.5210712067427361,0.3539437177962743,4.326601468979832,-10.701275248208665
BRZ-03854,0.0,0.0,-0.4568271820088914,1.0,4.484247530884543,-9.092327922715368
BRZ-03855,0.0,0.0,0.49710798791289934,1.0,3.3586555088920593,-8.953828826925724
BRZ-03856,0.0,0.0,0.4704732422162226,1.0,0.5949208832741459,-7.327279068338394
BRZ-03857,0.0,0.0,-0.11337117322967141,1.0,1.4103591128668047,-3.8920773233529755
BRZ-03858,0.0,0.0,0.7745716960342871,1.0,4.013447991911128,-8.786044516114845
BRZ-03859,0.0,0.0,-0.6347532290439705,1.0,8.499936346674241,-10.20666504622226
BRZ-03860,0.0,0.0,-0.8925162645429924,1.0,1.6090201834746487,-5.795540269290915
BRZ-03861,0.0935761883131566,0.0,-0.4862096993114656,1.0,6.213009000755317,-10.41177690555298
BRZ-03862,0.03466684254689232,0.0,-0.12949314764919692,0.9499605988967693,0.40668093039732844,-10.570672391940596
BRZ-03863,0.04764654094693787,0.0,0.32812952371555065,1.0,14.501103685213884,-5.294602824134583
BRZ-03864,0.0,0.0,-0.2815579124083377,1.0,5.920197923236719,-9.931817506763412
BRZ-03865,0.0,0.0,-0.10692013052733326,0.7145110410094638,2.306810824403943,-9.512572358459725
BRZ-03866,0.017315330552706273,0.0,0.2521926935164258,0.9984195969972343,2.795389034083504,-11.523247766792846
BRZ-03867,0.0,0.0,-0.6742670086804146,0.9578242018131651,8.166666275552908,-2.7759506384336863
BRZ-03868,0.12429255564999696,0.0,-0.10098456929422239,1.0,0.6050686571216283,-7.633372296139086
BRZ-03869,0.0,0.0,0.00031543816501934706,1.0,2.8992856089285963,-10.527982976776679
BRZ-03870,0.0,0.0,-0.9341564755439621,1.0,0.2265689242018421,-11.139950481075587
BRZ-03871,0.0,0.0,-0.5545562770621337,1.0,4.715949470809882,-7.0745185292964265
BRZ-03872,0.0,0.0,-0.46448015173729973,0.6023715415019762,1.6720608892140747,-10.285064021600466
BRZ-03873,0.0,0.0,-0.013737989044231097,1.0,1.1416216171792652,-12.198533457885844
BRZ-03874,0.0,0.0,0.02998198344327962,1.0,25.600782772686582,-9.5684134107218
BRZ-03875,0.0,0.0,-0.06045272218618585,1.0,3.293040050734266,-9.649435354852296
BRZ-03876,0.0,0.0,-0.5545734742814601,1.0,1.8669895211134608,-10.067831667976497
BRZ-03877,0.192106811908394,0.0,1.2712109668006073,1.0,4.149032833204699,-8.716989677904476
BRZ-03878,0.0,0.0,0.11266210520061576,0.6398573692551505,8.300501769900345,-8.251794989029317
BRZ-03879,0.0,0.0,0.12038789297551131,0.5958877026492684,2.4138657373223653,-9.69083489482171
BRZ-03880,0.0,0.0,0.7143071843425959,1.0,3.094215557074306,-8.761084996012809
BRZ-03881,0.0,0.0,-0.5029468983400055,0.0,0.16112336647682296,-14.492333618426539
BRZ-03882,0.0,0.0,-0.41547470712504886,0.0,1.269664538662993,-11.828624673607289
BRZ-03883,0.0,0.0,0.6724147599806842,0.03313609467455621,2.8978844473903433,-9.930694574282734
BRZ-03884,0.0,0.0,-0.5768484683121133,0.6454041204437401,9.67054799337372,-9.660074636115294
BRZ-03885,0.0,0.0,-0.7041735674464653,1.0,3.947999804146703,-8.730626763324308
BRZ-03886,0.0,0.0,0.3294183271769552,1.0,9.570889947316617,-10.083457854338048
BRZ-03887,0.12160593810302639,0.0,0.479512624185491,1.0,2.9518485098974017,-9.984516759941869
BRZ-03888,0.08677686791758228,0.0,0.794946758554615,1.0,1.1011659906261178,-8.550412256861522
BRZ-03889,0.0,0.0,0.43462189076247115,0.0,4.92126,-10.842003438761235
BRZ-03890,0.0,0.0,-0.22129816049090306,1.0,8.018478652995354,-5.936074459042346
BRZ-03891,0.019123908205937023,0.0,0.6312233149345804,1.0,1.095906100633825,-7.935452474238344
BRZ-03892,0.0,0.0,0.34435151573403516,1.0,4.960599097764832,-9.33751482609128
BRZ-03893,0.0,0.0,0.7068517344328119,1.0,2.989366997807771,-6.293861374969027
BRZ-03894,0.0,0.0,-0.7419161531500601,0.9534700315457415,2.074202016492176,-11.164388669529794
BRZ-03895,0.00836613450361335,0.0,0.3788384541724163,1.0,0.12993484261783403,-12.344041000301699
BRZ-03896,0.0,0.0,-1.182159965928268,1.0,0.8142337621448837,-11.726860549244808
BRZ-03897,0.0,0.0,-1.2963533746394382,1.0,4.622533454238296,-7.0143377338064585
BRZ-03898,0.0,0.0,-0.6502652546335701,1.0,0.1702758629875153,-11.342095108326838
BRZ-03899,0.0,0.0,0.17745985936359074,1.0,0.8364873641894184,-9.487722907899895
BRZ-03900,0.002017566720409506,0.0,0.10023912159819545,1.0,2.130281446160611,-9.7135195485549
BRZ-03901,0.0,0.0,0.7754172256493097,0.0,1.6665398485369713,-10.76452102423837
BRZ-03902,0.0,0.0,-0.16042853118522626,1.0,1.1825305695275639,-4.731637274426816
BRZ-03903,0.0,0.0,0.7250980795947382,1.0,5.343547089347523,-5.4942043000085405
BRZ-03904,0.0,0.0,-0.574916228860032,1.0,9.926589014692533,-10.475273859762432
BRZ-03905,0.0,0.0,-0.4448937546177008,0.19787150177374857,1.062755505400565,-10.83150395656826
BRZ-03906,0.0,0.0,-0.29602081418410675,1.0,2.3955594373996925,-9.038920712094349
BRZ-03907,0.0,0.0,0.09567082810473566,0.26882144264879787,0.2560538422565513,-10.649699807768972
BRZ-03908,0.0,0.0,-0.005130106016611909,1.0,3.203446742450451,-10.931146856116479
BRZ-03909,0.0,0.0,0.09126557134425994,0.6199524940617577,1.1071192186276457,-11.724192665990316
BRZ-03910,0.0268980316235592,0.0,-0.4865226110062363,1.0,3.998768138842956,-8.805648147483504
BRZ-03911,0.0,0.0,-0.6851044890288014,1.0,4.1051930058438995,-10.389799155456078
BRZ-03912,0.0,0.0,-0.31858659766607683,0.0,8.168069174485439,-12.318765522094722
BRZ-03913,0.0,0.0,0.2766916335868661,1.0,2.5657286576933744,-4.499971830430768
BRZ-03914,0.0,0.0,-0.024898872693979533,0.0,2.406208513069695,-10.98606765282289
BRZ-03915,0.0,0.0,-0.2896227090402864,0.031126871552403464,1.3039346341370444,-10.374618747785943
BRZ-03916,0.0,0.0,0.2161961049647616,1.0,12.053269817804308,-8.201857820636741
BRZ-03917,0.0,0.0,0.06490161004922963,0.0,4.449001470066982,-13.215527037858362
BRZ-03918,0.0,0.0,1.3438754410588205,1.0,0.5431715143994764,-3.064390855649012
BRZ-03919,0.0,0.0,0.024032175390233383,1.0,2.9970012260192433,-9.897160681739791
BRZ-03920,0.0,0.0,-0.1856219253730075,1.0,2.089269681156665,-9.241641304384867
BRZ-03921,0.0,0.0,0.04333418509842401,1.0,0.3007771694601988,-8.906824766870537
BRZ-03922,0.0,0.0,-0.39648810652320765,1.0,3.5266770955894096,-9.932217601792363
BRZ-03923,0.0,0.0,-0.3152256710828781,1.0,0.571371845107924,-8.394342117952052
BRZ-03924,0.0,0.0,0.2659862274603108,1.0,4.601319948802855,-9.056837574096575
BRZ-03925,0.0,0.0,-1.132765554363629,0.0,1.6141071461729772,-11.277814478203666
BRZ-03926,0.0,0.0,0.6359747585367123,1.0,4.446644905673845,-8.600501768897852
BRZ-03927,0.0,0.0,-0.05425494498991114,1.0,2.8966942405254037,-9.455811936262393
BRZ-03928,0.2242188095557209,0.0,1.2841124902210423,1.0,8.264009039376447,-7.981407364933107
BRZ-03929,0.0,0.0,0.16495281035116607,0.035474970437524636,0.7159164180259118,-11.21559328564688
BRZ-03930,0.000437797497790351,0.0,-0.16393070411404906,1.0,2.767478507355718,-7.122469489955626
BRZ-03931,0.0,0.0,-0.15580177935795417,0.8497429814155791,1.2978054247821524,-8.615419104629536
BRZ-03932,0.0,0.0,-0.3229874397152762,1.0,11.262886337653839,-8.293721616541013
BRZ-03933,0.0,0.0,0.29896504552694303,0.6784018987341774,4.710239183495317,-8.958425856413163
BRZ-03934,0.0,0.0,0.8164327635962129,0.9233201581027669,0.20852216777792462,-8.351829891845922
BRZ-03935,0.0,0.0,-0.3463673262811409,1.0,3.7552301487710267,-9.361086908422847
BRZ-03936,0.0,0.0,-0.731323245361364,0.9647385103011092,28.946261785176755,-9.819793115819706
BRZ-03937,0.0,0.0,0.24822742618644086,0.8421052631578949,0.9858074799088185,-9.528467067722113
BRZ-03938,0.0,0.0,-0.8485147681922302,1.0,6.113575373607385,-7.541405055151183
BRZ-03939,0.0,0.0,0.7089556020928668,1.0,2.5359897290926585,-7.184808379524847
BRZ-03940,0.0,0.0,0.014305156776999601,1.0,2.050139062160822,-8.052799558318643
BRZ-03941,0.0,0.0,-0.028180032731076457,1.0,4.60081612848233,-9.478936763821972
BRZ-03942,0.0,0.0,0.41507211204157923,1.0,2.8082672183625563,-9.640539022114734
BRZ-03943,0.0,0.0,-0.6075333640600261,1.0,0.05500430483707828,-9.779103449265763
BRZ-03944,0.0011949883806935536,0.0,0.06883568960846546,1.0,3.5087810727524884,-9.68263718139097
BRZ-03945,0.0,0.0,0.31782930564753253,0.8764356435643567,2.7821535973154514,-10.83295287391991
BRZ-03946,0.0,0.0,0.4688101680543108,1.0,0.41315209703244904,-5.9644484440720635
BRZ-03947,0.0,0.0,-1.0653554275074704,1.0,0.058401073037461386,-6.928621903914173
BRZ-03948,0.0,0.0,-0.44932282636898274,1.0,6.649376967197238,-7.757362081464664
BRZ-03949,0.0,0.0,0.3357298469734431,1.0,1.8346020097603377,-8.616861262228959
BRZ-03950,0.0,0.0,-0.10197353472854068,0.0,1.1541341513651233,-9.023740766698026
BRZ-03951,0.0,0.0,-0.3616233225838526,1.0,2.1195202896602576,-11.957089769820827
BRZ-03952,0.0,0.0,-0.19150873885783098,0.6724546172059984,4.749965920676554,-8.14490311231618
BRZ-03953,0.0,0.0,0.2588569280880341,1.0,2.456802102787565,-8.925800451626493
BRZ-03954,0.0,0.0,-0.4639737614699842,1.0,1.8428858590938015,-9.421109832782426
BRZ-03955,0.0,0.0,-0.5752846680600362,1.0,3.1527638288447997,-9.12050665449529
BRZ-03956,0.0,0.0,-0.074638289744374,1.0,0.4476128883560097,-10.621653296159204
BRZ-03957,0.0,0.0,-0.0513215674916765,0.01264822134387352,10.233499064583611,-12.947257785813267
BRZ-03958,0.0,0.0,-0.0006556448645935793,1.0,6.142307857289672,-9.360522644515667
BRZ-03959,0.0,0.0,0.32832527187296373,0.8510301109350239,2.53069056877233,-8.78320572592142
BRZ-03960,0.0,0.0,0.6317530199287711,0.0,5.502652598038682,-11.919111923834043
BRZ-03961,0.0,0.0,0.04035591281708213,1.0,1.672739910771435,-5.3974990339862785
BRZ-03962,0.11359408227627701,0.0,0.3348295486702053,1.0,7.441833024039805,-7.580306343578275
BRZ-03963,0.0,0.0,0.2799895161374535,1.0,1.6621627946125461,-9.444030907328937
BRZ-03964,0.0,0.0,0.61233605224328,0.9766798418972329,0.7761198010629343,-10.959016929976002
BRZ-03965,0.0,0.0,0.2731180841742224,1.0,1.1446582670541352,-7.76167074707319
BRZ-03966,0.0,0.0,1.304384181133794,0.5538400633412509,4.322238898338866,-8.404700864994984
BRZ-03967,0.0,0.0,-0.15193939270814474,1.0,1.203407901910367,-9.318327119762804
BRZ-03968,0.06529770756876746,0.0,0.47992544751703703,1.0,1.7004245552680677,-9.897413577269191
BRZ-03969,0.0,0.0,-1.1105792573125282,0.9964552973611658,0.5075598613754336,-10.888263748690598
BRZ-03970,0.0,0.0,-0.1849531784999869,1.0,2.603165790926254,-10.599574296575627
BRZ-03971,0.0,0.0,-0.24026294514989485,1.0,3.05931824965709,-9.496673943344717
BRZ-03972,0.017655947114081482,0.0,0.20308031447057487,1.0,4.387317997455552,-7.413996032751115
BRZ-03973,0.0,0.0,0.3474719965088077,1.0,5.390411342003348,-9.828868977835864
BRZ-03974,0.0,0.0,-0.07454422293044113,0.7445802128498227,2.4839711780870175,-7.7626744214671275
BRZ-03975,0.0,0.0,0.23868040287446168,0.023237495076801895,1.446078737683922,-11.907430018102307
BRZ-03976,0.0,0.0,0.960162057670076,0.041963578780680924,3.2808337422943117,-9.529167588021096
BRZ-03977,0.0,0.0,1.0068182217840767,1.0,3.4583498109694664,-7.856981975854667
BRZ-03978,0.0,0.0,0.5898358601808253,0.0,0.38729973323993777,-10.16878044774849
BRZ-03979,0.007655494365649733,0.0,0.20982989268426458,1.0,4.13476939976221,-7.645698268849143
BRZ-03980,0.0,0.0,-0.18542535904203744,1.0,3.2642554462985784,-8.81132073663603
BRZ-03981,0.08838176441185583,0.0,0.18384946573688202,1.0,4.987680473666438,-9.393978800205149
BRZ-03982,0.007232254576210067,0.0,-0.28548369970793064,1.0,8.915128088611466,-10.771267283419824
BRZ-03983,0.0,0.0,-0.04731641011493271,1.0,1.070006201720232,-7.037690928277057
BRZ-03984,0.0,0.0,-0.13491929937016506,1.0,3.2530239007079578,-8.871523334315988
BRZ-03985,0.0,0.0,-0.07755664271204483,1.0,0.42083893288484575,-5.41699167030607
BRZ-03986,0.0,0.0,0.3085310997558772,0.5070866141732283,0.3287248432631004,-9.922078082631028
BRZ-03987,0.0,0.0,-0.42591113152992627,0.0,2.5009424520637324,-11.749551385511744
BRZ-03988,0.0,0.0,-0.5058892265864591,1.0,0.6771534524504808,-5.440354969665113
BRZ-03989,0.0,0.0,0.1322481270655764,1.0,2.9126529272284993,-7.414779485639016
BRZ-03990,0.0,0.0,-0.15509999880170597,1.0,3.527101702158536,-7.790920472702959
BRZ-03991,0.0,0.0,0.33035755223650387,1.0,7.099397408609789,-9.162486562280208
BRZ-03992,0.0,0.0,0.5965676471142819,0.7732489117530669,6.351742784961599,-10.884632549898537
BRZ-03993,0.0,0.0,-0.1653199198521111,1.0,1.558752324627457,-5.097710468557297
BRZ-03994,0.0,0.0,0.11034420534248843,1.0,9.744885904431609,-10.411014998036872
BRZ-03995,0.0,0.0,-0.08551237215917847,1.0,1.5299322095630326,-8.16260769967423
BRZ-03996,0.0,0.0,-0.5253979983479498,0.944794952681388,5.3858292400331536,-10.432616752953656
BRZ-03997,0.0,0.0,-0.10206431704419291,1.0,8.585707973352314,-9.356545238814435
BRZ-03998,0.0,0.0,0.3933230668044265,0.9448601811736904,2.5910751037468147,-10.368143823889463
BRZ-03999,0.0,0.0,0.8558695818881688,0.0,1.3005513009656802,-12.057069700950231
BRZ-04000,0.0,0.0,-0.627111811137405,1.0,3.3347475345431996,-9.497850534053324
