fd_id,occtype,st_damcat,found_ht,found_type,num_story,sqft,ftprntsqft,val_struct,val_cont,ground_elv,med_yr_blt,firmzone,bldheight,usastrucid,cbfips,longitude,latitude,truth_flooded,property_id,address,pct_flooded,max_depth_ft,urban_flag,optical_available,optical_water_pct,wse_spread_ft,rel_elev_ft,hand_ft,water_fraction,dpol_available,dpol_water,db_available,double_bounce,vh_available,vh_water_pct,rain_mm,ndvi_valid,ndvi_delta,near_water_flag,flood_s0,flood_s1,flood_s2
122528624,RES1-2SNB,RES,0.75,S,2,3313.0,2946,610264.3784773289,305132.18923866446,80.51443,1987,X,4.8,,481576736002016,-95.72407446351,29.620484984243,0.0,s0,s0,0.0,0.0,1,1,0.0,0.0,3.92,10.91,0.0,1,0.0,0,0.0,0,0.0,0.0,0,0.0,0,,,
122541751,RES1-1SNB,RES,0.75,S,1,2040.0,1558,614836.6466864739,307418.32334323693,95.933815,2013,X,0.0,,481576734022021,-95.816422545865,29.636153219579,0.0,s1,s1,0.0,0.0,0,1,0.0,0.0,15.139,4.34,0.0,1,0.0,0,0.0,0,0.0,0.0,0,0.0,0,,,
122531407,RES1-2SNB,RES,0.75,S,2,3358.0,1828,614650.7947944857,307325.39739724284,81.97689,1987,X,5.88,,481576736004003,-95.735539322687,29.624495335863,0.0,s2,s2,0.0,0.0,1,1,0.0,0.0,9.916,0.96,0.0,1,0.0,0,0.0,0,0.0,0.0,0,0.0,0,,,
122472784,RES1-1SNB,RES,0.75,S,1,2655.0,3364,412330.3422883568,206165.1711441784,83.375,2013,X,0.33,,481576747024011,-95.744767313136,29.564835511757,1.0,s3,s3,0.0,0.0,0,1,0.0,0.0,16.309,4.82,0.0,1,0.0,0,0.0,0,0.0,0.0,0,0.0,0,,,
122666583,RES1-2SNB,RES,0.75,S,2,4558.0,4011,1043444.9818870497,521722.49094352487,66.27167,2013,X,5.72,,481576744022000,-95.60280949104,29.54897600645,1.0,s4,s4,0.0,0.0,0,1,0.0,0.0,5.195,0.58,0.0,1,0.0,0,0.0,0,0.0,0.0,0,0.0,0,,,
122521436,RES1-2SNB,RES,0.75,S,2,3154.0,2962,761616.0124941011,380808.00624705054,74.48231,1996,X,6.11,,481576739032004,-95.662223596171,29.58593652628,1.0,s5,s5,0.0,0.0,1,1,0.0,0.0,6.837,5.41,0.0,1,0.0,0,0.0,0,0.0,0.0,0,0.0,1,,,
122589538,RES1-2SNB,RES,0.75,S,2,2363.0,1992,488095.50755926035,244047.75377963018,81.90794,1987,X,4.81,,481576736004002,-95.735894049741,29.619799921716,0.0,s6,s6,0.0,0.0,1,1,0.0,0.0,14.868,2.86,0.0,1,0.0,0,0.0,0,0.0,0.0,0,0.0,0,,,
122481247,RES1-1SNB,RES,2.0,C,1,3005.0,3005,768236.7488344837,384118.37441724184,85.454216,2012,AE,4.66,,481576734042004,-95.757654080366,29.63638123753,0.0,s7,s7,0.0,0.0,0,1,0.0,0.0,18.624,4.08,0.0,1,0.0,0,0.0,0,0.0,0.0,0,0.0,0,,,
122681432,RES1-1SNB,RES,0.75,S,1,2307.0,3032,286150.4187046105,143075.20935230525,66.466896,1984,X,5.19,,481576741001012,-95.606184778648,29.580707561563,1.0,s8,s8,0.0,0.0,1,1,0.0,0.0,1.864,4.14,0.0,1,0.0,0,0.0,0,0.0,0.0,0,0.0,0,,,
122473598,RES1-1SNB,RES,0.75,S,1,3919.0,2931,516685.66148787807,258342.83074393903,79.63119,2013,X,0.11,,481576747024011,-95.740299936336,29.565465407149,1.0,s9,s9,0.0,0.0,0,1,0.0,0.0,13.486,4.0,0.0,1,0.0,0,0.0,0,0.0,0.0,0,0.0,0,,,
122618806,RES1-1SNB,RES,0.75,S,1,1536.0,1137,125836.542,62918.271,98.537445,1981,AE,3.4,,481576752001047,-95.80725125987,29.550028952011,0.0,s10,s10,0.0,0.0,1,1,0.0,0.0,1.371,2.78,0.0,1,0.0,0,0.0,0,0.0,0.0,0,0.0,0,,,
122484230,RES1-1SNB,RES,0.75,S,1,1126.0,1568,130941.03522487081,65470.517612435404,97.715515,2008,X,3.62,,481576751011001,-95.777177409617,29.551557337398,0.0,s11,s11,0.0,0.0,1,1,0.0,0.0,4.344,2.98,0.0,1,0.0,0,0.0,0,0.0,0.0,0,0.0,0,,,
122625074,RES1-1SNB,RES,0.75,S,1,1421.0,1916,296601.4136531409,148300.70682657044,86.84068,2015,X,0.02,,481576755024011,-95.749452900024,29.52426185926,0.0,s12,s12,0.0,0.0,0,1,0.0,0.0,2.743,2.36,0.0,1,0.0,0,0.0,0,0.0,0.0,0,0.0,0,,,
122481071,RES1-1SNB,RES,0.75,S,1,1979.0,2526,589738.2676964746,294869.1338482373,88.93391,2012,X,0.16,,481576734042004,-95.768049417655,29.646086429973,0.0,s13,s13,0.0,0.0,0,1,0.0,0.0,7.405,6.17,0.0,1,0.0,0,0.0,0,0.0,0.0,0,0.0,0,,,
122567258,RES1-2SNB,RES,0.75,S,2,2621.0,1874,436031.73040179635,218015.86520089817,79.234924,1997,X,5.05,,481576738022005,-95.694456285665,29.5994750344,0.0,s14,s14,0.0,0.0,1,1,0.0,0.0,2.465,7.81,0.0,1,0.0,0,0.0,0,0.0,0.0,0,0.0,0,,,
122690932,RES1-2SNB,RES,0.75,S,2,3418.0,1814,800155.0454337661,400077.52271688305,69.16403,1987,X,6.03,,481576740011022,-95.622321442733,29.578051835787,1.0,s15,s15,0.0,0.0,1,1,0.0,0.0,6.228,4.45,0.0,1,0.0,0,0.0,0,0.0,0.0,0,0.0,0,,,
122524112,RES1-1SNB,RES,0.75,S,1,2714.0,2888,688648.1676912506,344324.0838456253,77.81145,1995,X,5.48,,481576739041017,-95.676158049204,29.598725728827,0.0,s16,s16,0.0,0.0,1,1,0.0,0.0,4.849,2.99,0.0,1,0.0,0,0.0,0,0.0,0.0,0,0.0,1,,,
122578678,RES1-1SNB,RES,0.75,S,1,1361.0,2168,221357.247006,110678.623503,84.8057,1994,X,3.91,,481576738013000,-95.741201285272,29.584863877209,0.0,s17,s17,0.0,0.0,0,1,0.0,0.0,17.235,25.72,0.0,1,0.0,0,0.0,0,0.0,0.0,0,0.0,0,,,
122541735,RES1-1SNB,RES,0.75,S,1,2913.0,1975,786153.132250726,393076.566125363,95.95976,2013,X,0.02,,481576734022021,-95.815943525266,29.637774707563,0.0,s18,s18,0.0,0.0,0,1,0.0,0.0,14.745,1.67,0.0,1,0.0,0,0.0,0,0.0,0.0,0,0.0,0,,,
122585231,RES1-1SNB,RES,0.75,S,1,4469.0,4930,1011778.1946466096,505889.0973233048,87.53092,2012,AE,5.25,,481576734042000,-95.750712951981,29.643117031533,0.0,s19,s19,0.0,0.0,1,1,0.0,0.0,8.829,2.89,0.0,1,0.0,0,0.0,0,0.0,0.0,0,0.0,0,,,
122466115,RES1-1SNB,RES,0.75,S,1,2552.0,2947,371792.4144284901,185896.20721424505,74.87251,2013,X,4.26,,481576747021006,-95.713264084757,29.562401647856,1.0,s20,s20,0.0,0.0,1,1,0.0,0.0,10.528,0.2,0.0,1,0.0,0,0.0,0,0.0,0.0,0,0.0,0,,,
122571080,RES1-2SNB,RES,0.75,S,2,1671.0,1372,184393.2350605439,92196.61753027195,96.89135,2008,X,4.67,,481576751012013,-95.772065868161,29.547690315869,0.0,s21,s21,0.0,0.0,1,1,0.0,0.0,4.506,5.58,0.0,1,0.0,0,0.0,0,0.0,0.0,0,0.0,0,,,
122470017,RES3D,RES,0.5,S,2,7658.0,3829,1173883.7726102073,410859.32041357254,82.06105,1992,X,5.41,,481576735021000,-95.726852817412,29.630557655283,0.0,s22,s22,0.0,0.0,0,1,0.0,0.0,2.426,7.64,0.0,1,0.0,0,0.0,0,0.0,0.0,0,0.0,0,,,
122511712,RES1-2SNB,RES,0.75,S,2,4658.0,4664,1114903.1479825575,557451.5739912788,102.15506,2008,X,0.0,,481576733001007,-95.883979476152,29.675662292002,0.0,s23,s23,0.0,0.0,0,1,0.0,0.0,3.535,6.78,0.0,1,0.0,0,0.0,0,0.0,0.0,0,0.0,0,,,
122743954,RES1-2SNB,RES,0.75,S,2,2064.0,1500,568208.4045773303,284104.20228866517,70.11148,1993,X,0.0,,481576742001011,-95.632752517122,29.579327799587,1.0,s24,s24,0.0,0.0,1,1,0.0,0.0,22.471,0.68,0.0,1,0.0,0,0.0,0,0.0,0.0,0,0.0,1,,,
122622433,RES1-1SNB,RES,0.75,S,1,1909.0,2379,499761.78240995354,249880.89120497677,80.45866,2015,X,3.68,,481576755031033,-95.731821854216,29.508862407648,0.0,s25,s25,0.0,0.0,0,1,0.0,0.0,1.362,0.86,0.0,1,0.0,0,0.0,0,0.0,0.0,0,0.0,0,,,
122472779,RES1-1SNB,RES,0.75,S,1,2332.0,2033,377070.1870397005,188535.09351985026,74.40115,2013,X,0.4,,481576747024011,-95.747399164893,29.562623831502,1.0,s26,s26,0.0,0.0,0,1,0.0,0.0,1.505,0.48,0.0,1,0.0,0,0.0,0,0.0,0.0,0,0.0,0,,,
122586065,COM1,COM,0.25,S,1,1282.0,1282,192647.99970644512,240809.9996330564,98.214745,1981,X,1.91,,481576751022024,-95.791304931873,29.547675553708,0.0,s27,s27,0.0,0.0,1,1,0.0,0.0,2.56,4.48,0.0,1,0.0,0,0.0,0,0.0,0.0,0,0.0,0,,,
122510088,RES1-1SNB,RES,0.75,S,1,2008.0,2008,552908.4670398472,276454.2335199236,100.02122,2008,X,2.8,,481576733001029,-95.873521455334,29.665404692712,0.0,s28,s28,0.0,0.0,0,1,0.0,0.0,1.654,4.81,0.0,1,0.0,0,0.0,0,0.0,0.0,0,0.0,0,,,
122625175,RES1-1SNB,RES,0.75,S,1,2097.0,2702,389586.7903816306,194793.3951908153,84.49341,2015,X,0.0,,481576755024011,-95.740880648749,29.520451735915,0.0,s29,s29,0.0,0.0,0,1,0.0,0.0,8.486,0.39,0.0,1,0.0,0,0.0,0,0.0,0.0,0,0.0,0,,,
122469373,RES1-2SNB,RES,0.75,S,2,1868.0,2463,316869.30363251676,158434.65181625838,77.96158,2013,X,5.29,,481576747024024,-95.739712442754,29.55694515429,1.0,s30,s30,0.0,0.0,1,1,0.0,0.0,7.924,0.6,0.0,1,0.0,0,0.0,0,0.0,0.0,0,0.0,0,,,
122689643,RES1-2SNB,RES,0.75,S,2,2802.0,1501,699770.2155459791,349885.10777298955,67.01277,1998,X,5.43,,481576744014023,-95.601760259222,29.559642535168,0.0,s31,s31,0.0,0.0,1,1,0.0,0.0,6.932,1.83,0.0,1,0.0,0,0.0,0,0.0,0.0,0,0.0,0,,,
122625487,RES1-1SNB,RES,0.75,S,1,2571.0,2366,440451.41582662874,220225.70791331437,84.73225,2015,X,0.56,,481576755024011,-95.742101026419,29.52313933371,0.0,s32,s32,0.0,0.0,0,1,0.0,0.0,1.038,0.08,0.0,1,0.0,0,0.0,0,0.0,0.0,0,0.0,0,,,
122525881,RES1-1SNB,RES,0.75,S,1,1639.0,2443,312753.882769639,156376.9413848195,79.83577,1989,X,5.11,,481576746032011,-95.686840022674,29.538507848959,0.0,s33,s33,0.0,0.0,1,1,0.0,0.0,5.874,2.63,0.0,1,0.0,0,0.0,0,0.0,0.0,0,0.0,0,,,
122617061,RES1-2SNB,RES,0.75,S,2,5342.0,4495,1113156.8935573776,556578.4467786888,72.78127,1993,X,6.05,,481576742004002,-95.61518909327,29.564860979964,0.0,s34,s34,0.0,0.0,1,1,0.0,0.0,15.257,4.51,0.0,1,0.0,0,0.0,0,0.0,0.0,0,0.0,1,,,
122481015,RES1-2SNB,RES,0.75,S,2,2513.0,2046,357994.7061940188,178997.3530970094,96.78046,2013,X,5.52,,481576747023027,-95.760024316907,29.565994096825,0.0,s35,s35,0.0,0.0,1,1,0.0,0.0,2.89,12.96,0.0,1,0.0,0,0.0,0,0.0,0.0,0,0.0,0,,,
122595092,COM7,COM,0.25,S,1,1469.25,3918,315698.95333784935,457763.48233988154,99.981964,1978,X,5.28,,481576748003003,-95.781990244167,29.565040001651,0.0,s36,s36,0.0,0.0,0,1,0.0,0.0,1.824,14.74,0.0,1,0.0,0,0.0,0,0.0,0.0,0,0.0,0,,,
122621626,RES1-2SNB,RES,0.75,S,2,5017.0,3842,907416.8786118473,453708.43930592365,75.1997,2015,X,5.47,,481576755032017,-95.669122362968,29.523437584788,0.0,s37,s37,0.0,0.0,1,1,0.0014,0.0,12.342,0.22,0.0,1,0.0,0,0.0,0,0.0,0.0,0,0.0,1,,,
122531104,RES1-2SNB,RES,0.75,S,2,3344.0,3703,450829.33465056255,225414.66732528128,78.76026,2013,X,0.0,,481576747024029,-95.732609067461,29.562473189867,1.0,s38,s38,0.0,0.0,0,1,0.0,0.0,7.777,1.56,0.0,1,0.0,0,0.0,0,0.0,0.0,0,0.0,0,,,
122512435,RES1-2SNB,RES,0.75,S,2,5355.0,5950,1188166.9952529722,594083.4976264861,132.01526,2008,X,6.3,,481576733001015,-95.886025663724,29.685831491336,0.0,s39,s39,0.0,0.0,0,1,0.0,0.0,16.321,21.37,0.0,1,0.0,0,0.0,0,0.0,0.0,0,0.0,0,,,
122666401,RES1-1SNB,RES,0.75,S,1,3749.0,3583,920294.3746212404,460147.1873106202,67.75008,2013,X,0.88,,481576744021006,-95.604474981764,29.540233625428,1.0,s40,s40,0.0,0.0,1,1,0.0,0.0,7.074,0.62,0.0,1,0.0,0,0.0,0,0.0,0.0,0,0.0,0,,,
122621013,RES1-2SNB,RES,0.75,S,2,3952.0,2846,545944.5719092066,272972.2859546033,89.08473,2015,X,5.85,,481576755024008,-95.739857889082,29.529471728534,0.0,s41,s41,0.0,0.0,1,1,0.0,0.0,12.698,4.34,0.0,1,0.0,0,0.0,0,0.0,0.0,0,0.0,0,,,
122605341,COM7,COM,0.25,S,2,2453.49,220644,671510.0702452442,973689.6018556041,97.572685,2008,X,9.53,,481576751012015,-95.773005540609,29.544177472519,0.0,s42,s42,0.0,0.0,1,1,0.0,0.0,7.198,5.24,0.0,1,0.0,0,0.0,0,0.0,0.0,0,0.0,0,,,
122616939,RES1-1SNB,RES,2.0,C,1,1264.0,1409,110382.11145,55191.055725,101.47407,1981,X,6.36,,481576752001030,-95.805818412573,29.55453648516,0.0,s43,s43,0.0,0.0,1,1,0.0,0.0,3.032,8.03,0.0,1,0.0,0,0.0,0,0.0,0.0,0,0.0,0,,,
122623121,RES1-2SNB,RES,0.75,S,2,3716.0,2303,512178.7744536443,256089.38722682215,84.49448,2015,X,5.9,,481576755022017,-95.725864268912,29.527633275679,0.0,s44,s44,0.0,0.0,1,1,0.0,0.0,7.867,0.71,0.0,1,0.0,0,0.0,0,0.0,0.0,0,0.0,0,,,
122635503,RES1-2SNB,RES,0.75,S,2,6752.0,5600,1218365.5882853349,609182.7941426674,77.462326,2015,X,6.5,,481576755032013,-95.677679448508,29.516925734773,0.0,s45,s45,0.0,0.0,0,1,0.0,0.0,5.167,0.0,0.0,1,0.0,0,0.0,0,0.0,0.0,0,0.0,0,,,
122576921,RES1-2SNB,RES,0.75,S,2,2750.0,3092,451071.6455039153,225535.82275195766,78.32994,1997,X,4.86,,481576738021010,-95.691306847083,29.596548083034,0.0,s46,s46,0.0,0.0,1,1,0.0,0.0,3.987,2.94,0.0,1,0.0,0,0.0,0,0.0,0.0,0,0.0,0,,,
122485697,RES1-1SNB,RES,0.75,S,1,1175.0,1885,151765.3745867143,75882.68729335714,99.10798,1983,X,3.33,,481576750002001,-95.782840645486,29.571126516414,0.0,s47,s47,0.0,0.0,1,1,0.0,0.0,8.296,14.58,0.0,1,0.0,0,0.0,0,0.0,0.0,0,0.0,0,,,
122472770,RES1-2SNB,RES,0.75,S,2,2575.0,3326,378532.08146438905,189266.04073219452,77.835495,2013,X,5.3,,481576747024011,-95.748967058798,29.55919451156,1.0,s48,s48,0.0,0.0,1,1,0.0,0.0,13.52,2.28,0.0,1,0.0,0,0.0,0,0.0,0.0,0,0.0,0,,,
122543342,RES1-1SNB,RES,0.75,S,1,7035.0,7218,1416577.424742743,708288.7123713715,96.5993,2008,A,4.73,,481576733001037,-95.830393231147,29.633586835703,0.0,s49,s49,0.0,0.0,1,1,0.0,0.0,7.778,0.83,0.0,1,0.0,0,0.0,0,0.0,0.0,0,0.0,0,,,
122533290,RES1-1SNB,RES,0.75,S,1,1755.0,2201,317508.3239364311,158754.16196821554,74.02178,2013,X,0.17,,481576747023019,-95.751184312406,29.565879222251,1.0,s50,s50,0.0,0.0,0,1,0.0,0.0,9.09,3.22,0.0,1,0.0,0,0.0,0,0.0,0.0,0,0.0,0,,,
122666353,RES1-2SNB,RES,0.75,S,2,2356.0,1622,290555.4417679139,145277.72088395694,65.404495,1984,X,4.44,,481576741004001,-95.602262125759,29.578241101088,1.0,s51,s51,0.0,0.0,1,1,0.0,0.0,13.448,3.59,0.0,1,0.0,0,0.0,0,0.0,0.0,0,0.0,0,,,
122488947,RES1-1SNB,RES,0.75,S,1,1941.0,2228,143401.5531,71700.77655,99.38461,1981,X,3.75,,481576752003000,-95.797018784121,29.549420396745,0.0,s52,s52,0.0,0.0,1,1,0.0,0.0,2.432,5.37,0.0,1,0.0,0,0.0,0,0.0,0.0,0,0.0,0,,,
122523890,RES1-2SNB,RES,0.75,S,2,3391.0,2906,850215.996364937,425107.9981824685,78.368805,2002,X,5.73,,481576746023026,-95.674561636802,29.538177244776,0.0,s53,s53,0.0,0.0,1,1,0.0,0.0,8.289,8.61,0.0,1,0.0,0,0.0,0,0.0,0.0,0,0.0,0,,,
122536670,RES1-2SNB,RES,0.75,S,2,2442.0,1567,232717.15566509534,116358.57783254767,99.02497,2008,X,4.81,,481576751012016,-95.776638153805,29.555038723723,0.0,s54,s54,0.0,0.0,1,1,0.0,0.0,7.555,0.29,0.0,1,0.0,0,0.0,0,0.0,0.0,0,0.0,0,,,
122490764,RES3A,RES,0.5,S,1,1143.0,1143,148685.9985,52040.099474999995,97.92804,1981,X,2.47,,481576752003012,-95.801853487732,29.541364264462,0.0,s55,s55,0.0,0.0,1,1,0.0,0.0,2.874,0.79,0.0,1,0.0,0,0.0,0,0.0,0.0,0,0.0,0,,,
122611188,RES1-1SNB,RES,0.75,S,1,1452.0,1623,195409.44670525473,97704.72335262736,98.25047,1979,X,2.83,,481576749001002,-95.771548055242,29.584576346987,0.0,s56,s56,0.0,0.0,1,1,0.0,0.0,9.76,11.44,0.0,1,0.0,0,0.0,0,0.0,0.0,0,0.0,0,,,
122639053,RES1-2SNB,RES,0.75,S,2,3223.0,2773,680948.8918799789,340474.44593998947,83.386215,2015,X,5.62,,481576755031010,-95.742560370199,29.515496293711,0.0,s57,s57,0.0,0.0,1,1,0.0,0.0,13.45,0.81,0.0,1,0.0,0,0.0,0,0.0,0.0,0,0.0,0,,,
122443536,RES1-2SNB,RES,0.75,S,2,3350.0,3143,789138.9939781143,394569.49698905717,71.30851,1987,X,5.38,,481576740011000,-95.627181278471,29.579059160152,1.0,s58,s58,0.0,0.0,1,1,0.0,0.0,23.451,5.91,0.0,1,0.0,0,0.0,0,0.0,0.0,0,0.0,0,,,
122639015,RES1-1SWB,RES,2.0,B,1,1963.0,2357,477546.5636700012,238773.2818350006,92.85903,2015,X,4.52,,481576755021049,-95.763358516433,29.529418361561,0.0,s59,s59,0.0,0.0,1,1,0.0,0.0,2.086,2.57,0.0,1,0.0,0,0.0,0,0.0,0.0,0,0.0,0,,,
122711126,RES1-2SNB,RES,0.75,S,2,2932.0,790,327247.2004278683,163623.60021393414,68.55587,1988,X,3.84,,481576740021003,-95.609244003893,29.592451644413,1.0,s60,s60,0.0,0.0,1,1,0.0,0.0,4.664,0.91,0.0,1,0.0,0,0.0,0,0.0,0.0,0,0.0,1,,,
122476405,RES1-1SNB,RES,0.75,S,1,2580.0,3448,604416.4044926902,302208.2022463451,84.265434,2010,AE,4.73,,481576734011019,-95.748229665435,29.592249361451,1.0,s61,s61,0.0,0.0,0,1,0.0,0.0,11.878,3.76,0.0,1,0.0,0,0.0,0,0.0,0.0,0,0.0,0,,,
122613484,RES1-1SNB,RES,2.0,C,1,952.0,962,161101.190634,80550.595317,79.599945,2013,X,3.38,,481576747022052,-95.756713028062,29.57609716261,1.0,s62,s62,0.0,0.0,1,1,0.0,0.0,7.787,0.06,0.0,1,0.0,0,0.0,0,0.0,0.0,0,0.0,0,,,
122488614,RES1-2SNB,RES,0.75,S,2,10544.0,9973,1845190.4716978879,922595.2358489439,90.88376,2010,X,5.57,,481576734013000,-95.793295111737,29.610421555974,0.0,s63,s63,0.0,0.0,0,1,0.0,0.0,10.445,14.07,0.0,1,0.0,0,0.0,0,0.0,0.0,0,0.0,0,,,
122551766,RES1-1SNB,RES,0.75,S,1,2236.0,2810,401461.45962408494,200730.72981204247,76.23564,1997,X,6.03,,481576738021004,-95.682537718976,29.593335742411,1.0,s64,s64,0.0,0.0,1,1,0.0,0.0,8.972,2.09,0.0,1,0.0,0,0.0,0,0.0,0.0,0,0.0,0,,,
122638806,RES1-1SNB,RES,0.75,S,1,1592.0,2036,419973.2885438815,209986.64427194075,82.69639,2015,X,0.2,,481576755031035,-95.736322529909,29.510897115539,0.0,s65,s65,0.0,0.0,1,1,0.0,0.0,14.791,1.43,0.0,1,0.0387,0,0.0,0,0.0,0.0,0,0.0,0,,,
122681384,RES1-2SNB,RES,0.75,S,2,2720.0,1464,319144.12826330226,159572.06413165113,65.980644,1984,X,6.35,,481576741001002,-95.605504826954,29.58644515233,1.0,s66,s66,0.0,0.0,1,1,0.0,0.0,11.618,0.48,0.0,1,0.0,0,0.0,0,0.0,0.0,0,0.0,0,,,
122490843,RES1-1SNB,RES,0.75,S,1,2086.0,2681,519207.287164581,259603.6435822905,92.21195,2010,X,4.99,,481576734013018,-95.80408034981,29.592220332379,0.0,s67,s67,0.0,0.0,1,1,0.0,0.0,8.542,2.61,0.0,1,0.0,0,0.0,0,0.0,0.0,0,0.0,0,,,
122568012,RES1-2SNB,RES,0.75,S,2,3641.0,2551,705870.0905627911,352935.04528139555,71.6967,2004,X,4.75,,481576746041007,-95.697593995098,29.555469947129,1.0,s68,s68,0.0,0.0,1,1,0.0,0.0,9.019,3.92,0.0,1,0.0,0,0.0,0,0.0,0.0,0,0.0,0,,,
122457835,RES1-1SNB,RES,0.75,S,1,2070.0,2504,588621.5202371207,294310.76011856034,82.741486,2015,X,4.8,,481576729012052,-95.686570790858,29.619363244048,0.0,s69,s69,0.0,0.0,1,1,0.0,0.0,10.486,2.14,0.0,1,0.0083,0,0.0,0,0.0,0.0,0,0.0,1,,,
122690151,RES1-2SNB,RES,0.75,S,2,2912.0,1949,322175.7231606541,161087.86158032704,66.85995,1988,X,3.76,,481576740021010,-95.608885736008,29.585339819932,1.0,s70,s70,0.0,0.0,1,1,0.0,0.0,2.818,1.51,0.0,1,0.0,0,0.0,0,0.0,0.0,0,0.0,0,,,
122552273,RES1-1SNB,RES,0.75,S,1,1470.0,1966,281832.88591866975,140916.44295933488,75.24989,1989,X,3.78,,481576746032001,-95.688289952712,29.545307232823,1.0,s71,s71,0.0,0.0,1,1,0.0,0.0,16.777,7.2,0.0,1,0.0,0,0.0,0,0.0,0.0,0,0.0,0,,,
122481319,RES1-1SNB,RES,0.75,S,1,1580.0,1998,483500.43993476743,241750.21996738372,88.90755,2012,X,3.76,,481576734042004,-95.76587762574,29.642112632976,0.0,s72,s72,0.0,0.0,0,1,0.0,0.0,13.295,0.93,0.0,1,0.0,0,0.0,0,0.0,0.0,0,0.0,0,,,
122608509,RES1-1SNB,RES,0.75,S,1,2999.0,3560,746834.3247643177,373417.16238215886,70.320915,2002,X,4.75,,481576746025006,-95.667587349385,29.544883078557,1.0,s73,s73,0.0,0.0,1,1,0.0,0.0,1.839,7.22,0.0,1,0.0,0,0.0,0,0.0,0.0,0,0.0,0,,,
122598308,COM1,COM,0.25,S,1,1038.0,1038,144042.15578137734,180052.69472672167,99.681526,1983,X,0.98,,481576750001003,-95.785107160065,29.565050142821,0.0,s74,s74,0.0,0.0,1,1,0.0,0.0,10.859,12.13,0.0,1,0.0,0,0.0,0,0.0,0.0,0,0.0,0,,,
122635502,RES1-2SNB,RES,2.0,C,2,8492.0,4246,1492255.6897621958,746127.8448810979,76.80373,2015,X,5.99,,481576755032013,-95.677464865324,29.516252618802,0.0,s75,s75,0.0,0.0,0,1,0.0,0.0,4.964,2.38,0.0,1,0.0,0,0.0,0,0.0,0.0,0,0.0,0,,,
122622579,RES1-1SNB,RES,0.75,S,1,2292.0,2193,396244.1266804155,198122.06334020774,86.108345,2015,X,2.58,,481576755022006,-95.712940143066,29.533905990915,0.0,s76,s76,0.0,0.0,1,1,0.0,0.0,6.19,0.64,0.0,1,0.0,0,0.0,0,0.0,0.0,0,0.0,0,,,
122474289,RES1-2SNB,RES,0.75,S,2,2982.0,1684,581572.7892892865,290786.39464464324,83.049385,1987,X,5.57,,481576736003012,-95.740414679676,29.614649617287,0.0,s77,s77,0.0,0.0,1,1,0.0,0.0,10.998,1.05,0.0,1,0.0,0,0.0,0,0.0,0.0,0,0.0,0,,,
122620899,RES1-1SNB,RES,0.75,S,1,1762.0,1762,308293.1430539235,154146.57152696175,87.364426,2015,X,4.64,,481576755024008,-95.745099092346,29.531218478043,0.0,s78,s78,0.0,0.0,0,1,0.0,0.0,1.601,1.63,0.0,1,0.0,0,0.0,0,0.0,0.0,0,0.0,0,,,
122704798,RES1-2SNB,RES,0.75,S,2,3531.0,2982,872998.9187663823,436499.45938319113,68.02265,2013,X,5.61,,481576744024017,-95.614694077057,29.547522587109,1.0,s79,s79,0.0,0.0,0,1,0.0,0.0,7.201,0.28,0.0,1,0.0,0,0.0,0,0.0,0.0,0,0.0,0,,,
122443684,RES1-2SNB,RES,0.75,S,2,2719.0,2236,681499.1990018862,340749.5995009431,66.40565,1987,X,5.79,,481576740011000,-95.617584996947,29.579725990772,1.0,s80,s80,0.0,0.0,1,1,0.0,0.0,16.289,4.68,0.0,1,0.0,0,0.0,0,0.0,0.0,0,0.0,0,,,
122510110,RES1-1SNB,RES,0.75,S,1,3995.0,5433,989667.2158305559,494833.60791527794,100.6537,2008,X,4.64,,481576733001029,-95.878491600806,29.666785752167,0.0,s81,s81,0.0,0.0,0,1,0.0,0.0,1.661,1.28,0.0,1,0.0,0,0.0,0,0.0,0.0,0,0.0,0,,,
122493453,RES1-1SNB,RES,2.0,C,1,900.0,919,98519.88300000002,49259.94150000001,98.73785,1987,AE,3.46,,481576753001117,-95.811733925469,29.550529948712,0.0,s82,s82,0.0,0.0,1,1,0.0,0.0,1.057,4.74,0.0,1,0.0,0,0.0,0,0.0,0.0,0,0.0,0,,,
122743594,RES1-1SNB,RES,2.0,C,1,1381.0,1500,235515.92690780625,117757.96345390312,82.64706,1994,X,0.0,,481576738013026,-95.750834888287,29.582148739728,1.0,s83,s83,0.0,0.0,1,1,0.0,0.0,10.394,17.1,0.0,1,0.0,0,0.0,0,0.0,0.0,0,0.0,0,,,
122529046,RES1-1SNB,RES,0.75,S,1,2901.0,3000,612949.40019512,306474.70009756,81.69827,1987,X,4.58,,481576736002018,-95.731979147392,29.616732603453,0.0,s84,s84,0.0,0.0,1,1,0.0,0.0,9.188,1.91,0.0,1,0.0,0,0.0,0,0.0,0.0,0,0.0,0,,,
122575760,RES1-2SNB,RES,0.75,S,2,3010.0,2305,741273.1845879984,370636.5922939992,74.75714,1996,X,4.46,,481576739031003,-95.668142889448,29.590613248179,1.0,s85,s85,0.0,0.0,1,1,0.0,0.0,13.397,2.49,0.0,1,0.0,0,0.0,0,0.0,0.0,0,0.0,0,,,
122743704,RES1-2SNB,RES,2.0,C,2,1352.0,1500,188613.96899999998,94306.98449999999,99.24247,1981,X,0.0,,481576751023003,-95.785944076461,29.549838107945,0.0,s86,s86,0.0,0.0,1,1,0.0,0.0,3.024,6.41,0.0,1,0.0,0,0.0,0,0.0,0.0,0,0.0,0,,,
122536376,RES1-2SNB,RES,0.75,S,2,3511.0,5282,867418.9995503661,433709.49977518304,90.95001,2012,X,5.4,,481576734043003,-95.777679648513,29.647425110196,0.0,s87,s87,0.0,0.0,1,1,0.0,0.0,7.183,2.56,0.0,1,0.0,0,0.0,0,0.0,0.0,0,0.0,0,,,
122553693,RES1-1SNB,RES,0.75,S,1,2359.0,2552,366367.5319774438,183183.7659887219,77.84383,2013,X,0.04,,481576747024043,-95.722851005374,29.561948869987,1.0,s88,s88,0.0,0.0,1,1,0.0,0.0,5.111,4.21,0.0,1,0.0,0,0.0,0,0.0,0.0,0,0.0,0,,,
122666742,RES1-2SNB,RES,0.75,S,2,4018.0,3459,956522.1593333338,478261.0796666669,71.48844,2013,X,5.71,,481576744022000,-95.609276531194,29.548351461313,0.0,s89,s89,0.0,0.0,1,1,0.0,0.0,7.627,2.19,0.0,1,0.0,0,0.0,0,0.0,0.0,0,0.0,0,,,
122468307,RES1-1SNB,RES,0.75,S,1,4100.0,3795,797272.1100885906,398636.0550442953,82.676834,2012,X,2.12,,481576735012015,-95.731810663212,29.634312631279,1.0,s90,s90,0.0,0.0,0,1,0.0,0.0,7.522,2.58,0.0,1,0.0,0,0.0,0,0.0,0.0,0,0.0,0,,,
122528370,RES1-2SNB,RES,0.75,S,2,2446.0,1317,500617.0984276261,250308.54921381304,82.06884,1987,X,4.92,,481576736001008,-95.723588840083,29.608924313988,0.0,s91,s91,0.0,0.0,1,1,0.0,0.0,9.331,8.73,0.0,1,0.0,0,0.0,0,0.0,0.0,0,0.0,0,,,
122481799,RES1-2SNB,RES,2.0,C,2,3052.0,1147,775777.5258682624,387888.7629341312,88.40133,2012,X,0.0,,481576734042004,-95.766878026792,29.645692796058,0.0,s92,s92,0.0,0.0,0,1,0.0,0.0,5.525,5.59,0.0,1,0.0,0,0.0,0,0.0,0.0,0,0.0,0,,,
122449300,RES1-1SNB,RES,0.75,S,1,2256.0,2609,616413.4308168975,308206.71540844877,70.36901,2002,X,6.14,,481576746024000,-95.660651189907,29.549102495054,1.0,s93,s93,0.0,0.0,1,1,0.0,0.0,5.179,10.98,0.0,1,0.0,0,0.0,0,0.0,0.0,0,0.0,0,,,
122571291,REL1,PUB,0.25,S,2,735.72,4353,132924.74670000002,86401.08535500002,102.6502,1979,X,5.45,,481576749003013,-95.778276346185,29.585301646585,0.0,s94,s94,0.0,0.0,1,1,0.0,0.0,33.351,30.55,0.0,1,0.0,0,0.0,0,0.0,0.0,0,0.0,0,,,
122668403,RES1-2SNB,RES,0.75,S,2,3448.0,1975,812002.7233751935,406001.3616875968,69.854614,1998,X,5.31,,481576744014016,-95.614926622057,29.562138836209,0.0,s95,s95,0.0,0.0,1,1,0.0,0.0,13.899,4.23,0.0,1,0.0,0,0.0,0,0.0,0.0,0,0.0,1,,,
122559212,RES1-2SNB,RES,0.75,S,2,4491.0,3611,853107.0406590761,426553.52032953803,92.41033,2010,X,5.1,,481576734014004,-95.798390311214,29.625142405745,0.0,s96,s96,0.0,0.0,0,1,0.0,0.0,2.662,3.53,0.0,1,0.0,0,0.0,0,0.0,0.0,0,0.0,0,,,
122623844,RES1-1SNB,RES,0.75,S,1,1653.0,2058,432887.93494373304,216443.96747186652,82.651596,2015,X,0.0,,481576755031034,-95.735530363254,29.50997446065,0.0,s97,s97,0.0,0.0,0,1,0.0,0.0,4.38,0.06,0.0,1,0.0,0,0.0,0,0.0,0.0,0,0.0,0,,,
122483843,RES1-1SNB,RES,2.0,C,1,1300.0,1206,151997.04825000002,75998.52412500001,101.27455,1979,X,5.14,,481576749004021,-95.773778512157,29.585713097377,0.0,s98,s98,0.0,0.0,1,1,0.0,0.0,11.289,14.68,0.0,1,0.0,0,0.0,0,0.0,0.0,0,0.0,0,,,
122526738,RES1-1SNB,RES,0.75,S,1,1650.0,2231,305300.2782841158,152650.1391420579,82.573494,1989,X,3.58,,481576746033000,-95.693915223487,29.544047389153,0.0,s99,s99,0.0,0.0,1,1,0.0,0.0,6.477,14.78,0.0,1,0.0,0,0.0,0,0.0,0.0,0,0.0,0,,,
122585314,RES1-1SNB,RES,0.75,S,1,2310.0,3051,555874.0506024902,277937.0253012451,87.8586,2010,X,4.81,,481576734011023,-95.754145457969,29.601679373021,0.0,s100,s100,0.0,0.0,1,1,0.0,0.0,34.524,19.73,0.0,1,0.0,0,0.0,0,0.0,0.0,0,0.0,1,,,
122443585,RES1-2SNB,RES,0.75,S,2,2380.0,2221,613498.9848501601,306749.49242508004,67.73947,1987,X,5.19,,481576740011000,-95.619680394284,29.581610167048,1.0,s101,s101,0.0,0.0,1,1,0.0,0.0,6.352,0.41,0.0,1,0.0,0,0.0,0,0.0,0.0,0,0.0,0,,,
122599367,RES1-2SNB,RES,0.75,S,2,6408.0,4914,1254816.0873404834,627408.0436702417,70.533295,1998,X,6.55,,481576744012000,-95.621205312163,29.562288133579,0.0,s102,s102,0.0,0.0,1,1,0.0,0.0,9.203,3.8,0.0,1,0.0,0,0.0,0,0.0,0.0,0,0.0,1,,,
122579855,RES1-1SNB,RES,0.75,S,1,1156.0,1588,166550.7337,83275.36685,98.39982,1981,X,1.91,,481576751022001,-95.787250961484,29.55194311919,0.0,s103,s103,0.0,0.0,1,1,0.0,0.0,3.009,3.86,0.0,1,0.0,0,0.0,0,0.0,0.0,0,0.0,0,,,
122600625,RES1-2SNB,RES,0.75,S,2,2562.0,2136,411297.9671767259,205648.98358836296,90.177666,2015,X,6.04,,481576755023011,-95.740468325479,29.540458134124,0.0,s104,s104,0.0,0.0,1,1,0.0068,0.0,9.418,0.5,0.0,1,0.0,0,0.0,0,0.0,0.0,0,0.0,1,,,
122608980,RES1-1SNB,RES,0.75,S,1,1499.0,1202,202505.94929999998,101252.97464999999,98.82821,1981,X,2.05,,481576751021009,-95.791106838936,29.55672026477,0.0,s105,s105,0.0,0.0,1,1,0.0,0.0,1.299,8.54,0.0,1,0.0,0,0.0,0,0.0,0.0,0,0.0,0,,,
122465935,RES1-2SNB,RES,0.75,S,2,2530.0,1485,556408.7423318332,278204.3711659166,81.459595,2004,X,5.09,,481576746042017,-95.707207473968,29.546831749603,0.0,s106,s106,0.0,0.0,1,1,0.0,0.0,19.743,9.89,0.0,1,0.0,0,0.0,0,0.0,0.0,0,0.0,0,,,
122482422,RES1-1SNB,RES,0.75,S,1,3114.0,4620,820946.4332313314,410473.2166156657,88.73987,2012,X,2.09,,481576734043009,-95.761918675484,29.647473084034,0.0,s107,s107,0.0,0.0,0,1,0.0,0.0,3.815,5.2,0.0,1,0.0,0,0.0,0,0.0,0.0,0,0.0,0,,,
122609650,RES1-1SNB,RES,0.75,S,1,1797.0,2450,334927.71283929754,167463.85641964877,79.725136,1989,X,4.23,,481576746032012,-95.686122160737,29.539075463736,0.0,s108,s108,0.0,0.0,1,1,0.0,0.0,5.957,2.86,0.0,1,0.0,0,0.0,0,0.0,0.0,0,0.0,0,,,
122623849,RES1-1SNB,RES,0.75,S,1,2081.0,2511,522117.029179449,261058.5145897245,82.05402,2015,X,0.42,,481576755031034,-95.736250290773,29.508671144006,0.0,s109,s109,0.0,0.0,0,1,0.0,0.0,2.67,1.49,0.0,1,0.0,0,0.0,0,0.0,0.0,0,0.0,0,,,
122551946,RES1-1SNB,RES,0.75,S,1,2632.0,3310,664969.3392313896,332484.6696156948,73.79908,1988,X,4.4,,481576746012015,-95.683951734607,29.553099707335,1.0,s110,s110,0.0,0.0,1,1,0.0,0.0,11.972,1.04,0.0,1,0.0,0,0.0,0,0.0,0.0,0,0.0,0,,,
122473662,RES1-1SNB,RES,0.75,S,1,2620.0,3115,392808.5620897064,196404.2810448532,77.89283,2013,X,0.22,,481576747024011,-95.735102805038,29.569586039516,1.0,s111,s111,0.0,0.0,0,1,0.0,0.0,10.568,2.35,0.0,1,0.0,0,0.0,0,0.0,0.0,0,0.0,0,,,
122623920,RES1-1SNB,RES,0.75,S,1,2723.0,3094,640808.7751321293,320404.38756606466,82.06622,2015,X,0.22,,481576755031034,-95.735648057773,29.511969550422,1.0,s112,s112,0.0,0.0,0,1,0.0,0.0,14.802,0.91,0.0,1,0.0,0,0.0,0,0.0,0.0,0,0.0,0,,,
122470604,RES1-1SNB,RES,0.75,S,1,2083.0,2718,482196.2799998161,241098.13999990805,82.040375,1992,X,3.92,,481576735023006,-95.726860495611,29.625108395863,0.0,s113,s113,0.0,0.0,1,1,0.0,0.0,12.792,6.34,0.0,1,0.0,0,0.0,0,0.0,0.0,0,0.0,0,,,
122446553,RES1-2SNB,RES,0.75,S,2,3826.0,2988,910070.9685535374,455035.4842767687,72.69545,2009,X,7.07,,481576739023001,-95.644604421177,29.6043008256,0.0,s114,s114,0.0,0.0,1,1,0.0,0.0,14.171,0.78,0.0,1,0.0,0,0.0,0,0.0,0.0,0,0.0,0,,,
122548632,RES1-2SNB,RES,0.75,S,2,4065.0,2776,937495.9405668743,468747.9702834372,71.74121,1998,X,5.66,,481576744012004,-95.63671727074,29.563276320983,0.0,s115,s115,0.0,0.0,1,1,0.0,0.0,28.405,3.28,0.0,1,0.0,0,0.0,0,0.0,0.0,0,0.0,1,,,
122557200,RES1-2SNB,RES,0.75,S,2,2237.0,1865,227250.79447602856,113625.39723801428,98.430695,2008,X,4.88,,481576751012009,-95.770052620784,29.555538723339,0.0,s116,s116,0.0,0.0,1,1,0.0,0.0,5.16,0.0,0.0,1,0.0,0,0.0,0,0.0,0.0,0,0.0,0,,,
122527782,RES1-2SNB,RES,0.75,S,2,3831.0,2369,732746.6507532847,366373.32537664234,75.205185,2004,X,5.44,,481576746042001,-95.707869172211,29.552401937372,1.0,s117,s117,0.0,0.0,1,1,0.0,0.0,13.216,7.9,0.0,1,0.0,0,0.0,0,0.0,0.0,0,0.0,0,,,
122619049,EDU1,PUB,0.25,S,1,1228.09,4503,293959.1510852252,191073.44820539642,84.72752,2010,AE,3.29,,481576734011002,-95.744172339674,29.615601828189,0.0,s118,s118,0.0,0.0,1,1,0.0,0.0,26.947,0.74,0.0,1,0.0,0,0.0,0,0.0,0.0,0,0.0,0,,,
122487902,RES1-1SNB,RES,2.0,C,1,1320.0,1321,329234.26550283347,164617.13275141674,85.21447,2010,AE,3.24,,481576734013007,-95.806572689643,29.571328690779,1.0,s119,s119,0.0,0.0,0,1,0.1716,0.0,23.542,1.59,0.0,1,0.0,0,0.0,0,0.0,0.0,0,0.0,0,,,
122492949,RES1-1SNB,RES,0.75,S,1,3380.0,4432,815108.243528037,407554.1217640185,94.62177,2012,A,2.92,,481576734044028,-95.802657177065,29.640435091043,0.0,s120,s120,0.0,0.0,1,1,0.0,0.0,13.359,3.64,0.0,1,0.0,0,0.0,0,0.0,0.0,0,0.0,0,,,
122540268,RES1-2SNB,RES,0.75,S,2,2700.0,1642,637707.0694258724,318853.5347129362,91.33629,2010,X,0.0,,481576734013001,-95.807938334843,29.602528334921,0.0,s121,s121,0.0,0.0,0,1,0.0,0.0,7.672,2.66,0.0,1,0.0,0,0.0,0,0.0,0.0,0,0.0,0,,,
122473832,RES1-1SNB,RES,0.75,S,1,2629.0,3305,409984.97030241176,204992.48515120588,74.872955,2013,X,0.0,,481576747024011,-95.74756878375,29.56335921926,1.0,s122,s122,0.0,0.0,0,1,0.0,0.0,2.292,0.46,0.0,1,0.0,0,0.0,0,0.0,0.0,0,0.0,0,,,
122483423,EDU1,PUB,0.25,S,1,1098.0,1098,218782.68525,142208.74541250002,89.45907,1979,X,3.21,,481576749004008,-95.77062087583,29.586054011921,0.0,s123,s123,0.0,0.0,1,1,0.0,0.0,2.857,5.17,0.0,1,0.0,0,0.0,0,0.0,0.0,0,0.0,0,,,
122554349,RES1-2SNB,RES,0.75,S,2,1386.0,1514,322767.9454417709,161383.97272088545,82.18565,1987,X,4.38,,481576736003016,-95.735737077759,29.610999561973,0.0,s124,s124,0.0,0.0,1,1,0.0,0.0,2.245,6.54,0.0,1,0.0,0,0.0,0,0.0,0.0,0,0.0,0,,,
122450776,RES1-2SNB,RES,0.75,S,2,4336.0,3556,986463.4212414848,493231.7106207424,69.21097,2002,X,5.46,,481576746022008,-95.659384468943,29.555878084408,1.0,s125,s125,0.0,0.0,1,1,0.0,0.0,14.092,11.22,0.0,1,0.0,0,0.0,0,0.0,0.0,0,0.0,0,,,
122513859,RES1-1SNB,RES,0.75,S,1,3454.0,2978,855576.4535639537,427788.2267819769,106.56706,2008,X,4.49,,481576733001014,-95.892309974868,29.677302145757,0.0,s126,s126,0.0,0.0,1,1,0.0,0.0,29.356,0.81,0.0,1,0.0,0,0.0,0,0.0,0.0,0,0.0,0,,,
122557364,RES3C,RES,2.0,C,1,4431.0,4431,480335.3114,168117.35898999998,98.14592,1978,X,4.49,,481576748001010,-95.77184281186,29.571107388232,0.0,s127,s127,0.0,0.0,1,1,0.0,0.0,4.219,8.41,0.0,1,0.0,0,0.0,0,0.0,0.0,0,0.0,0,,,
122526038,RES1-1SNB,RES,0.75,S,1,1993.0,2202,370268.24612494855,185134.12306247427,76.80909,1997,X,4.69,,481576738021012,-95.68850019569,29.597426673708,1.0,s128,s128,0.0,0.0,1,1,0.0,0.0,3.869,4.63,0.0,1,0.0,0,0.0,0,0.0,0.0,0,0.0,0,,,
122666833,RES1-2SNB,RES,0.75,S,2,4516.0,3842,1039811.0346100095,519905.51730500476,66.63605,2013,X,6.22,,481576744022000,-95.600780056658,29.550485924859,1.0,s129,s129,0.0,0.0,0,1,0.0,0.0,5.344,1.71,0.0,1,0.0,0,0.0,0,0.0,0.0,0,0.0,0,,,
122549570,RES1-1SNB,RES,0.75,S,1,3275.0,2928,804801.0540299095,402400.5270149548,75.91142,2009,X,5.25,,481576739023025,-95.659793532129,29.600841612202,0.0,s130,s130,0.0,0.0,1,1,0.0,0.0,3.327,5.02,0.0,1,0.0,0,0.0,0,0.0,0.0,0,0.0,0,,,
122682800,RES1-2SNB,RES,0.75,S,2,4125.0,3595,912030.7947633174,456015.3973816587,69.27071,1987,X,5.74,,481576740011019,-95.620855428168,29.576528078971,1.0,s131,s131,0.0,0.0,1,1,0.0,0.0,5.712,2.38,0.0,1,0.0,0,0.0,0,0.0,0.0,0,0.0,0,,,
122443672,RES1-2SNB,RES,0.75,S,2,5059.0,2610,1065294.1365590617,532647.0682795309,67.90992,1987,X,6.64,,481576740011000,-95.617409131399,29.577511010575,1.0,s132,s132,0.0,0.0,0,1,0.0,0.0,13.597,5.44,0.0,1,0.0,0,0.0,0,0.0,0.0,0,0.0,0,,,
122552446,RES1-1SNB,RES,0.75,S,1,1210.0,1755,235209.9299534952,117604.9649767476,77.12578,1989,X,3.47,,481576746032003,-95.68693009674,29.543548023285,0.0,s133,s133,0.0,0.0,1,1,0.0,0.0,19.331,8.58,0.0,1,0.0,0,0.0,0,0.0,0.0,0,0.0,0,,,
122457627,RES1-1SNB,RES,0.75,S,1,2566.0,2800,684869.3314054764,342434.6657027382,83.629486,2015,X,4.82,,481576729012052,-95.684937455329,29.627054125984,0.0,s134,s134,0.0,0.0,1,1,0.0,0.0,8.457,8.0,0.0,1,0.0,0,0.0,0,0.0,0.0,0,0.0,0,,,
122463118,RES1-1SNB,RES,0.75,S,1,3312.0,3107,638891.0571427777,319445.52857138886,83.243546,2004,X,3.0,,481576746041011,-95.704318421546,29.546595429073,0.0,s135,s135,0.0,0.0,1,1,0.0,0.0,4.91,4.62,0.0,1,0.0,0,0.0,0,0.0,0.0,0,0.0,0,,,
122600795,RES1-1SNB,RES,0.75,S,1,2264.0,2592,315593.985504,157796.992752,75.65894,2013,X,4.12,,481576747023033,-95.751448676407,29.566638795665,1.0,s136,s136,0.0,0.0,1,1,0.0,0.0,9.508,0.03,0.0,1,0.0,0,0.0,0,0.0,0.0,0,0.0,0,,,
122623158,RES1-2SNB,RES,0.75,S,2,3006.0,3290,444156.5071535036,222078.2535767518,83.209694,2015,X,5.02,,481576755022017,-95.719555248231,29.516974822009,0.0,s137,s137,0.0,0.0,1,1,0.0,0.0,8.498,2.92,0.0,1,0.0,0,0.0,0,0.0,0.0,0,0.0,1,,,
122450926,RES1-2SNB,RES,0.75,S,2,3526.0,3212,832528.8217490728,416264.4108745364,73.88449,1996,X,5.7,,481576739032002,-95.662605165492,29.582044835638,1.0,s138,s138,0.0,0.0,1,1,0.0,0.0,11.585,3.39,0.0,1,0.0,0,0.0,0,0.0,0.0,0,0.0,0,,,
122527658,RES1-1SNB,RES,0.75,S,1,1932.0,2524,460720.9454147247,230360.47270736235,81.007545,2004,X,5.17,,481576746041014,-95.705629502289,29.539310268214,0.0,s139,s139,0.0,0.0,1,1,0.0,0.0,9.437,0.04,0.0,1,0.0,0,0.0,0,0.0,0.0,0,0.0,0,,,
122609623,RES1-1SNB,RES,2.0,C,1,1216.0,1080,249341.97068644274,124670.98534322137,74.3676,1997,X,1.81,,481576738021016,-95.687377765461,29.592893295433,1.0,s140,s140,0.0,0.0,1,1,0.0,0.0,3.7,2.94,0.0,1,0.0,0,0.0,0,0.0,0.0,0,0.0,0,,,
122549946,RES1-1SNB,RES,0.75,S,1,2308.0,2873,628996.7285951982,314498.3642975991,73.09992,2009,X,4.51,,481576739022022,-95.659003240648,29.584472659975,0.0,s141,s141,0.0,0.0,1,1,0.0,0.0,9.298,4.32,0.0,1,0.0,0,0.0,0,0.0,0.0,0,0.0,0,,,
122616915,RES3A,RES,0.5,S,2,8611.43,11645,862920.4869784727,302022.1704424654,100.3779,1981,X,5.64,,481576752002068,-95.79545613883,29.553146016725,0.0,s142,s142,0.0,0.0,0,1,0.0,0.0,2.054,6.38,0.0,1,0.0,0,0.0,0,0.0,0.0,0,0.0,0,,,
122606336,RES1-2SNB,RES,0.75,S,2,2739.0,2264,686154.11326021,343077.056630105,72.109474,1988,X,3.92,,481576746012007,-95.692208200276,29.552255826909,1.0,s143,s143,0.0,0.0,1,1,0.0,0.0,2.726,5.46,0.0,1,0.0,0,0.0,0,0.0,0.0,0,0.0,0,,,
122625098,RES1-1SNB,RES,0.75,S,1,1860.0,2326,357993.7953056118,178996.8976528059,86.2226,2015,X,0.05,,481576755024011,-95.747709025098,29.525331671343,0.0,s144,s144,0.0,0.0,0,1,0.0,0.0,3.753,3.28,0.0,1,0.0,0,0.0,0,0.0,0.0,0,0.0,0,,,
122596909,RES1-2SNB,RES,0.75,S,2,3941.0,2313,913026.753572317,456513.3767861585,70.083534,2002,X,6.58,,481576746022015,-95.663463405326,29.554907603659,1.0,s145,s145,0.0,0.0,1,1,0.0,0.0,3.091,4.65,0.0,1,0.0,0,0.0,0,0.0,0.0,0,0.0,0,,,
122454078,RES1-2SNB,RES,0.75,S,2,3794.0,2355,878564.4564942183,439282.22824710916,71.910355,2003,X,5.97,,481576747012005,-95.675717787872,29.571049096039,1.0,s146,s146,0.0,0.0,1,1,0.0,0.0,14.694,5.8,0.0,1,0.0,0,0.0,0,0.0,0.0,0,0.0,0,,,
122463114,COM8,COM,0.25,S,1,4196.0,12588,896060.2630763026,1030469.3025377479,76.98552,2004,X,4.35,,481576746041011,-95.697920508537,29.548096469823,1.0,s147,s147,0.0,0.0,1,1,0.0,0.0,15.588,8.57,0.0,1,0.0,0,0.0,0,0.0,0.0,0,0.0,0,,,
122689885,RES1-2SNB,RES,0.75,S,2,3680.0,5215,904214.7139759641,452107.35698798206,68.77637,2013,X,5.27,,481576744023000,-95.604264384356,29.54269190203,1.0,s148,s148,0.0,0.0,1,1,0.005,0.0,5.161,4.17,0.0,1,0.0,0,0.0,0,0.0,0.0,0,0.0,0,,,
122492905,RES1-2SNB,RES,0.75,S,2,3521.0,1612,808965.4819378922,404482.7409689461,96.413864,2012,X,5.96,,481576734044028,-95.797809360974,29.642160331722,0.0,s149,s149,0.0,0.0,0,1,0.0,0.0,16.423,3.37,0.0,1,0.0,0,0.0,0,0.0,0.0,0,0.0,0,,,
122530681,RES1-2SNB,RES,0.75,S,2,2352.0,1805,534472.2759911366,267236.1379955683,86.27264,1992,X,6.07,,481576735022005,-95.736747523223,29.637735721844,0.0,s150,s150,0.0,0.0,1,1,0.0,0.0,9.026,4.72,0.0,1,0.0,0,0.0,0,0.0,0.0,0,0.0,0,,,
122582027,RES1-2SNB,RES,0.75,S,2,3498.0,2236,817926.485299645,408963.2426498225,70.53339,1993,X,5.69,,481576742002002,-95.635596363125,29.565539564744,1.0,s151,s151,0.0,0.0,1,1,0.0,0.0,25.562,5.62,0.0,1,0.0,0,0.0,0,0.0,0.0,0,0.0,0,,,
122731190,RES1-1SNB,RES,2.0,C,1,467.0,467,146167.41940685225,73083.70970342612,66.248604,2002,AE,0.55,,481576746023007,-95.611911386812,29.521809683702,1.0,s152,s152,0.0,0.0,0,1,0.0,0.0,2.077,5.8,0.0,1,0.0,0,0.0,0,0.0,0.0,0,0.0,0,,,
122525945,RES1-2SNB,RES,0.75,S,2,2465.0,1426,634915.7676021651,317457.88380108256,72.170395,1988,X,4.75,,481576746012019,-95.68913037494,29.552097792312,1.0,s153,s153,0.0,0.0,1,1,0.0,0.0,3.099,2.96,0.0,1,0.0,0,0.0,0,0.0,0.0,0,0.0,0,,,
122482362,RES1-1SNB,RES,0.75,S,1,2903.0,2237,290306.7634280007,145153.38171400034,96.75549,2008,X,4.92,,481576751013015,-95.764680930738,29.546912639399,0.0,s154,s154,0.0,0.0,1,1,0.0,0.0,1.886,1.57,0.0,1,0.0,0,0.0,0,0.0,0.0,0,0.0,0,,,
122487851,RES1-1SNB,RES,0.75,S,1,2184.0,1835,561312.6375046286,280656.3187523143,88.34822,2010,X,4.19,,481576734013007,-95.807443629064,29.589199393901,0.0,s155,s155,0.0,0.0,1,1,0.0,0.0,1.834,4.44,0.0,1,0.0,0,0.0,0,0.0,0.0,0,0.0,0,,,
122612973,RES1-1SNB,RES,0.75,S,1,3825.0,2425,436905.15111000004,218452.57555500002,88.96792,2013,X,7.14,,481576747022021,-95.765960988769,29.578758119739,0.0,s156,s156,0.0,0.0,1,1,0.0,0.0,5.733,9.63,0.0,1,0.0,0,0.0,0,0.0,0.0,0,0.0,0,,,
122485692,RES1-1SNB,RES,0.75,S,1,1657.0,2234,176679.05582745041,88339.52791372521,100.02626,1983,X,4.63,,481576750002001,-95.782436282388,29.572607467209,0.0,s157,s157,0.0,0.0,1,1,0.0,0.0,17.17,25.5,0.0,1,0.0,0,0.0,0,0.0,0.0,0,0.0,0,,,
122594795,RES1-1SNB,RES,2.0,C,1,888.0,1134,109551.65610000002,54775.82805000001,86.90337,1979,X,2.77,,481576749001015,-95.767795269573,29.581913270711,0.0,s158,s158,0.0,0.0,1,1,0.0,0.0,11.436,6.7,0.0,1,0.0,0,0.0,0,0.0,0.0,0,0.0,0,,,
122589050,RES1-1SNB,RES,0.75,S,1,1650.0,2681,305949.0420024187,152974.52100120936,81.60094,1989,X,2.91,,481576746033002,-95.690938959604,29.543916379871,0.0,s159,s159,0.0,0.0,1,1,0.0,0.0,12.651,13.51,0.0,1,0.0,0,0.0,0,0.0,0.0,0,0.0,0,,,
122474955,RES1-2SNB,RES,0.75,S,2,3990.0,2310,775763.6521757308,387881.8260878654,83.51579,1992,X,5.3,,481576735022007,-95.740767928181,29.630717992775,0.0,s160,s160,0.0,0.0,1,1,0.0,0.0,2.872,4.12,0.0,1,0.0,0,0.0,0,0.0,0.0,0,0.0,0,,,
122524038,RES1-2SNB,RES,0.75,S,2,2701.0,3462,722978.271143908,361489.135571954,79.222305,2002,X,5.35,,481576746023026,-95.675449542883,29.534466435575,0.0,s161,s161,0.0,0.0,1,1,0.0,0.0,2.253,4.17,0.0,1,0.0,0,0.0,0,0.0,0.0,0,0.0,0,,,
122484397,RES1-2SNB,RES,0.75,S,2,2502.0,2218,226965.27213569725,113482.63606784862,98.50069,2008,X,4.73,,481576751011001,-95.774821801279,29.55437264062,0.0,s162,s162,0.0,0.0,1,1,0.0,0.0,3.119,1.3,0.0,1,0.0,0,0.0,0,0.0,0.0,0,0.0,0,,,
122531349,RES1-1SNB,RES,0.75,S,1,2062.0,2453,443690.5333318976,221845.2666659488,81.38927,1987,X,5.2,,481576736004003,-95.738443581354,29.623651713481,0.0,s163,s163,0.0,0.0,1,1,0.0,0.0,12.765,3.76,0.0,1,0.0,0,0.0,0,0.0,0.0,0,0.0,0,,,
122473152,RES1-1SNB,RES,0.75,S,1,2388.0,2815,377957.5145872431,188978.75729362154,78.9958,2013,X,0.0,,481576747024011,-95.744202987834,29.570764160032,1.0,s164,s164,0.0,0.0,0,1,0.0,0.0,12.903,5.56,0.0,1,0.0,0,0.0,0,0.0,0.0,0,0.0,0,,,
122454589,RES1-2SNB,RES,0.75,S,2,3663.0,2993,574804.3234221399,287402.16171106993,79.79395,2005,X,5.94,,481576728021000,-95.678279696478,29.609556304179,0.0,s165,s165,0.0,0.0,1,1,0.0,0.0,6.876,1.9,0.0,1,0.0,0,0.0,0,0.0,0.0,0,0.0,0,,,
122666597,RES1-2SNB,RES,0.75,S,2,5294.0,6338,1108857.1733117609,554428.5866558804,66.74585,2013,X,5.21,,481576744022000,-95.600021733731,29.556384396456,1.0,s166,s166,0.0,0.0,0,1,0.0,0.0,5.466,3.5,0.0,1,0.0,0,0.0,0,0.0,0.0,0,0.0,0,,,
122552205,RES1-2SNB,RES,0.75,S,2,2837.0,2019,736994.9820643762,368497.4910321881,83.367676,2015,X,6.28,,481576729012058,-95.685547938582,29.621432809889,0.0,s167,s167,0.0,0.0,1,1,0.0,0.0,11.486,9.19,0.0,1,0.0,0,0.0,0,0.0,0.0,0,0.0,1,,,
122444881,GOV1,PUB,0.25,S,1,2097.0,2097,374419.06965216313,262093.34875651417,68.653984,2009,X,0.86,,481576739021009,-95.629991454886,29.594016972962,1.0,s168,s168,0.0,0.0,1,1,0.0,0.0,3.414,3.06,0.0,1,0.0,0,0.0,0,0.0,0.0,0,0.0,0,,,
122599772,RES1-2SNB,RES,0.75,S,2,2356.0,1994,628978.8945075901,314489.44725379505,71.95569,2002,X,5.83,,481576746022007,-95.666318029506,29.555975183064,1.0,s169,s169,0.0,0.0,1,1,0.0,0.0,5.182,1.94,0.0,1,0.0,0,0.0,0,0.0,0.0,0,0.0,0,,,
122635430,RES1-1SNB,RES,0.75,S,1,3755.0,5208,740483.4501094861,370241.72505474306,75.21468,2015,X,4.56,,481576755032013,-95.670683103775,29.513576343436,0.0,s170,s170,0.0,0.0,0,1,0.0,0.0,3.925,8.78,0.0,1,0.0,0,0.0,0,0.0,0.0,0,0.0,1,,,
122461175,RES3C,RES,0.5,S,2,17530.0,8765,2659952.1139356154,930983.2398774653,76.33419,2013,X,5.9,,481576747021019,-95.694611237757,29.562876716727,1.0,s171,s171,0.0,0.0,1,1,0.0,0.0,3.828,0.43,0.0,1,0.0,0,0.0,0,0.0,0.0,0,0.0,0,,,
122552560,RES1-1SNB,RES,0.75,S,1,3199.0,3863,789487.63933796,394743.81966898,84.08822,2015,X,4.12,,481576729012053,-95.688003860174,29.626834123402,0.0,s172,s172,0.0,0.0,1,1,0.0,0.0,8.543,18.21,0.0,1,0.0,0,0.0,0,0.0,0.0,0,0.0,0,,,
122615607,RES1-1SNB,RES,0.75,S,1,875.0,1355,82318.87754999999,41159.438774999995,99.539055,1981,X,4.87,,481576752002021,-95.796418206106,29.556967216895,0.0,s173,s173,0.0,0.0,1,1,0.0,0.0,4.796,9.55,0.0,1,0.0,0,0.0,0,0.0,0.0,0,0.0,0,,,
122511595,RES1-1SNB,RES,0.75,S,1,6144.0,5425,1320306.8082434924,660153.4041217462,104.68976,2008,X,4.6,,481576733001007,-95.883054210998,29.678034342851,0.0,s174,s174,0.0,0.0,0,1,0.0,0.0,7.112,13.34,0.0,1,0.0,0,0.0,0,0.0,0.0,0,0.0,0,,,
122690710,RES1-2SNB,RES,0.75,S,2,4457.0,4096,1007268.0358389086,503634.0179194543,70.65232,1998,X,5.32,,481576744013001,-95.622184942696,29.558890556973,0.0,s175,s175,0.0,0.0,1,1,0.0,0.0,9.325,1.21,0.0,1,0.0,0,0.0,0,0.0,0.0,0,0.0,1,,,
122484342,RES1-1SNB,RES,0.75,S,1,1878.0,2659,196916.7293744878,98458.3646872439,98.68885,2008,X,3.79,,481576751011001,-95.777919893611,29.551914970892,0.0,s176,s176,0.0,0.0,1,1,0.0,0.0,4.733,3.77,0.0,1,0.0,0,0.0,0,0.0,0.0,0,0.0,0,,,
122521390,RES1-2SNB,RES,0.75,S,2,3398.0,2357,824618.5945564786,412309.2972782393,70.89352,2009,X,6.04,,481576739022026,-95.65813395145,29.578937275245,0.0,s177,s177,0.0,0.0,1,1,0.0,0.0,7.509,0.09,0.0,1,0.0,0,0.0,0,0.0,0.0,0,0.0,0,,,
122477515,RES1-1SNB,RES,0.75,S,1,1950.0,2628,320259.2824872847,160129.64124364234,78.036224,2013,X,4.31,,481576747024015,-95.748273797832,29.559983644094,1.0,s178,s178,0.0,0.0,1,1,0.0,0.0,8.049,0.75,0.0,1,0.0,0,0.0,0,0.0,0.0,0,0.0,0,,,
122531151,RES1-1SNB,RES,0.75,S,1,2772.0,3530,400700.1582083187,200350.07910415935,78.522156,2013,X,3.28,,481576747024029,-95.737371700992,29.558170070211,1.0,s179,s179,0.0,0.0,1,1,0.1405,0.0,6.267,0.45,0.0,1,0.0,0,0.0,0,0.0,0.0,0,0.0,0,,,
122625625,RES1-1SNB,RES,0.75,S,1,1286.0,1979,270752.495829791,135376.2479148955,86.144775,2015,X,0.91,,481576755024011,-95.749959482529,29.526180150082,0.0,s180,s180,0.0,0.0,0,1,0.0,0.0,1.712,3.21,0.0,1,0.0,0,0.0,0,0.0,0.0,0,0.0,0,,,
122493459,RES1-1SNB,RES,5.25,P,1,1319.0,1779,134080.94420000003,67040.47210000001,101.06465,1987,X,4.83,,481576753001052,-95.812880484814,29.554766518272,0.0,s181,s181,0.0,0.0,1,1,0.0,0.0,1.959,3.98,0.0,1,0.0,0,0.0,0,0.0,0.0,0,0.0,0,,,
122522896,RES1-2SNB,RES,0.75,S,2,3581.0,2803,847513.318383458,423756.659191729,73.61158,1996,X,6.42,,481576739031004,-95.6698497497,29.586831751507,1.0,s182,s182,0.0,0.0,1,1,0.0,0.0,4.727,0.04,0.0,1,0.0,0,0.0,0,0.0,0.0,0,0.0,1,,,
122598314,COM1,COM,0.25,S,1,962.0,962,133588.01751665672,166985.02189582092,99.54921,1983,X,3.17,,481576750001003,-95.785238635562,29.56526740615,0.0,s183,s183,0.0,0.0,1,1,0.0,0.0,11.899,12.08,0.0,1,0.0,0,0.0,0,0.0,0.0,0,0.0,0,,,
122534093,COM1,COM,0.25,S,1,1973.0,1973,350947.88619369466,438684.8577421183,88.66067,2013,X,0.03,,481576747024054,-95.755101470391,29.562278168227,0.0,s184,s184,0.0,0.0,0,1,0.0,0.0,15.013,11.78,0.0,1,0.0,0,0.0,0,0.0,0.0,0,0.0,0,,,
122622862,RES1-1SNB,RES,0.75,S,1,2092.0,2696,379354.65029191383,189677.32514595691,85.29671,2015,X,0.0,,481576755022017,-95.730434211851,29.522379414717,0.0,s185,s185,0.0,0.0,0,1,0.0,0.0,9.931,3.46,0.0,1,0.0,0,0.0,0,0.0,0.0,0,0.0,0,,,
122532981,COM8,COM,0.25,S,2,28628.0,14314,5700639.389675709,6555735.298127065,91.98699,2015,X,6.24,,481576755021037,-95.745947309799,29.541149835231,0.0,s186,s186,0.0,0.0,1,1,0.0,0.0,16.688,2.87,0.0,1,0.0012,0,0.0,0,0.0,0.0,0,0.0,0,,,
122566753,RES1-1SNB,RES,0.75,S,1,1850.0,2682,519131.8660121464,259565.9330060732,76.380806,2002,X,5.31,,481576746021006,-95.681054517113,29.545142291207,0.0,s187,s187,0.0,0.0,1,1,0.0,0.0,18.27,4.64,0.0,1,0.0,0,0.0,0,0.0,0.0,0,0.0,0,,,
122514378,RES1-1SNB,RES,0.75,S,1,3537.0,3228,911850.2516963396,455925.1258481698,102.598526,2008,X,4.98,,481576733002000,-95.898724544993,29.676378054958,1.0,s188,s188,0.0,0.0,0,1,0.0,0.0,8.581,2.28,0.0,1,0.0,0,0.0,0,0.0,0.0,0,0.0,0,,,
122472061,RES1-1SNB,RES,0.75,S,1,2573.0,2520,418796.19555624865,209398.09777812433,90.617004,2015,X,4.8,,481576755023002,-95.73469465397,29.539955060878,0.0,s189,s189,0.0,0.0,1,1,0.0,0.0,12.979,0.73,0.0,1,0.0,0,0.0,0,0.0,0.0,0,0.0,0,,,
122472992,RES1-2SNB,RES,0.75,S,2,2427.0,2511,390622.812408948,195311.406204474,75.402664,2013,X,0.0,,481576747024011,-95.744285011513,29.564049004008,1.0,s190,s190,0.0,0.0,0,1,0.0,0.0,9.563,3.4,0.0,1,0.0,0,0.0,0,0.0,0.0,0,0.0,0,,,
122623230,RES1-2SNB,RES,0.75,S,2,2716.0,3113,436543.3033229447,218271.65166147234,83.35762,2015,X,5.69,,481576755022017,-95.722706694996,29.52287921017,0.0,s191,s191,0.0,0.0,1,1,0.0,0.0,17.564,0.94,0.0,1,0.0,0,0.0,0,0.0,0.0,0,0.0,0,,,
122480455,RES1-2SNB,RES,0.75,S,2,2640.0,3153,284129.14978618454,142064.57489309227,95.86187,2008,X,0.0,,481576751013001,-95.757733715331,29.553750483697,0.0,s192,s192,0.0,0.0,0,1,0.0,0.0,13.268,9.9,0.0,1,0.0,0,0.0,0,0.0,0.0,0,0.0,0,,,
122627661,RES1-1SNB,RES,0.75,S,1,1422.0,1842,299655.61971241666,149827.80985620833,89.584114,2015,X,1.4,,481576755021018,-95.758570026021,29.526631903366,0.0,s193,s193,0.0,0.0,0,1,0.0,0.0,7.666,1.8,0.0,1,0.0,0,0.0,0,0.0,0.0,0,0.0,0,,,
122529754,RES1-1SNB,RES,0.75,S,1,2713.0,3060,537559.3945705512,268779.6972852756,81.033554,1987,X,6.8,,481576736004005,-95.730101688928,29.620265810854,0.0,s194,s194,0.0,0.0,1,1,0.0,0.0,4.024,9.47,0.0,1,0.0,0,0.0,0,0.0,0.0,0,0.0,0,,,
122609576,RES1-1SNB,RES,2.0,C,1,1803.0,1809,346307.05929493485,173153.52964746743,75.07365,1997,X,4.1,,481576738021016,-95.687483365687,29.594697249909,1.0,s195,s195,0.0,0.0,0,1,0.0,0.0,3.883,3.29,0.0,1,0.0,0,0.0,0,0.0,0.0,0,0.0,0,,,
122536404,RES1-2SNB,RES,0.75,S,2,1980.0,2003,532339.3344390461,266169.66721952305,89.9226,2012,X,3.33,,481576734043003,-95.765261153617,29.651000249706,0.0,s196,s196,0.0,0.0,0,1,0.0,0.0,9.465,1.87,0.0,1,0.0,0,0.0,0,0.0,0.0,0,0.0,0,,,
122480437,RES1-1SNB,RES,0.75,S,1,2867.0,2657,304643.169235646,152321.584617823,96.15532,2008,X,4.2,,481576751013001,-95.757292149471,29.554562017815,0.0,s197,s197,0.0,0.0,0,1,0.0,0.0,15.733,5.31,0.0,1,0.0,0,0.0,0,0.0,0.0,0,0.0,0,,,
122681707,RES1-1SNB,RES,0.75,S,1,3872.0,3880,953220.5501637396,476610.2750818698,66.95322,2013,X,0.01,,481576744023004,-95.611148857443,29.539184289722,0.0,s198,s198,0.0,0.0,0,1,0.0,0.0,6.83,5.63,0.0,1,0.0,0,0.0,0,0.0,0.0,0,0.0,0,,,
122466438,RES1-1SNB,RES,0.75,S,1,2841.0,3112,390995.0857785213,195497.54288926066,77.249405,2013,X,5.23,,481576747021004,-95.714290073856,29.568317473033,1.0,s199,s199,0.0,0.0,1,1,0.0,0.0,28.769,9.36,0.0,1,0.0,0,0.0,0,0.0,0.0,0,0.0,1,,,
122451605,RES1-2SNB,RES,0.75,S,2,2812.0,2474,705274.6248902096,352637.3124451048,76.21193,1995,X,5.5,,481576739041000,-95.668350428684,29.602418855862,0.0,s200,s200,0.0,0.0,1,1,0.0,0.0,10.619,2.07,0.0,1,0.0,0,0.0,0,0.0,0.0,0,0.0,0,,,
122528758,RES1-1SWB,RES,2.0,B,1,1770.0,1956,451270.4344444158,225635.2172222079,82.943756,1987,X,3.08,,481576736001002,-95.726599424597,29.606451841138,0.0,s201,s201,0.0,0.0,1,1,0.0,0.0,5.598,0.23,0.0,1,0.0,0,0.0,0,0.0,0.0,0,0.0,0,,,
122546743,RES2,RES,2.0,C,1,1568.0,1124,110234.18958609438,110234.18958609438,139.66339,2016,X,4.17,,481576732023101,-95.896201695992,29.701314316573,0.0,s202,s202,0.0,0.0,0,1,0.0,0.0,13.217,11.75,0.0,1,0.0,0,0.0,0,0.0,0.0,0,0.0,0,,,
122605619,AGR1,COM,0.25,S,1,3954.0,3954,379227.7810148781,549880.2824715732,98.61494,1986,X,1.3,,481576754021007,-95.830966580849,29.570256186706,0.0,s203,s203,0.0,0.0,0,1,0.0,0.0,10.681,1.33,0.0,1,0.0,0,0.0,0,0.0,0.0,0,0.0,0,,,
122627625,RES1-1SNB,RES,0.75,S,1,1411.0,1843,295036.67851164594,147518.33925582297,90.40824,2015,X,0.15,,481576755021018,-95.759637840909,29.527602844646,0.0,s204,s204,0.0,0.0,0,1,0.0,0.0,8.294,4.91,0.0,1,0.0,0,0.0,0,0.0,0.0,0,0.0,0,,,
122614335,RES1-1SNB,RES,2.0,C,1,1158.0,1292,166838.6676,83419.3338,97.235245,1981,X,4.15,,481576751023007,-95.783470520677,29.550247863795,0.0,s205,s205,0.0,0.0,1,1,0.0,0.0,4.822,5.99,0.0,1,0.0,0,0.0,0,0.0,0.0,0,0.0,0,,,
122681368,RES1-1SNB,RES,0.75,S,1,2259.0,2208,282583.98088653147,141291.99044326573,66.236015,1984,X,4.34,,481576741001002,-95.601941801849,29.580394838645,1.0,s206,s206,0.0,0.0,1,1,0.0,0.0,12.173,1.72,0.0,1,0.0,0,0.0,0,0.0,0.0,0,0.0,0,,,
122444931,RES1-2SNB,RES,0.75,S,2,4076.0,2962,935682.166075179,467841.0830375895,71.01614,1998,X,5.06,,481576744012008,-95.634677112041,29.559977714583,0.0,s207,s207,0.0,0.0,1,1,0.0,0.0,4.985,2.51,0.0,1,0.0,0,0.0,0,0.0,0.0,0,0.0,1,,,
122521439,RES1-2SNB,RES,0.75,S,2,3526.0,2913,830921.5915190032,415460.7957595016,73.37081,1996,X,5.08,,481576739032004,-95.66119067781,29.585154858155,1.0,s208,s208,0.0,0.0,1,1,0.0,0.0,5.609,8.3,0.0,1,0.0,0,0.0,0,0.0,0.0,0,0.0,1,,,
122466129,RES1-2SNB,RES,0.75,S,2,3186.0,2967,413620.34179783356,206810.17089891678,76.14852,2013,X,5.56,,481576747021006,-95.711177224938,29.563637054992,1.0,s209,s209,0.0,0.0,1,1,0.0,0.0,12.298,3.19,0.0,1,0.0,0,0.0,0,0.0,0.0,0,0.0,0,,,
122716680,RES1-1SNB,RES,0.75,S,1,2123.0,1537,563197.3905729149,281598.6952864574,70.24512,1987,X,5.11,,481576740011009,-95.624948947661,29.580695009094,1.0,s210,s210,0.0,0.0,1,1,0.0,0.0,22.051,4.02,0.0,1,0.0,0,0.0,0,0.0,0.0,0,0.0,0,,,
122558123,RES1-1SNB,RES,0.75,S,1,1621.0,2318,179762.03412241675,89881.01706120837,99.47923,2008,X,5.04,,481576751011008,-95.781072601803,29.554397356535,0.0,s211,s211,0.0,0.0,1,1,0.0,0.0,5.634,2.49,0.0,1,0.0,0,0.0,0,0.0,0.0,0,0.0,0,,,
122590422,RES1-1SNB,RES,0.75,S,1,1401.0,1645,160137.1545,80068.57725,89.212326,1979,X,3.9,,481576749003018,-95.768859481384,29.591557544068,0.0,s212,s212,0.0,0.0,1,1,0.0,0.0,7.361,10.21,0.0,1,0.0,0,0.0,0,0.0,0.0,0,0.0,0,,,
122621589,RES1-2SNB,RES,0.75,S,2,5010.0,6075,966679.2317914142,483339.6158957071,72.770706,2015,X,5.63,,481576755032023,-95.674411818448,29.521370601225,0.0,s213,s213,0.0,0.0,0,1,0.0273,0.0,10.906,4.53,0.0,1,0.0,0,0.0,0,0.0,0.0,0,0.0,0,,,
122505903,RES2,RES,2.0,C,2,896.0,695,59765.68294862515,59765.68294862515,92.77071,2008,AE,0.0,37086942,481576733001048,-95.8660984425,29.603420896,1.0,s214,s214,0.0,0.0,0,1,0.0,0.0,10.101,3.87,0.0,1,0.0,0,0.0,0,0.0,0.0,0,0.0,0,,,
122606447,RES1-2SNB,RES,0.75,S,2,1943.0,2477,321088.7615889827,160544.38079449136,78.35637,2013,X,5.48,,481576747024019,-95.741376789206,29.559998670145,1.0,s215,s215,0.0,0.0,0,1,0.0,0.0,7.946,1.52,0.0,1,0.0,0,0.0,0,0.0,0.0,0,0.0,0,,,
122469958,COM8,COM,0.25,S,1,1927.0,1927,427213.40645651467,491295.41742499184,81.95633,1992,X,0.21,,481576735021000,-95.733451619387,29.630191483677,0.0,s216,s216,0.0,0.0,1,1,0.0,0.0,2.629,8.18,0.0,1,0.0,0,0.0,0,0.0,0.0,0,0.0,0,,,
122549705,RES1-1SNB,RES,0.75,S,1,3038.0,3691,759971.8198997352,379985.9099498676,72.46513,2009,X,5.31,,481576739022022,-95.65803341441,29.584353805829,0.0,s217,s217,0.0,0.0,1,1,0.0,0.0,9.334,2.33,0.0,1,0.0,0,0.0,0,0.0,0.0,0,0.0,0,,,
122640998,RES1-1SNB,RES,0.75,S,1,1619.0,1984,411940.4397716719,205970.21988583595,86.39479,2015,X,4.93,,481576755031017,-95.748383472,29.519182471075,0.0,s218,s218,0.0,0.0,1,1,0.0,0.0,2.089,0.09,0.0,1,0.0,0,0.0,0,0.0,0.0,0,0.0,0,,,
122593503,RES1-2SNB,RES,0.75,S,2,3596.0,3287,739416.6063755454,369708.3031877727,80.9158,2003,X,5.37,,481576728011008,-95.677159320837,29.620474493858,0.0,s219,s219,0.0,0.0,1,1,0.0,0.0,9.867,6.48,0.0,1,0.0,0,0.0,0,0.0,0.0,0,0.0,1,,,
122482467,RES3D,RES,0.5,S,2,9430.0,4715,1382144.814292231,483750.68500228086,97.49393,2008,X,5.08,,481576751013013,-95.766184565114,29.549063923398,0.0,s220,s220,0.0,0.0,1,1,0.0,0.0,3.136,0.73,0.0,1,0.0,0,0.0,0,0.0,0.0,0,0.0,0,,,
122615260,RES1-1SNB,RES,0.75,S,1,1076.0,1844,130245.38715000002,65122.69357500001,100.45857,1979,X,3.07,,481576749004018,-95.773814320463,29.587004221672,0.0,s221,s221,0.0,0.0,1,1,0.0,0.0,11.047,9.06,0.0,1,0.0,0,0.0,0,0.0,0.0,0,0.0,0,,,
122667700,RES1-2SNB,RES,5.25,P,2,6194.0,4175,1190663.5468962882,595331.7734481441,67.70936,1993,X,5.29,,481576742003029,-95.607654370891,29.565697224307,1.0,s222,s222,0.0,0.0,1,1,0.0,0.0,6.568,1.62,0.0,1,0.0,0,0.0,0,0.0,0.0,0,0.0,0,,,
122586215,RES1-2SNB,RES,0.75,S,2,2672.0,2993,619084.8027071587,309542.40135357936,91.922516,2010,X,5.17,,481576734013016,-95.803304373079,29.591940701006,0.0,s223,s223,0.0,0.0,1,1,0.0,0.0,7.976,2.16,0.0,1,0.0,0,0.0,0,0.0,0.0,0,0.0,0,,,
122575700,RES1-2SNB,RES,0.75,S,2,2647.0,1753,675710.0064157947,337855.00320789736,75.56576,1995,X,5.7,,481576739043004,-95.66348117207,29.599923690857,1.0,s224,s224,0.0,0.0,1,1,0.0,0.0,3.526,0.95,0.0,1,0.0,0,0.0,0,0.0,0.0,0,0.0,0,,,
122571443,COM1,COM,0.5,C,1,1295.0,1295,148035.4623719062,185044.32796488277,100.68298,1978,X,3.34,,481576748001015,-95.781241182327,29.566861294727,0.0,s225,s225,0.0,0.0,1,1,0.0,0.0,2.871,16.63,0.0,1,0.0,0,0.0,0,0.0,0.0,0,0.0,0,,,
122622630,RES1-1SNB,RES,0.75,S,1,2113.0,2773,365405.41734388535,182702.70867194267,85.73968,2015,X,4.44,,481576755022018,-95.728626604727,29.529067516326,0.0,s226,s226,0.0,0.0,1,1,0.0,0.0,8.341,0.33,0.0,1,0.0,0,0.0,0,0.0,0.0,0,0.0,0,,,
122704473,RES1-1SNB,RES,0.75,S,1,2307.0,3096,285301.1093789818,142650.5546894909,66.4684,1984,X,4.63,,481576741001004,-95.605030359268,29.581152516487,1.0,s227,s227,0.0,0.0,1,1,0.0,0.0,3.582,3.83,0.0,1,0.0,0,0.0,0,0.0,0.0,0,0.0,0,,,
122452188,RES1-1SWB,RES,2.0,B,1,2747.0,2568,775155.5818421439,387577.79092107195,73.61553,2002,X,5.37,,481576746021015,-95.670121277548,29.546400365921,0.0,s228,s228,0.0,0.0,1,1,0.0,0.0,5.554,3.52,0.0,1,0.0,0,0.0,0,0.0,0.0,0,0.0,0,,,
122681672,RES1-1SNB,RES,0.75,S,1,4131.0,5280,999797.8188785154,499898.9094392577,67.58908,2013,X,0.86,,481576744023004,-95.611635048974,29.540914136423,0.0,s229,s229,0.0,0.0,0,1,0.1691,0.0,6.425,8.39,0.0,1,0.0,0,0.0,0,0.0,0.0,0,0.0,0,,,
122445477,RES3C,RES,0.5,S,1,21081.98,22472,3195922.225012308,1118572.7787543077,70.29692,2009,X,3.45,,481576739021006,-95.633469105137,29.600946621113,1.0,s230,s230,0.0,0.0,1,1,0.0,0.0,2.735,0.0,0.0,1,0.0,0,0.0,0,0.0,0.0,0,0.0,0,,,
122585215,RES1-1SNB,RES,0.75,S,1,1286.0,1817,237455.6750544493,118727.83752722465,88.56403,2013,X,3.69,,481576747024066,-95.750930327727,29.553632417592,0.0,s231,s231,0.0,0.0,1,1,0.0,0.0,23.447,11.52,0.0,1,0.0,0,0.0,0,0.0,0.0,0,0.0,0,,,
122452129,RES1-2SNB,RES,0.75,S,2,4063.0,4218,922892.2911449148,461446.1455724574,77.26871,1995,X,6.38,,481576739041012,-95.674185753412,29.595159888517,0.0,s232,s232,0.0,0.0,1,1,0.0,0.0,7.827,2.05,0.0,1,0.0,0,0.0,0,0.0,0.0,0,0.0,1,,,
122519026,RES1-2SNB,RES,0.75,S,2,3470.0,2730,826884.0327920907,413442.01639604534,69.799164,1998,X,5.17,,481576744012009,-95.632980755844,29.560949959236,0.0,s233,s233,0.0,0.0,1,1,0.1806,0.0,2.712,1.7,0.0,1,0.0,0,0.0,0,0.0,0.0,0,0.0,1,,,
122568337,COM1,COM,0.25,S,2,22932.0,11466,3234030.472464743,4042538.090580929,75.41738,2013,X,6.74,,481576747021013,-95.712785628987,29.557865355157,1.0,s234,s234,0.0,0.0,1,1,0.0,0.0,3.988,0.14,0.0,1,0.0,0,0.0,0,0.0,0.0,0,0.0,0,,,
122689746,RES1-2SNB,RES,0.75,S,2,4320.0,4016,1021271.9641315825,510635.98206579126,67.8206,2013,X,5.18,,481576744023000,-95.605879823571,29.541491850007,1.0,s235,s235,0.0,0.0,1,1,0.0,0.0,7.503,1.44,0.0,1,0.0,0,0.0,0,0.0,0.0,0,0.0,0,,,
122488117,RES1-2SNB,RES,0.75,S,2,2646.0,838,590453.3097693472,295226.6548846736,85.45328,2010,AE,5.62,,481576734013007,-95.796848313276,29.57465301203,1.0,s236,s236,0.0,0.0,0,1,0.1468,0.0,25.172,11.53,0.0,1,0.0,0,0.0,0,0.0,0.0,0,0.0,0,,,
122568327,RES1-2SNB,RES,0.75,S,2,3197.0,2116,411743.57443692145,205871.78721846073,75.73794,2013,X,6.05,,481576747021013,-95.70919739367,29.561070697882,1.0,s237,s237,0.0,0.0,1,1,0.0,0.0,6.201,4.25,0.0,1,0.0,0,0.0,0,0.0,0.0,0,0.0,0,,,
122571109,REL1,PUB,0.25,S,1,7455.0,7455,1259544.5109042216,818703.932087744,97.78187,2008,X,4.31,,481576751012013,-95.773783988023,29.551753200788,0.0,s238,s238,0.0,0.0,1,1,0.0,0.0,5.987,7.24,0.0,1,0.0,0,0.0,0,0.0,0.0,0,0.0,0,,,
122610453,RES1-2SNB,RES,0.75,S,2,2945.0,1737,719844.9741456166,359922.4870728083,71.744225,1987,X,7.05,,481576740011018,-95.626536450554,29.576510998045,1.0,s239,s239,0.0,0.0,1,1,0.0,0.0,7.203,6.99,0.0,1,0.0,0,0.0,0,0.0,0.0,0,0.0,0,,,
122667456,RES1-2SNB,RES,0.75,S,2,5793.0,2924,1159025.7347515312,579512.8673757656,69.21498,1998,X,5.91,,481576744014014,-95.609146949606,29.563398378741,0.0,s240,s240,0.0,0.0,1,1,0.0,0.0,10.437,0.73,0.0,1,0.0,0,0.0,0,0.0,0.0,0,0.0,0,,,
122534620,RES1-1SNB,RES,0.75,S,1,2973.0,2532,304571.3703823511,152285.68519117555,95.17797,2008,X,4.62,,481576751013004,-95.75597505637,29.552306424038,0.0,s241,s241,0.0,0.0,1,1,0.0,0.0,17.883,20.65,0.0,1,0.0,0,0.0,0,0.0,0.0,0,0.0,0,,,
122556875,RES1-1SNB,RES,0.75,S,1,2154.0,3816,147512.4614,73756.2307,96.751625,1978,X,5.25,,481576748004001,-95.765114948816,29.564337757925,0.0,s242,s242,0.0,0.0,1,1,0.0,0.0,2.164,1.7,0.0,1,0.0,0,0.0,0,0.0,0.0,0,0.0,0,,,
122605497,RES1-1SNB,RES,0.75,S,1,1631.0,2167,130541.70284999999,65270.85142499999,99.62523,1981,X,3.82,,481576752003005,-95.798640894981,29.549818187204,0.0,s243,s243,0.0,0.0,1,1,0.0,0.0,2.795,1.94,0.0,1,0.0,0,0.0,0,0.0,0.0,0,0.0,0,,,
122624297,RES1-2SNB,RES,0.75,S,2,2907.0,2224,452882.50108657015,226441.25054328507,87.936195,2015,X,5.36,,481576755024018,-95.732199795938,29.532023270458,0.0,s244,s244,0.0,0.0,1,1,0.0,0.0,10.821,0.32,0.0,1,0.0,0,0.0,0,0.0,0.0,0,0.0,0,,,
122585488,RES3D,RES,0.5,S,2,20488.0,10244,2602348.203332655,910821.8711664292,98.14551,2008,X,7.53,,481576751012010,-95.770662153648,29.549610443286,0.0,s245,s245,0.0,0.0,1,1,0.0,0.0,6.489,4.69,0.0,1,0.0,0,0.0,0,0.0,0.0,0,0.0,0,,,
122599775,RES1-1SNB,RES,0.75,S,1,2355.0,2640,626349.3597892404,313174.6798946202,72.60105,2002,X,4.98,,481576746022007,-95.665849365598,29.556334025016,1.0,s246,s246,0.0,0.0,1,1,0.0,0.0,5.555,6.55,0.0,1,0.0,0,0.0,0,0.0,0.0,0,0.0,0,,,
122511632,RES1-2SNB,RES,0.75,S,2,4734.0,5413,1127172.1025841993,563586.0512920996,128.74956,2008,X,5.46,,481576733001007,-95.886272379954,29.681971790624,0.0,s247,s247,0.0,0.0,0,1,0.0,0.0,21.552,19.87,0.0,1,0.0,0,0.0,0,0.0,0.0,0,0.0,0,,,
122524966,RES1-2SNB,RES,0.75,S,2,2274.0,1719,402328.2805426868,201164.1402713434,72.88364,1997,X,7.06,,481576738021006,-95.690191462564,29.590211334489,1.0,s248,s248,0.0,0.0,1,1,0.0,0.0,5.918,0.95,0.0,1,0.0,0,0.0,0,0.0,0.0,0,0.0,0,,,
122597547,RES1-1SNB,RES,0.75,S,1,1664.0,2188,305898.9111033171,152949.45555165855,83.26149,1989,X,6.02,,481576746033016,-95.693288146661,29.542490810738,0.0,s249,s249,0.0,0.0,1,1,0.0,0.0,10.237,11.29,0.0,1,0.0,0,0.0,0,0.0,0.0,0,0.0,0,,,
122488059,RES1-1SNB,RES,0.75,S,1,2066.0,1725,533992.283209631,266996.1416048155,88.1214,2010,X,4.69,,481576734013007,-95.805558083633,29.589212468618,0.0,s250,s250,0.0,0.0,1,1,0.0,0.0,1.957,5.59,0.0,1,0.0,0,0.0,0,0.0,0.0,0,0.0,0,,,
122590994,RES1-2SNB,RES,0.75,S,2,1615.0,1108,212552.40639999998,106276.20319999999,96.196396,1981,X,8.82,,481576751023018,-95.786285305235,29.544201032027,0.0,s251,s251,0.0,0.0,1,1,0.0,0.0,3.94,8.09,0.0,1,0.0,0,0.0,0,0.0,0.0,0,0.0,0,,,
122567723,RES1-1SNB,RES,0.75,S,1,1382.0,1750,268181.8738738426,134090.9369369213,80.847115,1989,X,3.93,,481576746033017,-95.694455262278,29.538213473123,0.0,s252,s252,0.0,0.0,1,1,0.0,0.0,7.688,5.6,0.0,1,0.0,0,0.0,0,0.0,0.0,0,0.0,0,,,
122581994,RES1-2SNB,RES,0.75,S,2,3287.0,2950,778917.1334280601,389458.56671403005,69.8891,1993,X,6.32,,481576742002003,-95.634160772884,29.56578575068,1.0,s253,s253,0.0,0.0,1,1,0.0,0.0,4.579,6.33,0.0,1,0.0,0,0.0,0,0.0,0.0,0,0.0,0,,,
122449001,RES1-2SNB,RES,0.75,S,2,4124.0,3176,957033.9638189353,478516.98190946766,74.82436,2009,X,7.35,,481576739023030,-95.655554520177,29.596190608825,0.0,s254,s254,0.0,0.0,1,1,0.0,0.0,11.4,1.94,0.0,1,0.0,0,0.0,0,0.0,0.0,0,0.0,0,,,
122574733,RES1-2SNB,RES,0.75,S,2,3010.0,1536,731341.8840481385,365670.94202406926,67.69186,1987,X,6.45,,481576740011012,-95.623297234924,29.58401537435,1.0,s255,s255,0.0,0.0,1,1,0.0,0.0,18.718,2.07,0.0,1,0.0,0,0.0,0,0.0,0.0,0,0.0,0,,,
122473271,RES1-1SNB,RES,0.75,S,1,2509.0,2217,398726.3377764009,199363.16888820045,75.37178,2013,X,0.23,,481576747024011,-95.745638956996,29.56265806793,1.0,s256,s256,0.0,0.0,0,1,0.0,0.0,1.402,0.63,0.0,1,0.0,0,0.0,0,0.0,0.0,0,0.0,0,,,
122523079,RES1-2SNB,RES,0.75,S,2,2367.0,1531,629902.9047297142,314951.4523648571,74.679436,2002,X,5.78,,481576746021016,-95.671342565744,29.544002626098,0.0,s257,s257,0.0,0.0,1,1,0.0,0.0,6.573,2.53,0.0,1,0.0,0,0.0,0,0.0,0.0,0,0.0,0,,,
122616997,RES1-2SNB,RES,0.75,S,2,7369.0,5473,1418307.7152899723,709153.8576449861,72.80874,1993,X,5.24,,481576742004002,-95.612765968069,29.565107446991,0.0,s258,s258,0.0,0.0,0,1,0.0,0.0,13.066,2.53,0.0,1,0.0,0,0.0,0,0.0,0.0,0,0.0,1,,,
122568913,RES1-1SNB,RES,0.75,S,1,1509.0,2011,349662.4084437594,174831.2042218797,80.98409,1987,X,4.9,,481576736002021,-95.724539121267,29.6151632282,0.0,s259,s259,0.0,0.0,1,1,0.0,0.0,9.715,6.26,0.0,1,0.0,0,0.0,0,0.0,0.0,0,0.0,0,,,
122666933,RES1-2SNB,RES,0.75,S,2,2459.0,1289,296893.028960013,148446.5144800065,67.143135,1984,X,4.87,,481576741001013,-95.608501927402,29.582716335905,1.0,s260,s260,0.0,0.0,1,1,0.0,0.0,2.528,3.54,0.0,1,0.0,0,0.0,0,0.0,0.0,0,0.0,0,,,
122666801,RES1-1SNB,RES,0.75,S,1,3050.0,3684,779549.248814615,389774.6244073075,71.52371,2013,X,4.38,,481576744022000,-95.606921989164,29.549009685787,0.0,s261,s261,0.0,0.0,0,1,0.0,0.0,9.194,1.58,0.0,1,0.0,0,0.0,0,0.0,0.0,0,0.0,0,,,
122525728,RES1-1SWB,RES,2.0,B,1,2724.0,2654,812187.5874512227,406093.79372561135,80.777824,2015,X,4.54,,481576729012071,-95.693778804394,29.616878610572,0.0,s262,s262,0.0,0.0,0,1,0.0,0.0,9.289,4.87,0.0,1,0.0,0,0.0,0,0.0,0.0,0,0.0,0,,,
122743465,RES1-1SNB,RES,2.0,C,1,504.0,1500,62726.021400000005,31363.010700000003,89.17261,1979,X,0.0,,481576749003016,-95.764708871247,29.591007525479,0.0,s263,s263,0.0,0.0,0,1,0.0,0.0,12.636,6.5,0.0,1,0.0,0,0.0,0,0.0,0.0,0,0.0,0,,,
122585440,RES1-1SNB,RES,2.0,C,1,1056.0,1028,178700.486286,89350.243143,85.62552,2013,X,4.63,,481576747022047,-95.759638416031,29.576948555882,0.0,s264,s264,0.0,0.0,1,1,0.0,0.0,10.566,6.75,0.0,1,0.0,0,0.0,0,0.0,0.0,0,0.0,0,,,
122481693,RES1-1SNB,RES,0.75,S,1,1864.0,2305,567373.731546139,283686.8657730695,88.01297,2012,X,0.01,,481576734042004,-95.761246813437,29.644070733997,0.0,s265,s265,0.0,0.0,0,1,0.0,0.0,8.014,0.0,0.0,1,0.0,0,0.0,0,0.0,0.0,0,0.0,0,,,
122552553,RES1-2SNB,RES,0.75,S,2,3965.0,2533,931627.8841637817,465813.9420818908,84.06882,2015,X,5.26,,481576729012053,-95.688897406862,29.627014013998,0.0,s266,s266,0.0,0.0,1,1,0.0,0.0,8.937,13.44,0.0,1,0.0,0,0.0,0,0.0,0.0,0,0.0,0,,,
122614583,RES1-2SNB,RES,0.75,S,2,2286.0,2108,400551.61932600796,200275.80966300398,78.80168,1997,X,4.63,,481576738022006,-95.692545421458,29.599961119786,0.0,s267,s267,0.0,0.0,1,1,0.0,0.0,2.814,7.17,0.0,1,0.0,0,0.0,0,0.0,0.0,0,0.0,0,,,
122716592,RES1-1SNB,RES,0.75,S,1,2669.0,2678,667892.7670513805,333946.38352569024,68.60108,1987,X,5.18,,481576740011008,-95.618866774409,29.578048513836,1.0,s268,s268,0.0,0.0,1,1,0.0,0.0,5.211,2.57,0.0,1,0.0,0,0.0,0,0.0,0.0,0,0.0,0,,,
122463222,RES1-1SNB,RES,0.75,S,1,1515.0,1980,378768.9769185115,189384.48845925575,80.87787,2004,X,4.38,,481576746041015,-95.704898547752,29.541432779965,0.0,s269,s269,0.0,0.0,1,1,0.0,0.0,8.993,2.48,0.0,1,0.0,0,0.0,0,0.0,0.0,0,0.0,0,,,
122444877,RES1-2SWB,RES,2.0,B,2,2684.0,1812,723203.7166098466,361601.8583049233,71.12447,2009,X,6.19,,481576739021009,-95.634232621437,29.594885684273,1.0,s270,s270,0.0,0.0,1,1,0.0,0.0,6.442,5.48,0.0,1,0.0,0,0.0,0,0.0,0.0,0,0.0,1,,,
122618464,RES1-1SNB,RES,0.75,S,1,2669.0,3087,423261.1459202002,211630.5729601001,94.08224,2015,X,3.94,,481576755021011,-95.765524338227,29.530879940626,0.0,s271,s271,0.0,0.0,1,1,0.0,0.0,9.499,3.04,0.0,1,0.0,0,0.0,0,0.0,0.0,0,0.0,0,,,
122536152,RES3E,RES,0.5,S,2,12956.0,6478,1481161.4454,518406.50589,99.67464,1978,X,5.05,,481576748004018,-95.772466791816,29.564236075112,0.0,s272,s272,0.0,0.0,1,1,0.0,0.0,11.375,3.69,0.0,1,0.0,0,0.0,0,0.0,0.0,0,0.0,0,,,
122641015,RES1-1SNB,RES,0.75,S,1,1255.0,1678,323263.5360047733,161631.76800238664,86.7141,2015,X,3.52,,481576755031017,-95.749588808047,29.519191885766,0.0,s273,s273,0.0,0.0,1,1,0.0,0.0,2.863,0.38,0.0,1,0.0,0,0.0,0,0.0,0.0,0,0.0,0,,,
122554336,RES1-2SNB,RES,0.75,S,2,2496.0,1910,531072.505654385,265536.2528271925,84.052284,2012,X,4.63,,481576735012019,-95.73898618852,29.643122672777,0.0,s274,s274,0.0,0.0,1,1,0.0,0.0,11.976,4.62,0.0,1,0.0001,0,0.0,0,0.0,0.0,0,0.0,0,,,
122551431,RES1-2SNB,RES,0.75,S,2,3491.0,2074,824510.6779579514,412255.3389789757,71.50996,2002,X,6.65,,481576746021005,-95.675900799082,29.545919114041,1.0,s275,s275,0.0,0.0,1,1,0.0,0.0,3.662,1.2,0.0,1,0.0,0,0.0,0,0.0,0.0,0,0.0,0,,,
122609703,RES1-2SNB,RES,0.75,S,2,3388.0,1791,808809.5224839849,404404.76124199247,76.01333,2003,X,4.43,,481576747011007,-95.694794725493,29.56788338653,1.0,s276,s276,0.0,0.0,1,1,0.0,0.0,12.224,5.69,0.0,1,0.0,0,0.0,0,0.0,0.0,0,0.0,0,,,
122530093,RES1-2SNB,RES,0.75,S,2,3160.0,2365,601060.5368160452,300530.2684080226,81.345314,1987,X,5.02,,481576736004000,-95.732747622103,29.619182174366,0.0,s277,s277,0.0,0.0,1,1,0.0,0.0,11.1,5.45,0.0,1,0.0,0,0.0,0,0.0,0.0,0,0.0,0,,,
122624223,RES1-1SNB,RES,0.75,S,1,2452.0,2705,399634.96108307067,199817.48054153533,85.684,2015,X,4.95,,481576755022007,-95.719739373965,29.527639980309,0.0,s278,s278,0.0,0.0,1,1,0.0,0.0,8.534,2.77,0.0,1,0.0,0,0.0,0,0.0,0.0,0,0.0,1,,,
122534240,RES1-1SWB,RES,2.0,B,1,3568.0,3568,630813.8291229979,315406.91456149897,85.58279,2013,X,0.01,,481576747024054,-95.754107389336,29.561146596019,0.0,s279,s279,0.0,0.0,0,1,0.0,0.0,19.363,18.68,0.0,1,0.0,0,0.0,0,0.0,0.0,0,0.0,0,,,
122443894,RES1-2SNB,RES,0.75,S,2,4013.0,3627,911062.5305522617,455531.2652761309,72.15541,1993,X,4.89,,481576742004005,-95.62521255932,29.566244423311,1.0,s280,s280,0.0,0.0,1,1,0.0,0.0,10.983,4.82,0.0,1,0.0,0,0.0,0,0.0,0.0,0,0.0,0,,,
122457371,RES1-2SWB,RES,2.0,B,2,3325.0,2001,838109.0859228473,419054.54296142363,76.349174,2003,X,5.81,,481576747011001,-95.684561539379,29.576936480083,1.0,s281,s281,0.0,0.0,1,1,0.0,0.0,21.206,9.28,0.0,1,0.0,0,0.0,0,0.0,0.0,0,0.0,0,,,
122618962,RES1-1SNB,RES,0.75,S,1,4732.0,5855,1127394.8837248276,563697.4418624138,100.04305,2012,X,4.53,,481576734044031,-95.808141009855,29.659256930396,0.0,s282,s282,0.0,0.0,0,1,0.0,0.0,19.737,10.18,0.0,1,0.0,0,0.0,0,0.0,0.0,0,0.0,0,,,
122525196,RES1-2SNB,RES,0.75,S,2,3718.0,3317,869065.4760230081,434532.73801150406,72.811455,2003,X,4.84,,481576747012016,-95.679255809974,29.57248109159,1.0,s283,s283,0.0,0.0,1,1,0.0,0.0,14.482,3.59,0.0,1,0.0,0,0.0,0,0.0,0.0,0,0.0,0,,,
122617192,COM1,COM,0.25,S,1,5400.0,5400,738530.8789209772,923163.5986512215,94.26059,2008,X,5.82,,481576751013009,-95.74956393219,29.546534650176,0.0,s284,s284,0.0,0.0,1,1,0.0,0.0,23.177,22.82,0.0,1,0.0,0,0.0,0,0.0,0.0,0,0.0,0,,,
122625347,RES1-2SNB,RES,0.75,S,2,2499.0,2454,437197.71037156583,218598.85518578292,84.43868,2015,X,6.56,,481576755024011,-95.743906396049,29.519317821919,0.0,s285,s285,0.0,0.0,0,1,0.0,0.0,8.228,0.85,0.0,1,0.0,0,0.0,0,0.0,0.0,0,0.0,0,,,
122643198,RES1-1SNB,RES,2.0,C,1,720.0,720,189782.87478241307,94891.43739120653,73.45602,2015,X,4.69,,481576755032021,-95.671836875832,29.523892284191,0.0,s286,s286,0.0,0.0,1,1,0.0,0.0,12.072,5.78,0.0,1,0.0,0,0.0,0,0.0,0.0,0,0.0,1,,,
122480240,RES3A,RES,0.5,S,2,12548.0,6274,1717557.8867489798,601145.2603621429,91.782326,2013,X,5.37,,481576747023021,-95.755875853392,29.57155739288,0.0,s287,s287,0.0,0.0,1,1,0.0,0.0,21.691,12.44,0.0,1,0.0,0,0.0,0,0.0,0.0,0,0.0,0,,,
122522568,RES1-2SNB,RES,0.75,S,2,3649.0,2477,857991.6431503624,428995.8215751812,75.952354,1995,X,5.98,,481576739042002,-95.666813534748,29.595004155632,0.0,s288,s288,0.0,0.0,1,1,0.0,0.0,11.551,1.43,0.0,1,0.0,0,0.0,0,0.0,0.0,0,0.0,1,,,
122702396,RES1-2SNB,RES,0.75,S,2,4466.0,2517,985589.4836237044,492794.7418118522,68.48352,1998,X,6.24,,481576744015012,-95.607046390642,29.558783603841,0.0,s289,s289,0.0,0.0,1,1,0.0,0.0,7.883,2.63,0.0,1,0.0,0,0.0,0,0.0,0.0,0,0.0,0,,,
122623159,RES1-1SNB,RES,0.75,S,1,2097.0,2591,385818.87974062597,192909.43987031298,84.66274,2015,AE,4.98,,481576755022017,-95.721914784234,29.519771841673,0.0,s290,s290,0.0,0.0,0,1,0.0,0.0,18.547,3.94,0.0,1,0.0,0,0.0,0,0.0,0.0,0,0.0,0,,,
122499275,AGR1,COM,0.25,S,1,2269.0,2269,244141.83056832763,354005.65432407503,110.6395,2008,X,5.64,,481576733001036,-95.831392900694,29.647125711661,0.0,s291,s291,0.0,0.0,0,1,0.0,0.0,14.099,11.13,0.0,1,0.0,0,0.0,0,0.0,0.0,0,0.0,0,,,
122583833,RES1-1SNB,RES,0.75,S,1,1210.0,1709,235209.9299534952,117604.9649767476,81.164185,1989,X,3.8,,481576746033008,-95.694447371666,29.539788147098,0.0,s292,s292,0.0,0.0,1,1,0.0,0.0,7.706,6.72,0.0,1,0.0,0,0.0,0,0.0,0.0,0,0.0,0,,,
122472641,RES1-1SNB,RES,0.75,S,1,2447.0,3125,401315.62830377644,200657.81415188822,89.390656,2015,X,4.27,,481576755023010,-95.738061134416,29.538108155945,0.0,s293,s293,0.0,0.0,1,1,0.0,0.0,10.717,0.77,0.0,1,0.0,0,0.0,0,0.0,0.0,0,0.0,0,,,
122451900,RES1-2SNB,RES,0.75,S,2,2805.0,1978,716477.0148021705,358238.5074010852,71.79847,2002,X,5.5,,481576746025004,-95.666788711153,29.543069248762,1.0,s294,s294,0.0,0.0,1,1,0.0,0.0,15.396,10.28,0.0,1,0.0,0,0.0,0,0.0,0.0,0,0.0,0,,,
122529207,RES1-2SNB,RES,0.75,S,2,2721.0,3127,586134.727157598,293067.363578799,81.11545,1992,X,6.13,,481576735023008,-95.727914532994,29.628146348375,0.0,s295,s295,0.0,0.0,1,1,0.0,0.0,4.851,7.9,0.0,1,0.0,0,0.0,0,0.0,0.0,0,0.0,0,,,
122555740,RES1-1SNB,RES,0.75,S,1,1167.0,1771,218518.7915795173,109259.39578975865,90.61735,2013,X,4.61,,481576747024063,-95.75031275522,29.554542004757,0.0,s296,s296,0.0,0.0,1,1,0.0,0.0,26.234,11.68,0.0,1,0.0,0,0.0,0,0.0,0.0,0,0.0,0,,,
122468361,RES1-2SNB,RES,0.75,S,2,2561.0,2050,541711.2247362726,270855.6123681363,84.33741,2012,X,4.82,,481576735012015,-95.733701551645,29.642339844616,0.0,s297,s297,0.0,0.0,1,1,0.0,0.0,8.118,6.92,0.0,1,0.0,0,0.0,0,0.0,0.0,0,0.0,0,,,
122531729,RES1-1SNB,RES,0.75,S,1,1858.0,2245,338092.8632132942,169046.4316066471,93.40716,2015,X,4.94,,481576755023001,-95.733906346317,29.540891564305,0.0,s298,s298,0.0,0.0,1,1,0.0,0.0,14.119,5.93,0.0,1,0.0,0,0.0,0,0.0,0.0,0,0.0,0,,,
122623874,RES1-1SNB,RES,0.75,S,1,2960.0,2003,663518.0284194166,331759.0142097083,84.13289,2015,X,0.3,,481576755031034,-95.739240737006,29.507171705431,0.0,s299,s299,0.0,0.0,0,1,0.0,0.0,5.387,1.41,0.0,1,0.0,0,0.0,0,0.0,0.0,0,0.0,0,,,
122448309,RES1-2SNB,RES,0.75,S,2,4318.0,3229,994231.1270649511,497115.56353247556,72.855446,2009,X,7.47,,481576739022006,-95.649821879804,29.586244637138,0.0,s300,s300,0.0,0.0,1,1,0.0178,0.0,10.422,1.04,0.0,1,0.0,0,0.0,0,0.0,0.0,0,0.0,0,,,
122487286,RES1-1SNB,RES,0.75,S,1,2155.0,1862,294071.1986319914,147035.5993159957,98.25469,1981,X,4.28,,481576751022020,-95.79222769477,29.54581124341,0.0,s301,s301,0.0,0.0,1,1,0.0,0.0,8.605,2.89,0.0,1,0.0,0,0.0,0,0.0,0.0,0,0.0,0,,,
122635435,RES1-2SNB,RES,0.75,S,2,6530.0,4831,1121333.8146741586,560666.9073370793,73.950645,2015,X,5.52,,481576755032013,-95.672408314897,29.526860163881,0.0,s302,s302,0.0,0.0,1,1,0.0,0.0,4.057,14.16,0.0,1,0.0,0,0.0,0,0.0,0.0,0,0.0,0,,,
122524531,RES1-2SNB,RES,0.75,S,2,3210.0,2965,761424.2877411909,380712.14387059544,70.17611,1988,X,4.44,,481576746011011,-95.678004936958,29.550722943741,1.0,s303,s303,0.0,0.0,1,1,0.0,0.0,14.179,1.68,0.0,1,0.0,0,0.0,0,0.0,0.0,0,0.0,0,,,
122619010,RES1-1SNB,RES,0.75,S,1,2815.0,3513,699025.8018625366,349512.9009312683,95.78811,2008,A,5.36,,481576733001033,-95.843964211094,29.642149176142,0.0,s304,s304,0.0,0.0,0,1,0.0,0.0,5.814,2.85,0.0,1,0.0,0,0.0,0,0.0,0.0,0,0.0,0,,,
122690037,RES1-2SNB,RES,0.75,S,2,3569.0,2945,874761.0292418378,437380.5146209189,72.61872,2013,X,6.07,,481576744022004,-95.606871417079,29.547897670909,0.0,s305,s305,0.0,0.0,1,1,0.0,0.0,11.515,3.61,0.0,1,0.0,0,0.0,0,0.0,0.0,0,0.0,0,,,
122451218,RES1-1SNB,RES,0.75,S,1,2238.0,2628,620638.0995505933,310319.04977529665,72.70402,2009,X,6.07,,481576739022023,-95.664018152266,29.575619409725,0.0,s306,s306,0.0,0.0,1,1,0.0,0.0,22.19,4.6,0.0,1,0.0,0,0.0,0,0.0,0.0,0,0.0,1,,,
122624159,RES1-1SNB,RES,0.75,S,1,2410.0,3281,395039.8851339367,197519.94256696836,85.845436,2015,X,3.84,,481576755022007,-95.719881693076,29.527003926411,0.0,s307,s307,0.0,0.0,1,1,0.0,0.0,10.348,2.81,0.0,1,0.0,0,0.0,0,0.0,0.0,0,0.0,0,,,
122624641,RES1-2SNB,RES,0.75,S,2,3671.0,2867,520413.02397384075,260206.51198692038,88.32958,2015,X,5.23,,481576755024014,-95.738467129121,29.530107276052,0.0,s308,s308,0.0,0.0,1,1,0.0,0.0,10.454,3.94,0.0,1,0.0,0,0.0,0,0.0,0.0,0,0.0,0,,,
122454414,RES1-2SNB,RES,0.75,S,2,3813.0,2813,588464.6333736533,294232.31668682664,79.15624,2005,X,6.58,,481576728021000,-95.677029395453,29.609414674713,0.0,s309,s309,0.0,0.0,1,1,0.0091,0.0,6.189,1.78,0.0,1,0.0,0,0.0,0,0.0,0.0,0,0.0,0,,,
122589178,RES1-1SNB,RES,0.75,S,1,1563.0,2388,294896.69792753115,147448.34896376557,83.18548,1989,X,3.54,,481576746033009,-95.697493435644,29.542164556288,0.0,s310,s310,0.0,0.0,1,1,0.0,0.0,8.814,5.8,0.0,1,0.0,0,0.0,0,0.0,0.0,0,0.0,0,,,
122525580,RES1-2SNB,RES,0.75,S,2,3329.0,1633,797689.9813077385,398844.99065386923,75.874146,2003,X,5.59,,481576747011004,-95.686678798918,29.574574484932,1.0,s311,s311,0.0,0.0,1,1,0.0,0.0,19.939,9.24,0.0,1,0.0,0,0.0,0,0.0,0.0,0,0.0,0,,,
122557918,RES1-1SNB,RES,2.0,C,1,6075.0,6075,1162540.382922578,581270.191461289,88.66161,2012,X,3.32,,481576734043012,-95.773717214839,29.636421761737,0.0,s312,s312,0.0,0.0,0,1,0.0,0.0,3.583,3.39,0.0,1,0.0,0,0.0,0,0.0,0.0,0,0.0,0,,,
122481072,RES1-2SNB,RES,0.75,S,2,1725.0,2023,538295.9795385033,269147.98976925167,84.84487,2012,AE,0.0,,481576734042004,-95.759386312343,29.642973729339,1.0,s313,s313,0.0,0.0,0,1,0.0,0.0,12.465,0.89,0.0,1,0.0,0,0.0,0,0.0,0.0,0,0.0,0,,,
122616495,RES1-1SNB,RES,0.75,S,1,1526.0,2205,204916.49690000003,102458.24845000001,99.67084,1981,X,3.78,,481576751022013,-95.78835226986,29.550089809127,0.0,s314,s314,0.0,0.0,1,1,0.0,0.0,3.709,7.85,0.0,1,0.0,0,0.0,0,0.0,0.0,0,0.0,0,,,
122748839,RES1-1SNB,RES,0.75,S,1,840.0,1500,102571.45815,51285.729075,101.54073,1983,X,0.0,,481576750001058,-95.802769158764,29.55858396539,0.0,s315,s315,0.0,0.0,1,1,0.0,0.0,1.969,15.03,0.0,1,0.0,0,0.0,0,0.0,0.0,0,0.0,0,,,
122481197,RES1-1SNB,RES,0.75,S,1,1456.0,1962,455716.85193029075,227858.42596514538,85.53298,2012,AE,0.0,,481576734042004,-95.763361270016,29.646183307743,1.0,s316,s316,0.0,0.0,0,1,0.0,0.0,1.156,3.99,0.0,1,0.0,0,0.0,0,0.0,0.0,0,0.0,0,,,
122521667,RES1-2SNB,RES,0.75,S,2,3422.0,2732,808702.2170034711,404351.10850173555,75.87327,1995,X,5.21,,481576739043008,-95.664012471424,29.598638871885,0.0,s317,s317,0.0,0.0,1,1,0.0,0.0,4.06,2.1,0.0,1,0.0,0,0.0,0,0.0,0.0,0,0.0,1,,,
122486713,COM1,COM,0.25,S,1,5173.0,5173,705929.5697205991,882411.9621507488,100.24675,1983,X,1.28,,481576750001009,-95.789700462851,29.558761216972,0.0,s318,s318,0.0,0.0,1,1,0.0,0.0,3.052,3.28,0.0,1,0.0,0,0.0,0,0.0,0.0,0,0.0,0,,,
122622987,RES1-1SNB,RES,0.75,S,1,2657.0,3086,449756.90204805514,224878.45102402757,85.1749,2015,X,0.22,,481576755022017,-95.723322027896,29.521169217837,0.0,s319,s319,0.0,0.0,0,1,0.0,0.0,17.833,1.49,0.0,1,0.0,0,0.0,0,0.0,0.0,0,0.0,0,,,
122599414,RES1-2SNB,RES,0.75,S,2,4444.0,3676,1001214.020504109,500607.0102520545,70.79366,1998,X,5.53,,481576744012000,-95.622451202473,29.560051242831,0.0,s320,s320,0.0,0.0,1,1,0.0,0.0,9.949,0.24,0.0,1,0.0,0,0.0,0,0.0,0.0,0,0.0,1,,,
122552397,RES1-2SNB,RES,0.75,S,2,2538.0,1479,412679.9215033018,206339.9607516509,71.70829,1989,X,5.37,,481576746031001,-95.685320451291,29.548826898018,1.0,s321,s321,0.0,0.0,1,1,0.0,0.0,2.862,3.52,0.0,1,0.0,0,0.0,0,0.0,0.0,0,0.0,0,,,
122704882,RES3B,RES,0.5,S,1,117088.0,117088,15749626.12054451,5512369.142190578,69.990326,1988,X,0.0,37712707,481576740022010,-95.622382893963,29.594848285133,1.0,s322,s322,0.0,0.0,1,1,0.1162,0.0,3.528,0.2,0.0,1,0.004,0,0.0,0,0.0,0.0,0,0.0,0,,,
122477529,RES1-1SNB,RES,0.75,S,1,1712.0,1365,447402.09249013214,223701.04624506607,87.9454,2010,AE,4.81,,481576734011007,-95.748831634954,29.607761068462,0.0,s323,s323,0.0,0.0,1,1,0.0,0.0,22.141,6.95,0.0,1,0.0,0,0.0,0,0.0,0.0,0,0.0,0,,,
122566760,RES1-1SNB,RES,0.75,S,1,2319.0,3292,618097.4713489539,309048.73567447695,76.585335,2002,X,4.36,,481576746021006,-95.680196297622,29.544810141757,0.0,s324,s324,0.0,0.0,1,1,0.0,0.0,17.967,4.97,0.0,1,0.0,0,0.0,0,0.0,0.0,0,0.0,0,,,
122589986,RES1-2SNB,RES,0.75,S,2,2577.0,1826,366699.6484234435,183349.82421172175,87.84247,2013,X,4.87,,481576747024056,-95.754744698949,29.567305194898,0.0,s325,s325,0.0,0.0,1,1,0.0,0.0,17.95,7.01,0.0,1,0.0,0,0.0,0,0.0,0.0,0,0.0,0,,,
122470038,RES1-2SNB,RES,0.75,S,2,3579.0,3044,483232.36315156304,241616.18157578152,77.286385,2013,X,5.11,,481576747024042,-95.728458752519,29.565650355768,1.0,s326,s326,0.0,0.0,0,1,0.0515,0.0,10.866,1.87,0.0,1,0.0,0,0.0,0,0.0,0.0,0,0.0,0,,,
122600471,RES1-1SNB,RES,0.75,S,1,1946.0,2494,322953.9690739952,161476.9845369976,78.1181,2013,X,3.91,,481576747024018,-95.735749194104,29.564610989264,1.0,s327,s327,0.0,0.0,1,1,0.0,0.0,8.109,0.3,0.0,1,0.0,0,0.0,0,0.0,0.0,0,0.0,0,,,
122490149,COM1,COM,0.25,S,1,1234.0,1234,140383.38095881,175479.2261985125,97.593956,1981,AE,4.22,,481576752003007,-95.803361249503,29.548476423483,0.0,s328,s328,0.0,0.0,1,1,0.0,0.0,3.34,0.86,0.0,1,0.0,0,0.0,0,0.0,0.0,0,0.0,0,,,
122619499,RES1-2SNB,RES,0.75,S,2,2534.0,3258,696550.1278506423,348275.06392532116,78.31309,2002,X,5.08,,481576746023033,-95.676547107703,29.537072302234,0.0,s329,s329,0.0,0.0,1,1,0.0,0.0,5.936,6.9,0.0,1,0.0,0,0.0,0,0.0,0.0,0,0.0,0,,,
122590131,RES1-1SNB,RES,0.75,S,1,1167.0,2026,102226.47320000002,51113.23660000001,91.94679,1978,X,2.91,,481576748002021,-95.764253738313,29.569481515577,0.0,s330,s330,0.0,0.0,1,1,0.0,0.0,7.78,5.88,0.0,1,0.0,0,0.0,0,0.0,0.0,0,0.0,0,,,
122689750,RES1-2SNB,RES,0.75,S,2,4127.0,4438,988300.2404897534,494150.1202448767,68.00577,2013,X,5.46,,481576744023000,-95.607133430261,29.541267918949,1.0,s331,s331,0.0,0.0,0,1,0.0141,0.0,5.195,2.1,0.0,1,0.0,0,0.0,0,0.0,0.0,0,0.0,0,,,
122642839,RES1-1SNB,RES,0.75,S,1,2202.0,2601,377540.50126500794,188770.25063250397,85.491135,2015,X,4.67,,481576755022008,-95.720567630016,29.529996574877,0.0,s332,s332,0.0,0.0,1,1,0.0,0.0,8.087,2.83,0.0,1,0.0,0,0.0,0,0.0,0.0,0,0.0,1,,,
122714585,RES1-1SNB,RES,0.75,S,1,1838.0,2509,503818.89281267114,251909.44640633557,68.79908,1987,X,3.24,,481576740011007,-95.619669867247,29.579157685617,1.0,s333,s333,0.0,0.0,1,1,0.0,0.0,5.388,1.06,0.0,1,0.0,0,0.0,0,0.0,0.0,0,0.0,0,,,
122603635,RES1-1SNB,RES,0.75,S,1,2344.0,3833,636754.0753113405,318377.03765567025,95.709984,2012,X,4.65,,481576734043016,-95.793697096322,29.638857815481,0.0,s334,s334,0.0,0.0,1,1,0.0,0.0,9.943,1.16,0.0,1,0.0,0,0.0,0,0.0,0.0,0,0.0,0,,,
122528269,RES1-1SNB,RES,0.75,S,1,2504.0,2995,385440.00489841955,192720.00244920977,76.15783,2013,X,0.04,,481576747024030,-95.721057916912,29.557423113368,1.0,s335,s335,0.0,0.0,0,1,0.0,0.0,3.871,6.34,0.0,1,0.0,0,0.0,0,0.0,0.0,0,0.0,0,,,
122585641,RES1-1SNB,RES,2.0,C,1,1128.0,915,135814.9647,67907.48235,93.196434,1979,X,2.49,,481576749004016,-95.772093826353,29.586392328766,0.0,s336,s336,0.0,0.0,1,1,0.0,0.0,6.081,7.45,0.0,1,0.0,0,0.0,0,0.0,0.0,0,0.0,0,,,
122602091,RES1-1SNB,RES,0.75,S,1,2198.0,3070,604460.4649257584,302230.2324628792,70.64127,2002,X,4.56,,481576746022011,-95.656683105068,29.558621275421,1.0,s337,s337,0.0,0.0,1,1,0.0,0.0,16.551,2.99,0.0,1,0.0,0,0.0,0,0.0,0.0,0,0.0,0,,,
122463028,RES1-2SNB,RES,0.75,S,2,2891.0,1785,604372.5002137256,302186.2501068628,80.22784,2004,X,5.72,,481576746041011,-95.707638092847,29.54400048514,0.0,s338,s338,0.0,0.0,1,1,0.0,0.0,6.635,9.91,0.0,1,0.0,0,0.0,0,0.0,0.0,0,0.0,0,,,
122614475,RES1-1SNB,RES,2.0,C,1,1396.0,1591,388379.559282,194189.779641,140.76059,2016,X,3.2,,481576732023099,-95.899738304056,29.702977054065,0.0,s339,s339,0.0,0.0,0,1,0.0,0.0,7.179,15.5,0.0,1,0.0,0,0.0,0,0.0,0.0,0,0.0,0,,,
122713024,RES1-2SNB,RES,0.75,S,2,5378.0,2813,1113392.6781983287,556696.3390991644,68.81165,1998,X,5.39,,481576744014017,-95.609962768576,29.561741088749,0.0,s340,s340,0.0,0.0,0,1,0.0,0.0,11.664,3.84,0.0,1,0.0,0,0.0,0,0.0,0.0,0,0.0,0,,,
122576909,RES1-2SNB,RES,0.75,S,2,2853.0,1922,461720.5829201371,230860.29146006855,78.931076,1997,X,5.65,,481576738021010,-95.691766504328,29.596295866698,0.0,s341,s341,0.0,0.0,1,1,0.0,0.0,3.996,2.87,0.0,1,0.0,0,0.0,0,0.0,0.0,0,0.0,0,,,
122557965,RES1-2SNB,RES,0.75,S,2,2040.0,1121,550550.660713554,275275.330356777,88.88462,2012,X,1.82,,481576734043017,-95.781284042158,29.634290604798,0.0,s342,s342,0.0,0.0,0,1,0.0,0.0,2.888,0.6,0.0,1,0.0,0,0.0,0,0.0,0.0,0,0.0,0,,,
122624480,RES1-2SNB,RES,0.75,S,2,2284.0,1583,392234.16965504014,196117.08482752007,88.2537,2015,X,5.13,,481576755024012,-95.736264272148,29.526331511543,0.0,s343,s343,0.0,0.0,1,1,0.0,0.0,9.168,3.16,0.0,1,0.0,0,0.0,0,0.0,0.0,0,0.0,0,,,
122530095,RES1-2SNB,RES,0.75,S,2,3565.0,3471,640492.096592161,320246.0482960805,82.39603,1987,X,5.39,,481576736004000,-95.72960813131,29.623185690458,0.0,s344,s344,0.0,0.0,1,1,0.0,0.0,8.509,10.33,0.0,1,0.0,0,0.0,0,0.0,0.0,0,0.0,0,,,
122494019,RES1-2SNB,RES,0.75,S,2,1989.0,3787,550964.3525407535,275482.1762703768,91.45534,2008,AE,5.08,,481576733001067,-95.812656357068,29.591345259299,0.0,s345,s345,0.0,0.0,0,1,0.0,0.0,6.376,4.6,0.0,1,0.0,0,0.0,0,0.0,0.0,0,0.0,0,,,
122743724,RES1-2SNB,RES,2.0,C,2,3068.0,1500,416001.05514352326,208000.52757176163,74.37548,2013,X,0.0,,481576747023034,-95.751945346993,29.566933006088,1.0,s346,s346,0.0,0.0,1,1,0.0,0.0,9.527,0.02,0.0,1,0.0,0,0.0,0,0.0,0.0,0,0.0,0,,,
122465472,RES1-1SNB,RES,5.25,P,1,2591.0,2591,285823.17592481605,142911.58796240803,80.5078,1988,X,0.01,,481576737001011,-95.709704187706,29.627667720186,0.0,s347,s347,0.0,0.0,0,1,0.0,0.0,1.517,2.16,0.0,1,0.0,0,0.0,0,0.0,0.0,0,0.0,0,,,
122534223,RES1-1SNB,RES,0.75,S,1,1963.0,2633,321485.6792939082,160742.8396469541,89.66481,2013,X,4.13,,481576747024054,-95.753909416081,29.557795171776,0.0,s348,s348,0.0,0.0,1,1,0.0,0.0,17.605,16.28,0.0,1,0.0,0,0.0,0,0.0,0.0,0,0.0,0,,,
122620968,RES1-2SNB,RES,0.75,S,2,3243.0,2835,487176.7276048063,243588.36380240315,88.50072,2015,X,5.62,,481576755024008,-95.741992416962,29.52896939932,0.0,s349,s349,0.0,0.0,1,1,0.0,0.0,12.856,4.16,0.0,1,0.0,0,0.0,0,0.0,0.0,0,0.0,0,,,
122484244,RES1-1SNB,RES,0.75,S,1,1827.0,2288,195422.12394887226,97711.06197443613,98.51225,2008,X,5.39,,481576751011001,-95.778488917655,29.550842332018,0.0,s350,s350,0.0,0.0,1,1,0.0,0.0,5.948,4.66,0.0,1,0.0,0,0.0,0,0.0,0.0,0,0.0,0,,,
122474398,RES1-1SNB,RES,0.75,S,1,1263.0,1263,331267.884167937,165633.9420839685,81.106705,1987,AE,0.97,,481576736003012,-95.734872997319,29.603720255924,1.0,s351,s351,0.0,0.0,0,1,0.0,0.0,1.914,5.99,0.0,1,0.0,0,0.0,0,0.0,0.0,0,0.0,0,,,
122621758,RES1-2SNB,RES,0.75,S,2,2474.0,3055,411262.8197281453,205631.40986407266,86.3821,2015,X,5.2,,481576755022014,-95.716435153411,29.531058161839,0.0,s352,s352,0.0,0.0,1,1,0.0725,0.0,7.819,1.26,0.0,1,0.0,0,0.0,0,0.0,0.0,0,0.0,1,,,
122600619,RES1-1SNB,RES,0.75,S,1,2447.0,3188,401315.62830377644,200657.81415188822,89.83374,2015,X,4.13,,481576755023011,-95.738743850391,29.538796956709,0.0,s353,s353,0.0,0.0,0,1,0.0,0.0,9.148,0.34,0.0,1,0.0,0,0.0,0,0.0,0.0,0,0.0,1,,,
122690025,RES1-2SNB,RES,0.75,S,2,3464.0,2018,814942.1105735166,407471.0552867583,67.26206,1998,X,6.02,,481576744015013,-95.606133672219,29.559455308003,0.0,s354,s354,0.0,0.0,1,1,0.0,0.0,7.552,2.37,0.0,1,0.0,0,0.0,0,0.0,0.0,0,0.0,0,,,
122568969,AGR1,COM,0.25,S,1,1343.0,1343,133742.904162,193927.21103489998,77.88334,2013,AE,3.73,,481576747024007,-95.725703414038,29.571427590251,1.0,s355,s355,0.0,0.0,0,1,0.0,0.0,3.41,1.6,0.0,1,0.0,0,0.0,0,0.0,0.0,0,0.0,0,,,
122598206,RES1-1SNB,RES,2.0,C,1,1423.0,2006,167207.22069412243,83603.61034706121,101.00826,1979,X,3.1,,481576749001011,-95.773065949098,29.58378822238,0.0,s356,s356,0.0,0.0,1,1,0.0,0.0,8.294,18.47,0.0,1,0.0,0,0.0,0,0.0,0.0,0,0.0,0,,,
122636039,RES1-1SNB,RES,0.75,S,1,3131.0,3212,461884.43726342166,230942.21863171083,84.96621,2015,X,5.35,,481576755022023,-95.7270029973,29.526477315549,0.0,s357,s357,0.0,0.0,1,1,0.0,0.0,9.852,0.01,0.0,1,0.0,0,0.0,0,0.0,0.0,0,0.0,0,,,
122620035,COM3,COM,0.25,S,1,11164.0,11164,1424989.8585987873,2137484.787898181,103.868065,1987,X,3.81,,481576753003041,-95.810693218402,29.558536222706,0.0,s358,s358,0.0,0.0,1,1,0.0,0.0,1.78,3.35,0.0,1,0.0,0,0.0,0,0.0,0.0,0,0.0,0,,,
122484424,RES1-1SNB,RES,0.75,S,1,1694.0,2077,185897.0641387504,92948.5320693752,99.10589,2008,X,3.71,,481576751011001,-95.782805179987,29.553541677984,0.0,s359,s359,0.0,0.0,0,1,0.0,0.0,6.342,0.69,0.0,1,0.0,0,0.0,0,0.0,0.0,0,0.0,0,,,
122623932,RES1-3SNB,RES,0.75,S,3,2546.0,3226,600433.4694118942,300216.7347059471,82.428604,2015,X,0.0,,481576755031034,-95.73474314824,29.509116687126,0.0,s360,s360,0.0,0.0,0,1,0.0,0.0,2.059,0.49,0.0,1,0.0,0,0.0,0,0.0,0.0,0,0.0,0,,,
122554949,RES1-1SNB,RES,0.75,S,1,3227.0,3132,483617.7965657808,241808.8982828904,89.43322,2015,X,4.26,,481576755023012,-95.734448818098,29.534317833679,0.0,s361,s361,0.0,0.0,1,1,0.0,0.0,11.212,0.71,0.0,1,0.0,0,0.0,0,0.0,0.0,0,0.0,0,,,
122583083,RES1-2SNB,RES,0.75,S,2,4047.0,3383,925579.8310654155,462789.91553270776,69.39044,2002,X,6.36,,481576746022012,-95.67023003185,29.560929988829,1.0,s362,s362,0.0,0.0,1,1,0.0,0.0,15.878,2.38,0.0,1,0.0,0,0.0,0,0.0,0.0,0,0.0,0,,,
122480234,RES1-1SNB,RES,0.75,S,1,3016.0,4571,372791.6511053858,186395.8255526929,96.78899,2013,X,3.95,,481576747023021,-95.759705953853,29.57125508894,0.0,s363,s363,0.0,0.0,1,1,0.0,0.0,10.204,20.98,0.0,1,0.0,0,0.0,0,0.0,0.0,0,0.0,0,,,
122589701,RES1-2SNB,RES,0.75,S,2,1842.0,1878,409005.679940062,204502.839970031,82.65845,1987,X,4.81,,481576736003019,-95.737138068181,29.614154971986,0.0,s364,s364,0.0,0.0,1,1,0.0,0.0,10.431,2.78,0.0,1,0.0,0,0.0,0,0.0,0.0,0,0.0,0,,,
122743979,RES1-2SNB,RES,0.75,S,2,1484.0,1500,429930.08699017146,214965.04349508573,71.54623,1988,X,0.0,,481576746011002,-95.680552172208,29.562150179233,1.0,s365,s365,0.0,0.0,1,1,0.0,0.0,7.849,2.54,0.0,1,0.0,0,0.0,0,0.0,0.0,0,0.0,1,,,
122453511,RES1-2SNB,RES,0.75,S,2,3663.0,2837,750675.3162833581,375337.6581416791,81.585144,2003,X,4.23,,481576728011002,-95.675154918441,29.620066773895,0.0,s366,s366,0.0,0.0,1,1,0.0,0.0,10.262,7.02,0.0,1,0.0,0,0.0,0,0.0,0.0,0,0.0,1,,,
122566352,RES1-1SNB,RES,0.75,S,1,3550.0,4284,846905.1983401969,423452.59917009843,70.45519,2002,X,5.6,,481576746022019,-95.667897351872,29.550106674816,1.0,s367,s367,0.0,0.0,1,1,0.0,0.0,3.288,3.61,0.0,1,0.0,0,0.0,0,0.0,0.0,0,0.0,0,,,
122620734,RES1-2SNB,RES,0.75,S,2,2608.0,1689,199740.09159999999,99870.04579999999,102.68159,1987,X,4.14,,481576753001031,-95.81067837426,29.556313327311,0.0,s368,s368,0.0,0.0,1,1,0.0,0.0,1.881,3.67,0.0,1,0.0,0,0.0,0,0.0,0.0,0,0.0,0,,,
122536544,RES1-2SNB,RES,0.75,S,2,10054.0,5027,2097883.3290409325,1048941.6645204662,89.41338,2012,X,5.09,,481576734043003,-95.783440922114,29.641655224654,0.0,s369,s369,0.0,0.0,0,1,0.0,0.0,2.14,5.22,0.0,1,0.0,0,0.0,0,0.0,0.0,0,0.0,0,,,
122557981,AGR1,COM,0.25,S,1,2321.0,2321,258810.58482206875,375275.34799199965,87.92509,2012,X,3.92,,481576734043017,-95.776239637252,29.633686358111,0.0,s370,s370,0.0,0.0,0,1,0.0,0.0,3.561,3.59,0.0,1,0.0,0,0.0,0,0.0,0.0,0,0.0,0,,,
122463313,RES1-1SNB,RES,0.75,S,1,1431.0,877,386650.79594861116,193325.39797430558,74.69242,2004,X,0.0,,481576746042004,-95.717462897802,29.549120819957,1.0,s371,s371,0.0,0.0,1,1,0.0,0.0,4.662,5.15,0.0,1,0.0,0,0.0,0,0.0,0.0,0,0.0,0,,,
122538191,RES1-2SNB,RES,0.75,S,2,3715.0,4464,741250.2922571744,370625.1461285872,91.48164,2010,X,6.57,,481576734014002,-95.789469495717,29.613625322594,0.0,s372,s372,0.0,0.0,0,1,0.0,0.0,7.387,10.2,0.0,1,0.0,0,0.0,0,0.0,0.0,0,0.0,0,,,
122689953,RES1-1SNB,RES,0.75,S,1,2632.0,3362,714047.9428152784,357023.9714076392,67.56303,2013,X,4.63,,481576744021004,-95.602790101745,29.540355389523,1.0,s373,s373,0.0,0.0,1,1,0.0,0.0,7.055,0.24,0.0,1,0.0,0,0.0,0,0.0,0.0,0,0.0,0,,,
122566421,RES1-1SNB,RES,0.75,S,1,2089.0,2655,579099.4924148284,289549.7462074142,69.79213,2002,X,4.73,,481576746025003,-95.668743458094,29.544402988222,1.0,s374,s374,0.0,0.0,1,1,0.0,0.0,2.261,5.63,0.0,1,0.0,0,0.0,0,0.0,0.0,0,0.0,0,,,
122565439,RES1-2SNB,RES,0.75,S,2,5281.0,3740,1141661.3646708853,570830.6823354426,71.29685,1998,X,6.99,,481576744011012,-95.642969606233,29.570051142952,0.0,s375,s375,0.0,0.0,1,1,0.0,0.0,5.464,2.32,0.0,1,0.0,0,0.0,0,0.0,0.0,0,0.0,0,,,
122569708,RES1-1SNB,RES,0.75,S,1,2455.0,2978,566243.7298118458,283121.8649059229,83.40917,2010,AE,4.92,,481576734011020,-95.747234907364,29.59983318927,1.0,s376,s376,0.0,0.0,1,1,0.0,0.0,3.726,1.64,0.0,1,0.0,0,0.0,0,0.0,0.0,0,0.0,0,,,
122577074,RES1-2SNB,RES,0.75,S,2,3541.0,2713,425679.41536369355,212839.70768184678,79.14269,1994,X,6.04,,481576738012009,-95.694616742612,29.581658796762,0.0,s377,s377,0.0,0.0,1,1,0.0,0.0,23.888,4.4,0.0,1,0.0,0,0.0,0,0.0,0.0,0,0.0,0,,,
122620810,REL1,PUB,0.25,S,1,21218.0,21218,3264038.9625000004,2121625.3256250005,93.36238,1979,X,0.0,36995406,481576749002020,-95.760479002788,29.582983930718,0.0,s378,s378,0.0,0.0,1,1,0.1159,0.0,41.122,27.72,0.0,1,0.0,0,0.0,0,0.0,0.0,0,0.0,1,,,
122470991,RES1-2SNB,RES,0.75,S,2,3011.0,2214,586263.2390148459,293131.61950742296,82.60877,1987,X,5.82,,481576736001004,-95.733220575117,29.611018420067,0.0,s379,s379,0.0,0.0,1,1,0.0,0.0,2.365,6.35,0.0,1,0.0,0,0.0,0,0.0,0.0,0,0.0,0,,,
122443923,RES1-2SNB,RES,0.75,S,2,3629.0,1788,841449.7949560428,420724.8974780214,72.25177,1987,X,6.13,,481576740011023,-95.628658084531,29.576500259847,0.0,s380,s380,0.0,0.0,0,1,0.0,0.0,16.875,6.65,0.0,1,0.0,0,0.0,0,0.0,0.0,0,0.0,0,,,
122452074,RES1-2SNB,RES,0.75,S,2,4379.0,3271,981303.4455123458,490651.7227561729,74.32981,1995,X,5.07,,481576739041012,-95.671580073227,29.591878925605,1.0,s381,s381,0.0,0.0,1,1,0.0,0.0,13.52,3.28,0.0,1,0.0,0,0.0,0,0.0,0.0,0,0.0,0,,,
122559489,RES1-2SWB,RES,2.0,B,2,910.0,455,303653.5648902614,151826.7824451307,94.25807,2012,X,0.32,,481576734043019,-95.807222161644,29.632398820226,0.0,s382,s382,0.0,0.0,0,1,0.0,0.0,6.217,4.17,0.0,1,0.0,0,0.0,0,0.0,0.0,0,0.0,0,,,
122682777,RES1-2SNB,RES,0.75,S,2,4370.0,2525,957638.6623182065,478819.33115910325,70.34661,1987,X,6.32,,481576740011019,-95.623800856389,29.57574696289,1.0,s383,s383,0.0,0.0,1,1,0.0,0.0,6.259,4.36,0.0,1,0.0,0,0.0,0,0.0,0.0,0,0.0,0,,,
122590852,RES1-1SNB,RES,0.75,S,1,1211.0,2091,174069.83589999998,87034.91794999999,97.912506,1981,X,3.29,,481576751023005,-95.784327137992,29.546821395436,0.0,s384,s384,0.0,0.0,1,1,0.0,0.0,2.598,10.78,0.0,1,0.0,0,0.0,0,0.0,0.0,0,0.0,0,,,
122695836,RES1-1SWB,RES,2.0,B,1,3382.0,4288,414593.7901493447,207296.89507467236,67.135445,1988,X,3.93,,481576740022035,-95.609382481077,29.589819634424,1.0,s385,s385,0.0,0.0,1,1,0.1559,0.0,2.521,1.03,0.0,1,0.0,0,0.0,0,0.0,0.0,0,0.0,1,,,
122478903,RES1-1SNB,RES,0.75,S,1,1950.0,2624,317505.28367434005,158752.64183717003,83.19193,2013,X,4.78,,481576747024064,-95.749763728518,29.552832932595,1.0,s386,s386,0.0,0.0,1,1,0.0,0.0,18.936,16.76,0.0,1,0.0,0,0.0,0,0.0,0.0,0,0.0,0,,,
122621708,RES1-1SNB,RES,0.75,S,1,1482.0,2044,291678.55968238815,145839.27984119407,85.62409,2015,X,5.18,,481576755022014,-95.719876552731,29.530644740948,0.0,s387,s387,0.0,0.0,1,1,0.0583,0.0,6.492,2.71,0.0,1,0.0,0,0.0,0,0.0,0.0,0,0.0,1,,,
122612540,RES1-1SNB,RES,0.75,S,1,1725.0,1300,178893.05205000003,89446.52602500001,101.498344,1983,X,5.12,,481576750001058,-95.802653519141,29.558581410194,0.0,s388,s388,0.0,0.0,1,1,0.0,0.0,2.018,14.83,0.0,1,0.0,0,0.0,0,0.0,0.0,0,0.0,0,,,
122590984,RES3D,RES,2.0,C,2,9586.0,4793,1256244.9426743386,439685.72993601847,99.0703,1981,X,5.86,,481576751021003,-95.786415012984,29.554250423284,0.0,s389,s389,0.0,0.0,1,1,0.0,0.0,2.721,1.69,0.0,1,0.0,0,0.0,0,0.0,0.0,0,0.0,0,,,
122538284,RES1-2SNB,RES,0.75,S,2,4604.0,2302,868029.6602071538,434014.8301035769,88.5538,2010,X,4.22,,481576734014002,-95.785323453186,29.60942514242,0.0,s390,s390,0.0,0.0,0,1,0.0,0.0,32.836,20.41,0.0,1,0.0,0,0.0,0,0.0,0.0,0,0.0,1,,,
122623788,RES1-1SNB,RES,0.75,S,1,1828.0,2431,467892.4646217262,233946.2323108631,82.48388,2015,X,1.48,,481576755031034,-95.736889661246,29.51184142253,0.0,s391,s391,0.0,0.0,1,1,0.0,0.0,14.161,1.38,0.0,1,0.0,0,0.0,0,0.0,0.0,0,0.0,0,,,
122640972,RES1-1SNB,RES,0.75,S,1,1249.0,1839,323262.64856713486,161631.32428356743,86.013794,2015,X,4.72,,481576755031017,-95.747714596881,29.518480855364,0.0,s392,s392,0.0,0.0,1,1,0.0,0.0,2.562,0.21,0.0,1,0.0,0,0.0,0,0.0,0.0,0,0.0,0,,,
122619324,RES1-1SNB,RES,0.75,S,1,1468.0,1735,120061.01500000001,60030.50750000001,95.27652,1978,X,6.91,,481576748002022,-95.765364714004,29.569304567835,0.0,s393,s393,0.0,0.0,1,1,0.0,0.0,8.335,6.11,0.0,1,0.0,0,0.0,0,0.0,0.0,0,0.0,0,,,
122541585,RES1-1SNB,RES,0.75,S,1,1419.0,1921,443632.0891836898,221816.0445918449,93.11275,2013,AE,1.73,,481576734022021,-95.814177516056,29.633869534599,0.0,s394,s394,0.0,0.0,1,1,0.0,0.0,3.743,2.22,0.0,1,0.0201,0,0.0,0,0.0,0.0,0,0.0,0,,,
122547772,RES3A,RES,0.5,S,2,7286.0,3643,1094805.9761103143,383182.09163860994,69.305275,2013,X,5.97,,481576744024003,-95.627844530696,29.554141904746,0.0,s395,s395,0.0,0.0,1,1,0.0,0.0,12.156,1.14,0.0,1,0.0,0,0.0,0,0.0,0.0,0,0.0,1,,,
122590631,RES1-2SNB,RES,0.75,S,2,2184.0,1865,214808.5085819072,107404.2542909536,98.81888,2008,X,4.51,,481576751011002,-95.778587008794,29.551798386349,0.0,s396,s396,0.0,0.0,1,1,0.0,0.0,6.948,3.59,0.0,1,0.0,0,0.0,0,0.0,0.0,0,0.0,0,,,
122532966,COM8,COM,0.25,S,3,30111.0,10037,5958101.391144998,6851816.599816748,92.06944,2015,X,9.47,,481576755021037,-95.746894420542,29.540891798186,0.0,s397,s397,0.0,0.0,1,1,0.0,0.0,12.248,2.66,0.0,1,0.0048,0,0.0,0,0.0,0.0,0,0.0,0,,,
122443546,RES1-2SNB,RES,0.75,S,2,3358.0,1666,790624.2474042893,395312.12370214466,72.1163,1987,X,6.05,,481576740011000,-95.629591591948,29.578510649147,1.0,s398,s398,0.0,0.0,1,1,0.0,0.0,21.627,4.81,0.0,1,0.0029,0,0.0,0,0.0,0.0,0,0.0,0,,,
122695411,RES1-2SNB,RES,0.75,S,2,2555.0,1958,302120.02252073644,151060.01126036822,66.97703,1988,X,6.14,,481576740021002,-95.607558977568,29.590338671576,1.0,s399,s399,0.0,0.0,1,1,0.0,0.0,3.504,1.78,0.0,1,0.0,0,0.0,0,0.0,0.0,0,0.0,1,,,
122589695,RES1-1SNB,RES,0.75,S,1,2004.0,2402,434839.73277786496,217419.86638893248,82.534004,1987,X,3.74,,481576736003019,-95.737515096369,29.614659427058,0.0,s400,s400,0.0,0.0,1,1,0.0,0.0,15.611,2.47,0.0,1,0.0,0,0.0,0,0.0,0.0,0,0.0,0,,,
122467640,RES1-1SNB,RES,0.75,S,1,4278.0,3869,832105.0022766418,416052.5011383209,84.43117,2012,X,4.85,,481576735012015,-95.732546128024,29.638007435158,0.0,s401,s401,0.0,0.0,0,1,0.0,0.0,9.596,3.4,0.0,1,0.0,0,0.0,0,0.0,0.0,0,0.0,0,,,
122582317,RES1-2SNB,RES,0.75,S,2,4133.0,2698,954278.9178456065,477139.4589228032,73.35153,2009,X,5.75,,481576739022009,-95.654980921248,29.584460685619,0.0,s402,s402,0.0,0.0,1,1,0.0,0.0,9.946,3.19,0.0,1,0.0,0,0.0,0,0.0,0.0,0,0.0,0,,,
122624950,RES1-1SNB,RES,0.75,S,1,1892.0,2437,369508.0024215449,184754.00121077246,82.29486,2015,X,0.73,,481576755024011,-95.738953134166,29.516909735731,0.0,s403,s403,0.0,0.0,0,1,0.0,0.0,12.367,2.88,0.0,1,0.0,0,0.0,0,0.0,0.0,0,0.0,0,,,
122625643,RES1-2SNB,RES,0.75,S,2,1929.0,1872,474987.83701788215,237493.91850894107,85.8155,2015,X,5.31,,481576755031012,-95.746477788003,29.517692417656,0.0,s404,s404,0.0,0.0,1,1,0.0,0.0,3.189,0.58,0.0,1,0.0,0,0.0,0,0.0,0.0,0,0.0,0,,,
122590352,AGR1,COM,0.25,S,1,110.68,1793,9880.38465,14326.5577425,88.72052,1979,X,0.92,,481576749003018,-95.767858538452,29.592628122763,0.0,s405,s405,0.0,0.0,1,1,0.0,0.0,4.034,7.01,0.0,1,0.0,0,0.0,0,0.0,0.0,0,0.0,0,,,
122596697,RES1-2SNB,RES,0.75,S,2,4466.0,3465,1010548.3082445794,505274.1541222897,75.88117,2009,X,6.68,,481576739022020,-95.654156627588,29.591150248840002,0.0,s406,s406,0.0,0.0,1,1,0.0,0.0,12.401,1.39,0.0,1,0.0,0,0.0,0,0.0,0.0,0,0.0,1,,,
122536452,RES1-1SNB,RES,0.75,S,1,2354.0,3543,627365.3327534198,313682.6663767099,90.36515,2012,X,4.48,,481576734043003,-95.784716714525,29.644418942929,0.0,s407,s407,0.0,0.0,0,1,0.0,0.0,2.181,3.72,0.0,1,0.0,0,0.0,0,0.0,0.0,0,0.0,0,,,
122482498,RES1-2SNB,RES,0.75,S,2,3023.0,3440,301246.3834484264,150623.1917242132,97.24596,2008,X,5.37,,481576751013013,-95.765240855863,29.547163726627,0.0,s408,s408,0.0,0.0,1,1,0.0,0.0,2.294,2.08,0.0,1,0.0,0,0.0,0,0.0,0.0,0,0.0,0,,,
122521943,RES1-2SNB,RES,0.75,S,2,3745.0,4161,887702.3184334064,443851.1592167032,72.0066,2002,X,5.03,,481576746022017,-95.669824544166,29.55389305977,1.0,s409,s409,0.0,0.0,1,1,0.0,0.0,10.589,6.1,0.0,1,0.0,0,0.0,0,0.0,0.0,0,0.0,0,,,
122607476,RES1-2SNB,RES,0.75,S,2,2997.0,1849,480610.6898764967,240305.34493824834,75.542755,1997,X,5.31,,481576738022011,-95.695667075652,29.585899869333,1.0,s410,s410,0.0,0.0,1,1,0.0,0.0,20.872,5.49,0.0,1,0.0,0,0.0,0,0.0,0.0,0,0.0,0,,,
122457851,RES1-2SNB,RES,0.75,S,2,3483.0,2355,850229.6153251809,425114.80766259047,83.13643,2015,X,5.99,,481576729012052,-95.686720903252,29.620165617808,0.0,s411,s411,0.0,0.0,1,1,0.0,0.0,12.0,7.02,0.0,1,0.0,0,0.0,0,0.0,0.0,0,0.0,1,,,
122568312,RES1-1SNB,RES,0.75,S,1,2694.0,4260,380966.24018024956,190483.12009012478,75.944695,2013,X,4.36,,481576747021013,-95.707800024989,29.563929208963,1.0,s412,s412,0.0,0.0,1,1,0.0,0.0,9.596,5.49,0.0,1,0.0,0,0.0,0,0.0,0.0,0,0.0,0,,,
122597649,RES1-1SNB,RES,0.75,S,1,2471.0,2933,544864.0879486193,272432.04397430964,83.31003,2004,X,4.49,,481576746041012,-95.706105172417,29.547920546148,0.0,s413,s413,0.0,0.0,1,1,0.0,0.0,22.802,10.15,0.0,1,0.0,0,0.0,0,0.0,0.0,0,0.0,0,,,
122540409,RES1-1SNB,RES,0.75,S,1,2848.0,2369,673319.4314236603,336659.7157118301,86.4393,2010,X,1.0,,481576734013001,-95.804742889691,29.597737172352,0.0,s414,s414,0.0,0.0,0,1,0.0,0.0,6.893,2.82,0.0,1,0.0,0,0.0,0,0.0,0.0,0,0.0,0,,,
122557927,RES1-1SNB,RES,0.75,S,1,2008.0,2008,546754.684325875,273377.3421629375,88.91847,2012,X,2.75,,481576734043012,-95.772501202309,29.641969212834,0.0,s415,s415,0.0,0.0,0,1,0.0,0.0,7.963,8.32,0.0,1,0.0,0,0.0,0,0.0,0.0,0,0.0,0,,,
122679796,COM8,COM,0.25,S,1,2735.0,2735,609366.8503316228,700771.8778813661,67.82543,1993,X,3.0,,481576742003000,-95.611279846647,29.566980432025,1.0,s416,s416,0.0,0.0,1,1,0.2305,0.0,6.787,1.29,0.0,1,0.0,0,0.0,0,0.0,0.0,0,0.0,0,,,
122476886,RES1-1SNB,RES,0.75,S,1,1720.0,2386,441051.71838413924,220525.85919206962,84.71941,2010,AE,3.93,,481576734011005,-95.747143901685,29.610019723989,0.0,s417,s417,0.0,0.0,1,1,0.0,0.0,31.869,1.4,0.0,1,0.0,0,0.0,0,0.0,0.0,0,0.0,0,,,
122636160,RES1-1SNB,RES,2.0,C,1,1658.0,1658,278889.66209386865,139444.83104693433,86.40505,2011,X,4.49,,481576755013011,-95.766722193686,29.510704426722,0.0,s418,s418,0.0,0.0,0,1,0.0,0.0,13.171,0.74,0.0,1,0.0,0,0.0,0,0.0,0.0,0,0.0,0,,,
122446648,RES1-2SNB,RES,0.75,S,2,5293.0,3909,1133073.0596933435,566536.5298466717,72.70203,2009,X,7.1,,481576739023001,-95.641145736077,29.590727329646,0.0,s419,s419,0.0,0.0,1,1,0.0,0.0,25.928,2.87,0.0,1,0.0,0,0.0,0,0.0,0.0,0,0.0,0,,,
122600932,RES1-1SNB,RES,0.75,S,1,1494.0,1494,121427.39640000001,60713.698200000006,96.17822,1978,X,6.72,,481576748002013,-95.766687922574,29.571178226275,0.0,s420,s420,0.0,0.0,1,1,0.0,0.0,5.107,4.82,0.0,1,0.0,0,0.0,0,0.0,0.0,0,0.0,0,,,
122452239,RES1-1SNB,RES,0.75,S,1,2546.0,3131,663807.8998333113,331903.94991665566,75.313515,2002,X,4.69,,481576746021015,-95.673472522099,29.542235186259,0.0,s421,s421,0.0,0.0,1,1,0.0,0.0,19.008,5.93,0.0,1,0.0,0,0.0,0,0.0,0.0,0,0.0,0,,,
122481118,RES1-1SNB,RES,0.75,S,1,2866.0,2262,778739.4140406274,389369.7070203137,85.128296,2012,AE,4.15,,481576734042004,-95.761122513939,29.635370238551,0.0,s422,s422,0.0,0.0,0,1,0.0,0.0,2.549,0.23,0.0,1,0.0,0,0.0,0,0.0,0.0,0,0.0,0,,,
122481789,RES1-2SNB,RES,0.75,S,2,1868.0,2269,568347.6590913147,284173.8295456573,85.842575,2012,AE,0.0,,481576734042004,-95.762468699051,29.645661222098,1.0,s423,s423,0.0,0.0,0,1,0.0,0.0,2.205,2.93,0.0,1,0.0,0,0.0,0,0.0,0.0,0,0.0,0,,,
122598523,RES1-1SNB,RES,0.75,S,1,2586.0,2652,167549.68035,83774.840175,96.83545,1981,X,3.93,,481576752004004,-95.795693321502,29.540031607888,0.0,s424,s424,0.0,0.0,1,1,0.0,0.0,1.225,6.7,0.0,1,0.0,0,0.0,0,0.0,0.0,0,0.0,0,,,
122570553,RES1-1SNB,RES,0.75,S,1,449.0,449,136227.09205196364,68113.54602598182,84.15169,2012,AE,1.3,,481576734042010,-95.763344192232,29.63381143703,1.0,s425,s425,0.0,0.0,0,1,0.0,0.0,1.665,4.97,0.0,1,0.0,0,0.0,0,0.0,0.0,0,0.0,0,,,
122475752,RES1-1SNB,RES,0.75,S,1,2302.0,2721,360520.59885897377,180260.29942948688,80.48708,1994,AE,0.09,,481576738013009,-95.746167259447,29.584192082271,1.0,s426,s426,0.0,0.0,0,1,0.0,0.0,1.63,2.97,0.0,1,0.0,0,0.0,0,0.0,0.0,0,0.0,0,,,
122445924,RES1-2SNB,RES,0.75,S,2,3032.0,2984,734801.629050823,367400.8145254115,69.92544,1993,X,4.67,,481576742002004,-95.635957669191,29.571734888168,1.0,s427,s427,0.0,0.0,1,1,0.0,0.0,25.379,1.04,0.0,1,0.0,0,0.0,0,0.0,0.0,0,0.0,0,,,
122533234,RES1-1SNB,RES,0.75,S,1,3059.0,3866,434293.193256025,217146.5966280125,70.77324,2013,X,0.0,,481576747023019,-95.747645146845,29.568412098945,1.0,s428,s428,0.0,0.0,0,1,0.021,0.0,9.481,3.3,0.0,1,0.0,0,0.0,0,0.0,0.0,0,0.0,0,,,
122499262,RES1-2SNB,RES,0.75,S,2,3618.0,4775,841128.0557802587,420564.02789012936,97.7823,2008,X,5.21,,481576733001036,-95.83369841675,29.63832470481,0.0,s429,s429,0.0,0.0,0,1,0.0,0.0,16.19,4.66,0.0,1,0.0,0,0.0,0,0.0,0.0,0,0.0,0,,,
122585315,RES1-1SNB,RES,0.75,S,1,2860.0,2415,641035.0807982015,320517.54039910075,87.62156,2010,X,4.52,,481576734011023,-95.754348456064,29.601753659257,0.0,s430,s430,0.0,0.0,1,1,0.0,0.0,34.37,19.73,0.0,1,0.0,0,0.0,0,0.0,0.0,0,0.0,1,,,
122616945,COM2,COM,0.25,S,1,9895.26,12534,1092471.4796255755,1529460.0714758055,103.7114,1987,X,3.19,,481576753001005,-95.812446739697,29.557486167385,0.0,s431,s431,0.0,0.0,1,1,0.0,0.0,2.816,2.62,0.0,1,0.0,0,0.0,0,0.0,0.0,0,0.0,0,,,
122583235,COM1,COM,0.25,S,1,5326.0,5326,836173.1835900856,1045216.479487607,74.77414,1996,X,4.16,,481576739032011,-95.674455193417,29.589340158918,1.0,s432,s432,0.0,0.0,1,1,0.0,0.0,15.107,0.93,0.0,1,0.0,0,0.0,0,0.0,0.0,0,0.0,0,,,
122568648,RES1-2SNB,RES,0.75,S,2,8205.0,9209,1408231.8835982813,704115.9417991407,75.59466,2004,X,5.4,,481576746042005,-95.723074027094,29.550797641609,1.0,s433,s433,0.0,0.0,1,1,0.0,0.0,3.931,9.97,0.0,1,0.0,0,0.0,0,0.0,0.0,0,0.0,1,,,
122556838,RES1-1SNB,RES,0.75,S,1,1574.0,2218,125465.72180000001,62732.86090000001,97.27172,1978,X,3.83,,481576748004001,-95.765070889527,29.561156100428,0.0,s434,s434,0.0,0.0,1,1,0.0,0.0,1.337,7.29,0.0,1,0.0,0,0.0,0,0.0,0.0,0,0.0,0,,,
122613458,RES1-2SNB,RES,0.75,S,2,2927.0,3201,288999.67092722305,144499.83546361153,96.26135,2008,X,5.57,,481576751013016,-95.76241650963,29.549757971638,0.0,s435,s435,0.0,0.0,1,1,0.0,0.0,12.048,4.84,0.0,1,0.0,0,0.0,0,0.0,0.0,0,0.0,0,,,
122536462,RES1-1SNB,RES,0.75,S,1,2736.0,3681,695002.0662569449,347501.03312847245,91.461395,2012,X,4.07,,481576734043003,-95.786784398722,29.645434239957,0.0,s436,s436,0.0,0.0,0,1,0.0,0.0,2.143,1.29,0.0,1,0.0,0,0.0,0,0.0,0.0,0,0.0,0,,,
122530985,RES1-1SNB,RES,0.75,S,1,1287.0,1904,300248.5561758552,150124.2780879276,83.05008,1987,X,3.25,,481576736003022,-95.736108860833,29.61319108687,0.0,s437,s437,0.0,0.0,1,1,0.0,0.0,3.297,1.95,0.0,1,0.0,0,0.0,0,0.0,0.0,0,0.0,0,,,
122617483,RES1-1SNB,RES,2.0,C,1,589.0,589,60897.36163652365,30448.680818261826,100.48441,1981,X,2.76,,481576752001034,-95.803855910595,29.554601882047,0.0,s438,s438,0.0,0.0,1,1,0.0,0.0,2.44,9.38,0.0,1,0.0,0,0.0,0,0.0,0.0,0,0.0,0,,,
122666568,RES1-2SNB,RES,0.75,S,2,6017.0,3039,1183728.7760184277,591864.3880092138,67.23189,1998,X,5.33,,481576744014015,-95.605520281814,29.562963953209,0.0,s439,s439,0.0,0.0,1,1,0.0,0.0,7.087,4.05,0.0,1,0.0,0,0.0,0,0.0,0.0,0,0.0,0,,,
122667573,RES1-2SNB,RES,0.75,S,2,2828.0,1778,317735.4980126988,158867.7490063494,66.681725,1988,X,5.3,,481576740021011,-95.61122171278,29.584145907319,1.0,s440,s440,0.0,0.0,1,1,0.0,0.0,2.734,1.81,0.0,1,0.0,0,0.0,0,0.0,0.0,0,0.0,0,,,
122482343,RES1-1SNB,RES,0.75,S,1,3500.0,3948,341592.13772229804,170796.06886114902,97.41677,2008,X,4.84,,481576751013015,-95.765027809009,29.5480404756,0.0,s441,s441,0.0,0.0,1,1,0.0,0.0,2.324,0.38,0.0,1,0.0,0,0.0,0,0.0,0.0,0,0.0,0,,,
122552556,RES1-2SNB,RES,0.75,S,2,3203.0,1992,790227.8152025621,395113.90760128107,84.20163,2015,X,5.8,,481576729012053,-95.687963695653,29.627441778936,0.0,s442,s442,0.0,0.0,1,1,0.0,0.0,8.076,27.13,0.0,1,0.0,0,0.0,0,0.0,0.0,0,0.0,0,,,
122536449,RES1-1SNB,RES,0.75,S,1,2677.0,3363,680877.0745473781,340438.53727368906,94.43022,2012,X,4.9,,481576734043003,-95.793166507615,29.641053681964,0.0,s443,s443,0.0,0.0,0,1,0.0,0.0,7.512,1.57,0.0,1,0.0,0,0.0,0,0.0,0.0,0,0.0,0,,,
122570879,AGR1,COM,0.25,S,1,218.4,1092,19496.528250000003,28269.965962500002,99.40879,1979,X,1.05,,481576749001014,-95.769932352604,29.581349988691,0.0,s444,s444,0.0,0.0,1,1,0.0,0.0,13.617,15.41,0.0,1,0.0,0,0.0,0,0.0,0.0,0,0.0,0,,,
122532056,RES1-1SNB,RES,0.75,S,1,3647.0,2832,531810.4789846549,265905.23949232744,89.46953,2015,X,2.42,,481576755023001,-95.733006360885,29.534167914244,0.0,s445,s445,0.0,0.0,0,1,0.0,0.0,11.524,1.43,0.0,1,0.0,0,0.0,0,0.0,0.0,0,0.0,0,,,
122553111,RES1-2SNB,RES,0.75,S,2,2862.0,2166,387815.70376495447,193907.85188247723,76.26068,2013,X,4.86,,481576747021010,-95.714785966064,29.564055757399,1.0,s446,s446,0.0,0.0,1,1,0.0,0.0,12.507,0.54,0.0,1,0.0,0,0.0,0,0.0,0.0,0,0.0,0,,,
122568943,RES1-2SNB,RES,0.75,S,2,2145.0,1583,456852.6004692178,228426.3002346089,81.679214,1987,X,4.36,,481576736002021,-95.724552398952,29.61428672306,0.0,s447,s447,0.0,0.0,1,1,0.0,0.0,7.501,2.47,0.0,1,0.0,0,0.0,0,0.0,0.0,0,0.0,0,,,
122621655,RES1-2SNB,RES,0.75,S,2,2312.0,2028,396500.27112140233,198250.13556070116,86.00505,2015,X,5.28,,481576755022014,-95.717253842406,29.534207621619,0.0,s448,s448,0.0,0.0,1,1,0.08,0.0,7.403,2.32,0.0,1,0.0,0,0.0,0,0.0,0.0,0,0.0,0,,,
122532050,RES1-1SNB,RES,0.75,S,1,2858.0,2835,465588.57703622733,232794.28851811367,89.02458,2015,X,3.09,,481576755023001,-95.730229218326,29.532829280404,0.0,s449,s449,0.0,0.0,0,1,0.0,0.0,11.735,0.15,0.0,1,0.0,0,0.0,0,0.0,0.0,0,0.0,0,,,
122448811,RES1-2SNB,RES,0.75,S,2,2940.0,2435,741871.3200065842,370935.6600032921,74.19558,2002,X,5.64,,481576746022003,-95.654090703544,29.559858546887,0.0,s450,s450,0.0,0.0,1,1,0.0,0.0,27.091,2.74,0.0,1,0.0,0,0.0,0,0.0,0.0,0,0.0,0,,,
122481949,RES1-1SNB,RES,0.75,S,1,1814.0,2223,550241.4822900185,275120.74114500923,89.00586,2012,X,0.04,,481576734042004,-95.765137145125,29.643621826728,0.0,s451,s451,0.0,0.0,0,1,0.0,0.0,13.558,0.64,0.0,1,0.0,0,0.0,0,0.0,0.0,0,0.0,0,,,
122590537,RES1-1SNB,RES,2.0,C,1,848.0,1147,105036.0465,52518.02325,102.09735,1979,X,3.71,,481576749004022,-95.774703204111,29.58598458755,0.0,s452,s452,0.0,0.0,1,1,0.0,0.0,8.048,14.25,0.0,1,0.0,0,0.0,0,0.0,0.0,0,0.0,0,,,
122622635,RES1-1SNB,RES,0.75,S,1,1693.0,2191,317052.8994616893,158526.44973084464,85.6163,2015,X,5.09,,481576755022018,-95.727631312816,29.530260158962,0.0,s453,s453,0.0,0.0,1,1,0.0,0.0,7.232,0.62,0.0,1,0.0,0,0.0,0,0.0,0.0,0,0.0,0,,,
122689831,RES1-2SNB,RES,0.75,S,2,4016.0,3204,959097.2276629253,479548.61383146263,68.54642,2013,X,6.45,,481576744023000,-95.600331794629,29.546737012919,0.0,s454,s454,0.0,0.0,1,1,0.0,0.0,7.654,4.14,0.0,1,0.0,0,0.0,0,0.0,0.0,0,0.0,0,,,
122478906,RES1-1SNB,RES,0.75,S,1,1549.0,2142,275294.9983546793,137647.49917733966,91.32227,2013,X,4.22,,481576747024064,-95.751996905667,29.554990817706,0.0,s455,s455,0.0,0.0,1,1,0.0,0.0,26.737,13.68,0.0,1,0.0,0,0.0,0,0.0,0.0,0,0.0,0,,,
122593495,RES1-2SNB,RES,0.75,S,2,3905.0,3346,783951.1812802207,391975.5906401104,81.010735,2003,X,5.57,,481576728011008,-95.676939021689,29.620438708247,0.0,s456,s456,0.0,0.0,1,1,0.0,0.0,9.854,6.14,0.0,1,0.0,0,0.0,0,0.0,0.0,0,0.0,1,,,
122471559,RES1-1SNB,RES,0.75,S,1,3273.0,2846,494988.99706882314,247494.49853441157,89.838524,2015,X,3.93,,481576755023009,-95.732636897775,29.537906126646,0.0,s457,s457,0.0,0.0,0,1,0.0464,0.0,9.887,1.17,0.0,1,0.0,0,0.0,0,0.0,0.0,0,0.0,0,,,
122557372,GOV1,PUB,0.25,S,2,39246.0,19623,3837892.5833715373,2686524.808360076,99.468346,1978,X,7.42,,481576748001010,-95.772848499814,29.570660139351,0.0,s458,s458,0.0,0.0,1,1,0.0,0.0,4.25,7.69,0.0,1,0.0,0,0.0,0,0.0,0.0,0,0.0,0,,,
122460698,RES1-1SNB,RES,0.75,S,1,2184.0,2529,642355.403665566,321177.701832783,80.59916,2015,X,0.08,,481576729012070,-95.697130880259,29.625612624427,0.0,s459,s459,0.0,0.0,0,1,0.0,0.0,11.796,5.27,0.0,1,0.0,0,0.0,0,0.0,0.0,0,0.0,0,,,
122479221,RES1-1SNB,RES,0.75,S,1,1708.0,2185,430292.1090519096,215146.0545259548,84.613815,2010,X,4.2,,481576734012009,-95.749040519286,29.624774051676,0.0,s460,s460,0.0,0.0,1,1,0.0,0.0,3.778,1.91,0.0,1,0.0,0,0.0,0,0.0,0.0,0,0.0,0,,,
122472700,RES1-2SNB,RES,0.75,S,2,2582.0,1978,570544.7959759978,285272.3979879989,85.190636,1992,X,5.18,,481576735022006,-95.735385453122,29.63470293844,0.0,s461,s461,0.0,0.0,1,1,0.0,0.0,3.343,7.66,0.0,1,0.0,0,0.0,0,0.0,0.0,0,0.0,0,,,
122614459,RES1-1SNB,RES,2.0,C,1,1056.0,1340,293788.546788,146894.273394,134.27669,2016,X,3.5,,481576732023112,-95.898334952765,29.692480415035,0.0,s462,s462,0.0,0.0,0,1,0.0,0.0,22.226,21.95,0.0,1,0.0,0,0.0,0,0.0,0.0,0,0.0,0,,,
122550301,RES1-2SNB,RES,0.75,S,2,3024.0,2966,737922.2524056169,368961.12620280846,75.660065,1995,X,5.3,,481576739042005,-95.668407417284,29.594787242148,1.0,s463,s463,0.0,0.0,1,1,0.0,0.0,13.371,0.76,0.0,1,0.0,0,0.0,0,0.0,0.0,0,0.0,0,,,
122481846,RES1-2SNB,RES,0.75,S,2,1959.0,2445,585044.5039079876,292522.2519539938,85.60771,2012,AE,0.0,,481576734042004,-95.76469850863,29.637865951223,0.0,s464,s464,0.0,0.0,0,1,0.0,0.0,8.462,0.35,0.0,1,0.0,0,0.0,0,0.0,0.0,0,0.0,0,,,
122569610,RES1-1SNB,RES,0.75,S,1,2522.0,2125,570038.7059115837,285019.35295579187,84.20633,2010,X,4.3,,481576734012020,-95.74819080956,29.623666544542,0.0,s465,s465,0.0,0.0,1,1,0.0,0.0,4.091,1.82,0.0,1,0.0,0,0.0,0,0.0,0.0,0,0.0,0,,,
122576431,COM8,COM,0.25,S,1,908.0,2724,209971.37147215032,241467.07719297285,79.51786,2005,X,1.36,,481576728022007,-95.683419615709,29.611025775112,0.0,s466,s466,0.0,0.0,1,1,0.0214,0.0,4.364,3.31,0.0,1,0.0,0,0.0,0,0.0,0.0,0,0.0,0,,,
122590880,RES1-1SNB,RES,0.75,S,1,1244.0,1652,177580.7855,88790.39275,97.77423,1981,X,3.67,,481576751023005,-95.785134434571,29.547075929494,0.0,s467,s467,0.0,0.0,1,1,0.0,0.0,2.328,11.0,0.0,1,0.0,0,0.0,0,0.0,0.0,0,0.0,0,,,
122481665,RES1-2SNB,RES,0.75,S,2,1777.0,2322,541143.0835706792,270571.5417853396,85.71528,2012,AE,0.0,,481576734042004,-95.764171286977,29.63843699425,0.0,s468,s468,0.0,0.0,0,1,0.0,0.0,11.548,2.5,0.0,1,0.0,0,0.0,0,0.0,0.0,0,0.0,0,,,
122585729,RES1-2SNB,RES,0.75,S,2,2502.0,1890,226965.27213569725,113482.63606784862,99.19268,2008,X,4.39,,481576751011004,-95.776296188936,29.553649892773,0.0,s469,s469,0.0,0.0,1,1,0.0,0.0,6.966,2.5,0.0,1,0.0,0,0.0,0,0.0,0.0,0,0.0,0,,,
122478524,RES1-2SNB,RES,5.25,P,2,3278.0,1947,758580.1901929817,379290.09509649087,89.00262,2012,X,5.22,,481576734041026,-95.756273440137,29.650924556669,0.0,s470,s470,0.0,0.0,0,1,0.0,0.0,14.684,7.49,0.0,1,0.0,0,0.0,0,0.0,0.0,0,0.0,0,,,
122623553,RES1-1SNB,RES,0.75,S,1,2439.0,2506,571525.4439107964,285762.7219553982,82.97582,2015,X,0.81,,481576755031007,-95.731801983157,29.515897370255,0.0,s471,s471,0.0,0.0,0,1,0.0,0.0,10.728,1.79,0.0,1,0.0,0,0.0,0,0.0,0.0,0,0.0,0,,,
122532780,RES1-1SNB,RES,0.75,S,1,1995.0,2446,483279.6922501576,241639.8461250788,84.16968,2010,X,3.13,,481576734012021,-95.744943974708,29.620891137234,0.0,s472,s472,0.0,0.0,1,1,0.0,0.0,15.591,1.39,0.0,1,0.0,0,0.0,0,0.0,0.0,0,0.0,0,,,
122620180,RES1-1SNB,RES,0.75,S,1,2399.0,2985,402911.5761175755,201455.78805878776,85.6703,2015,X,4.0,,481576755022004,-95.714836260406,29.528820004913,0.0,s473,s473,0.0,0.0,1,1,0.0,0.0,6.707,1.05,0.0,1,0.0,0,0.0,0,0.0,0.0,0,0.0,0,,,
122457500,RES1-2SNB,RES,0.75,S,2,3128.0,2305,760721.860435409,380360.9302177045,76.47675,2003,X,5.88,,481576747011001,-95.688034125145,29.573684925515,1.0,s474,s474,0.0,0.0,1,1,0.0,0.0,23.574,12.76,0.0,1,0.0,0,0.0,0,0.0,0.0,0,0.0,1,,,
122466440,GOV1,PUB,0.25,S,1,3425.0,3425,570824.2764458612,399576.9935121028,76.55341,2013,X,4.52,,481576747021004,-95.717700315761,29.567477116979,1.0,s475,s475,0.0,0.0,1,1,0.0,0.0,9.857,10.47,0.0,1,0.0,0,0.0,0,0.0,0.0,0,0.0,0,,,
122490326,RES1-1SNB,RES,0.75,S,1,5059.0,4719,971483.6926547984,485741.8463273992,92.56733,2010,AE,4.5,,481576734014005,-95.806555599965,29.621452666525,1.0,s476,s476,0.0,0.0,0,1,0.0,0.0,10.357,6.54,0.0,1,0.0,0,0.0,0,0.0,0.0,0,0.0,0,,,
122566759,RES1-2SNB,RES,0.75,S,2,2056.0,1787,564226.7571009422,282113.3785504711,75.57658,2002,X,4.92,,481576746021006,-95.681392632286,29.545291252186,1.0,s477,s477,0.0,0.0,1,1,0.0,0.0,17.78,5.11,0.0,1,0.0,0,0.0,0,0.0,0.0,0,0.0,0,,,
122620290,RES1-2SNB,RES,0.75,S,2,2005.0,1808,367313.6132850552,183656.8066425276,85.910065,2015,X,6.02,,481576755022004,-95.715100982214,29.535176275005,0.0,s478,s478,0.0,0.0,1,1,0.0,0.0,8.205,2.27,0.0,1,0.0,0,0.0,0,0.0,0.0,0,0.0,0,,,
122666861,RES1-1SNB,RES,0.75,S,1,2089.0,2127,268338.1189384209,134169.05946921045,66.57581,1984,X,4.5,,481576741001014,-95.606804726303,29.582843128619,1.0,s479,s479,0.0,0.0,1,1,0.0,0.0,3.449,3.15,0.0,1,0.0,0,0.0,0,0.0,0.0,0,0.0,0,,,
122625197,RES1-1SNB,RES,0.75,S,1,2060.0,2660,385330.4499991324,192665.2249995662,84.96774,2015,X,0.83,,481576755024011,-95.744100365301,29.521953702183,0.0,s480,s480,0.0,0.0,0,1,0.0,0.0,8.503,1.21,0.0,1,0.0,0,0.0,0,0.0,0.0,0,0.0,0,,,
122468878,RES1-1SNB,RES,0.75,S,1,2944.0,1822,418710.670755516,209355.335377758,76.17674,2013,X,0.98,,481576747024024,-95.727013469741,29.559761477319,1.0,s481,s481,0.0,0.0,1,1,0.0,0.0,12.672,5.89,0.0,1,0.0,0,0.0,0,0.0,0.0,0,0.0,0,,,
122556039,RES1-1SNB,RES,0.75,S,1,3050.0,2550,483091.46739836416,241545.73369918208,94.918564,2015,X,1.0,,481576755021023,-95.75595770038,29.537321667478,0.0,s482,s482,0.0,0.0,0,1,0.0,0.0,10.003,2.66,0.0,1,0.0,0,0.0,0,0.0,0.0,0,0.0,0,,,
122593401,RES1-2SNB,RES,0.75,S,2,2566.0,1506,664910.2757819843,332455.13789099216,74.50681,1996,X,5.89,,481576739031005,-95.669282521248,29.589213069696,1.0,s483,s483,0.0,0.0,1,1,0.0,0.0,13.779,2.24,0.0,1,0.0,0,0.0,0,0.0,0.0,0,0.0,0,,,
122576346,RES1-2SNB,RES,0.75,S,2,2207.0,2318,600188.6745881401,300094.33729407005,77.79547,1995,X,5.22,,481576739041010,-95.681061722806,29.59787178885,0.0,s484,s484,0.0,0.0,1,1,0.0,0.0,5.559,3.17,0.0,1,0.0,0,0.0,0,0.0,0.0,0,0.0,0,,,
122666391,RES1-1SNB,RES,0.75,S,1,4012.0,3276,964702.8185199727,482351.40925998637,67.54592,2013,X,2.73,,481576744021006,-95.604544475236,29.540076165334,1.0,s485,s485,0.0,0.0,1,1,0.0,0.0,7.017,0.43,0.0,1,0.0,0,0.0,0,0.0,0.0,0,0.0,0,,,
122482385,RES1-1SNB,RES,0.75,S,1,3580.0,4470,270186.00729518756,135093.00364759378,96.07439,1978,X,4.6,,481576748004003,-95.764054098599,29.565361572826,0.0,s486,s486,0.0,0.0,1,1,0.0,0.0,3.065,1.87,0.0,1,0.0,0,0.0,0,0.0,0.0,0,0.0,0,,,
122610566,RES1-2SNB,RES,0.75,S,2,3217.0,2860,762692.3916045629,381346.19580228144,69.837494,1987,X,5.17,,481576740011018,-95.623855719211,29.577719882542,1.0,s487,s487,0.0,0.0,1,1,0.0,0.0,6.534,5.88,0.0,1,0.0,0,0.0,0,0.0,0.0,0,0.0,0,,,
122443724,RES1-2SNB,RES,0.75,S,2,1768.0,1675,490973.2852519523,245486.64262597615,66.18202,1987,X,4.34,,481576740011000,-95.616738227085,29.578422331702,1.0,s488,s488,0.0,0.0,1,1,0.0,0.0,16.059,4.88,0.0,1,0.0,0,0.0,0,0.0,0.0,0,0.0,0,,,
122524564,RES1-2SWB,RES,2.0,B,2,4850.0,3599,1091709.5228884502,545854.7614442251,80.28985,2003,AE,5.61,,481576728011005,-95.681641049879,29.622777610969,0.0,s489,s489,0.0,0.0,1,1,0.0,0.0,6.764,4.3,0.0,1,0.0,0,0.0,0,0.0,0.0,0,0.0,1,,,
122579022,RES1-1SNB,RES,0.75,S,1,490.0,490,127525.99991949384,63762.99995974692,85.356415,2010,AE,1.52,,481576734012012,-95.76345030219,29.614137867437,1.0,s490,s490,0.0,0.0,1,1,0.0,0.0,2.457,1.39,0.0,1,0.0,0,0.0,0,0.0,0.0,0,0.0,0,,,
122549363,COM2,COM,0.25,S,1,6380.71,8933,802951.4152606899,1124131.981364966,76.23447,2009,X,5.52,,481576739023017,-95.646701248246,29.609980422167,1.0,s491,s491,0.0,0.0,1,1,0.0,0.0,14.662,0.33,0.0,1,0.0,0,0.0,0,0.0,0.0,0,0.0,0,,,
122577090,RES1-2SNB,RES,0.75,S,2,3344.0,2252,406632.9756012947,203316.48780064736,79.51277,1994,X,4.91,,481576738012009,-95.695222851703,29.581637975757,0.0,s492,s492,0.0,0.0,1,1,0.0,0.0,25.139,4.01,0.0,1,0.0,0,0.0,0,0.0,0.0,0,0.0,0,,,
122473182,RES1-2SNB,RES,0.75,S,2,2542.0,3174,375622.31696779263,187811.15848389632,78.15986,2013,X,5.13,,481576747024011,-95.750382808649,29.558485259224,1.0,s493,s493,0.0,0.0,1,1,0.0,0.0,12.867,7.42,0.0,1,0.0,0,0.0,0,0.0,0.0,0,0.0,0,,,
122594910,EDU1,PUB,0.25,S,1,16542.85,19112,3723782.9236060414,2420458.900343927,101.00879,1978,X,4.27,,481576748003004,-95.780348114251,29.558792777355,0.0,s494,s494,0.0,0.0,1,1,0.0,0.0,5.379,3.92,0.0,1,0.0,0,0.0,0,0.0,0.0,0,0.0,0,,,
122539573,RES1-1SNB,RES,0.75,S,1,1540.0,2422,151439.41542537414,75719.70771268707,98.08942,1981,X,3.34,,481576752003010,-95.79885851426,29.545619953629,0.0,s495,s495,0.0,0.0,1,1,0.0,0.0,5.043,1.96,0.0,1,0.0,0,0.0,0,0.0,0.0,0,0.0,0,,,
122593780,RES1-1SNB,RES,0.75,S,1,1470.0,1996,280634.3293381417,140317.16466907086,79.50335,1989,X,3.6,,481576746032004,-95.689007906978,29.54356618853,0.0,s496,s496,0.0,0.0,1,1,0.0,0.0,17.861,8.92,0.0,1,0.0,0,0.0,0,0.0,0.0,0,0.0,0,,,
122610843,RES1-1SNB,RES,0.75,S,1,2098.0,2804,590902.367497248,295451.183748624,72.4084,2009,X,4.63,,481576739022034,-95.663438303202,29.574528408311,0.0,s497,s497,0.0,0.0,1,1,0.0,0.0,15.661,4.04,0.0,1,0.0,0,0.0,0,0.0,0.0,0,0.0,0,,,
122450221,RES1-2SNB,RES,0.75,S,2,3594.0,3393,854991.4709519728,427495.7354759864,70.0386,2002,X,4.81,,481576746024004,-95.657538692493,29.555500807313,1.0,s498,s498,0.0,0.0,1,1,0.0,0.0,12.117,1.26,0.0,1,0.0,0,0.0,0,0.0,0.0,0,0.0,0,,,
122481427,RES1-1SNB,RES,2.0,C,1,3277.0,3277,813903.631967717,406951.8159838585,85.3145,2012,AE,2.4,,481576734042004,-95.758451443643,29.635554430351,0.0,s499,s499,0.0,0.0,0,1,0.0,0.0,2.746,1.93,0.0,1,0.0,0,0.0,0,0.0,0.0,0,0.0,0,,,
122482778,RES1-1SNB,RES,0.75,S,1,2935.0,3696,184982.6828,92491.3414,96.817314,1978,X,4.61,,481576748004004,-95.764894106073,29.564982152903,0.0,s500,s500,0.0,0.0,1,1,0.0,0.0,2.884,1.76,0.0,1,0.0,0,0.0,0,0.0,0.0,0,0.0,0,,,
122482016,RES1-2SNB,RES,0.75,S,2,2724.0,2259,732360.8679623358,366180.4339811679,87.68128,2012,X,0.0,38113004,481576734042004,-95.767470490271,29.640318869828,0.0,s501,s501,0.0,0.0,0,1,0.0,0.0,8.371,1.83,0.0,1,0.0,0,0.0,0,0.0,0.0,0,0.0,0,,,
122459626,RES1-2SNB,RES,0.75,S,2,2336.0,1904,332374.41400757537,166187.20700378768,74.06977,1994,X,6.68,,481576738011000,-95.689645759445,29.585948166349,1.0,s502,s502,0.0,0.0,1,1,0.0,0.0,17.519,4.3,0.0,1,0.0,0,0.0,0,0.0,0.0,0,0.0,0,,,
122635611,RES1-2SNB,RES,0.75,S,2,8127.0,6576,1106925.6537845563,553462.8268922782,82.556076,2015,X,5.49,,481576755022025,-95.708610504506,29.51365982753,0.0,s503,s503,0.0,0.0,1,1,0.0,0.0,5.667,0.35,0.0,1,0.0,0,0.0,0,0.0,0.0,0,0.0,1,,,
122606143,RES1-2SNB,RES,0.75,S,2,2845.0,2325,728520.6289530765,364260.3144765383,73.15654,2009,X,6.94,,481576739022031,-95.658296365942,29.583936529591,0.0,s504,s504,0.0,0.0,1,1,0.0,0.0,9.472,2.8,0.0,1,0.0,0,0.0,0,0.0,0.0,0,0.0,0,,,
122481760,RES1-1SNB,RES,0.75,S,1,1725.0,2048,538295.9795385033,269147.98976925167,83.125496,2012,AE,0.81,,481576734042004,-95.758261077384,29.642394037766,1.0,s505,s505,0.0,0.0,0,1,0.0,0.0,15.438,0.81,0.0,1,0.0,0,0.0,0,0.0,0.0,0,0.0,0,,,
122532530,RES1-2SNB,RES,0.75,S,2,5070.0,4331,1094262.0335445758,547131.0167722879,87.33817,2012,X,5.58,,481576734042011,-95.751363717644,29.634403261761,0.0,s506,s506,0.0,0.0,1,1,0.0,0.0,6.644,3.07,0.0,1,0.0,0,0.0,0,0.0,0.0,0,0.0,0,,,
122479287,RES1-2SNB,RES,0.75,S,2,5063.0,4687,1093292.5622657882,546646.2811328941,88.67913,2012,X,5.46,,481576734042018,-95.755894316186,29.640235952948,0.0,s507,s507,0.0,0.0,0,1,0.0,0.0,20.827,5.08,0.0,1,0.0,0,0.0,0,0.0,0.0,0,0.0,0,,,
122635355,RES1-1SNB,RES,0.75,S,1,1625.0,2186,314851.8192450017,157425.90962250085,86.19853,2015,X,4.73,,481576755022011,-95.719361695943,29.532529588286,0.0,s508,s508,0.0,0.0,1,1,0.0,0.0,8.78,2.25,0.0,1,0.0,0,0.0,0,0.0,0.0,0,0.0,1,,,
122469355,RES1-1SNB,RES,0.75,S,1,2575.0,3184,378532.08146438905,189266.04073219452,77.70428,2013,X,3.64,,481576747024024,-95.745168953709,29.556965373775,1.0,s509,s509,0.0,0.0,1,1,0.0,0.0,12.818,1.97,0.0,1,0.0,0,0.0,0,0.0,0.0,0,0.0,0,,,
122510018,EDU1,PUB,0.25,S,1,506.0,506,131064.18742059273,85191.72182338528,138.41284,2016,X,3.34,,481576732023102,-95.886440958212,29.694708687142,0.0,s510,s510,0.0,0.0,0,1,0.0,0.0,25.963,13.39,0.0,1,0.0,0,0.0,0,0.0,0.0,0,0.0,0,,,
122541754,RES1-2SNB,RES,0.75,S,2,2035.0,1329,607388.0000439277,303694.00002196385,96.26039,2013,X,0.0,,481576734022021,-95.815500758078,29.637689325218,0.0,s511,s511,0.0,0.0,0,1,0.0,0.0,14.822,1.96,0.0,1,0.0,0,0.0,0,0.0,0.0,0,0.0,0,,,
122624986,RES1-2SNB,RES,0.75,S,2,2358.0,2874,421575.5143555847,210787.75717779234,84.35862,2015,X,6.41,,481576755024011,-95.74337796523,29.519127702378,0.0,s512,s512,0.0,0.0,0,1,0.0,0.0,8.169,0.67,0.0,1,0.0,0,0.0,0,0.0,0.0,0,0.0,0,,,
122511710,RES1-1SWB,RES,2.0,B,1,2977.0,3766,1066543.5067146572,533271.7533573286,106.64625,2008,X,4.8,,481576733001007,-95.897585291481,29.683817820421,0.0,s513,s513,0.0,0.0,0,1,0.0,0.0,11.302,9.0,0.0,1,0.0,0,0.0,0,0.0,0.0,0,0.0,0,,,
122475962,COM2,COM,0.25,S,1,4312.0,4312,564286.4368085846,790001.0115320184,84.63696,2010,AE,3.53,,481576734011011,-95.744140580828,29.609719277992,0.0,s514,s514,0.0,0.0,1,1,0.0005,0.0,3.684,3.05,0.0,1,0.0,0,0.0,0,0.0,0.0,0,0.0,0,,,
122466007,RES1-1SNB,RES,0.75,S,1,1285.0,1718,325800.1723707317,162900.08618536586,84.09714,2004,X,3.89,,481576746042018,-95.71179268325,29.540507297126,0.0,s515,s515,0.0,0.0,1,1,0.0,0.0,3.63,7.0,0.0,1,0.0,0,0.0,0,0.0,0.0,0,0.0,0,,,
122455512,RES1-2SNB,RES,0.75,S,2,3321.0,2102,782285.4475404907,391142.7237702453,71.247406,1988,X,6.35,,481576746011010,-95.674907952819,29.556731306502,1.0,s516,s516,0.0,0.0,1,1,0.0,0.0,16.527,1.41,0.0,1,0.0,0,0.0,0,0.0,0.0,0,0.0,1,,,
122460870,RES1-1SNB,RES,0.75,S,1,3582.0,2702,904562.1323381653,452281.06616908265,81.965126,2015,X,1.55,,481576729012070,-95.700364433108,29.630530643846,0.0,s517,s517,0.0,0.0,0,1,0.0,0.0,10.249,6.28,0.0,1,0.0,0,0.0,0,0.0,0.0,0,0.0,0,,,
122525645,RES1-2SNB,RES,0.75,S,2,3051.0,2319,789319.07353178,394659.53676589,81.73729,2015,X,5.27,,481576729012071,-95.691318338918,29.618927247144,0.0,s518,s518,0.0,0.0,0,1,0.0,0.0,10.535,6.6,0.0,1,0.0,0,0.0,0,0.0,0.0,0,0.0,0,,,
122620023,RES1-1SNB,RES,2.0,C,1,1082.0,1027,98016.7266,49008.3633,100.38929,1981,X,2.9,,481576752002014,-95.800125418382,29.557160216771,0.0,s519,s519,0.0,0.0,1,1,0.0,0.0,1.209,10.53,0.0,1,0.0,0,0.0,0,0.0,0.0,0,0.0,0,,,
122472782,RES1-1SNB,RES,0.75,S,1,2796.0,2386,419286.83933206875,209643.41966603437,78.62552,2013,X,0.9,,481576747024011,-95.743216315737,29.560898718452,1.0,s520,s520,0.0,0.0,0,1,0.0,0.0,7.916,1.02,0.0,1,0.0,0,0.0,0,0.0,0.0,0,0.0,0,,,
122594450,RES1-2SNB,RES,0.75,S,2,2451.0,1686,501340.9213036499,250670.46065182495,80.38451,1987,X,4.66,,481576736002005,-95.720995414365,29.620282097864,0.0,s521,s521,0.0,0.0,1,1,0.0,0.0,12.641,9.4,0.0,1,0.0,0,0.0,0,0.0,0.0,0,0.0,0,,,
122567819,RES1-2SNB,RES,0.75,S,2,3486.0,1846,420098.0082464674,210049.0041232337,75.73196,1994,X,5.62,,481576738012007,-95.6929303697,29.581107543485,1.0,s522,s522,0.0,0.0,1,1,0.0,0.0,24.811,5.11,0.0,1,0.0,0,0.0,0,0.0,0.0,0,0.0,0,,,
122623697,RES1-1SNB,RES,0.75,S,1,2973.0,3025,458719.1435421796,229359.5717710898,83.22692,2015,X,4.37,,481576755022019,-95.72223035166,29.523437944455,0.0,s523,s523,0.0,0.0,1,1,0.061,0.0,12.113,0.03,0.0,1,0.0,0,0.0,0,0.0,0.0,0,0.0,0,,,
122568378,RES3D,RES,0.5,S,2,7836.0,3918,1215094.125776577,425282.94402180193,77.274826,2013,X,5.7,,481576747021013,-95.707013931932,29.564267270697002,1.0,s524,s524,0.0,0.0,1,1,0.0,0.0,11.928,7.77,0.0,1,0.0,0,0.0,0,0.0,0.0,0,0.0,0,,,
122521579,RES1-2SNB,RES,0.75,S,2,2500.0,2299,649153.1992132547,324576.59960662737,76.09719,1995,X,5.38,,481576739043003,-95.662162597215,29.600503440716,0.0,s525,s525,0.0,0.0,1,1,0.0,0.0,2.715,6.56,0.0,1,0.0,0,0.0,0,0.0,0.0,0,0.0,0,,,
122481866,RES1-1SNB,RES,0.75,S,1,2598.0,1939,722227.5941300951,361113.79706504755,89.04871,2012,X,4.46,,481576734042004,-95.767405437326,29.646678136082,0.0,s526,s526,0.0,0.0,0,1,0.0,0.0,7.711,6.66,0.0,1,0.0,0,0.0,0,0.0,0.0,0,0.0,0,,,
122690957,RES1-2SNB,RES,0.75,S,2,3728.0,2993,855583.5245211079,427791.76226055395,69.393135,1987,X,4.66,,481576740011022,-95.62247950116,29.577919165758,1.0,s527,s527,0.0,0.0,1,1,0.0,0.0,6.118,5.03,0.0,1,0.0,0,0.0,0,0.0,0.0,0,0.0,0,,,
122551719,RES1-1SNB,RES,0.75,S,1,2337.0,3757,411704.2480302078,205852.1240151039,77.06045,1997,X,4.58,,481576738021004,-95.681710460269,29.594340578471,0.0,s528,s528,0.0,0.0,1,1,0.0,0.0,10.672,1.29,0.0,1,0.0,0,0.0,0,0.0,0.0,0,0.0,0,,,
122585504,RES3B,RES,0.5,S,2,14670.0,7335,1784760.9247206885,624666.3236522409,98.104,2008,X,7.29,,481576751012010,-95.771345389298,29.550964378562,0.0,s529,s529,0.0,0.0,0,1,0.1583,0.0,4.754,5.17,0.0,1,0.0,0,0.0,0,0.0,0.0,0,0.0,0,,,
122699924,RES1-1SNB,RES,0.75,S,1,2328.0,3241,290165.8581838973,145082.92909194864,67.66962,1988,X,5.0,,481576740021025,-95.61551372151,29.583674358669,1.0,s530,s530,0.0,0.0,1,1,0.0,0.0,17.821,1.05,0.0,1,0.0,0,0.0,0,0.0,0.0,0,0.0,1,,,
122475916,COM2,COM,0.25,S,1,3116.0,3116,417208.2385655223,584091.5339917312,85.58446,2010,AE,2.26,,481576734011011,-95.744906073998,29.609421436668,0.0,s531,s531,0.0,0.0,1,1,0.0,0.0,8.592,3.69,0.0,1,0.0,0,0.0,0,0.0,0.0,0,0.0,0,,,
122603571,RES1-1SNB,RES,0.75,S,1,1423.0,1799,195485.7072,97742.8536,97.56593,1981,X,3.32,,481576751023014,-95.786471925955,29.546563588114,0.0,s532,s532,0.0,0.0,1,1,0.0,0.0,3.911,8.37,0.0,1,0.0,0,0.0,0,0.0,0.0,0,0.0,0,,,
122667531,RES1-2SNB,RES,0.75,S,2,5542.0,3079,1129565.900208107,564782.9501040535,67.84768,1998,X,5.22,,481576744014014,-95.608634613853,29.563665080302,0.0,s533,s533,0.0,0.0,1,1,0.0,0.0,11.442,1.17,0.0,1,0.0,0,0.0,0,0.0,0.0,0,0.0,0,,,
122699894,RES1-2SNB,RES,0.75,S,2,4126.0,3303,981369.2425937734,490684.6212968867,67.6685,2013,X,5.73,,481576744024014,-95.61490762943,29.541451695054,1.0,s534,s534,0.0,0.0,1,1,0.0,0.0,7.332,1.82,0.0,1,0.0,0,0.0,0,0.0,0.0,0,0.0,0,,,
122453540,RES1-2SNB,RES,0.75,S,2,3758.0,3515,767507.3771292191,383753.68856460956,81.689316,2003,AE,5.28,,481576728011002,-95.680633809006,29.621273155152,0.0,s535,s535,0.0,0.0,1,1,0.0,0.0,9.831,12.54,0.0,1,0.0,0,0.0,0,0.0,0.0,0,0.0,1,,,
122591135,AGR1,COM,0.25,S,1,1658.0,1658,187164.1304032807,271387.989084757,90.11936,2012,X,1.72,,481576734043014,-95.784865912802,29.635910565708,0.0,s536,s536,0.0,0.0,0,1,0.0,0.0,2.435,4.67,0.0,1,0.0,0,0.0,0,0.0,0.0,0,0.0,0,,,
122474923,RES1-2SNB,RES,0.75,S,2,3200.0,1979,656492.2451084929,328246.12255424645,84.27358,1992,X,6.18,,481576735022007,-95.738498642804,29.63536804024,0.0,s537,s537,0.0,0.0,1,1,0.0,0.0,2.752,3.47,0.0,1,0.0,0,0.0,0,0.0,0.0,0,0.0,0,,,
122474144,COM8,COM,0.25,S,1,208.18,1145,48743.04707246577,56054.504133335635,83.61806,1987,AE,2.51,,481576736003012,-95.742083447818,29.608421019557,0.0,s538,s538,0.0,0.0,1,1,0.0,0.0,2.853,9.06,0.0,1,0.0,0,0.0,0,0.0,0.0,0,0.0,0,,,
122609675,RES1-2SNB,RES,0.75,S,2,2445.0,1870,418957.9580997498,209478.9790498749,76.94579,1997,X,5.06,,481576738021014,-95.687588545906,29.598266294035,1.0,s539,s539,0.0,0.0,1,1,0.0,0.0,3.135,3.65,0.0,1,0.0,0,0.0,0,0.0,0.0,0,0.0,0,,,
122617322,RES1-2SNB,RES,0.75,S,2,3512.0,3281,850197.6075930181,425098.80379650905,73.97314,2009,X,5.33,,481576739023037,-95.655354296171,29.59914510616,0.0,s540,s540,0.0,0.0,1,1,0.0,0.0,10.685,0.66,0.0,1,0.0,0,0.0,0,0.0,0.0,0,0.0,0,,,
122689972,RES1-1SNB,RES,0.75,S,1,3394.0,2820,849309.2447696725,424654.62238483626,67.61393,2013,X,2.39,,481576744021004,-95.605124881404,29.540105550285,1.0,s541,s541,0.0,0.0,0,1,0.0,0.0,6.647,0.48,0.0,1,0.0,0,0.0,0,0.0,0.0,0,0.0,0,,,
122582577,RES1-2SNB,RES,0.75,S,2,3969.0,3145,910639.842483962,455319.921241981,73.88499,1996,X,5.16,,481576739032006,-95.661622999918,29.587364230906,1.0,s542,s542,0.0,0.0,1,1,0.0,0.0,4.239,3.66,0.0,1,0.0,0,0.0,0,0.0,0.0,0,0.0,0,,,
122511449,RES1-1SNB,RES,2.0,C,1,9070.0,9070,1789518.231464521,894759.1157322605,103.07682,2008,X,4.76,,481576733001007,-95.882860089407,29.677569686602,0.0,s543,s543,0.0,0.0,0,1,0.0,0.0,5.802,11.56,0.0,1,0.0,0,0.0,0,0.0,0.0,0,0.0,0,,,
122743842,RES1-2SNB,RES,0.75,S,2,2040.0,1500,241390.68846557045,120695.34423278522,95.51534,2008,X,0.0,,481576751013006,-95.751888893219,29.549998575483,0.0,s544,s544,0.0,0.0,1,1,0.0,0.0,18.297,22.67,0.0,1,0.0,0,0.0,0,0.0,0.0,0,0.0,0,,,
122711905,RES1-2SNB,RES,0.75,S,2,3404.0,1684,800946.663883776,400473.331941888,66.50276,1998,X,4.89,,481576744015011,-95.600167309097,29.557763695178,0.0,s545,s545,0.0,0.0,1,1,0.0,0.0,5.978,1.16,0.0,1,0.0,0,0.0,0,0.0,0.0,0,0.0,0,,,
122575020,RES1-2SNB,RES,0.75,S,2,3775.0,1902,875754.6578597155,437877.32892985776,71.12176,2009,X,5.2,,481576739021005,-95.636398730724,29.597916910314,1.0,s546,s546,0.0,0.0,1,1,0.0,0.0,8.459,2.75,0.0,1,0.0,0,0.0,0,0.0,0.0,0,0.0,1,,,
122603602,RES1-1SNB,RES,0.75,S,1,1467.0,2102,199592.32950000002,99796.16475000001,98.79141,1981,X,3.56,,481576751022018,-95.791391597729,29.54829138182,0.0,s547,s547,0.0,0.0,1,1,0.0,0.0,2.633,6.16,0.0,1,0.0,0,0.0,0,0.0,0.0,0,0.0,0,,,
122607557,RES1-1SNB,RES,0.75,S,1,1563.0,2150,294896.69792753115,147448.34896376557,81.89732,1989,X,3.68,,481576746033012,-95.69837292419,29.54045486261,0.0,s548,s548,0.0,0.0,1,1,0.0,0.0,8.269,4.95,0.0,1,0.0,0,0.0,0,0.0,0.0,0,0.0,0,,,
122528244,RES1-1SNB,RES,0.75,S,1,2792.0,2258,404444.07809003105,202222.03904501552,76.383896,2013,X,4.47,,481576747024030,-95.722291852631,29.557976632297,1.0,s549,s549,0.0,0.0,0,1,0.0,0.0,2.864,4.97,0.0,1,0.0,0,0.0,0,0.0,0.0,0,0.0,0,,,
122472071,RES1-1SNB,RES,0.75,S,1,1747.0,2307,323872.1843718041,161936.09218590206,91.67903,2015,X,5.29,,481576755023002,-95.734778408294,29.540634466909,0.0,s550,s550,0.0,0.0,1,1,0.0,0.0,12.51,2.12,0.0,1,0.0,0,0.0,0,0.0,0.0,0,0.0,0,,,
122462278,RES1-1SNB,RES,0.75,S,1,2261.0,2181,515134.98681863444,257567.49340931722,71.3799,2004,X,5.13,,481576746042000,-95.701448929327,29.557054401115,1.0,s551,s551,0.0,0.0,1,1,0.0,0.0,1.828,3.81,0.0,1,0.0,0,0.0,0,0.0,0.0,0,0.0,0,,,
122615130,RES1-1SNB,RES,2.0,C,1,1049.0,1342,112195.475,56097.7375,102.49196,1987,X,5.85,,481576753003016,-95.817559199075,29.562494773105,0.0,s552,s552,0.0,0.0,1,1,0.0,0.0,15.9,0.64,0.0,1,0.0,0,0.0,0,0.0,0.0,0,0.0,0,,,
122490128,RES1-1SNB,RES,2.0,C,1,1816.0,2484,138834.4400550148,69417.2200275074,98.71316,1981,X,3.28,,481576752003007,-95.798723472176,29.5479504795,0.0,s553,s553,0.0,0.0,1,1,0.0,0.0,2.485,1.15,0.0,1,0.0,0,0.0,0,0.0,0.0,0,0.0,0,,,
122482378,RES1-2SNB,RES,0.75,S,2,2962.0,2312,283312.4300013088,141656.2150006544,97.34031,2008,X,5.96,,481576751013015,-95.763415585328,29.548530080493,0.0,s554,s554,0.0,0.0,1,1,0.0,0.0,3.058,1.53,0.0,1,0.0,0,0.0,0,0.0,0.0,0,0.0,0,,,
122535633,RES1-1SNB,RES,2.0,C,1,410.0,656,51027.117450000005,25513.558725000003,85.08338,1979,X,2.2,,481576749002003,-95.766153967333,29.585745200036,0.0,s555,s555,0.0,0.0,1,1,0.0,0.0,15.556,2.89,0.0,1,0.0,0,0.0,0,0.0,0.0,0,0.0,0,,,
122557136,RES1-2SNB,RES,0.75,S,2,1768.0,1612,203635.54122833148,101817.77061416574,98.64567,2008,X,4.48,,481576751012008,-95.767226786304,29.555330320565,0.0,s556,s556,0.0,0.0,0,1,0.0,0.0,5.64,1.8,0.0,1,0.0,0,0.0,0,0.0,0.0,0,0.0,0,,,
122478364,RES1-2SNB,RES,0.75,S,2,3052.0,942,775777.5258682624,387888.7629341312,88.40542,2012,X,0.0,,481576734041026,-95.756153490959,29.65142713515,0.0,s557,s557,0.0,0.0,0,1,0.0,0.0,8.707,4.87,0.0,1,0.0,0,0.0,0,0.0,0.0,0,0.0,0,,,
122511307,RES1-1SNB,RES,0.75,S,1,5021.0,5949,1171788.7931419099,585894.3965709549,107.687965,2008,X,3.3,,481576733001007,-95.888648829474,29.679857153141,0.0,s558,s558,0.0,0.0,0,1,0.0,0.0,7.744,5.35,0.0,1,0.0,0,0.0,0,0.0,0.0,0,0.0,0,,,
122554479,RES1-2SNB,RES,0.75,S,2,3893.0,3094,747983.7610496236,373991.8805248118,83.48712,1992,X,6.41,,481576735023000,-95.73643696582,29.630401418007,0.0,s559,s559,0.0,0.0,1,1,0.0,0.0,2.975,1.64,0.0,1,0.0,0,0.0,0,0.0,0.0,0,0.0,0,,,
122557305,RES1-1SNB,RES,0.75,S,1,4228.0,1051,264726.7088,132363.3544,91.89873,1978,X,3.31,,481576748002003,-95.768213920494,29.576798226349,0.0,s560,s560,0.0,0.0,0,1,0.0,0.0,6.679,9.15,0.0,1,0.0,0,0.0,0,0.0,0.0,0,0.0,0,,,
122624530,RES1-1SNB,RES,0.75,S,1,3123.0,2831,473053.1719823895,236526.58599119476,88.03255,2015,X,4.74,,481576755024012,-95.736699291613,29.529024551877,0.0,s561,s561,0.0,0.0,1,1,0.0,0.0,11.613,2.03,0.0,1,0.0,0,0.0,0,0.0,0.0,0,0.0,0,,,
122557238,RES1-1SNB,RES,0.75,S,1,2386.0,2718,234344.61808723208,117172.30904361604,98.30084,2008,X,5.24,,481576751012009,-95.770893499267,29.555752831844,0.0,s562,s562,0.0,0.0,1,1,0.0,0.0,6.332,0.18,0.0,1,0.0,0,0.0,0,0.0,0.0,0,0.0,0,,,
122453397,RES1-2SNB,RES,0.75,S,2,4759.0,3602,915430.2514438314,457715.1257219157,82.629456,2003,X,5.14,,481576728011002,-95.680257330671,29.620507889692,0.0,s563,s563,0.0,0.0,1,1,0.0,0.0,11.263,13.33,0.0,1,0.0,0,0.0,0,0.0,0.0,0,0.0,1,,,
122589834,RES1-1SNB,RES,2.0,C,1,1534.0,1853,274660.0304108074,137330.0152054037,80.52381,2013,X,0.0,,481576747024001,-95.741452279028,29.573125652528,1.0,s564,s564,0.0,0.0,0,1,0.0,0.0,2.816,1.79,0.0,1,0.0,0,0.0,0,0.0,0.0,0,0.0,0,,,
122679783,RES1-2SNB,RES,0.75,S,2,4591.0,2747,994999.742373898,497499.871186949,66.98066,1993,X,5.49,,481576742003000,-95.603313171298,29.565774997533,1.0,s565,s565,0.0,0.0,1,1,0.0,0.0,6.217,4.88,0.0,1,0.0,0,0.0,0,0.0,0.0,0,0.0,0,,,
122611104,COM8,COM,0.25,S,1,2186.0,2186,511958.1996548801,588751.929603112,93.66787,2015,X,4.7,,481576755021004,-95.748544691076,29.544887900446,0.0,s566,s566,0.0,0.0,0,1,0.0,0.0,23.166,21.17,0.0,1,0.0,0,0.0,0,0.0,0.0,0,0.0,0,,,
122460697,RES1-1SNB,RES,0.75,S,1,3660.0,3016,912828.209436503,456414.1047182515,82.09443,2015,X,0.82,,481576729012070,-95.700126577497,29.631629665174,0.0,s567,s567,0.1436,0.05,0,1,0.0,0.003,9.053,4.36,0.0,1,0.0,0,0.0,0,0.0,0.0,0,0.0,0,,,
122690697,RES1-2SNB,RES,0.75,S,2,3999.0,3361,931837.3593779287,465918.67968896433,69.34651,1998,X,6.28,,481576744013001,-95.620782905397,29.55841097779,0.0,s568,s568,0.0,0.0,1,1,0.0,0.0,7.205,5.25,0.0,1,0.0,0,0.0,0,0.0,0.0,0,0.0,0,,,
122598027,RES1-1SNB,RES,0.75,S,1,1934.0,2437,310496.33155995206,155248.16577997603,80.813644,2013,X,4.29,,481576747023009,-95.747613421099,29.571971589005,1.0,s569,s569,0.0,0.0,1,1,0.0,0.0,4.298,1.3,0.0,1,0.0,0,0.0,0,0.0,0.0,0,0.0,0,,,
122622577,RES1-1SNB,RES,0.75,S,1,2690.0,2203,439456.4343266429,219728.21716332145,86.266426,2015,X,4.84,,481576755022006,-95.713439309043,29.532922065813,0.0,s570,s570,0.0,0.0,1,1,0.0,0.0,7.195,0.23,0.0,1,0.0,0,0.0,0,0.0,0.0,0,0.0,0,,,
122636242,RES1-2SNB,RES,0.75,S,2,2849.0,1981,441641.85517099727,220820.92758549863,93.42646,2015,X,6.28,,481576755021048,-95.76454453923,29.529315074563,0.0,s571,s571,0.0,0.0,1,1,0.0,0.0,2.127,4.58,0.0,1,0.0,0,0.0,0,0.0,0.0,0,0.0,0,,,
122629891,RES1-1SNB,RES,0.75,S,1,2517.0,3115,367836.9440676804,183918.4720338402,90.08507,2011,X,1.19,,481576755013008,-95.784927147283,29.520828147233,0.0,s572,s572,0.0,0.0,0,1,0.0,0.0,12.565,2.01,0.0,1,0.0,0,0.0,0,0.0,0.0,0,0.0,1,,,
122623119,RES1-1SNB,RES,0.75,S,1,2205.0,2678,394270.8865398699,197135.44326993494,85.22623,2015,X,0.0,,481576755022017,-95.729702592375,29.525003374365,0.0,s573,s573,0.0,0.0,0,1,0.0,0.0,9.436,2.64,0.0,1,0.0,0,0.0,0,0.0,0.0,0,0.0,0,,,
122605310,GOV1,PUB,0.25,S,1,204.25,817,36905.33054715457,25833.731383008195,95.63827,2008,X,5.14,,481576751012015,-95.774296318057,29.544531235541,0.0,s574,s574,0.0,0.0,1,1,0.0,0.0,7.441,2.87,0.0,1,0.0,0,0.0,0,0.0,0.0,0,0.0,0,,,
122619487,COM8,COM,0.25,S,1,6965.0,6965,1070725.758619799,1231334.622412769,102.37334,1981,X,3.39,,481576752002003,-95.798510997729,29.557708853072,0.0,s575,s575,0.0,0.0,1,1,0.0,0.0,2.065,7.63,0.0,1,0.0,0,0.0,0,0.0,0.0,0,0.0,0,,,
122615557,RES1-1SNB,RES,0.75,S,1,2273.0,2973,340424.8034173587,170212.40170867936,95.4792,2013,X,5.11,,481576747024057,-95.756076086804,29.566552626334,0.0,s576,s576,0.0,0.0,1,1,0.0,0.0,26.838,12.59,0.0,1,0.0,0,0.0,0,0.0,0.0,0,0.0,0,,,
122553733,RES1-1SNB,RES,0.75,S,1,2982.0,3400,421421.56970493734,210710.78485246867,78.32017,2013,X,4.89,,481576747024043,-95.724347895304,29.566637685179,1.0,s577,s577,0.0,0.0,1,1,0.0,0.0,12.584,4.64,0.0,1,0.0,0,0.0,0,0.0,0.0,0,0.0,0,,,
122467513,RES1-2SNB,RES,0.75,S,2,4224.0,4159,817160.8655976123,408580.43279880617,84.30582,2012,X,6.05,,481576735012015,-95.730905599901,29.639002658262,0.0,s578,s578,0.0,0.0,0,1,0.0,0.0,8.438,0.38,0.0,1,0.0,0,0.0,0,0.0,0.0,0,0.0,0,,,
122622915,RES1-2SNB,RES,0.75,S,2,3658.0,3056,521459.93953308254,260729.96976654127,82.68272,2015,X,6.28,,481576755022017,-95.721080972792,29.520526180931,0.0,s579,s579,0.0,0.0,1,1,0.0,0.0,13.802,1.5,0.0,1,0.0,0,0.0,0,0.0,0.0,0,0.0,0,,,
122541635,RES1-1SNB,RES,0.75,S,1,1929.0,2435,582409.0742905458,291204.5371452729,96.90559,2013,X,0.0,,481576734022021,-95.81578124955,29.637792277153,0.0,s580,s580,0.0,0.0,0,1,0.0,0.0,14.322,1.63,0.0,1,0.0,0,0.0,0,0.0,0.0,0,0.0,0,,,
122450961,RES1-2SNB,RES,0.75,S,2,3487.0,3397,826976.3950236739,413488.19751183694,74.182755,1996,X,5.38,,481576739032002,-95.663344817762,29.582080277886,1.0,s581,s581,0.0,0.0,1,1,0.0,0.0,11.032,4.09,0.0,1,0.0,0,0.0,0,0.0,0.0,0,0.0,0,,,
122554303,RES1-2SNB,RES,0.75,S,2,2690.0,1901,561246.9474035724,280623.4737017862,84.73156,2012,X,4.72,,481576735012019,-95.735208423775,29.642329045128,0.0,s582,s582,0.0,0.0,1,1,0.0,0.0,9.931,8.78,0.0,1,0.0,0,0.0,0,0.0,0.0,0,0.0,0,,,
122444101,RES1-2SNB,RES,0.75,S,2,3778.0,2924,869306.6621519179,434653.33107595897,71.0036,1993,X,6.3,,481576742004006,-95.62785358433,29.566776975173,1.0,s583,s583,0.0,0.0,1,1,0.0,0.0,9.099,4.72,0.0,1,0.0,0,0.0,0,0.0,0.0,0,0.0,0,,,
122619130,RES1-1SNB,RES,0.75,S,1,1012.0,1368,123298.77540000001,61649.38770000001,102.30267,1979,X,3.6,,481576749004025,-95.774863991924,29.586314163073,0.0,s584,s584,0.0,0.0,1,1,0.0,0.0,7.729,13.98,0.0,1,0.0,0,0.0,0,0.0,0.0,0,0.0,0,,,
122487831,RES1-1SNB,RES,2.0,C,1,1732.0,1732,439511.9380160039,219755.96900800196,86.5809,2010,AE,1.12,,481576734013007,-95.79784573777,29.577001252765,1.0,s585,s585,0.0,0.0,1,1,0.0941,0.0,2.885,10.45,0.0,1,0.0,0,0.0,0,0.0,0.0,0,0.0,0,,,
122577499,RES1-2SNB,RES,0.75,S,2,2711.0,2308,397895.4041191269,198947.70205956345,78.30643,2013,X,0.0,,481576747024033,-95.724798816423,29.559450868887,1.0,s586,s586,0.0,0.0,0,1,0.0,0.0,4.06,0.3,0.0,1,0.0,0,0.0,0,0.0,0.0,0,0.0,0,,,
122681582,RES1-2SNB,RES,0.75,S,2,2522.0,2408,299122.2234251889,149561.11171259446,67.67862,1988,X,5.44,,481576740021006,-95.609571641379,29.588378942305,1.0,s587,s587,0.0,0.0,1,1,0.0,0.0,3.431,1.56,0.0,1,0.0,0,0.0,0,0.0,0.0,0,0.0,1,,,
122534572,RES1-2SNB,RES,0.75,S,2,2640.0,3043,277778.2260481319,138889.11302406594,95.311035,2008,X,5.06,,481576751013004,-95.754364906298,29.553080015359,0.0,s588,s588,0.0,0.0,1,1,0.0,0.0,17.634,18.35,0.0,1,0.0,0,0.0,0,0.0,0.0,0,0.0,0,,,
122487929,RES1-2SNB,RES,0.75,S,2,2065.0,1701,529078.3596826515,264539.17984132573,88.354294,2010,X,5.46,,481576734013007,-95.803982247134,29.589238296183,0.0,s589,s589,0.0,0.0,1,1,0.0,0.0,2.274,5.46,0.0,1,0.0,0,0.0,0,0.0,0.0,0,0.0,0,,,
122606573,RES1-1SNB,RES,0.75,S,1,1093.0,1894,132073.56495000003,66036.78247500001,93.95495,1979,X,2.5,,481576749004005,-95.771844940321,29.591726320129,0.0,s590,s590,0.0,0.0,1,1,0.0,0.0,5.14,0.08,0.0,1,0.0,0,0.0,0,0.0,0.0,0,0.0,0,,,
122615594,RES1-1SNB,RES,0.75,S,1,1539.0,2457,206061.5165,103030.75825,99.40614,1981,X,2.78,,481576751022007,-95.787640944679,29.550944861586,0.0,s591,s591,0.0,0.0,1,1,0.0,0.0,3.586,6.83,0.0,1,0.0,0,0.0,0,0.0,0.0,0,0.0,0,,,
122604675,RES1-2SNB,RES,0.75,S,2,2599.0,2254,668405.0895351123,334202.54476755613,76.88098,1995,X,4.97,,481576739041003,-95.669677432697,29.603406596331,0.0,s592,s592,0.0,0.0,1,1,0.0,0.0,9.456,8.05,0.0,1,0.0,0,0.0,0,0.0,0.0,0,0.0,0,,,
122524597,RES1-1SNB,RES,0.75,S,1,3314.0,3375,703989.4167399685,351994.70836998423,81.77445,2003,X,4.67,,481576728011005,-95.682893497223,29.622371061983,0.0,s593,s593,0.0,0.0,1,1,0.0,0.0,8.126,4.55,0.0,1,0.0,0,0.0,0,0.0,0.0,0,0.0,0,,,
122478613,RES1-2SNB,RES,0.75,S,2,2906.0,3943,759088.6058248121,379544.30291240604,87.19077,2012,X,5.15,,481576734041026,-95.751429613481,29.64834460152,0.0,s594,s594,0.0,0.0,1,1,0.0,0.0,7.418,5.3,0.0,1,0.0,0,0.0,0,0.0,0.0,0,0.0,0,,,
122521250,RES1-1SNB,RES,0.75,S,1,2505.0,3230,668998.2862016219,334499.14310081094,75.03796,2009,X,4.76,,481576739022032,-95.657422867815,29.589495271998,0.0,s595,s595,0.0,0.0,1,1,0.0,0.0,2.193,2.79,0.0,1,0.0,0,0.0,0,0.0,0.0,0,0.0,0,,,
122622132,RES1-1SNB,RES,0.75,S,1,1777.0,2287,335949.0590158761,167974.52950793804,86.24456,2015,X,4.5,,481576755022013,-95.718645193216,29.534930566772,0.0,s596,s596,0.0,0.0,1,1,0.0,0.0,9.146,2.77,0.0,1,0.0,0,0.0,0,0.0,0.0,0,0.0,0,,,
122554363,RES1-1SNB,RES,0.75,S,1,1287.0,1985,300248.5561758552,150124.2780879276,82.39781,1987,X,6.3,,481576736003016,-95.735827854099,29.611863251687,0.0,s597,s597,0.0,0.0,1,1,0.0,0.0,2.627,2.59,0.0,1,0.0,0,0.0,0,0.0,0.0,0,0.0,0,,,
122611227,COM1,COM,0.25,S,1,4942.0,4942,696715.5117599197,870894.3896998996,101.55422,1978,X,5.41,,481576748001028,-95.783931988603,29.564434196562,0.0,s598,s598,0.0,0.0,1,1,0.0,0.0,3.177,14.64,0.0,1,0.0,0,0.0,0,0.0,0.0,0,0.0,0,,,
122529050,RES1-2SNB,RES,0.75,S,2,2841.0,2255,599241.2659445164,299620.6329722582,80.431816,1987,X,5.93,,481576736002018,-95.731326924734,29.614968492212,0.0,s599,s599,0.0,0.0,1,1,0.0,0.0,7.77,0.24,0.0,1,0.0,0,0.0,0,0.0,0.0,0,0.0,0,,,
122681727,RES1-1SNB,RES,0.75,S,1,5134.0,4381,1159842.5455403358,579921.2727701679,67.07295,2013,X,0.81,,481576744023004,-95.609941072271,29.538283164266,0.0,s600,s600,0.0,0.0,0,1,0.0,0.0,7.096,6.48,0.0,1,0.0,0,0.0,0,0.0,0.0,0,0.0,0,,,
122553561,RES1-1SNB,RES,0.75,S,1,1752.0,2213,396965.813948346,198482.906974173,81.30139,1987,X,3.7,,481576736002020,-95.723498601063,29.616250163077,0.0,s601,s601,0.0,0.0,1,1,0.0,0.0,14.347,7.92,0.0,1,0.0,0,0.0,0,0.0,0.0,0,0.0,0,,,
122639304,RES1-1SNB,RES,0.75,S,1,3406.0,2833,510895.48388131696,255447.74194065848,94.27959,2015,X,0.97,,481576755021031,-95.755001617168,29.533536138999,0.0,s602,s602,0.0,0.0,1,1,0.0,0.0,5.715,8.0,0.0,1,0.0,0,0.0,0,0.0,0.0,0,0.0,0,,,
122552794,RES1-1SNB,RES,0.75,S,1,2353.0,2714,391276.91028144694,195638.45514072347,77.80433,1989,X,5.19,,481576746031015,-95.692985916418,29.547154888163,0.0,s603,s603,0.0,0.0,1,1,0.0,0.0,17.551,11.33,0.0,1,0.0,0,0.0,0,0.0,0.0,0,0.0,0,,,
122743574,RES1-2SNB,RES,2.0,C,2,3068.0,1500,416001.05514352326,208000.52757176163,88.63767,2013,X,0.0,,481576747022057,-95.759939187584,29.573739970975,0.0,s604,s604,0.0,0.0,0,1,0.0,0.0,14.669,9.05,0.0,1,0.0,0,0.0,0,0.0,0.0,0,0.0,0,,,
122466039,RES1-1SNB,RES,0.75,S,1,1285.0,1878,325800.1723707317,162900.08618536586,84.67137,2004,X,4.16,,481576746042018,-95.713874347974,29.539954493179,0.0,s605,s605,0.0,0.0,1,1,0.0,0.0,1.727,6.91,0.0,1,0.0,0,0.0,0,0.0,0.0,0,0.0,0,,,
122690587,RES1-1SNB,RES,0.75,S,1,4364.0,3537,1039858.2066473044,519929.1033236522,69.918335,2013,X,2.52,,481576744024010,-95.608766637572,29.534040372135,0.0,s606,s606,0.0,0.0,0,1,0.0,0.0,15.903,4.86,0.0,1,0.0,0,0.0,0,0.0,0.0,0,0.0,0,,,
122713766,RES1-2SNB,RES,0.75,S,2,3330.0,1621,788640.5504999228,394320.2752499614,67.55288,1998,X,5.79,,481576744014013,-95.608812271491,29.561366074005,0.0,s607,s607,0.0,0.0,1,1,0.0,0.0,10.517,3.52,0.0,1,0.0,0,0.0,0,0.0,0.0,0,0.0,0,,,
122538358,RES1-2SNB,RES,0.75,S,2,6014.0,4646,1062692.9166164205,531346.4583082102,87.76601,2010,AE,5.0,,481576734014002,-95.793411255789,29.615057559793,1.0,s608,s608,0.0,0.0,1,1,0.0,0.0,5.818,2.94,0.0,1,0.0,0,0.0,0,0.0,0.0,0,0.0,1,,,
122462414,RES1-2SNB,RES,0.75,S,2,3391.0,2977,669838.5793072121,334919.2896536061,71.29354,2004,X,6.4,,481576746042000,-95.702800961131,29.555318033106,1.0,s609,s609,0.0,0.0,1,1,0.0,0.0,5.774,4.4,0.0,1,0.0,0,0.0,0,0.0,0.0,0,0.0,0,,,
122744023,RES1-1SNB,RES,0.75,S,1,1634.0,1500,471710.0503966464,235855.0251983232,72.00736,1988,X,0.0,,481576746011002,-95.679800385107,29.56027645215,1.0,s610,s610,0.0,0.0,1,1,0.0,0.0,6.554,4.56,0.0,1,0.0,0,0.0,0,0.0,0.0,0,0.0,1,,,
122490249,RES1-1SNB,RES,0.75,S,1,3555.0,4793,747800.4646183306,373900.2323091653,92.450165,2010,AE,3.75,,481576734014005,-95.804923751027,29.61846508045,0.0,s611,s611,0.0,0.0,1,1,0.0,0.0,8.07,2.56,0.0,1,0.0,0,0.0,0,0.0,0.0,0,0.0,0,,,
122541602,RES1-1SNB,RES,0.75,S,1,2913.0,1924,786153.132250726,393076.566125363,94.539566,2013,X,4.09,,481576734022021,-95.814214244127,29.634738372572,0.0,s612,s612,0.0,0.0,0,1,0.0,0.0,4.025,2.05,0.0,1,0.0,0,0.0,0,0.0,0.0,0,0.0,0,,,
122586421,RES1-1SNB,RES,0.75,S,1,2082.0,2685,511997.9411782362,255998.9705891181,91.37239,2010,X,4.85,,481576734013023,-95.80677848243,29.592088047442,0.0,s613,s613,0.0,0.0,1,1,0.0,0.0,8.594,4.0,0.0,1,0.0,0,0.0,0,0.0,0.0,0,0.0,0,,,
122457843,RES1-2SNB,RES,0.75,S,2,3264.0,2196,807872.0299401806,403936.0149700903,82.97675,2015,X,5.35,,481576729012052,-95.687655619169,29.619919166158,0.0,s614,s614,0.0,0.0,1,1,0.0342,0.0,8.786,4.9,0.0,1,0.0,0,0.0,0,0.0,0.0,0,0.0,1,,,
122448587,RES1-1SWB,RES,2.0,B,1,2354.0,3144,704866.4281122751,352433.21405613754,70.13181,2002,X,4.53,,481576746022003,-95.655082817583,29.558451225702,1.0,s615,s615,0.0,0.0,1,1,0.0,0.0,17.297,1.57,0.0,1,0.0,0,0.0,0,0.0,0.0,0,0.0,0,,,
122623318,RES1-1SNB,RES,0.75,S,1,2538.0,2358,423509.5032345782,211754.7516172891,85.64786,2015,X,0.31,,481576755022017,-95.732974264378,29.52324746917,0.0,s616,s616,0.0,0.0,0,1,0.0,0.0,9.498,4.11,0.0,1,0.0,0,0.0,0,0.0,0.0,0,0.0,0,,,
122584592,RES1-1SNB,RES,0.75,S,1,2265.0,2870,356045.48111918377,178022.74055959188,78.28877,2013,X,4.69,,481576747024021,-95.735897264092,29.565190932343,1.0,s617,s617,0.0,0.0,1,1,0.0,0.0,8.201,0.9,0.0,1,0.0,0,0.0,0,0.0,0.0,0,0.0,0,,,
122743684,RES1-1SNB,RES,0.75,S,1,1098.0,1500,99169.9254,49584.9627,99.57315,1981,X,0.0,,481576752003000,-95.795117407752,29.549234397267,0.0,s618,s618,0.0,0.0,1,1,0.0,0.0,3.131,6.77,0.0,1,0.0,0,0.0,0,0.0,0.0,0,0.0,0,,,
122704467,RES1-2SNB,RES,0.75,S,2,3150.0,2904,333181.95508012176,166590.97754006088,66.27656,1984,X,5.11,,481576741001004,-95.603894351533,29.580401563908,1.0,s619,s619,0.0,0.0,1,1,0.0,0.0,14.363,3.14,0.0,1,0.0,0,0.0,0,0.0,0.0,0,0.0,0,,,
122514255,RES1-3SNB,RES,0.75,S,3,2735.0,3642,762127.8054418046,381063.9027209023,103.23151,2008,X,8.55,,481576733002000,-95.898994961258,29.676038226233,1.0,s620,s620,0.0,0.0,0,1,0.0,0.0,5.038,0.38,0.0,1,0.0,0,0.0,0,0.0,0.0,0,0.0,0,,,
122668414,RES1-1SNB,RES,0.75,S,1,2539.0,2271,658745.1206495053,329372.56032475265,69.78622,1998,X,4.65,,481576744014016,-95.616316764898,29.561173610505,0.0,s621,s621,0.0,0.0,1,1,0.0,0.0,13.109,3.46,0.0,1,0.0,0,0.0,0,0.0,0.0,0,0.0,1,,,
122574587,RES1-2SNB,RES,0.75,S,2,4466.0,3560,998773.2345305679,499386.61726528395,70.8748,1998,X,5.86,,481576744012002,-95.627218479312,29.562827925538,0.0,s622,s622,0.0,0.0,1,1,0.0014,0.0,8.416,0.55,0.0,1,0.0,0,0.0,0,0.0,0.0,0,0.0,1,,,
122588839,RES1-1SNB,RES,0.75,S,1,2010.0,2511,362770.81969855673,181385.40984927837,76.35098,1989,X,4.61,,481576746031021,-95.683729626331,29.542079690568,1.0,s623,s623,0.0,0.0,1,1,0.0,0.0,18.722,8.92,0.0,1,0.0,0,0.0,0,0.0,0.0,0,0.0,0,,,
122480260,RES1-1SNB,RES,0.75,S,1,2904.0,3490,364202.55698999995,182101.27849499998,91.93183,2013,X,6.33,,481576747023021,-95.762234646051,29.572165269894,0.0,s624,s624,0.0,0.0,0,1,0.0,0.0,13.221,12.47,0.0,1,0.0,0,0.0,0,0.0,0.0,0,0.0,0,,,
122469079,RES1-1SNB,RES,0.75,S,1,1950.0,2667,320259.2824872847,160129.64124364234,79.01291,2013,X,4.87,,481576747024024,-95.743079093645,29.557449927406,1.0,s625,s625,0.0,0.0,1,1,0.0,0.0,12.55,1.77,0.0,1,0.0,0,0.0,0,0.0,0.0,0,0.0,0,,,
122525981,RES1-2SNB,RES,0.75,S,2,2598.0,1685,673312.3480544911,336656.17402724555,75.32233,2003,X,5.68,,481576747011011,-95.688243087394,29.571464434661,1.0,s626,s626,0.0,0.0,1,1,0.0,0.0,16.428,4.15,0.0,1,0.0,0,0.0,0,0.0,0.0,0,0.0,0,,,
122529099,RES1-2SNB,RES,0.75,S,2,3259.0,2505,655334.7107553602,327667.3553776801,80.64801,1987,X,5.95,,481576736002018,-95.732711098843,29.614975273595,0.0,s627,s627,0.0,0.0,1,1,0.0,0.0,10.937,0.87,0.0,1,0.0,0,0.0,0,0.0,0.0,0,0.0,0,,,
122638909,RES1-1SNB,RES,0.75,S,1,1807.0,2268,348406.538709426,174203.269354713,86.57598,2015,X,0.04,,481576755024023,-95.751241832521,29.522732710231,0.0,s628,s628,0.0,0.0,0,1,0.0,0.0,3.164,1.28,0.0,1,0.0,0,0.0,0,0.0,0.0,0,0.0,0,,,
122466403,RES1-1SNB,RES,0.75,S,1,3427.0,3058,434380.0465000185,217190.02325000925,77.78076,2013,X,4.67,,481576747021004,-95.716099364089,29.568172342547,1.0,s629,s629,0.0,0.0,1,1,0.0,0.0,29.088,6.79,0.0,1,0.0,0,0.0,0,0.0,0.0,0,0.0,1,,,
122554687,RES1-1SNB,RES,0.75,S,1,1442.0,2083,264141.1410776541,132070.57053882704,78.08093,2013,X,4.04,,481576747024016,-95.73814497622,29.563847457957,1.0,s630,s630,0.0,0.0,1,1,0.0,0.0,7.923,1.75,0.0,1,0.0,0,0.0,0,0.0,0.0,0,0.0,0,,,
122531101,RES1-1SNB,RES,0.75,S,1,2625.0,3368,388513.1893689768,194256.5946844884,78.29895,2013,X,3.74,,481576747024029,-95.737804958416,29.558102986436,1.0,s631,s631,0.0,0.0,1,1,0.0018,0.0,6.83,0.48,0.0,1,0.0,0,0.0,0,0.0,0.0,0,0.0,0,,,
122689468,RES1-1SNB,RES,0.75,S,1,1635.0,2047,230888.36668998838,115444.18334499419,65.68281,1984,X,4.99,,481576741002005,-95.600216086045,29.585741556214,1.0,s632,s632,0.0,0.0,1,1,0.0,0.0,11.547,2.37,0.0,1,0.0,0,0.0,0,0.0,0.0,0,0.0,0,,,
122475798,RES1-1SNB,RES,0.75,S,1,2095.0,2599,340452.0853021522,170226.0426510761,80.70182,1994,AE,0.07,,481576738013009,-95.745266319463,29.587352696536,1.0,s633,s633,0.0,0.0,0,1,0.0,0.0,11.013,1.13,0.0,1,0.0,0,0.0,0,0.0,0.0,0,0.0,0,,,
122531740,RES1-1SNB,RES,0.75,S,1,2272.0,2912,398299.0370608506,199149.5185304253,90.10564,2015,X,0.0,,481576755023001,-95.727842660111,29.537368101233,0.0,s634,s634,0.0,0.0,0,1,0.0,0.0,4.976,4.11,0.0,1,0.0,0,0.0,0,0.0,0.0,0,0.0,0,,,
122525083,RES1-1SNB,RES,0.75,S,1,2086.0,2375,381125.55233956676,190562.77616978338,76.52882,1997,X,3.98,,481576738021006,-95.685242929599,29.598040083817,1.0,s635,s635,0.0,0.0,1,1,0.0,0.0,3.95,3.47,0.0,1,0.0,0,0.0,0,0.0,0.0,0,0.0,0,,,
122510079,RES1-1SNB,RES,0.75,S,1,1800.0,3049,507841.4843204917,253920.74216024586,99.78098,2008,X,2.16,,481576733001029,-95.874762807167,29.666833211684,0.0,s636,s636,0.0,0.0,0,1,0.0,0.0,1.167,4.85,0.0,1,0.0,0,0.0,0,0.0,0.0,0,0.0,0,,,
122532997,COM1,COM,0.25,S,1,15512.0,15512,2427748.8625090974,3034686.078136372,93.03404,2015,X,4.95,,481576755021037,-95.744579883697,29.540482196507,0.0,s637,s637,0.0,0.0,0,1,0.0,0.0,17.245,8.81,0.0,1,0.0,0,0.0,0,0.0,0.0,0,0.0,0,,,
122568895,RES1-1SNB,RES,0.75,S,1,2871.0,3047,559945.8149803977,279972.90749019885,81.0623,1987,X,4.58,,481576736002008,-95.722234678268,29.622968036236,0.0,s638,s638,0.0,0.0,1,1,0.0,0.0,5.674,11.22,0.0,1,0.0,0,0.0,0,0.0,0.0,0,0.0,0,,,
122524926,RES1-2SNB,RES,0.75,S,2,2883.0,3318,446764.9207019693,223382.46035098465,73.34248,1989,X,5.13,,481576746031004,-95.683546375113,29.545241684894,1.0,s639,s639,0.0,0.0,1,1,0.0,0.0,16.395,6.61,0.0,1,0.0,0,0.0,0,0.0,0.0,0,0.0,0,,,
122575937,RES1-2SNB,RES,0.75,S,2,2712.0,2251,700396.1520034366,350198.0760017183,72.63662,2002,X,5.8,,481576746025005,-95.669089358858,29.543108408351,1.0,s640,s640,0.0,0.0,1,1,0.0,0.0,14.094,5.3,0.0,1,0.0,0,0.0,0,0.0,0.0,0,0.0,0,,,
122594711,COM7,COM,0.25,S,1,2688.0,2688,498303.1555394446,722539.5755321946,97.30568,1978,X,3.61,,481576748002023,-95.761378174362,29.564714127414,0.0,s641,s641,0.0,0.0,1,1,0.0,0.0,4.057,9.11,0.0,1,0.0,0,0.0,0,0.0,0.0,0,0.0,0,,,
122468186,RES1-1SNB,RES,0.75,S,1,3474.0,2951,719331.5695133067,359665.78475665336,81.628456,2012,X,2.08,,481576735012015,-95.720516972009,29.631954238472,1.0,s642,s642,0.0,0.0,0,1,0.0,0.0,10.262,1.48,0.0,1,0.0,0,0.0,0,0.0,0.0,0,0.0,0,,,
122598096,RES1-1SNB,RES,0.75,S,1,2340.0,2655,349290.6610895562,174645.3305447781,79.31736,2013,X,3.79,,481576747023009,-95.748560489191,29.57049878198,1.0,s643,s643,0.0,0.0,1,1,0.0,0.0,10.264,2.39,0.0,1,0.0,0,0.0,0,0.0,0.0,0,0.0,0,,,
122615510,RES1-2SNB,RES,0.75,S,2,1772.0,5881,271953.000162,135976.500081,76.16627,2013,X,4.96,,481576747024058,-95.753118518729,29.56590215696,1.0,s644,s644,0.0,0.0,1,1,0.0,0.0,8.284,2.55,0.0,1,0.0068,0,0.0,0,0.0,0.0,0,0.0,0,,,
122525105,RES1-1SNB,RES,0.75,S,1,1775.0,2164,341725.84311636107,170862.92155818053,77.66051,1997,X,5.98,,481576738021006,-95.690684576593,29.593692217298,1.0,s645,s645,0.0,0.0,1,1,0.0,0.0,5.131,4.3,0.0,1,0.0,0,0.0,0,0.0,0.0,0,0.0,0,,,
122625565,RES1-2SNB,RES,0.75,S,2,1915.0,2426,372334.54967518046,186167.27483759023,83.89391,2015,X,7.09,,481576755024011,-95.737167402873,29.520571508992,0.0,s646,s646,0.0,0.0,0,1,0.0,0.0,1.235,0.84,0.0,1,0.0,0,0.0,0,0.0,0.0,0,0.0,0,,,
122538233,RES1-1SNB,RES,0.75,S,1,3205.0,4563,671277.5695756053,335638.78478780267,89.657585,2010,X,5.52,,481576734014002,-95.78064619231,29.614461834758,0.0,s647,s647,0.0,0.0,1,1,0.0,0.0,4.269,17.07,0.0,1,0.0,0,0.0,0,0.0,0.0,0,0.0,0,,,
122585243,RES1-2SNB,RES,0.75,S,2,1518.0,3435,208990.89976399034,104495.44988199517,95.78256,2008,X,6.9,,481576751013006,-95.751685072032,29.550337737139,0.0,s648,s648,0.0,0.0,1,1,0.0,0.0,18.378,21.53,0.0,1,0.0,0,0.0,0,0.0,0.0,0,0.0,0,,,
122578437,RES1-1SNB,RES,0.75,S,1,2501.0,2806,574934.7366514303,287467.3683257151,83.173355,2010,AE,4.25,,481576734011022,-95.748089301683,29.599765242213,1.0,s649,s649,0.0,0.0,1,1,0.0,0.0,5.933,0.99,0.0,1,0.0,0,0.0,0,0.0,0.0,0,0.0,0,,,
122711149,COM4,COM,0.25,S,1,3134.0,3134,652936.4189556042,359115.0304255823,79.893234,1988,X,2.67,,481576740022023,-95.619739509483,29.58866388695,0.0,s650,s650,0.0,0.0,1,1,0.0,0.0,21.996,2.21,0.0,1,0.0,0,0.0,0,0.0,0.0,0,0.0,0,,,
122480617,RES1-1SNB,RES,2.0,C,1,1372.0,1430,227651.900166,113825.950083,89.996506,2013,X,4.79,,481576747022011,-95.758207764644,29.581254567845,0.0,s651,s651,0.0,0.0,1,1,0.0,0.0,38.464,27.06,0.0,1,0.0,0,0.0,0,0.0,0.0,0,0.0,1,,,
122570302,RES1-2SNB,RES,0.75,S,2,2475.0,2184,332508.364026,166254.182013,96.11183,2013,X,3.44,,481576747023024,-95.757785113398,29.568670854377,0.0,s652,s652,0.0,0.0,1,1,0.0,0.0,16.37,23.14,0.0,1,0.0,0,0.0,0,0.0,0.0,0,0.0,0,,,
122570868,RES2,RES,2.0,C,1,889.6,1112,48300.01213894744,48300.01213894744,99.777756,1979,X,1.12,,481576749001014,-95.770386170646,29.581315659706,0.0,s653,s653,0.0,0.0,1,1,0.0,0.0,12.893,15.96,0.0,1,0.0,0,0.0,0,0.0,0.0,0,0.0,0,,,
122457935,RES1-1SNB,RES,0.75,S,1,1720.0,2460,274290.58691042423,137145.29345521212,74.215065,1994,X,4.33,,481576738011001,-95.686434730841,29.586666919613,1.0,s654,s654,0.0,0.0,1,1,0.0,0.0,16.234,5.55,0.0,1,0.0,0,0.0,0,0.0,0.0,0,0.0,0,,,
122707458,RES1-1SNB,RES,0.75,S,1,1710.0,2009,239497.24390995735,119748.62195497868,65.272484,1984,X,4.8,,481576741004002,-95.600790569986,29.57546293046,1.0,s655,s655,0.0,0.0,1,1,0.0,0.0,1.651,0.7,0.0,1,0.0,0,0.0,0,0.0,0.0,0,0.0,0,,,
122446628,RES1-2SNB,RES,0.75,S,2,5006.0,3865,1091222.5699510358,545611.2849755179,73.880356,2009,X,5.83,,481576739023001,-95.641064173709,29.598407422416,0.0,s656,s656,0.0,0.0,1,1,0.0,0.0,24.895,0.98,0.0,1,0.0,0,0.0,0,0.0,0.0,0,0.0,0,,,
122468296,RES1-2SNB,RES,0.75,S,2,2965.0,3671,649135.9402367899,324567.97011839494,81.281715,2012,X,5.68,,481576735012015,-95.730182279733,29.640128241397,1.0,s657,s657,0.0,0.0,0,1,0.0,0.0,7.522,1.3,0.0,1,0.0118,0,0.0,0,0.0,0.0,0,0.0,0,,,
122485723,RES1-1SNB,RES,0.75,S,1,1505.0,1853,203538.95348517594,101769.47674258797,97.84416,1983,X,0.97,,481576750002001,-95.785461169247,29.572877720888,0.0,s658,s658,0.0,0.0,0,1,0.0,0.0,38.472,19.26,0.0,1,0.1879,0,0.0,0,0.0,0.0,0,0.0,1,,,
122601021,RES3A,RES,0.5,S,1,1422.0,1422,232123.52197207714,81243.232690227,102.48104,1979,X,0.54,,481576749003009,-95.777905332106,29.586801353257002,0.0,s659,s659,0.0,0.0,1,1,0.0,0.0,1.398,9.13,0.0,1,0.0,0,0.0,0,0.0,0.0,0,0.0,0,,,
122666346,RES1-1SNB,RES,0.75,S,1,1844.0,2459,251124.03179429224,125562.01589714612,66.05804,1984,X,5.8,,481576741004001,-95.602934685275,29.576870262629,1.0,s660,s660,0.0,0.0,1,1,0.0,0.0,13.835,2.92,0.0,1,0.0,0,0.0,0,0.0,0.0,0,0.0,0,,,
122530747,RES1-2SNB,RES,0.75,S,2,2578.0,1536,569932.4637086825,284966.2318543412,87.3285,1992,X,5.26,,481576735022005,-95.737201545089,29.638536466196,0.0,s661,s661,0.0,0.0,1,1,0.0,0.0,10.791,6.21,0.0,1,0.0,0,0.0,0,0.0,0.0,0,0.0,0,,,
122537402,RES1-1SNB,RES,0.75,S,1,1360.0,1818,189403.37639999998,94701.68819999999,97.45544,1981,X,3.36,,481576751023011,-95.783432515206,29.546378826333,0.0,s662,s662,0.0,0.0,1,1,0.0,0.0,2.785,10.49,0.0,1,0.0,0,0.0,0,0.0,0.0,0,0.0,0,,,
122536815,RES1-1SNB,RES,0.75,S,1,1874.0,2252,183526.2352870619,91763.11764353095,96.51681,2008,X,4.65,,481576751011007,-95.77700664876,29.548987279341,0.0,s663,s663,0.0,0.0,1,1,0.0,0.0,2.382,2.39,0.0,1,0.0,0,0.0,0,0.0,0.0,0,0.0,0,,,
122578401,RES1-2SNB,RES,0.75,S,2,2462.0,1824,567390.0780919532,283695.0390459766,85.08164,2010,AE,5.16,,481576734011022,-95.748839272357,29.598994550683,0.0,s664,s664,0.0,0.0,1,1,0.0,0.0,10.088,0.68,0.0,1,0.0,0,0.0,0,0.0,0.0,0,0.0,0,,,
122450818,RES1-2SNB,RES,0.75,S,2,3319.0,2477,805112.0114848902,402556.0057424451,68.97269,2002,X,5.13,,481576746022008,-95.6588486322,29.555606547638,1.0,s665,s665,0.0,0.0,1,1,0.0,0.0,12.137,7.87,0.0,1,0.0,0,0.0,0,0.0,0.0,0,0.0,0,,,
122626777,RES1-1SNB,RES,0.75,S,1,2043.0,2566,500040.5039465484,250020.2519732742,86.92564,2015,X,4.48,,481576755031019,-95.748407102359,29.514984332617,0.0,s666,s666,0.0,0.0,1,1,0.0,0.0,14.328,1.68,0.0,1,0.0,0,0.0,0,0.0,0.0,0,0.0,0,,,
122590409,RES2,RES,2.0,C,1,381.85,1241,20684.7423,20684.7423,90.07321,1979,X,2.22,,481576749003018,-95.768141109326,29.594261672998,0.0,s667,s667,0.0,0.0,0,1,0.0,0.0,2.569,10.9,0.0,1,0.0,0,0.0,0,0.0,0.0,0,0.0,0,,,
122621754,RES1-1SWB,RES,2.0,B,1,3034.0,2093,634613.6570970714,317306.8285485357,85.800606,2015,X,4.62,,481576755022014,-95.71709352914,29.529160889519,0.0,s668,s668,0.0,0.0,1,1,0.0,0.0,8.092,0.4,0.0,1,0.0,0,0.0,0,0.0,0.0,0,0.0,1,,,
122473297,RES1-1SNB,RES,0.75,S,1,3072.0,2750,445372.45177531877,222686.22588765938,75.33577,2013,X,0.0,,481576747024011,-95.745974272708,29.563318242001,1.0,s669,s669,0.0,0.0,0,1,0.0,0.0,2.726,0.19,0.0,1,0.0,0,0.0,0,0.0,0.0,0,0.0,0,,,
122548617,RES1-2SNB,RES,0.75,S,2,3924.0,2853,911617.8659427427,455808.93297137134,70.96353,1998,X,5.8,,481576744012004,-95.636868800949,29.560585331505,0.0,s670,s670,0.0,0.0,1,1,0.0,0.0,27.6,2.09,0.0,1,0.0,0,0.0,0,0.0,0.0,0,0.0,1,,,
122462407,RES1-2SNB,RES,0.75,S,2,3192.0,2563,646438.752262811,323219.3761314055,71.498405,2004,X,4.96,,481576746042000,-95.700346854123,29.557261879193,1.0,s671,s671,0.0,0.0,1,1,0.0,0.0,2.034,4.75,0.0,1,0.0,0,0.0,0,0.0,0.0,0,0.0,0,,,
122446599,RES1-2SNB,RES,0.75,S,2,4935.0,4054,1089186.7517634872,544593.3758817436,72.68814,2009,X,5.51,,481576739023001,-95.646847599447,29.603991476063,0.0,s672,s672,0.0,0.0,0,1,0.0,0.0,10.407,2.58,0.0,1,0.0,0,0.0,0,0.0,0.0,0,0.0,0,,,
122622530,AGR1,COM,0.25,S,1,2910.0,2910,323344.7159551928,468849.83813502954,78.16485,2015,X,0.0,,481576755031033,-95.723999496973,29.509448055257,0.0,s673,s673,0.0,0.0,0,1,0.0,0.0,12.368,1.12,0.0,1,0.0,0,0.0,0,0.0,0.0,0,0.0,0,,,
122593308,RES1-2SNB,RES,0.75,S,2,3223.0,2888,768446.230760102,384223.115380051,76.32435,1995,X,4.43,,481576739043010,-95.66808148892,29.597254737157,0.0,s674,s674,0.0,0.0,1,1,0.0,0.0,11.737,1.5,0.0,1,0.0,0,0.0,0,0.0,0.0,0,0.0,1,,,
122454117,RES1-1SNB,RES,0.75,S,1,3830.0,3082,933718.9313689731,466859.46568448655,71.08973,2003,X,2.27,,481576747012005,-95.673992658005,29.566526741227,1.0,s675,s675,0.0,0.0,1,1,0.0,0.0,8.441,9.19,0.0,1,0.0,0,0.0,0,0.0,0.0,0,0.0,0,,,
122645565,COM1,COM,0.25,S,1,3658.67,5488,571205.0134982705,714006.2668728381,97.239746,2011,X,1.13,,481576755011002,-95.778282230045,29.532868900815,0.0,s676,s676,0.0,0.0,0,1,0.0,0.0,7.688,6.41,0.0,1,0.0,0,0.0,0,0.0,0.0,0,0.0,0,,,
122642723,RES1-2SNB,RES,0.75,S,2,5365.0,5100,960594.2208431342,480297.1104215671,75.24765,2015,X,6.21,,481576755032020,-95.670500509488,29.519766767344,0.0,s677,s677,0.0,0.0,1,1,0.2167,0.0,9.826,4.87,0.0,1,0.0,0,0.0,0,0.0,0.0,0,0.0,1,,,
122535519,RES1-1SNB,RES,0.75,S,1,1053.0,913,122107.55270000001,61053.77635000001,96.41706,2008,X,4.74,,481576751013023,-95.764515516113,29.541921777211,0.0,s678,s678,0.0,0.0,1,1,0.0,0.0,2.734,1.9,0.0,1,0.0,0,0.0,0,0.0,0.0,0,0.0,0,,,
122484451,RES1-1SNB,RES,0.75,S,1,1932.0,1924,140469.12120000002,70234.56060000001,99.04416,1978,X,4.56,,481576748001018,-95.775575649061,29.568291395571,0.0,s679,s679,0.0,0.0,1,1,0.0,0.0,1.847,15.53,0.0,1,0.0,0,0.0,0,0.0,0.0,0,0.0,0,,,
122479693,RES1-1SNB,RES,0.75,S,1,2370.0,2818,567521.3542018596,283760.6771009298,86.303474,2010,X,3.93,,481576734011031,-95.752932702807,29.591841377039,0.0,s680,s680,0.0,0.0,1,1,0.0,0.0,30.821,12.39,0.0,1,0.0,0,0.0,0,0.0,0.0,0,0.0,1,,,
122551924,RES1-2SNB,RES,0.75,S,2,3301.0,2046,775361.6231962756,387680.8115981378,71.63506,1988,X,6.06,,481576746012015,-95.682201564376,29.551681739243,1.0,s681,s681,0.0,0.0,1,1,0.0,0.0,13.881,0.85,0.0,1,0.0,0,0.0,0,0.0,0.0,0,0.0,0,,,
122454007,RES1-2SNB,RES,0.75,S,2,2757.0,2274,698224.0822096277,349112.04110481386,72.8654,2003,X,4.91,,481576747012002,-95.676264504356,29.573712654399,1.0,s682,s682,0.0,0.0,1,1,0.0,0.0,17.896,4.99,0.0,1,0.0,0,0.0,0,0.0,0.0,0,0.0,0,,,
122617511,RES1-1SNB,RES,0.75,S,1,3824.0,4446,578436.9869377122,289218.4934688561,73.960075,1997,X,4.84,,481576738021008,-95.689211823405,29.589278716438,1.0,s683,s683,0.0,0.0,1,1,0.0,0.0,15.203,5.59,0.0,1,0.0,0,0.0,0,0.0,0.0,0,0.0,0,,,
122640953,RES1-2SNB,RES,0.75,S,2,2252.0,2777,541356.2546365659,270678.12731828296,82.534096,2015,X,0.0,,481576755031009,-95.73574577261,29.516320819249,1.0,s684,s684,0.0,0.0,0,1,0.0,0.0,12.018,0.48,0.0,1,0.0,0,0.0,0,0.0,0.0,0,0.0,0,,,
122554733,RES1-2SNB,RES,0.75,S,2,2002.0,1398,456114.24655379186,228057.12327689593,83.14651,2012,X,5.36,,481576735012037,-95.73708432458,29.641621103781,0.0,s685,s685,0.0,0.0,1,1,0.0,0.0,8.656,7.94,0.0,1,0.0,0,0.0,0,0.0,0.0,0,0.0,0,,,
122456225,RES1-2SNB,RES,0.75,S,2,3317.0,2476,790149.5210271102,395074.7605135551,73.605446,2003,X,5.93,,481576747012018,-95.681985636612,29.570882107276,1.0,s686,s686,0.0,0.0,1,1,0.0,0.0,14.917,5.15,0.0,1,0.0,0,0.0,0,0.0,0.0,0,0.0,0,,,
122460327,COM2,COM,0.25,S,1,7154.38,11447,872767.7130675219,1221874.7982945307,80.98757,1989,X,6.24,,481576746033018,-95.701629439399,29.5378941231,0.0,s687,s687,0.0,0.0,1,1,0.0,0.0,4.067,0.95,0.0,1,0.0,0,0.0,0,0.0,0.0,0,0.0,0,,,
122577778,RES1-2SNB,RES,0.75,S,2,2576.0,2620,519039.2696403362,259519.6348201681,82.41608,1987,X,0.0,38061711,481576736002013,-95.724826381513,29.621177663848,0.0,s688,s688,0.0,0.0,1,1,0.0,0.0,4.25,10.8,0.0,1,0.0,0,0.0,0,0.0,0.0,0,0.0,0,,,
122556123,RES1-1SNB,RES,0.75,S,1,2163.0,2179,393106.64491471933,196553.32245735967,94.090775,2015,X,0.58,,481576755021023,-95.754849551573,29.535299245047,0.0,s689,s689,0.0,0.0,0,1,0.0,0.0,8.495,2.44,0.0,1,0.0,0,0.0,0,0.0,0.0,0,0.0,0,,,
122448782,RES1-1SNB,RES,0.75,S,1,2444.0,2817,645979.8984860703,322989.94924303517,70.88466,2002,X,5.38,,481576746022003,-95.665047154451,29.559541298589,1.0,s690,s690,0.0,0.0,1,1,0.0,0.0,2.974,17.22,0.0,1,0.0,0,0.0,0,0.0,0.0,0,0.0,0,,,
122451673,RES1-1SNB,RES,0.75,S,1,2497.0,698,649788.5381956864,324894.2690978432,76.41131,1995,X,5.06,,481576739041000,-95.668900335752,29.601793443909,0.0,s691,s691,0.0,0.0,1,1,0.0,0.0,10.875,2.67,0.0,1,0.0,0,0.0,0,0.0,0.0,0,0.0,0,,,
122555742,RES1-1SNB,RES,0.75,S,1,2156.0,2625,360044.22629789315,180022.11314894658,89.457825,2013,X,4.95,,481576747024063,-95.750868240661,29.55578709303,0.0,s692,s692,0.0,0.0,1,1,0.0,0.0,25.707,6.33,0.0,1,0.0,0,0.0,0,0.0,0.0,0,0.0,0,,,
122472827,RES1-1SNB,RES,0.75,S,1,3610.0,3274,486372.04094486893,243186.02047243447,79.36951,2013,X,0.16,,481576747024011,-95.741234892485,29.565742248854,1.0,s693,s693,0.0,0.0,0,1,0.0,0.0,13.557,4.53,0.0,1,0.0,0,0.0,0,0.0,0.0,0,0.0,0,,,
122557086,RES1-1SNB,RES,0.75,S,1,2087.0,1896,601076.4877193862,300538.2438596931,87.87899,2012,X,5.0,,481576734042007,-95.769426935208,29.640156164693,0.0,s694,s694,0.0,0.0,1,1,0.0,0.0,5.641,2.87,0.0,1,0.0,0,0.0,0,0.0,0.0,0,0.0,0,,,
122623126,RES1-3SNB,RES,0.75,S,3,1656.0,2184,331240.5783397548,165620.2891698774,84.85513,2015,X,0.0,,481576755022017,-95.73132176867,29.525361727079,0.0,s695,s695,0.0,0.0,0,1,0.0,0.0,9.65,4.63,0.0,1,0.0,0,0.0,0,0.0,0.0,0,0.0,0,,,
122554308,RES1-2SNB,RES,0.75,S,2,2628.0,2062,550343.42275184,275171.71137592,84.25036,2012,X,5.11,,481576735012019,-95.73763445927,29.64328179297,0.0,s696,s696,0.0,0.0,1,1,0.0,0.0,12.013,5.86,0.0,1,0.0,0,0.0,0,0.0,0.0,0,0.0,0,,,
122619016,COM1,COM,0.5,C,1,1236.0,1236,185071.5125916737,231339.39073959214,97.790794,1981,X,3.65,,481576751023000,-95.784310273452,29.551359450223,0.0,s697,s697,0.0,0.0,1,1,0.0,0.0,2.463,4.56,0.0,1,0.0,0,0.0,0,0.0,0.0,0,0.0,0,,,
122566925,RES1-2SNB,RES,0.75,S,2,3136.0,2552,799982.9673707914,399991.4836853957,80.85339,2015,X,5.06,,481576729012076,-95.690336297557,29.613630561167,0.0,s698,s698,0.0,0.0,1,1,0.0,0.0,8.911,4.84,0.0,1,0.0,0,0.0,0,0.0,0.0,0,0.0,0,,,
122551476,RES1-1SNB,RES,0.75,S,1,2488.0,3227,654305.0836079192,327152.5418039596,74.79345,2002,X,4.22,,481576746021005,-95.673904472357,29.54259510123,1.0,s699,s699,0.0,0.0,1,1,0.0,0.0,19.018,5.58,0.0,1,0.0,0,0.0,0,0.0,0.0,0,0.0,0,,,
122568647,RES1-1SNB,RES,0.75,S,1,13583.0,10104,2429050.4116490367,1214525.2058245183,74.35592,2004,X,3.43,,481576746042005,-95.724366032543,29.550793761391,1.0,s700,s700,0.0,0.0,0,1,0.0205,0.0,2.742,10.56,0.0,1,0.0,0,0.0,0,0.0,0.0,0,0.0,1,,,
122548185,RES1-2SNB,RES,0.75,S,2,3679.0,3397,848718.9985733454,424359.4992866727,70.38499,1993,X,4.51,,481576742002005,-95.631740271905,29.572557869493,1.0,s701,s701,0.0,0.0,1,1,0.0,0.0,6.061,3.52,0.0,1,0.0,0,0.0,0,0.0,0.0,0,0.0,0,,,
122600728,RES1-2SNB,RES,0.75,S,2,2751.0,1908,614980.8438686474,307490.4219343237,83.92363,2010,AE,4.52,,481576734011025,-95.751366089848,29.600611860809,0.0,s702,s702,0.0,0.0,1,1,0.0,0.0,5.793,1.22,0.0,1,0.0,0,0.0,0,0.0,0.0,0,0.0,0,,,
122568027,RES1-2SNB,RES,0.75,S,2,3185.0,1861,644184.0451694512,322092.0225847256,71.78794,2004,X,4.87,,481576746041007,-95.697361264532,29.555349554771,1.0,s703,s703,0.0,0.0,1,1,0.0,0.0,9.12,3.36,0.0,1,0.0,0,0.0,0,0.0,0.0,0,0.0,0,,,
122620241,RES1-1SNB,RES,0.75,S,1,2777.0,3057,439212.0814367533,219606.04071837664,85.67862,2015,X,2.88,,481576755022004,-95.715395166754,29.527681100427,0.0,s704,s704,0.0,0.0,1,1,0.0,0.0,6.33,0.17,0.0,1,0.0,0,0.0,0,0.0,0.0,0,0.0,0,,,
122485487,RES1-1SNB,RES,0.75,S,1,1023.0,1719,123695.52564123947,61847.76282061973,100.11188,1983,X,4.33,,481576750002001,-95.783306246794,29.572899416766,0.0,s705,s705,0.0,0.0,1,1,0.0,0.0,18.586,26.29,0.0,1,0.0339,0,0.0,0,0.0,0.0,0,0.0,0,,,
122611767,EDU1,PUB,0.25,S,1,51194.0,51194,10236192.627625685,6653525.207956696,88.720764,2013,X,5.56,,481576747022039,-95.765037704494,29.577685683426,0.0,s706,s706,0.0,0.0,1,1,0.0,0.0,8.899,3.39,0.0,1,0.0,0,0.0,0,0.0,0.0,0,0.0,0,,,
122479687,RES1-1SNB,RES,0.75,S,1,2490.0,2915,589608.1617379315,294804.0808689658,85.88859,2010,X,3.92,,481576734011031,-95.752808319833,29.59213825092,0.0,s707,s707,0.0,0.0,1,1,0.0,0.0,27.955,10.2,0.0,1,0.0,0,0.0,0,0.0,0.0,0,0.0,1,,,
122743727,RES1-2SNB,RES,0.75,S,2,1907.0,1500,284423.849706,142211.924853,75.59398,2013,X,0.0,,481576747024058,-95.753043354937,29.565804337777,1.0,s708,s708,0.0,0.0,1,1,0.0,0.0,8.288,2.51,0.0,1,0.0066,0,0.0,0,0.0,0.0,0,0.0,0,,,
122448756,RES1-1SNB,RES,0.75,S,1,1986.0,2282,552381.9772813416,276190.9886406708,72.826294,2002,X,4.06,,481576746022003,-95.665368794669,29.556277287342,1.0,s709,s709,0.0,0.0,1,1,0.0,0.0,6.087,7.12,0.0,1,0.0,0,0.0,0,0.0,0.0,0,0.0,0,,,
122452186,RES1-1SNB,RES,0.75,S,1,2140.0,2871,583001.754623082,291500.877311541,76.52577,2002,X,5.03,,481576746021015,-95.672184467513,29.541401916667,0.0,s710,s710,0.0,0.0,1,1,0.0,0.0,19.898,4.74,0.0,1,0.0,0,0.0,0,0.0,0.0,0,0.0,0,,,
122454396,RES1-2SNB,RES,0.75,S,2,3754.0,2904,580520.539991899,290260.2699959495,79.71494,2005,X,6.73,,481576728021000,-95.677830729109,29.609918436273,0.0,s711,s711,0.0,0.0,1,1,0.1114,0.0,6.44,2.25,0.0,1,0.0,0,0.0,0,0.0,0.0,0,0.0,0,,,
122490089,RES1-1SNB,RES,0.75,S,1,1544.0,1175,126953.75917619026,63476.87958809513,98.16029,1981,X,5.46,,481576752003007,-95.802757750801,29.548670825228,0.0,s712,s712,0.0,0.0,1,1,0.0,0.0,3.525,2.25,0.0,1,0.0,0,0.0,0,0.0,0.0,0,0.0,0,,,
122541152,RES1-2SNB,RES,0.75,S,2,2662.0,1872,655835.073036,327917.536518,87.048355,2008,AE,5.27,,481576733001068,-95.817024097224,29.577627000047,1.0,s713,s713,0.0,0.0,0,1,0.0873,0.0,2.735,20.72,0.0,1,0.0,0,0.0,0,0.0,0.0,0,0.0,0,,,
122473125,RES1-1SNB,RES,0.75,S,1,2588.0,2995,401261.5371882584,200630.7685941292,78.502106,2013,X,0.71,,481576747024011,-95.743686781926,29.561249000071,1.0,s714,s714,0.0,0.0,0,1,0.0,0.0,8.433,1.78,0.0,1,0.0,0,0.0,0,0.0,0.0,0,0.0,0,,,
122482405,RES3A,RES,0.5,S,1,3974.0,3974,606849.264005348,212397.24240187177,89.747284,2012,X,3.9,,481576734043009,-95.764556778727,29.650503571592,0.0,s715,s715,0.0,0.0,0,1,0.0,0.0,8.708,5.85,0.0,1,0.0,0,0.0,0,0.0,0.0,0,0.0,0,,,
122594045,RES1-1SNB,RES,0.75,S,1,1532.0,2040,289369.2507652162,144684.6253826081,82.69935,1989,X,4.13,,481576746033015,-95.69446597394,29.541825266667,0.0,s716,s716,0.0,0.0,1,1,0.0,0.0,9.138,9.27,0.0,1,0.0,0,0.0,0,0.0,0.0,0,0.0,0,,,
122606701,RES1-1SNB,RES,0.75,S,1,1425.0,1490,195674.88669999997,97837.44334999999,98.81493,1981,X,6.02,,481576751021027,-95.788045072917,29.555018728555,0.0,s717,s717,0.0,0.0,1,1,0.0,0.0,3.022,3.69,0.0,1,0.0,0,0.0,0,0.0,0.0,0,0.0,0,,,
122452297,RES1-2SNB,RES,0.75,S,2,3215.0,1873,770438.3122770617,385219.1561385309,72.16233,1988,X,6.76,,481576746011006,-95.668665541844,29.558876063944,1.0,s718,s718,0.0,0.0,1,1,0.0,0.0,16.038,0.92,0.0,1,0.0,0,0.0,0,0.0,0.0,0,0.0,0,,,
122550367,RES1-2SNB,RES,0.75,S,2,2692.0,3110,689968.1280215825,344984.06401079125,76.080826,1995,X,4.85,,481576739042005,-95.667369371563,29.593892956462,0.0,s719,s719,0.0,0.0,1,1,0.0,0.0,13.621,1.61,0.0,1,0.0,0,0.0,0,0.0,0.0,0,0.0,1,,,
122594597,RES1-2SNB,RES,0.75,S,2,2964.0,1992,574715.189544606,287357.594772303,82.0306,1987,X,5.28,,481576736003011,-95.738884601331,29.617931890423,0.0,s720,s720,0.0,0.0,1,1,0.0,0.0,15.848,0.25,0.0,1,0.0,0,0.0,0,0.0,0.0,0,0.0,0,,,
122623033,RES1-2SWB,RES,2.0,B,2,2653.0,2233,452437.03793962765,226218.51896981383,85.56758,2015,X,4.71,,481576755022017,-95.726117025763,29.5283598971,0.0,s721,s721,0.0,0.0,1,1,0.0,0.0,8.459,1.6,0.0,1,0.0,0,0.0,0,0.0,0.0,0,0.0,0,,,
122474369,RES1-2SNB,RES,0.75,S,2,2971.0,1543,577878.4288338932,288939.2144169466,83.966644,1987,X,5.26,,481576736003012,-95.742219025452,29.614438358511,0.0,s722,s722,0.0,0.0,1,1,0.0,0.0,16.54,2.4,0.0,1,0.0,0,0.0,0,0.0,0.0,0,0.0,0,,,
122536728,RES1-1SNB,RES,0.75,S,1,1428.0,1953,120189.66839111804,60094.83419555902,94.759865,1981,X,3.74,,481576752004000,-95.783757665755,29.542391833027,0.0,s723,s723,0.0,0.0,1,1,0.0,0.0,7.76,6.45,0.0,1,0.0,0,0.0,0,0.0,0.0,0,0.0,0,,,
122699936,RES1-1SNB,RES,0.75,S,1,2742.0,2946,317870.65165280306,158935.32582640153,67.417694,1988,X,3.83,,481576740021025,-95.615135060223,29.582279547112,1.0,s724,s724,0.0,0.0,1,1,0.0,0.0,17.898,3.53,0.0,1,0.0,0,0.0,0,0.0,0.0,0,0.0,0,,,
122467744,RES1-1SNB,RES,0.75,S,1,2716.0,2106,613353.0177653452,306676.5088826726,82.60042,2012,X,0.27,,481576735012015,-95.724268062633,29.62957716242,1.0,s725,s725,0.0,0.0,0,1,0.0,0.0,5.9,3.45,0.0,1,0.0,0,0.0,0,0.0,0.0,0,0.0,0,,,
122601004,RES3A,RES,0.5,S,1,1002.0,1002,179957.73739846665,62985.208089463325,102.35423,1979,X,2.24,,481576749003009,-95.777404516392,29.586793197053,0.0,s726,s726,0.0,0.0,1,1,0.0,0.0,1.575,9.47,0.0,1,0.0,0,0.0,0,0.0,0.0,0,0.0,0,,,
122448385,RES1-1SNB,RES,0.75,S,1,3108.0,3873,772475.2498167349,386237.62490836746,72.78079,2009,X,5.79,,481576739022006,-95.655708093235,29.582107578429,0.0,s727,s727,0.0,0.0,1,1,0.0227,0.0,7.569,3.52,0.0,1,0.0,0,0.0,0,0.0,0.0,0,0.0,0,,,
122624816,RES1-1SNB,RES,0.75,S,1,1603.0,1968,305997.6720611754,152998.8360305877,87.75769,2015,X,5.76,,481576755024022,-95.733771658824,29.528145846313,0.0,s728,s728,0.0,0.0,1,1,0.0,0.0,11.537,2.56,0.0,1,0.0,0,0.0,0,0.0,0.0,0,0.0,0,,,
122610686,RES1-1SNB,RES,0.75,S,1,3142.0,3875,778226.7830224806,389113.3915112403,67.77423,2002,AE,4.93,,481576746023016,-95.645137703939,29.529842516238,1.0,s729,s729,0.0,0.0,0,1,0.0,0.0,2.945,2.64,0.0,1,0.0,0,0.0,0,0.0,0.0,0,0.0,0,,,
122666463,RES1-2SNB,RES,0.75,S,2,3214.0,2878,337495.15674633696,168747.57837316848,66.49617,1984,X,5.16,,481576741001006,-95.604349876456,29.58690124575,1.0,s730,s730,0.0,0.0,1,1,0.0,0.0,12.917,0.97,0.0,1,0.0,0,0.0,0,0.0,0.0,0,0.0,0,,,
122519494,RES1-2SNB,RES,0.75,S,2,3335.0,2091,789416.6350961889,394708.31754809443,71.12999,1993,X,4.43,,481576742002000,-95.636881340177,29.567456042443,1.0,s731,s731,0.0,0.0,1,1,0.0,0.0,26.916,3.12,0.0,1,0.0,0,0.0,0,0.0,0.0,0,0.0,0,,,
122622471,RES1-1SNB,RES,0.75,S,1,1892.0,2423,496436.50931008684,248218.25465504342,79.86408,2015,X,0.59,,481576755031033,-95.73153857872,29.51068980882,0.0,s732,s732,0.0,0.0,0,1,0.0,0.0,13.943,1.17,0.0,1,0.0,0,0.0,0,0.0,0.0,0,0.0,0,,,
122644663,RES1-1SNB,RES,0.75,S,1,2513.0,2981,407260.6257393154,203630.3128696577,85.22275,2015,X,5.66,,481576755022021,-95.724473217906,29.530564715921,0.0,s733,s733,0.0,0.0,1,1,0.0,0.0,7.684,1.19,0.0,1,0.0,0,0.0,0,0.0,0.0,0,0.0,0,,,
122569230,RES1-1SNB,RES,0.75,S,1,1876.0,2524,324176.86546958657,162088.43273479328,77.87107,2013,X,0.13,,481576747024035,-95.732750987481,29.558248064883,1.0,s734,s734,0.0,0.0,0,1,0.0,0.0,13.315,11.24,0.0,1,0.0,0,0.0,0,0.0,0.0,0,0.0,0,,,
122472620,RES1-2SNB,RES,0.75,S,2,3591.0,2598,501112.7705532765,250556.38527663826,89.85636,2015,X,6.02,,481576755023010,-95.737279328379,29.539238093424,0.0,s735,s735,0.0,0.0,1,1,0.0,0.0,10.559,1.81,0.0,1,0.0,0,0.0,0,0.0,0.0,0,0.0,0,,,
122571261,RES3A,RES,2.0,C,1,2401.0,2401,336576.43886068964,117801.75360124136,102.09401,1979,X,1.81,,481576749003013,-95.777922611258,29.58635044395,0.0,s736,s736,0.0,0.0,1,1,0.0,0.0,9.643,20.06,0.0,1,0.0,0,0.0,0,0.0,0.0,0,0.0,0,,,
122589202,RES1-1SNB,RES,0.75,S,1,1686.0,2125,309979.5744659329,154989.78723296645,82.604034,1989,X,3.75,,481576746033009,-95.696598821414,29.542172977388,0.0,s737,s737,0.0,0.0,1,1,0.0,0.0,8.724,7.37,0.0,1,0.0,0,0.0,0,0.0,0.0,0,0.0,0,,,
122465895,RES1-1SWB,RES,2.0,B,1,1899.0,2841,622218.9790903932,311109.4895451966,76.64376,2004,X,4.29,,481576746042017,-95.712854892218,29.54676766151,1.0,s738,s738,0.0,0.0,1,1,0.0,0.0,15.043,9.27,0.0,1,0.0,0,0.0,0,0.0,0.0,0,0.0,1,,,
122600785,RES1-1SNB,RES,0.75,S,1,1850.0,2599,279300.81677399995,139650.40838699997,75.21747,2013,X,3.11,,481576747023033,-95.751391958689,29.566836056331,1.0,s739,s739,0.0,0.0,1,1,0.0,0.0,9.629,0.09,0.0,1,0.0,0,0.0,0,0.0,0.0,0,0.0,0,,,
122477463,RES1-1SNB,RES,0.75,S,1,1544.0,2086,277191.19614752446,138595.59807376223,78.08928,2013,X,1.74,,481576747024015,-95.747528226928,29.56061033969,1.0,s740,s740,0.0,0.0,1,1,0.0,0.0,7.609,3.05,0.0,1,0.0,0,0.0,0,0.0,0.0,0,0.0,0,,,
122588913,RES1-1SNB,RES,0.75,S,1,2151.0,2643,573954.2505655051,286977.12528275256,70.86348,1988,X,1.75,,481576746012006,-95.689265741888,29.552836876388,1.0,s741,s741,0.0,0.0,1,1,0.0,0.0,9.258,2.91,0.0,1,0.0,0,0.0,0,0.0,0.0,0,0.0,0,,,
122599349,RES1-2SNB,RES,0.75,S,2,4954.0,4185,1077539.4297078678,538769.7148539339,69.28248,1998,X,6.22,,481576744012000,-95.621276863393,29.559730446673,0.0,s742,s742,0.0,0.0,0,1,0.0,0.0,8.742,1.97,0.0,1,0.0,0,0.0,0,0.0,0.0,0,0.0,1,,,
122543284,RES1-1SNB,RES,0.75,S,1,4240.0,6382,929009.9354721246,464504.9677360623,110.83755,2008,X,3.62,,481576733001037,-95.830661654986,29.641020107385,0.0,s743,s743,0.0,0.0,1,1,0.0,0.0,17.987,6.29,0.0,1,0.0,0,0.0,0,0.0,0.0,0,0.0,1,,,
122620103,RES1-1SNB,RES,0.75,S,1,2389.0,2745,400485.39900043583,200242.69950021792,85.86738,2015,X,4.45,,481576755022004,-95.719548745127,29.534122582829,0.0,s744,s744,0.0,0.0,1,1,0.0,0.0,8.852,1.85,0.0,1,0.0,0,0.0,0,0.0,0.0,0,0.0,0,,,
122521923,RES1-2SNB,RES,0.75,S,2,2608.0,2071,675101.3534222139,337550.67671110696,71.71264,2002,X,5.7,,481576746022010,-95.666763235153,29.558512973059,1.0,s745,s745,0.0,0.0,1,1,0.0,0.0,15.587,4.01,0.0,1,0.0,0,0.0,0,0.0,0.0,0,0.0,0,,,
122524212,RES1-1SNB,RES,0.75,S,1,2320.0,2238,616614.2179532488,308307.1089766244,74.688446,2003,X,4.3,,481576747012003,-95.676703255325,29.57439033284,1.0,s746,s746,0.0,0.0,1,1,0.0,0.0,18.356,7.34,0.0,1,0.0,0,0.0,0,0.0,0.0,0,0.0,0,,,
122519525,RES1-1SNB,RES,0.75,S,1,2766.0,2618,694792.7187619543,347396.35938097717,70.35685,1993,X,4.07,,481576742002000,-95.631373125567,29.564462583361,1.0,s747,s747,0.0,0.0,1,1,0.0,0.0,8.421,2.82,0.0,1,0.0,0,0.0,0,0.0,0.0,0,0.0,0,,,
122602466,COM8,COM,0.25,S,1,408.0,1224,97290.25268356774,111883.7905861029,75.45832,2003,X,3.02,,481576747011013,-95.682741461196,29.574149205464,1.0,s748,s748,0.0,0.0,1,1,0.0,0.0,17.075,3.42,0.0,1,0.0,0,0.0,0,0.0,0.0,0,0.0,0,,,
122607478,RES1-2SNB,RES,0.75,S,2,2510.0,1548,428753.77192082116,214376.88596041058,74.90003,1997,X,6.62,,481576738022011,-95.695236809262,29.584649135605,1.0,s749,s749,0.0,0.0,1,1,0.0,0.0,21.881,4.32,0.0,1,0.0,0,0.0,0,0.0,0.0,0,0.0,0,,,
122578588,RES2,RES,2.0,C,1,1064.0,1678,66285.14137787488,66285.14137787488,83.961685,1994,X,4.56,,481576738013000,-95.742914931467,29.588238019593,0.0,s750,s750,0.0,0.0,0,1,0.0,0.0,14.539,22.3,0.0,1,0.0,0,0.0,0,0.0,0.0,0,0.0,0,,,
122457459,RES1-1SNB,RES,0.75,S,1,2418.0,2917,638360.6913328728,319180.3456664364,76.47248,2003,X,4.84,,481576747011001,-95.687082461084,29.574817912075,1.0,s751,s751,0.0,0.0,1,1,0.0,0.0,26.466,14.3,0.0,1,0.0,0,0.0,0,0.0,0.0,0,0.0,1,,,
122590788,RES1-1SNB,RES,0.75,S,1,1878.0,2502,195540.57107098537,97770.28553549269,99.484505,2008,X,3.46,,481576751011005,-95.781175850011,29.552578110944,0.0,s752,s752,0.0,0.0,1,1,0.0,0.0,8.401,5.0,0.0,1,0.0,0,0.0,0,0.0,0.0,0,0.0,0,,,
122668201,RES1-1SNB,RES,0.75,S,1,3247.0,3421,780227.3181113281,390113.65905566403,68.54832,1998,X,4.58,,481576744015008,-95.611578511451,29.553295879203,0.0,s753,s753,0.0,0.0,1,1,0.0,0.0,9.594,0.03,0.0,1,0.0,0,0.0,0,0.0,0.0,0,0.0,0,,,
122590268,COM1,COM,0.25,S,1,1128.99,1717,154675.47015,193344.3376875,89.21817,1979,X,2.55,,481576749003018,-95.767869251505,29.593880512569,0.0,s754,s754,0.0,0.0,1,1,0.0,0.0,2.585,9.25,0.0,1,0.0,0,0.0,0,0.0,0.0,0,0.0,0,,,
122679752,RES1-2SWB,RES,2.0,B,2,4904.0,3205,1231375.9686124315,615687.9843062158,67.34204,1993,X,6.31,,481576742003000,-95.602142862754,29.56550891964,1.0,s755,s755,0.0,0.0,1,1,0.0,0.0,6.514,4.12,0.0,1,0.0,0,0.0,0,0.0,0.0,0,0.0,0,,,
122493449,RES1-1SNB,RES,0.75,S,1,832.0,1517,92029.91525,46014.957625,101.054214,1987,X,6.56,,481576753001054,-95.811800313265,29.554373172908,0.0,s756,s756,0.0,0.0,1,1,0.0,0.0,2.3,4.88,0.0,1,0.0,0,0.0,0,0.0,0.0,0,0.0,0,,,
122488636,RES1-1SWB,RES,2.0,B,1,1980.0,1980,551856.4241914637,275928.21209573187,88.83666,2010,AE,0.82,,481576734014003,-95.796298795847,29.622954011037,0.0,s757,s757,0.0,0.0,0,1,0.0,0.0,2.471,3.5,0.0,1,0.0,0,0.0,0,0.0,0.0,0,0.0,0,,,
122585065,RES1-2SNB,RES,2.0,C,2,2762.0,963,358887.7364422244,179443.8682211122,78.297066,1994,AE,0.0,23111878,481576738013031,-95.75529455354,29.582783911652,1.0,s758,s758,0.0,0.0,1,1,0.0,0.0,27.627,17.58,0.0,1,0.0,0,0.0,0,0.0,0.0,0,0.0,1,,,
122525837,RES1-2SNB,RES,0.75,S,2,3363.0,2543,836797.3422608596,418398.6711304298,80.553955,2015,X,5.79,,481576729012071,-95.685708279022,29.615507270011,0.0,s759,s759,0.0,0.0,1,1,0.0,0.0,7.693,2.89,0.0,1,0.0,0,0.0,0,0.0,0.0,0,0.0,0,,,
122569690,RES1-1SNB,RES,0.75,S,1,2451.0,2804,564408.1012663303,282204.05063316517,82.74588,2010,AE,4.7,,481576734011020,-95.747149442616,29.599072885836,1.0,s760,s760,0.0,0.0,1,1,0.0,0.0,5.635,2.31,0.0,1,0.0,0,0.0,0,0.0,0.0,0,0.0,0,,,
122625203,RES1-1SNB,RES,0.75,S,1,1518.0,2009,308795.4203477118,154397.7101738559,86.048134,2015,X,0.17,,481576755024011,-95.747276050435,29.521752231572,0.0,s761,s761,0.0,0.0,0,1,0.0,0.0,8.816,0.08,0.0,1,0.0,0,0.0,0,0.0,0.0,0,0.0,0,,,
122457314,RES1-2SNB,RES,0.75,S,2,3306.0,2132,796906.9215002144,398453.4607501072,75.398254,2003,X,4.79,,481576747011001,-95.693563576507,29.568237979526,1.0,s762,s762,0.0,0.0,1,1,0.0,0.0,12.03,3.56,0.0,1,0.0,0,0.0,0,0.0,0.0,0,0.0,0,,,
122536505,RES1-2SNB,RES,0.75,S,2,2213.0,1391,580871.7964572689,290435.89822863444,89.417175,2012,X,4.7,,481576734043003,-95.765226754529,29.650532149671,0.0,s763,s763,0.0,0.0,0,1,0.0,0.0,7.38,1.73,0.0,1,0.0,0,0.0,0,0.0,0.0,0,0.0,0,,,
122593800,RES1-1SNB,RES,0.75,S,1,1580.0,1943,295959.37695902336,147979.68847951168,80.003006,1989,X,3.68,,481576746032004,-95.687433134624,29.542575311206,0.0,s764,s764,0.0,0.0,1,1,0.0,0.0,11.377,10.99,0.0,1,0.0,0,0.0,0,0.0,0.0,0,0.0,0,,,
122452280,RES1-2SNB,RES,0.75,S,2,3212.0,2641,769863.8577844098,384931.9288922049,72.15932,1988,X,6.65,,481576746011006,-95.669277726222,29.557158338987,1.0,s765,s765,0.0,0.0,1,1,0.0,0.0,17.56,2.89,0.0,1,0.0,0,0.0,0,0.0,0.0,0,0.0,0,,,
122550460,RES1-1SNB,RES,0.75,S,1,2702.0,3521,686509.2634680669,343254.63173403346,74.54908,1996,X,4.69,,481576739031006,-95.663662821533,29.588093390403,1.0,s766,s766,0.0,0.0,1,1,0.0,0.0,3.161,1.66,0.0,1,0.0,0,0.0,0,0.0,0.0,0,0.0,0,,,
122588922,RES1-1SWB,RES,2.0,B,1,2372.0,3207,684172.348525624,342086.174262812,72.744194,1988,X,5.89,,481576746012006,-95.68785176818,29.553153159516,1.0,s767,s767,0.0,0.0,1,1,0.0,0.0,13.399,2.3,0.0,1,0.0,0,0.0,0,0.0,0.0,0,0.0,0,,,
122592902,RES1-2SNB,RES,0.75,S,2,5275.0,4703,1150499.315781565,575249.6578907825,72.68288,1998,X,5.34,,481576744011023,-95.640119933977,29.569272534734,0.0,s768,s768,0.0,0.0,1,1,0.0,0.0,28.612,2.01,0.0,1,0.0,0,0.0,0,0.0,0.0,0,0.0,0,,,
122457647,RES1-2SNB,RES,0.75,S,2,2969.0,2427,759112.0693018,379556.0346509,83.24435,2015,X,5.7,,481576729012052,-95.685082541528,29.620200770094,0.0,s769,s769,0.0,0.0,1,1,0.0,0.0,12.355,7.41,0.0,1,0.0,0,0.0,0,0.0,0.0,0,0.0,0,,,
122606199,RES1-2SNB,RES,0.75,S,2,2306.0,2106,616714.7254800072,308357.3627400036,72.50269,2002,X,5.5,,481576746022009,-95.666652230371,29.555461408196,1.0,s770,s770,0.0,0.0,1,1,0.0,0.0,5.091,2.62,0.0,1,0.0,0,0.0,0,0.0,0.0,0,0.0,0,,,
122485667,RES1-1SNB,RES,0.75,S,1,1399.0,1805,198948.77486884771,99474.38743442386,96.63178,1983,X,0.15,,481576750002001,-95.78577706921,29.567425335812,0.0,s771,s771,0.0,0.0,0,1,0.0,0.0,11.882,7.24,0.0,1,0.0,0,0.0,0,0.0,0.0,0,0.0,0,,,
122597936,RES1-1SNB,RES,0.75,S,1,1506.0,2074,278514.939198455,139257.4695992275,78.54263,2013,X,0.04,,481576747024038,-95.733411653312,29.556379049307,1.0,s772,s772,0.0,0.0,0,1,0.0,0.0,13.023,9.21,0.0,1,0.0,0,0.0,0,0.0,0.0,0,0.0,0,,,
122528843,RES1-1SNB,RES,0.75,S,1,1752.0,2497,396199.9328419018,198099.9664209509,82.827446,1987,X,4.05,,481576736001002,-95.726674372874,29.609653144815,0.0,s773,s773,0.0,0.0,1,1,0.0,0.0,3.53,2.36,0.0,1,0.0,0,0.0,0,0.0,0.0,0,0.0,0,,,
122639297,RES1-1SNB,RES,0.75,S,1,4361.0,3102,593983.3581314062,296991.6790657031,95.72531,2015,X,0.45,,481576755021031,-95.75590678214,29.53468797224,0.0,s774,s774,0.0,0.0,1,1,0.0,0.0,9.326,4.16,0.0,1,0.0,0,0.0,0,0.0,0.0,0,0.0,0,,,
122576218,RES1-1SNB,RES,0.75,S,1,3498.0,2503,904477.1561594546,452238.5780797273,78.07079,2002,X,0.59,,481576746023032,-95.680484565699,29.538009093589,0.0,s775,s775,0.0,0.0,0,1,0.0,0.0,4.132,4.27,0.0,1,0.0,0,0.0,0,0.0,0.0,0,0.0,0,,,
122597627,RES1-2SNB,RES,0.75,S,2,2088.0,1301,483152.9122211723,241576.45611058615,71.33036,2004,X,4.94,,481576746041008,-95.701027612615,29.553046909945,1.0,s776,s776,0.0,0.0,1,1,0.0,0.0,11.569,6.74,0.0,1,0.0,0,0.0,0,0.0,0.0,0,0.0,0,,,
122593983,RES1-1SNB,RES,0.75,S,1,1910.0,2571,357445.98893077765,178722.99446538882,78.16384,1997,X,3.81,,481576738022016,-95.693448042743,29.598005260228,0.0,s777,s777,0.0,0.0,1,1,0.0,0.0,2.543,3.83,0.0,1,0.0,0,0.0,0,0.0,0.0,0,0.0,0,,,
122531807,RES1-1SNB,RES,0.75,S,1,1747.0,2264,324681.4310542775,162340.71552713876,93.61085,2015,X,4.94,,481576755023001,-95.734428940833,29.541078343861,0.0,s778,s778,0.0,0.0,1,1,0.0,0.0,13.394,8.16,0.0,1,0.0,0,0.0,0,0.0,0.0,0,0.0,0,,,
122615587,RES1-1SNB,RES,0.75,S,1,1510.0,1984,203493.3108,101746.6554,99.11051,1981,X,3.79,,481576751022007,-95.786455849343,29.550990350887,0.0,s779,s779,0.0,0.0,1,1,0.0,0.0,3.276,7.02,0.0,1,0.0,0,0.0,0,0.0,0.0,0,0.0,0,,,
122607507,RES1-2SNB,RES,0.75,S,2,2842.0,2860,461739.82178239047,230869.91089119524,78.07613,1997,X,5.15,,481576738022013,-95.69530343714,29.595434486018,1.0,s780,s780,0.0,0.0,1,1,0.0,0.0,6.23,5.92,0.0,1,0.0,0,0.0,0,0.0,0.0,0,0.0,0,,,
122589709,RES1-1SNB,RES,0.75,S,1,1844.0,2467,409334.61090319854,204667.30545159927,82.25875,1987,X,4.27,,481576736003019,-95.73718891866,29.613642113481,0.0,s781,s781,0.0,0.0,1,1,0.0,0.0,2.804,3.2,0.0,1,0.0,0,0.0,0,0.0,0.0,0,0.0,0,,,
122551351,RES1-1SNB,RES,0.75,S,1,2300.0,2451,614344.8081973931,307172.40409869654,78.764435,2002,X,5.12,,481576746021005,-95.681509150963,29.544182025197,0.0,s782,s782,0.0,0.0,1,1,0.0,0.0,21.014,8.06,0.0,1,0.0,0,0.0,0,0.0,0.0,0,0.0,0,,,
122708519,RES1-2SNB,RES,0.75,S,2,3278.0,2261,346004.98818079644,173002.49409039822,65.9281,1984,X,4.95,,481576741004013,-95.600555553249,29.573091132632,1.0,s783,s783,0.0,0.0,1,1,0.0,0.0,11.086,3.58,0.0,1,0.0,0,0.0,0,0.0,0.0,0,0.0,0,,,
122488200,RES1-2SNB,RES,0.75,S,2,1752.0,4621,434554.8874951829,217277.44374759146,85.22703,2010,AE,2.92,,481576734013007,-95.806739901008,29.572682419632,1.0,s784,s784,0.0,0.0,0,1,0.0655,0.0,3.786,4.46,0.0,1,0.0,0,0.0,0,0.0,0.0,0,0.0,0,,,
122535154,RES1-2SNB,RES,0.75,S,2,3816.0,2608,368594.2670245634,184297.1335122817,96.0575,2008,X,5.43,,481576751013017,-95.761224660674,29.549568051978,0.0,s785,s785,0.0,0.0,1,1,0.0,0.0,12.449,6.37,0.0,1,0.0,0,0.0,0,0.0,0.0,0,0.0,0,,,
122522894,RES1-2SNB,RES,0.75,S,2,2510.0,2334,655875.4726093402,327937.7363046701,74.52359,1996,X,4.32,,481576739031004,-95.672708369692,29.587761973611,1.0,s786,s786,0.0,0.0,1,1,0.0,0.0,13.892,0.61,0.0,1,0.0,0,0.0,0,0.0,0.0,0,0.0,0,,,
122451099,RES1-2SNB,RES,0.75,S,2,2972.0,2328,761060.4179730266,380530.2089865133,71.687836,2009,X,5.15,,481576739022023,-95.664049667368,29.576708973268,0.0,s787,s787,0.0,0.0,1,1,0.0,0.0,16.812,2.66,0.0,1,0.0,0,0.0,0,0.0,0.0,0,0.0,0,,,
122619985,RES1-1SNB,RES,0.75,S,1,2473.0,2849,566464.0051180008,283232.0025590004,82.259254,1992,X,4.75,,481576735023003,-95.737792065884,29.627129210451,0.0,s788,s788,0.0,0.0,1,1,0.0,0.0,10.149,1.09,0.0,1,0.0,0,0.0,0,0.0,0.0,0,0.0,0,,,
122623457,RES1-2SNB,RES,0.75,S,2,3553.0,2838,737888.0660910459,368944.0330455229,82.57368,2015,X,7.65,,481576755031007,-95.730363671898,29.51400027632,1.0,s789,s789,0.0,0.0,0,1,0.0,0.0,15.113,2.02,0.0,1,0.0,0,0.0,0,0.0,0.0,0,0.0,0,,,
122636245,RES1-1SNB,RES,0.75,S,1,1705.0,1961,318585.8947546756,159292.9473773378,92.83864,2015,X,4.88,,481576755021048,-95.763961780145,29.52875882873,0.0,s790,s790,0.0,0.0,1,1,0.0,0.0,1.978,4.81,0.0,1,0.0,0,0.0,0,0.0,0.0,0,0.0,0,,,
122486563,RES1-1SNB,RES,0.75,S,1,1303.0,1750,183694.9662,91847.4831,99.73351,1981,X,4.52,,481576751023015,-95.787961789261,29.54773084702,0.0,s791,s791,0.0,0.0,1,1,0.0,0.0,4.467,5.27,0.0,1,0.0,0,0.0,0,0.0,0.0,0,0.0,0,,,
122488225,RES1-1SNB,RES,0.75,S,1,2189.0,1946,556514.4706783524,278257.2353391762,87.918175,2010,X,0.51,,481576734013007,-95.808383065676,29.588676206198,0.0,s792,s792,0.0,0.0,0,1,0.0,0.0,1.705,4.83,0.0,1,0.0,0,0.0,0,0.0,0.0,0,0.0,0,,,
122511351,RES1-1SNB,RES,0.75,S,1,4396.0,5527,1071149.9631525525,535574.9815762762,114.52849,2008,X,0.0,,481576733001007,-95.893979927152,29.684655190708,0.0,s793,s793,0.0,0.0,0,1,0.0,0.0,13.7,13.05,0.0,1,0.0,0,0.0,0,0.0,0.0,0,0.0,0,,,
122715946,RES1-1SNB,RES,0.75,S,1,1710.0,2452,237419.02282895253,118709.51141447626,65.930595,1984,X,6.18,,481576741002004,-95.600097054715,29.586668314697,1.0,s794,s794,0.0,0.0,1,1,0.0,0.0,11.186,2.85,0.0,1,0.0,0,0.0,0,0.0,0.0,0,0.0,0,,,
122543323,RES1-1SNB,RES,0.75,S,1,3859.0,5849,886702.5720816423,443351.2860408212,99.32549,2008,X,5.55,,481576733001037,-95.82516853998,29.631390395121,0.0,s795,s795,0.0,0.0,1,1,0.0,0.0,15.521,2.66,0.0,1,0.0,0,0.0,0,0.0,0.0,0,0.0,0,,,
122624881,RES1-1SNB,RES,0.75,S,1,2132.0,2589,393526.5183700558,196763.2591850279,84.47548,2015,X,4.96,,481576755024011,-95.744432796222,29.519518095326,0.0,s796,s796,0.0,0.0,0,1,0.0,0.0,8.121,1.26,0.0,1,0.0,0,0.0,0,0.0,0.0,0,0.0,0,,,
122535030,RES1-2SNB,RES,0.75,S,2,2488.0,4583,635248.7913078323,317624.3956539162,90.21981,2012,X,2.81,,481576734044015,-95.764996574748,29.659168366173,0.0,s797,s797,0.0,0.0,1,1,0.0,0.0,10.464,7.43,0.0,1,0.0,0,0.0,0,0.0,0.0,0,0.0,0,,,
122463071,RES1-2SNB,RES,0.75,S,2,2298.0,1396,518530.5686700979,259265.28433504896,81.33093,2004,X,5.21,,481576746041011,-95.706158878528,29.54561075894,0.0,s798,s798,0.0,0.0,1,1,0.0,0.0,7.472,10.33,0.0,1,0.0,0,0.0,0,0.0,0.0,0,0.0,0,,,
122569598,RES1-2SNB,RES,0.75,S,2,2715.0,1824,388589.16110891325,194294.58055445662,78.73597,2013,X,5.42,,481576747023018,-95.74670955275,29.570350215268,1.0,s799,s799,0.0,0.0,1,1,0.0,0.0,10.061,2.35,0.0,1,0.0,0,0.0,0,0.0,0.0,0,0.0,0,,,
122666395,RES1-1SNB,RES,0.75,S,1,3561.0,2722,884780.7895297473,442390.39476487366,67.34137,2013,X,0.09,,481576744021006,-95.603841312678,29.541109322978,1.0,s800,s800,0.0,0.0,1,1,0.0,0.0,6.66,1.78,0.0,1,0.0,0,0.0,0,0.0,0.0,0,0.0,0,,,
122478398,RES1-1SNB,RES,0.75,S,1,2380.0,3463,646576.9047510066,323288.4523755033,90.89484,2012,X,3.62,,481576734041026,-95.757632710256,29.653457280762,0.0,s801,s801,0.0,0.0,0,1,0.0,0.0,15.341,2.2,0.0,1,0.0,0,0.0,0,0.0,0.0,0,0.0,0,,,
122488975,RES3A,RES,0.5,S,1,1098.0,2833,143929.61505,50375.3652675,100.08028,1981,X,4.36,,481576752003000,-95.794415921428,29.549661412979,0.0,s802,s802,0.0,0.0,1,1,0.0,0.0,3.723,6.72,0.0,1,0.0,0,0.0,0,0.0,0.0,0,0.0,0,,,
122484177,RES1-2SNB,RES,0.75,S,2,2442.0,1614,231023.21848275332,115511.60924137666,98.58179,2008,X,5.68,,481576751012003,-95.780461397023,29.555464721161,0.0,s803,s803,0.0,0.0,1,1,0.0,0.0,5.406,1.23,0.0,1,0.0,0,0.0,0,0.0,0.0,0,0.0,0,,,
122475707,RES1-2SNB,RES,2.0,C,2,2762.0,2553,358887.7364422244,179443.8682211122,81.39246,1994,AE,0.0,,481576738013009,-95.748426520929,29.583298518399,1.0,s804,s804,0.0,0.0,0,1,0.0,0.0,3.99,8.01,0.0,1,0.0,0,0.0,0,0.0,0.0,0,0.0,0,,,
122613330,RES1-1SNB,RES,0.75,S,1,2766.0,2714,690706.7748476348,345353.3874238174,70.158455,1988,X,4.79,,481576746011012,-95.67979525136,29.551296609501,1.0,s805,s805,0.0,0.0,1,1,0.0,0.0,13.712,0.54,0.0,1,0.0,0,0.0,0,0.0,0.0,0,0.0,0,,,
122578143,RES1-1SNB,RES,0.75,S,1,2613.0,3616,389558.1281130604,194779.0640565302,78.25366,2013,X,3.95,,481576747024072,-95.737574054511,29.55660357753,1.0,s806,s806,0.0,0.0,0,1,0.0,0.0,7.469,1.9,0.0,1,0.0,0,0.0,0,0.0,0.0,0,0.0,0,,,
122490356,COM1,COM,0.25,S,1,6478.0,6478,1078967.360507487,1348709.200634359,94.03811,2010,AE,3.76,,481576734014005,-95.808972802484,29.619216118579,1.0,s807,s807,0.0,0.0,0,1,0.0,0.0,9.725,3.46,0.0,1,0.0,0,0.0,0,0.0,0.0,0,0.0,0,,,
122490168,RES1-1SNB,RES,0.75,S,1,1592.0,2319,128653.4925,64326.74625,98.348206,1981,X,3.78,,481576752003007,-95.800011425433,29.549245803603,0.0,s808,s808,0.0,0.0,1,1,0.0,0.0,2.432,0.05,0.0,1,0.0,0,0.0,0,0.0,0.0,0,0.0,0,,,
122526815,RES1-1SNB,RES,0.75,S,1,2179.0,3105,374775.11465987045,187387.55732993523,84.099304,1989,X,4.76,,481576746031017,-95.694465454219,29.5453168476,0.0,s809,s809,0.0,0.0,1,1,0.0,0.0,9.386,13.99,0.0,1,0.0,0,0.0,0,0.0,0.0,0,0.0,0,,,
122699804,RES1-1SNB,RES,0.75,S,1,3275.0,3017,782627.5457683733,391313.77288418665,67.99418,1998,X,5.14,,481576744015005,-95.610668974456,29.555245562103,0.0,s810,s810,0.0,0.0,1,1,0.0,0.0,9.567,2.34,0.0,1,0.0,0,0.0,0,0.0,0.0,0,0.0,0,,,
122537461,RES1-1SNB,RES,0.75,S,1,1542.0,1818,123880.44260000001,61940.221300000005,99.35167,1978,X,5.25,,481576748003005,-95.782975032741,29.560001973778,0.0,s811,s811,0.0,0.0,1,1,0.0,0.0,3.841,3.74,0.0,1,0.0,0,0.0,0,0.0,0.0,0,0.0,0,,,
122623009,RES1-1SNB,RES,0.75,S,1,2473.0,3428,421715.8362356655,210857.91811783274,85.10221,2015,X,3.16,,481576755022017,-95.726637275664,29.52082669934,0.0,s812,s812,0.0,0.0,0,1,0.0,0.0,20.159,0.52,0.0,1,0.0,0,0.0,0,0.0,0.0,0,0.0,0,,,
122461220,RES1-1SNB,RES,0.75,S,1,1563.0,1991,294896.69792753115,147448.34896376557,81.03042,1989,X,6.43,,481576746033011,-95.696762042007,29.539073703698,0.0,s813,s813,0.0,0.0,1,1,0.0,0.0,6.428,5.39,0.0,1,0.0,0,0.0,0,0.0,0.0,0,0.0,0,,,
122695926,RES1-2SNB,RES,0.75,S,2,3716.0,3923,394839.7917366318,197419.8958683159,66.73181,1984,X,5.47,,481576741001022,-95.612075850795,29.577883992033,1.0,s814,s814,0.0,0.0,1,1,0.0,0.0,16.172,3.13,0.0,1,0.0,0,0.0,0,0.0,0.0,0,0.0,0,,,
122626892,RES1-1SNB,RES,0.75,S,1,1180.0,1644,305404.26796783885,152702.13398391943,86.37371,2015,X,5.0,,481576755031013,-95.750109018177,29.518042572203,0.0,s815,s815,0.0,0.0,1,1,0.0,0.0,2.033,0.32,0.0,1,0.0,0,0.0,0,0.0,0.0,0,0.0,0,,,
122465965,RES1-1SNB,RES,0.75,S,1,1408.0,2053,356006.863130435,178003.4315652175,85.295425,2004,X,4.22,,481576746042017,-95.714482430757,29.5401433971,0.0,s816,s816,0.0,0.0,1,1,0.0,0.0,1.948,6.57,0.0,1,0.0,0,0.0,0,0.0,0.0,0,0.0,0,,,
122665746,RES1-2SNB,RES,0.75,S,2,3248.0,2850,778948.6343251409,389474.3171625704,68.824455,1998,X,5.37,,481576744015000,-95.609813182174,29.553539900389,0.0,s817,s817,0.0,0.0,1,1,0.0,0.0,9.142,0.47,0.0,1,0.0571,0,0.0,0,0.0,0.0,0,0.0,0,,,
122531238,RES1-2SNB,RES,0.75,S,2,3338.0,2129,672514.1888461179,336257.09442305897,83.16443,1992,X,6.69,,481576735023001,-95.735374341457,29.629029875384,0.0,s818,s818,0.0,0.0,1,1,0.0,0.0,3.809,1.5,0.0,1,0.0,0,0.0,0,0.0,0.0,0,0.0,0,,,
122490103,COM1,COM,0.25,S,1,1432.0,1432,162319.45051187367,202899.3131398421,97.396095,1981,AE,1.96,,481576752003007,-95.803370275269,29.547705845352,0.0,s819,s819,0.0,0.0,1,1,0.0,0.0,2.836,1.23,0.0,1,0.0,0,0.0,0,0.0,0.0,0,0.0,0,,,
122689950,RES1-2SNB,RES,0.75,S,2,3521.0,2717,877079.8166318365,438539.90831591823,68.13961,2013,X,5.01,,481576744021004,-95.603230840839,29.539774891551,1.0,s820,s820,0.0,0.0,1,1,0.0,0.0,9.684,0.39,0.0,1,0.0,0,0.0,0,0.0,0.0,0,0.0,0,,,
122575016,RES1-2SNB,RES,0.75,S,2,3826.0,2823,886447.6873928773,443223.84369643865,71.29848,2009,X,6.59,,481576739021005,-95.634087850224,29.600094451987,1.0,s821,s821,0.0,0.0,1,1,0.0,0.0,1.991,0.88,0.0,1,0.0,0,0.0,0,0.0,0.0,0,0.0,0,,,
122608676,RES1-2SNB,RES,0.75,S,2,3005.0,2552,630542.6738177167,315271.3369088583,84.93652,1992,X,3.45,,481576735022009,-95.737860330617,29.634412054335,0.0,s822,s822,0.0,0.0,1,1,0.0,0.0,2.613,5.07,0.0,1,0.0,0,0.0,0,0.0,0.0,0,0.0,0,,,
122521567,RES1-2SNB,RES,0.75,S,2,2920.0,2914,721607.6481023326,360803.8240511663,76.2347,1995,X,5.28,,481576739043003,-95.66241423318,29.60076668473,0.0,s823,s823,0.0,0.0,1,1,0.0,0.0,3.331,3.56,0.0,1,0.0,0,0.0,0,0.0,0.0,0,0.0,0,,,
122594768,RES3D,RES,2.0,C,2,13376.0,6688,1992168.2951132546,697258.903289639,97.71461,1978,X,6.09,,481576748004006,-95.768612835633,29.559205302123,0.0,s824,s824,0.0,0.0,0,1,0.0,0.0,6.654,1.48,0.0,1,0.0,0,0.0,0,0.0,0.0,0,0.0,0,,,
122487742,RES1-1SNB,RES,2.0,C,1,1022.0,1022,122218.8564,61109.4282,99.70379,1983,X,3.93,,481576750001022,-95.797050220614,29.559719678429,0.0,s825,s825,0.0,0.0,1,1,0.0,0.0,2.643,8.47,0.0,1,0.0,0,0.0,0,0.0,0.0,0,0.0,0,,,
122681675,RES1-2SNB,RES,0.75,S,2,5412.0,5387,1181384.034959759,590692.0174798795,68.35219,2013,X,5.78,,481576744023004,-95.608683830023,29.543973034254,1.0,s826,s826,0.0,0.0,1,1,0.0,0.0,7.758,2.06,0.0,1,0.0,0,0.0,0,0.0,0.0,0,0.0,0,,,
122569124,RES1-1SNB,RES,0.75,S,1,1626.0,2134,295965.30052214453,147982.65026107227,78.26953,2013,X,0.04,,481576747024040,-95.730722223562,29.562040750198,1.0,s827,s827,0.0,0.0,0,1,0.0,0.0,14.347,11.01,0.0,1,0.0037,0,0.0,0,0.0,0.0,0,0.0,0,,,
122556161,RES1-1SNB,RES,0.75,S,1,703.0,703,222269.2502440934,111134.6251220467,87.131065,2012,X,3.19,,481576734042002,-95.755904281626,29.636630167971,0.0,s828,s828,0.0,0.0,0,1,0.0,0.0,20.545,1.09,0.0,1,0.0,0,0.0,0,0.0,0.0,0,0.0,0,,,
122468107,RES1-1SNB,RES,0.75,S,1,4027.0,4555,785447.4278991428,392723.7139495714,84.437096,2012,X,3.09,,481576735012015,-95.731771547739,29.639097778412,0.0,s829,s829,0.0,0.0,0,1,0.0,0.0,8.48,0.01,0.0,1,0.0,0,0.0,0,0.0,0.0,0,0.0,0,,,
122554377,RES1-1SNB,RES,0.75,S,1,1478.0,2029,342679.119847687,171339.5599238435,82.91591,1987,X,6.02,,481576736003016,-95.735996762055,29.612184061559,0.0,s830,s830,0.0,0.0,1,1,0.0,0.0,2.874,2.25,0.0,1,0.0,0,0.0,0,0.0,0.0,0,0.0,0,,,
122557370,COM1,COM,0.25,S,1,3451.0,3451,413483.6000691276,516854.5000864095,100.2803,1978,X,3.2,,481576748001010,-95.773137157765,29.571181546259,0.0,s831,s831,0.0,0.0,1,1,0.0,0.0,4.476,7.36,0.0,1,0.0,0,0.0,0,0.0,0.0,0,0.0,0,,,
122620921,RES1-1SNB,RES,0.75,S,1,3969.0,3165,544850.6429579292,272425.3214789646,88.591576,2015,X,4.84,,481576755024008,-95.739119038318,29.535082948199,0.0,s832,s832,0.0,0.0,1,1,0.0,0.0,1.278,3.24,0.0,1,0.0,0,0.0,0,0.0,0.0,0,0.0,0,,,
122709432,RES1-1SNB,RES,0.75,S,1,1997.0,2125,262172.5060208897,131086.25301044484,66.30753,1984,X,4.44,,481576741001018,-95.607453452009,29.578451883618,1.0,s833,s833,0.0,0.0,1,1,0.0,0.0,7.35,2.97,0.0,1,0.0,0,0.0,0,0.0,0.0,0,0.0,0,,,
122492824,RES1-2SNB,RES,2.0,C,2,7612.0,3806,1476378.576726523,738189.2883632615,94.97123,2012,X,4.13,,481576734044028,-95.803321915504,29.637720638915,0.0,s834,s834,0.0,0.0,0,1,0.0,0.0,6.268,2.56,0.0,1,0.0,0,0.0,0,0.0,0.0,0,0.0,0,,,
122594084,RES1-1SNB,RES,0.75,S,1,1831.0,2244,326655.10367628303,163327.55183814152,82.86815,1989,X,3.63,,481576746033004,-95.69401456763,29.543587015687,0.0,s835,s835,0.0,0.0,1,1,0.0,0.0,4.728,12.23,0.0,1,0.0,0,0.0,0,0.0,0.0,0,0.0,0,,,
122594032,RES1-2SNB,RES,0.75,S,2,5842.0,4272,1209012.441359748,604506.220679874,83.68483,2015,X,5.37,,481576729012054,-95.694142990991,29.627731162061,0.0,s836,s836,0.0,0.0,1,1,0.0,0.0,12.577,6.06,0.0,1,0.0,0,0.0,0,0.0,0.0,0,0.0,0,,,
122680959,RES3A,RES,0.5,S,1,462.0,1792,81894.49093572935,28663.07182750527,65.952034,1984,X,4.95,,481576741001003,-95.603808389755,29.588083520342,1.0,s837,s837,0.0,0.0,1,1,0.0,0.0,10.614,3.27,0.0,1,0.0,0,0.0,0,0.0,0.0,0,0.0,0,,,
122468492,RES1-1SNB,RES,0.75,S,1,2245.0,2770,538663.9556155199,269331.97780775995,82.16327,2012,X,0.09,,481576735012027,-95.722460667301,29.635223362946,1.0,s838,s838,0.0,0.0,0,1,0.0,0.0,7.763,0.04,0.0,1,0.0,0,0.0,0,0.0,0.0,0,0.0,0,,,
122665664,RES1-2SNB,RES,0.75,S,2,4600.0,2414,1009690.6773498147,504845.33867490734,67.05365,1998,X,5.68,,481576744015000,-95.610144044416,29.556013990249,0.0,s839,s839,0.0,0.0,1,1,0.0,0.0,4.309,2.5,0.0,1,0.0,0,0.0,0,0.0,0.0,0,0.0,0,,,
122568371,RES1-1SNB,RES,0.75,S,1,3066.0,2493,414031.81657103554,207015.90828551777,76.37593,2013,X,4.73,,481576747021013,-95.707352429023,29.560684912467,1.0,s840,s840,0.0,0.0,1,1,0.0,0.0,4.539,3.4,0.0,1,0.0,0,0.0,0,0.0,0.0,0,0.0,0,,,
122476295,RES1-2SNB,RES,0.75,S,2,5273.0,4178,971806.2500409043,485903.12502045213,81.98986,2010,AE,5.78,,481576734011019,-95.75025630256,29.596513675613,1.0,s841,s841,0.0,0.0,1,1,0.0,0.0,6.62,0.48,0.0,1,0.0,0,0.0,0,0.0,0.0,0,0.0,0,,,
122523413,RES1-2SNB,RES,0.75,S,2,4259.0,3168,953963.0636447475,476981.53182237374,70.84073,1988,X,7.25,,481576746011005,-95.670230466227,29.559525267293,1.0,s842,s842,0.0,0.0,1,1,0.0,0.0,16.636,0.84,0.0,1,0.0,0,0.0,0,0.0,0.0,0,0.0,0,,,
122629948,RES1-2SNB,RES,0.75,S,2,2544.0,3148,374560.3140973494,187280.1570486747,88.70934,2011,X,0.0,,481576755013008,-95.778955256324,29.519972666336,1.0,s843,s843,0.0,0.0,0,1,0.0,0.0,0.798,2.25,0.0,1,0.0,0,0.0,0,0.0,0.0,0,0.0,0,,,
122443564,RES1-2SNB,RES,0.75,S,2,1784.0,1562,494576.08561892435,247288.04280946217,67.43151,1987,X,7.22,,481576740011000,-95.617829105117,29.578383445017,1.0,s844,s844,0.0,0.0,1,1,0.0,0.0,12.779,3.26,0.0,1,0.0,0,0.0,0,0.0,0.0,0,0.0,0,,,
122488962,RES3A,RES,0.5,S,1,1356.0,2922,169979.02154999998,59492.65754249999,99.759995,1981,X,4.01,,481576752003000,-95.793870766055,29.548991541583,0.0,s845,s845,0.0,0.0,1,1,0.0,0.0,3.649,6.33,0.0,1,0.0,0,0.0,0,0.0,0.0,0,0.0,0,,,
122613858,RES1-1SNB,RES,0.75,S,1,2578.0,3654,384402.5406080901,192201.27030404506,78.62357,2013,X,1.73,,481576747024068,-95.736945432004,29.557619789244,1.0,s846,s846,0.0,0.0,1,1,0.0,0.0,8.128,1.49,0.0,1,0.0,0,0.0,0,0.0,0.0,0,0.0,0,,,
122532929,RES1-2SWB,RES,2.0,B,2,1689.0,2136,524110.76269167825,262055.38134583912,88.12725,2010,AE,5.13,,481576734011008,-95.746874019058,29.606955685991,1.0,s847,s847,0.0,0.0,1,1,0.0,0.0,6.376,6.45,0.0,1,0.0,0,0.0,0,0.0,0.0,0,0.0,0,,,
122564976,RES1-2SNB,RES,0.75,S,2,3010.0,2361,738464.9962115393,369232.4981057696,70.88336,1993,X,7.53,,481576742001011,-95.635452140554,29.58316335849,1.0,s848,s848,0.0,0.0,1,1,0.0,0.0,7.787,6.54,0.0,1,0.0,0,0.0,0,0.0,0.0,0,0.0,1,,,
122624015,RES1-1SNB,RES,0.75,S,1,4238.0,3070,854793.4756967693,427396.73784838466,81.64791,2015,X,0.38,,481576755031034,-95.734285436405,29.509616029306,0.0,s849,s849,0.0,0.0,0,1,0.0,0.0,1.536,0.91,0.0,1,0.0,0,0.0,0,0.0,0.0,0,0.0,0,,,
122553208,RES1-2SNB,RES,0.75,S,2,2945.0,2312,401095.41743194335,200547.70871597168,76.86067,2013,X,5.11,,481576747021005,-95.715893845869,29.567737697421,1.0,s850,s850,0.0,0.0,1,1,0.0,0.0,22.282,3.84,0.0,1,0.0,0,0.0,0,0.0,0.0,0,0.0,0,,,
122550455,RES1-1SNB,RES,0.75,S,1,2560.0,3549,662552.3577694836,331276.1788847418,74.5266,1996,X,3.83,,481576739031006,-95.666540415518,29.589263258709,1.0,s851,s851,0.0,0.0,1,1,0.0,0.0,4.056,1.49,0.0,1,0.0,0,0.0,0,0.0,0.0,0,0.0,0,,,
122531310,RES1-2SNB,RES,0.75,S,2,4443.0,3175,836458.0705211132,418229.0352605566,83.79278,1992,X,6.33,,481576735023001,-95.741648633337,29.629821553687,0.0,s852,s852,0.0,0.0,1,1,0.0,0.0,2.867,4.25,0.0,1,0.0,0,0.0,0,0.0,0.0,0,0.0,0,,,
122611925,RES1-1SNB,RES,2.0,C,1,966.0,1456,89397.84554999998,44698.92277499999,100.2778,1981,X,4.02,,481576752001037,-95.804679425742,29.553293099166,0.0,s853,s853,0.0,0.0,1,1,0.0,0.0,1.846,7.78,0.0,1,0.0,0,0.0,0,0.0,0.0,0,0.0,0,,,
122681678,RES1-1SNB,RES,0.75,S,1,4074.0,3721,989732.152416291,494866.0762081455,66.99607,2013,X,2.1,,481576744023004,-95.61149775485,29.538309731071,1.0,s854,s854,0.0,0.0,0,1,0.0,0.0,6.521,7.69,0.0,1,0.0,0,0.0,0,0.0,0.0,0,0.0,0,,,
122611926,RES1-1SNB,RES,2.0,C,1,792.0,1168,75511.88775,37755.943875,100.20686,1981,X,5.44,,481576752001037,-95.804698732216,29.55340543912,0.0,s855,s855,0.0,0.0,1,1,0.0,0.0,1.992,7.83,0.0,1,0.0,0,0.0,0,0.0,0.0,0,0.0,0,,,
122532519,RES1-1SNB,RES,0.75,S,1,3882.0,4314,910151.3391093749,455075.66955468745,88.18644,2012,X,4.61,,481576734042011,-95.751732783388,29.637347026412,0.0,s856,s856,0.0,0.0,1,1,0.0,0.0,8.007,3.92,0.0,1,0.0,0,0.0,0,0.0,0.0,0,0.0,0,,,
122621551,RES1-2SNB,RES,0.75,S,2,6030.0,5095,1099685.2812880916,549842.6406440458,72.34192,2015,X,5.47,,481576755032023,-95.672443387089,29.522201889756,0.0,s857,s857,0.0,0.0,1,1,0.0,0.0,9.153,3.65,0.0,1,0.0,0,0.0,0,0.0,0.0,0,0.0,1,,,
122595539,RES1-1SNB,RES,2.0,C,1,4296.0,4296,840211.9549003915,420105.97745019576,92.52003,2010,AE,3.79,,481576734013003,-95.809468243869,29.609669908712,0.0,s858,s858,0.0,0.0,1,1,0.0,0.0,8.203,1.51,0.0,1,0.0,0,0.0,0,0.0,0.0,0,0.0,0,,,
122599779,RES1-1SNB,RES,0.75,S,1,1807.0,2581,510376.1395917382,255188.0697958691,72.664406,2002,X,5.09,,481576746022007,-95.665959796771,29.555831856914,1.0,s859,s859,0.0,0.0,1,1,0.0,0.0,5.521,1.81,0.0,1,0.0,0,0.0,0,0.0,0.0,0,0.0,0,,,
122707561,RES1-2SNB,RES,0.75,S,2,3826.0,3470,407218.66940839466,203609.33470419733,66.21853,1984,X,6.25,,481576741001020,-95.611495434421,29.578333715483,1.0,s860,s860,0.0,0.0,1,1,0.0,0.0,10.313,2.79,0.0,1,0.0,0,0.0,0,0.0,0.0,0,0.0,0,,,
122624529,RES1-1SNB,RES,0.75,S,1,2524.0,1864,416704.3835828722,208352.1917914361,88.16242,2015,X,4.74,,481576755024012,-95.737634183578,29.529005871036,0.0,s861,s861,0.0,0.0,1,1,0.0,0.0,11.921,3.04,0.0,1,0.0,0,0.0,0,0.0,0.0,0,0.0,0,,,
122446609,RES1-2SNB,RES,0.75,S,2,4660.0,4103,1042972.5778419673,521486.2889209837,72.87846,2009,X,5.44,,481576739023001,-95.641908050791,29.592451834762,0.0,s862,s862,0.0,0.0,1,1,0.0,0.0,24.735,1.93,0.0,1,0.0,0,0.0,0,0.0,0.0,0,0.0,0,,,
122584302,RES1-2SNB,RES,0.75,S,2,3241.0,2012,412325.2170117305,206162.60850586524,75.393715,2013,X,4.75,,481576747024050,-95.718202794559,29.560850709311,1.0,s863,s863,0.0,0.0,1,1,0.0,0.0,2.93,6.01,0.0,1,0.0,0,0.0,0,0.0,0.0,0,0.0,0,,,
122612766,RES1-2SNB,RES,0.75,S,2,4094.0,3254,924494.5364165151,462247.26820825756,71.00684,1993,X,6.6,,481576742004000,-95.626089045556,29.56904523207,1.0,s864,s864,0.0,0.0,1,1,0.0,0.0,7.412,4.26,0.0,1,0.0,0,0.0,0,0.0,0.0,0,0.0,0,,,
122472849,RES1-1SNB,RES,0.75,S,1,1463.0,1970,266888.7652724174,133444.3826362087,77.83044,2013,X,4.39,,481576747024011,-95.73816727199,29.56337214593,1.0,s865,s865,0.0,0.0,1,1,0.0,0.0,7.709,2.24,0.0,1,0.0,0,0.0,0,0.0,0.0,0,0.0,0,,,
122470561,RES1-2SNB,RES,0.75,S,2,3461.0,2846,682741.5267832181,341370.76339160907,80.593925,1992,X,7.24,,481576735023006,-95.731149058295,29.626720782627,0.0,s866,s866,0.0,0.0,1,1,0.0,0.0,8.749,9.56,0.0,1,0.0,0,0.0,0,0.0,0.0,0,0.0,0,,,
122462431,RES1-2SNB,RES,0.75,S,2,3814.0,2768,724274.9067132018,362137.4533566009,71.09665,2004,X,5.03,,481576746042000,-95.701732321208,29.556341665424,1.0,s867,s867,0.0,0.0,1,1,0.0,0.0,2.04,4.01,0.0,1,0.0,0,0.0,0,0.0,0.0,0,0.0,0,,,
122494791,RES1-1SNB,RES,0.75,S,1,1080.0,1691,114946.65980000001,57473.329900000004,102.796,1987,X,3.53,,481576753003006,-95.817630085071,29.563294342445,0.0,s868,s868,0.0,0.0,1,1,0.0,0.0,38.346,6.07,0.0,1,0.0,0,0.0,0,0.0,0.0,0,0.0,0,,,
122610713,AGR1,COM,0.25,S,1,2938.0,2938,316488.8032779393,458908.764753012,68.87011,2002,AE,4.31,,481576746023016,-95.643361647466,29.530694142539,1.0,s869,s869,0.0,0.0,0,1,0.0,0.0,1.226,2.02,0.0,1,0.0,0,0.0,0,0.0,0.0,0,0.0,0,,,
122577263,RES1-1SNB,RES,0.75,S,1,2629.0,3235,383184.80554622307,191592.40277311153,75.3499,2013,X,4.93,,481576747021017,-95.711817598422,29.561481727101,1.0,s870,s870,0.0,0.0,1,1,0.0,0.0,11.337,2.82,0.0,1,0.0,0,0.0,0,0.0,0.0,0,0.0,0,,,
122636505,RES1-1SNB,RES,0.75,S,1,3116.0,2511,413390.22782410035,206695.11391205018,88.72833,2011,X,0.23,,481576755013007,-95.776542058755,29.516777164433,0.0,s871,s871,0.0,0.0,0,1,0.0,0.0,1.384,1.73,0.0,1,0.0,0,0.0,0,0.0,0.0,0,0.0,0,,,
122475840,RES1-2SNB,RES,0.75,S,2,2716.0,3077,401057.07689577586,200528.53844788793,79.71158,1994,AE,0.0,,481576738013009,-95.749435177164,29.585162027671,1.0,s872,s872,0.0,0.0,0,1,0.0,0.0,2.011,1.73,0.0,1,0.0,0,0.0,0,0.0,0.0,0,0.0,0,,,
122604662,RES1-2SNB,RES,0.75,S,2,5796.0,4616,1196485.5128549777,598242.7564274889,71.78726,2002,X,5.78,,481576746022018,-95.668973675738,29.553086867021,1.0,s873,s873,0.0,0.0,1,1,0.0,0.0,3.928,7.33,0.0,1,0.0,0,0.0,0,0.0,0.0,0,0.0,0,,,
122582310,RES1-2SNB,RES,0.75,S,2,4227.0,3623,969893.8560254353,484946.92801271763,73.03599,2009,X,6.37,,481576739022009,-95.654372793545,29.583655555217,0.0,s874,s874,0.0,0.0,1,1,0.0,0.0,9.762,3.7,0.0,1,0.0,0,0.0,0,0.0,0.0,0,0.0,0,,,
122602086,RES1-2SNB,RES,0.75,S,2,3881.0,2926,911081.4237244129,455540.71186220646,73.09481,2009,X,6.2,,481576739022007,-95.653659612273,29.583822007211,0.0,s875,s875,0.0,0.0,1,1,0.0,0.0,8.072,1.46,0.0,1,0.0,0,0.0,0,0.0,0.0,0,0.0,0,,,
122612983,RES1-2SNB,RES,2.0,C,2,2128.0,1230,304058.85566400003,152029.42783200002,87.69561,2013,X,6.81,,481576747022021,-95.766048578872,29.580101749813,0.0,s876,s876,0.0,0.0,1,1,0.0,0.0,7.308,9.78,0.0,1,0.0,0,0.0,0,0.0,0.0,0,0.0,0,,,
122619831,RES1-1SNB,RES,2.0,C,1,1052.0,2012,112463.13085,56231.565425,99.12155,1987,AE,4.5,,481576753001106,-95.811762242239,29.551498625598,0.0,s877,s877,0.0,0.0,1,1,0.0,0.0,1.312,5.68,0.0,1,0.0,0,0.0,0,0.0,0.0,0,0.0,0,,,
122681273,RES1-2SNB,RES,0.75,S,2,2193.0,1459,275875.79773898504,137937.89886949252,66.17999,1984,X,6.09,,481576741001007,-95.605990287691,29.584260299332,1.0,s878,s878,0.0,0.0,1,1,0.0,0.0,11.908,3.24,0.0,1,0.0,0,0.0,0,0.0,0.0,0,0.0,0,,,
122608758,RES1-1SNB,RES,0.75,S,1,2144.0,2960,196700.70245000004,98350.35122500002,95.795525,2008,X,5.51,,481576751013024,-95.766094364214,29.546183446292,0.0,s879,s879,0.0,0.0,1,1,0.0,0.0,0.717,3.98,0.0,1,0.0,0,0.0,0,0.0,0.0,0,0.0,0,,,
122606707,COM1,COM,0.25,S,1,7986.0,7986,1051749.7521110254,1314687.1901387817,100.81174,1983,X,2.7,,481576750001007,-95.787997533774,29.559729001942,0.0,s880,s880,0.0,0.0,1,1,0.0,0.0,5.031,1.69,0.0,1,0.0,0,0.0,0,0.0,0.0,0,0.0,0,,,
122557630,RES3A,RES,0.5,S,1,981.47,1093,157981.1848895608,55293.414711346275,101.27762,1979,X,1.06,,481576749001013,-95.774622919689,29.582844207059,0.0,s881,s881,0.0,0.0,1,1,0.0,0.0,4.06,13.26,0.0,1,0.0,0,0.0,0,0.0,0.0,0,0.0,0,,,
122531113,RES1-1SNB,RES,0.75,S,1,2758.0,3724,407749.90830307704,203874.95415153852,78.45426,2013,X,0.89,,481576747024029,-95.734272265008,29.561469803376,1.0,s882,s882,0.0,0.0,0,1,0.0752,0.0,6.622,1.08,0.0,1,0.0,0,0.0,0,0.0,0.0,0,0.0,0,,,
122709450,RES1-1SNB,RES,0.75,S,1,2340.0,2286,286471.7347071921,143235.86735359606,67.396225,1988,X,3.87,,481576740021012,-95.61173408592,29.585285862862,1.0,s883,s883,0.0,0.0,1,1,0.0,0.0,3.323,0.53,0.0,1,0.0,0,0.0,0,0.0,0.0,0,0.0,1,,,
122540418,RES1-2SNB,RES,0.75,S,2,3204.0,2530,724308.1150097927,362154.05750489637,89.52051,2010,X,0.0,,481576734013001,-95.805747461337,29.598144220919,0.0,s884,s884,0.0,0.0,0,1,0.0,0.0,7.259,2.18,0.0,1,0.0,0,0.0,0,0.0,0.0,0,0.0,0,,,
122618679,RES1-1SNB,RES,2.0,C,1,888.0,948,107842.27785,53921.138925,98.626564,1983,X,3.09,,481576750001008,-95.788756182679,29.558094740023,0.0,s885,s885,0.0,0.0,1,1,0.0,0.0,3.035,2.98,0.0,1,0.0,0,0.0,0,0.0,0.0,0,0.0,0,,,
122569617,RES1-2SNB,RES,0.75,S,2,2392.0,2174,550208.1959909169,275104.09799545846,84.217354,2010,X,4.98,,481576734012020,-95.745531323611,29.623446589557,0.0,s886,s886,0.0,0.0,1,1,0.0,0.0,2.809,1.18,0.0,1,0.0,0,0.0,0,0.0,0.0,0,0.0,1,,,
122550444,RES1-1SNB,RES,0.75,S,1,2702.0,3395,686509.2634680669,343254.63173403346,74.228424,1996,X,4.19,,481576739031006,-95.664275077025,29.588154736271,1.0,s887,s887,0.0,0.0,1,1,0.0,0.0,3.056,1.08,0.0,1,0.0,0,0.0,0,0.0,0.0,0,0.0,0,,,
122599325,RES1-2SNB,RES,0.75,S,2,4577.0,3736,1015885.8326433382,507942.9163216691,70.57481,1998,X,5.49,,481576744012000,-95.627842003835,29.559224972075,0.0,s888,s888,0.0,0.0,1,1,0.0,0.0,6.789,0.39,0.0,1,0.0,0,0.0,0,0.0,0.0,0,0.0,1,,,
122568167,RES1-1SNB,RES,0.75,S,1,2582.0,2414,379142.8302230025,189571.41511150124,76.252815,2013,X,4.66,,481576747021018,-95.707837910052,29.562046805687,1.0,s889,s889,0.0,0.0,1,1,0.0,0.0,5.913,2.98,0.0,1,0.0,0,0.0,0,0.0,0.0,0,0.0,0,,,
122528692,RES1-2SNB,RES,0.75,S,2,2532.0,1055,512896.557948402,256448.278974201,82.13614,1987,X,7.63,,481576736001002,-95.722554339227,29.608633751741,0.0,s890,s890,0.0,0.0,1,1,0.0,0.0,7.731,9.34,0.0,1,0.0,0,0.0,0,0.0,0.0,0,0.0,0,,,
122475614,RES1-1SNB,RES,0.75,S,1,2095.0,2636,340452.0853021522,170226.0426510761,80.23394,1994,AE,0.0,,481576738013009,-95.74628720871,29.584613282512,1.0,s891,s891,0.0,0.0,0,1,0.0,0.0,1.479,1.89,0.0,1,0.0,0,0.0,0,0.0,0.0,0,0.0,0,,,
122458166,RES1-1SNB,RES,0.75,S,1,1521.0,1846,298366.93887944,149183.46943972,79.94312,1989,X,5.34,,481576746032014,-95.688378976531,29.537582632213,0.0,s892,s892,0.0,0.0,1,1,0.0,0.0,6.284,4.79,0.0,1,0.0,0,0.0,0,0.0,0.0,0,0.0,0,,,
122619275,RES1-2SNB,RES,0.75,S,2,7057.0,5117,928064.8827796205,464032.44138981024,84.06398,2015,X,6.41,,481576755022002,-95.711157793166,29.535928167055,0.0,s893,s893,0.0,0.0,1,1,0.0,0.0,3.041,1.37,0.0,1,0.0,0,0.0,0,0.0,0.0,0,0.0,0,,,
122492330,RES1-2SNB,RES,0.75,S,2,2651.0,2023,602687.7114657037,301343.85573285184,92.26752,2010,X,5.01,,481576734013025,-95.804639570117,29.594080156544,0.0,s894,s894,0.0,0.0,0,1,0.0,0.0,7.99,0.92,0.0,1,0.0,0,0.0,0,0.0,0.0,0,0.0,0,,,
122621790,RES1-2SNB,RES,0.75,S,2,1711.0,2235,328830.25316020224,164415.12658010112,86.136055,2015,X,5.52,,481576755022014,-95.716292790247,29.53513803077,0.0,s895,s895,0.0,0.0,1,1,0.0692,0.0,6.37,2.12,0.0,1,0.0,0,0.0,0,0.0,0.0,0,0.0,0,,,
122482488,RES1-1SNB,RES,0.75,S,1,3142.0,3627,305584.0703366381,152792.03516831904,97.11781,2008,X,4.4,,481576751013013,-95.763774087831,29.551370321548,0.0,s896,s896,0.0,0.0,0,1,0.0,0.0,2.414,2.74,0.0,1,0.0,0,0.0,0,0.0,0.0,0,0.0,0,,,
122485556,RES1-1SNB,RES,0.75,S,1,1070.0,1720,128674.11242462641,64337.056212313204,100.05501,1983,X,4.62,,481576750002001,-95.782318146146,29.572745231543,0.0,s897,s897,0.0,0.0,1,1,0.0,0.0,16.991,24.06,0.0,1,0.0,0,0.0,0,0.0,0.0,0,0.0,0,,,
122571271,RES3B,RES,0.5,S,1,1539.0,1539,295149.38326618564,103302.28414316497,102.14658,1979,X,3.52,,481576749003013,-95.77590562582,29.58564693186,0.0,s898,s898,0.0,0.0,1,1,0.0,0.0,3.625,18.55,0.0,1,0.0,0,0.0,0,0.0,0.0,0,0.0,0,,,
122625539,RES1-1SNB,RES,0.75,S,1,2695.0,2198,449368.1653309413,224684.08266547066,86.68029,2015,X,0.32,,481576755024011,-95.749542188274,29.525507838265,0.0,s899,s899,0.0,0.0,0,1,0.0,0.0,2.44,2.32,0.0,1,0.0,0,0.0,0,0.0,0.0,0,0.0,0,,,
122445135,RES1-2SNB,RES,0.75,S,2,3220.0,2298,766252.9121869457,383126.45609347284,69.701614,1993,X,6.32,,481576742002006,-95.63308624491,29.566232513326,1.0,s900,s900,0.0,0.0,1,1,0.0,0.0,5.116,7.4,0.0,1,0.0,0,0.0,0,0.0,0.0,0,0.0,0,,,
122527758,RES1-2SNB,RES,0.75,S,2,3315.0,2383,665200.823984858,332600.411992429,75.62079,2004,X,5.52,,481576746042001,-95.708604100474,29.552982693307,1.0,s901,s901,0.0,0.0,1,1,0.0,0.0,10.374,7.44,0.0,1,0.0,0,0.0,0,0.0,0.0,0,0.0,0,,,
122524540,RES1-2SNB,RES,0.75,S,2,3542.0,3118,729952.5183022622,364976.2591511311,80.87566,2003,X,4.67,,481576728011005,-95.681937834639,29.622658776151,0.0,s902,s902,0.0,0.0,1,1,0.0,0.0,7.109,3.76,0.0,1,0.0,0,0.0,0,0.0,0.0,0,0.0,1,,,
122523832,RES1-2SNB,RES,0.75,S,2,2898.0,1821,726261.7265605802,363130.8632802901,74.922585,2002,X,6.17,,481576746021009,-95.67496854517,29.543153689195,1.0,s903,s903,0.0,0.0,1,1,0.0,0.0,18.745,5.65,0.0,1,0.0,0,0.0,0,0.0,0.0,0,0.0,0,,,
122618197,RES1-1SNB,RES,2.0,C,1,656.0,968,111010.90466999999,55505.452334999994,85.08505,2013,X,4.9,,481576747022054,-95.759891562726,29.576535662168,0.0,s904,s904,0.0,0.0,1,1,0.0,0.0,10.01,5.78,0.0,1,0.0,0,0.0,0,0.0,0.0,0,0.0,0,,,
122473094,RES1-1SNB,RES,0.75,S,1,2388.0,2771,377957.5145872431,188978.75729362154,78.393135,2013,X,0.02,,481576747024011,-95.743425146464,29.571982248122,1.0,s905,s905,0.0,0.0,0,1,0.0,0.0,3.394,4.72,0.0,1,0.0,0,0.0,0,0.0,0.0,0,0.0,0,,,
122644836,RES1-2SNB,RES,0.75,S,2,4410.0,3452,832419.6339146505,416209.81695732527,76.48742,2015,X,5.8,,481576755032015,-95.665023112993,29.530234100327,0.0,s906,s906,0.0,0.0,1,1,0.0,0.0,4.766,3.58,0.0,1,0.0,0,0.0,0,0.0,0.0,0,0.0,0,,,
122475820,RES1-1SNB,RES,0.75,S,1,2275.0,2893,362273.8951591571,181136.94757957855,80.7707,1994,AE,0.1,,481576738013009,-95.745259861338,29.583570815697,1.0,s907,s907,0.0,0.0,0,1,0.0,0.0,6.744,4.26,0.0,1,0.0,0,0.0,0,0.0,0.0,0,0.0,0,,,
122624999,AGR1,COM,0.25,S,1,2177.0,2177,243015.05493221237,352371.8296517079,83.846756,2015,X,0.12,,481576755024011,-95.739893272865,29.519144449454,0.0,s908,s908,0.0,0.0,0,1,0.0,0.0,7.557,1.36,0.0,1,0.0,0,0.0,0,0.0,0.0,0,0.0,0,,,
122564233,RES1-2SNB,RES,0.75,S,2,3627.0,2031,863763.9776241592,431881.9888120796,70.94254,2013,X,6.29,,481576744024000,-95.630763886967,29.552291312241,0.0,s909,s909,0.0,0.0,1,1,0.0,0.0,10.592,1.4,0.0,1,0.0,0,0.0,0,0.0,0.0,0,0.0,1,,,
122533252,RES1-1SNB,RES,0.75,S,1,2649.0,2282,406767.12743257155,203383.56371628577,75.49383,2013,X,0.07,,481576747023019,-95.750207987159,29.567349982845,1.0,s910,s910,0.0,0.0,0,1,0.0,0.0,10.378,7.7,0.0,1,0.0,0,0.0,0,0.0,0.0,0,0.0,0,,,
122566228,RES1-2SNB,RES,0.75,S,2,3969.0,3443,914202.0520747774,457101.0260373887,72.95996,1996,X,4.67,,481576739032008,-95.675756649662,29.583581108243,1.0,s911,s911,0.0,0.0,1,1,0.0,0.0,28.212,22.9,0.0,1,0.0,0,0.0,0,0.0,0.0,0,0.0,1,,,
122600811,RES1-2SNB,RES,0.75,S,2,3178.0,1887,380434.66165799997,190217.33082899998,76.349365,2013,X,4.55,,481576747023033,-95.75355892975,29.567403038213,1.0,s912,s912,0.0,0.0,1,1,0.0,0.0,8.432,3.43,0.0,1,0.0,0,0.0,0,0.0,0.0,0,0.0,0,,,
122481033,RES1-1SNB,RES,0.75,S,1,2490.0,3698,333745.852464,166872.926232,96.15151,2013,X,3.87,,481576747023023,-95.76016099167,29.569943373857,0.0,s913,s913,0.0,0.0,1,1,0.0,0.0,8.32,3.44,0.0,1,0.0,0,0.0,0,0.0,0.0,0,0.0,0,,,
122589066,RES1-1SNB,RES,0.75,S,1,1719.0,2400,314194.5756888849,157097.28784444244,78.8455,1989,X,3.11,,481576746033002,-95.690383447125,29.545672992739,0.0,s914,s914,0.0,0.0,1,1,0.0,0.0,19.542,10.89,0.0,1,0.0,0,0.0,0,0.0,0.0,0,0.0,0,,,
122467483,GOV1,PUB,0.25,S,6,11940.0,1990,1944845.6730360556,1361391.9711252388,81.316185,2012,X,19.97,,481576735012015,-95.717721574984,29.629037511939,1.0,s915,s915,0.0,0.0,0,1,0.0,0.0,10.367,0.34,0.0,1,0.0,0,0.0,0,0.0,0.0,0,0.0,0,,,
122469979,RES3C,RES,0.5,S,2,5860.0,2930,905014.6404933393,316755.12417266873,83.2679,1992,X,6.6,,481576735021000,-95.728547262092,29.63265766719,0.0,s916,s916,0.0,0.0,1,1,0.0,0.0,2.448,6.58,0.0,1,0.0,0,0.0,0,0.0,0.0,0,0.0,0,,,
122481891,RES1-1SNB,RES,0.75,S,1,2416.0,1938,691913.3867593602,345956.6933796801,88.058716,2012,X,0.0,,481576734042004,-95.762391602239,29.644335817755,0.0,s917,s917,0.0,0.0,0,1,0.0,0.0,12.53,0.93,0.0,1,0.0,0,0.0,0,0.0,0.0,0,0.0,0,,,
122474361,COM1,COM,0.25,S,1,1932.0,1932,325059.4609425491,406324.3261781864,83.58814,1987,AE,3.36,,481576736003012,-95.742031116841,29.598444596789,1.0,s918,s918,0.0,0.0,1,1,0.0,0.0,7.613,7.92,0.0,1,0.0,0,0.0,0,0.0,0.0,0,0.0,0,,,
122450998,RES1-2SNB,RES,0.75,S,2,3574.0,1933,841277.932622465,420638.9663112325,73.95889,1996,X,6.32,,481576739032002,-95.660429961272,29.590272426689,1.0,s919,s919,0.0,0.0,1,1,0.0,0.0,2.624,7.66,0.0,1,0.0,0,0.0,0,0.0,0.0,0,0.0,0,,,
122479355,RES1-1SNB,RES,5.25,P,1,1526.0,977,457011.7944808261,228505.89724041306,86.539085,2012,AE,0.0,23138412,481576734042018,-95.755476597824,29.62971214071,0.0,s920,s920,0.0,0.0,0,1,0.0,0.0,22.234,5.24,0.0,1,0.0,0,0.0,0,0.0,0.0,0,0.0,0,,,
122583851,RES1-1SNB,RES,0.75,S,1,1461.0,1685,293810.42451716226,146905.21225858113,82.01268,1989,X,4.16,,481576746033008,-95.694156636964,29.5404086604,0.0,s921,s921,0.0,0.0,1,1,0.0,0.0,8.112,6.88,0.0,1,0.0,0,0.0,0,0.0,0.0,0,0.0,0,,,
122480642,RES1-1SNB,RES,2.0,C,1,1056.0,1149,189501.7253862726,94750.8626931363,79.33786,2013,X,4.13,,481576747022049,-95.757368149431,29.57629950007,1.0,s922,s922,0.0,0.0,1,1,0.0,0.0,6.445,0.03,0.0,1,0.0,0,0.0,0,0.0,0.0,0,0.0,0,,,
122454325,RES1-2SNB,RES,0.75,S,2,3053.0,2212,514858.21436010895,257429.10718005447,79.46691,2005,X,4.87,,481576728021000,-95.680483132586,29.610359296354,0.0,s923,s923,0.0,0.0,1,1,0.0,0.0,6.5,2.87,0.0,1,0.0,0,0.0,0,0.0,0.0,0,0.0,0,,,
122668856,RES1-2SNB,RES,0.75,S,2,3405.0,3117,790537.979050527,395268.9895252635,70.952576,1993,X,5.71,,481576742003018,-95.619118819402,29.573348294486,1.0,s924,s924,0.0,0.0,1,1,0.0,0.0,12.672,6.06,0.0,1,0.0,0,0.0,0,0.0,0.0,0,0.0,0,,,
122524761,RES1-2SNB,RES,0.75,S,2,2492.0,2216,406673.4138768743,203336.70693843716,70.73859,1989,X,4.49,,481576746031003,-95.681492121528,29.548119266816,1.0,s925,s925,0.0,0.0,1,1,0.0,0.0,1.849,1.66,0.0,1,0.0,0,0.0,0,0.0,0.0,0,0.0,0,,,
122538320,RES1-1SNB,RES,0.75,S,1,4953.0,4787,887025.5838432767,443512.79192163836,87.31388,2010,AE,4.41,,481576734014002,-95.785913116354,29.626493094801,0.0,s926,s926,0.0,0.0,0,1,0.0,0.0,24.512,5.15,0.0,1,0.0,0,0.0,0,0.0,0.0,0,0.0,0,,,
122490858,RES1-2SNB,RES,0.75,S,2,2470.0,1963,586255.8288381502,293127.9144190751,91.22292,2010,X,5.04,,481576734013018,-95.801999618457,29.59536422197,0.0,s927,s927,0.0,0.0,0,1,0.0,0.0,7.149,2.95,0.0,1,0.0,0,0.0,0,0.0,0.0,0,0.0,0,,,
122536126,RES1-1SNB,RES,0.75,S,1,1598.0,1636,174492.23055,87246.115275,95.513535,1979,X,4.61,,481576749004003,-95.77185586637,29.592772765193,0.0,s928,s928,0.0,0.0,1,1,0.0,0.0,6.22,1.59,0.0,1,0.0,0,0.0,0,0.0,0.0,0,0.0,0,,,
122621916,RES1-1SNB,RES,0.75,S,1,3480.0,3173,744479.5762422502,372239.7881211251,77.13327,2015,X,0.06,,481576755031002,-95.718599460897,29.509823296614,0.0,s929,s929,0.0,0.0,0,1,0.0,0.0,11.549,0.08,0.0,1,0.0,0,0.0,0,0.0,0.0,0,0.0,0,,,
122668901,RES1-2SNB,RES,0.75,S,2,5288.0,6252,1083321.2077269712,541660.6038634856,71.66428,1993,X,5.94,,481576742003018,-95.622220454273,29.571459608208,1.0,s930,s930,0.0,0.0,1,1,0.0,0.0,7.512,3.84,0.0,1,0.0,0,0.0,0,0.0,0.0,0,0.0,0,,,
122466609,RES1-2SNB,RES,0.75,S,2,2807.0,2140,382674.64178523055,191337.32089261527,77.62131,2013,X,5.52,,481576747021008,-95.716794220634,29.564956622233,1.0,s931,s931,0.0,0.0,1,1,0.0,0.0,11.797,2.65,0.0,1,0.0,0,0.0,0,0.0,0.0,0,0.0,0,,,
122528971,RES1-1SNB,RES,0.75,S,1,3041.0,2785,625348.8965200465,312674.44826002326,80.42539,1987,X,3.62,,481576736002018,-95.731748489123,29.615395729834,0.0,s932,s932,0.0,0.0,1,1,0.0,0.0,9.669,0.46,0.0,1,0.0,0,0.0,0,0.0,0.0,0,0.0,0,,,
122595000,RES1-1SNB,RES,0.75,S,1,1356.0,1994,150949.29879462512,75474.64939731256,96.3802,2008,X,3.9,,481576751011010,-95.776013156118,29.547528826787,0.0,s933,s933,0.0,0.0,1,1,0.0,0.0,5.654,5.33,0.0,1,0.0,0,0.0,0,0.0,0.0,0,0.0,0,,,
122465322,AGR1,COM,0.25,S,1,3656.0,3656,328531.61481542524,476370.8414823666,82.784195,1988,X,0.37,,481576737001011,-95.709778470748,29.630501363137,0.0,s934,s934,0.0,0.0,0,1,0.0,0.0,12.914,2.54,0.0,1,0.0,0,0.0,0,0.0,0.0,0,0.0,0,,,
122474325,RES1-1SNB,RES,0.75,S,1,1287.0,1874,299713.0927922779,149856.54639613896,82.74081,1987,X,4.41,,481576736003012,-95.735041211807,29.609309207596,0.0,s935,s935,0.0,0.0,0,1,0.0,0.0,2.948,7.13,0.0,1,0.0,0,0.0,0,0.0,0.0,0,0.0,0,,,
122567766,RES1-1SNB,RES,0.75,S,1,2037.0,2680,360666.3140022627,180333.15700113136,77.18847,1989,X,5.68,,481576746031018,-95.694182403179,29.547951429723,1.0,s936,s936,0.0,0.0,1,1,0.0,0.0,17.183,10.93,0.0,1,0.0,0,0.0,0,0.0,0.0,0,0.0,0,,,
122524388,RES1-2SNB,RES,0.75,S,2,2463.0,1413,645834.2814971389,322917.14074856945,71.79998,2002,X,5.86,,481576746021004,-95.681243787727,29.547034822448,1.0,s937,s937,0.0,0.0,1,1,0.0,0.0,2.667,1.78,0.0,1,0.0,0,0.0,0,0.0,0.0,0,0.0,0,,,
122478575,RES1-1SNB,RES,2.0,C,1,696.0,655,204954.27852288054,102477.13926144027,87.291534,2012,X,1.51,,481576734041026,-95.753545661874,29.644930974433,0.0,s938,s938,0.0,0.0,0,1,0.0,0.0,15.392,4.45,0.0,1,0.0,0,0.0,0,0.0,0.0,0,0.0,0,,,
122597924,RES1-1SNB,RES,0.75,S,1,1494.0,2169,276951.4086915693,138475.70434578464,78.19728,2013,X,0.23,,481576747024038,-95.732767667415,29.556481166822,1.0,s939,s939,0.0,0.0,0,1,0.0,0.0,12.785,12.35,0.0,1,0.0,0,0.0,0,0.0,0.0,0,0.0,0,,,
122469990,RES3D,RES,0.5,S,2,7104.0,3552,1079459.394890822,377810.7882117877,82.5066,1992,X,5.72,,481576735021000,-95.731381915234,29.629003814802,0.0,s940,s940,0.0,0.0,1,1,0.0,0.0,3.917,9.76,0.0,1,0.0,0,0.0,0,0.0,0.0,0,0.0,0,,,
122716608,RES1-2SNB,RES,0.75,S,2,5774.0,3546,1141562.396556585,570781.1982782925,69.30165,1993,X,6.71,,481576742003003,-95.612373815258,29.572977970012,1.0,s941,s941,0.0,0.0,1,1,0.0,0.0,17.18,4.69,0.0,1,0.0,0,0.0,0,0.0,0.0,0,0.0,0,,,
122622160,RES1-2SNB,RES,0.75,S,2,2346.0,2038,398098.7325705106,199049.3662852553,86.47528,2015,X,5.45,,481576755022013,-95.719213914395,29.534986333591,0.0,s942,s942,0.0,0.0,1,1,0.0,0.0,8.892,2.96,0.0,1,0.0,0,0.0,0,0.0,0.0,0,0.0,0,,,
122611908,RES3A,RES,2.0,B,2,384.0,1488,61668.63420000001,21584.02197,100.28744,1983,X,6.03,,481576750001031,-95.801111793885,29.559693333907,0.0,s943,s943,0.0,0.0,1,1,0.0,0.0,9.28,14.5,0.0,1,0.0,0,0.0,0,0.0,0.0,0,0.0,0,,,
122619554,COM1,COM,0.25,S,2,8294.0,4147,1025536.9920000001,1281921.2400000002,102.38344,1983,X,0.0,37056826,481576750001047,-95.807506690904,29.559688656763,0.0,s944,s944,0.0,0.0,1,1,0.3485,0.0,5.612,17.57,0.0,1,0.0,0,0.0,0,0.0,0.0,0,0.0,0,,,
122459583,RES1-1SNB,RES,0.75,S,1,2007.0,2292,301937.83870892355,150968.91935446177,75.52765,1994,X,4.9,,481576738011000,-95.691576235748,29.583425347412,1.0,s945,s945,0.0,0.0,1,1,0.0,0.0,19.567,2.51,0.0,1,0.0,0,0.0,0,0.0,0.0,0,0.0,0,,,
122471002,RES1-2SNB,RES,0.75,S,2,3006.0,2522,590599.4687669951,295299.73438349756,82.69239,1987,X,5.06,,481576736001004,-95.730249474016,29.611743966487,0.0,s946,s946,0.0,0.0,1,1,0.0,0.0,2.113,1.08,0.0,1,0.0,0,0.0,0,0.0,0.0,0,0.0,0,,,
122601956,IND2,IND,0.25,S,1,11098.0,11098,1741622.7304691942,2960758.64179763,70.54075,2009,X,5.82,,481576739021001,-95.638470009417,29.597762171338,1.0,s947,s947,0.0,0.0,1,1,0.0,0.0,21.531,1.04,0.0,1,0.0,0,0.0,0,0.0,0.0,0,0.0,0,,,
122444487,RES1-2SNB,RES,0.75,S,2,3336.0,2327,786535.2181711472,393267.6090855736,71.60571,1987,X,5.44,,481576740011001,-95.628966294968,29.578338952744,1.0,s948,s948,0.0,0.0,1,1,0.0,0.0,23.807,5.91,0.0,1,0.0,0,0.0,0,0.0,0.0,0,0.0,0,,,
122466110,RES1-2SNB,RES,0.75,S,2,4391.0,3335,537983.1438339053,268991.5719169527,76.682816,2013,X,5.55,,481576747021006,-95.711892423212,29.56534403711,1.0,s949,s949,0.0,0.0,1,1,0.0,0.0,13.061,1.41,0.0,1,0.0,0,0.0,0,0.0,0.0,0,0.0,0,,,
122535335,RES1-1SNB,RES,0.75,S,1,2109.0,2539,233467.13889569775,116733.56944784887,97.205765,2008,X,4.7,,481576751013018,-95.762837264526,29.54641608042,0.0,s950,s950,0.0,0.0,1,1,0.0,0.0,3.097,1.71,0.0,1,0.0,0,0.0,0,0.0,0.0,0,0.0,0,,,
122667114,RES1-2SNB,RES,0.75,S,2,3107.0,2696,333441.81654032215,166720.90827016108,67.85346,1984,X,5.25,,481576741001009,-95.606879757335,29.576059737474,1.0,s951,s951,0.0,0.0,0,1,0.0,0.0,14.864,3.48,0.0,1,0.0,0,0.0,0,0.0,0.0,0,0.0,0,,,
122540468,RES1-2SNB,RES,0.75,S,2,2169.0,2694,548027.4121918759,274013.70609593793,91.54521,2010,X,0.0,,481576734013001,-95.808909399754,29.601806208619,0.0,s952,s952,0.0,0.0,0,1,0.0,0.0,7.224,1.29,0.0,1,0.0,0,0.0,0,0.0,0.0,0,0.0,0,,,
122590529,RES1-1SNB,RES,2.0,C,1,992.0,627,121107.19830000002,60553.59915000001,98.721985,1979,X,0.0,37008375,481576749001008,-95.769677065975,29.582031213396,0.0,s953,s953,0.0,0.0,1,1,0.0,0.0,14.648,15.15,0.0,1,0.0,0,0.0,0,0.0,0.0,0,0.0,0,,,
122476047,RES1-2SNB,RES,0.75,S,2,2883.0,2170,634107.0491727364,317053.5245863682,81.45873,2010,AE,4.67,,481576734011019,-95.746275157693,29.602982350246,1.0,s954,s954,0.0,0.0,1,1,0.0,0.0,1.857,3.4,0.0,1,0.0,0,0.0,0,0.0,0.0,0,0.0,0,,,
122618415,RES1-1SNB,RES,0.75,S,1,2260.0,2525,383248.10338947753,191624.05169473877,94.98338,2015,X,4.65,,481576755021011,-95.763948295922,29.531672822653,0.0,s955,s955,0.0,0.0,1,1,0.0,0.0,9.374,1.89,0.0,1,0.0,0,0.0,0,0.0,0.0,0,0.0,0,,,
122466117,RES1-1SNB,RES,0.75,S,1,3023.0,3258,411220.0520287483,205610.02601437416,75.342224,2013,X,4.81,,481576747021006,-95.713912443167,29.560189900241,1.0,s956,s956,0.0,0.0,1,1,0.0,0.0,3.295,4.97,0.0,1,0.0,0,0.0,0,0.0,0.0,0,0.0,0,,,
122610652,RES1-1SNB,RES,0.75,S,1,2321.0,2483,603391.936171423,301695.9680857115,69.17205,1987,X,5.07,,481576740011018,-95.620222043173,29.579162129862,1.0,s957,s957,0.0,0.0,1,1,0.0,0.0,5.048,0.95,0.0,1,0.0,0,0.0,0,0.0,0.0,0,0.0,0,,,
122446513,RES1-2SNB,RES,0.75,S,2,5323.0,4492,1137037.0647427482,568518.5323713741,72.46473,2009,X,1.72,,481576739023001,-95.641353303021,29.592526177839,0.0,s958,s958,0.0,0.0,1,1,0.0,0.0,24.761,1.87,0.0,1,0.0,0,0.0,0,0.0,0.0,0,0.0,0,,,
122476296,RES1-2SNB,RES,0.75,S,2,2804.0,3465,634883.159721102,317441.579860551,87.85893,2010,X,5.17,,481576734011019,-95.75452809691,29.599652185297,0.0,s959,s959,0.0,0.0,1,1,0.0,0.0,33.086,20.57,0.0,1,0.0,0,0.0,0,0.0,0.0,0,0.0,1,,,
122638966,RES1-2SNB,RES,0.75,S,2,3870.0,2518,537760.8303816855,268880.41519084276,93.08166,2015,X,5.72,,481576755021027,-95.754171945743,29.533713074859,0.0,s960,s960,0.0,0.0,1,1,0.0,0.0,7.476,6.57,0.0,1,0.0,0,0.0,0,0.0,0.0,0,0.0,0,,,
122511723,RES1-1SNB,RES,0.75,S,1,3702.0,3702,859333.1990304409,429666.59951522044,102.598114,2008,X,3.98,,481576733001007,-95.883353979771,29.674617964706,0.0,s961,s961,0.0,0.0,0,1,0.0,0.0,3.888,3.22,0.0,1,0.0,0,0.0,0,0.0,0.0,0,0.0,0,,,
122525992,RES1-2SNB,RES,0.75,S,2,3311.0,2143,794276.6491792885,397138.32458964427,75.10177,2003,X,5.41,,481576747011011,-95.688218693892,29.572134506995,1.0,s962,s962,0.0,0.0,1,1,0.0,0.0,15.109,4.01,0.0,1,0.0,0,0.0,0,0.0,0.0,0,0.0,0,,,
122472761,RES1-1SNB,RES,0.75,S,1,1500.0,2290,272987.15132179245,136493.57566089623,78.3097,2013,X,4.42,,481576747024011,-95.739660497651,29.564318351965,1.0,s963,s963,0.0,0.0,0,1,0.0,0.0,9.628,3.7,0.0,1,0.0,0,0.0,0,0.0,0.0,0,0.0,0,,,
122668048,RES1-1SNB,RES,0.75,S,1,3224.0,3731,771471.2761917254,385735.6380958627,69.16341,1998,X,3.57,,481576744015014,-95.612056625024,29.557268910274,0.0,s964,s964,0.0,0.0,1,1,0.0,0.0,11.331,5.37,0.0,1,0.0,0,0.0,0,0.0,0.0,0,0.0,0,,,
122472881,RES1-1SNB,RES,0.75,S,1,2522.0,3384,387122.8302663833,193561.41513319165,79.90254,2013,X,0.0,,481576747024011,-95.739682437836,29.571660352239,1.0,s965,s965,0.0,0.0,0,1,0.0,0.0,12.219,2.2,0.0,1,0.0,0,0.0,0,0.0,0.0,0,0.0,0,,,
122511476,RES1-1SNB,RES,0.75,S,1,3496.0,4309,879846.195089775,439923.0975448875,104.50614,2008,X,0.74,,481576733001007,-95.897034113432,29.684239711682,0.0,s966,s966,0.0,0.0,0,1,0.0,0.0,5.604,9.92,0.0,1,0.0,0,0.0,0,0.0,0.0,0,0.0,0,,,
122615195,RES1-2SNB,RES,0.75,S,2,4466.0,3685,1012889.2256648968,506444.6128324484,73.60784,2009,X,5.89,,481576739023065,-95.647355386401,29.596983695611,0.0,s967,s967,0.0,0.0,1,1,0.0,0.0,4.016,1.81,0.0,1,0.0,0,0.0,0,0.0,0.0,0,0.0,0,,,
122689787,RES1-2SNB,RES,0.75,S,2,3927.0,4176,946367.8074203787,473183.90371018933,69.31525,2013,X,5.38,,481576744023000,-95.608810709253,29.546045006834,1.0,s968,s968,0.0,0.0,1,1,0.0,0.0,8.509,3.65,0.0,1,0.0,0,0.0,0,0.0,0.0,0,0.0,0,,,
122459369,RES1-1SNB,RES,0.75,S,1,1419.0,2410,273841.65500083147,136920.82750041573,81.82777,1989,X,3.76,,481576746033001,-95.691399047272,29.5448167402,0.0,s969,s969,0.0,0.0,1,1,0.0,0.0,13.302,12.99,0.0,1,0.0,0,0.0,0,0.0,0.0,0,0.0,0,,,
122532539,RES1-1SWB,RES,2.0,B,1,3657.0,4755,1192492.6083000735,596246.3041500368,86.35265,2012,AE,5.23,,481576734042011,-95.746823321335,29.635276303824,0.0,s970,s970,0.0,0.0,1,1,0.0,0.0,2.744,2.71,0.0,1,0.0,0,0.0,0,0.0,0.0,0,0.0,0,,,
122553115,RES1-1SNB,RES,0.75,S,1,2578.0,3024,364606.00964684575,182303.00482342287,75.87049,2013,X,4.71,,481576747021010,-95.714360696244,29.565698154021,1.0,s971,s971,0.0,0.0,1,1,0.0,0.0,13.055,0.57,0.0,1,0.0,0,0.0,0,0.0,0.0,0,0.0,0,,,
122575816,RES1-1SNB,RES,0.75,S,1,3150.0,3242,771534.1111691304,385767.0555845652,70.807755,2002,X,5.04,,481576746025002,-95.662840157762,29.547434114115,1.0,s972,s972,0.0,0.0,1,1,0.0,0.0,5.213,9.62,0.0,1,0.0,0,0.0,0,0.0,0.0,0,0.0,0,,,
122537469,RES1-1SNB,RES,0.75,S,1,1620.0,1651,127674.35020000002,63837.17510000001,99.70631,1978,X,4.19,,481576748003005,-95.782947744521,29.558848906482,0.0,s973,s973,0.0,0.0,1,1,0.0005,0.0,4.161,1.23,0.0,1,0.0,0,0.0,0,0.0,0.0,0,0.0,0,,,
122610644,RES1-2SNB,RES,0.75,S,2,3382.0,1940,792012.0293807236,396006.0146903618,71.06025,1987,X,5.32,,481576740011018,-95.6257044418,29.577443920219,1.0,s974,s974,0.0,0.0,1,1,0.0,0.0,7.354,7.71,0.0,1,0.0,0,0.0,0,0.0,0.0,0,0.0,0,,,
122623151,RES1-1SWB,RES,2.0,B,1,2375.0,2962,562270.1302861082,281135.0651430541,85.35752,2015,X,4.04,,481576755022017,-95.732395614757,29.524840407259,0.0,s975,s975,0.0,0.0,0,1,0.0,0.0,10.162,5.52,0.0,1,0.0,0,0.0,0,0.0,0.0,0,0.0,0,,,
122618003,RES1-2SNB,RES,0.75,S,2,3777.0,4012,909324.7294768062,454662.3647384031,73.36633,2009,X,5.41,,481576739023006,-95.64165868776,29.600680906732,0.0,s976,s976,0.0,0.0,1,1,0.0,0.0,21.76,0.55,0.0,1,0.0,0,0.0,0,0.0,0.0,0,0.0,0,,,
122520175,COM1,COM,0.25,S,1,1638.0,1638,284767.0259837489,355958.78247968614,73.02996,2009,X,0.43,,481576739023078,-95.646297831287,29.587250322409,0.0,s977,s977,0.0,0.0,1,1,0.0,0.0,10.35,3.28,0.0,1,0.0,0,0.0,0,0.0,0.0,0,0.0,1,,,
122531912,RES1-1SNB,RES,0.75,S,1,2502.0,2932,432731.35309582046,216365.67654791023,89.256615,2015,X,0.94,,481576755023001,-95.732212631513,29.538288223478,0.0,s978,s978,0.0,0.0,0,1,0.0,0.0,11.722,2.15,0.0,1,0.0,0,0.0,0,0.0,0.0,0,0.0,0,,,
122485595,RES1-1SNB,RES,0.75,S,1,1611.0,1900,221311.64358708667,110655.82179354333,96.49855,1983,X,2.06,,481576750002001,-95.785649084395,29.571632033369,0.0,s979,s979,0.0,0.0,0,1,0.0,0.0,17.943,5.79,0.0,1,0.0,0,0.0,0,0.0,0.0,0,0.0,1,,,
122597503,RES1-2SNB,RES,0.75,S,2,3277.0,2270,398592.13087560365,199296.06543780182,75.30075,1994,X,5.91,,481576738011004,-95.690309008075,29.585123737202,1.0,s980,s980,0.0,0.0,1,1,0.0,0.0,18.815,1.96,0.0,1,0.0,0,0.0,0,0.0,0.0,0,0.0,0,,,
122530739,RES1-2SNB,RES,0.75,S,2,2301.0,1685,518562.65583997057,259281.32791998528,84.9708,1992,X,5.52,,481576735022005,-95.735910329371,29.637358437313,0.0,s981,s981,0.0,0.0,1,1,0.0,0.0,4.525,4.57,0.0,1,0.0,0,0.0,0,0.0,0.0,0,0.0,0,,,
122619977,COM1,COM,0.25,S,1,508.0,1778,69761.33625000001,87201.6703125,102.27563,1983,X,3.4,,481576750001065,-95.808256755452,29.55912843682,0.0,s982,s982,0.0,0.0,1,1,0.0,0.0,2.618,17.03,0.0,1,0.0,0,0.0,0,0.0,0.0,0,0.0,0,,,
122598145,RES3A,RES,0.5,S,1,2484.0,4064,369631.3207830109,129370.96227405382,91.36725,2013,X,4.12,,481576747023020,-95.756079746397,29.567528276973,0.0,s983,s983,0.0,0.0,1,1,0.0,0.0,24.686,16.66,0.0,1,0.0,0,0.0,0,0.0,0.0,0,0.0,0,,,
122638969,RES1-2SNB,RES,0.75,S,2,2266.0,2777,393702.45742890897,196851.22871445448,92.846954,2015,X,5.11,,481576755021027,-95.75377349593,29.533731775832,0.0,s984,s984,0.0,0.0,1,1,0.0,0.0,7.416,6.27,0.0,1,0.0,0,0.0,0,0.0,0.0,0,0.0,0,,,
122635624,RES1-2SNB,RES,0.75,S,2,4492.0,5230,596571.0796806986,298285.5398403493,81.14241,2015,X,5.04,,481576755022025,-95.709398529621,29.512112200127,0.0,s985,s985,0.0,0.0,1,1,0.0,0.0,5.11,0.75,0.0,1,0.0,0,0.0,0,0.0,0.0,0,0.0,1,,,
122483836,RES1-1SNB,RES,0.75,S,1,1167.0,1617,139948.30215000003,69974.15107500002,100.25534,1979,X,4.08,,481576749004021,-95.773186437862,29.58569867287,0.0,s986,s986,0.0,0.0,1,1,0.0,0.0,10.866,13.99,0.0,1,0.0,0,0.0,0,0.0,0.0,0,0.0,0,,,
122624095,RES1-1SNB,RES,0.75,S,1,2445.0,2537,579116.0166211762,289558.0083105881,83.064064,2015,X,0.32,,481576755031034,-95.738361699,29.50879138167,0.0,s987,s987,0.0,0.0,0,1,0.0,0.0,9.192,1.64,0.0,1,0.0,0,0.0,0,0.0,0.0,0,0.0,0,,,
122704667,RES1-2SNB,RES,0.75,S,2,2600.0,1753,309072.0690586095,154536.03452930474,67.26157,1988,X,4.84,,481576740021024,-95.615456953114,29.581846399179,1.0,s988,s988,0.0,0.0,0,1,0.0,0.0,17.853,2.27,0.0,1,0.0,0,0.0,0,0.0,0.0,0,0.0,0,,,
122565767,RES1-2SNB,RES,0.75,S,2,3082.0,2898,768474.3439234298,384237.1719617149,74.57859,2009,X,6.2,,481576739023032,-95.654463379191,29.59804839433,0.0,s989,s989,0.0,0.0,1,1,0.0,0.0,10.473,1.44,0.0,1,0.0,0,0.0,0,0.0,0.0,0,0.0,0,,,
122523704,RES1-2SNB,RES,0.75,S,2,3954.0,3226,905670.0238907218,452835.0119453609,70.99641,1988,X,6.12,,481576746011002,-95.678676336072,29.561992110145,1.0,s990,s990,0.0,0.0,1,1,0.0,0.0,2.273,5.01,0.0,1,0.0,0,0.0,0,0.0,0.0,0,0.0,0,,,
122465093,IND2,IND,0.25,S,1,3231.47,5970,575895.7161751146,979022.7174976948,83.42021,2004,X,2.22,,481576746042021,-95.710410133862,29.542181023575,0.0,s991,s991,0.0,0.0,1,1,0.0,0.0,4.714,8.34,0.0,1,0.0,0,0.0,0,0.0,0.0,0,0.0,0,,,
122481986,RES1-1SNB,RES,0.75,S,1,1908.0,2514,568667.86088788,284333.93044394,88.24698,2012,X,0.0,,481576734042004,-95.767571337508,29.64486978571,0.0,s992,s992,0.0,0.0,0,1,0.0,0.0,7.588,3.86,0.0,1,0.0,0,0.0,0,0.0,0.0,0,0.0,0,,,
122467682,RES1-2SNB,RES,0.75,S,2,3276.0,2480,675387.2735307997,337693.63676539983,86.013405,2012,X,5.36,,481576735012015,-95.720800544906,29.640527329398,0.0,s993,s993,0.0,0.0,1,1,0.0,0.0,9.929,1.31,0.0,1,0.0,0,0.0,0,0.0,0.0,0,0.0,0,,,
122590403,COM1,COM,0.25,S,1,1393.0,1393,189927.48645000003,237409.35806250002,89.259415,1979,X,1.45,,481576749003018,-95.768334732219,29.592045370956,0.0,s994,s994,0.0,0.0,1,1,0.0,0.0,6.412,9.08,0.0,1,0.0,0,0.0,0,0.0,0.0,0,0.0,0,,,
122607746,RES1-3SNB,RES,0.75,S,3,2635.0,3321,405519.64258830185,202759.82129415093,78.20338,2013,X,0.0,,481576747024028,-95.732628211032,29.56196239733,1.0,s995,s995,0.0,0.0,0,1,0.0,0.0,7.84,1.84,0.0,1,0.0,0,0.0,0,0.0,0.0,0,0.0,0,,,
122557949,RES1-2SNB,RES,0.75,S,2,3932.0,1966,909671.6219815528,454835.8109907764,89.684906,2012,X,4.17,,481576734043012,-95.782084636714,29.640098968646,0.0,s996,s996,0.0,0.0,0,1,0.0,0.0,2.966,3.37,0.0,1,0.0,0,0.0,0,0.0,0.0,0,0.0,0,,,
122588508,RES1-2SNB,RES,0.75,S,2,3203.0,2923,773352.5792700474,386676.2896350237,75.025185,1996,X,4.66,,481576739032009,-95.666875326697,29.581799476972,1.0,s997,s997,0.0,0.0,1,1,0.2322,0.0,4.681,8.03,0.0,1,0.0,0,0.0,0,0.0,0.0,0,0.0,0,,,
122689770,RES1-1SNB,RES,0.75,S,1,5563.0,5192,1205265.2492721016,602632.6246360508,69.76073,2013,X,4.83,,481576744023000,-95.603847935263,29.544934131447,0.0,s998,s998,0.0,0.0,0,1,0.0,0.0,8.661,1.37,0.0,1,0.0,0,0.0,0,0.0,0.0,0,0.0,0,,,
122623227,RES1-2SNB,RES,0.75,S,2,3240.0,3003,484851.40671171993,242425.70335585997,83.313126,2015,X,6.77,,481576755022017,-95.721824662941,29.521643427902,0.0,s999,s999,0.0,0.0,1,1,0.0,0.0,17.632,1.97,0.0,1,0.0,0,0.0,0,0.0,0.0,0,0.0,0,,,
122532970,COM8,COM,0.25,S,3,39027.0,13009,7722321.513661667,8880669.740710916,92.0396,2015,X,9.43,,481576755021037,-95.746528647894,29.539510192945,0.0,s1000,s1000,0.0,0.0,0,1,0.0,0.0,16.518,3.11,0.0,1,0.0,0,0.0,0,0.0,0.0,0,0.0,0,,,
122666336,RES1-1SNB,RES,0.75,S,1,1979.0,2428,260950.52600055363,130475.26300027681,65.968,1984,X,5.24,,481576741004001,-95.602674396721,29.576621616433,1.0,s1001,s1001,0.0,0.0,1,1,0.0,0.0,13.744,3.19,0.0,1,0.0,0,0.0,0,0.0,0.0,0,0.0,0,,,
122459821,RES1-2SWB,RES,2.0,B,2,2255.0,1382,429880.9967598089,214940.49837990446,73.75479,1997,X,6.03,,481576738021007,-95.691305870461,29.59104538744,1.0,s1002,s1002,0.0,0.0,1,1,0.0,0.0,2.623,1.82,0.0,1,0.0,0,0.0,0,0.0,0.0,0,0.0,0,,,
122576894,RES1-1SNB,RES,0.75,S,1,2287.0,2691,607299.2859855717,303649.64299278584,72.9214,1988,X,3.39,,481576746012003,-95.687107869989,29.557975462746,1.0,s1003,s1003,0.0,0.0,1,1,0.0,0.0,12.548,0.81,0.0,1,0.0,0,0.0,0,0.0,0.0,0,0.0,0,,,
122452119,RES1-2SNB,RES,0.75,S,2,5072.0,5661,1079335.4199423464,539667.7099711732,76.17562,1995,X,5.66,,481576739041012,-95.677479472033,29.59367355202,1.0,s1004,s1004,0.0,0.0,1,1,0.0,0.0,4.498,6.26,0.0,1,0.0,0,0.0,0,0.0,0.0,0,0.0,0,,,
122625635,RES1-2SNB,RES,0.75,S,2,2584.0,2014,584960.3280499976,292480.1640249988,85.63318,2015,X,5.32,,481576755031012,-95.745471639042,29.517437691106,0.0,s1005,s1005,0.0,0.0,1,1,0.0,0.0,3.121,0.53,0.0,1,0.0,0,0.0,0,0.0,0.0,0,0.0,0,,,
122484312,RES1-1SNB,RES,0.75,S,1,1165.0,1433,135335.9430626447,67667.97153132236,97.27922,2008,X,4.3,,481576751011001,-95.77468992799,29.550461664604,0.0,s1006,s1006,0.0,0.0,1,1,0.0,0.0,4.136,5.25,0.0,1,0.0,0,0.0,0,0.0,0.0,0,0.0,0,,,
122680655,RES1-1SNB,RES,0.75,S,1,2011.0,2815,260263.03568349674,130131.51784174837,65.71611,1984,X,3.68,,481576741002008,-95.600321361214,29.583387557166,1.0,s1007,s1007,0.0,0.0,1,1,0.0,0.0,11.546,2.82,0.0,1,0.0,0,0.0,0,0.0,0.0,0,0.0,0,,,
122528704,RES1-2SNB,RES,0.75,S,2,2106.0,1537,451974.65801147884,225987.32900573942,83.001656,1987,X,5.2,,481576736001002,-95.725943121074,29.612399727708,0.0,s1008,s1008,0.0,0.0,1,1,0.0,0.0,4.006,0.8,0.0,1,0.0,0,0.0,0,0.0,0.0,0,0.0,0,,,
122448299,RES1-2SNB,RES,0.75,S,2,3732.0,3319,884624.437640264,442312.218820132,73.532364,2009,X,5.54,,481576739022006,-95.654664381271,29.583294824957,0.0,s1009,s1009,0.0,0.0,1,1,0.0,0.0,10.235,4.09,0.0,1,0.0,0,0.0,0,0.0,0.0,0,0.0,0,,,
122448581,RES1-1SNB,RES,0.75,S,1,2229.0,2604,603619.1000973713,301809.55004868563,73.49642,2002,X,5.28,,481576746022003,-95.663522701575,29.559165440607,1.0,s1010,s1010,0.0,0.0,1,1,0.0,0.0,6.369,9.62,0.0,1,0.0,0,0.0,0,0.0,0.0,0,0.0,0,,,
122618684,RES1-1SNB,RES,2.0,C,1,708.0,1067,86845.3545,43422.67725,98.79224,1983,X,2.09,,481576750001008,-95.788940696158,29.55862486776,0.0,s1011,s1011,0.0,0.0,1,1,0.0,0.0,3.418,2.72,0.0,1,0.0,0,0.0,0,0.0,0.0,0,0.0,0,,,
122551939,RES1-2SNB,RES,0.75,S,2,3190.0,3067,758099.8724662055,379049.93623310275,76.299904,1988,X,6.14,,481576746012015,-95.68578876032,29.5513717947,1.0,s1012,s1012,0.0,0.0,1,1,0.0,0.0,13.236,3.63,0.0,1,0.0,0,0.0,0,0.0,0.0,0,0.0,0,,,
122709463,RES1-1SNB,RES,0.75,S,1,2159.0,2210,272950.1045279009,136475.05226395046,67.10139,1988,X,3.68,,481576740021012,-95.609771066661,29.586384588976,1.0,s1013,s1013,0.0,0.0,1,1,0.0,0.0,3.291,0.93,0.0,1,0.0,0,0.0,0,0.0,0.0,0,0.0,0,,,
122618385,RES1-2SNB,RES,0.75,S,2,2709.0,2151,538069.7740691799,269034.88703458995,81.81118,1987,X,3.67,,481576736002010,-95.726598346161,29.617389069685,0.0,s1014,s1014,0.0,0.0,1,1,0.0,0.0,12.239,4.65,0.0,1,0.0,0,0.0,0,0.0,0.0,0,0.0,0,,,
122473446,RES1-1SNB,RES,0.75,S,1,2530.0,2510,400748.0829667973,200374.04148339864,75.10602,2013,X,0.1,,481576747024011,-95.743712642968,29.564148313097,1.0,s1015,s1015,0.0,0.0,0,1,0.0,0.0,10.481,3.64,0.0,1,0.0,0,0.0,0,0.0,0.0,0,0.0,0,,,
122452327,RES1-2SNB,RES,0.75,S,2,9443.0,8666,1808162.1739611747,904081.0869805873,72.241196,1988,X,4.71,,481576746011006,-95.67036388984,29.556258922069,1.0,s1016,s1016,0.0,0.0,1,1,0.0,0.0,15.536,3.81,0.0,1,0.0,0,0.0,0,0.0,0.0,0,0.0,0,,,
122620185,RES1-1SNB,RES,0.75,S,1,1963.0,2561,353014.5225504419,176507.26127522095,85.60959,2015,X,4.09,,481576755022004,-95.722479213312,29.530238687409,0.0,s1017,s1017,0.0,0.0,1,1,0.0,0.0,8.07,0.03,0.0,1,0.0,0,0.0,0,0.0,0.0,0,0.0,0,,,
122479151,RES1-1SNB,RES,0.75,S,1,2054.0,2737,495704.14456289634,247852.07228144817,86.12996,2010,X,4.84,,481576734012009,-95.751002124881,29.623511524414,0.0,s1018,s1018,0.0,0.0,1,1,0.0,0.0,25.72,2.23,0.0,1,0.0,0,0.0,0,0.0,0.0,0,0.0,0,,,
122593501,RES1-2SNB,RES,0.75,S,2,3272.0,3185,691059.5181294213,345529.75906471064,79.843864,2003,AE,4.98,,481576728011008,-95.678586752772,29.62100418642,0.0,s1019,s1019,0.0,0.0,1,1,0.0,0.0,8.763,9.83,0.0,1,0.0,0,0.0,0,0.0,0.0,0,0.0,1,,,
122476124,RES1-1SNB,RES,0.75,S,1,2449.0,3134,568938.547276688,284469.273638344,83.08479,2010,AE,4.93,,481576734011019,-95.743906849869,29.602562782014,1.0,s1020,s1020,0.0,0.0,1,1,0.0,0.0,2.823,4.78,0.0,1,0.0,0,0.0,0,0.0,0.0,0,0.0,0,,,
122487852,RES1-1SNB,RES,0.75,S,1,2124.0,1699,544742.2891485944,272371.1445742972,88.84903,2010,X,4.4,,481576734013007,-95.802447452756,29.588762355595,0.0,s1021,s1021,0.0,0.0,0,1,0.0,0.0,2.709,7.29,0.0,1,0.0,0,0.0,0,0.0,0.0,0,0.0,0,,,
122581937,RES1-2SNB,RES,0.75,S,2,2874.0,1838,726408.1001070846,363204.0500535423,71.6124,1998,X,5.07,,481576744013002,-95.633087157105,29.557612531455,0.0,s1022,s1022,0.0,0.0,1,1,0.0,0.0,3.611,3.94,0.0,1,0.0,0,0.0,0,0.0,0.0,0,0.0,0,,,
122484270,RES1-1SNB,RES,0.75,S,1,1635.0,2287,179461.1594923729,89730.57974618646,98.5624,2008,X,5.59,,481576751011001,-95.774504731787,29.553224891835,0.0,s1023,s1023,0.0,0.0,1,1,0.0,0.0,6.177,4.2,0.0,1,0.0,0,0.0,0,0.0,0.0,0,0.0,0,,,
122523700,RES1-1SNB,RES,0.75,S,1,2720.0,3578,693062.1177160346,346531.0588580173,70.59976,1988,X,5.12,,481576746011002,-95.674957471012,29.56300715327,1.0,s1024,s1024,0.0,0.0,1,1,0.0,0.0,2.147,5.49,0.0,1,0.0,0,0.0,0,0.0,0.0,0,0.0,0,,,
122668617,GOV1,PUB,0.25,S,1,3502.0,3502,618819.2513792217,433173.4759654552,71.43906,2013,X,3.15,,481576744024019,-95.619226468829,29.542738004183,0.0,s1025,s1025,0.0,0.0,1,1,0.0,0.0,20.67,7.16,0.0,1,0.0,0,0.0,0,0.0,0.0,0,0.0,0,,,
122478594,RES1-2SNB,RES,0.75,S,2,4258.0,4490,1001883.5019112718,500941.7509556359,87.24446,2012,X,5.39,,481576734041026,-95.751581135595,29.648931112562,0.0,s1026,s1026,0.0,0.0,1,1,0.0,0.0,7.676,6.54,0.0,1,0.0,0,0.0,0,0.0,0.0,0,0.0,0,,,
122743867,RES1-1SNB,RES,0.75,S,1,2082.0,1500,250169.99117748466,125084.99558874233,95.31385,2008,X,0.0,,481576751013002,-95.752128902891,29.549535536065,0.0,s1027,s1027,0.0,0.0,1,1,0.0,0.0,18.149,25.36,0.0,1,0.0,0,0.0,0,0.0,0.0,0,0.0,0,,,
122601124,RES1-1SNB,RES,0.75,S,1,3497.0,1986,335966.2648,167983.1324,100.10105,1981,X,4.63,,481576751022003,-95.79323284641,29.55182538114,0.0,s1028,s1028,0.0,0.0,1,1,0.0,0.0,2.726,7.88,0.0,1,0.0,0,0.0,0,0.0,0.0,0,0.0,0,,,
122524410,RES1-2SNB,RES,0.75,S,2,3977.0,3509,910235.4280203076,455117.7140101538,70.83544,2002,X,5.89,,481576746021004,-95.677659444105,29.547621698124,1.0,s1029,s1029,0.0,0.0,1,1,0.0,0.0,1.927,1.34,0.0,1,0.0,0,0.0,0,0.0,0.0,0,0.0,0,,,
122527183,RES1-2SNB,RES,0.75,S,2,2894.0,2180,610117.6337252654,305058.8168626327,72.58818,2004,X,5.5,,481576746041005,-95.697231126571,29.556414888248,1.0,s1030,s1030,0.0,0.0,1,1,0.0,0.0,8.895,2.77,0.0,1,0.0,0,0.0,0,0.0,0.0,0,0.0,0,,,
122449165,RES1-2SNB,RES,0.75,S,2,4527.0,2832,1012561.7497954917,506280.87489774585,68.664955,2002,X,6.02,,481576746024000,-95.656113346936,29.556451439256,1.0,s1031,s1031,0.0,0.0,1,1,0.0,0.0,14.279,2.31,0.0,1,0.0,0,0.0,0,0.0,0.0,0,0.0,0,,,
122618571,RES1-1SNB,RES,0.75,S,1,2379.0,3384,152865.52500000002,76432.76250000001,98.029434,1978,X,4.0,,481576748004009,-95.769802082175,29.565742722778,0.0,s1032,s1032,0.0,0.0,1,1,0.0,0.0,9.358,4.67,0.0,1,0.0,0,0.0,0,0.0,0.0,0,0.0,0,,,
122596931,RES1-2SNB,RES,0.75,S,2,3768.0,2534,882844.2759866661,441422.13799333305,69.44146,2002,X,5.52,,481576746022005,-95.66197972948,29.558017745402,1.0,s1033,s1033,0.0,0.0,1,1,0.0,0.0,2.808,11.91,0.0,1,0.0,0,0.0,0,0.0,0.0,0,0.0,0,,,
122467848,RES1-1SNB,RES,0.75,S,1,4289.0,4255,833861.1964222284,416930.5982111142,82.47235,2012,X,4.82,,481576735012015,-95.731804748043,29.637078743139,1.0,s1034,s1034,0.0,0.0,0,1,0.0,0.0,7.758,2.11,0.0,1,0.0,0,0.0,0,0.0,0.0,0,0.0,0,,,
122581908,RES1-1SNB,RES,0.75,S,1,2703.0,3187,697218.9313585659,348609.46567928296,70.164795,1998,X,5.14,,481576744013002,-95.631494920525,29.558582167066,0.0,s1035,s1035,0.0,0.0,1,1,0.0,0.0,4.379,4.66,0.0,1,0.0,0,0.0,0,0.0,0.0,0,0.0,0,,,
122588172,RES1-1SNB,RES,0.75,S,1,2687.0,3338,705956.738217311,352978.3691086555,74.287285,2009,X,5.63,,481576739023036,-95.656164239671,29.599604314226,0.0,s1036,s1036,0.0,0.0,1,1,0.0,0.0,11.499,1.26,0.0,1,0.0,0,0.0,0,0.0,0.0,0,0.0,0,,,
122534632,COM8,COM,0.25,S,1,4732.0,4732,917918.242810978,1055605.9792326246,94.67354,2008,X,4.9,,481576751013022,-95.756593054974,29.543955237899,0.0,s1037,s1037,0.0,0.0,1,1,0.0,0.0,3.355,3.31,0.0,1,0.0,0,0.0,0,0.0,0.0,0,0.0,0,,,
122575227,RES1-2SNB,RES,0.75,S,2,3062.0,2854,747912.3198581793,373956.15992908966,71.8792,1993,X,5.55,,481576742001009,-95.637453480797,29.580081760808,1.0,s1038,s1038,0.0,0.0,1,1,0.0,0.0,20.149,5.5,0.0,1,0.0,0,0.0,0,0.0,0.0,0,0.0,0,,,
122607429,RES1-1SNB,RES,0.75,S,1,1931.0,2241,339576.88803990267,169788.44401995133,80.3882,1989,X,4.1,,481576746032007,-95.688455313663,29.541297685423,0.0,s1039,s1039,0.0,0.0,1,1,0.0,0.0,8.712,9.76,0.0,1,0.0,0,0.0,0,0.0,0.0,0,0.0,0,,,
122667769,RES1-2SNB,RES,0.75,S,2,5378.0,3056,1115465.3169152287,557732.6584576144,68.2558,1998,X,5.59,,481576744015001,-95.611252447675,29.556905732901,0.0,s1040,s1040,0.0,0.0,1,1,0.0,0.0,7.697,5.54,0.0,1,0.0,0,0.0,0,0.0,0.0,0,0.0,0,,,
122582639,RES1-2SNB,RES,0.75,S,2,2613.0,1948,666058.5767459674,333029.2883729837,75.61996,1995,X,5.25,,481576739043001,-95.66358818344101,29.604553047144,1.0,s1041,s1041,0.0,0.0,1,1,0.0,0.0,4.92,7.2,0.0,1,0.0,0,0.0,0,0.0,0.0,0,0.0,0,,,
122589635,RES1-1SNB,RES,0.75,S,1,2008.0,2588,332353.59929903655,166176.79964951827,78.56179,2013,X,0.26,,481576747024027,-95.737909490095,29.556063760478,1.0,s1042,s1042,0.0,0.0,1,1,0.0,0.0,7.582,1.46,0.0,1,0.0,0,0.0,0,0.0,0.0,0,0.0,0,,,
122481494,RES1-1SNB,RES,0.75,S,1,2476.0,3154,688549.0039515338,344274.5019757669,88.608284,2012,AE,4.84,,481576734042004,-95.764702114218,29.636539455784,1.0,s1043,s1043,0.0,0.0,0,1,0.0,0.0,4.87,0.7,0.0,1,0.0,0,0.0,0,0.0,0.0,0,0.0,0,,,
122473690,RES1-1SNB,RES,0.75,S,1,2387.0,2566,377870.37794444803,188935.18897222402,78.7266,2013,X,0.04,,481576747024011,-95.743015967125,29.571440924361,1.0,s1044,s1044,0.0,0.0,0,1,0.0,0.0,9.925,4.25,0.0,1,0.0,0,0.0,0,0.0,0.0,0,0.0,0,,,
122549901,RES1-1SNB,RES,0.75,S,1,2994.0,2902,754624.6709253916,377312.3354626958,74.396385,2009,X,5.85,,481576739022022,-95.658046232444,29.588104668062,0.0,s1045,s1045,0.0,0.0,1,1,0.0,0.0,4.417,5.89,0.0,1,0.0,0,0.0,0,0.0,0.0,0,0.0,0,,,
122681373,RES1-1SNB,RES,0.75,S,1,2176.0,2628,276177.6417596515,138088.82087982574,66.26388,1984,X,4.65,,481576741001002,-95.604136181261,29.584844971514,1.0,s1046,s1046,0.0,0.0,1,1,0.0,0.0,10.85,0.54,0.0,1,0.0,0,0.0,0,0.0,0.0,0,0.0,0,,,
122639054,RES1-2SNB,RES,0.75,S,2,2944.0,2379,641743.7541918693,320871.87709593464,84.79735,2015,X,5.04,,481576755031010,-95.744178909819,29.517107064527,0.0,s1047,s1047,0.0,0.0,1,1,0.0,0.0,7.269,0.7,0.0,1,0.0,0,0.0,0,0.0,0.0,0,0.0,0,,,
122445434,RES1-2SNB,RES,0.75,S,2,4099.0,2260,934742.0635130625,467371.0317565313,70.67309,2009,X,6.09,,481576739021010,-95.633316469323,29.599586087149,1.0,s1048,s1048,0.0,0.0,1,1,0.0,0.0,5.502,3.16,0.0,1,0.0,0,0.0,0,0.0,0.0,0,0.0,1,,,
122594918,EDU1,PUB,0.25,S,1,4683.14,5370,1124310.5596176926,730801.8637515003,99.165726,1978,X,2.78,,481576748003004,-95.77573634768,29.559164216777,0.0,s1049,s1049,0.0,0.0,1,1,0.0,0.0,2.081,1.28,0.0,1,0.0,0,0.0,0,0.0,0.0,0,0.0,0,,,
122714702,RES1-2SNB,RES,0.75,S,2,13287.0,10010,2593765.2283615367,1296882.6141807684,71.48719,1993,X,6.11,,481576742003023,-95.624153331845,29.569052600134,1.0,s1050,s1050,0.0,0.0,1,1,0.0,0.0,7.904,4.34,0.0,1,0.0,0,0.0,0,0.0,0.0,0,0.0,0,,,
122623605,RES1-1SWB,RES,2.0,B,1,3411.0,3169,679348.2559588328,339674.1279794164,83.50063,2015,X,4.8,,481576755022019,-95.721030434909,29.524481344896,0.0,s1051,s1051,0.0,0.0,1,1,0.0557,0.0,9.305,0.01,0.0,1,0.0,0,0.0,0,0.0,0.0,0,0.0,0,,,
122596440,RES1-2SNB,RES,0.75,S,2,3388.0,1742,793116.1802558406,396558.0901279203,68.07713,1987,X,5.59,,481576740011013,-95.628860517215,29.582410326304,1.0,s1052,s1052,0.0,0.0,1,1,0.0,0.0,19.663,3.7,0.0,1,0.0,0,0.0,0,0.0,0.0,0,0.0,0,,,
122636364,RES1-2SNB,RES,0.75,S,2,3256.0,2672,685912.2082135368,342956.1041067684,84.04066,2015,X,5.43,,481576755031011,-95.741628256901,29.515610949891,0.0,s1053,s1053,0.0,0.0,1,1,0.0,0.0,14.508,0.02,0.0,1,0.0,0,0.0,0,0.0,0.0,0,0.0,0,,,
122622925,RES1-1SNB,RES,0.75,S,1,2094.0,2468,379577.0594819737,189788.52974098685,85.60117,2015,X,1.16,,481576755022017,-95.726934894692,29.522846422571,0.0,s1054,s1054,0.0,0.0,0,1,0.0664,0.0,19.012,0.81,0.0,1,0.0488,0,0.0,0,0.0,0.0,0,0.0,0,,,
122551345,RES1-2SNB,RES,0.75,S,2,2489.0,1716,650709.6655062279,325354.83275311394,70.66535,2002,X,6.41,,481576746021005,-95.678373403377,29.546960607778,1.0,s1055,s1055,0.0,0.0,1,1,0.0,0.0,1.992,1.98,0.0,1,0.0,0,0.0,0,0.0,0.0,0,0.0,0,,,
122713351,RES1-2SNB,RES,0.75,S,2,2420.0,1874,300751.23207113676,150375.61603556838,67.31337,1988,X,6.29,,481576740021018,-95.613077700461,29.584887448395,1.0,s1056,s1056,0.0,0.0,1,1,0.0,0.0,2.713,0.87,0.0,1,0.0,0,0.0,0,0.0,0.0,0,0.0,1,,,
122743821,RES1-2SNB,RES,0.75,S,2,1973.0,1500,237115.49289455047,118557.74644727523,95.77036,2008,X,0.0,,481576751013002,-95.752845806813,29.549845517899,0.0,s1057,s1057,0.0,0.0,1,1,0.0,0.0,18.23,23.64,0.0,1,0.0,0,0.0,0,0.0,0.0,0,0.0,0,,,
122593967,RES1-2SNB,RES,0.75,S,2,2621.0,1940,436031.73040179635,218015.86520089817,78.45537,1997,X,4.83,,481576738022016,-95.694578552078,29.598483799807,0.0,s1058,s1058,0.0,0.0,1,1,0.0,0.0,1.672,5.48,0.0,1,0.0,0,0.0,0,0.0,0.0,0,0.0,0,,,
122511373,RES1-1SNB,RES,0.75,S,1,3323.0,4535,859576.9514793576,429788.4757396788,102.8792,2008,X,4.06,,481576733001007,-95.890242294711,29.680584603956,0.0,s1059,s1059,0.0,0.0,0,1,0.0,0.0,3.292,3.26,0.0,1,0.0,0,0.0,0,0.0,0.0,0,0.0,0,,,
122485416,AGR1,COM,0.25,S,1,1300.0,1300,115417.77075000001,167355.7675875,92.13843,1979,X,2.23,,481576749003005,-95.77923677722,29.605731829487,0.0,s1060,s1060,0.0,0.0,0,1,0.0,0.0,28.74,19.3,0.0,1,0.0,0,0.0,0,0.0,0.0,0,0.0,0,,,
122470987,RES1-2SNB,RES,0.75,S,2,2520.0,1632,521512.47605288884,260756.23802644442,82.32077,1987,X,4.64,,481576736001004,-95.732895212519,29.611437978666,0.0,s1061,s1061,0.0,0.0,1,1,0.0,0.0,2.566,3.25,0.0,1,0.0,0,0.0,0,0.0,0.0,0,0.0,0,,,
122578693,COM1,COM,0.25,S,1,390.0,1365,63594.47746669336,79493.0968333667,78.5534,1994,AE,3.16,,481576738013000,-95.71521703199,29.579427046081,1.0,s1062,s1062,0.0,0.0,0,1,0.0,0.0,30.139,21.13,0.0,1,0.0,0,0.0,0,0.0,0.0,0,0.0,0,,,
122567329,RES1-1SNB,RES,0.75,S,1,1926.0,2331,345754.18887695554,172877.09443847777,73.67419,1989,X,5.76,,481576746031006,-95.693174521379,29.551393209023,1.0,s1063,s1063,0.0,0.0,1,1,0.0,0.0,13.338,6.12,0.0,1,0.0,0,0.0,0,0.0,0.0,0,0.0,0,,,
122481028,RES1-2SNB,RES,2.0,C,2,1962.0,1282,290397.66276355006,145198.83138177503,96.33066,2013,X,6.49,,481576747023027,-95.760508114509,29.566101745349,0.0,s1064,s1064,0.0,0.0,1,1,0.0,0.0,2.246,10.74,0.0,1,0.0,0,0.0,0,0.0,0.0,0,0.0,0,,,
122667806,RES1-2SNB,RES,0.75,S,2,5378.0,2935,1113392.6781983287,556696.3390991644,68.30586,1998,X,5.87,,481576744015001,-95.611062602979,29.557374783614,0.0,s1065,s1065,0.0,0.0,1,1,0.0,0.0,8.776,4.03,0.0,1,0.0,0,0.0,0,0.0,0.0,0,0.0,0,,,
122521905,RES1-1SNB,RES,0.75,S,1,2292.0,2794,616320.8682563062,308160.4341281531,72.75876,2002,X,4.7,,481576746022010,-95.665029174986,29.558936719621,1.0,s1066,s1066,0.0,0.0,1,1,0.0,0.0,4.644,9.66,0.0,1,0.0,0,0.0,0,0.0,0.0,0,0.0,0,,,
122523376,RES1-2SNB,RES,0.75,S,2,3978.0,2122,905845.0525205911,452922.52626029553,69.48164,1988,X,5.8,,481576746011005,-95.670613570473,29.560292139333,1.0,s1067,s1067,0.0,0.0,1,1,0.0,0.0,16.067,1.2,0.0,1,0.0,0,0.0,0,0.0,0.0,0,0.0,0,,,
122557039,RES1-2SNB,RES,0.75,S,2,2960.0,2089,773652.6272721679,386826.31363608397,87.522575,2012,X,5.84,,481576734042007,-95.768063017898,29.641660738316,0.0,s1068,s1068,0.0,0.0,1,1,0.0,0.0,8.475,2.01,0.0,1,0.0,0,0.0,0,0.0,0.0,0,0.0,0,,,
122708556,RES1-2SNB,RES,0.75,S,2,2796.0,2742,316661.47844564065,158330.73922282032,66.54113,1984,X,3.31,,481576741001005,-95.605433386447,29.581842020567,1.0,s1069,s1069,0.0,0.0,1,1,0.0,0.0,2.134,3.48,0.0,1,0.0,0,0.0,0,0.0,0.0,0,0.0,0,,,
122521999,RES1-1SNB,RES,0.75,S,1,3390.0,4572,822011.8665005286,411005.9332502643,71.02837,2002,X,6.43,,481576746022017,-95.665112674534,29.552702879429,1.0,s1070,s1070,0.0,0.0,1,1,0.0,0.0,11.318,9.16,0.0,1,0.0,0,0.0,0,0.0,0.0,0,0.0,0,,,
122593468,RES1-2SNB,RES,0.75,S,2,3303.0,1864,796334.0603613327,398167.03018066636,70.4486,2003,X,6.07,,481576747012009,-95.676869266449,29.566408248322,1.0,s1071,s1071,0.0,0.0,1,1,0.0,0.0,3.242,6.81,0.0,1,0.0,0,0.0,0,0.0,0.0,0,0.0,0,,,
122472699,RES1-2SNB,RES,0.75,S,2,2461.0,1721,551648.9287308314,275824.4643654157,85.32258,1992,X,6.04,,481576735022006,-95.736311611772,29.635806484899,0.0,s1072,s1072,0.0,0.0,1,1,0.0,0.0,2.52,3.61,0.0,1,0.0,0,0.0,0,0.0,0.0,0,0.0,0,,,
122576233,RES1-1SNB,RES,0.75,S,1,2758.0,2398,766818.2311271259,383409.11556356295,78.20658,2002,X,1.5,,481576746023032,-95.678840016252,29.537868931655,0.0,s1073,s1073,0.0,0.0,0,1,0.0,0.0,6.519,8.81,0.0,1,0.0,0,0.0,0,0.0,0.0,0,0.0,0,,,
122476694,REL1,PUB,0.25,S,1,7166.0,7166,1420447.6808876856,923290.9925769956,83.54993,2010,AE,3.54,,481576734011005,-95.743257730138,29.604983347286,0.0,s1074,s1074,0.0,0.0,1,1,0.0,0.0,3.053,5.58,0.0,1,0.0,0,0.0,0,0.0,0.0,0,0.0,0,,,
122582580,RES1-2SNB,RES,0.75,S,2,3574.0,3217,841277.932622465,420638.9663112325,73.58612,1996,X,4.38,,481576739032006,-95.661573442978,29.587761479473,1.0,s1075,s1075,0.0,0.0,1,1,0.0,0.0,2.272,2.8,0.0,1,0.0,0,0.0,0,0.0,0.0,0,0.0,0,,,
122513701,IND2,IND,0.25,S,1,5027.28,12696,831963.7902305041,1414338.443391857,134.6785,2008,X,5.22,,481576733001016,-95.880754992612,29.690043006336,0.0,s1076,s1076,0.0,0.0,1,1,0.0,0.0,2.357,7.24,0.0,1,0.0,0,0.0,0,0.0,0.0,0,0.0,0,,,
122524917,RES1-2SNB,RES,0.75,S,2,2909.0,2965,449202.7425362521,224601.37126812604,75.28877,1989,X,4.31,,481576746031004,-95.682714984823,29.545119110732,1.0,s1077,s1077,0.0,0.0,1,1,0.0,0.0,17.86,5.64,0.0,1,0.0,0,0.0,0,0.0,0.0,0,0.0,0,,,
122590154,RES1-1SNB,RES,0.75,S,1,1849.0,2836,137437.2814,68718.6407,97.037796,1978,X,4.17,,481576748004010,-95.766875399478,29.566154791078,0.0,s1078,s1078,0.0,0.0,1,1,0.0,0.0,2.633,2.09,0.0,1,0.0,0,0.0,0,0.0,0.0,0,0.0,0,,,
122454621,RES1-2SNB,RES,0.75,S,2,3307.0,2851,545876.5840824161,272938.2920412081,79.86958,2005,X,5.96,,481576728021000,-95.67707612863,29.606229439497,0.0,s1079,s1079,0.0,0.0,1,1,0.0105,0.0,8.502,2.67,0.0,1,0.0111,0,0.0,0,0.0,0.0,0,0.0,0,,,
122743669,RES1-1SNB,RES,2.0,C,1,1064.0,1500,154174.62050822616,77087.31025411308,99.378716,1981,X,0.0,,481576751022009,-95.792998621117,29.550509437903,0.0,s1080,s1080,0.0,0.0,1,1,0.0,0.0,3.15,6.74,0.0,1,0.0,0,0.0,0,0.0,0.0,0,0.0,0,,,
122549474,RES1-2SNB,RES,0.75,S,2,4054.0,3918,942973.2926080625,471486.64630403125,75.465965,2009,X,5.42,,481576739022008,-95.6547673088,29.589162929236,0.0,s1081,s1081,0.0,0.0,1,1,0.0,0.0,12.04,0.1,0.0,1,0.0,0,0.0,0,0.0,0.0,0,0.0,0,,,
122459319,RES1-1SNB,RES,0.75,S,1,1719.0,1944,314862.2398074379,157431.11990371894,81.379776,1989,X,5.67,,481576746032006,-95.691045283862,29.54259607864,0.0,s1082,s1082,0.0,0.0,1,1,0.0,0.0,8.757,11.18,0.0,1,0.0,0,0.0,0,0.0,0.0,0,0.0,0,,,
122529775,RES1-2SNB,RES,0.75,S,2,2481.0,1435,503730.6961042223,251865.34805211116,80.48391,1987,X,6.82,,481576736004005,-95.73102483842,29.619166934237,0.0,s1083,s1083,0.0,0.0,1,1,0.0,0.0,7.459,3.6,0.0,1,0.0,0,0.0,0,0.0,0.0,0,0.0,0,,,
122714200,RES1-2SNB,RES,0.75,S,2,5378.0,3194,1117556.1318875523,558778.0659437762,69.16356,1998,X,5.19,,481576744015006,-95.613861753698,29.554926512339,0.0,s1084,s1084,0.0,0.0,1,1,0.0,0.0,14.926,3.27,0.0,1,0.0,0,0.0,0,0.0,0.0,0,0.0,1,,,
122524103,RES1-2SNB,RES,0.75,S,2,3341.0,2751,792148.8635022105,396074.43175110524,77.67161,1995,X,4.7,,481576739041017,-95.676061272226,29.598539379981,0.0,s1085,s1085,0.0,0.0,1,1,0.0,0.0,4.738,2.03,0.0,1,0.0,0,0.0,0,0.0,0.0,0,0.0,1,,,
122559525,RES3C,RES,2.0,C,2,6410.0,3205,681152.7859957867,238403.47509852532,99.499825,1981,AE,5.01,,481576752001060,-95.807156535359,29.546999400152,0.0,s1086,s1086,0.0,0.0,1,1,0.0,0.0,4.019,0.29,0.0,1,0.0,0,0.0,0,0.0,0.0,0,0.0,0,,,
122574088,RES1-1SNB,RES,2.0,C,1,2390.0,2390,666082.4313751288,333041.2156875644,131.83865,2016,X,3.71,,481576732023111,-95.898345426831,29.693452144486,0.0,s1087,s1087,0.0,0.0,0,1,0.0,0.0,20.441,18.98,0.0,1,0.0,0,0.0,0,0.0,0.0,0,0.0,0,,,
122699808,RES1-2SNB,RES,0.75,S,2,4187.0,2992,945035.4612044428,472517.7306022214,69.98821,1998,X,5.49,,481576744015005,-95.611198673981,29.553852039605,0.0,s1088,s1088,0.0,0.0,1,1,0.0,0.0,11.069,1.78,0.0,1,0.0,0,0.0,0,0.0,0.0,0,0.0,0,,,
122608795,RES1-1SNB,RES,0.75,S,1,1472.0,1823,120272.94700000001,60136.47350000001,98.90374,1978,X,4.76,,481576748001017,-95.774978909009,29.567817114378,0.0,s1089,s1089,0.0,0.0,1,1,0.0,0.0,1.575,9.49,0.0,1,0.0,0,0.0,0,0.0,0.0,0,0.0,0,,,
122480442,RES1-1SNB,RES,0.75,S,1,2515.0,2987,274447.3963256265,137223.69816281326,95.85114,2008,X,0.0,,481576751013001,-95.757786633821,29.553623106024,0.0,s1090,s1090,0.0,0.0,0,1,0.0,0.0,12.963,13.23,0.0,1,0.0,0,0.0,0,0.0,0.0,0,0.0,0,,,
122459809,GOV1,PUB,0.25,S,2,947.5,1895,164052.52034729757,114836.7642431083,73.676834,1997,X,5.85,,481576738021007,-95.691160287655,29.590333816156,1.0,s1091,s1091,0.0,0.0,1,1,0.0,0.0,2.359,1.37,0.0,1,0.0,0,0.0,0,0.0,0.0,0,0.0,0,,,
122481618,RES1-2SWB,RES,2.0,B,2,2933.0,2692,814658.7426463828,407329.3713231914,88.91634,2012,AE,5.24,,481576734042004,-95.76520957881,29.636044913178,0.0,s1092,s1092,0.0,0.0,0,1,0.0,0.0,4.891,0.13,0.0,1,0.0,0,0.0,0,0.0,0.0,0,0.0,0,,,
122695866,RES3A,RES,0.5,S,1,1172.0,3239,197168.6619526118,69009.03168341413,68.21704,1988,X,0.0,37395833,481576740022035,-95.612202640573,29.591628905288,1.0,s1093,s1093,0.0,0.0,1,1,0.0,0.0,9.056,1.99,0.0,1,0.0,0,0.0,0,0.0,0.0,0,0.0,1,,,
122527390,RES1-2SNB,RES,0.75,S,2,3437.0,1777,682046.2652768875,341023.1326384437,76.321495,2004,X,5.15,,481576746042009,-95.69750413722,29.55786835889,1.0,s1094,s1094,0.0,0.0,1,1,0.0,0.0,12.791,0.7,0.0,1,0.0,0,0.0,0,0.0,0.0,0,0.0,0,,,
122531976,RES1-1SNB,RES,0.75,S,1,1662.0,2138,332071.4317724088,166035.7158862044,89.05418,2015,X,0.25,,481576755023001,-95.729324560356,29.534676072688,0.0,s1095,s1095,0.0,0.0,0,1,0.0,0.0,11.47,2.71,0.0,1,0.0,0,0.0,0,0.0,0.0,0,0.0,0,,,
122443878,RES1-2SNB,RES,0.75,S,2,6039.0,4544,1192756.3572754194,596378.1786377097,71.55692,1993,X,5.71,,481576742004005,-95.626065397815,29.56530308891,1.0,s1096,s1096,0.0,0.0,1,1,0.0,0.0,10.191,3.78,0.0,1,0.0,0,0.0,0,0.0,0.0,0,0.0,0,,,
122552667,RES1-1SNB,RES,0.75,S,1,2353.0,2427,391276.91028144694,195638.45514072347,74.87006,1989,X,5.77,,481576746031014,-95.691820140502,29.546724418732,1.0,s1097,s1097,0.0,0.0,1,1,0.0,0.0,15.389,10.15,0.0,1,0.0,0,0.0,0,0.0,0.0,0,0.0,0,,,
122745307,RES1-2SNB,RES,0.75,S,2,1152.0,1500,180583.85661528303,90291.92830764152,67.69172,1988,X,0.0,,481576740022031,-95.61488320334,29.590470005254,1.0,s1098,s1098,0.0,0.0,1,1,0.0,0.0,11.776,0.81,0.0,1,0.0,0,0.0,0,0.0,0.0,0,0.0,0,,,
122601987,RES1-2SNB,RES,0.75,S,2,3130.0,2788,758251.355546261,379125.6777731305,69.89805,2009,X,5.42,,481576739021001,-95.637812191042,29.595167878625,1.0,s1099,s1099,0.0,0.0,1,1,0.0,0.0,20.7,2.5,0.0,1,0.0,0,0.0,0,0.0,0.0,0,0.0,0,,,
122525892,RES1-1SNB,RES,0.75,S,1,1480.0,2128,283876.0038159127,141938.00190795635,81.1261,1989,X,5.11,,481576746032011,-95.6904128581,29.539273086153,0.0,s1100,s1100,0.0,0.0,1,1,0.0,0.0,7.101,7.04,0.0,1,0.0,0,0.0,0,0.0,0.0,0,0.0,0,,,
122526762,RES1-1SNB,RES,0.75,S,1,1140.0,1324,221151.3840350399,110575.69201751995,82.0429,1989,X,6.35,,481576746033000,-95.692379206149,29.544659061445,0.0,s1101,s1101,0.0,0.0,1,1,0.0,0.0,10.516,13.67,0.0,1,0.0,0,0.0,0,0.0,0.0,0,0.0,0,,,
122458201,RES1-1SNB,RES,0.75,S,1,1790.0,2648,331713.6813353472,165856.8406676736,80.28181,1989,X,4.35,,481576746032014,-95.690890825399,29.538646099422,0.0,s1102,s1102,0.0,0.0,1,1,0.0,0.0,7.711,6.95,0.0,1,0.0,0,0.0,0,0.0,0.0,0,0.0,0,,,
122486607,RES1-1SNB,RES,0.75,S,1,3284.0,3284,268550.04525,134275.022625,96.14338,1983,X,4.88,,481576750002021,-95.788894540565,29.570521224092,0.0,s1103,s1103,0.0,0.0,1,1,0.0,0.0,31.771,8.51,0.0,1,0.0,0,0.0,0,0.0,0.0,0,0.0,1,,,
122482379,RES1-1SNB,RES,0.75,S,1,3398.0,3890,331637.1715027979,165818.58575139896,97.60792,2008,X,4.72,,481576751013015,-95.764324600335,29.547714422293,0.0,s1104,s1104,0.0,0.0,1,1,0.0,0.0,2.647,0.39,0.0,1,0.0,0,0.0,0,0.0,0.0,0,0.0,0,,,
122622419,RES1-1SNB,RES,0.75,S,1,2397.0,2873,586595.6549166269,293297.82745831343,79.653786,2015,X,0.66,,481576755031033,-95.729410806923,29.509399542906,0.0,s1105,s1105,0.0,0.0,0,1,0.0,0.0,10.866,1.84,0.0,1,0.0,0,0.0,0,0.0,0.0,0,0.0,0,,,
122468932,RES1-1SNB,RES,0.75,S,1,2590.0,1743,397096.7526561565,198548.37632807824,76.208305,2013,X,0.35,,481576747024024,-95.725038583638,29.55760114268,1.0,s1106,s1106,0.0,0.0,1,1,0.0,0.0,2.807,0.34,0.0,1,0.0,0,0.0,0,0.0,0.0,0,0.0,0,,,
122521396,RES1-1SNB,RES,0.75,S,1,2503.0,3026,668617.9112870892,334308.9556435446,72.151436,2009,X,5.02,,481576739022026,-95.659825548826,29.58004049644,0.0,s1107,s1107,0.0,0.0,1,1,0.0,0.0,9.002,2.2,0.0,1,0.0,0,0.0,0,0.0,0.0,0,0.0,0,,,
122621575,RES1-2SNB,RES,0.75,S,2,4451.0,4328,826297.1668476857,413148.58342384285,72.61383,2015,X,5.55,,481576755032023,-95.671127247128,29.522232672339,0.0,s1108,s1108,0.0,0.0,1,1,0.0,0.0,8.017,2.09,0.0,1,0.0,0,0.0,0,0.0,0.0,0,0.0,1,,,
122499274,AGR1,COM,0.25,S,1,2482.0,2482,266001.71038783423,385702.4800623596,108.575,2008,X,4.05,,481576733001036,-95.832130729906,29.64699114647,0.0,s1109,s1109,0.0,0.0,0,1,0.0,0.0,14.337,11.18,0.0,1,0.0,0,0.0,0,0.0,0.0,0,0.0,0,,,
122456800,RES1-1SNB,RES,0.75,S,1,2038.0,2329,564751.1633859515,282375.5816929758,75.34347,2002,X,4.75,,481576746023030,-95.681403248751,29.542137244916,1.0,s1110,s1110,0.0,0.0,0,1,0.0,0.0,16.759,6.9,0.0,1,0.0,0,0.0,0,0.0,0.0,0,0.0,0,,,
122526811,RES1-2SNB,RES,0.75,S,2,2345.0,1323,390561.7477852542,195280.8738926271,84.29428,1989,X,5.88,,481576746031017,-95.694441333412,29.545733404764,0.0,s1111,s1111,0.0,0.0,1,1,0.0,0.0,10.698,14.18,0.0,1,0.0,0,0.0,0,0.0,0.0,0,0.0,0,,,
122443561,RES1-2SNB,RES,0.75,S,2,2089.0,1675,556253.5454519049,278126.77272595244,68.487175,1987,X,4.45,,481576740011000,-95.622384198058,29.582927353,1.0,s1112,s1112,0.0,0.0,1,1,0.0,0.0,19.228,3.52,0.0,1,0.0,0,0.0,0,0.0,0.0,0,0.0,0,,,
122629994,RES1-2SNB,RES,0.75,S,2,2515.0,3081,367671.21608246374,183835.60804123187,89.1138,2011,X,0.0,,481576755013008,-95.781822388993,29.520120827846,1.0,s1113,s1113,0.0,0.0,0,1,0.0,0.0,0.5,0.79,0.0,1,0.0,0,0.0,0,0.0,0.0,0,0.0,1,,,
122623303,RES1-2SNB,RES,0.75,S,2,3225.0,2799,485461.7671302306,242730.8835651153,82.98367,2015,X,5.46,,481576755022017,-95.722444385028,29.522563072044,0.0,s1114,s1114,0.0,0.0,1,1,0.0,0.0,17.512,1.25,0.0,1,0.0,0,0.0,0,0.0,0.0,0,0.0,0,,,
122468825,RES1-2SNB,RES,0.75,S,2,2529.0,3077,515474.31057910173,257737.15528955086,82.436745,1987,X,3.73,,481576736002007,-95.724051731122,29.624221777905,0.0,s1115,s1115,0.0,0.0,1,1,0.0,0.0,12.38,9.35,0.0,1,0.0,0,0.0,0,0.0,0.0,0,0.0,0,,,
122619328,RES1-1SNB,RES,0.75,S,1,2906.0,3830,183286.48440000002,91643.24220000001,93.3564,1978,X,3.85,,481576748002022,-95.764268163244,29.567902837086,0.0,s1116,s1116,0.0,0.0,1,1,0.0,0.0,5.252,0.43,0.0,1,0.0,0,0.0,0,0.0,0.0,0,0.0,0,,,
122616033,COM2,COM,0.25,S,1,2298.0,2298,251490.7232,352087.01248,98.81603,1981,X,2.66,,481576751021008,-95.790496435996,29.557503477515,0.0,s1117,s1117,0.0,0.0,1,1,0.0,0.0,1.333,5.46,0.0,1,0.0,0,0.0,0,0.0,0.0,0,0.0,0,,,
122743960,RES1-2SNB,RES,0.75,S,2,1546.0,1500,447221.4174000764,223610.7087000382,70.360855,1993,X,0.0,,481576742001011,-95.632403922364,29.579125778792,1.0,s1118,s1118,0.0,0.0,1,1,0.0,0.0,22.729,0.68,0.0,1,0.0,0,0.0,0,0.0,0.0,0,0.0,1,,,
122616084,RES3A,RES,2.0,C,1,1666.0,1666,197367.94934999998,69078.78227249999,100.696884,1981,X,4.21,,481576752001035,-95.803664137,29.553714704386,0.0,s1119,s1119,0.0,0.0,1,1,0.0,0.0,1.961,8.52,0.0,1,0.0,0,0.0,0,0.0,0.0,0,0.0,0,,,
122612838,RES1-2SNB,RES,0.75,S,2,2278.0,2093,401729.5981681589,200864.79908407945,76.552986,1997,X,3.95,,481576738021009,-95.685514810961,29.596947786893,1.0,s1120,s1120,0.0,0.0,1,1,0.0,0.0,4.367,4.34,0.0,1,0.0,0,0.0,0,0.0,0.0,0,0.0,0,,,
122626864,RES1-1SNB,RES,0.75,S,1,1180.0,1615,305404.26796783885,152702.13398391943,86.227325,2015,X,4.45,,481576755031013,-95.750204912213,29.519784579811,0.0,s1121,s1121,0.0,0.0,1,1,0.0,0.0,2.628,0.36,0.0,1,0.0,0,0.0,0,0.0,0.0,0,0.0,0,,,
122589024,RES1-1SNB,RES,0.75,S,1,2204.0,2651,394077.45259769756,197038.72629884878,77.43156,1997,X,4.71,,481576738022020,-95.688222448909,29.598831489275,1.0,s1122,s1122,0.0,0.0,1,1,0.0,0.0,3.253,3.91,0.0,1,0.0,0,0.0,0,0.0,0.0,0,0.0,0,,,
122620578,RES3A,RES,0.5,S,2,2728.0,1491,361383.65676583815,126484.27986804335,86.866974,1979,X,5.29,,481576749002033,-95.762321423074,29.587766759596,0.0,s1123,s1123,0.0,0.0,1,1,0.0,0.0,31.074,9.19,0.0,1,0.0,0,0.0,0,0.0,0.0,0,0.0,0,,,
122618882,RES1-1SNB,RES,2.0,C,1,1240.0,1247,143964.22890000002,71982.11445000001,98.97803,1983,X,3.78,,481576750001033,-95.800358344746,29.56056744123,0.0,s1124,s1124,0.0,0.0,1,1,0.0,0.0,11.843,12.06,0.0,1,0.0,0,0.0,0,0.0,0.0,0,0.0,0,,,
122681367,RES1-2SNB,RES,0.75,S,2,2828.0,1734,319320.4295735361,159660.21478676805,66.49523,1984,X,4.99,,481576741001002,-95.602233221577,29.584075109124,1.0,s1125,s1125,0.0,0.0,1,1,0.0,0.0,11.377,0.37,0.0,1,0.0,0,0.0,0,0.0,0.0,0,0.0,0,,,
122481264,RES1-1SWB,RES,2.0,B,1,2433.0,2322,942926.7961935424,471463.3980967712,88.267624,2012,X,0.0,,481576734042004,-95.766854745566,29.645222237939,0.0,s1126,s1126,0.0,0.0,0,1,0.0,0.0,7.265,3.87,0.0,1,0.0,0,0.0,0,0.0,0.0,0,0.0,0,,,
122582769,RES1-1SNB,RES,0.75,S,1,2539.0,3272,669082.1400704534,334541.0700352267,70.08519,2002,X,5.24,,481576746025007,-95.664034829394,29.546062210336,1.0,s1127,s1127,0.0,0.0,1,1,0.0,0.0,2.47,4.36,0.0,1,0.0,0,0.0,0,0.0,0.0,0,0.0,0,,,
122617388,RES1-1SNB,RES,2.0,C,1,768.0,692,94205.1315,47102.56575,97.32201,1983,X,2.8,,481576750002018,-95.80176450788,29.56460756953,0.0,s1128,s1128,0.0,0.0,1,1,0.0,0.0,28.421,17.89,0.0,1,0.0,0,0.0,0,0.0,0.0,0,0.0,0,,,
122599154,COM2,COM,0.25,S,1,4041.43,5658,536355.8056905925,750898.1279668295,133.7773,2016,X,6.09,,481576732023116,-95.899671608362,29.691363716169,0.0,s1129,s1129,0.0,0.0,1,1,0.0,0.0,18.8,34.06,0.0,1,0.0,0,0.0,0,0.0,0.0,0,0.0,0,,,
122450241,RES1-1SNB,RES,0.75,S,1,2855.0,3689,726364.4043629009,363182.20218145044,69.50022,2002,X,4.54,,481576746024004,-95.658252953904,29.554752849844,1.0,s1130,s1130,0.0,0.0,1,1,0.0,0.0,13.584,1.97,0.0,1,0.0,0,0.0,0,0.0,0.0,0,0.0,0,,,
122524529,RES1-2SNB,RES,0.75,S,2,3023.0,1901,733390.6516141016,366695.3258070508,70.55637,1988,X,4.86,,481576746011011,-95.67860755599,29.550665755011,1.0,s1131,s1131,0.0,0.0,1,1,0.0,0.0,14.055,1.94,0.0,1,0.0,0,0.0,0,0.0,0.0,0,0.0,0,,,
122731355,RES1-1SNB,RES,0.75,S,1,2937.0,3309,623007.9996594475,311503.99982972373,67.318184,2015,X,6.5,,481576755032061,-95.611173585317,29.479950528365,0.0,s1132,s1132,0.0,0.0,0,1,0.0,0.0,14.417,21.6,0.0,1,0.0,0,0.0,0,0.0,0.0,0,0.0,0,,,
122577798,RES1-1SNB,RES,0.75,S,1,2803.0,4817,548174.8466243364,274087.4233121682,81.5313,1987,X,4.28,,481576736002011,-95.726332602193,29.617588631818,0.0,s1133,s1133,0.0,0.0,1,1,0.0,0.0,11.745,4.62,0.0,1,0.0,0,0.0,0,0.0,0.0,0,0.0,0,,,
122484372,RES1-1SNB,RES,0.75,S,1,1442.0,1778,174070.5635449564,87035.2817724782,96.62665,2008,X,4.27,,481576751011001,-95.774689908242,29.54758182511,0.0,s1134,s1134,0.0,0.0,1,1,0.0,0.0,5.01,4.64,0.0,1,0.0,0,0.0,0,0.0,0.0,0,0.0,0,,,
122481622,RES1-1SNB,RES,0.75,S,1,1924.0,2403,576768.1950318192,288384.0975159096,87.6294,2012,X,0.07,,481576734042004,-95.762305896991,29.645181361488,0.0,s1135,s1135,0.0,0.0,0,1,0.0,0.0,4.476,1.81,0.0,1,0.0,0,0.0,0,0.0,0.0,0,0.0,0,,,
122459367,RES1-1SNB,RES,0.75,S,1,1404.0,1790,271060.0151214936,135530.0075607468,81.665794,1989,X,3.56,,481576746033001,-95.692360876539,29.54374847263,0.0,s1136,s1136,0.0,0.0,1,1,0.0,0.0,10.324,15.19,0.0,1,0.0,0,0.0,0,0.0,0.0,0,0.0,0,,,
122554344,RES1-2SNB,RES,0.75,S,2,1842.0,1552,408276.2590626648,204138.1295313324,82.53455,1987,X,4.76,,481576736003016,-95.735802036159,29.610859502288,0.0,s1137,s1137,0.0,0.0,1,1,0.0,0.0,2.265,6.97,0.0,1,0.0,0,0.0,0,0.0,0.0,0,0.0,0,,,
122551718,RES1-2SNB,RES,0.75,S,2,3013.0,2329,484597.2963977672,242298.6481988836,76.289276,1997,X,6.39,,481576738021004,-95.681007130463,29.592020149916,1.0,s1138,s1138,0.0,0.0,1,1,0.0,0.0,9.754,4.59,0.0,1,0.0,0,0.0,0,0.0,0.0,0,0.0,0,,,
122525095,RES1-1SNB,RES,0.75,S,1,1881.0,2554,356432.88459870365,178216.44229935182,75.817245,1997,X,5.2,,481576738021006,-95.684319196791,29.596521207212,1.0,s1139,s1139,0.0,0.0,1,1,0.0,0.0,9.534,4.14,0.0,1,0.0,0,0.0,0,0.0,0.0,0,0.0,0,,,
122624699,RES1-1SNB,RES,0.75,S,1,1997.0,2261,360431.86438252515,180215.93219126257,88.24608,2015,X,4.09,,481576755024013,-95.737453904223,29.5271504772,0.0,s1140,s1140,0.0,0.0,1,1,0.0,0.0,8.955,3.09,0.0,1,0.0,0,0.0,0,0.0,0.0,0,0.0,0,,,
122454608,RES1-2SNB,RES,0.75,S,2,2766.0,2181,485648.35466227925,242824.17733113962,80.09831,2005,X,5.83,,481576728021000,-95.676532805368,29.606638962054,0.0,s1141,s1141,0.0,0.0,1,1,0.2073,0.0,9.755,1.81,0.0,1,0.0,0,0.0,0,0.0,0.0,0,0.0,0,,,
122609901,RES1-1SNB,RES,0.75,S,1,1236.0,2121,141642.44181675825,70821.22090837912,96.662155,2008,X,3.78,,481576751011003,-95.776018864797,29.54710297054,0.0,s1142,s1142,0.0,0.0,1,1,0.0,0.0,6.588,4.92,0.0,1,0.0,0,0.0,0,0.0,0.0,0,0.0,0,,,
122668641,RES1-2SNB,RES,0.75,S,2,2453.0,1933,628227.5559323272,314113.7779661636,66.16785,1987,X,5.38,,481576740011002,-95.618837204783,29.583921766138,1.0,s1143,s1143,0.0,0.0,1,1,0.0,0.0,17.888,1.29,0.0,1,0.0,0,0.0,0,0.0,0.0,0,0.0,0,,,
122623252,RES1-1SNB,RES,0.75,S,1,2413.0,3180,418353.91857278364,209176.95928639182,84.94119,2015,X,0.5,,481576755022017,-95.725068144352,29.522961926696,0.0,s1144,s1144,0.0,0.0,0,1,0.0,0.0,18.959,1.45,0.0,1,0.0,0,0.0,0,0.0,0.0,0,0.0,0,,,
122743476,RES1-1SNB,RES,2.0,C,1,1060.0,1500,128518.22175000001,64259.110875000006,84.28962,1979,X,0.0,,481576749002003,-95.76629311804,29.586425689806,1.0,s1145,s1145,0.0,0.0,1,1,0.0,0.0,13.734,4.91,0.0,1,0.0,0,0.0,0,0.0,0.0,0,0.0,0,,,
122624933,RES1-1SNB,RES,0.75,S,1,1807.0,2235,348406.538709426,174203.269354713,85.80271,2015,X,0.05,,481576755024011,-95.749993546464,29.521163365359,0.0,s1146,s1146,0.0,0.0,0,1,0.0,0.0,2.502,1.79,0.0,1,0.0,0,0.0,0,0.0,0.0,0,0.0,0,,,
122449295,RES1-2SNB,RES,0.75,S,2,4317.0,2421,979410.2268871579,489705.11344357894,68.94489,2002,X,5.65,,481576746024000,-95.656234745053,29.556248401747,1.0,s1147,s1147,0.0,0.0,1,1,0.0,0.0,14.869,4.62,0.0,1,0.0,0,0.0,0,0.0,0.0,0,0.0,0,,,
122519536,RES1-2SNB,RES,0.75,S,2,3106.0,2996,750179.1786920904,375089.5893460452,70.51792,1993,X,5.22,,481576742002000,-95.636726699296,29.566023669242,1.0,s1148,s1148,0.0,0.0,1,1,0.0,0.0,26.835,3.82,0.0,1,0.0,0,0.0,0,0.0,0.0,0,0.0,0,,,
122446161,RES1-2SNB,RES,0.75,S,2,3479.0,2932,820790.6783335311,410395.33916676557,73.16944,1993,X,5.25,,481576742001010,-95.638297151832,29.578512970447,0.0,s1149,s1149,0.0,0.0,1,1,0.0,0.0,25.963,5.33,0.0,1,0.0,0,0.0,0,0.0,0.0,0,0.0,0,,,
122611919,RES3A,RES,2.0,C,1,660.0,1484,87951.6144,30783.06504,101.42107,1981,X,4.75,,481576752002009,-95.802644559643,29.557125058533,0.0,s1150,s1150,0.0,0.0,1,1,0.0,0.0,1.255,16.76,0.0,1,0.0,0,0.0,0,0.0,0.0,0,0.0,0,,,
122645228,COM1,COM,0.25,S,1,1907.0,1907,308821.3314807426,386026.6643509283,72.05767,2015,X,2.12,,481576755031042,-95.682839802679,29.497476099244,0.0,s1151,s1151,0.0,0.0,1,1,0.0,0.0,6.456,4.01,0.0,1,0.0,0,0.0,0,0.0,0.0,0,0.0,1,,,
122582597,RES1-2SNB,RES,0.75,S,2,3023.0,2719,747503.123506576,373751.561753288,75.151245,1995,X,0.0,37504162,481576739042009,-95.661127226775,29.592541905536,0.0,s1152,s1152,0.0,0.0,1,1,0.0,0.0,3.062,9.42,0.0,1,0.0,0,0.0,0,0.0,0.0,0,0.0,0,,,
122702362,RES1-2SNB,RES,0.75,S,2,4112.0,2082,924169.6438148194,462084.8219074097,67.437325,1998,X,6.16,,481576744014010,-95.601987396463,29.560424019519,0.0,s1153,s1153,0.0,0.0,1,1,0.0,0.0,7.36,2.89,0.0,1,0.0,0,0.0,0,0.0,0.0,0,0.0,0,,,
122468880,RES1-1SNB,RES,0.75,S,1,1489.0,2229,276296.8266559601,138148.41332798006,78.34897,2013,X,0.06,,481576747024024,-95.729644458366,29.560981996215,1.0,s1154,s1154,0.0,0.0,0,1,0.0,0.0,13.352,11.53,0.0,1,0.0,0,0.0,0,0.0,0.0,0,0.0,0,,,
122531412,RES1-1SNB,RES,0.75,S,1,2455.0,2770,500957.95544854016,250478.97772427008,82.17633,1987,X,6.86,,481576736004003,-95.736595755776,29.621793193813,0.0,s1155,s1155,0.0,0.0,1,1,0.0,0.0,13.237,3.96,0.0,1,0.0,0,0.0,0,0.0,0.0,0,0.0,0,,,
122481343,RES1-2SNB,RES,0.75,S,2,1819.0,2348,551464.2042283358,275732.1021141679,88.68234,2012,X,0.0,,481576734042004,-95.765681073971,29.645246765315,0.0,s1156,s1156,0.0,0.0,0,1,0.0,0.0,7.339,3.18,0.0,1,0.0,0,0.0,0,0.0,0.0,0,0.0,0,,,
122534281,RES1-1SNB,RES,0.75,S,1,2385.0,3283,358173.6659174478,179086.8329587239,90.11071,2013,X,5.02,,481576747024054,-95.752592683979,29.556231648204,0.0,s1157,s1157,0.0,0.0,1,1,0.0,0.0,27.867,18.1,0.0,1,0.0,0,0.0,0,0.0,0.0,0,0.0,0,,,
122567196,RES1-2SNB,RES,0.75,S,2,2496.0,1543,407116.1278076506,203558.0639038253,80.44722,1989,X,5.49,,481576746032015,-95.69075906781801,29.538148537129,0.0,s1158,s1158,0.0,0.0,1,1,0.0,0.0,7.776,6.93,0.0,1,0.0,0,0.0,0,0.0,0.0,0,0.0,0,,,
122642765,RES1-1SNB,RES,0.75,S,1,1882.0,2282,343829.35478472867,171914.67739236433,89.58493,2015,X,4.29,,481576755021042,-95.757609149473,29.524697471879,0.0,s1159,s1159,0.0,0.0,1,1,0.0,0.0,2.725,2.0,0.0,1,0.0,0,0.0,0,0.0,0.0,0,0.0,0,,,
122559945,RES1-1SNB,RES,0.75,S,1,1212.0,1584,126207.0782,63103.5391,101.01716,1987,X,3.37,,481576753001050,-95.81399025086,29.554471516745,0.0,s1160,s1160,0.0,0.0,1,1,0.0,0.0,1.853,6.97,0.0,1,0.0,0,0.0,0,0.0,0.0,0,0.0,0,,,
122480634,RES1-1SNB,RES,2.0,C,1,623.0,727,105426.51719399999,52713.25859699999,84.51714,2013,X,4.47,,481576747022049,-95.758712611918,29.576979957798,0.0,s1161,s1161,0.0,0.0,1,1,0.0,0.0,9.375,5.18,0.0,1,0.0,0,0.0,0,0.0,0.0,0,0.0,0,,,
122526584,RES1-2SNB,RES,0.75,S,2,2274.0,1553,403340.9130160522,201670.4565080261,74.08771,1997,X,6.9,,481576738021015,-95.69069921695,29.589624446256,1.0,s1162,s1162,0.0,0.0,1,1,0.0,0.0,14.771,1.36,0.0,1,0.0,0,0.0,0,0.0,0.0,0,0.0,0,,,
122618945,COM8,COM,0.25,S,1,3073.0,3073,468070.5744,538281.16056,99.86319,1981,X,4.17,,481576752002024,-95.79474524292,29.557258338637,0.0,s1163,s1163,0.0,0.0,1,1,0.0,0.0,5.221,8.74,0.0,1,0.0,0,0.0,0,0.0,0.0,0,0.0,0,,,
122707454,RES1-2SNB,RES,0.75,S,2,2386.0,1595,291799.28947738267,145899.64473869134,65.27679,1984,X,4.76,,481576741004002,-95.600594597466,29.574828175969,1.0,s1164,s1164,0.0,0.0,1,1,0.0,0.0,1.668,1.09,0.0,1,0.0,0,0.0,0,0.0,0.0,0,0.0,0,,,
122459899,RES1-1SNB,RES,0.75,S,1,1580.0,2135,296588.29124282853,148294.14562141427,82.237656,1989,X,4.23,,481576746033014,-95.695159228854,29.541259633734,0.0,s1165,s1165,0.0,0.0,1,1,0.0,0.0,8.423,8.46,0.0,1,0.0,0,0.0,0,0.0,0.0,0,0.0,0,,,
122690342,RES1-1SNB,RES,0.75,S,1,3815.0,3129,936972.2100892361,468486.1050446181,68.59094,2013,X,0.07,,481576744024012,-95.613119083916,29.538882614679,1.0,s1166,s1166,0.0,0.0,0,1,0.0,0.0,8.118,17.61,0.0,1,0.0,0,0.0,0,0.0,0.0,0,0.0,0,,,
122469983,RES3D,RES,0.5,S,2,7132.0,3566,1098151.1285022302,384352.8949757805,83.58982,1992,X,6.29,,481576735021000,-95.727773911002,29.632108561919,0.0,s1167,s1167,0.0,0.0,1,1,0.0,0.0,3.205,7.09,0.0,1,0.0,0,0.0,0,0.0,0.0,0,0.0,0,,,
122576110,RES1-2SNB,RES,0.75,S,2,4080.0,1915,929285.334184961,464642.6670924805,70.32469,2002,X,5.95,,481576746021001,-95.673741051025,29.549296964096,1.0,s1168,s1168,0.0,0.0,1,1,0.0,0.0,6.558,0.26,0.0,1,0.0,0,0.0,0,0.0,0.0,0,0.0,0,,,
122566203,RES1-2SNB,RES,0.75,S,2,3663.0,1850,858986.1031473103,429493.05157365516,72.905975,1996,X,5.62,,481576739032008,-95.674000706703,29.584570048748,1.0,s1169,s1169,0.0,0.0,1,1,0.0,0.0,3.503,6.12,0.0,1,0.0,0,0.0,0,0.0,0.0,0,0.0,0,,,
122576249,RES1-2SNB,RES,0.75,S,2,2753.0,2962,737625.2717228455,368812.63586142275,77.77268,2002,X,5.99,,481576746023032,-95.676398407118,29.536269138417,0.0,s1170,s1170,0.0,0.0,1,1,0.0,0.0,6.062,4.37,0.0,1,0.0,0,0.0,0,0.0,0.0,0,0.0,0,,,
122575580,RES1-2SNB,RES,0.75,S,2,3457.0,2621,842035.2914883279,421017.64574416395,75.276886,2009,X,5.92,,481576739023018,-95.657695834431,29.6038950882,0.0,s1171,s1171,0.0,0.0,0,1,0.0,0.0,4.822,3.43,0.0,1,0.0,0,0.0,0,0.0,0.0,0,0.0,0,,,
122485470,RES1-1SNB,RES,0.75,S,1,2533.0,2393,275877.2019291508,137938.6009645754,98.0227,1983,X,4.79,,481576750002001,-95.78399208199,29.570159293853,0.0,s1172,s1172,0.0,0.0,0,1,0.0,0.0,10.817,5.24,0.0,1,0.0,0,0.0,0,0.0,0.0,0,0.0,0,,,
122525112,EDU1,PUB,0.25,S,1,3804.0,3804,891510.41805712,579481.771737128,76.40621,1997,X,2.48,,481576738021006,-95.691414772798,29.593058316387,1.0,s1173,s1173,0.0,0.0,1,1,0.0,0.0,5.37,3.97,0.0,1,0.0,0,0.0,0,0.0,0.0,0,0.0,0,,,
122584593,RES1-2SNB,RES,0.75,S,2,1994.0,2663,325878.71193934063,162939.35596967032,78.12633,2013,X,5.5,,481576747024021,-95.736484163596,29.565179121578,1.0,s1174,s1174,0.0,0.0,1,1,0.0,0.0,7.705,0.84,0.0,1,0.0,0,0.0,0,0.0,0.0,0,0.0,0,,,
122590394,COM1,COM,0.25,S,1,2046.0,2046,275624.403,344530.50375,87.048386,1979,X,1.22,,481576749003018,-95.767818480246,29.590220498872,0.0,s1175,s1175,0.0,0.0,1,1,0.0,0.0,8.544,4.7,0.0,1,0.0,0,0.0,0,0.0,0.0,0,0.0,0,,,
122583096,RES1-2SNB,RES,0.75,S,2,3468.0,1891,823464.8802404719,411732.44012023596,69.85722,2002,X,5.1,,481576746022012,-95.67220392348,29.562675298554,1.0,s1176,s1176,0.0,0.0,1,1,0.0,0.0,7.566,3.38,0.0,1,0.0,0,0.0,0,0.0,0.0,0,0.0,0,,,
122600934,RES1-1SNB,RES,0.75,S,1,2733.0,3694,173113.22060000003,86556.61030000001,94.17973,1978,X,3.65,,481576748002013,-95.768124969881,29.572930523587,0.0,s1177,s1177,0.0,0.0,1,1,0.0,0.0,6.098,2.19,0.0,1,0.0,0,0.0,0,0.0,0.0,0,0.0,0,,,
122547848,RES1-2SNB,RES,0.75,S,2,3481.0,3115,828925.2000142168,414462.6000071084,69.246216,1998,X,4.74,,481576744013000,-95.62681468342,29.556832729723,0.0,s1178,s1178,0.0,0.0,1,1,0.1182,0.0,7.451,2.0,0.0,1,0.0,0,0.0,0,0.0,0.0,0,0.0,1,,,
122623205,RES1-2SNB,RES,0.75,S,2,3293.0,2705,475697.6676211872,237848.8338105936,85.07709,2015,X,5.36,,481576755022017,-95.725615388868,29.52945348841,0.0,s1179,s1179,0.0,0.0,1,1,0.0,0.0,7.823,0.0,0.0,1,0.0,0,0.0,0,0.0,0.0,0,0.0,0,,,
122616630,RES1-2SNB,RES,0.75,S,2,2879.0,1782,710701.5008744919,355350.75043724594,67.4336,1987,X,5.1,,481576740011014,-95.624676017707,29.585689127514,1.0,s1180,s1180,0.0,0.0,1,1,0.0,0.0,17.91,2.7,0.0,1,0.0,0,0.0,0,0.0,0.0,0,0.0,0,,,
122627643,RES1-1SNB,RES,0.75,S,1,2706.0,2382,450502.1284842819,225251.06424214094,91.76392,2015,X,0.32,,481576755021018,-95.756944633686,29.527261074813,0.0,s1181,s1181,0.0,0.0,0,1,0.0,0.0,3.275,0.05,0.0,1,0.0,0,0.0,0,0.0,0.0,0,0.0,0,,,
122578001,RES1-2SNB,RES,0.75,S,2,2905.0,1938,607906.1809731832,303953.0904865916,81.55859,1992,X,4.8,,481576735023005,-95.732673986532,29.627597111019,0.0,s1182,s1182,0.0,0.0,1,1,0.0,0.0,8.047,2.05,0.0,1,0.0,0,0.0,0,0.0,0.0,0,0.0,0,,,
122576664,RES1-2SNB,RES,0.75,S,2,2122.0,1341,311236.27039326756,155618.13519663378,75.39664,1994,X,5.51,,481576738011002,-95.687425898286,29.584039391679,1.0,s1183,s1183,0.0,0.0,1,1,0.0,0.0,21.385,22.6,0.0,1,0.0,0,0.0,0,0.0,0.0,0,0.0,0,,,
122541726,RES1-1SNB,RES,0.75,S,1,1999.0,2417,605176.3218771598,302588.1609385799,95.11122,2013,X,0.02,,481576734022021,-95.817294629134,29.636131965319,0.0,s1184,s1184,0.0,0.0,0,1,0.0,0.0,13.479,4.08,0.0,1,0.0,0,0.0,0,0.0,0.0,0,0.0,0,,,
122584240,RES1-1SNB,RES,0.75,S,1,2767.0,3097,383105.9373611905,191552.96868059525,77.6715,2013,X,4.26,,481576747021002,-95.718585129398,29.568251639174,1.0,s1185,s1185,0.0,0.0,1,1,0.0,0.0,23.765,6.92,0.0,1,0.0,0,0.0,0,0.0,0.0,0,0.0,0,,,
122481026,COM1,COM,0.25,S,1,8380.0,8380,1168619.635836205,1460774.544795256,96.60723,2013,X,3.91,,481576747023027,-95.759801377425,29.563996421535,0.0,s1186,s1186,0.0,0.0,1,1,0.0,0.0,8.088,15.0,0.0,1,0.0,0,0.0,0,0.0,0.0,0,0.0,0,,,
122523586,RES1-2SNB,RES,0.75,S,2,2909.0,2209,728052.4818437616,364026.2409218808,74.0007,1996,X,4.92,,481576739032015,-95.673648178124,29.590228682098,1.0,s1187,s1187,0.0,0.0,1,1,0.0,0.0,13.516,3.18,0.0,1,0.0,0,0.0,0,0.0,0.0,0,0.0,0,,,
122482516,RES1-2SNB,RES,0.75,S,2,2984.0,3434,298710.2723801663,149355.13619008314,97.642265,2008,X,5.09,,481576751013013,-95.765416029731,29.546663708551,0.0,s1188,s1188,0.0,0.0,1,1,0.0,0.0,1.903,3.27,0.0,1,0.0,0,0.0,0,0.0,0.0,0,0.0,0,,,
122467608,RES1-2SNB,RES,0.75,S,2,4495.0,4195,874198.246717014,437099.123358507,84.88062,2012,X,5.64,,481576735012015,-95.733932936561,29.638404758653,0.0,s1189,s1189,0.0,0.0,0,1,0.0,0.0,9.304,5.47,0.0,1,0.0,0,0.0,0,0.0,0.0,0,0.0,0,,,
122469288,RES1-1SNB,RES,0.75,S,1,1824.0,2558,325255.20918855927,162627.60459427963,78.04559,2013,X,3.18,,481576747024024,-95.732244588687,29.563463216586,1.0,s1190,s1190,0.0,0.0,0,1,0.0,0.0,5.497,2.05,0.0,1,0.0,0,0.0,0,0.0,0.0,0,0.0,0,,,
122472027,RES1-2SNB,RES,0.75,S,2,3796.0,2768,524374.8808991971,262187.44044959854,89.7446,2015,X,4.49,,481576755023002,-95.736125973889,29.53955198134,0.0,s1191,s1191,0.0,0.0,1,1,0.0,0.0,11.173,1.0,0.0,1,0.0,0,0.0,0,0.0,0.0,0,0.0,0,,,
122583220,RES1-1SNB,RES,0.75,S,1,3081.0,2518,786108.6722035942,393054.3361017971,72.167206,2003,X,4.61,,481576747012008,-95.672724876117,29.568777972712,1.0,s1192,s1192,0.0,0.0,0,1,0.0,0.0,14.062,13.81,0.0,1,0.0,0,0.0,0,0.0,0.0,0,0.0,0,,,
122492829,RES1-1SNB,RES,0.75,S,1,6774.0,6820,1260230.8066334652,630115.4033167326,97.37205,2012,X,5.81,,481576734044028,-95.806014854888,29.636074274975,0.0,s1193,s1193,0.0,0.0,0,1,0.0,0.0,16.473,2.21,0.0,1,0.0,0,0.0,0,0.0,0.0,0,0.0,0,,,
122617305,RES1-2SNB,RES,0.75,S,2,4166.0,3064,966477.1843151016,483238.5921575508,72.274635,2009,X,6.48,,481576739023004,-95.642466678418,29.603223712966,0.0,s1194,s1194,0.0,0.0,1,1,0.0,0.0,21.291,0.77,0.0,1,0.0,0,0.0,0,0.0,0.0,0,0.0,0,,,
122457287,RES1-1SNB,RES,0.75,S,1,2136.0,2525,584611.2775578136,292305.6387789068,76.08117,2003,X,4.41,,481576747011001,-95.687587762189,29.57315413503,1.0,s1195,s1195,0.0,0.0,1,1,0.0,0.0,18.049,6.03,0.0,1,0.0,0,0.0,0,0.0,0.0,0,0.0,0,,,
122571366,RES1-1SNB,RES,0.75,S,1,2542.0,2159,276633.91367726517,138316.95683863258,98.82076,1983,X,4.93,,481576750002005,-95.781482842932,29.576173291563,0.0,s1196,s1196,0.0,0.0,0,1,0.0,0.0,41.808,9.32,0.0,1,0.0016,0,0.0,0,0.0,0.0,0,0.0,1,,,
122470265,RES1-2SNB,RES,0.75,S,2,3128.0,2437,635538.3123902158,317769.1561951079,86.012276,2012,X,5.32,,481576735011014,-95.73557334132,29.645450401796,0.0,s1197,s1197,0.0,0.0,1,1,0.0,0.0,11.215,2.33,0.0,1,0.0,0,0.0,0,0.0,0.0,0,0.0,0,,,
122609609,RES3A,RES,0.5,S,1,875.0,1390,160971.26810400002,56339.9438364,77.04748,1997,X,3.61,,481576738021016,-95.685766090882,29.595560954888,1.0,s1198,s1198,0.0,0.0,1,1,0.0,0.0,7.568,3.73,0.0,1,0.0,0,0.0,0,0.0,0.0,0,0.0,0,,,
122532037,RES1-1SNB,RES,0.75,S,1,1864.0,2458,352997.42498309625,176498.71249154813,88.673355,2015,X,2.31,,481576755023001,-95.72781965979,29.535415397687,0.0,s1199,s1199,0.0,0.0,0,1,0.0,0.0,7.394,4.4,0.0,1,0.0,0,0.0,0,0.0,0.0,0,0.0,0,,,
122549368,COM7,COM,0.25,S,2,21882.0,10941,5381983.256617464,7803875.722095323,76.975914,2009,X,6.46,,481576739023017,-95.65854635141,29.608232293705,1.0,s1200,s1200,0.0,0.0,1,1,0.0,0.0,15.173,3.6,0.0,1,0.0,0,0.0,0,0.0,0.0,0,0.0,0,,,
122586375,RES1-1SNB,RES,0.75,S,1,2592.0,2659,593466.2300163868,296733.1150081934,91.719055,2010,X,5.57,,481576734013023,-95.806880166249,29.59539629108,0.0,s1201,s1201,0.0,0.0,1,1,0.0,0.0,8.059,0.69,0.0,1,0.0,0,0.0,0,0.0,0.0,0,0.0,0,,,
122603315,RES1-1SNB,RES,0.75,S,1,2040.0,2778,144074.23880000002,72037.11940000001,97.95789,1978,X,4.17,,481576748001022,-95.770035479437,29.567710631189,0.0,s1202,s1202,0.0,0.0,1,1,0.0,0.0,1.598,10.15,0.0,1,0.0,0,0.0,0,0.0,0.0,0,0.0,0,,,
122616633,RES1-2SNB,RES,0.75,S,2,2375.0,1953,621796.6432041522,310898.3216020761,68.931145,1987,X,4.31,,481576740011014,-95.624934895188,29.584797487761,1.0,s1203,s1203,0.0,0.0,1,1,0.0,0.0,20.351,3.38,0.0,1,0.0,0,0.0,0,0.0,0.0,0,0.0,0,,,
122550989,RES1-2SNB,RES,0.75,S,2,4534.0,3405,882468.3747917791,441234.18739588954,81.622795,2003,X,5.72,,481576728011011,-95.676311596539,29.618071286119,0.0,s1204,s1204,0.0,0.0,1,1,0.0,0.0,10.53,10.91,0.0,1,0.0,0,0.0,0,0.0,0.0,0,0.0,0,,,
122623375,RES1-1SNB,RES,0.75,S,1,1831.0,2225,343994.1323351304,171997.0661675652,84.18829,2015,X,4.53,,481576755022010,-95.71795675711,29.525876830318,0.0,s1205,s1205,0.0,0.0,1,1,0.0,0.0,10.094,3.59,0.0,1,0.0,0,0.0,0,0.0,0.0,0,0.0,0,,,
122524017,RES1-1SNB,RES,0.75,S,1,2755.0,2484,737986.3647307502,368993.1823653751,78.81912,2002,X,4.78,,481576746023026,-95.67780962027,29.538846306392,0.0,s1206,s1206,0.0,0.0,0,1,0.0,0.0,7.34,8.88,0.0,1,0.0,0,0.0,0,0.0,0.0,0,0.0,0,,,
122461214,RES1-1SNB,RES,0.75,S,1,1528.0,1824,290046.7735113102,145023.3867556551,80.12301,1989,X,6.52,,481576746033011,-95.69710751533,29.538381480438,0.0,s1207,s1207,0.0,0.0,1,1,0.0,0.0,5.252,4.13,0.0,1,0.0,0,0.0,0,0.0,0.0,0,0.0,0,,,
122484470,RES3A,RES,0.5,S,1,683.0,683,109686.66360000001,38390.33226,102.79125,1979,X,1.0,,481576749003008,-95.778567248391,29.587586142152,0.0,s1208,s1208,0.0,0.0,1,1,0.0,0.0,2.407,12.44,0.0,1,0.0,0,0.0,0,0.0,0.0,0,0.0,0,,,
122525044,RES1-2SNB,RES,0.75,S,2,2516.0,2388,428376.4259854627,214188.21299273134,75.01175,1997,X,5.01,,481576738021006,-95.69316294056,29.58767867665,1.0,s1209,s1209,0.0,0.0,1,1,0.0,0.0,19.163,4.43,0.0,1,0.0,0,0.0,0,0.0,0.0,0,0.0,0,,,
122615854,RES1-1SNB,RES,0.75,S,1,988.0,988,277218.09382683865,138609.04691341933,129.24228,2016,X,2.0,,481576732023105,-95.897582680152,29.694697624493,0.0,s1210,s1210,0.0,0.0,0,1,0.0,0.0,18.872,12.31,0.0,1,0.0,0,0.0,0,0.0,0.0,0,0.0,0,,,
122619498,RES1-2SNB,RES,0.75,S,2,3321.0,2727,836352.0120243175,418176.00601215876,78.23201,2002,X,5.63,,481576746023033,-95.67634640754,29.537001033157,0.0,s1211,s1211,0.0,0.0,1,1,0.0,0.0,5.808,6.49,0.0,1,0.0,0,0.0,0,0.0,0.0,0,0.0,0,,,
122523962,RES1-1SNB,RES,0.75,S,1,3118.0,2754,814386.2864849502,407193.1432424751,77.459435,2002,X,1.27,,481576746023026,-95.676621943834,29.541152203775,1.0,s1212,s1212,0.0,0.0,0,1,0.0,0.0,21.155,7.24,0.0,1,0.0,0,0.0,0,0.0,0.0,0,0.0,0,,,
122596399,RES1-2SNB,RES,0.75,S,2,970.0,485,275727.1739369756,137863.5869684878,68.990204,1987,X,3.31,,481576740011013,-95.628339807439,29.583693937002,1.0,s1213,s1213,0.0,0.0,1,1,0.0,0.0,5.172,4.03,0.0,1,0.0,0,0.0,0,0.0,0.0,0,0.0,0,,,
122467236,RES1-1SNB,RES,0.75,S,1,1971.0,2981,431341.9720186058,215670.9860093029,81.4319,1987,X,4.85,,481576736002004,-95.726261241569,29.619347147377,0.0,s1214,s1214,0.0,0.0,1,1,0.0,0.0,11.792,5.66,0.0,1,0.0,0,0.0,0,0.0,0.0,0,0.0,0,,,
122590354,AGR1,COM,0.25,S,1,102.24,1002,9126.9441,13234.068945,87.42681,1979,X,1.45,,481576749003018,-95.768264962984,29.590704292663,0.0,s1215,s1215,0.0,0.0,1,1,0.0,0.0,7.402,0.34,0.0,1,0.0,0,0.0,0,0.0,0.0,0,0.0,0,,,
122548971,RES1-2SNB,RES,0.75,S,2,3010.0,1833,741365.4334352401,370682.71671762003,71.498985,1993,X,6.08,,481576742001008,-95.635472084652,29.578253955261,1.0,s1216,s1216,0.0,0.0,1,1,0.0,0.0,23.936,0.92,0.0,1,0.0,0,0.0,0,0.0,0.0,0,0.0,0,,,
122480356,RES1-1SNB,RES,0.75,S,1,2616.0,3009,282299.3321636485,141149.66608182425,95.66793,2008,X,0.15,,481576751013001,-95.75748345087,29.554253626282,0.0,s1217,s1217,0.0,0.0,0,1,0.0,0.0,14.388,5.58,0.0,1,0.0,0,0.0,0,0.0,0.0,0,0.0,0,,,
122466430,RES1-2SNB,RES,0.75,S,2,2610.0,1903,375376.40367333835,187688.20183666918,77.524864,2013,X,5.35,,481576747021004,-95.715137834361,29.568528482724,1.0,s1218,s1218,0.0,0.0,1,1,0.0,0.0,29.86,9.47,0.0,1,0.0,0,0.0,0,0.0,0.0,0,0.0,1,,,
122639090,RES1-2SNB,RES,0.75,S,2,2090.0,2609,511875.41125145974,255937.70562572987,83.02695,2015,X,5.94,,481576755031010,-95.739055503679,29.516035271768,0.0,s1219,s1219,0.0,0.0,1,1,0.0,0.0,13.347,2.1,0.0,1,0.0,0,0.0,0,0.0,0.0,0,0.0,0,,,
122558022,COM1,COM,0.25,S,1,1580.0,3555,230460.0325486787,288075.04068584833,100.13239,1978,X,4.33,,481576748001012,-95.777372986581,29.568794600071,0.0,s1220,s1220,0.0,0.0,1,1,0.0,0.0,1.938,14.65,0.0,1,0.0,0,0.0,0,0.0,0.0,0,0.0,0,,,
122451381,RES1-2SNB,RES,0.75,S,2,3770.0,2890,883198.3951728136,441599.1975864068,70.84527,2002,X,6.43,,481576746025008,-95.665493955978,29.543743578386,1.0,s1221,s1221,0.0,0.0,1,1,0.0,0.0,9.189,9.47,0.0,1,0.0,0,0.0,0,0.0,0.0,0,0.0,0,,,
122583476,RES1-2SNB,RES,0.75,S,2,3200.0,2426,809830.508091265,404915.2540456325,80.535164,2015,X,5.32,,481576729012072,-95.686237568041,29.613653348738,0.0,s1222,s1222,0.0,0.0,1,1,0.0,0.0,7.9,2.01,0.0,1,0.0,0,0.0,0,0.0,0.0,0,0.0,0,,,
122549826,RES1-1SNB,RES,0.75,S,1,2589.0,3028,683280.0925271226,341640.0462635613,72.0327,2009,X,4.47,,481576739022022,-95.659375103582,29.581756831505,0.0,s1223,s1223,0.0,0.0,1,1,0.0,0.0,8.174,1.8,0.0,1,0.0,0,0.0,0,0.0,0.0,0,0.0,0,,,
122534226,RES1-2SNB,RES,0.75,S,2,1775.0,2400,302578.6530274017,151289.32651370086,89.95036,2013,X,5.4,,481576747024054,-95.754188267458,29.556508737433,0.0,s1224,s1224,0.0,0.0,0,1,0.0,0.0,16.924,19.84,0.0,1,0.0,0,0.0,0,0.0,0.0,0,0.0,0,,,
122702622,RES1-2SNB,RES,0.75,S,2,5581.0,4814,1158200.2660970504,579100.1330485252,69.31284,1998,X,6.65,,481576744012003,-95.621370825262,29.561393636821,0.0,s1225,s1225,0.0,0.0,1,1,0.0882,0.0,4.387,1.84,0.0,1,0.0,0,0.0,0,0.0,0.0,0,0.0,1,,,
122524351,RES1-1SNB,RES,0.75,S,1,2386.0,2340,631157.6266057002,315578.8133028501,70.46925,2002,X,4.5,,481576746021004,-95.679044153033,29.54750830966,1.0,s1226,s1226,0.0,0.0,1,1,0.0,0.0,1.621,1.93,0.0,1,0.0,0,0.0,0,0.0,0.0,0,0.0,0,,,
122619578,RES1-1SNB,RES,2.0,C,1,1661.0,1197,131953.0563,65976.52815,100.05695,1981,X,4.09,,481576752002055,-95.802077650548,29.552298179259,0.0,s1227,s1227,0.0,0.0,1,1,0.0,0.0,2.038,6.43,0.0,1,0.0,0,0.0,0,0.0,0.0,0,0.0,0,,,
122704475,RES1-1SNB,RES,0.75,S,1,2237.0,2323,280081.69488053996,140040.84744026998,66.36865,1984,X,3.26,,481576741001004,-95.605015613988,29.580855923336,1.0,s1228,s1228,0.0,0.0,1,1,0.0,0.0,5.232,3.79,0.0,1,0.0,0,0.0,0,0.0,0.0,0,0.0,0,,,
122613096,RES2,RES,2.0,C,1,992.0,1005,56557.25417170587,56557.25417170587,94.24638,1983,X,2.72,,481576750002052,-95.80345467533,29.562573253856,0.0,s1229,s1229,0.0,0.0,0,1,0.0,0.0,14.939,9.09,0.0,1,0.0,0,0.0,0,0.0,0.0,0,0.0,0,,,
122551779,RES3D,RES,2.0,C,2,17968.0,8984,2624523.6740273735,918583.2859095806,74.749886,1997,X,6.61,,481576738021004,-95.681464541535,29.588399092032,1.0,s1230,s1230,0.0,0.0,1,1,0.0,0.0,16.46,6.82,0.0,1,0.0,0,0.0,0,0.0,0.0,0,0.0,0,,,
122585285,RES1-1SNB,RES,0.75,S,1,3938.0,8121,812621.2464887402,406310.6232443701,89.252,2010,AE,4.51,,481576734012004,-95.751416626736,29.619663304233,0.0,s1231,s1231,0.0,0.0,0,1,0.0,0.0,29.302,5.24,0.0,1,0.0,0,0.0,0,0.0,0.0,0,0.0,0,,,
122625241,RES1-1SNB,RES,0.75,S,1,1299.0,1775,273336.3946008859,136668.19730044296,85.15673,2015,X,0.68,,481576755024011,-95.746147465183,29.520748159032,0.0,s1232,s1232,0.0,0.0,0,1,0.0,0.0,8.36,0.05,0.0,1,0.0,0,0.0,0,0.0,0.0,0,0.0,0,,,
122594243,RES1-1SNB,RES,0.75,S,1,1883.0,2239,449054.82741169125,224527.41370584563,74.01338,2004,X,4.42,,481576746041009,-95.699967147618,29.551976590991,1.0,s1233,s1233,0.0,0.0,1,1,0.0,0.0,13.525,6.04,0.0,1,0.0,0,0.0,0,0.0,0.0,0,0.0,0,,,
122484192,RES1-1SNB,RES,0.75,S,1,3253.0,2209,280272.9937959596,140136.4968979798,99.13905,2008,X,4.82,,481576751012003,-95.782881297812,29.555889254189,0.0,s1234,s1234,0.0,0.0,0,1,0.0,0.0,2.667,0.72,0.0,1,0.0,0,0.0,0,0.0,0.0,0,0.0,0,,,
122624381,RES1-2SNB,RES,0.75,S,2,2114.0,2700,368465.4282628886,184232.7141314443,84.602745,2015,X,5.27,,481576755022022,-95.722994826349,29.527111726399,0.0,s1235,s1235,0.0,0.0,0,1,0.116,0.0,4.93,0.65,0.0,1,0.0,0,0.0,0,0.0,0.0,0,0.0,0,,,
122597913,RES1-1SNB,RES,0.75,S,1,2505.0,3449,398338.7723845698,199169.3861922849,76.95143,2013,X,0.58,,481576747024013,-95.730448903506,29.568913015515,1.0,s1236,s1236,0.0,0.0,0,1,0.0,0.0,9.256,1.01,0.0,1,0.0,0,0.0,0,0.0,0.0,0,0.0,0,,,
122681754,RES1-2SNB,RES,0.75,S,2,4542.0,3973,1062812.1599367121,531406.0799683561,67.670555,2013,X,5.1,,481576744023004,-95.60648805135,29.539103859549,1.0,s1237,s1237,0.0,0.0,0,1,0.0,0.0,7.021,3.46,0.0,1,0.0,0,0.0,0,0.0,0.0,0,0.0,0,,,
122475738,RES1-1SNB,RES,2.0,C,1,2237.0,2237,318114.87520468724,159057.43760234362,80.06648,1994,AE,0.11,,481576738013009,-95.750666441744,29.584657496009,1.0,s1238,s1238,0.0,0.0,0,1,0.0,0.0,1.524,2.26,0.0,1,0.0,0,0.0,0,0.0,0.0,0,0.0,0,,,
122585256,RES1-2SNB,RES,0.75,S,2,3917.0,4545,775500.3097893263,387750.15489466314,86.7831,2010,AE,4.71,,481576734012004,-95.748204243352,29.61312566379,0.0,s1239,s1239,0.0,0.0,0,1,0.0,0.0,31.574,3.43,0.0,1,0.0,0,0.0,0,0.0,0.0,0,0.0,0,,,
122525187,RES1-1SNB,RES,0.75,S,1,2380.0,3009,628287.079648706,314143.539824353,74.05736,2003,X,5.2,,481576747012016,-95.684381906122,29.56828966998,1.0,s1240,s1240,0.0,0.0,1,1,0.0905,0.0,14.357,3.15,0.0,1,0.0,0,0.0,0,0.0,0.0,0,0.0,0,,,
122468855,RES1-1SNB,RES,0.75,S,1,3452.0,3194,465734.1009449177,232867.05047245885,76.98779,2013,X,0.09,,481576747024024,-95.731099392978,29.564452916753,1.0,s1241,s1241,0.0,0.0,1,1,0.0,0.0,12.963,1.56,0.0,1,0.0,0,0.0,0,0.0,0.0,0,0.0,0,,,
122556086,RES1-1SNB,RES,0.75,S,1,2368.0,2792,413853.396742516,206926.698371258,93.76977,2015,X,4.84,,481576755021023,-95.756004063113,29.533396280553,0.0,s1242,s1242,0.0,0.0,1,1,0.0,0.0,3.051,5.2,0.0,1,0.0,0,0.0,0,0.0,0.0,0,0.0,0,,,
122481907,RES1-2SNB,RES,0.75,S,2,2598.0,1917,722227.5941300951,361113.79706504755,88.389534,2012,X,0.0,,481576734042004,-95.765430198006,29.646167217448,0.0,s1243,s1243,0.0,0.0,0,1,0.0,0.0,2.795,5.32,0.0,1,0.0,0,0.0,0,0.0,0.0,0,0.0,0,,,
122476679,COM1,COM,0.25,S,1,11791.0,11791,1729385.2484933166,2161731.560616646,84.41707,2010,AE,4.29,,481576734011005,-95.744011588271,29.613488981475,0.0,s1244,s1244,0.0,0.0,1,1,0.0,0.0,24.601,3.55,0.0,1,0.0,0,0.0,0,0.0,0.0,0,0.0,0,,,
122666857,RES1-2SNB,RES,0.75,S,2,3343.0,2771,784339.4858799095,392169.74293995474,68.3541,2013,X,5.54,,481576744022000,-95.603632413084,29.555977884571,1.0,s1245,s1245,0.0,0.0,1,1,0.0,0.0,1.984,3.95,0.0,1,0.0,0,0.0,0,0.0,0.0,0,0.0,0,,,
122717420,RES1-1SNB,RES,0.75,S,1,4381.0,3728,1036398.6006753718,518199.3003376859,68.24181,2013,X,0.21,,481576744024013,-95.613494231711,29.535788707324,1.0,s1246,s1246,0.0,0.0,0,1,0.0,0.0,8.61,16.85,0.0,1,0.0028,0,0.0,0,0.0,0.0,0,0.0,0,,,
122743843,RES1-2SNB,RES,0.75,S,2,1536.0,1500,210585.944393086,105292.972196543,95.9301,2008,X,0.0,,481576751013006,-95.751961833418,29.550087928673,0.0,s1247,s1247,0.0,0.0,1,1,0.0,0.0,18.337,22.58,0.0,1,0.0,0,0.0,0,0.0,0.0,0,0.0,0,,,
122526523,RES1-2SNB,RES,0.75,S,2,3346.0,2211,804519.0492195626,402259.5246097813,74.32275,2003,X,6.17,,481576747011010,-95.691457427293,29.566519658103,1.0,s1248,s1248,0.0,0.0,1,1,0.0,0.0,12.982,2.9,0.0,1,0.0,0,0.0,0,0.0,0.0,0,0.0,0,,,
122582702,RES1-2SNB,RES,0.75,S,2,3464.0,3968,824337.2119815793,412168.60599078966,73.99212,1996,X,5.28,,481576739031008,-95.665836030834,29.584575646617,1.0,s1249,s1249,0.0,0.0,1,1,0.0,0.0,6.159,1.71,0.0,1,0.0,0,0.0,0,0.0,0.0,0,0.0,1,,,
122458228,RES1-2SNB,RES,0.75,S,2,2322.0,2787,652126.0157008764,326063.0078504382,81.266464,2015,X,5.36,,481576729012074,-95.687907423946,29.61639479899,0.0,s1250,s1250,0.0,0.0,1,1,0.0,0.0,10.128,3.12,0.0,1,0.0,0,0.0,0,0.0,0.0,0,0.0,0,,,
122463015,RES1-2SNB,RES,0.75,S,2,3124.0,1825,634068.8350405974,317034.4175202987,83.46453,2004,X,4.59,,481576746041011,-95.704460914313,29.548176421439,0.0,s1251,s1251,0.0,0.0,1,1,0.0,0.0,15.996,10.1,0.0,1,0.0,0,0.0,0,0.0,0.0,0,0.0,0,,,
122552253,RES1-1SNB,RES,0.75,S,1,2376.0,2622,649635.4383516281,324817.71917581407,83.647354,2015,X,4.42,,481576729012058,-95.685915785807,29.622207659994,0.0,s1252,s1252,0.0,0.0,1,1,0.0,0.0,9.308,11.46,0.0,1,0.0,0,0.0,0,0.0,0.0,0,0.0,1,,,
122457657,RES1-2SNB,RES,0.75,S,2,3644.0,2674,880418.9978190095,440209.49890950473,83.15573,2015,X,5.85,,481576729012052,-95.69136422068,29.624711320763,0.0,s1253,s1253,0.0,0.0,1,1,0.0,0.0,9.67,0.42,0.0,1,0.0,0,0.0,0,0.0,0.0,0,0.0,0,,,
122449130,RES1-2SNB,RES,0.75,S,2,4072.0,2476,937147.5792915374,468573.7896457687,69.18514,2002,X,6.24,,481576746024005,-95.656188257022,29.554226247555,1.0,s1254,s1254,0.0,0.0,1,1,0.0,0.0,13.95,9.76,0.0,1,0.0,0,0.0,0,0.0,0.0,0,0.0,0,,,
122474456,RES1-1SNB,RES,0.75,S,1,1742.0,2098,323249.3241078627,161624.66205393136,91.30343,2015,X,4.41,,481576755023007,-95.738292599637,29.54083606116,0.0,s1255,s1255,0.0,0.0,1,1,0.0,0.0,12.302,2.02,0.0,1,0.0,0,0.0,0,0.0,0.0,0,0.0,0,,,
122455598,RES1-1SNB,RES,0.75,S,1,3598.0,4011,841923.6470728808,420961.8235364404,70.77011,2003,X,4.78,,481576747012019,-95.679408533264,29.566779976186,1.0,s1256,s1256,0.0,0.0,1,1,0.0,0.0,10.327,4.03,0.0,1,0.0,0,0.0,0,0.0,0.0,0,0.0,0,,,
122583895,RES1-1SNB,RES,0.75,S,1,1307.0,1685,252739.31245325482,126369.65622662741,82.13902,1989,X,3.71,,481576746033008,-95.694841951377,29.540690897059,0.0,s1257,s1257,0.0,0.0,1,1,0.0,0.0,7.425,8.35,0.0,1,0.0,0,0.0,0,0.0,0.0,0,0.0,0,,,
122531819,RES1-1SNB,RES,0.75,S,1,2939.0,2539,473184.11073140486,236592.05536570243,89.11016,2015,X,0.92,,481576755023001,-95.730086380368,29.537651615247,0.0,s1258,s1258,0.0,0.0,0,1,0.0,0.0,11.338,4.0,0.0,1,0.0,0,0.0,0,0.0,0.0,0,0.0,0,,,
122681689,RES1-1SNB,RES,0.75,S,1,6970.0,5126,1424221.1048485846,712110.5524242923,67.74776,2013,X,2.66,,481576744023004,-95.607620163199,29.538757025339,1.0,s1259,s1259,0.0,0.0,0,1,0.0859,0.0,5.762,4.49,0.0,1,0.0,0,0.0,0,0.0,0.0,0,0.0,0,,,
122621721,RES1-1SNB,RES,0.75,S,1,2086.0,2543,362542.06587684696,181271.03293842348,85.285995,2015,X,5.0,,481576755022014,-95.719927295753,29.531655364202,0.0,s1260,s1260,0.0,0.0,1,1,0.0,0.0,7.977,3.11,0.0,1,0.0,0,0.0,0,0.0,0.0,0,0.0,1,,,
122621688,RES1-2SNB,RES,0.75,S,2,2989.0,2154,463719.9076015947,231859.95380079735,85.855,2015,X,5.83,,481576755022014,-95.71805789771,29.533893471587,0.0,s1261,s1261,0.0,0.0,1,1,0.0,0.0,7.517,2.3,0.0,1,0.0,0,0.0,0,0.0,0.0,0,0.0,0,,,
122619887,RES1-2SNB,RES,0.75,S,2,2626.0,3197,408796.3545467274,204398.1772733637,90.140236,2015,X,5.67,,481576755024009,-95.743419105831,29.536307359289,0.0,s1262,s1262,0.0,0.0,1,1,0.0,0.0,1.814,4.28,0.0,1,0.0,0,0.0,0,0.0,0.0,0,0.0,0,,,
122596429,RES1-2SNB,RES,0.75,S,2,2396.0,2061,624602.1102469135,312301.05512345675,68.78111,1987,X,4.11,,481576740011013,-95.627069191012,29.582629997791,1.0,s1263,s1263,0.0,0.0,1,1,0.0,0.0,20.799,4.83,0.0,1,0.0,0,0.0,0,0.0,0.0,0,0.0,0,,,
122572031,RES2,RES,2.0,C,1,1064.0,1195,57636.6687,57636.6687,99.929955,1983,X,2.04,,481576750001016,-95.79803450133,29.561108436865,0.0,s1264,s1264,0.0,0.0,1,1,0.0,0.0,5.133,5.89,0.0,1,0.0,0,0.0,0,0.0,0.0,0,0.0,0,,,
122530085,RES1-1SNB,RES,0.75,S,1,2264.0,2521,475582.2311470134,237791.1155735067,81.60426,1987,X,5.91,,481576736004000,-95.729011839698,29.624169483134,0.0,s1265,s1265,0.0,0.0,1,1,0.0,0.0,9.501,8.3,0.0,1,0.0,0,0.0,0,0.0,0.0,0,0.0,0,,,
122524472,RES1-2SNB,RES,0.75,S,2,2884.0,2589,714533.235391202,357266.617695601,71.13922,1988,X,5.63,,481576746011011,-95.676132237522,29.548980769128,1.0,s1266,s1266,0.0,0.0,1,1,0.0,0.0,8.216,1.14,0.0,1,0.0,0,0.0,0,0.0,0.0,0,0.0,0,,,
122543246,RES1-2SNB,RES,0.75,S,2,4736.0,5380,1070513.9377242923,535256.9688621461,100.79961,2008,X,5.57,,481576733001037,-95.834172847167,29.631850515464,0.0,s1267,s1267,0.0,0.0,0,1,0.0,0.0,18.221,6.2,0.0,1,0.0,0,0.0,0,0.0,0.0,0,0.0,0,,,
122512448,RES1-2SNB,RES,0.75,S,2,4206.0,5560,1004330.9901524574,502165.4950762287,130.66943,2008,X,5.9,,481576733001015,-95.887468091402,29.685537055127,0.0,s1268,s1268,0.0,0.0,0,1,0.0,0.0,15.572,20.97,0.0,1,0.0,0,0.0,0,0.0,0.0,0,0.0,0,,,
122530686,RES1-2SNB,RES,0.75,S,2,2484.0,1722,555300.0612064806,277650.0306032403,85.83991,1992,X,5.34,,481576735022005,-95.736352432559,29.637096920345,0.0,s1269,s1269,0.0,0.0,1,1,0.0,0.0,3.395,4.23,0.0,1,0.0,0,0.0,0,0.0,0.0,0,0.0,0,,,
122485367,RES1-1SNB,RES,0.75,S,1,1642.0,1642,222164.8806003299,111082.44030016495,90.97228,1979,X,2.2,,481576749003005,-95.779456709838,29.603708870124,0.0,s1270,s1270,0.0,0.0,0,1,0.0,0.0,22.952,1.13,0.0,1,0.0,0,0.0,0,0.0,0.0,0,0.0,0,,,
122577062,RES1-1SNB,RES,0.75,S,1,2556.0,3241,434087.43209341104,217043.71604670552,74.78998,1997,X,4.23,,481576738022010,-95.694695673628,29.587554989488,1.0,s1271,s1271,0.0,0.0,1,1,0.0,0.0,18.673,6.14,0.0,1,0.0,0,0.0,0,0.0,0.0,0,0.0,0,,,
122618222,RES3A,RES,2.0,C,1,1662.0,1662,237460.54635000002,83111.1912225,99.85777,1983,X,4.62,,481576750001036,-95.800214191472,29.560015326012,0.0,s1272,s1272,0.0,0.0,1,1,0.0,0.0,10.557,11.02,0.0,1,0.0,0,0.0,0,0.0,0.0,0,0.0,0,,,
122643214,RES1-2SNB,RES,0.75,S,2,4270.0,3533,799215.4914931492,399607.7457465746,75.642105,2015,X,6.3,,481576755032021,-95.667148822374,29.528606099743,0.0,s1273,s1273,0.0,0.0,1,1,0.0,0.0,8.0,1.62,0.0,1,0.0,0,0.0,0,0.0,0.0,0,0.0,1,,,
122715910,GOV1,PUB,0.25,S,5,341.64,48896,58680.399325126855,41076.2795275888,69.25396,1988,X,20.88,,481576740022015,-95.62025135609,29.596906807761,1.0,s1274,s1274,0.0,0.0,1,1,0.0,0.0,2.988,4.33,0.0,1,0.0,0,0.0,0,0.0,0.0,0,0.0,0,,,
122461104,RES1-2SNB,RES,0.75,S,2,3139.0,2905,493813.81837833434,246906.90918916717,75.151474,1997,X,5.47,,481576738022008,-95.696691413486,29.588628613427,1.0,s1275,s1275,0.0,0.0,1,1,0.0,0.0,5.639,3.73,0.0,1,0.0,0,0.0,0,0.0,0.0,0,0.0,0,,,
122551360,RES1-2SNB,RES,0.75,S,2,3533.0,2966,850691.7326577695,425345.86632888473,73.707,2002,X,6.44,,481576746021005,-95.676442222333,29.544180228413,1.0,s1276,s1276,0.0,0.0,1,1,0.0,0.0,17.046,5.85,0.0,1,0.0,0,0.0,0,0.0,0.0,0,0.0,0,,,
122665696,RES1-2SNB,RES,0.75,S,2,4474.0,610,988655.8966600093,494327.94833000464,69.639786,1998,X,2.92,,481576744015000,-95.609259693483,29.554197922288,0.0,s1277,s1277,0.0,0.0,1,1,0.0,0.0,11.873,1.41,0.0,1,0.0,0,0.0,0,0.0,0.0,0,0.0,0,,,
122624058,RES1-1SWB,RES,2.0,B,1,2388.0,2767,779143.6332752567,389571.81663762836,82.521385,2015,X,2.24,,481576755031034,-95.739369735124,29.507726159156,0.0,s1278,s1278,0.0,0.0,0,1,0.0,0.0,11.655,1.52,0.0,1,0.0,0,0.0,0,0.0,0.0,0,0.0,0,,,
122459492,RES1-2SNB,RES,0.75,S,2,2274.0,1664,323747.10507956595,161873.55253978298,74.00071,1994,X,5.32,,481576738011000,-95.687931690296,29.585916133107,1.0,s1279,s1279,0.0,0.0,1,1,0.0,0.0,15.855,5.84,0.0,1,0.0,0,0.0,0,0.0,0.0,0,0.0,0,,,
122621615,RES1-2SNB,RES,0.75,S,2,5622.0,4408,1005181.1699500204,502590.5849750102,76.34644,2015,X,6.55,,481576755032017,-95.667986600099,29.52675283922,0.0,s1280,s1280,0.0,0.0,1,1,0.0,0.0,8.797,1.23,0.0,1,0.0,0,0.0,0,0.0,0.0,0,0.0,1,,,
122476142,RES1-2SNB,RES,0.75,S,2,3705.0,2185,749208.1942607152,374604.0971303576,85.585434,2010,AE,4.14,,481576734011019,-95.752390820436,29.602743584068,0.0,s1281,s1281,0.0,0.0,1,1,0.0,0.0,32.432,16.63,0.0,1,0.0,0,0.0,0,0.0,0.0,0,0.0,1,,,
122460259,RES1-1SNB,RES,0.75,S,1,1364.0,1880,264736.7191800501,132368.35959002504,80.55627,1989,X,3.64,,481576746033018,-95.695862062466,29.538247097225,0.0,s1282,s1282,0.0,0.0,1,1,0.0,0.0,7.047,5.09,0.0,1,0.0,0,0.0,0,0.0,0.0,0,0.0,0,,,
122578052,RES1-1SNB,RES,0.75,S,1,519.0,2864,130056.24072820831,65028.12036410416,82.089226,1992,X,0.0,38061032,481576735023005,-95.734862279027,29.62822442673,0.0,s1283,s1283,0.0,0.0,1,1,0.0,0.0,6.451,1.45,0.0,1,0.0,0,0.0,0,0.0,0.0,0,0.0,0,,,
122453615,RES1-2SNB,RES,0.75,S,2,3789.0,3204,766502.8238739403,383251.41193697014,79.8089,2003,AE,5.5,,481576728011002,-95.676362442221,29.620808149411,0.0,s1284,s1284,0.0,0.0,1,1,0.0791,0.0,8.005,5.25,0.0,1,0.0,0,0.0,0,0.0,0.0,0,0.0,1,,,
122601286,COM8,COM,0.25,S,1,1046.67,3140,253204.10192684806,291184.7172158752,103.31518,1983,X,5.8,,481576750001067,-95.809214814602,29.558828694536,0.0,s1285,s1285,0.0,0.0,1,1,0.0,0.0,1.873,16.19,0.0,1,0.0,0,0.0,0,0.0,0.0,0,0.0,0,,,
122643202,RES1-2SNB,RES,0.75,S,2,4043.0,3761,762899.8807017145,381449.9403508573,76.34316,2015,X,5.37,,481576755032021,-95.670685418898,29.525954469425,0.0,s1286,s1286,0.0,0.0,1,1,0.0,0.0,6.387,12.55,0.0,1,0.0,0,0.0,0,0.0,0.0,0,0.0,1,,,
122681259,RES1-2SNB,RES,0.75,S,2,2193.0,1445,275875.79773898504,137937.89886949252,66.49588,1984,X,4.37,,481576741001007,-95.603699263598,29.583758794254,1.0,s1287,s1287,0.0,0.0,1,1,0.0,0.0,12.728,2.59,0.0,1,0.0,0,0.0,0,0.0,0.0,0,0.0,0,,,
122615173,RES1-2SNB,RES,0.75,S,2,3472.0,2798,814748.510987926,407374.255493963,70.951584,1993,X,5.41,,481576742002001,-95.636131283863,29.567763435016,1.0,s1288,s1288,0.0,0.0,1,1,0.0,0.0,25.958,5.25,0.0,1,0.0,0,0.0,0,0.0,0.0,0,0.0,0,,,
122525035,RES1-2SNB,RES,0.75,S,2,2842.0,2519,460604.821483768,230302.410741884,77.67576,1997,X,5.28,,481576738021006,-95.690305774347,29.597540270363,0.0,s1289,s1289,0.0,0.0,0,1,0.0,0.0,3.141,3.11,0.0,1,0.0,0,0.0,0,0.0,0.0,0,0.0,0,,,
122681748,RES1-2SNB,RES,0.75,S,2,4609.0,3983,1073560.2768151243,536780.1384075622,68.46236,2013,X,5.65,,481576744023004,-95.608120572947,29.544073608856,1.0,s1290,s1290,0.0,0.0,1,1,0.0,0.0,8.087,1.99,0.0,1,0.0,0,0.0,0,0.0,0.0,0,0.0,0,,,
122443794,RES1-2SNB,RES,0.75,S,2,2728.0,1566,680459.2544586705,340229.62722933525,67.91225,1987,X,5.86,,481576740011000,-95.618494670601,29.579083701778,1.0,s1291,s1291,0.0,0.0,1,1,0.0,0.0,7.182,1.92,0.0,1,0.0,0,0.0,0,0.0,0.0,0,0.0,0,,,
122597253,RES1-2SNB,RES,0.75,S,2,2333.0,2041,406174.1721028817,203087.08605144086,77.56852,1997,X,4.84,,481576738022004,-95.686685259783,29.600243513536,0.0,s1292,s1292,0.0,0.0,1,1,0.0,0.0,17.329,2.89,0.0,1,0.0,0,0.0,0,0.0,0.0,0,0.0,0,,,
122690694,RES1-2SNB,RES,0.75,S,2,3947.0,3149,915580.5905315735,457790.29526578676,70.355354,1998,X,5.02,,481576744013001,-95.623331859334,29.558760068037,0.0,s1293,s1293,0.0,0.0,1,1,0.0,0.0,9.116,1.92,0.0,1,0.0,0,0.0,0,0.0,0.0,0,0.0,1,,,
122603496,RES3A,RES,6.25,P,1,576.71,2936,93655.2108919538,32779.32381218383,99.93997,1983,X,3.85,,481576750001005,-95.783812748884,29.561602840776,0.0,s1294,s1294,0.0,0.0,1,1,0.0,0.0,1.908,1.95,0.0,1,0.0,0,0.0,0,0.0,0.0,0,0.0,0,,,
122468370,RES1-2SNB,RES,0.75,S,2,2511.0,2470,581315.3663848159,290657.68319240795,83.48995,2012,X,0.0,,481576735012015,-95.725142093226,29.631290667743,1.0,s1295,s1295,0.0,0.0,1,1,0.0,0.0,5.977,3.87,0.0,1,0.0,0,0.0,0,0.0,0.0,0,0.0,0,,,
122523861,RES1-2SNB,RES,0.75,S,2,3317.0,2550,793624.6247678758,396812.3123839379,70.38626,2002,X,6.67,,481576746021002,-95.672000410909,29.549305449657,1.0,s1296,s1296,0.0,0.0,1,1,0.0,0.0,4.072,0.3,0.0,1,0.0,0,0.0,0,0.0,0.0,0,0.0,0,,,
122540532,RES1-2SNB,RES,0.75,S,2,2040.0,2369,505952.09578773647,252976.04789386824,92.396515,2010,X,5.1,,481576734013017,-95.808936153675,29.590082135029,0.0,s1297,s1297,0.0,0.0,1,1,0.0,0.0,8.09,5.23,0.0,1,0.0,0,0.0,0,0.0,0.0,0,0.0,0,,,
122568039,RES1-2SNB,RES,0.75,S,2,4191.0,2542,780452.3201976208,390226.1600988104,71.46715,2004,X,5.54,,481576746041007,-95.698660354662,29.554889879253,1.0,s1298,s1298,0.0,0.0,1,1,0.0,0.0,7.949,7.06,0.0,1,0.0,0,0.0,0,0.0,0.0,0,0.0,0,,,
122613486,RES1-1SNB,RES,2.0,C,1,899.0,939,152132.32566,76066.16283,79.09492,2013,X,4.05,,481576747022052,-95.758317278387,29.576250691665,1.0,s1299,s1299,0.0,0.0,1,1,0.0,0.0,4.54,2.42,0.0,1,0.0,0,0.0,0,0.0,0.0,0,0.0,0,,,
122476778,RES1-1SNB,RES,0.75,S,1,1638.0,2014,423379.1811637168,211689.5905818584,84.50625,2010,AE,3.28,,481576734011005,-95.746589454935,29.610347810184,0.0,s1300,s1300,0.0,0.0,1,1,0.0,0.0,30.654,1.33,0.0,1,0.0,0,0.0,0,0.0,0.0,0,0.0,0,,,
122564269,RES1-2SNB,RES,0.75,S,2,484.0,3187,141560.71508990446,70780.35754495223,70.29023,2013,X,5.69,,481576744024000,-95.628406309605,29.554138063061,0.0,s1301,s1301,0.0,0.0,1,1,0.0,0.0,8.582,1.22,0.0,1,0.0,0,0.0,0,0.0,0.0,0,0.0,1,,,
122579601,RES3D,RES,2.0,C,2,5766.0,2883,800218.4262785257,280076.449197484,99.42785,1983,X,6.06,,481576750001072,-95.784435716585,29.560974004916,0.0,s1302,s1302,0.0,0.0,1,1,0.0,0.0,1.78,1.78,0.0,1,0.0,0,0.0,0,0.0,0.0,0,0.0,0,,,
122554954,RES1-1SNB,RES,0.75,S,1,3534.0,2473,526651.139749796,263325.569874898,89.251366,2015,X,4.47,,481576755023012,-95.736258492656,29.534966882763,0.0,s1303,s1303,0.0,0.0,1,1,0.0,0.0,6.186,2.15,0.0,1,0.0,0,0.0,0,0.0,0.0,0,0.0,0,,,
122446367,RES1-1SNB,RES,0.75,S,1,5551.0,5035,1183193.0241062182,591596.5120531091,74.025856,1998,X,4.84,,481576744011024,-95.639399795569,29.566924125746,0.0,s1304,s1304,0.0,0.0,1,1,0.0,0.0,30.129,2.87,0.0,1,0.0,0,0.0,0,0.0,0.0,0,0.0,0,,,
122472914,RES1-1SNB,RES,0.75,S,1,3430.0,3475,459714.93952432607,229857.46976216303,78.13706,2013,X,0.11,,481576747024011,-95.734667144753,29.56591081733,1.0,s1305,s1305,0.0,0.0,0,1,0.0,0.0,9.235,2.58,0.0,1,0.0,0,0.0,0,0.0,0.0,0,0.0,0,,,
122450795,RES1-1SNB,RES,0.75,S,1,3680.0,4179,874169.294630976,437084.647315488,69.837814,2002,X,5.29,,481576746022008,-95.662151514213,29.555204946802,1.0,s1306,s1306,0.0,0.0,1,1,0.0,0.0,4.377,16.54,0.0,1,0.0,0,0.0,0,0.0,0.0,0,0.0,0,,,
122599382,RES1-2SNB,RES,0.75,S,2,5080.0,3915,1088744.3614049014,544372.1807024507,70.42288,1998,X,6.65,,481576744012000,-95.625624494301,29.56290050327,0.0,s1307,s1307,0.0,0.0,1,1,0.0,0.0,9.925,0.9,0.0,1,0.0,0,0.0,0,0.0,0.0,0,0.0,1,,,
122528605,RES1-2SNB,RES,0.75,S,2,2674.0,503,532380.6500810512,266190.3250405256,80.675514,1987,X,4.3,,481576736002016,-95.722354751933,29.620073903645,0.0,s1308,s1308,0.0,0.0,1,1,0.0,0.0,13.856,9.51,0.0,1,0.0,0,0.0,0,0.0,0.0,0,0.0,0,,,
122454565,RES1-1SNB,RES,0.75,S,1,2362.0,3123,434692.2113135387,217346.10565676936,79.38842,2005,X,4.97,,481576728021000,-95.680572572386,29.607900688486,0.0,s1309,s1309,0.0,0.0,1,1,0.0505,0.0,9.282,2.37,0.0,1,0.0,0,0.0,0,0.0,0.0,0,0.0,0,,,
122636516,RES1-1SNB,RES,0.75,S,1,2641.0,2066,382318.40081572474,191159.20040786237,88.652824,2011,X,0.11,,481576755013007,-95.777349298215,29.516425387347,0.0,s1310,s1310,0.0,0.0,0,1,0.0,0.0,1.248,0.12,0.0,1,0.0,0,0.0,0,0.0,0.0,0,0.0,0,,,
122484163,RES1-1SNB,RES,0.75,S,1,1762.0,2173,195731.84635032414,97865.92317516207,99.16824,2008,X,5.06,,481576751012003,-95.779575753642,29.55622041095,0.0,s1311,s1311,0.0,0.0,1,1,0.0,0.0,7.571,0.36,0.0,1,0.0,0,0.0,0,0.0,0.0,0,0.0,0,,,
122482495,RES1-1SNB,RES,0.75,S,1,3465.0,4181,331364.89690677467,165682.44845338733,99.52816,2008,X,4.98,,481576751013013,-95.766003602478,29.550438629496,0.0,s1312,s1312,0.0,0.0,1,1,0.0,0.0,3.852,0.87,0.0,1,0.0,0,0.0,0,0.0,0.0,0,0.0,0,,,
122665665,RES1-1SNB,RES,0.75,S,1,3275.0,4727,782627.5457683733,391313.77288418665,69.55159,1998,X,3.76,,481576744015000,-95.610680258377,29.55278624341,0.0,s1313,s1313,0.0,0.0,1,1,0.0,0.0,8.983,0.24,0.0,1,0.0,0,0.0,0,0.0,0.0,0,0.0,0,,,
122638907,RES1-1SNB,RES,0.75,S,1,1215.0,1718,254444.32922440013,127222.16461220007,87.05921,2015,X,0.14,,481576755024023,-95.751901185489,29.522437783937,0.0,s1314,s1314,0.0,0.0,0,1,0.0,0.0,3.385,1.18,0.0,1,0.0,0,0.0,0,0.0,0.0,0,0.0,0,,,
122451970,RES1-1SNB,RES,0.75,S,1,2912.0,2781,720325.9311147679,360162.96555738396,76.854614,1995,X,0.0,37518760,481576739043009,-95.668835289838,29.598494803819,0.0,s1315,s1315,0.0,0.0,1,1,0.0,0.0,13.377,3.7,0.0,1,0.0,0,0.0,0,0.0,0.0,0,0.0,0,,,
122704797,RES1-2SNB,RES,0.75,S,2,3338.0,2970,838255.3102937094,419127.6551468547,68.164925,2013,X,6.31,,481576744024017,-95.614846732519,29.547585737645,1.0,s1316,s1316,0.0,0.0,1,1,0.0,0.0,7.233,0.19,0.0,1,0.0,0,0.0,0,0.0,0.0,0,0.0,0,,,
122528093,RES1-2SNB,RES,0.75,S,2,3295.0,2367,665366.3961598723,332683.19807993615,79.53473,2004,X,4.35,,481576746042022,-95.711153406704,29.546113728024,0.0,s1317,s1317,0.0,0.0,1,1,0.0,0.0,18.753,13.37,0.0,1,0.0,0,0.0,0,0.0,0.0,0,0.0,1,,,
122702241,RES1-1SNB,RES,0.75,S,1,1792.0,2280,244151.6102283257,122075.80511416285,66.39303,1984,X,3.31,,481576741002002,-95.600816459618,29.587775604569,1.0,s1318,s1318,0.0,0.0,1,1,0.0,0.0,11.216,1.89,0.0,1,0.0,0,0.0,0,0.0,0.0,0,0.0,0,,,
122583183,RES1-2SNB,RES,0.75,S,2,4061.0,2975,929742.8610992364,464871.4305496182,72.274574,1996,X,6.13,,481576739032010,-95.672236105471,29.583839196892,1.0,s1319,s1319,0.0,0.0,1,1,0.0,0.0,5.937,4.99,0.0,1,0.0,0,0.0,0,0.0,0.0,0,0.0,0,,,
122582707,RES1-2SNB,RES,0.75,S,2,3265.0,2063,786806.4798090917,393403.23990454583,74.76251,1996,X,5.44,,481576739031008,-95.66656012146,29.584748649202,1.0,s1320,s1320,0.0,0.0,1,1,0.0,0.0,5.598,2.04,0.0,1,0.0,0,0.0,0,0.0,0.0,0,0.0,1,,,
122568931,RES1-2SNB,RES,0.75,S,2,2060.0,1511,444226.71069116547,222113.35534558274,81.92138,1987,X,3.08,,481576736002021,-95.723184779166,29.614575977174,0.0,s1321,s1321,0.0,0.0,1,1,0.0,0.0,11.222,10.55,0.0,1,0.0,0,0.0,0,0.0,0.0,0,0.0,0,,,
122610608,RES1-1SNB,RES,0.75,S,1,2281.0,2717,595664.5510468006,297832.2755234003,69.80359,1987,X,4.49,,481576740011018,-95.623288169275,29.581045751351,1.0,s1322,s1322,0.0,0.0,1,1,0.0,0.0,20.08,4.29,0.0,1,0.0,0,0.0,0,0.0,0.0,0,0.0,0,,,
122532541,RES1-2SNB,RES,0.75,S,2,5299.0,9004,1125151.9402850124,562575.9701425062,88.764435,2012,X,5.18,,481576734042011,-95.75033131394,29.637563342054,0.0,s1323,s1323,0.0,0.0,1,1,0.0,0.0,8.253,4.84,0.0,1,0.0,0,0.0,0,0.0,0.0,0,0.0,0,,,
122617706,RES1-1SNB,RES,0.75,S,1,1108.0,1741,184591.482432,92295.741216,81.7466,1994,AE,3.64,,481576738013023,-95.75217432732,29.583515543694,1.0,s1324,s1324,0.0,0.0,1,1,0.0,0.0,4.467,10.68,0.0,1,0.0,0,0.0,0,0.0,0.0,0,0.0,0,,,
122522512,RES1-2SNB,RES,0.75,S,2,4268.0,2294,963592.17308706,481796.08654353,76.405235,1995,X,6.49,,481576739042002,-95.667313672565,29.59596622376,0.0,s1325,s1325,0.0,0.0,1,1,0.0,0.0,10.316,0.67,0.0,1,0.0,0,0.0,0,0.0,0.0,0,0.0,1,,,
122540870,RES1-1SNB,RES,0.75,S,1,2690.0,2985,631302.9088322598,315651.4544161299,91.10968,2010,X,0.0,,481576734013004,-95.807179927121,29.600373439712,0.0,s1326,s1326,0.0,0.0,0,1,0.0,0.0,5.797,1.53,0.0,1,0.0,0,0.0,0,0.0,0.0,0,0.0,0,,,
122681521,RES1-1SNB,RES,0.75,S,1,2153.0,2710,272477.07822906633,136238.53911453317,66.38725,1988,X,5.22,,481576740021007,-95.606938216578,29.587648214241,1.0,s1327,s1327,0.0,0.0,1,1,0.0,0.0,4.76,1.05,0.0,1,0.0,0,0.0,0,0.0,0.0,0,0.0,0,,,
122540299,RES1-1SNB,RES,0.75,S,1,3295.0,4321,687694.1392269095,343847.06961345475,91.06204,2010,AE,3.96,,481576734013001,-95.808900154209,29.617869687832,0.0,s1328,s1328,0.0,0.0,1,1,0.0,0.0,6.961,4.5,0.0,1,0.0,0,0.0,0,0.0,0.0,0,0.0,0,,,
122554538,RES1-2SWB,RES,2.0,B,2,3781.0,2578,778943.6231826211,389471.81159131054,84.33183,1992,X,0.0,38067299,481576735023000,-95.737814537281,29.630707639056,0.0,s1329,s1329,0.0,0.0,1,1,0.0,0.0,2.705,1.23,0.0,1,0.0,0,0.0,0,0.0,0.0,0,0.0,0,,,
122523609,RES1-2SNB,RES,0.75,S,2,3023.0,2653,746181.0142529511,373090.50712647557,74.55985,1996,X,5.52,,481576739032015,-95.672230222329,29.590400689362,1.0,s1330,s1330,0.0,0.0,1,1,0.0,0.0,13.876,1.83,0.0,1,0.0,0,0.0,0,0.0,0.0,0,0.0,0,,,
122525253,RES1-1SNB,RES,0.75,S,1,2193.0,2443,591195.851185955,295597.9255929775,73.39688,2003,X,4.5,,481576747012016,-95.683843985825,29.569281494269,1.0,s1331,s1331,0.0,0.0,0,1,0.0,0.0,14.462,2.1,0.0,1,0.0,0,0.0,0,0.0,0.0,0,0.0,0,,,
122468466,RES1-1SNB,RES,0.75,S,1,2249.0,2600,535190.3941922329,267595.19709611643,82.20696,2012,X,0.0,,481576735012027,-95.721483472776,29.635112926532,1.0,s1332,s1332,0.0,0.0,0,1,0.0,0.0,8.609,0.28,0.0,1,0.0,0,0.0,0,0.0,0.0,0,0.0,0,,,
122695705,RES1-1SNB,RES,0.75,S,1,5494.0,4466,1188157.7113023503,594078.8556511751,69.32375,2013,X,4.96,,481576744023002,-95.61045708542,29.545621535316,1.0,s1333,s1333,0.0,0.0,1,1,0.0,0.0,8.588,4.23,0.0,1,0.0,0,0.0,0,0.0,0.0,0,0.0,0,,,
122472909,RES1-2SNB,RES,0.75,S,2,1551.0,2173,278059.4925119133,139029.74625595665,78.20477,2013,X,5.45,,481576747024011,-95.739871379763,29.560715440686,1.0,s1334,s1334,0.0,0.0,1,1,0.0,0.0,7.173,0.72,0.0,1,0.0,0,0.0,0,0.0,0.0,0,0.0,0,,,
122640871,RES1-1SNB,RES,0.75,S,1,2411.0,2901,564695.3442576416,282347.6721288208,81.85539,2015,X,4.04,,481576755031008,-95.73583453279,29.514928551104,1.0,s1335,s1335,0.0,0.0,1,1,0.0,0.0,14.726,0.0,0.0,1,0.0,0,0.0,0,0.0,0.0,0,0.0,0,,,
122469032,RES1-1SNB,RES,0.75,S,1,3119.0,2471,438283.88781597855,219141.94390798928,75.55717,2013,X,0.07,,481576747024024,-95.725731820391,29.557404914197,1.0,s1336,s1336,0.0,0.0,0,1,0.0,0.0,2.591,2.54,0.0,1,0.0,0,0.0,0,0.0,0.0,0,0.0,0,,,
122666673,RES1-2SNB,RES,0.75,S,2,4664.0,3759,1066316.6578474941,533158.3289237471,69.30702,2013,X,5.48,,481576744022000,-95.610001662257,29.549819179645,1.0,s1337,s1337,0.0,0.0,0,1,0.0,0.0,7.682,2.31,0.0,1,0.0,0,0.0,0,0.0,0.0,0,0.0,0,,,
122527984,RES1-1SNB,RES,0.75,S,1,3589.0,3481,454094.0766787911,227047.03833939554,75.869545,2013,X,6.1,,481576747021015,-95.71049760449,29.564073339312,1.0,s1338,s1338,0.0,0.0,1,1,0.0,0.0,12.245,2.92,0.0,1,0.0,0,0.0,0,0.0,0.0,0,0.0,0,,,
122525696,RES1-2SNB,RES,0.75,S,2,4231.0,2904,998331.5723426293,499165.78617131466,81.15224,2015,X,6.61,,481576729012071,-95.689875866345,29.616554623929,0.0,s1339,s1339,0.0,0.0,0,1,0.0,0.0,8.643,4.08,0.0,1,0.0,0,0.0,0,0.0,0.0,0,0.0,0,,,
122553738,RES1-1SNB,RES,0.75,S,1,2286.0,2948,362318.60592207924,181159.30296103962,78.0741,2013,X,0.0,,481576747024043,-95.723335125621,29.565695444363,1.0,s1340,s1340,0.0,0.0,1,1,0.0,0.0,10.56,14.15,0.0,1,0.0,0,0.0,0,0.0,0.0,0,0.0,0,,,
122525216,RES1-2SNB,RES,0.75,S,2,3580.0,3084,846164.1443103323,423082.0721551661,72.59201,2003,X,6.24,,481576747012016,-95.679408827191,29.572879061256,1.0,s1341,s1341,0.0,0.0,1,1,0.0,0.0,14.384,3.39,0.0,1,0.0,0,0.0,0,0.0,0.0,0,0.0,0,,,
122582035,RES1-1SNB,RES,2.0,C,1,1371.0,1310,393500.8841125864,196750.4420562932,69.90488,1993,X,0.0,37551519,481576742002002,-95.63386321663,29.564681649556,1.0,s1342,s1342,0.0,0.0,1,1,0.0,0.0,4.407,7.0,0.0,1,0.0,0,0.0,0,0.0,0.0,0,0.0,0,,,
122556850,RES1-1SNB,RES,0.75,S,1,1812.0,851,135998.864,67999.432,96.102554,1978,X,6.92,,481576748004001,-95.765575136097,29.563969892239,0.0,s1343,s1343,0.0,0.0,1,1,0.0,0.0,2.077,2.05,0.0,1,0.0,0,0.0,0,0.0,0.0,0,0.0,0,,,
122481322,RES1-1SNB,RES,0.75,S,1,1951.0,2466,588321.2363937799,294160.61819688993,85.62552,2012,AE,0.03,,481576734042004,-95.760619808372,29.64562799843,0.0,s1344,s1344,0.0,0.0,0,1,0.0,0.0,1.937,0.82,0.0,1,0.0,0,0.0,0,0.0,0.0,0,0.0,0,,,
122523675,RES1-2SNB,RES,0.75,S,2,3370.0,1888,799751.517366242,399875.758683121,70.34181,1988,X,5.96,,481576746011002,-95.673769603153,29.563381901566,1.0,s1345,s1345,0.0,0.0,1,1,0.0,0.0,7.317,4.87,0.0,1,0.0,0,0.0,0,0.0,0.0,0,0.0,0,,,
122568886,RES1-2SNB,RES,0.75,S,2,2862.0,2365,561025.5790267257,280512.78951336286,82.92163,1987,X,5.52,,481576736002008,-95.723403402614,29.623386366998,0.0,s1346,s1346,0.0,0.0,1,1,0.0,0.0,11.003,10.76,0.0,1,0.0,0,0.0,0,0.0,0.0,0,0.0,0,,,
122533718,EDU1,PUB,0.25,S,1,4119.0,4119,972337.6108451675,632019.447049359,81.2656,2013,X,4.02,,481576747023010,-95.751487065221,29.572113770106,1.0,s1347,s1347,0.0,0.0,1,1,0.0,0.0,8.843,0.78,0.0,1,0.0,0,0.0,0,0.0,0.0,0,0.0,0,,,
122606713,COM8,COM,0.25,S,1,4077.2,10193,734217.73095,844350.3905925,100.073,1983,X,3.45,,481576750001007,-95.788365282777,29.559801673591,0.0,s1348,s1348,0.0,0.0,1,1,0.0,0.0,4.966,2.34,0.0,1,0.0,0,0.0,0,0.0,0.0,0,0.0,0,,,
122482328,RES1-2SNB,RES,0.75,S,2,3404.0,2424,316630.3726479216,158315.1863239608,96.742805,2008,X,5.57,,481576751013015,-95.763991596947,29.547025287352,0.0,s1349,s1349,0.0,0.0,1,1,0.0,0.0,2.349,0.05,0.0,1,0.0,0,0.0,0,0.0,0.0,0,0.0,0,,,
122639233,COM1,COM,0.25,S,1,5151.0,5151,785716.1708139743,982145.213517468,93.45607,2011,X,3.88,,481576755011005,-95.787137261592,29.527770093757,0.0,s1350,s1350,0.0,0.0,1,1,0.0,0.0,9.013,0.27,0.0,1,0.0,0,0.0,0,0.0,0.0,0,0.0,0,,,
122554669,RES1-1SNB,RES,0.75,S,1,1188.0,1770,224484.66922422822,112242.33461211411,78.72957,2013,X,4.46,,481576747024016,-95.738666985291,29.563819999776,1.0,s1351,s1351,0.0,0.0,1,1,0.0,0.0,8.086,2.65,0.0,1,0.0,0,0.0,0,0.0,0.0,0,0.0,0,,,
122585750,RES1-1SNB,RES,0.75,S,1,1973.0,2526,199104.7732205978,99552.3866102989,98.32616,2008,X,4.48,,481576751011004,-95.775966967484,29.553726586477,0.0,s1352,s1352,0.0,0.0,1,1,0.0,0.0,6.656,2.32,0.0,1,0.0,0,0.0,0,0.0,0.0,0,0.0,0,,,
122621769,RES1-2SWB,RES,2.0,B,2,2349.0,1969,471654.2441748699,235827.12208743495,85.47476,2015,X,5.06,,481576755022014,-95.717621982382,29.534253201817,0.0,s1353,s1353,0.0,0.0,1,1,0.0627,0.0,7.767,2.45,0.0,1,0.0,0,0.0,0,0.0,0.0,0,0.0,0,,,
122620969,RES1-1SNB,RES,0.75,S,1,601.0,601,113316.69741406119,56658.34870703059,87.47191,2015,X,3.55,,481576755024008,-95.744930363402,29.531281011921,0.0,s1354,s1354,0.0,0.0,0,1,0.0,0.0,1.643,1.78,0.0,1,0.0,0,0.0,0,0.0,0.0,0,0.0,0,,,
122476821,RES1-1SNB,RES,0.75,S,1,1650.0,2142,427980.67868370673,213990.33934185337,84.76315,2010,AE,3.04,,481576734011005,-95.743752081306,29.606595227105,0.0,s1355,s1355,0.0,0.0,1,1,0.0,0.0,3.836,8.46,0.0,1,0.0,0,0.0,0,0.0,0.0,0,0.0,0,,,
122681658,RES1-1SNB,RES,0.75,S,1,5498.0,4824,1196860.2210339953,598430.1105169976,69.09632,2013,X,2.44,,481576744023004,-95.607952298431,29.543560633451,1.0,s1356,s1356,0.0,0.0,1,1,0.0,0.0,8.222,2.73,0.0,1,0.0,0,0.0,0,0.0,0.0,0,0.0,0,,,
122551709,RES1-2SNB,RES,0.75,S,2,2336.0,2061,410558.34704569436,205279.17352284718,76.49723,1997,X,5.81,,481576738021004,-95.681099668644,29.591779473535,1.0,s1357,s1357,0.0,0.0,1,1,0.0,0.0,9.735,4.45,0.0,1,0.0,0,0.0,0,0.0,0.0,0,0.0,0,,,
122531228,RES1-2SNB,RES,0.75,S,2,3207.0,2045,653188.8474255754,326594.4237127877,83.10828,1992,X,5.3,,481576735023001,-95.738656510536,29.627093419797,0.0,s1358,s1358,0.0,0.0,1,1,0.0,0.0,10.408,1.46,0.0,1,0.0,0,0.0,0,0.0,0.0,0,0.0,0,,,
122602455,COM7,COM,0.25,S,1,7489.66,9050,1885042.6091891488,2733311.7833242654,74.364006,2003,X,4.27,,481576747011013,-95.682848251199,29.573822919446,1.0,s1359,s1359,0.0,0.0,1,1,0.0,0.0,15.697,2.38,0.0,1,0.0,0,0.0,0,0.0,0.0,0,0.0,0,,,
122575228,RES1-2SNB,RES,0.75,S,2,3399.0,2493,805997.2511601583,402998.62558007916,71.09514,1993,X,4.12,,481576742001009,-95.637524624746,29.581238707636,1.0,s1360,s1360,0.0,0.0,1,1,0.0,0.0,20.593,6.31,0.0,1,0.0,0,0.0,0,0.0,0.0,0,0.0,1,,,
122551906,RES1-2SNB,RES,0.75,S,2,3272.0,2091,769951.7500160257,384975.87500801287,71.2293,1988,X,5.48,,481576746012015,-95.682601540809,29.551861792933,1.0,s1361,s1361,0.0,0.0,1,1,0.0,0.0,13.815,1.02,0.0,1,0.0,0,0.0,0,0.0,0.0,0,0.0,0,,,
122594686,RES3C,RES,0.5,S,1,783.0,783,120040.61085000001,42014.2137975,84.95366,1979,X,3.67,,481576749002031,-95.76231227033,29.588490565499,0.0,s1362,s1362,0.0,0.0,1,1,0.0,0.0,23.696,9.19,0.0,1,0.0,0,0.0,0,0.0,0.0,0,0.0,0,,,
122682086,RES1-2SNB,RES,0.75,S,2,1110.0,4629,177613.7710474533,88806.88552372665,68.97942,1988,X,7.92,,481576740022031,-95.617763470838,29.588631290229,1.0,s1363,s1363,0.0,0.0,1,1,0.0,0.0,13.496,0.84,0.0,1,0.0,0,0.0,0,0.0,0.0,0,0.0,0,,,
122624142,RES1-1SNB,RES,0.75,S,1,2767.0,2261,635311.6244229694,317655.8122114847,81.3872,2015,X,0.26,,481576755031034,-95.73164896542,29.511473150027,0.0,s1364,s1364,0.0,0.0,0,1,0.0,0.0,14.523,0.88,0.0,1,0.0,0,0.0,0,0.0,0.0,0,0.0,0,,,
122518947,RES1-2SNB,RES,0.75,S,2,4142.0,2922,948531.083815915,474265.5419079575,69.966194,1998,X,6.01,,481576744012009,-95.636305190422,29.561153016154,0.0,s1365,s1365,0.0,0.0,1,1,0.0684,0.0,25.129,0.33,0.0,1,0.0,0,0.0,0,0.0,0.0,0,0.0,1,,,
122743549,RES1-1SNB,RES,2.0,C,1,1040.0,1500,175992.901122,87996.450561,87.187416,2013,X,0.0,,481576747022044,-95.761678039638,29.577122857425,0.0,s1366,s1366,0.0,0.0,1,1,0.0,0.0,12.365,6.28,0.0,1,0.0,0,0.0,0,0.0,0.0,0,0.0,0,,,
122514037,RES1-1SNB,RES,0.75,S,1,3252.0,2732,853631.2012781227,426815.60063906136,101.39263,2008,X,0.07,,481576733002000,-95.897498748504,29.674349527701,1.0,s1367,s1367,0.0,0.0,0,1,0.0,0.0,3.595,0.4,0.0,1,0.0,0,0.0,0,0.0,0.0,0,0.0,0,,,
122611922,RES1-1SNB,RES,2.0,C,1,1274.0,1380,111002.32845,55501.164225,100.22595,1981,X,3.64,,481576752001037,-95.804710234344,29.553698582816,0.0,s1368,s1368,0.0,0.0,1,1,0.0,0.0,2.272,8.03,0.0,1,0.0,0,0.0,0,0.0,0.0,0,0.0,0,,,
122455559,RES1-2SNB,RES,0.75,S,2,3704.0,3492,853228.5895046517,426614.29475232586,71.38988,1988,X,4.73,,481576746011010,-95.67373033153,29.556802266488,1.0,s1369,s1369,0.0,0.0,1,1,0.0,0.0,16.323,2.79,0.0,1,0.0,0,0.0,0,0.0,0.0,0,0.0,1,,,
122519617,RES1-2SNB,RES,0.75,S,2,2954.0,1830,725476.4332333237,362738.21661666187,70.08119,1993,X,0.0,37560762,481576742002000,-95.635915328251,29.56395370645,1.0,s1370,s1370,0.0,0.0,1,1,0.0,0.0,27.208,4.78,0.0,1,0.0,0,0.0,0,0.0,0.0,0,0.0,0,,,
122607533,RES1-1SNB,RES,0.75,S,1,2205.0,2404,394183.2775207205,197091.63876036025,78.68825,1997,X,5.7,,481576738022013,-95.694876194497,29.595612886866,1.0,s1371,s1371,0.0,0.0,1,1,0.0,0.0,4.582,5.96,0.0,1,0.0,0,0.0,0,0.0,0.0,0,0.0,0,,,
122457619,RES1-2SNB,RES,0.75,S,2,3483.0,2526,850229.6153251809,425114.80766259047,83.20672,2015,X,6.55,,481576729012052,-95.685092933454,29.619602043485,0.0,s1372,s1372,0.0,0.0,0,1,0.0,0.0,9.439,5.25,0.0,1,0.0,0,0.0,0,0.0,0.0,0,0.0,0,,,
122468411,RES1-1SNB,RES,0.75,S,1,1584.0,2116,412663.1745783231,206331.58728916154,80.79935,2012,X,1.27,,481576735012015,-95.723994726524,29.634929438245,1.0,s1373,s1373,0.0,0.0,0,1,0.0,0.0,4.013,0.97,0.0,1,0.0139,0,0.0,0,0.0,0.0,0,0.0,0,,,
122511598,RES1-1SNB,RES,0.75,S,1,4622.0,5785,1109025.1716719386,554512.5858359693,113.221664,2008,X,3.96,,481576733001007,-95.887193791745,29.680204826043,0.0,s1374,s1374,0.0,0.0,0,1,0.0,0.0,13.634,16.31,0.0,1,0.0,0,0.0,0,0.0,0.0,0,0.0,0,,,
122552041,RES1-1SNB,RES,0.75,S,1,1633.0,2153,322043.36813446425,161021.68406723213,78.715935,1997,X,4.53,,481576738022003,-95.690203013084,29.599512901177,0.0,s1375,s1375,0.0,0.0,1,1,0.0,0.0,4.044,7.52,0.0,1,0.0,0,0.0,0,0.0,0.0,0,0.0,0,,,
122486530,RES1-1SNB,RES,0.75,S,1,1540.0,1667,206149.1749,103074.58745,98.91242,1981,X,2.65,,481576751022006,-95.787414734526,29.55143187251,0.0,s1376,s1376,0.0,0.0,1,1,0.0,0.0,3.421,3.98,0.0,1,0.0,0,0.0,0,0.0,0.0,0,0.0,0,,,
122473352,RES1-1SNB,RES,0.75,S,1,2658.0,3149,407564.01621082734,203782.00810541367,78.6782,2013,X,0.97,,481576747024011,-95.743641047973,29.560282739819,1.0,s1377,s1377,0.0,0.0,0,1,0.0,0.0,7.582,1.47,0.0,1,0.0,0,0.0,0,0.0,0.0,0,0.0,0,,,
122605534,RES1-1SNB,RES,0.75,S,1,861.0,861,224549.63446068042,112274.81723034021,85.351845,2010,AE,0.93,,481576734013010,-95.802514433942,29.572970769305,1.0,s1378,s1378,0.0,0.0,0,1,0.2774,0.0,4.043,1.05,0.0,1,0.0,0,0.0,0,0.0,0.0,0,0.0,0,,,
122602966,RES1-1SNB,RES,0.75,S,1,1814.0,2119,277952.46435685875,138976.23217842937,79.93736,2013,X,3.74,,481576747023006,-95.74479022824,29.573231542762,1.0,s1379,s1379,0.0,0.0,0,1,0.0,0.0,4.14,20.49,0.0,1,0.0,0,0.0,0,0.0,0.0,0,0.0,0,,,
122594483,RES1-1SNB,RES,0.75,S,1,2584.0,2192,520145.9573859139,260072.97869295694,82.73687,1987,X,6.11,,481576736002005,-95.725051246119,29.61939829912,0.0,s1380,s1380,0.0,0.0,1,1,0.0,0.0,8.845,6.41,0.0,1,0.0,0,0.0,0,0.0,0.0,0,0.0,0,,,
122574715,COM1,COM,0.25,S,2,15644.0,7822,2281515.198820595,2851893.998525744,71.18681,1987,X,6.8,,481576740011012,-95.629960745053,29.579781258733,1.0,s1381,s1381,0.0,0.0,1,1,0.0,0.0,22.547,2.81,0.0,1,0.0,0,0.0,0,0.0,0.0,0,0.0,0,,,
122585174,RES1-1SNB,RES,0.75,S,1,1950.0,2636,317505.28367434005,158752.64183717003,83.324425,2013,X,5.61,,481576747024067,-95.749340528701,29.551689704028,0.0,s1382,s1382,0.0,0.0,1,1,0.0,0.0,19.18,15.55,0.0,1,0.0,0,0.0,0,0.0,0.0,0,0.0,0,,,
122469020,RES1-1SNB,RES,0.75,S,1,2782.0,2590,413611.0223496417,206805.51117482086,78.04514,2013,X,1.34,,481576747024024,-95.732080889524,29.560261261557,1.0,s1383,s1383,0.0,0.0,0,1,0.0,0.0,13.687,10.81,0.0,1,0.0,0,0.0,0,0.0,0.0,0,0.0,0,,,
122613348,RES1-2SNB,RES,0.75,S,2,3435.0,2922,812179.4433132188,406089.7216566094,72.776825,2003,X,4.14,,481576747012020,-95.681610092494,29.567075249335,1.0,s1384,s1384,0.0,0.0,1,1,0.0,0.0,12.525,4.8,0.0,1,0.0,0,0.0,0,0.0,0.0,0,0.0,0,,,
122614945,RES1-1SWB,RES,2.0,B,1,1593.0,1696,500590.847688036,250295.423844018,82.42327,1987,X,4.33,,481576736003017,-95.734325666914,29.612815662942,0.0,s1385,s1385,0.0,0.0,1,1,0.0,0.0,3.245,2.75,0.0,1,0.0,0,0.0,0,0.0,0.0,0,0.0,0,,,
122623647,RES1-1SNB,RES,0.75,S,1,3534.0,3027,513369.7492811239,256684.87464056196,82.70065,2015,X,4.67,,481576755022019,-95.720108885079,29.523282172757,0.0,s1386,s1386,0.0,0.0,1,1,0.1277,0.0,8.56,0.56,0.0,1,0.0,0,0.0,0,0.0,0.0,0,0.0,0,,,
122682045,RES1-2SNB,RES,0.75,S,2,1080.0,3447,172211.83820547562,86105.91910273781,68.28859,1988,X,8.2,,481576740022031,-95.61621677322,29.588240105304,1.0,s1387,s1387,0.0,0.0,1,1,0.0,0.0,15.67,2.28,0.0,1,0.006,0,0.0,0,0.0,0.0,0,0.0,1,,,
122635324,RES1-1SNB,RES,0.75,S,1,3343.0,6213,498687.60969715193,249343.80484857596,82.604645,2015,X,4.88,,481576755022026,-95.719473678624,29.514669886999,0.0,s1388,s1388,0.0,0.0,0,1,0.0,0.0,5.526,1.93,0.0,1,0.0,0,0.0,0,0.0,0.0,0,0.0,1,,,
122536512,RES1-2SNB,RES,0.75,S,2,4496.0,5018,990143.8580740459,495071.9290370229,89.91538,2012,X,4.62,,481576734043003,-95.771713829748,29.649043080042,0.0,s1389,s1389,0.0,0.0,1,1,0.0,0.0,8.337,3.29,0.0,1,0.0,0,0.0,0,0.0,0.0,0,0.0,1,,,
122481451,RES1-1SNB,RES,0.75,S,1,2761.0,2914,752996.3839350666,376498.1919675333,84.559044,2012,AE,0.01,,481576734042004,-95.763560103057,29.636679690852,1.0,s1390,s1390,0.0,0.0,0,1,0.0,0.0,1.163,1.86,0.0,1,0.0,0,0.0,0,0.0,0.0,0,0.0,0,,,
122584305,RES1-2SNB,RES,0.75,S,2,5040.0,3651,608280.003665038,304140.001832519,75.58722,2013,X,5.33,,481576747024050,-95.718300665615,29.560520850002,1.0,s1391,s1391,0.0,0.0,1,1,0.0,0.0,2.749,6.42,0.0,1,0.0,0,0.0,0,0.0,0.0,0,0.0,0,,,
122467432,RES1-1SNB,RES,0.75,S,1,2029.0,2413,501985.33940324525,250992.66970162262,84.07161,2012,X,4.38,,481576735012015,-95.725431602929,29.630891227834,1.0,s1392,s1392,0.0,0.0,1,1,0.0,0.0,6.512,5.16,0.0,1,0.0,0,0.0,0,0.0,0.0,0,0.0,0,,,
122536844,RES1-1SNB,RES,0.75,S,1,1137.0,1363,132086.20248658914,66043.10124329457,96.97162,2008,X,4.0,,481576751011007,-95.777833482281,29.550304490971,0.0,s1393,s1393,0.0,0.0,1,1,0.0,0.0,2.558,3.63,0.0,1,0.0,0,0.0,0,0.0,0.0,0,0.0,0,,,
122524812,RES1-2SNB,RES,0.75,S,2,2874.0,1790,445914.4301280164,222957.2150640082,72.857376,1989,X,5.88,,481576746031003,-95.683791367904,29.546154244658,1.0,s1394,s1394,0.0,0.0,1,1,0.0,0.0,14.81,5.18,0.0,1,0.0,0,0.0,0,0.0,0.0,0,0.0,0,,,
122618456,RES1-1SNB,RES,0.75,S,1,2635.0,3110,423739.88639553386,211869.94319776693,94.65987,2015,X,4.19,,481576755021011,-95.76639011448,29.531354287248,0.0,s1395,s1395,0.0,0.0,1,1,0.0,0.0,13.728,2.6,0.0,1,0.0,0,0.0,0,0.0,0.0,0,0.0,0,,,
122681300,RES1-2SNB,RES,0.75,S,2,2822.0,1798,324896.4838225489,162448.24191127444,68.25479,1984,X,5.27,,481576741001002,-95.604693445272,29.589305520374,1.0,s1396,s1396,0.0,0.0,1,1,0.0,0.0,4.433,1.51,0.0,1,0.0,0,0.0,0,0.0,0.0,0,0.0,0,,,
122474337,RES1-2SNB,RES,0.75,S,2,2971.0,2752,577878.4288338932,288939.2144169466,82.60653,1987,X,5.34,,481576736003012,-95.739480763683,29.614287234937,0.0,s1397,s1397,0.0,0.0,1,1,0.0,0.0,10.66,1.92,0.0,1,0.0,0,0.0,0,0.0,0.0,0,0.0,0,,,
122566427,RES1-1SNB,RES,0.75,S,1,2215.0,2782,604328.1220642091,302164.06103210454,70.09184,2002,X,6.0,,481576746025003,-95.667975879302,29.547284762667,1.0,s1398,s1398,0.0,0.0,1,1,0.0,0.0,2.004,2.1,0.0,1,0.0,0,0.0,0,0.0,0.0,0,0.0,0,,,
122610659,COM2,COM,0.25,S,1,722.22,1300,94664.49158180467,132530.28821452655,69.35263,2002,AE,0.9,,481576746023016,-95.640869890044,29.540133172472,1.0,s1399,s1399,0.0,0.0,0,1,0.0,0.0,4.165,1.95,0.0,1,0.0,0,0.0,0,0.0,0.0,0,0.0,0,,,
122451595,RES1-2SNB,RES,0.75,S,2,2649.0,1701,678555.7477156773,339277.8738578386,77.224785,1995,X,6.31,,481576739041000,-95.672619592264,29.602646381897,0.0,s1400,s1400,0.0,0.0,1,1,0.0,0.0,5.381,8.74,0.0,1,0.0,0,0.0,0,0.0,0.0,0,0.0,0,,,
122462308,RES1-2SNB,RES,0.75,S,2,2592.0,2368,567077.0763028923,283538.53815144615,75.44606,2004,X,5.51,,481576746042000,-95.709787883534,29.553118854372,1.0,s1401,s1401,0.0,0.0,1,1,0.0,0.0,7.978,7.16,0.0,1,0.0,0,0.0,0,0.0,0.0,0,0.0,0,,,
122474225,RES1-2SNB,RES,0.75,S,2,2364.0,1656,495972.83107040444,247986.41553520222,83.01581,1987,X,4.48,,481576736003012,-95.739699284027,29.61583500157,0.0,s1402,s1402,0.0,0.0,1,1,0.0,0.0,14.037,0.77,0.0,1,0.0,0,0.0,0,0.0,0.0,0,0.0,0,,,
122731189,RES1-1SNB,RES,0.75,S,1,2186.0,3215,594812.0555177872,297406.0277588936,67.203865,2002,AE,3.8,,481576746023007,-95.611217895755,29.519497043274,1.0,s1403,s1403,0.0,0.0,0,1,0.0,0.0,2.381,5.22,0.0,1,0.0,0,0.0,0,0.0,0.0,0,0.0,0,,,
122635599,RES1-1SNB,RES,0.75,S,1,3246.0,5057,462375.3774943121,231187.68874715606,78.92373,2015,X,4.14,,481576755022028,-95.707339369912,29.52702390572,0.0,s1404,s1404,0.0,0.0,1,1,0.0,0.0,1.152,10.2,0.0,1,0.0,0,0.0,0,0.0,0.0,0,0.0,0,,,
122467427,RES1-1SNB,RES,0.75,S,1,2433.0,2083,560584.8934596166,280292.4467298083,82.80138,2012,X,0.48,,481576735012015,-95.724124702777,29.636543069741,1.0,s1405,s1405,0.0,0.0,0,1,0.0,0.0,7.071,0.75,0.0,1,0.0,0,0.0,0,0.0,0.0,0,0.0,0,,,
122557314,RES1-1SNB,RES,0.75,S,1,1440.0,1896,168924.7375056922,84462.3687528461,95.94592,2008,X,2.62,,481576751012012,-95.773631730011,29.547150211241,0.0,s1406,s1406,0.0,0.0,1,1,0.0,0.0,4.476,5.02,0.0,1,0.0,0,0.0,0,0.0,0.0,0,0.0,0,,,
122465333,AGR1,COM,0.25,S,1,2660.0,2660,243578.36962433698,353188.6359552886,80.89816,1988,X,0.32,,481576737001011,-95.711409807941,29.627195052735,0.0,s1407,s1407,0.0,0.0,0,1,0.0,0.0,1.477,3.51,0.0,1,0.0,0,0.0,0,0.0,0.0,0,0.0,0,,,
122476374,RES1-1SNB,RES,0.75,S,1,2638.0,3526,597852.3655731798,298926.1827865899,83.25319,2010,AE,3.75,,481576734011019,-95.749684462933,29.602907791206,1.0,s1408,s1408,0.0,0.0,1,1,0.0,0.0,19.419,1.02,0.0,1,0.0,0,0.0,0,0.0,0.0,0,0.0,0,,,
122468054,RES1-1SNB,RES,0.75,S,1,4759.0,3912,907061.4310945002,453530.7155472501,83.24346,2012,X,0.45,,481576735012015,-95.733190730746,29.634523290634,0.0,s1409,s1409,0.0,0.0,0,1,0.0,0.0,3.281,3.83,0.0,1,0.0,0,0.0,0,0.0,0.0,0,0.0,0,,,
122618194,RES1-1SNB,RES,2.0,C,1,610.0,610,114729.07866120737,57364.539330603686,85.316505,2013,X,2.67,,481576747022054,-95.759963703383,29.576324346398,0.0,s1410,s1410,0.0,0.0,1,1,0.0,0.0,9.953,5.68,0.0,1,0.0,0,0.0,0,0.0,0.0,0,0.0,0,,,
122470018,COM8,COM,0.25,S,1,1889.0,1889,419083.16054171295,481945.63462296984,81.98719,1992,X,0.75,,481576735021000,-95.732744755381,29.63029823035,0.0,s1411,s1411,0.0,0.0,1,1,0.0,0.0,2.654,9.6,0.0,1,0.0,0,0.0,0,0.0,0.0,0,0.0,0,,,
122478463,RES1-2SNB,RES,0.75,S,2,4655.0,3759,1066194.0327730177,533097.0163865088,87.9569,2012,X,5.89,,481576734041026,-95.748127322899,29.645415929324,0.0,s1412,s1412,0.0,0.0,1,1,0.0,0.0,13.135,1.59,0.0,1,0.0,0,0.0,0,0.0,0.0,0,0.0,0,,,
122576435,GOV1,PUB,0.25,S,3,9141.0,3047,1438720.1424701773,1007104.099729124,78.07577,2005,X,9.31,,481576728022007,-95.681594560932,29.615245147089,0.0,s1413,s1413,0.0,0.0,0,1,0.0,0.0,2.236,6.34,0.0,1,0.0,0,0.0,0,0.0,0.0,0,0.0,0,,,
122578147,RES1-1SNB,RES,0.75,S,1,2337.0,3182,364446.1131816037,182223.05659080186,78.406944,2013,X,4.5,,481576747024072,-95.736673604605,29.556516870243,1.0,s1414,s1414,0.0,0.0,0,1,0.0,0.0,7.547,2.74,0.0,1,0.0,0,0.0,0,0.0,0.0,0,0.0,0,,,
122590479,RES1-1SNB,RES,2.0,C,1,1306.0,1193,152495.39865000002,76247.69932500001,94.88528,1979,X,3.75,,481576749001007,-95.768801166788,29.582798080149,0.0,s1415,s1415,0.0,0.0,1,1,0.0,0.0,17.352,11.26,0.0,1,0.0,0,0.0,0,0.0,0.0,0,0.0,0,,,
122630004,RES1-2SNB,RES,0.75,S,2,3262.0,3049,425082.8853784032,212541.4426892016,88.607124,2011,X,0.0,,481576755013008,-95.779475689889,29.519513515151,1.0,s1416,s1416,0.0,0.0,0,1,0.0,0.0,0.506,1.39,0.0,1,0.0,0,0.0,0,0.0,0.0,0,0.0,0,,,
122624274,RES1-2SNB,RES,0.75,S,2,3518.0,2478,495157.5671223374,247578.7835611687,88.02991,2015,X,5.98,,481576755024018,-95.734025458032,29.530164465283,0.0,s1417,s1417,0.0,0.0,0,1,0.0,0.0,9.115,0.37,0.0,1,0.0,0,0.0,0,0.0,0.0,0,0.0,0,,,
122593916,RES1-2SNB,RES,0.75,S,2,2798.0,2509,457214.23890800035,228607.11945400017,77.73013,1997,X,6.1,,481576738021013,-95.691187635553,29.595276555655,1.0,s1418,s1418,0.0,0.0,1,1,0.0,0.0,2.887,3.88,0.0,1,0.0,0,0.0,0,0.0,0.0,0,0.0,0,,,
122448695,RES1-1SNB,RES,0.75,S,1,2681.0,3257,696317.8576213785,348158.92881068925,71.85078,2002,X,5.38,,481576746022003,-95.659327621438,29.559767493716,1.0,s1419,s1419,0.0,0.0,1,1,0.0455,0.0,5.207,5.05,0.0,1,0.0,0,0.0,0,0.0,0.0,0,0.0,0,,,
122567257,RES1-2SNB,RES,0.75,S,2,2286.0,1948,400551.61932600796,200275.80966300398,79.37946,1997,X,4.53,,481576738022005,-95.693516043037,29.599716223185,0.0,s1420,s1420,0.0,0.0,1,1,0.0,0.0,2.803,7.61,0.0,1,0.0,0,0.0,0,0.0,0.0,0,0.0,0,,,
122465510,RES1-1SNB,RES,2.0,C,1,3681.0,3681,360712.6947150357,180356.34735751784,83.0604,1988,X,0.71,,481576737001011,-95.70747614603,29.633032027029,0.0,s1421,s1421,0.0,0.0,0,1,0.0,0.0,12.629,1.51,0.0,1,0.0,0,0.0,0,0.0,0.0,0,0.0,0,,,
122690668,RES1-2SNB,RES,0.75,S,2,4989.0,2984,1049832.1996924144,524916.0998462072,71.77698,1993,X,6.71,,481576742003021,-95.620135701601,29.572323590671,0.0,s1422,s1422,0.0,0.0,1,1,0.0,0.0,8.463,5.78,0.0,1,0.0,0,0.0,0,0.0,0.0,0,0.0,0,,,
122705872,RES1-2SNB,RES,0.75,S,2,2304.0,1515,285930.4874516734,142965.2437258367,66.59887,1984,X,4.22,,481576741001016,-95.607599098329,29.580407998327,1.0,s1423,s1423,0.0,0.0,1,1,0.0,0.0,2.597,3.56,0.0,1,0.0,0,0.0,0,0.0,0.0,0,0.0,0,,,
122551682,RES1-2SNB,RES,0.75,S,2,2147.0,1715,390872.7142807031,195436.35714035155,77.04038,1997,X,5.01,,481576738021004,-95.680294262956,29.591639111174,0.0,s1424,s1424,0.0,0.0,1,1,0.0,0.0,8.16,4.78,0.0,1,0.0,0,0.0,0,0.0,0.0,0,0.0,0,,,
122563092,RES1-1SNB,RES,0.75,S,1,742.0,742,205544.36159400002,102772.18079700001,98.65676,2008,X,1.14,,481576733001028,-95.87426721475,29.662390404942,0.0,s1425,s1425,0.0,0.0,1,1,0.0,0.0,1.169,10.02,0.0,1,0.0,0,0.0,0,0.0,0.0,0,0.0,0,,,
122618580,RES1-1SNB,RES,0.75,S,1,2236.0,1817,149683.6392,74841.8196,97.8196,1978,X,5.59,,481576748004009,-95.76978416293301,29.566174065259,0.0,s1426,s1426,0.0,0.0,1,1,0.0,0.0,5.394,5.1,0.0,1,0.0,0,0.0,0,0.0,0.0,0,0.0,0,,,
122448409,RES1-1SNB,RES,0.75,S,1,4069.0,4332,943492.5044180956,471746.2522090478,72.61595,2009,X,5.58,,481576739022006,-95.649932675051,29.587236100726,0.0,s1427,s1427,0.0,0.0,1,1,0.0,0.0,9.949,0.62,0.0,1,0.0,0,0.0,0,0.0,0.0,0,0.0,1,,,
122473332,RES1-1SNB,RES,0.75,S,1,2754.0,3414,415817.64657146326,207908.82328573163,79.121826,2013,X,0.08,,481576747024011,-95.745792979554,29.566656173239,1.0,s1428,s1428,0.0,0.0,0,1,0.0,0.0,12.471,2.5,0.0,1,0.0,0,0.0,0,0.0,0.0,0,0.0,0,,,
122614570,RES1-2SNB,RES,0.75,S,2,3592.0,2521,867415.146972456,433707.573486228,72.98963,2009,X,5.26,,481576739022027,-95.659262264582,29.578280874731,0.0,s1429,s1429,0.0,0.0,1,1,0.0,0.0,9.075,2.18,0.0,1,0.0,0,0.0,0,0.0,0.0,0,0.0,0,,,
122689833,RES1-1SNB,RES,0.75,S,1,5203.0,4924,1152977.4787306597,576488.7393653298,68.14313,2013,X,2.04,,481576744023000,-95.605925499104,29.540037147618,1.0,s1430,s1430,0.0,0.0,0,1,0.0,0.0,6.536,1.23,0.0,1,0.0,0,0.0,0,0.0,0.0,0,0.0,0,,,
122528857,RES1-2SNB,RES,0.75,S,2,3706.0,1853,679651.5222389762,339825.7611194881,82.02401,1987,X,5.03,,481576736001002,-95.730237012496,29.609376495402,0.0,s1431,s1431,0.0,0.0,0,1,0.0,0.0,2.038,1.24,0.0,1,0.0,0,0.0,0,0.0,0.0,0,0.0,0,,,
122590809,RES1-2SNB,RES,0.75,S,2,2249.0,1585,214984.69241505204,107492.34620752602,98.657555,2008,X,4.99,,481576751011005,-95.781763663315,29.55411840994,0.0,s1432,s1432,0.0,0.0,1,1,0.0,0.0,7.577,2.35,0.0,1,0.0,0,0.0,0,0.0,0.0,0,0.0,0,,,
122549906,RES1-2SNB,RES,0.75,S,2,3514.0,2631,855211.3487320488,427605.6743660244,73.67174,2009,X,5.01,,481576739022022,-95.65498287618,29.578140063035,0.0,s1433,s1433,0.0,0.0,1,1,0.0,0.0,15.145,0.98,0.0,1,0.0,0,0.0,0,0.0,0.0,0,0.0,0,,,
122541557,COM8,COM,0.25,S,1,2160.0,2160,514989.56271474756,592237.9971219597,95.02251,2013,AE,0.38,,481576734022021,-95.813421828552,29.634148151614,0.0,s1434,s1434,0.0,0.0,1,1,0.0,0.0,4.351,1.99,0.0,1,0.0,0,0.0,0,0.0,0.0,0,0.0,0,,,
122613747,RES1-1SNB,RES,0.75,S,1,2617.0,3391,680548.7459846832,340274.3729923416,70.79816,1998,X,4.94,,481576744013003,-95.632830898496,29.558553487885,0.0,s1435,s1435,0.0,0.0,1,1,0.0,0.0,4.63,3.8,0.0,1,0.0,0,0.0,0,0.0,0.0,0,0.0,1,,,
122511571,RES1-2SNB,RES,0.75,S,2,3880.0,3032,941907.5016868027,470953.75084340136,109.46606,2008,X,5.46,,481576733001007,-95.894045939362,29.677486954682,1.0,s1436,s1436,0.0,0.0,1,1,0.0,0.0,33.582,0.16,0.0,1,0.0,0,0.0,0,0.0,0.0,0,0.0,0,,,
122667450,RES1-2SNB,RES,0.75,S,2,3448.0,3252,812002.7233751935,406001.3616875968,68.23893,1998,X,4.62,,481576744014014,-95.614883361873,29.562992770192,0.0,s1437,s1437,0.0,0.0,1,1,0.0,0.0,12.284,4.55,0.0,1,0.0,0,0.0,0,0.0,0.0,0,0.0,1,,,
122525342,RES1-1SNB,RES,0.75,S,1,2080.0,2656,587781.5482906003,293890.77414530015,82.59937,2015,X,5.19,,481576729012056,-95.684675501794,29.623689806409,0.0,s1438,s1438,0.0,0.0,1,1,0.0109,0.0,6.58,8.35,0.0,1,0.0,0,0.0,0,0.0,0.0,0,0.0,0,,,
122547819,RES1-1SNB,RES,0.75,S,1,2859.0,3626,723918.6791583688,361959.3395791844,68.69023,1998,X,5.3,,481576744013000,-95.627275377209,29.55688513906,0.0,s1439,s1439,0.0,0.0,1,1,0.0,0.0,8.137,2.15,0.0,1,0.0,0,0.0,0,0.0,0.0,0,0.0,1,,,
122682804,RES1-2SNB,RES,0.75,S,2,4161.0,3320,917793.3448913678,458896.6724456839,69.233315,1987,X,6.5,,481576740011019,-95.621260309701,29.576264084114,1.0,s1440,s1440,0.0,0.0,1,1,0.0,0.0,6.091,2.78,0.0,1,0.0,0,0.0,0,0.0,0.0,0,0.0,0,,,
122604628,RES1-2SNB,RES,0.75,S,2,2145.0,1522,579700.5160396384,289850.2580198192,75.39905,1995,X,5.91,,481576739043005,-95.662991684576,29.600083187917,0.0,s1441,s1441,0.0,0.0,1,1,0.0,0.0,3.189,3.99,0.0,1,0.0,0,0.0,0,0.0,0.0,0,0.0,0,,,
122540284,RES3A,RES,0.5,S,1,6623.0,6623,1022892.9536861378,358012.5337901482,91.43999,2010,AE,2.04,,481576734013001,-95.80687329039,29.59679402798,0.0,s1442,s1442,0.0,0.0,0,1,0.0,0.0,7.848,1.62,0.0,1,0.0,0,0.0,0,0.0,0.0,0,0.0,0,,,
122513737,IND2,IND,0.25,S,1,3624.23,9767,612254.4677824215,1040832.5952301165,134.56093,2008,X,5.42,,481576733001016,-95.879970936823,29.689151946279,0.0,s1443,s1443,0.0,0.0,1,1,0.0,0.0,2.277,8.32,0.0,1,0.0,0,0.0,0,0.0,0.0,0,0.0,0,,,
122625261,RES1-1SNB,RES,0.75,S,1,1457.0,1882,302173.1440385653,151086.57201928264,85.280045,2015,X,0.11,,481576755024011,-95.746603618389,29.524867538307,0.0,s1444,s1444,0.0,0.0,0,1,0.0,0.0,1.967,2.92,0.0,1,0.0,0,0.0,0,0.0,0.0,0,0.0,0,,,
122465419,AGR1,COM,0.25,S,1,2448.0,2448,225056.30133743357,326331.6369392787,80.96461,1988,X,0.26,,481576737001011,-95.711660028584,29.627466330499,0.0,s1445,s1445,0.0,0.0,0,1,0.0,0.0,1.435,3.88,0.0,1,0.0,0,0.0,0,0.0,0.0,0,0.0,0,,,
122469844,RES3D,RES,0.5,S,2,7466.0,3733,1137726.6748296598,398204.3361903809,82.706215,1992,X,5.0,,481576735021000,-95.728321742536,29.632631629304,0.0,s1446,s1446,0.0,0.0,1,1,0.0,0.0,2.527,6.76,0.0,1,0.0,0,0.0,0,0.0,0.0,0,0.0,0,,,
122521832,RES1-2SNB,RES,0.75,S,2,3707.0,3517,873729.1140030979,436864.55700154894,70.64592,2002,X,5.17,,481576746024009,-95.662916884361,29.552369010425,1.0,s1447,s1447,0.0,0.0,1,1,0.0,0.0,14.489,10.83,0.0,1,0.0,0,0.0,0,0.0,0.0,0,0.0,0,,,
122525935,RES1-1SNB,RES,0.75,S,1,2289.0,3254,603921.0713791613,301960.53568958066,72.368835,1988,X,3.22,,481576746012019,-95.688696142309,29.552096380878,1.0,s1448,s1448,0.0,0.0,1,1,0.0,0.0,4.144,2.56,0.0,1,0.0,0,0.0,0,0.0,0.0,0,0.0,0,,,
122511556,RES1-1SNB,RES,0.75,S,1,5873.0,6571,1288267.092463148,644133.546231574,122.15114,2008,X,2.73,,481576733001007,-95.885632905602,29.678551303545,0.0,s1449,s1449,0.0,0.0,0,1,0.0,0.0,21.913,16.94,0.0,1,0.0,0,0.0,0,0.0,0.0,0,0.0,0,,,
122745199,RES1-2SNB,RES,0.75,S,2,1283.0,1500,196930.96585544143,98465.48292772072,68.66831,1988,X,0.0,,481576740022031,-95.611789528172,29.593402746186,1.0,s1450,s1450,0.0,0.0,1,1,0.0,0.0,10.494,1.73,0.0,1,0.0,0,0.0,0,0.0,0.0,0,0.0,1,,,
122589016,RES1-2SNB,RES,0.75,S,2,2333.0,1973,406174.1721028817,203087.08605144086,78.20074,1997,X,3.66,,481576738022020,-95.689738672146,29.598467367188,0.0,s1451,s1451,0.0,0.0,1,1,0.0,0.0,3.426,4.86,0.0,1,0.0,0,0.0,0,0.0,0.0,0,0.0,0,,,
122667917,RES1-2SNB,RES,0.75,S,2,2493.0,2159,318217.01214896847,159108.50607448423,67.32079,1988,X,7.23,,481576740021014,-95.614372094261,29.587290872821,1.0,s1452,s1452,0.0,0.0,1,1,0.347,0.0,4.202,2.0,0.0,1,0.0,0,0.0,0,0.0,0.0,0,0.0,1,,,
122523441,RES1-2SNB,RES,0.75,S,2,3672.0,2745,854795.9338217393,427397.96691086964,70.59842,1988,X,5.85,,481576746011005,-95.672958398953,29.560059519931,1.0,s1453,s1453,0.0,0.0,1,1,0.0,0.0,5.465,2.56,0.0,1,0.0,0,0.0,0,0.0,0.0,0,0.0,0,,,
122465307,AGR1,COM,0.25,S,1,3724.0,3724,334207.4229397188,484600.76326259226,80.76164,1988,X,0.2,,481576737001011,-95.710126630399,29.627740872197,0.0,s1454,s1454,0.0,0.0,0,1,0.0,0.0,1.601,2.39,0.0,1,0.0,0,0.0,0,0.0,0.0,0,0.0,0,,,
122609787,RES1-2SNB,RES,0.75,S,2,4824.0,6757,1088436.6260609517,544218.3130304759,86.75143,2012,AE,5.47,,481576734042019,-95.747811880166,29.629460676007,0.0,s1455,s1455,0.0,0.0,1,1,0.0,0.0,3.244,1.27,0.0,1,0.0,0,0.0,0,0.0,0.0,0,0.0,0,,,
122636260,RES1-1SNB,RES,0.75,S,1,2423.0,2720,397536.0374385142,198768.0187192571,93.31225,2015,X,4.97,,481576755021048,-95.760883367447,29.529769201899,0.0,s1456,s1456,0.0,0.0,0,1,0.0,0.0,6.436,1.16,0.0,1,0.0,0,0.0,0,0.0,0.0,0,0.0,0,,,
122476106,RES1-1SNB,RES,0.75,S,1,2975.0,3842,644154.3076434279,322077.15382171393,81.67438,2010,AE,4.59,,481576734011019,-95.746688345042,29.602998724612,1.0,s1457,s1457,0.0,0.0,1,1,0.0,0.0,1.742,3.13,0.0,1,0.0,0,0.0,0,0.0,0.0,0,0.0,0,,,
122567310,RES1-1SNB,RES,0.75,S,1,1634.0,2104,309223.22625860345,154611.61312930172,73.962166,1989,X,4.78,,481576746031006,-95.693034087464,29.551275055935,1.0,s1458,s1458,0.0,0.0,1,1,0.0,0.0,13.83,6.2,0.0,1,0.0,0,0.0,0,0.0,0.0,0,0.0,0,,,
122588893,RES1-2SNB,RES,0.75,S,2,2765.0,1582,687727.6763991064,343863.8381995532,71.0408,1988,X,4.96,,481576746012005,-95.689519955096,29.553289687364,1.0,s1459,s1459,0.0,0.0,1,1,0.0,0.0,11.799,3.51,0.0,1,0.0,0,0.0,0,0.0,0.0,0,0.0,0,,,
122490288,RES1-1SNB,RES,0.75,S,1,2818.0,4736,617055.979922917,308527.9899614585,91.88741,2010,X,4.51,,481576734014005,-95.800924686584,29.621579692242,0.0,s1460,s1460,0.0,0.0,1,1,0.0,0.0,2.309,2.96,0.0,1,0.0,0,0.0,0,0.0,0.0,0,0.0,0,,,
122488630,RES1-1SNB,RES,0.75,S,1,4287.0,5190,846168.1511825682,423084.0755912841,89.91213,2010,X,3.98,,481576734014003,-95.795297525851,29.626399453974,0.0,s1461,s1461,0.0,0.0,0,1,0.0,0.0,3.87,1.2,0.0,1,0.0,0,0.0,0,0.0,0.0,0,0.0,0,,,
122576177,RES1-1SNB,RES,0.75,S,1,3497.0,2961,904276.1716274364,452138.0858137182,78.49076,2002,X,0.08,,481576746023031,-95.678965504785,29.539670111461,0.0,s1462,s1462,0.0,0.0,1,1,0.0,0.0,7.199,7.42,0.0,1,0.0,0,0.0,0,0.0,0.0,0,0.0,0,,,
122448666,RES1-1SNB,RES,0.75,S,1,2597.0,3257,678426.5956665673,339213.29783328366,70.72986,2002,X,5.16,,481576746022003,-95.660678465557,29.55937591212,1.0,s1463,s1463,0.0,0.0,1,1,0.0,0.0,3.685,7.25,0.0,1,0.0,0,0.0,0,0.0,0.0,0,0.0,0,,,
122467968,RES1-1SNB,RES,0.75,S,1,2485.0,2856,572674.5997704318,286337.2998852159,80.78003,2012,X,1.17,,481576735012015,-95.724331655102,29.632170533518,1.0,s1464,s1464,0.0,0.0,0,1,0.0,0.0,3.27,0.93,0.0,1,0.0,0,0.0,0,0.0,0.0,0,0.0,0,,,
122595003,RES1-1SNB,RES,0.75,S,1,1240.0,1716,141977.05483803526,70988.52741901763,96.400085,2008,X,4.96,,481576751011010,-95.776886248541,29.547862283413,0.0,s1465,s1465,0.0,0.0,1,1,0.0,0.0,4.122,2.23,0.0,1,0.0,0,0.0,0,0.0,0.0,0,0.0,0,,,
122481121,RES1-2SNB,RES,0.75,S,2,2883.0,2418,760568.6548379757,380284.3274189879,87.941765,2012,X,5.14,,481576734042004,-95.769897046267,29.641978913456,0.0,s1466,s1466,0.0,0.0,0,1,0.0,0.0,7.403,6.02,0.0,1,0.0,0,0.0,0,0.0,0.0,0,0.0,0,,,
122523405,RES1-2SNB,RES,0.75,S,2,4116.0,2901,928772.4205390771,464386.21026953857,70.96666,1988,X,6.12,,481576746011005,-95.67389847942,29.559972927138,1.0,s1467,s1467,0.0,0.0,1,1,0.0,0.0,7.011,2.62,0.0,1,0.0,0,0.0,0,0.0,0.0,0,0.0,0,,,
122620340,RES1-1SNB,RES,0.75,S,1,2151.0,2809,380322.5088673069,190161.25443365346,86.427414,2015,X,4.2,,481576755022004,-95.717824509961,29.536215012172,0.0,s1468,s1468,0.0,0.0,1,1,0.0,0.0,8.86,3.34,0.0,1,0.0,0,0.0,0,0.0,0.0,0,0.0,0,,,
122457408,RES1-2SNB,RES,0.75,S,2,3311.0,2715,797861.0934991584,398930.5467495792,75.91364,2003,X,4.37,,481576747011001,-95.695030869925,29.568605639095,1.0,s1469,s1469,0.0,0.0,0,1,0.0,0.0,28.143,11.19,0.0,1,0.0,0,0.0,0,0.0,0.0,0,0.0,1,,,
122702347,RES1-2SNB,RES,0.75,S,2,3943.0,2154,892889.0124675486,446444.5062337743,67.01599,1998,X,5.28,,481576744014010,-95.602432907099,29.562417937532,0.0,s1470,s1470,0.0,0.0,1,1,0.0,0.0,6.76,3.29,0.0,1,0.0,0,0.0,0,0.0,0.0,0,0.0,0,,,
122448317,RES1-1SNB,RES,0.75,S,1,3047.0,3909,761382.7424989021,380691.37124945107,72.77879,2009,X,5.85,,481576739022006,-95.655214692609,29.585693088852,0.0,s1471,s1471,0.0,0.0,1,1,0.0214,0.0,8.526,2.67,0.0,1,0.0,0,0.0,0,0.0,0.0,0,0.0,0,,,
122554312,RES1-2SNB,RES,0.75,S,2,2218.0,2048,485552.3853851259,242776.19269256294,83.616554,2012,X,4.94,,481576735012019,-95.738317670544,29.64287911137,0.0,s1472,s1472,0.0,0.0,1,1,0.0,0.0,11.53,5.53,0.0,1,0.0,0,0.0,0,0.0,0.0,0,0.0,0,,,
122467658,RES1-2SNB,RES,0.75,S,2,2932.0,2426,627729.2116981436,313864.6058490718,85.204254,2012,X,5.52,,481576735012015,-95.725055559292,29.64014978113,1.0,s1473,s1473,0.0,0.0,1,1,0.0,0.0,7.849,1.72,0.0,1,0.0,0,0.0,0,0.0,0.0,0,0.0,0,,,
122558144,RES1-1SNB,RES,0.75,S,1,2134.0,2464,207782.4931561314,103891.2465780657,99.45743,2008,X,4.34,,481576751011008,-95.780343472411,29.554262097767,0.0,s1474,s1474,0.0,0.0,1,1,0.0,0.0,7.298,1.8,0.0,1,0.0,0,0.0,0,0.0,0.0,0,0.0,0,,,
122623344,RES1-1SNB,RES,0.75,S,1,2053.0,2538,369637.20260006934,184818.60130003467,84.268234,2015,X,1.01,,481576755022010,-95.717456449484,29.525403201571,0.0,s1475,s1475,0.0,0.0,1,1,0.0,0.0,7.959,6.09,0.0,1,0.0,0,0.0,0,0.0,0.0,0,0.0,0,,,
122488149,RES1-1SNB,RES,0.75,S,1,509.0,509,139974.64604600804,69987.32302300402,87.9199,2010,AE,1.08,,481576734013007,-95.79347166472,29.581021840555,1.0,s1476,s1476,0.0,0.0,1,1,0.1064,0.0,3.549,3.38,0.0,1,0.0,0,0.0,0,0.0,0.0,0,0.0,0,,,
122590051,RES1-1SNB,RES,0.75,S,1,2207.0,3581,310874.89896,155437.44948,96.28187,2013,X,4.35,,481576747023025,-95.758762438299,29.56852400498,0.0,s1477,s1477,0.0,0.0,1,1,0.0,0.0,4.922,8.72,0.0,1,0.0,0,0.0,0,0.0,0.0,0,0.0,0,,,
122445161,RES1-2SNB,RES,0.75,S,2,4517.0,3511,993377.704625658,496688.852312829,70.188675,1993,X,6.3,,481576742002006,-95.632312277823,29.56840476859,1.0,s1478,s1478,0.0,0.0,1,1,0.0,0.0,5.382,1.1,0.0,1,0.0,0,0.0,0,0.0,0.0,0,0.0,0,,,
122695425,RES1-2SNB,RES,0.75,S,2,2676.0,1812,309794.83771899395,154897.41885949697,67.578865,1988,X,5.34,,481576740021002,-95.607145124356,29.591298788312,1.0,s1479,s1479,0.0,0.0,1,1,0.0,0.0,3.134,2.12,0.0,1,0.0,0,0.0,0,0.0,0.0,0,0.0,1,,,
122454135,RES1-2SNB,RES,0.75,S,2,3954.0,2867,962573.3582399109,481286.67911995546,72.88736,2003,X,5.27,,481576747012005,-95.672661953279,29.570199665892,1.0,s1480,s1480,0.0,0.0,0,1,0.0,0.0,24.379,18.59,0.0,1,0.0,0,0.0,0,0.0,0.0,0,0.0,0,,,
122645229,COM1,COM,0.25,S,1,5210.0,5210,792193.8396619034,990242.2995773794,68.9734,2015,X,3.61,,481576755031055,-95.683118261451,29.494054647802,1.0,s1481,s1481,0.0,0.0,0,1,0.0,0.0,4.578,1.34,0.0,1,0.0,0,0.0,0,0.0,0.0,0,0.0,1,,,
122472642,RES1-1SNB,RES,0.75,S,1,2137.0,2696,374519.6155428348,187259.8077714174,89.80261,2015,X,4.76,,481576755023010,-95.73586897754,29.538652264425,0.0,s1482,s1482,0.0,0.0,1,1,0.0141,0.0,8.687,0.54,0.0,1,0.0,0,0.0,0,0.0,0.0,0,0.0,0,,,
122681431,RES1-1SNB,RES,0.75,S,1,2140.0,2472,273304.660885474,136652.330442737,66.60201,1984,X,3.48,,481576741001012,-95.605950215229,29.580283452629,1.0,s1483,s1483,0.0,0.0,1,1,0.0,0.0,2.162,3.75,0.0,1,0.0,0,0.0,0,0.0,0.0,0,0.0,0,,,
122480253,RES1-1SNB,RES,0.75,S,1,5738.0,8199,647337.9837539999,323668.99187699996,96.27981,2013,X,3.89,,481576747023021,-95.758531520345,29.571780804768,0.0,s1484,s1484,0.0,0.0,1,1,0.0,0.0,15.334,21.25,0.0,1,0.0,0,0.0,0,0.0,0.0,0,0.0,0,,,
122636392,RES1-2SNB,RES,0.75,S,2,1859.0,1340,460752.68638592545,230376.34319296273,86.35279,2015,X,4.39,,481576755031016,-95.748270523364,29.517003565387,0.0,s1485,s1485,0.0,0.0,1,1,0.0,0.0,2.363,1.3,0.0,1,0.0,0,0.0,0,0.0,0.0,0,0.0,0,,,
122487845,RES1-1SNB,RES,0.75,S,1,2205.0,1942,559367.614596994,279683.807298497,88.73224,2010,X,0.08,,481576734013007,-95.805079613011,29.588724112911,0.0,s1486,s1486,0.0,0.0,0,1,0.0,0.0,1.803,6.22,0.0,1,0.0,0,0.0,0,0.0,0.0,0,0.0,0,,,
122605367,RES1-2SNB,RES,0.75,S,2,5472.0,4641,1147425.6842890235,573712.8421445118,94.11186,2012,X,5.26,,481576734043008,-95.78174463724,29.655946392402,0.0,s1487,s1487,0.0,0.0,0,1,0.0,0.0,12.839,2.38,0.0,1,0.0,0,0.0,0,0.0,0.0,0,0.0,0,,,
122471022,RES1-2SNB,RES,0.75,S,2,2447.0,1530,515163.7118765341,257581.85593826705,82.18301,1987,X,5.74,,481576736001004,-95.731624562571,29.611746940434,0.0,s1488,s1488,0.0,0.0,1,1,0.0,0.0,2.54,2.49,0.0,1,0.0,0,0.0,0,0.0,0.0,0,0.0,0,,,
122473006,RES1-1SNB,RES,0.75,S,1,3502.0,3175,475356.0878944453,237678.04394722264,77.377045,2013,X,1.0,,481576747024011,-95.737822509172,29.568024518585,1.0,s1489,s1489,0.0,0.0,0,1,0.0,0.0,10.301,0.81,0.0,1,0.0,0,0.0,0,0.0,0.0,0,0.0,0,,,
122578434,RES1-1SNB,RES,0.75,S,1,2176.0,2545,520916.92870477575,260458.46435238788,84.409676,2010,AE,3.7,,481576734011022,-95.748149135638,29.598973468466,0.0,s1490,s1490,0.0,0.0,1,1,0.0,0.0,9.01,2.1,0.0,1,0.0,0,0.0,0,0.0,0.0,0,0.0,0,,,
122597115,RES1-2SNB,RES,0.75,S,2,3282.0,3084,783197.572508039,391598.7862540195,70.83048,1988,X,6.23,,481576746011003,-95.675520762363,29.561170865083,1.0,s1491,s1491,0.0,0.0,1,1,0.0,0.0,2.71,4.14,0.0,1,0.0,0,0.0,0,0.0,0.0,0,0.0,0,,,
122568478,RES1-2SNB,RES,0.75,S,2,3813.0,3960,474949.98939303675,237474.99469651838,77.61996,2013,X,4.94,,481576747021013,-95.706091664521,29.563908309611,1.0,s1492,s1492,0.0,0.0,1,1,0.0,0.0,17.784,6.18,0.0,1,0.0,0,0.0,0,0.0,0.0,0,0.0,0,,,
122524107,RES1-1SNB,RES,0.75,S,1,2714.0,3027,689921.285530554,344960.642765277,76.30328,1995,X,3.88,,481576739041017,-95.678485228503,29.599295905728,1.0,s1493,s1493,0.0,0.0,1,1,0.0,0.0,1.837,5.62,0.0,1,0.0,0,0.0,0,0.0,0.0,0,0.0,0,,,
122576127,RES1-1SNB,RES,0.75,S,1,3706.0,2942,902250.8854705666,451125.4427352833,72.14277,2003,X,4.83,,481576747012007,-95.674987368041,29.569921165266,1.0,s1494,s1494,0.0,0.0,1,1,0.0,0.0,8.814,19.66,0.0,1,0.0,0,0.0,0,0.0,0.0,0,0.0,0,,,
122588175,RES1-2SNB,RES,0.75,S,2,3351.0,3073,819547.4192586753,409773.70962933765,74.35359,2009,X,5.3,,481576739023036,-95.656235721266,29.599435205944,0.0,s1495,s1495,0.0,0.0,1,1,0.0,0.0,11.498,0.81,0.0,1,0.0,0,0.0,0,0.0,0.0,0,0.0,0,,,
122690117,RES1-2SNB,RES,0.75,S,2,2375.0,1506,288919.32060422195,144459.66030211098,66.502686,1988,X,4.62,,481576740021010,-95.608399574568,29.585286644499,1.0,s1496,s1496,0.0,0.0,1,1,0.0,0.0,2.667,1.9,0.0,1,0.0,0,0.0,0,0.0,0.0,0,0.0,0,,,
122460616,RES1-1SNB,RES,0.75,S,1,2813.0,3188,762945.9534160391,381472.97670801956,81.9582,2015,X,3.38,,481576729012070,-95.701124160704,29.632079929136,0.0,s1497,s1497,0.171,0.17,0,1,0.0,0.002,4.431,5.81,0.0,1,0.0,0,0.0,0,0.0,0.0,0,0.0,0,,,
122638965,RES1-2SNB,RES,0.75,S,2,3983.0,2506,553692.2295530458,276846.1147765229,93.249176,2015,X,5.36,,481576755021027,-95.75249566766,29.53463174293,0.0,s1498,s1498,0.0,0.0,1,1,0.0,0.0,16.871,2.25,0.0,1,0.0,0,0.0,0,0.0,0.0,0,0.0,0,,,
122623311,RES1-1SNB,RES,0.75,S,1,3638.0,4188,499921.23303131276,249960.61651565638,79.21121,2015,X,4.9,,481576755022017,-95.706978902601,29.522533177336,0.0,s1499,s1499,0.0,0.0,0,1,0.0,0.0,6.907,4.96,0.0,1,0.0,0,0.0,0,0.0,0.0,0,0.0,1,,,
122714697,RES1-2SNB,RES,0.75,S,2,3852.0,2884,877484.8445555865,438742.42227779323,67.44234,1998,X,4.35,,481576744014011,-95.60246642329,29.561323089297,0.0,s1500,s1500,0.0,0.0,1,1,0.0,0.0,7.076,3.37,0.0,1,0.0,0,0.0,0,0.0,0.0,0,0.0,0,,,
122479246,RES1-1SNB,RES,0.75,S,1,1868.0,2408,461966.4523161947,230983.22615809736,86.26086,2010,X,4.66,,481576734012009,-95.751404080636,29.623944298316,0.0,s1501,s1501,0.0,0.0,1,1,0.0,0.0,25.628,1.52,0.0,1,0.0,0,0.0,0,0.0,0.0,0,0.0,0,,,
122482360,RES1-2SNB,RES,0.75,S,2,2575.0,2378,262018.81398141457,131009.40699070728,96.53577,2008,X,5.67,,481576751013015,-95.762441502049,29.548242498381,0.0,s1502,s1502,0.0,0.0,1,1,0.0,0.0,11.993,0.46,0.0,1,0.0,0,0.0,0,0.0,0.0,0,0.0,0,,,
122667910,RES1-2SNB,RES,0.75,S,2,2714.0,2170,333303.947392452,166651.973696226,66.42044,1988,X,6.26,,481576740021014,-95.614217455361,29.588306296481,1.0,s1503,s1503,0.0,0.0,1,1,0.0,0.0,11.984,1.66,0.0,1,0.0,0,0.0,0,0.0,0.0,0,0.0,1,,,
122488185,RES1-1SNB,RES,0.75,S,1,2061.0,1886,533054.7124453919,266527.35622269596,88.49236,2010,X,4.86,,481576734013007,-95.804608251892,29.589244174971,0.0,s1504,s1504,0.0,0.0,1,1,0.0,0.0,2.259,5.87,0.0,1,0.0,0,0.0,0,0.0,0.0,0,0.0,0,,,
122534004,RES1-2SNB,RES,0.75,S,2,2443.0,1982,565459.0476841207,282729.52384206036,83.39463,2010,AE,4.95,,481576734011030,-95.751357203592,29.597834747485,1.0,s1505,s1505,0.0,0.0,1,1,0.0,0.0,8.857,0.71,0.0,1,0.0,0,0.0,0,0.0,0.0,0,0.0,0,,,
122606751,RES1-1SNB,RES,0.75,S,1,1260.0,2340,179259.5227,89629.76135,99.499344,1981,X,4.38,,481576751021015,-95.793790527251,29.555987882863,0.0,s1506,s1506,0.0,0.0,1,1,0.0,0.0,4.313,9.81,0.0,1,0.0,0,0.0,0,0.0,0.0,0,0.0,0,,,
122519550,EDU1,PUB,0.25,S,1,544.67,1634,133336.74680051245,86668.8854203331,70.233536,1993,X,2.0,,481576742002000,-95.633887251877,29.575528354509,1.0,s1507,s1507,0.0,0.0,0,1,0.0,0.0,22.841,1.63,0.0,1,0.0,0,0.0,0,0.0,0.0,0,0.0,0,,,
122713774,RES1-2SNB,RES,0.75,S,2,4923.0,3173,1048877.4236320446,524438.7118160223,67.677414,1998,X,5.71,,481576744014013,-95.608504493357,29.561673421978,0.0,s1508,s1508,0.0,0.0,1,1,0.0,0.0,10.19,3.8,0.0,1,0.0,0,0.0,0,0.0,0.0,0,0.0,0,,,
122617788,COM1,COM,0.25,S,1,7826.0,7826,1212931.487467185,1516164.359333981,92.97072,2015,X,5.34,,481576755021039,-95.743102191548,29.542993883207,0.0,s1509,s1509,0.0,0.0,1,1,0.0,0.0,15.734,16.76,0.0,1,0.0,0,0.0,0,0.0,0.0,0,0.0,0,,,
122534635,COM1,COM,0.25,S,1,6457.0,6457,877747.4288622589,1097184.2860778237,93.800285,2008,X,5.79,,481576751013022,-95.755991431569,29.543883704662,0.0,s1510,s1510,0.0,0.0,1,1,0.0,0.0,3.091,3.3,0.0,1,0.0,0,0.0,0,0.0,0.0,0,0.0,0,,,
122566346,RES1-2SNB,RES,0.75,S,2,4229.0,3423,963179.4237374712,481589.7118687356,70.98165,2002,X,6.22,,481576746022019,-95.668095045325,29.549690991092,1.0,s1511,s1511,0.0,0.0,1,1,0.0,0.0,2.572,3.2,0.0,1,0.0,0,0.0,0,0.0,0.0,0,0.0,0,,,
122630126,RES1-1SNB,RES,0.75,S,1,2006.0,2482,324470.7714108802,162235.3857054401,88.95081,2011,X,0.09,,481576755013008,-95.781274309108,29.519469227204,1.0,s1512,s1512,0.0,0.0,0,1,0.0,0.0,0.678,0.76,0.0,1,0.0,0,0.0,0,0.0,0.0,0,0.0,1,,,
122602125,RES1-2SNB,RES,0.75,S,2,3707.0,1903,879051.0974810945,439525.54874054727,70.039375,2002,X,5.93,,481576746024007,-95.658632280474,29.55007607737,1.0,s1513,s1513,0.0,0.0,1,1,0.0,0.0,5.212,14.23,0.0,1,0.0,0,0.0,0,0.0,0.0,0,0.0,0,,,
122588473,RES1-2SNB,RES,0.75,S,2,3431.0,2890,818196.3611863372,409098.1805931686,76.06129,1996,X,6.58,,481576739032009,-95.668236568872,29.581444706549,0.0,s1514,s1514,0.0,0.0,1,1,0.0,0.0,21.111,11.45,0.0,1,0.0,0,0.0,0,0.0,0.0,0,0.0,0,,,
122679906,RES1-2SNB,RES,0.75,S,2,7413.0,6738,1435334.666680878,717667.333340439,67.7626,1993,X,5.98,,481576742003000,-95.606403099241,29.56752106254,1.0,s1515,s1515,0.0,0.0,1,1,0.0,0.0,3.857,1.94,0.0,1,0.0,0,0.0,0,0.0,0.0,0,0.0,0,,,
122526791,RES1-1SNB,RES,0.75,S,1,1739.0,2158,316714.5182152236,158357.2591076118,82.83458,1989,X,3.96,,481576746033000,-95.696780443528,29.544204197381,0.0,s1516,s1516,0.0,0.0,1,1,0.0,0.0,5.507,5.49,0.0,1,0.0,0,0.0,0,0.0,0.0,0,0.0,0,,,
122554670,RES1-1SNB,RES,0.75,S,1,1544.0,2306,277191.19614752446,138595.59807376223,78.52978,2013,X,3.87,,481576747024016,-95.738542568049,29.563848004528,1.0,s1517,s1517,0.0,0.0,1,1,0.0,0.0,8.114,2.47,0.0,1,0.0,0,0.0,0,0.0,0.0,0,0.0,0,,,
122529447,RES1-1SNB,RES,0.75,S,1,1700.0,2408,413251.5536154905,206625.77680774525,82.01757,1992,X,4.29,,481576735023007,-95.727189334308,29.625538614845,0.0,s1518,s1518,0.0,0.0,1,1,0.0,0.0,12.286,6.38,0.0,1,0.0,0,0.0,0,0.0,0.0,0,0.0,0,,,
122488628,RES1-2SNB,RES,0.75,S,2,4519.0,6438,857264.4024308573,428632.20121542865,92.03252,2010,X,5.08,,481576734014003,-95.797675806703,29.627599327758,0.0,s1519,s1519,0.0,0.0,0,1,0.0,0.0,2.628,2.23,0.0,1,0.0,0,0.0,0,0.0,0.0,0,0.0,0,,,
122667965,RES1-1SNB,RES,0.75,S,1,1933.0,2848,260104.95127431213,130052.47563715607,67.54399,1988,X,5.33,,481576740021014,-95.611462274347,29.582960263218,1.0,s1520,s1520,0.0,0.0,1,1,0.0,0.0,3.118,2.25,0.0,1,0.0,0,0.0,0,0.0,0.0,0,0.0,0,,,
122449201,RES1-1SNB,RES,0.75,S,1,2131.0,2741,589203.0049975966,294601.5024987983,70.46594,2002,X,4.62,,481576746024000,-95.659356061564,29.549061781108,1.0,s1521,s1521,0.0,0.0,1,1,0.0,0.0,3.031,14.77,0.0,1,0.0,0,0.0,0,0.0,0.0,0,0.0,0,,,
122482776,RES1-1SNB,RES,0.75,S,1,1721.0,2734,140341.3190241018,70170.6595120509,96.95153,1978,X,5.73,,481576748004004,-95.76610300947,29.563881447601,0.0,s1522,s1522,0.0,0.0,1,1,0.0,0.0,2.134,1.2,0.0,1,0.0,0,0.0,0,0.0,0.0,0,0.0,0,,,
122463103,RES1-2SNB,RES,0.75,S,2,3054.0,2323,626808.819461595,313404.4097307975,79.55557,2004,X,4.78,,481576746041011,-95.707425312902,29.544800341476,0.0,s1523,s1523,0.0,0.0,1,1,0.0,0.0,6.32,10.64,0.0,1,0.0,0,0.0,0,0.0,0.0,0,0.0,0,,,
122443918,RES1-2SNB,RES,0.75,S,2,3371.0,1932,789984.9879814775,394992.49399073876,72.60755,1987,X,5.75,,481576740011023,-95.627714626685,29.575774113807,0.0,s1524,s1524,0.0,0.0,1,1,0.0,0.0,6.62,4.01,0.0,1,0.0,0,0.0,0,0.0,0.0,0,0.0,0,,,
122474907,RES1-1SNB,RES,0.75,S,1,3353.0,3448,690201.089835389,345100.5449176945,83.18837,1992,X,5.24,,481576735022007,-95.739864545806,29.629614657715,0.0,s1525,s1525,0.0,0.0,1,1,0.0,0.0,4.546,3.1,0.0,1,0.0,0,0.0,0,0.0,0.0,0,0.0,0,,,
122681245,RES1-2SNB,RES,0.75,S,2,2445.0,2234,294181.0227409234,147090.5113704617,66.49716,1984,X,4.53,,481576741001007,-95.605855913536,29.583820279173,1.0,s1526,s1526,0.0,0.0,1,1,0.0,0.0,12.243,3.37,0.0,1,0.0,0,0.0,0,0.0,0.0,0,0.0,0,,,
122534016,RES1-1SNB,RES,0.75,S,1,2360.0,2768,552071.6689322107,276035.8344661053,83.364,2010,AE,4.8,,481576734011030,-95.751185767126,29.597862157771,1.0,s1527,s1527,0.0,0.0,1,1,0.0,0.0,8.794,1.2,0.0,1,0.0,0,0.0,0,0.0,0.0,0,0.0,0,,,
122576331,RES1-2SNB,RES,0.75,S,2,3551.0,2454,819301.1188414359,409650.55942071794,70.22622,1988,X,0.0,37556094,481576746011009,-95.679893728742,29.554617467572,1.0,s1528,s1528,0.0,0.0,1,1,0.0,0.0,12.475,1.92,0.0,1,0.0,0,0.0,0,0.0,0.0,0,0.0,1,,,
122490788,RES1-1SNB,RES,2.0,C,1,1484.0,1813,123109.25445,61554.627225,98.33475,1981,X,3.59,,481576752003012,-95.801661476476,29.540810190612,0.0,s1529,s1529,0.0,0.0,1,1,0.0,0.0,2.829,2.14,0.0,1,0.0,0,0.0,0,0.0,0.0,0,0.0,0,,,
122521508,RES1-2SWB,RES,2.0,B,2,2909.0,2829,768738.5611342887,384369.28056714433,74.936295,1995,X,5.86,,481576739042007,-95.661014600055,29.591360565627,1.0,s1530,s1530,0.0,0.0,1,1,0.0,0.0,3.007,7.68,0.0,1,0.0,0,0.0,0,0.0,0.0,0,0.0,0,,,
122548629,RES1-2SNB,RES,0.75,S,2,3936.0,3214,911907.8562203896,455953.9281101948,70.558754,1998,X,5.47,,481576744012004,-95.631276725953,29.563296332981,0.0,s1531,s1531,0.0,0.0,1,1,0.0,0.0,9.203,1.41,0.0,1,0.0,0,0.0,0,0.0,0.0,0,0.0,1,,,
122622919,RES1-1SNB,RES,0.75,S,1,2653.0,2489,441271.31759053504,220635.65879526752,85.07717,2015,X,4.4,,481576755022017,-95.732291588549,29.524995921928,0.0,s1532,s1532,0.0,0.0,0,1,0.0,0.0,10.005,5.73,0.0,1,0.0,0,0.0,0,0.0,0.0,0,0.0,0,,,
122568410,RES1-2SNB,RES,0.75,S,2,3978.0,3010,493313.00766091124,246656.50383045562,77.63306,2013,X,5.54,,481576747021013,-95.70816970506,29.565185146446,1.0,s1533,s1533,0.0,0.0,1,1,0.0,0.0,14.302,10.65,0.0,1,0.0,0,0.0,0,0.0,0.0,0,0.0,0,,,
122453523,RES1-2SNB,RES,0.75,S,2,3637.0,2402,750429.4681054684,375214.7340527342,81.41086,2003,X,4.94,,481576728011002,-95.676548323686,29.616765117605,0.0,s1534,s1534,0.0,0.0,1,1,0.0,0.0,10.276,6.15,0.0,1,0.0,0,0.0,0,0.0,0.0,0,0.0,0,,,
122575531,RES1-2SNB,RES,0.75,S,2,2940.0,2603,741871.3200065842,370935.6600032921,71.10211,2002,X,4.89,,481576746022004,-95.654611333225,29.559136619643,1.0,s1535,s1535,0.0,0.0,1,1,0.0,0.0,20.652,2.04,0.0,1,0.0,0,0.0,0,0.0,0.0,0,0.0,0,,,
122484374,RES1-1SNB,RES,0.75,S,1,1734.0,2196,195384.5464268417,97692.27321342085,97.21286,2008,X,5.04,,481576751011001,-95.77416188583,29.550227760567,0.0,s1536,s1536,0.0,0.0,1,1,0.0,0.0,4.496,6.49,0.0,1,0.0,0,0.0,0,0.0,0.0,0,0.0,0,,,
122570628,RES1-1SNB,RES,2.0,C,1,3684.12,12526,826506.483684,413253.241842,85.090416,2012,AE,3.3,,481576734042010,-95.76940612724,29.627416637033,1.0,s1537,s1537,0.0,0.0,1,1,0.0,0.0,8.909,5.38,0.0,1,0.0,0,0.0,0,0.0,0.0,0,0.0,0,,,
122444068,RES1-2SNB,RES,0.75,S,2,4457.0,3587,978516.1358499306,489258.0679249653,71.19084,1993,X,5.96,,481576742004006,-95.628416353485,29.568424001894,1.0,s1538,s1538,0.0,0.0,1,1,0.0,0.0,6.475,4.46,0.0,1,0.0,0,0.0,0,0.0,0.0,0,0.0,0,,,
122521574,RES1-2SNB,RES,0.75,S,2,2347.0,1937,619013.9970729201,309506.99853646004,76.113464,1995,X,4.7,,481576739043003,-95.662090596258,29.601567973389,0.0,s1539,s1539,0.0,0.0,1,1,0.0,0.0,2.799,5.74,0.0,1,0.0,0,0.0,0,0.0,0.0,0,0.0,0,,,
122745184,RES1-2SNB,RES,0.75,S,2,1422.0,1500,225920.34761049706,112960.17380524853,68.21124,1988,X,0.0,,481576740022031,-95.613538185599,29.592653821807,1.0,s1540,s1540,0.0,0.0,1,1,0.0,0.0,14.756,1.25,0.0,1,0.0,0,0.0,0,0.0,0.0,0,0.0,1,,,
122619440,RES1-1SNB,RES,0.75,S,1,1308.0,1081,133295.93165,66647.965825,100.147934,1987,X,0.0,37076471,481576753001088,-95.811747426357,29.552738539364,0.0,s1541,s1541,0.0,0.0,1,1,0.0,0.0,1.984,7.37,0.0,1,0.0,0,0.0,0,0.0,0.0,0,0.0,0,,,
122479362,RES1-1SNB,RES,2.0,C,1,962.0,1046,160268.05645200002,80134.02822600001,83.06082,1994,X,2.9,,481576738013029,-95.752590656176,29.58244803056,0.0,s1542,s1542,0.0,0.0,1,1,0.0,0.0,28.378,23.23,0.0,1,0.0,0,0.0,0,0.0,0.0,0,0.0,1,,,
122534588,RES1-1SNB,RES,0.75,S,1,2809.0,3249,289992.64244198205,144996.32122099103,95.88801,2008,X,3.09,,481576751013004,-95.755800633961,29.553827925786,0.0,s1543,s1543,0.0,0.0,1,1,0.0,0.0,17.465,19.69,0.0,1,0.0,0,0.0,0,0.0,0.0,0,0.0,0,,,
122585167,COM1,COM,0.25,S,1,3039.0,3039,476996.6150960775,596245.7688700969,96.2602,2013,X,5.72,,481576747024067,-95.748420764812,29.549478156982,0.0,s1544,s1544,0.0,0.0,0,1,0.0,0.0,15.168,24.88,0.0,1,0.0,0,0.0,0,0.0,0.0,0,0.0,0,,,
122602830,RES1-1SNB,RES,0.75,S,1,1506.0,2125,280786.58059019933,140393.29029509966,78.550705,2013,X,0.2,,481576747024026,-95.730522064616,29.56064442492,1.0,s1545,s1545,0.0,0.0,0,1,0.0,0.0,14.357,11.07,0.0,1,0.015,0,0.0,0,0.0,0.0,0,0.0,0,,,
122625134,RES1-1SNB,RES,0.75,S,1,2324.0,2091,406221.61288491084,203110.80644245542,85.69374,2015,X,0.01,,481576755024011,-95.746806529754,29.521385947138,0.0,s1546,s1546,0.0,0.0,0,1,0.0,0.0,7.717,0.01,0.0,1,0.0,0,0.0,0,0.0,0.0,0,0.0,0,,,
122639293,RES1-1SNB,RES,0.75,S,1,4383.0,2900,599377.7824961502,299688.8912480751,94.16145,2015,X,3.59,,481576755021031,-95.755130827559,29.534494408809,0.0,s1547,s1547,0.0,0.0,1,1,0.0,0.0,9.417,3.07,0.0,1,0.0,0,0.0,0,0.0,0.0,0,0.0,0,,,
122477471,RES1-1SNB,RES,0.75,S,1,1551.0,2186,275540.48153825384,137770.24076912692,77.92208,2013,X,2.24,,481576747024015,-95.748905686014,29.561179280654,1.0,s1548,s1548,0.0,0.0,1,1,0.0,0.0,11.08,4.57,0.0,1,0.0,0,0.0,0,0.0,0.0,0,0.0,0,,,
122679922,RES1-2SNB,RES,0.75,S,2,4253.0,3513,943071.4706478728,471535.7353239364,67.91977,1993,X,0.0,37445599,481576742003000,-95.602873293237,29.56535813566,1.0,s1549,s1549,0.0,0.0,1,1,0.0,0.0,6.421,4.69,0.0,1,0.0,0,0.0,0,0.0,0.0,0,0.0,0,,,
122524525,RES1-2SNB,RES,0.75,S,2,3301.0,2163,776950.3773502698,388475.1886751349,70.82664,1988,X,5.5,,481576746011011,-95.679118336372,29.550587339807,1.0,s1550,s1550,0.0,0.0,1,1,0.0,0.0,13.92,1.91,0.0,1,0.0,0,0.0,0,0.0,0.0,0,0.0,0,,,
122465088,RES1-2SNB,RES,0.75,S,2,3742.0,2436,718598.8894515876,359299.4447257938,78.52192,2004,X,5.93,,481576746042021,-95.71024206915,29.546701622635,1.0,s1551,s1551,0.0,0.0,1,1,0.0,0.0,18.881,12.39,0.0,1,0.0,0,0.0,0,0.0,0.0,0,0.0,1,,,
122533025,RES1-2SNB,RES,0.75,S,2,3550.0,2869,724700.8371631552,362350.4185815776,82.4725,2010,AE,4.84,,481576734011029,-95.746435010414,29.602563591653,1.0,s1552,s1552,0.0,0.0,1,1,0.0,0.0,2.324,1.5,0.0,1,0.0,0,0.0,0,0.0,0.0,0,0.0,0,,,
122463047,RES1-2SNB,RES,0.75,S,2,2881.0,1830,604349.2358863018,302174.6179431509,80.2568,2004,X,5.39,,481576746041011,-95.707827399117,29.543253969494,0.0,s1553,s1553,0.0,0.0,1,1,0.0,0.0,7.851,10.04,0.0,1,0.0,0,0.0,0,0.0,0.0,0,0.0,0,,,
122457339,RES1-2SNB,RES,0.75,S,2,2802.0,2168,707392.4289800654,353696.2144900327,75.85072,2003,X,5.28,,481576747011001,-95.686220823517,29.575889936672,1.0,s1554,s1554,0.0,0.0,1,1,0.0,0.0,28.648,16.24,0.0,1,0.0,0,0.0,0,0.0,0.0,0,0.0,1,,,
122742479,RES3A,RES,0.5,S,2,3000.0,1500,508031.6266218256,177811.06931763896,127.31875,2016,X,0.0,,481576732023105,-95.897239386689,29.694460344487,0.0,s1555,s1555,0.0,0.0,0,1,0.0,0.0,15.807,12.53,0.0,1,0.0,0,0.0,0,0.0,0.0,0,0.0,0,,,
122528671,RES1-2SNB,RES,0.75,S,2,2011.0,1636,438413.997962252,219206.998981126,81.76982,1987,X,3.6,,481576736001011,-95.72436526558,29.610507771696,0.0,s1556,s1556,0.0,0.0,1,1,0.0,0.0,9.365,9.95,0.0,1,0.0,0,0.0,0,0.0,0.0,0,0.0,0,,,
122465846,RES1-1SNB,RES,0.75,S,1,1664.0,2153,412139.31132298196,206069.65566149098,85.17991,2004,X,4.54,,481576746042017,-95.713931271283,29.541329935392,0.0,s1557,s1557,0.0,0.0,0,1,0.0,0.0,5.975,4.44,0.0,1,0.0,0,0.0,0,0.0,0.0,0,0.0,0,,,
122667961,RES1-2SNB,RES,0.75,S,2,2120.0,2320,273234.1631763516,136617.0815881758,66.367065,1988,X,5.01,,481576740021014,-95.612621036307,29.581642636068,1.0,s1558,s1558,0.0,0.0,1,1,0.0,0.0,2.919,3.17,0.0,1,0.0,0,0.0,0,0.0,0.0,0,0.0,0,,,
122548606,RES1-2SNB,RES,0.75,S,2,3991.0,3134,921318.7254097345,460659.36270486726,70.763885,1998,X,5.92,,481576744012004,-95.631480182951,29.563291393101,0.0,s1559,s1559,0.0,0.0,1,1,0.0,0.0,9.059,1.65,0.0,1,0.0,0,0.0,0,0.0,0.0,0,0.0,1,,,
122463234,RES1-1SNB,RES,0.75,S,1,3142.0,5195,625583.683909414,312791.841954707,79.5377,2004,X,4.06,,481576746041015,-95.704646233654,29.542025838756,0.0,s1560,s1560,0.0,0.0,1,1,0.0,0.0,8.573,3.08,0.0,1,0.0,0,0.0,0,0.0,0.0,0,0.0,0,,,
122613460,RES1-2SNB,RES,0.75,S,2,3497.0,4249,334425.12326494505,167212.56163247253,97.12665,2008,X,5.32,,481576751013016,-95.764415952846,29.550600743798,0.0,s1561,s1561,0.0,0.0,1,1,0.0,0.0,2.209,0.43,0.0,1,0.0,0,0.0,0,0.0,0.0,0,0.0,0,,,
122627688,RES1-1SNB,RES,0.75,S,1,2792.0,2426,468810.40717595647,234405.20358797823,90.516754,2015,X,0.06,,481576755021018,-95.759655227029,29.527934261223,0.0,s1562,s1562,0.0,0.0,0,1,0.0,0.0,7.896,3.99,0.0,1,0.0,0,0.0,0,0.0,0.0,0,0.0,0,,,
122645719,RES3A,RES,2.0,C,2,480.0,1169,90539.52518908947,31688.83381618131,89.31151,2015,X,5.01,,481576755021026,-95.75022799962,29.531930250246,0.0,s1563,s1563,0.0,0.0,1,1,0.0,0.0,2.684,6.11,0.0,1,0.0,0,0.0,0,0.0,0.0,0,0.0,0,,,
122566001,RES1-2SNB,RES,0.75,S,2,2500.0,2324,649153.1992132547,324576.59960662737,75.787415,1995,X,5.25,,481576739043002,-95.664158357185,29.60158951419,0.0,s1564,s1564,0.0,0.0,1,1,0.0,0.0,4.708,0.14,0.0,1,0.0,0,0.0,0,0.0,0.0,0,0.0,0,,,
122460939,RES1-1SNB,RES,0.75,S,1,3032.0,3737,800870.5492374732,400435.2746187366,82.05203,2015,X,3.2,,481576729012070,-95.699679177934,29.632195258924,0.0,s1565,s1565,0.5148,0.33,0,1,0.0,0.063,8.795,3.51,0.0,1,0.0,0,0.0,0,0.0,0.0,0,0.0,0,,,
122481814,RES1-1SNB,RES,0.75,S,1,1892.0,2270,564870.136911222,282435.068455611,88.04188,2012,X,0.01,,481576734042004,-95.76771183806,29.644859958333,0.0,s1566,s1566,0.0,0.0,0,1,0.0,0.0,7.553,3.99,0.0,1,0.0,0,0.0,0,0.0,0.0,0,0.0,0,,,
122589532,RES1-2SNB,RES,0.75,S,2,2207.0,1933,467559.20342674974,233779.60171337487,82.44568,1987,X,4.84,,481576736004002,-95.735454220936,29.619586904917,0.0,s1567,s1567,0.0,0.0,1,1,0.0,0.0,15.417,3.71,0.0,1,0.0,0,0.0,0,0.0,0.0,0,0.0,0,,,
122523734,RES1-2SNB,RES,0.75,S,2,4154.0,2881,936983.1993101983,468491.59965509915,70.60879,1988,X,5.52,,481576746011002,-95.67711707571,29.560338013099,1.0,s1568,s1568,0.0,0.0,1,1,0.0,0.0,3.071,4.59,0.0,1,0.0,0,0.0,0,0.0,0.0,0,0.0,0,,,
122665727,RES1-2SNB,RES,0.75,S,2,3248.0,2878,777491.3138193984,388745.6569096992,68.46274,1998,X,5.15,,481576744015000,-95.617496833677,29.558081317092,0.0,s1569,s1569,0.0,0.0,1,1,0.0,0.0,11.018,3.01,0.0,1,0.0,0,0.0,0,0.0,0.0,0,0.0,0,,,
122617315,RES1-2SNB,RES,0.75,S,2,3923.0,3422,920394.6385155655,460197.3192577828,74.614174,2009,X,5.81,,481576739022016,-95.653574144209,29.590482183394,0.0,s1570,s1570,0.0,0.0,1,1,0.0,0.0,11.605,0.23,0.0,1,0.0,0,0.0,0,0.0,0.0,0,0.0,1,,,
122528811,RES1-1SNB,RES,0.75,S,1,1899.0,2774,419870.7334029013,209935.36670145066,82.8683,1987,X,3.7,,481576736001002,-95.726680253468,29.610543855128,0.0,s1571,s1571,0.0,0.0,1,1,0.0,0.0,3.396,1.07,0.0,1,0.0,0,0.0,0,0.0,0.0,0,0.0,0,,,
122465375,AGR1,COM,0.25,S,1,3459.0,3459,311998.8357697816,452398.3118661833,82.01598,1988,X,0.19,,481576737001011,-95.712222413039,29.629830635114,0.0,s1572,s1572,0.0,0.0,0,1,0.0,0.0,11.674,3.51,0.0,1,0.0,0,0.0,0,0.0,0.0,0,0.0,0,,,
122639314,RES1-1SNB,RES,0.75,S,1,4256.0,3581,582010.4618101298,291005.2309050649,93.70524,2015,X,0.87,,481576755021031,-95.754665101093,29.53376002451,0.0,s1573,s1573,0.0,0.0,1,1,0.0,0.0,7.425,6.34,0.0,1,0.0,0,0.0,0,0.0,0.0,0,0.0,0,,,
122540500,RES1-2SNB,RES,0.75,S,2,2606.0,2745,600607.6437332043,300303.8218666022,92.66398,2010,X,5.31,,481576734013017,-95.808931572408,29.590228338328,0.0,s1574,s1574,0.0,0.0,1,1,0.0,0.0,8.513,5.07,0.0,1,0.0,0,0.0,0,0.0,0.0,0,0.0,0,,,
122524457,RES1-2SNB,RES,0.75,S,2,3489.0,2301,814853.6399658464,407426.8199829232,70.34463,1988,X,5.6,,481576746011011,-95.675657221812,29.549732253668,1.0,s1575,s1575,0.0,0.0,1,1,0.0,0.0,8.434,0.74,0.0,1,0.0,0,0.0,0,0.0,0.0,0,0.0,0,,,
122457771,RES1-2SNB,RES,0.75,S,2,3920.0,2653,930298.9318676437,465149.46593382186,82.26985,2015,X,5.1,,481576729012052,-95.689418505024,29.624864334512,0.0,s1576,s1576,0.0,0.0,1,1,0.0,0.0,12.057,9.44,0.0,1,0.0,0,0.0,0,0.0,0.0,0,0.0,0,,,
122610685,RES1-1SNB,RES,2.0,C,1,2035.0,2035,563000.6964276864,281500.3482138432,64.914024,2002,AE,3.32,,481576746023016,-95.638911301399,29.525717719977,1.0,s1577,s1577,0.0,0.0,0,1,0.0,0.0,1.522,4.38,0.0,1,0.0,0,0.0,0,0.0,0.0,0,0.0,0,,,
122483798,RES1-1SNB,RES,0.75,S,1,816.0,924,101395.08105000001,50697.540525000004,100.72525,1979,X,3.29,,481576749001006,-95.77185164734,29.582168638029,0.0,s1578,s1578,0.0,0.0,1,1,0.0,0.0,6.997,16.11,0.0,1,0.0,0,0.0,0,0.0,0.0,0,0.0,0,,,
122475948,RES1-1SNB,RES,0.75,S,1,1288.0,1714,339801.07852132356,169900.53926066178,84.75462,2010,AE,3.89,,481576734011011,-95.743863990756,29.608929324811,0.0,s1579,s1579,0.0,0.0,1,1,0.0,0.0,3.053,5.68,0.0,1,0.0,0,0.0,0,0.0,0.0,0,0.0,0,,,
122570924,COM1,COM,0.25,S,1,6190.0,6190,1008983.3670085339,1261229.2087606674,84.54786,2010,AE,5.31,,481576734014000,-95.770769000433,29.625531311374,1.0,s1580,s1580,0.0,0.0,1,1,0.0,0.0,10.036,0.18,0.0,1,0.0,0,0.0,0,0.0,0.0,0,0.0,0,,,
122448351,RES1-2SNB,RES,0.75,S,2,4056.0,3384,941286.1754557787,470643.08772788936,74.46868,2009,X,6.06,,481576739022006,-95.653203531681,29.588307519046,0.0,s1581,s1581,0.0,0.0,1,1,0.0,0.0,10.271,1.88,0.0,1,0.0,0,0.0,0,0.0,0.0,0,0.0,0,,,
122521977,RES1-2SWB,RES,2.0,B,2,4436.0,3410,1054420.7577980878,527210.3788990439,70.50387,2002,X,5.38,,481576746022017,-95.665036758793,29.553724343768,1.0,s1582,s1582,0.0,0.0,1,1,0.0,0.0,3.941,6.73,0.0,1,0.0,0,0.0,0,0.0,0.0,0,0.0,0,,,
122533018,RES1-1SNB,RES,0.75,S,1,2975.0,4303,642811.1075414655,321405.5537707328,83.68096,2010,AE,4.27,,481576734011029,-95.745844102517,29.60197021023,0.0,s1583,s1583,0.0,0.0,1,1,0.0,0.0,3.401,1.55,0.0,1,0.0,0,0.0,0,0.0,0.0,0,0.0,0,,,
122559479,COM1,COM,0.25,S,1,1736.0,1736,291286.79244066245,364108.49055082805,92.928734,2012,AE,3.66,,481576734043019,-95.810555090773,29.632707439046,0.0,s1584,s1584,0.0,0.0,0,1,0.0,0.0,1.996,3.98,0.0,1,0.0,0,0.0,0,0.0,0.0,0,0.0,0,,,
122530056,RES1-2SNB,RES,0.75,S,2,3632.0,3010,650661.2604719169,325330.63023595844,81.81676,1987,X,5.21,,481576736004000,-95.732851084414,29.621600994254,0.0,s1585,s1585,0.0,0.0,1,1,0.0,0.0,2.787,5.73,0.0,1,0.0,0,0.0,0,0.0,0.0,0,0.0,0,,,
122469205,RES1-1SNB,RES,0.75,S,1,2369.0,3461,358344.74493923644,179172.37246961822,78.42714,2013,X,4.78,,481576747024024,-95.747501776643,29.55578769284,1.0,s1586,s1586,0.0,0.0,1,1,0.0,0.0,15.02,2.73,0.0,1,0.0,0,0.0,0,0.0,0.0,0,0.0,0,,,
122531732,RES1-1SNB,RES,0.75,S,1,2713.0,2276,455627.3977509301,227813.69887546505,88.7847,2015,X,0.73,,481576755023001,-95.730093418936,29.536447714359,0.0,s1587,s1587,0.0,0.0,0,1,0.0,0.0,10.526,1.31,0.0,1,0.0,0,0.0,0,0.0,0.0,0,0.0,0,,,
122576287,RES1-2SNB,RES,0.75,S,2,2714.0,2708,689921.285530554,344960.642765277,77.037056,1995,X,5.12,,481576739041018,-95.678283587515,29.597911433976,0.0,s1588,s1588,0.0,0.0,1,1,0.0,0.0,5.051,6.15,0.0,1,0.0,0,0.0,0,0.0,0.0,0,0.0,1,,,
122576843,RES1-1SNB,RES,0.75,S,1,1937.0,2285,535683.3966093156,267841.6983046578,72.88543,1988,X,6.71,,481576746012003,-95.686625785934,29.557148596107,1.0,s1589,s1589,0.0,0.0,1,1,0.0,0.0,12.316,1.24,0.0,1,0.0,0,0.0,0,0.0,0.0,0,0.0,1,,,
122640802,RES3A,RES,0.5,S,1,1600.0,1600,289252.12073117745,101238.2422559121,76.76245,2002,X,2.37,,481576746023022,-95.653408537892,29.532207119138,0.0,s1590,s1590,0.0,0.0,0,1,0.0,0.0,8.61,10.78,0.0,1,0.0,0,0.0,0,0.0,0.0,0,0.0,0,,,
122540397,RES1-1SNB,RES,0.75,S,1,2933.0,2256,686135.8261676048,343067.9130838024,91.24532,2010,X,0.27,,481576734013001,-95.804615415519,29.598576556354,0.0,s1591,s1591,0.0,0.0,0,1,0.0,0.0,8.561,3.04,0.0,1,0.0,0,0.0,0,0.0,0.0,0,0.0,0,,,
122600511,RES1-2SNB,RES,0.75,S,2,2432.0,1721,538760.6388781519,269380.31943907595,84.26392,1992,X,4.65,,481576735022001,-95.737637520672,29.640220743861,0.0,s1592,s1592,0.0,0.0,0,1,0.0,0.0,6.323,8.7,0.0,1,0.0,0,0.0,0,0.0,0.0,0,0.0,0,,,
122471325,RES1-2SNB,RES,0.75,S,2,3302.0,3180,608892.774082623,304446.3870413115,82.1073,1987,X,3.85,,481576736004001,-95.731891856707,29.622746196935,0.0,s1593,s1593,0.0,0.0,1,1,0.0,0.0,3.213,9.6,0.0,1,0.0,0,0.0,0,0.0,0.0,0,0.0,0,,,
122460642,RES1-1SNB,RES,0.75,S,1,2682.0,2390,738777.7479969263,369388.87399846315,81.45778,2015,X,2.35,,481576729012070,-95.698026863984,29.626173289235,0.0,s1594,s1594,0.0,0.0,0,1,0.0,0.0,12.103,5.76,0.0,1,0.0,0,0.0,0,0.0,0.0,0,0.0,0,,,
122565406,RES1-2SNB,RES,0.75,S,2,4477.0,3914,1029359.1951687669,514679.59758438345,71.87006,1998,X,5.98,,481576744011012,-95.64184165667,29.568611594705,0.0,s1595,s1595,0.0,0.0,1,1,0.0,0.0,5.173,1.36,0.0,1,0.0,0,0.0,0,0.0,0.0,0,0.0,0,,,
122636420,RES1-2SNB,RES,0.75,S,2,2714.0,2419,603008.121368918,301504.060684459,85.50267,2015,X,5.9,,481576755031016,-95.746102915061,29.516843532281,0.0,s1596,s1596,0.0,0.0,1,1,0.0,0.0,2.73,0.46,0.0,1,0.0,0,0.0,0,0.0,0.0,0,0.0,0,,,
122582598,RES1-2SNB,RES,0.75,S,2,4043.0,3267,934133.8231036394,467066.9115518197,71.270485,2002,X,5.01,,481576746024001,-95.661896507,29.544953176241,1.0,s1597,s1597,0.0,0.0,1,1,0.0,0.0,14.963,11.3,0.0,1,0.0,0,0.0,0,0.0,0.0,0,0.0,0,,,
122469241,RES1-1SNB,RES,0.75,S,1,2681.0,2187,405146.18854228157,202573.09427114078,74.340996,2013,X,1.05,,481576747024024,-95.726985160979,29.557439769052,1.0,s1598,s1598,0.0,0.0,0,1,0.0,0.0,5.649,10.62,0.0,1,0.0,0,0.0,0,0.0,0.0,0,0.0,0,,,
122532007,RES1-1SNB,RES,0.75,S,1,3374.0,2876,512243.2519720904,256121.6259860452,88.81502,2015,X,3.93,,481576755023001,-95.73111907087,29.534800367008,0.0,s1599,s1599,0.0,0.0,0,1,0.0634,0.0,9.128,1.56,0.0,1,0.0,0,0.0,0,0.0,0.0,0,0.0,0,,,
122589837,RES1-1SNB,RES,2.0,C,1,1915.0,1915,316897.6311096214,158448.8155548107,79.06162,2013,X,0.63,,481576747024001,-95.74113436675,29.573754907546,1.0,s1600,s1600,0.0,0.0,0,1,0.0,0.0,23.066,1.42,0.0,1,0.0,0,0.0,0,0.0,0.0,0,0.0,1,,,
122541569,RES1-1SNB,RES,0.75,S,1,2913.0,1878,786153.132250726,393076.566125363,93.06616,2013,AE,0.0,,481576734022021,-95.815959000536,29.634508139348,0.0,s1601,s1601,0.0,0.0,0,1,0.0,0.0,3.197,2.58,0.0,1,0.0,0,0.0,0,0.0,0.0,0,0.0,0,,,
122745129,RES3B,RES,0.5,S,2,4800.0,2400,674061.6153970729,235921.5653889755,69.77678,1988,X,0.0,,481576740022010,-95.622546734042,29.594604180049,1.0,s1602,s1602,0.0,0.0,1,1,0.0414,0.0,3.23,0.5,0.0,1,0.0,0,0.0,0,0.0,0.0,0,0.0,0,,,
122667941,RES1-2SNB,RES,0.75,S,2,2731.0,2025,334375.963195965,167187.9815979825,67.50991,1988,X,6.28,,481576740021014,-95.613292986378,29.588076812254,1.0,s1603,s1603,0.0,0.0,1,1,0.0,0.0,3.819,0.12,0.0,1,0.0,0,0.0,0,0.0,0.0,0,0.0,1,,,
122554514,RES1-1SNB,RES,0.75,S,1,3300.0,3515,680703.3002585669,340351.65012928343,83.74885,1992,X,5.45,,481576735023000,-95.738357134689,29.630220352985,0.0,s1604,s1604,0.0,0.0,1,1,0.0,0.0,3.283,1.05,0.0,1,0.0,0,0.0,0,0.0,0.0,0,0.0,0,,,
122585751,RES1-1SNB,RES,0.75,S,1,2112.0,2604,206625.29716591298,103312.64858295649,100.05232,2008,X,4.53,,481576751011004,-95.7765583289,29.552717630352,0.0,s1605,s1605,0.0,0.0,1,1,0.0,0.0,8.215,3.28,0.0,1,0.0,0,0.0,0,0.0,0.0,0,0.0,0,,,
122609066,RES1-1SNB,RES,2.0,C,1,1216.0,1616,137803.82444925618,68901.91222462809,103.03459,1987,X,2.9,,481576753001033,-95.809591162919,29.556720789949,0.0,s1606,s1606,0.0,0.0,1,1,0.0,0.0,1.821,3.47,0.0,1,0.0,0,0.0,0,0.0,0.0,0,0.0,0,,,
122665597,RES1-2SNB,RES,0.75,S,2,3468.0,2221,818704.9439719309,409352.47198596544,69.26424,1998,X,5.48,,481576744015000,-95.617598340918,29.556714574337,0.0,s1607,s1607,0.0,0.0,1,1,0.0,0.0,15.881,1.46,0.0,1,0.0,0,0.0,0,0.0,0.0,0,0.0,1,,,
122614652,RES1-2SNB,RES,0.75,S,2,912.0,1232,151938.115938,75969.057969,82.36073,1994,AE,5.03,,481576738013018,-95.753338260631,29.58393953118,1.0,s1608,s1608,0.0,0.0,1,1,0.0,0.0,8.855,10.17,0.0,1,0.0,0,0.0,0,0.0,0.0,0,0.0,0,,,
122589358,RES1-1SNB,RES,0.75,S,1,1643.0,2179,377903.59824173973,188951.79912086987,81.88601,1987,X,3.93,,481576736001007,-95.725800725243,29.606603516519,0.0,s1609,s1609,0.0,0.0,1,1,0.0,0.0,4.852,10.0,0.0,1,0.0,0,0.0,0,0.0,0.0,0,0.0,0,,,
122482350,RES1-1SNB,RES,0.75,S,1,2345.0,2800,251202.98210941578,125601.49105470789,96.62296,2008,X,4.49,,481576751013015,-95.763746837889,29.546617601086,0.0,s1610,s1610,0.0,0.0,1,1,0.0,0.0,2.427,0.43,0.0,1,0.0,0,0.0,0,0.0,0.0,0,0.0,0,,,
122567727,RES1-1SNB,RES,0.75,S,1,1517.0,2120,288505.922931223,144252.9614656115,80.87063,1989,X,4.54,,481576746033017,-95.695662299359,29.538660557835,0.0,s1611,s1611,0.0,0.0,1,1,0.0,0.0,7.736,5.7,0.0,1,0.0,0,0.0,0,0.0,0.0,0,0.0,0,,,
122600241,RES1-2SNB,RES,0.75,S,2,3128.0,3123,421756.80119168217,210878.40059584109,76.44957,2013,X,5.75,,481576747024059,-95.721224221344,29.55972865466,1.0,s1612,s1612,0.0,0.0,1,1,0.0,0.0,3.062,12.2,0.0,1,0.0,0,0.0,0,0.0,0.0,0,0.0,0,,,
122484707,RES1-1SNB,RES,0.75,S,1,3155.0,4577,781807.9014228833,390903.95071144163,91.5048,2012,X,5.36,,481576734043007,-95.778886524379,29.64918389569,0.0,s1613,s1613,0.0,0.0,1,1,0.0,0.0,7.443,1.65,0.0,1,0.0,0,0.0,0,0.0,0.0,0,0.0,1,,,
122557369,RES3B,RES,0.5,S,2,4346.0,2173,437737.96044900146,153208.2861571505,98.786285,1978,X,6.01,,481576748001010,-95.773177409831,29.570262624943,0.0,s1614,s1614,0.0,0.0,1,1,0.0,0.0,3.727,7.99,0.0,1,0.0,0,0.0,0,0.0,0.0,0,0.0,0,,,
122582649,RES1-1SNB,RES,0.75,S,1,2317.0,2511,613172.4167648752,306586.2083824376,75.890656,1995,X,4.87,,481576739043001,-95.662110861418,29.604654166015,0.0,s1615,s1615,0.0,0.0,1,1,0.0,0.0,7.27,7.43,0.0,1,0.0,0,0.0,0,0.0,0.0,0,0.0,0,,,
122521676,RES1-2SNB,RES,0.75,S,2,3547.0,3066,831601.8570295281,415800.92851476406,75.63944,1995,X,5.32,,481576739043008,-95.66321697109,29.598279020355,0.0,s1616,s1616,0.0,0.0,1,1,0.0,0.0,3.266,2.98,0.0,1,0.0,0,0.0,0,0.0,0.0,0,0.0,1,,,
122600491,RES1-2SNB,RES,0.75,S,2,2376.0,1690,531183.4438798594,265591.7219399297,84.057915,1992,X,5.23,,481576735022001,-95.736216267505,29.639752124174,0.0,s1617,s1617,0.0,0.0,1,1,0.0,0.0,7.342,8.02,0.0,1,0.0,0,0.0,0,0.0,0.0,0,0.0,0,,,
122489193,RES1-1SNB,RES,0.75,S,1,2236.0,947,155400.77668725705,77700.38834362853,96.363235,1981,X,7.24,,481576752004005,-95.80149652487,29.538448255936,0.0,s1618,s1618,0.0,0.0,0,1,0.0,0.0,1.567,6.56,0.0,1,0.0,0,0.0,0,0.0,0.0,0,0.0,0,,,
122619396,RES1-1SNB,RES,2.0,C,1,1404.0,1384,139957.9615,69978.98075,99.49786,1987,X,4.99,,481576753001087,-95.812259782992,29.552202563461,0.0,s1619,s1619,0.0,0.0,1,1,0.0,0.0,1.408,6.59,0.0,1,0.0,0,0.0,0,0.0,0.0,0,0.0,0,,,
122452208,RES1-2SNB,RES,0.75,S,2,3711.0,1916,865867.5495203594,432933.7747601797,74.00828,2002,X,5.61,,481576746021015,-95.670896528814,29.545402522671,1.0,s1620,s1620,0.0,0.0,1,1,0.0,0.0,5.354,3.3,0.0,1,0.0,0,0.0,0,0.0,0.0,0,0.0,0,,,
122578699,COM1,COM,0.25,S,1,1110.22,2498,192845.42807869075,241056.78509836344,80.655815,1994,AE,4.77,,481576738013000,-95.734084501816,29.595783340539,1.0,s1621,s1621,0.0,0.0,0,1,0.0,0.0,12.829,21.45,0.0,1,0.0,0,0.0,0,0.0,0.0,0,0.0,0,,,
122451069,RES1-2SNB,RES,0.75,S,2,3147.0,3178,762048.0129402346,381024.0064701173,72.73435,1996,X,4.89,,481576739032002,-95.660938786587,29.584379891976,1.0,s1622,s1622,0.0,0.0,1,1,0.0,0.0,5.495,7.59,0.0,1,0.0,0,0.0,0,0.0,0.0,0,0.0,1,,,
122528770,RES1-2SNB,RES,0.75,S,2,2188.0,2040,463949.3775703866,231974.6887851933,82.91887,1987,X,4.55,,481576736001002,-95.726729964053,29.612888143575,0.0,s1623,s1623,0.0,0.0,1,1,0.0,0.0,4.105,1.63,0.0,1,0.0,0,0.0,0,0.0,0.0,0,0.0,0,,,
122445438,RES1-2SNB,RES,0.75,S,2,3715.0,2958,868716.735079602,434358.367539801,71.927315,2009,X,5.91,,481576739021010,-95.633082887351,29.597599784488,1.0,s1624,s1624,0.0,0.0,1,1,0.0436,0.0,6.077,0.67,0.0,1,0.0,0,0.0,0,0.0,0.0,0,0.0,1,,,
122574726,RES1-1SNB,RES,0.75,S,1,2325.0,3070,612154.9502131875,306077.47510659375,69.32337,1987,X,4.21,,481576740011012,-95.624768851146,29.583200388532,1.0,s1625,s1625,0.0,0.0,1,1,0.0,0.0,19.151,2.96,0.0,1,0.0,0,0.0,0,0.0,0.0,0,0.0,0,,,
122527734,RES1-2SNB,RES,0.75,S,2,3815.0,2550,730797.8832728768,365398.9416364384,75.90488,2004,X,5.28,,481576746042001,-95.707916802312,29.552706584723,1.0,s1626,s1626,0.0,0.0,1,1,0.0,0.0,11.83,7.7,0.0,1,0.0,0,0.0,0,0.0,0.0,0,0.0,0,,,
122620908,RES1-2SNB,RES,2.0,C,2,2488.0,1752,395716.0905100932,197858.0452550466,88.9945,2015,X,5.57,,481576755024008,-95.742791255717,29.534979429031,0.0,s1627,s1627,0.0,0.0,0,1,0.0,0.0,1.561,3.58,0.0,1,0.0,0,0.0,0,0.0,0.0,0,0.0,0,,,
122558021,COM2,COM,0.25,S,1,1975.0,3555,225424.55485057016,315594.3767907982,100.13239,1978,X,4.33,,481576748001012,-95.777372986581,29.568794600071,0.0,s1628,s1628,0.0,0.0,1,1,0.0,0.0,1.938,14.65,0.0,1,0.0,0,0.0,0,0.0,0.0,0,0.0,0,,,
122615995,COM1,COM,0.25,S,1,8270.0,8270,1169817.352561359,1462271.690701699,80.01329,1994,AE,3.6,,481576738013011,-95.750786271155,29.586416979504,1.0,s1629,s1629,0.0,0.0,1,1,0.0,0.0,2.503,2.96,0.0,1,0.0,0,0.0,0,0.0,0.0,0,0.0,0,,,
122748870,RES3B,RES,0.5,S,1,2400.0,2400,377344.2582790751,132070.49039767627,69.68424,1988,X,0.0,,481576740022010,-95.621941197615,29.595651103625,1.0,s1630,s1630,0.0,0.0,1,1,0.0,0.0,3.221,0.0,0.0,1,0.0033,0,0.0,0,0.0,0.0,0,0.0,0,,,
122475873,RES1-1SNB,RES,0.75,S,1,2550.0,2359,382703.3353567574,191351.6676783787,79.90511,1994,AE,1.0,,481576738013009,-95.745542566781,29.584963044868,1.0,s1631,s1631,0.0,0.0,0,1,0.0,0.0,1.495,2.39,0.0,1,0.0,0,0.0,0,0.0,0.0,0,0.0,0,,,
122476200,RES1-2SNB,RES,0.75,S,2,4350.0,3736,838861.0062388954,419430.5031194477,81.528175,2010,AE,5.06,,481576734011019,-95.749884087844,29.596027484066,1.0,s1632,s1632,0.0,0.0,1,1,0.0014,0.0,6.195,0.19,0.0,1,0.0,0,0.0,0,0.0,0.0,0,0.0,0,,,
122588182,RES1-2SNB,RES,0.75,S,2,3162.0,2863,784400.1258715469,392200.06293577346,74.6065,2009,X,5.72,,481576739023036,-95.656069910784,29.599758770388,0.0,s1633,s1633,0.0,0.0,1,1,0.0,0.0,11.469,1.72,0.0,1,0.0,0,0.0,0,0.0,0.0,0,0.0,0,,,
122613367,RES1-1SNB,RES,0.75,S,1,1892.0,2329,535385.3666266021,267692.68331330107,75.007645,2003,X,5.3,,481576747011002,-95.686749334755,29.572407757216,1.0,s1634,s1634,0.0,0.0,1,1,0.0,0.0,17.067,4.19,0.0,1,0.0,0,0.0,0,0.0,0.0,0,0.0,0,,,
122531275,RES1-2SNB,RES,0.75,S,2,3525.0,2404,718568.5233021167,359284.26165105833,82.681595,1992,X,3.82,,481576735023001,-95.736438057925,29.627672641199,0.0,s1635,s1635,0.0,0.0,1,1,0.0,0.0,10.497,0.45,0.0,1,0.0,0,0.0,0,0.0,0.0,0,0.0,0,,,
122541657,RES1-1SNB,RES,0.75,S,1,2981.0,2027,806148.520041762,403074.260020881,97.170815,2013,X,0.03,,481576734022021,-95.816924020354,29.636756936042,0.0,s1636,s1636,0.0,0.0,0,1,0.0,0.0,16.032,4.29,0.0,1,0.0,0,0.0,0,0.0,0.0,0,0.0,0,,,
122625337,RES1-1SNB,RES,0.75,S,1,1915.0,2466,372334.54967518046,186167.27483759023,83.76429,2015,X,1.78,,481576755024011,-95.736111885108,29.520730615518,0.0,s1637,s1637,0.0,0.0,0,1,0.0,0.0,1.274,2.55,0.0,1,0.0,0,0.0,0,0.0,0.0,0,0.0,0,,,
122624532,RES1-1SNB,RES,0.75,S,1,2159.0,2723,378194.888440701,189097.4442203505,88.12309,2015,X,3.81,,481576755024012,-95.737587830607,29.52664835994,0.0,s1638,s1638,0.0,0.0,1,1,0.0,0.0,4.116,3.12,0.0,1,0.0,0,0.0,0,0.0,0.0,0,0.0,0,,,
122635641,RES1-2SNB,RES,0.75,S,2,2236.0,1280,525071.343567138,262535.671783569,87.32753,2015,X,5.78,,481576755031020,-95.750622399465,29.517615570893,0.0,s1639,s1639,0.0,0.0,1,1,0.0,0.0,3.286,0.64,0.0,1,0.0,0,0.0,0,0.0,0.0,0,0.0,0,,,
122593791,RES1-1SNB,RES,0.75,S,1,1680.0,2004,309205.57092040183,154602.78546020092,78.998535,1989,X,4.22,,481576746032004,-95.686586238435,29.542565403329,0.0,s1640,s1640,0.0,0.0,1,1,0.0,0.0,16.627,9.21,0.0,1,0.0,0,0.0,0,0.0,0.0,0,0.0,0,,,
122743444,RES1-1SNB,RES,2.0,C,1,1322.0,1500,153815.20095,76907.600475,97.2131,1979,X,0.0,,481576749001001,-95.771057824118,29.584040670727,0.0,s1641,s1641,0.0,0.0,1,1,0.0,0.0,9.384,13.05,0.0,1,0.0,0,0.0,0,0.0,0.0,0,0.0,0,,,
122578600,COM1,COM,0.25,S,1,908.44,2044,158113.06366176784,197641.3295772098,80.90701,1994,AE,2.64,,481576738013000,-95.734344445822,29.595539976392,1.0,s1642,s1642,0.0,0.0,0,1,0.0,0.0,13.801,21.07,0.0,1,0.0,0,0.0,0,0.0,0.0,0,0.0,0,,,
122481272,RES1-1SNB,RES,0.75,S,1,2331.0,1843,674030.2740192222,337015.1370096111,85.12732,2012,AE,0.06,,481576734042004,-95.760285188124,29.64419458339,1.0,s1643,s1643,0.0,0.0,0,1,0.0,0.0,2.502,0.81,0.0,1,0.0,0,0.0,0,0.0,0.0,0,0.0,0,,,
122577106,RES1-2SNB,RES,0.75,S,2,3472.0,1829,828180.0443088767,414090.02215443837,75.66789,2003,X,5.91,,481576747011008,-95.696714709579,29.566168791138,1.0,s1644,s1644,0.0,0.0,1,1,0.0,0.0,12.303,9.56,0.0,1,0.0,0,0.0,0,0.0,0.0,0,0.0,0,,,
122455577,RES1-1SNB,RES,0.75,S,1,3108.0,4274,746173.9947681616,373086.9973840808,71.29859,1988,X,5.49,,481576746011010,-95.673861686569,29.556970576094,1.0,s1645,s1645,0.0,0.0,1,1,0.0,0.0,16.389,2.61,0.0,1,0.0,0,0.0,0,0.0,0.0,0,0.0,1,,,
122512412,RES1-2SNB,RES,0.75,S,2,968.0,484,268149.518676,134074.759338,102.644485,2008,X,2.26,,481576733001043,-95.885631124363,29.661489456497,0.0,s1646,s1646,0.0,0.0,0,1,0.0,0.0,3.522,9.05,0.0,1,0.0,0,0.0,0,0.0,0.0,0,0.0,0,,,
122552608,RES1-1SNB,RES,0.75,S,1,2297.0,2506,384427.1497197745,192213.57485988725,74.752655,1989,X,5.11,,481576746031007,-95.693353366661,29.550734694421,1.0,s1647,s1647,0.0,0.0,1,1,0.0,0.0,14.799,6.63,0.0,1,0.0,0,0.0,0,0.0,0.0,0,0.0,0,,,
122636457,RES1-1SNB,RES,0.75,S,1,1614.0,2140,419543.51649592165,209771.75824796082,86.19596,2015,X,3.83,,481576755031018,-95.746302942008,29.514881371915,0.0,s1648,s1648,0.0,0.0,1,1,0.0,0.0,16.462,2.63,0.0,1,0.0,0,0.0,0,0.0,0.0,0,0.0,0,,,
122552459,RES1-1SNB,RES,0.75,S,1,1470.0,2041,281832.88591866975,140916.44295933488,77.14864,1989,X,3.79,,481576746032003,-95.68676731064,29.543456981487,0.0,s1649,s1649,0.0,0.0,1,1,0.0,0.0,19.366,8.44,0.0,1,0.0,0,0.0,0,0.0,0.0,0,0.0,0,,,
122594455,RES1-2SNB,RES,0.75,S,2,2722.0,2477,540836.6034988044,270418.3017494022,81.30534,1987,X,5.78,,481576736002005,-95.721369271444,29.620527481257,0.0,s1650,s1650,0.0,0.0,1,1,0.0,0.0,10.004,9.59,0.0,1,0.0,0,0.0,0,0.0,0.0,0,0.0,0,,,
122473050,RES1-1SNB,RES,0.75,S,1,2224.0,2709,359437.3457873369,179718.67289366844,78.224754,2013,X,0.06,,481576747024011,-95.74426572214,29.570001830274,1.0,s1651,s1651,0.0,0.0,0,1,0.0,0.0,12.431,9.52,0.0,1,0.0,0,0.0,0,0.0,0.0,0,0.0,0,,,
122531774,RES1-1SNB,RES,0.75,S,1,1753.0,2341,344345.83026048326,172172.91513024163,89.39881,2015,X,0.52,,481576755023001,-95.730476446826,29.537237625509,0.0,s1652,s1652,0.0,0.0,0,1,0.0,0.0,11.218,2.55,0.0,1,0.0,0,0.0,0,0.0,0.0,0,0.0,0,,,
122642745,RES3B,RES,0.5,S,1,2929.0,2929,449357.95854956395,157275.28549234738,88.78534,2015,X,3.33,,481576755021029,-95.750017170412,29.531087519479,0.0,s1653,s1653,0.0,0.0,0,1,0.0,0.0,2.089,6.28,0.0,1,0.0,0,0.0,0,0.0,0.0,0,0.0,0,,,
122555652,RES1-1SNB,RES,0.75,S,1,2036.0,2467,320175.5007601014,160087.7503800507,79.73398,2013,X,4.83,,481576747023008,-95.749715512463,29.571419102929,1.0,s1654,s1654,0.0,0.0,1,1,0.0,0.0,5.052,2.04,0.0,1,0.0,0,0.0,0,0.0,0.0,0,0.0,0,,,
122540506,RES1-2SNB,RES,0.75,S,2,3450.0,2248,713467.0319324556,356733.5159662278,93.58439,2010,X,5.51,,481576734013017,-95.807801351346,29.590545851547,0.0,s1655,s1655,0.0,0.0,1,1,0.0,0.0,8.84,3.22,0.0,1,0.0,0,0.0,0,0.0,0.0,0,0.0,0,,,
122454296,RES1-2SNB,RES,0.75,S,2,3306.0,2761,538056.6303784349,269028.31518921745,79.42529,2005,X,5.77,,481576728021000,-95.682944855903,29.607337882976,0.0,s1656,s1656,0.0,0.0,1,1,0.1125,0.0,8.993,3.03,0.0,1,0.0,0,0.0,0,0.0,0.0,0,0.0,0,,,
122481095,RES1-1SNB,RES,0.75,S,1,2521.0,2879,707095.4298515209,353547.71492576046,85.11968,2012,AE,1.01,,481576734042004,-95.760814007426,29.634952222447,0.0,s1657,s1657,0.0,0.0,0,1,0.0,0.0,2.114,0.29,0.0,1,0.0,0,0.0,0,0.0,0.0,0,0.0,0,,,
122618495,RES1-1SNB,RES,0.75,S,1,2308.0,2742,387807.1771131709,193903.58855658546,94.540115,2015,X,4.66,,481576755021011,-95.763413585994,29.531634488722,0.0,s1658,s1658,0.0,0.0,1,1,0.0,0.0,9.209,1.02,0.0,1,0.0,0,0.0,0,0.0,0.0,0,0.0,0,,,
122476724,RES1-2SNB,RES,0.75,S,2,2791.0,2031,619565.742055695,309782.8710278475,84.94342,2010,AE,5.03,,481576734011005,-95.745145148987,29.606345660284,0.0,s1659,s1659,0.0,0.0,1,1,0.0,0.0,3.617,7.93,0.0,1,0.0,0,0.0,0,0.0,0.0,0,0.0,0,,,
122521518,RES1-2SNB,RES,0.75,S,2,3213.0,1748,775172.936237074,387586.468118537,75.07373,1995,X,5.29,,481576739042007,-95.661651893373,29.591285246173,1.0,s1660,s1660,0.0,0.0,1,1,0.0,0.0,2.783,7.54,0.0,1,0.0,0,0.0,0,0.0,0.0,0,0.0,0,,,
122528203,RES1-2SNB,RES,0.75,S,2,3714.0,2135,662442.4833439755,331221.24167198775,81.44354,1987,X,6.16,,481576736002002,-95.720568518828,29.623922552369,0.0,s1661,s1661,0.0,0.0,1,1,0.0,0.0,11.329,10.75,0.0,1,0.0,0,0.0,0,0.0,0.0,0,0.0,0,,,
122600721,RES1-2SNB,RES,0.75,S,2,3708.0,2934,751320.7648370771,375660.38241853856,84.36788,2010,AE,5.95,,481576734011025,-95.75187718841,29.601059374585,0.0,s1662,s1662,0.0,0.0,1,1,0.0,0.0,12.472,3.82,0.0,1,0.0,0,0.0,0,0.0,0.0,0,0.0,0,,,
122471013,RES1-2SNB,RES,0.75,S,2,2349.0,1888,502248.8444325739,251124.42221628694,83.055534,1987,X,6.03,,481576736001004,-95.731966538218,29.611177086005,0.0,s1663,s1663,0.0,0.0,1,1,0.0,0.0,2.457,3.42,0.0,1,0.0,0,0.0,0,0.0,0.0,0,0.0,0,,,
122548967,RES1-2SNB,RES,0.75,S,2,3343.0,2611,793975.1748957274,396987.5874478637,71.74114,1993,X,5.27,,481576742001008,-95.638963865341,29.582000385276,1.0,s1664,s1664,0.0,0.0,1,1,0.0,0.0,25.496,4.45,0.0,1,0.0,0,0.0,0,0.0,0.0,0,0.0,0,,,
122596623,RES3D,RES,2.0,B,1,3776.0,3776,626462.531060047,219261.88587101642,76.53646,2002,X,3.3,,481576746023021,-95.652242341364,29.534950470766,0.0,s1665,s1665,0.0,0.0,0,1,0.0,0.0,9.072,12.73,0.0,1,0.0,0,0.0,0,0.0,0.0,0,0.0,0,,,
122623253,RES1-1SWB,RES,2.0,B,1,6162.0,8179,1148045.9017579574,574022.9508789787,82.58184,2015,X,3.93,,481576755022017,-95.706985827273,29.517820727997,0.0,s1666,s1666,0.0,0.0,0,1,0.0,0.0,8.627,2.4,0.0,1,0.0,0,0.0,0,0.0,0.0,0,0.0,1,,,
122622939,RES1-1SNB,RES,0.75,S,1,1854.0,2568,354268.539280128,177134.269640064,84.99629,2015,X,0.9,,481576755022017,-95.731955725929,29.52565216682,0.0,s1667,s1667,0.0,0.0,0,1,0.0,0.0,9.691,4.15,0.0,1,0.0,0,0.0,0,0.0,0.0,0,0.0,0,,,
122605355,RES3A,RES,2.0,C,2,4996.0,2498,512302.97437657777,179306.04103180222,100.14863,1978,X,5.78,,481576748003002,-95.777860515515,29.564291204112,0.0,s1668,s1668,0.0,0.0,1,1,0.0,0.0,2.643,3.21,0.0,1,0.0,0,0.0,0,0.0,0.0,0,0.0,0,,,
122667785,RES1-2SNB,RES,0.75,S,2,3592.0,2527,846066.472523057,423033.2362615285,68.597015,1998,X,5.45,,481576744015001,-95.613316411506,29.559140679681,0.0,s1669,s1669,0.0,0.0,1,1,0.0,0.0,9.898,5.05,0.0,1,0.0,0,0.0,0,0.0,0.0,0,0.0,0,,,
122483114,RES1-1SWB,RES,2.0,B,1,1963.0,2784,193599.8704,96799.9352,97.807976,1978,X,3.35,,481576748001021,-95.768884360026,29.566927338537,0.0,s1670,s1670,0.0,0.0,1,1,0.0,0.0,2.293,10.67,0.0,1,0.0,0,0.0,0,0.0,0.0,0,0.0,0,,,
122488633,RES1-2SNB,RES,0.75,S,2,4027.0,4197,778953.8854352041,389476.94271760207,87.11422,2010,AE,5.16,,481576734014003,-95.795339606403,29.617238190158,1.0,s1671,s1671,0.0,0.0,0,1,0.0,0.0,6.338,5.47,0.0,1,0.0,0,0.0,0,0.0,0.0,0,0.0,0,,,
122564226,RES1-2SNB,RES,0.75,S,2,3650.0,2913,861315.1632542219,430657.58162711095,70.021965,2013,X,5.77,,481576744024000,-95.626655893718,29.552871778122,0.0,s1672,s1672,0.0,0.0,1,1,0.0,0.0,19.027,10.62,0.0,1,0.0,0,0.0,0,0.0,0.0,0,0.0,0,,,
122472777,RES1-1SNB,RES,0.75,S,1,3773.0,2959,508088.4092760462,254044.2046380231,79.32393,2013,X,0.76,,481576747024011,-95.742404344081,29.566747317822,1.0,s1673,s1673,0.0,0.0,0,1,0.0,0.0,11.946,6.51,0.0,1,0.0,0,0.0,0,0.0,0.0,0,0.0,0,,,
122599388,RES1-2SNB,RES,0.75,S,2,3946.0,3446,917206.7475199163,458603.37375995814,69.948746,1998,X,6.59,,481576744012000,-95.619673917951,29.559908025098,0.0,s1674,s1674,0.0,0.0,0,1,0.0,0.0,11.296,3.36,0.0,1,0.0,0,0.0,0,0.0,0.0,0,0.0,1,,,
122610541,RES1-1SNB,RES,0.75,S,1,2123.0,2262,564225.4053496071,282112.70267480356,68.283295,1987,X,4.99,,481576740011018,-95.620058345881,29.580274942768,1.0,s1675,s1675,0.0,0.0,1,1,0.0,0.0,5.641,0.03,0.0,1,0.0,0,0.0,0,0.0,0.0,0,0.0,0,,,
122541546,RES1-2SNB,RES,0.75,S,2,2018.0,2432,603431.2188285254,301715.6094142627,93.08965,2013,AE,0.0,,481576734022021,-95.816233056415,29.634584439413,0.0,s1676,s1676,0.0,0.0,0,1,0.0,0.0,2.675,2.7,0.0,1,0.0,0,0.0,0,0.0,0.0,0,0.0,0,,,
122448387,RES1-1SNB,RES,0.75,S,1,2792.0,3517,721034.1022035859,360517.05110179295,73.68888,2009,X,5.92,,481576739022006,-95.653236099256,29.581486394411,0.0,s1677,s1677,0.0,0.0,1,1,0.0,0.0,9.649,0.45,0.0,1,0.0,0,0.0,0,0.0,0.0,0,0.0,0,,,
122597126,RES1-2SNB,RES,0.75,S,2,3104.0,2653,755091.5695112447,377545.7847556223,70.71627,1988,X,5.37,,481576746011003,-95.676308556006,29.561084556314,1.0,s1678,s1678,0.0,0.0,1,1,0.0,0.0,2.524,5.05,0.0,1,0.0,0,0.0,0,0.0,0.0,0,0.0,0,,,
122547776,RES1-2SNB,RES,0.75,S,2,3453.0,2853,823722.2759469022,411861.1379734511,69.3665,1998,X,5.8,,481576744013000,-95.628534641256,29.557505430798,0.0,s1679,s1679,0.0,0.0,1,1,0.0,0.0,9.095,4.3,0.0,1,0.0,0,0.0,0,0.0,0.0,0,0.0,0,,,
122449254,RES1-2SNB,RES,0.75,S,2,4350.0,2671,984708.7949356242,492354.3974678121,67.89751,2002,X,6.0,,481576746024000,-95.654931721891,29.555547325559,1.0,s1680,s1680,0.0,0.0,1,1,0.0,0.0,15.332,9.06,0.0,1,0.0,0,0.0,0,0.0,0.0,0,0.0,0,,,
122623042,RES1-1SNB,RES,0.75,S,1,2680.0,2322,452186.0255050252,226093.0127525126,84.836044,2015,X,3.69,,481576755022017,-95.730468567882,29.524423141717,0.0,s1681,s1681,0.0905,0.0,0,1,0.0318,0.0,7.062,4.29,0.0,1,0.0,0,0.0,0,0.0,0.0,0,0.0,0,,,
122490357,COM1,COM,0.25,S,1,23919.0,23919,3610609.2565711094,4513261.570713887,94.00074,2010,AE,4.47,,481576734014005,-95.810976214812,29.61774316523,1.0,s1682,s1682,0.0,0.0,0,1,0.0,0.0,8.222,0.06,0.0,1,0.0,0,0.0,0,0.0,0.0,0,0.0,0,,,
122623005,RES1-2SNB,RES,0.75,S,2,3010.0,2064,475584.3770534284,237792.1885267142,84.95624,2015,X,0.0,,481576755022017,-95.729911891791,29.524940474961,0.0,s1683,s1683,0.0,0.0,0,1,0.0014,0.0,9.46,2.8,0.0,1,0.0,0,0.0,0,0.0,0.0,0,0.0,0,,,
122615805,COM8,COM,0.25,S,1,2973.0,2973,515738.13655,593098.8570325,103.42287,1987,X,3.73,,481576753001007,-95.813452513292,29.557634954333,0.0,s1684,s1684,0.0,0.0,1,1,0.0,0.0,2.535,2.16,0.0,1,0.0,0,0.0,0,0.0,0.0,0,0.0,0,,,
122743463,RES1-1SNB,RES,2.0,C,1,640.0,1500,79652.0844,39826.0422,89.31425,1979,X,0.0,,481576749001009,-95.768756775807,29.584061678118,0.0,s1685,s1685,0.0,0.0,1,1,0.0,0.0,13.501,10.84,0.0,1,0.0,0,0.0,0,0.0,0.0,0,0.0,0,,,
122622606,RES1-2SNB,RES,0.75,S,2,2594.0,2103,413556.4859405023,206778.24297025116,85.84154,2015,X,4.57,,481576755022018,-95.728572610793,29.530274922216,0.0,s1686,s1686,0.0,0.0,1,1,0.0,0.0,8.399,1.46,0.0,1,0.0,0,0.0,0,0.0,0.0,0,0.0,0,,,
122563124,RES1-2SNB,RES,0.75,S,2,3464.0,3294,831315.7159616352,415657.8579808176,103.93695,2008,X,5.04,,481576733001028,-95.881693726479,29.66322636522,0.0,s1687,s1687,0.0,0.0,0,1,0.0,0.0,3.016,5.98,0.0,1,0.0,0,0.0,0,0.0,0.0,0,0.0,0,,,
122481102,RES1-1SNB,RES,0.75,S,1,1515.0,1955,479001.29409312416,239500.64704656208,88.15226,2012,X,0.61,,481576734042004,-95.759672408922,29.641757145452,0.0,s1688,s1688,0.0,0.0,0,1,0.0,0.0,15.394,0.36,0.0,1,0.0,0,0.0,0,0.0,0.0,0,0.0,0,,,
122612281,RES1-2SNB,RES,0.75,S,2,2618.0,3460,392633.1780856865,196316.58904284326,78.10511,2013,X,0.0,,481576747024044,-95.724745619352,29.564818630353,1.0,s1689,s1689,0.0,0.0,0,1,0.0,0.0,13.278,4.39,0.0,1,0.0,0,0.0,0,0.0,0.0,0,0.0,0,,,
122702232,RES1-1SNB,RES,0.75,S,1,1907.0,2283,252876.36441273495,126438.18220636748,66.27992,1984,X,4.15,,481576741002002,-95.600956808506,29.582991900206,1.0,s1690,s1690,0.0,0.0,1,1,0.0,0.0,10.328,2.46,0.0,1,0.0,0,0.0,0,0.0,0.0,0,0.0,0,,,
122593415,RES1-2SNB,RES,0.75,S,2,4791.0,4209,1046041.7038942256,523020.8519471128,70.54598,2002,X,5.87,,481576746021000,-95.672233042233,29.551410707715,1.0,s1691,s1691,0.0,0.0,1,1,0.0,0.0,5.259,2.11,0.0,1,0.0,0,0.0,0,0.0,0.0,0,0.0,0,,,
122536606,RES1-2SNB,RES,0.75,S,2,4309.0,3803,955624.8197567314,477812.4098783657,93.80004,2012,X,4.02,,481576734043003,-95.787336845566,29.641434884446,0.0,s1692,s1692,0.0,0.0,0,1,0.0,0.0,6.724,4.86,0.0,1,0.0,0,0.0,0,0.0,0.0,0,0.0,0,,,
122481499,RES1-3SNB,RES,0.75,S,3,2858.0,2112,777311.1315672795,388655.56578363973,88.17846,2012,X,0.0,,481576734042004,-95.760159236967,29.646737684643,0.0,s1693,s1693,0.0,0.0,0,1,0.0,0.0,11.783,3.01,0.0,1,0.0,0,0.0,0,0.0,0.0,0,0.0,0,,,
122624407,RES1-1SNB,RES,0.75,S,1,2240.0,1803,386440.36498062214,193220.18249031107,84.055855,2015,X,4.74,,481576755022022,-95.721201248565,29.524919400366,0.0,s1694,s1694,0.0,0.0,1,1,0.0,0.0,10.994,0.1,0.0,1,0.0,0,0.0,0,0.0,0.0,0,0.0,0,,,
122744001,RES1-1SNB,RES,0.75,S,1,1241.0,1500,358748.343541357,179374.1717706785,70.74901,1988,X,0.0,,481576746011004,-95.68044880662,29.560710737211,1.0,s1695,s1695,0.0,0.0,1,1,0.0,0.0,7.014,3.54,0.0,1,0.0,0,0.0,0,0.0,0.0,0,0.0,1,,,
122460791,RES1-1SNB,RES,0.75,S,1,3153.0,2454,820493.9250866383,410246.96254331915,82.00432,2015,X,3.41,,481576729012070,-95.700256564684,29.630213781225,0.0,s1696,s1696,0.0,0.0,0,1,0.0,0.0,10.058,5.85,0.0,1,0.0,0,0.0,0,0.0,0.0,0,0.0,0,,,
122556554,RES1-1SNB,RES,0.75,S,1,3895.0,4314,761617.6583875786,380808.8291937893,83.93532,2010,AE,3.52,,481576734012006,-95.759284734841,29.618064550748,1.0,s1697,s1697,0.0,0.0,0,1,0.0,0.0,3.254,2.73,0.0,1,0.0,0,0.0,0,0.0,0.0,0,0.0,0,,,
122610515,RES1-2SNB,RES,0.75,S,2,2453.0,1793,629382.8425949414,314691.4212974707,68.37149,1987,X,6.93,,481576740011018,-95.618861591062,29.578545234351,1.0,s1698,s1698,0.0,0.0,1,1,0.0,0.0,4.601,2.0,0.0,1,0.0,0,0.0,0,0.0,0.0,0,0.0,0,,,
122541157,AGR1,COM,0.25,S,1,2566.0,2566,281464.7666041033,408123.9115759498,88.04921,2008,AE,2.15,,481576733001068,-95.819341313066,29.590973921575,1.0,s1699,s1699,0.0,0.0,0,1,0.7142,0.0,3.547,4.38,0.0,1,0.0,0,0.0,0,0.0,0.0,0,0.0,0,,,
122570561,RES1-1SNB,RES,0.75,S,1,695.0,695,192939.93232799997,96469.96616399998,85.38056,2012,AE,5.11,,481576734042010,-95.769855757194,29.628680143158,1.0,s1700,s1700,0.0,0.0,0,1,0.0,0.0,4.11,3.03,0.0,1,0.0,0,0.0,0,0.0,0.0,0,0.0,0,,,
122606338,RES1-1SNB,RES,0.75,S,1,2381.0,2685,621708.3252537481,310854.16262687405,71.66842,1988,X,5.33,,481576746012007,-95.692622319897,29.552416982908,1.0,s1701,s1701,0.0,0.0,1,1,0.0,0.0,2.69,4.78,0.0,1,0.0,0,0.0,0,0.0,0.0,0,0.0,0,,,
122627561,RES1-1SNB,RES,0.75,S,1,2161.0,2719,396727.128003384,198363.564001692,90.65143,2015,X,4.49,,481576755021018,-95.75974865832,29.528485177896,0.0,s1702,s1702,0.0,0.0,0,1,0.0,0.0,7.078,1.97,0.0,1,0.0,0,0.0,0,0.0,0.0,0,0.0,0,,,
122469408,RES1-2SNB,RES,0.75,S,2,3393.0,2506,622517.2085595871,311258.60427979357,80.58494,1987,X,5.42,,481576736002014,-95.724493912764,29.622973121782,0.0,s1703,s1703,0.0,0.0,1,1,0.0,0.0,4.807,11.85,0.0,1,0.0,0,0.0,0,0.0,0.0,0,0.0,0,,,
122666050,RES1-2SNB,RES,0.75,S,2,3394.0,3085,849309.2447696725,424654.62238483626,68.72209,2013,X,5.39,,481576744021002,-95.601628684843,29.542838351549,0.0,s1704,s1704,0.0,0.0,0,1,0.0,0.0,5.909,2.03,0.0,1,0.0,0,0.0,0,0.0,0.0,0,0.0,0,,,
122469227,RES1-2SNB,RES,0.75,S,2,3690.0,4253,485752.30854064977,242876.15427032489,77.876915,2013,X,5.36,,481576747024024,-95.730704265639,29.565293121055,1.0,s1705,s1705,0.0,0.0,1,1,0.0,0.0,12.726,2.2,0.0,1,0.0,0,0.0,0,0.0,0.0,0,0.0,0,,,
122547930,RES1-2SNB,RES,0.75,S,2,4380.0,4103,991075.0416268569,495537.52081342845,69.232,1998,X,4.85,,481576744013000,-95.621236350172,29.558901879322,0.0,s1706,s1706,0.0,0.0,1,1,0.0,0.0,9.069,2.59,0.0,1,0.0,0,0.0,0,0.0,0.0,0,0.0,1,,,
122571224,RES3A,RES,0.5,S,1,746.2,831,119836.2948,41942.70318,101.37277,1979,X,1.24,,481576749001012,-95.775416576258,29.582171032442,0.0,s1707,s1707,0.0,0.0,1,1,0.0,0.0,5.138,17.01,0.0,1,0.0,0,0.0,0,0.0,0.0,0,0.0,0,,,
122556774,COM1,COM,0.25,S,1,5217.0,5217,681239.7137988097,851549.6422485121,94.08581,1978,X,4.69,,481576748002018,-95.764088056893,29.572252123889,0.0,s1708,s1708,0.0,0.0,1,1,0.0,0.0,12.508,11.97,0.0,1,0.0,0,0.0,0,0.0,0.0,0,0.0,0,,,
122550315,RES1-2SNB,RES,0.75,S,2,2908.0,3022,726407.2858902505,363203.64294512523,75.2648,1995,X,4.5,,481576739042005,-95.669052002422,29.592586350479,1.0,s1709,s1709,0.0,0.0,1,1,0.0,0.0,13.534,0.44,0.0,1,0.0,0,0.0,0,0.0,0.0,0,0.0,0,,,
122638734,RES1-2SNB,RES,0.75,S,2,5041.0,4561,662941.0604016277,331470.53020081384,82.01017,2015,X,7.08,,481576755022016,-95.714893126934,29.52413191089,0.0,s1710,s1710,0.0,0.0,0,1,0.0,0.0,1.785,4.92,0.0,1,0.0,0,0.0,0,0.0,0.0,0,0.0,0,,,
122591022,RES1-1SNB,RES,0.75,S,1,1303.0,1822,183694.9662,91847.4831,95.93676,1981,X,3.11,,481576751023018,-95.786707890215,29.544199131865,0.0,s1711,s1711,0.0,0.0,1,1,0.0,0.0,4.929,7.3,0.0,1,0.0,0,0.0,0,0.0,0.0,0,0.0,0,,,
122523803,RES1-2SNB,RES,0.75,S,2,3435.0,2091,813576.0017248829,406788.00086244143,70.61597,1988,X,4.47,,481576746011002,-95.677344965154,29.561514599934,1.0,s1712,s1712,0.0,0.0,1,1,0.0,0.0,2.208,5.62,0.0,1,0.0,0,0.0,0,0.0,0.0,0,0.0,0,,,
122711191,RES1-2SNB,RES,0.75,S,2,3566.0,2210,827078.3150840566,413539.1575420283,68.81845,1993,X,5.92,,481576742003019,-95.61912104282,29.574734264803,1.0,s1713,s1713,0.0,0.0,1,1,0.0,0.0,6.047,6.28,0.0,1,0.0,0,0.0,0,0.0,0.0,0,0.0,0,,,
122603133,RES1-1SNB,RES,0.75,S,1,2240.0,2051,313627.316934,156813.658467,96.3447,2013,X,4.28,,481576747023022,-95.758500604585,29.569946696079,0.0,s1714,s1714,0.0,0.0,1,1,0.0,0.0,7.891,24.15,0.0,1,0.0,0,0.0,0,0.0,0.0,0,0.0,0,,,
122614596,RES1-2SNB,RES,0.75,S,2,2619.0,2530,436876.31565554056,218438.15782777028,79.17629,1997,X,3.77,,481576738022006,-95.692880583594,29.599647413236,0.0,s1715,s1715,0.0,0.0,1,1,0.0,0.0,2.501,6.49,0.0,1,0.0,0,0.0,0,0.0,0.0,0,0.0,0,,,
122513750,GOV1,PUB,0.25,S,1,1248.0,1248,226214.3773477643,158350.064143435,141.77058,2016,X,2.87,,481576732023071,-95.890876097027,29.702922237296,0.0,s1716,s1716,0.0,0.0,1,1,0.0,0.0,3.062,20.81,0.0,1,0.0,0,0.0,0,0.0,0.0,0,0.0,0,,,
122550986,RES1-2SNB,RES,0.75,S,2,3504.0,2612,727711.2637292497,363855.63186462485,81.31419,2003,X,4.77,,481576728011011,-95.676753334049,29.61782462221,0.0,s1717,s1717,0.0,0.0,1,1,0.0,0.0,10.482,9.44,0.0,1,0.0,0,0.0,0,0.0,0.0,0,0.0,0,,,
122527479,RES1-1SNB,RES,0.75,S,1,1711.0,2193,311923.8846358097,155961.94231790485,83.0458,1989,X,4.75,,481576746033006,-95.696551798006,29.542651700344,0.0,s1718,s1718,0.0,0.0,1,1,0.0,0.0,9.055,7.39,0.0,1,0.0,0,0.0,0,0.0,0.0,0,0.0,0,,,
122449276,RES1-1SNB,RES,0.75,S,1,3133.0,2704,768990.8117705823,384495.40588529117,71.41359,2002,X,4.8,,481576746024000,-95.660339761835,29.544614040637,1.0,s1719,s1719,0.0,0.0,1,1,0.0,0.0,16.312,9.63,0.0,1,0.0,0,0.0,0,0.0,0.0,0,0.0,0,,,
122593804,RES1-1SNB,RES,0.75,S,1,1517.0,1695,287278.987787287,143639.4938936435,80.026985,1989,X,2.36,,481576746032004,-95.687985282838,29.543153933524,0.0,s1720,s1720,0.0,0.0,1,1,0.0,0.0,19.442,10.02,0.0,1,0.0,0,0.0,0,0.0,0.0,0,0.0,0,,,
122473358,RES1-1SNB,RES,0.75,S,1,3634.0,3029,484166.2000638278,242083.1000319139,77.28377,2013,X,0.12,,481576747024011,-95.737301411709,29.566950888904,1.0,s1721,s1721,0.0,0.0,0,1,0.0,0.0,11.748,1.8,0.0,1,0.0,0,0.0,0,0.0,0.0,0,0.0,0,,,
122603487,GOV1,PUB,0.25,S,1,1922.61,2518,294095.1534977281,205866.60744840966,99.803116,1983,X,4.08,,481576750001005,-95.783881129387,29.561818863812,0.0,s1722,s1722,0.0,0.0,1,1,0.0,0.0,1.954,2.19,0.0,1,0.0,0,0.0,0,0.0,0.0,0,0.0,0,,,
122536166,RES1-1SNB,RES,0.75,S,1,1166.0,2000,102158.96120000002,51079.48060000001,99.29679,1978,X,3.13,,481576748001027,-95.777125665667,29.566910884388,0.0,s1723,s1723,0.0,0.0,1,1,0.0,0.0,2.52,7.05,0.0,1,0.0,0,0.0,0,0.0,0.0,0,0.0,0,,,
122571218,AGR1,COM,0.25,S,1,95.73,1704,8545.7985,12391.407825,101.068375,1979,X,0.38,,481576749001012,-95.774971924148,29.581880199651,0.0,s1724,s1724,0.0,0.0,1,1,0.0,0.0,3.59,12.39,0.0,1,0.0,0,0.0,0,0.0,0.0,0,0.0,0,,,
122468399,RES1-3SNB,RES,0.75,S,3,3092.0,2515,660972.8296894473,330486.41484472365,82.852745,2012,X,0.0,,481576735012015,-95.724835740296,29.629673007691,1.0,s1725,s1725,0.0,0.0,0,1,0.0,0.0,6.564,4.78,0.0,1,0.0,0,0.0,0,0.0,0.0,0,0.0,0,,,
122596614,RES3C,RES,0.5,S,1,4029.69,4288,669303.4239210497,234256.19837236736,81.34347,2002,X,2.8,,481576746023021,-95.655330275465,29.541738160491,0.0,s1726,s1726,0.0,0.0,1,1,0.0,0.0,24.531,9.08,0.0,1,0.0,0,0.0,0,0.0,0.0,0,0.0,0,,,
122618053,REL1,PUB,0.25,S,1,3449.0,3449,678365.933667224,440937.85688369564,94.84193,2013,X,5.82,,481576747024055,-95.757544392776,29.563273120293,0.0,s1727,s1727,0.0,0.0,1,1,0.0,0.0,12.266,13.18,0.0,1,0.0,0,0.0,0,0.0,0.0,0,0.0,0,,,
122467894,RES1-1SNB,RES,0.75,S,1,3040.0,3053,654201.8087170274,327100.9043585137,82.33028,2012,X,0.32,,481576735012015,-95.723848383541,29.629063573914,1.0,s1728,s1728,0.0,0.0,0,1,0.0,0.0,6.679,2.54,0.0,1,0.0,0,0.0,0,0.0,0.0,0,0.0,0,,,
122473293,RES1-1SNB,RES,0.75,S,1,1494.0,2050,273618.09245692706,136809.04622846353,78.44544,2013,X,4.43,,481576747024011,-95.740813217399,29.561097122751,1.0,s1729,s1729,0.0,0.0,1,1,0.0,0.0,7.998,1.91,0.0,1,0.0,0,0.0,0,0.0,0.0,0,0.0,0,,,
122609945,COM1,COM,0.25,S,1,6946.0,6946,867019.0564838385,1083773.8206047982,100.602165,1978,X,5.55,,481576748001004,-95.780585268899,29.569137133189,0.0,s1730,s1730,0.0,0.0,1,1,0.0,0.0,2.187,12.08,0.0,1,0.0,0,0.0,0,0.0,0.0,0,0.0,0,,,
122618176,RES1-1SNB,RES,0.75,S,1,1774.0,2222,324540.29203789774,162270.14601894887,80.58418,1989,X,4.15,,481576746032016,-95.69132432531,29.537534488123,0.0,s1731,s1731,0.0,0.0,1,1,0.0,0.0,6.999,5.7,0.0,1,0.0,0,0.0,0,0.0,0.0,0,0.0,0,,,
122559440,RES1-2SNB,RES,0.75,S,2,6049.0,4199,1096819.450914566,548409.725457283,92.70336,2010,AE,5.45,,481576734014006,-95.80409969191,29.620154629764,1.0,s1732,s1732,0.0,0.0,1,1,0.0,0.0,5.515,1.6,0.0,1,0.0,0,0.0,0,0.0,0.0,0,0.0,0,,,
122472057,RES1-1SNB,RES,0.75,S,1,2316.0,2947,395292.613292334,197646.306646167,89.78867,2015,X,4.58,,481576755023002,-95.73574144418,29.53914829169,0.0,s1733,s1733,0.0,0.0,1,1,0.0,0.0,11.237,1.4,0.0,1,0.0,0,0.0,0,0.0,0.0,0,0.0,0,,,
122473530,RES1-1SNB,RES,0.75,S,1,2452.0,2920,380491.29435316747,190245.64717658373,79.67879,2013,X,0.19,,481576747024011,-95.740393378594,29.571951272465,1.0,s1734,s1734,0.0,0.0,0,1,0.0,0.0,4.704,0.82,0.0,1,0.0,0,0.0,0,0.0,0.0,0,0.0,0,,,
122549726,RES1-2SNB,RES,0.75,S,2,3344.0,3228,814287.1829710101,407143.59148550505,72.79434,2009,X,5.56,,481576739022022,-95.659025133129,29.585735714142,0.0,s1735,s1735,0.0,0.0,1,1,0.0,0.0,7.776,2.7,0.0,1,0.0,0,0.0,0,0.0,0.0,0,0.0,0,,,
122473328,RES1-1SNB,RES,2.0,C,1,3193.0,3193,423713.5569726904,211856.7784863452,74.75359,2013,X,1.68,,481576747024011,-95.747560837927,29.564024722643,1.0,s1736,s1736,0.0,0.0,0,1,0.0,0.0,7.876,3.87,0.0,1,0.0,0,0.0,0,0.0,0.0,0,0.0,0,,,
122596682,RES3A,RES,0.5,S,1,1659.0,1659,304768.80880982324,106669.08308343813,71.91792,2009,X,2.87,,481576739022002,-95.650881818617,29.592731667871,0.0,s1737,s1737,0.0,0.0,1,1,0.0014,0.0,8.29,2.71,0.0,1,0.0,0,0.0,0,0.0,0.0,0,0.0,1,,,
122519561,RES1-2SNB,RES,0.75,S,2,2742.0,1841,688113.8729822057,344056.93649110285,70.37439,1993,X,4.48,,481576742002000,-95.636875556381,29.56926804281,1.0,s1738,s1738,0.0,0.0,1,1,0.0,0.0,26.317,3.87,0.0,1,0.0,0,0.0,0,0.0,0.0,0,0.0,0,,,
122621850,RES1-1SNB,RES,0.75,S,1,2410.0,2371,394055.2747253548,197027.6373626774,85.64965,2015,X,4.82,,481576755022005,-95.71773501247,29.527816378543,0.0,s1739,s1739,0.0,0.0,1,1,0.0,0.0,8.031,1.25,0.0,1,0.0,0,0.0,0,0.0,0.0,0,0.0,1,,,
122585775,RES1-1SNB,RES,0.75,S,1,1768.0,2122,186617.8271986303,93308.91359931514,98.57991,2008,X,4.72,,481576751011004,-95.775012101134,29.553383372793,0.0,s1740,s1740,0.0,0.0,1,1,0.0,0.0,5.685,3.92,0.0,1,0.0,0,0.0,0,0.0,0.0,0,0.0,0,,,
122605333,REL1,PUB,0.25,S,1,181.83,1788,41253.72394294969,26814.9205629173,96.43876,2008,X,3.43,,481576751012015,-95.774250744682,29.544173889152,0.0,s1741,s1741,0.0,0.0,1,1,0.0,0.0,7.365,2.68,0.0,1,0.0,0,0.0,0,0.0,0.0,0,0.0,0,,,
122616058,RES1-1SNB,RES,2.0,C,1,796.0,761,97639.69410000001,48819.847050000004,99.58744,1983,X,4.77,,481576750001035,-95.798967887786,29.5602165273,0.0,s1742,s1742,0.0,0.0,1,1,0.0,0.0,7.587,8.75,0.0,1,0.0,0,0.0,0,0.0,0.0,0,0.0,0,,,
122623348,RES1-1SNB,RES,0.75,S,1,1805.0,2416,340796.48237542424,170398.24118771212,83.682175,2015,X,1.55,,481576755022010,-95.717205971408,29.525275784612,0.0,s1743,s1743,0.0,0.0,1,1,0.0,0.0,6.515,5.74,0.0,1,0.0,0,0.0,0,0.0,0.0,0,0.0,0,,,
122620535,RES1-1SNB,RES,0.75,S,1,1424.0,1657,119828.90205,59914.451025,101.4394,1981,X,4.09,,481576752001032,-95.804735779491,29.554736198148,0.0,s1744,s1744,0.0,0.0,1,1,0.0,0.0,2.956,8.59,0.0,1,0.0,0,0.0,0,0.0,0.0,0,0.0,0,,,
122478539,RES1-2SNB,RES,0.75,S,2,1928.0,964,561136.1276780159,280568.0638390079,85.00667,2012,AE,3.56,,481576734041026,-95.75542524785,29.646314095914,0.0,s1745,s1745,0.0,0.0,0,1,0.0,0.0,15.274,7.03,0.0,1,0.0,0,0.0,0,0.0,0.0,0,0.0,0,,,
122522529,RES1-2SNB,RES,0.75,S,2,2762.0,1994,703418.9929368184,351709.4964684092,75.35884,1995,X,6.02,,481576739042002,-95.663005932802,29.592672657291,0.0,s1746,s1746,0.0,0.0,0,1,0.0318,0.0,2.657,1.4,0.0,1,0.0,0,0.0,0,0.0,0.0,0,0.0,1,,,
122603506,COM1,COM,0.25,S,1,6006.46,7169,749834.2917000001,937292.864625,100.1093,1983,X,3.36,,481576750001005,-95.784423254536,29.562879113427,0.0,s1747,s1747,0.0,0.0,1,1,0.0,0.0,2.877,2.9,0.0,1,0.0,0,0.0,0,0.0,0.0,0,0.0,0,,,
122540824,RES3A,RES,6.25,P,1,812.0,1114,130403.46930000001,45641.214255,101.75968,1983,X,2.76,,481576750002042,-95.807561461851,29.562318456738,0.0,s1748,s1748,0.0,0.0,1,1,0.0,0.0,8.535,15.18,0.0,1,0.0,0,0.0,0,0.0,0.0,0,0.0,0,,,
122565447,RES1-2SNB,RES,0.75,S,2,4155.0,3728,976217.8918527976,488108.9459263988,73.157196,1998,X,6.39,,481576744011012,-95.642534413926,29.56793805122,0.0,s1749,s1749,0.0,0.0,1,1,0.0,0.0,6.68,1.07,0.0,1,0.0,0,0.0,0,0.0,0.0,0,0.0,0,,,
122469438,RES1-1SNB,RES,0.75,S,1,1878.0,2494,418069.3633428032,209034.6816714016,81.52078,1987,X,2.84,,481576736001005,-95.724885456244,29.607272901104,0.0,s1750,s1750,0.0,0.0,1,1,0.0,0.0,3.813,12.45,0.0,1,0.0,0,0.0,0,0.0,0.0,0,0.0,0,,,
122454154,RES1-2SNB,RES,0.75,S,2,3908.0,3372,935396.0310999781,467698.01554998907,72.0667,2003,X,5.08,,481576747012005,-95.672685051284,29.570782087389,1.0,s1751,s1751,0.0,0.0,0,1,0.0,0.0,24.508,20.24,0.0,1,0.0,0,0.0,0,0.0,0.0,0,0.0,0,,,
122461042,RES1-2SNB,RES,0.75,S,2,2505.0,2156,426028.8051818251,213014.40259091256,76.33679,1997,X,4.0,,481576738022008,-95.694836437088,29.592348611295,1.0,s1752,s1752,0.0,0.0,1,1,0.0,0.0,4.744,4.91,0.0,1,0.0,0,0.0,0,0.0,0.0,0,0.0,0,,,
122466070,RES1-2SNB,RES,0.75,S,2,4482.0,2742,549132.42097183,274566.210485915,77.02098,2013,X,5.83,,481576747021006,-95.711763817925,29.566477211434,1.0,s1753,s1753,0.0,0.0,1,1,0.0,0.0,13.787,2.01,0.0,1,0.0,0,0.0,0,0.0,0.0,0,0.0,0,,,
122598643,RES1-1SNB,RES,0.75,S,1,2572.0,2470,590296.9898818069,295148.49494090345,92.19566,2010,X,4.43,,481576734013024,-95.806424799825,29.594499991483,0.0,s1754,s1754,0.0,0.0,1,1,0.0,0.0,8.508,0.2,0.0,1,0.0119,0,0.0,0,0.0,0.0,0,0.0,0,,,
122554712,RES1-2SNB,RES,0.75,S,2,2380.0,1361,514693.11693501996,257346.55846750998,84.53806,2012,X,5.58,,481576735012037,-95.73618180706,29.642620453116,0.0,s1755,s1755,0.0,0.0,1,1,0.0,0.0,12.302,8.45,0.0,1,0.0,0,0.0,0,0.0,0.0,0,0.0,0,,,
122468618,RES3C,RES,2.0,C,2,20216.0,10108,2935340.518096174,1027369.1813336608,75.18307,2013,X,6.11,,481576747024060,-95.718558302167,29.559376926502,1.0,s1756,s1756,0.0,0.0,1,1,0.0,0.0,2.594,6.09,0.0,1,0.0,0,0.0,0,0.0,0.0,0,0.0,0,,,
122465118,RES1-1SNB,RES,0.75,S,1,1437.0,1901,361065.54844803445,180532.77422401722,83.46904,2004,X,5.26,,481576746042021,-95.711323868183,29.544456363555,0.0,s1757,s1757,0.0,0.0,1,1,0.0,0.0,10.572,5.49,0.0,1,0.0,0,0.0,0,0.0,0.0,0,0.0,0,,,
122485491,RES1-1SNB,RES,0.75,S,1,1175.0,1638,150910.35710356478,75455.17855178239,98.71807,1983,X,4.34,,481576750002001,-95.783354388924,29.570650873913,0.0,s1758,s1758,0.0,0.0,1,1,0.0,0.0,9.212,11.05,0.0,1,0.0,0,0.0,0,0.0,0.0,0,0.0,0,,,
122668893,RES1-2SNB,RES,0.75,S,2,3714.0,1861,845409.5425853555,422704.77129267773,68.95779,1993,X,6.13,,481576742003018,-95.620494676568,29.574364765686,1.0,s1759,s1759,0.0,0.0,0,1,0.0,0.0,5.385,4.59,0.0,1,0.0,0,0.0,0,0.0,0.0,0,0.0,0,,,
122481174,RES1-1SNB,RES,0.75,S,1,2927.0,2345,782566.4835582507,391283.24177912535,86.79075,2012,AE,4.51,,481576734042004,-95.766094761652,29.638948401836,0.0,s1760,s1760,0.0,0.0,0,1,0.0,0.0,10.789,0.43,0.0,1,0.0,0,0.0,0,0.0,0.0,0,0.0,0,,,
122609897,RES1-1SNB,RES,0.75,S,1,796.0,908,99067.28385,49533.641925,102.05752,1979,X,5.09,,481576749004027,-95.774380324858,29.585347992603,0.0,s1761,s1761,0.0,0.0,1,1,0.0,0.0,8.561,17.36,0.0,1,0.0,0,0.0,0,0.0,0.0,0,0.0,0,,,
122468080,RES1-1SNB,RES,0.75,S,1,1825.0,2297,460833.31623419415,230416.65811709707,80.451324,2012,X,0.82,,481576735012015,-95.724302875001,29.635821664106,1.0,s1762,s1762,0.0,0.0,0,1,0.0,0.0,5.986,1.15,0.0,1,0.0,0,0.0,0,0.0,0.0,0,0.0,0,,,
122557075,RES1-2SNB,RES,0.75,S,2,2087.0,1877,601076.4877193862,300538.2438596931,88.42968,2012,X,5.26,,481576734042007,-95.768777767115,29.639862983624,0.0,s1763,s1763,0.0,0.0,0,1,0.0,0.0,8.214,2.05,0.0,1,0.0,0,0.0,0,0.0,0.0,0,0.0,0,,,
122455498,RES1-2SNB,RES,0.75,S,2,4185.0,3557,932167.6512344095,466083.82561720477,70.91928,1988,X,5.95,,481576746011010,-95.673597069018,29.556626169795,1.0,s1764,s1764,0.0,0.0,1,1,0.0,0.0,16.306,3.0,0.0,1,0.0,0,0.0,0,0.0,0.0,0,0.0,1,,,
122608750,RES1-1SNB,RES,0.75,S,1,3488.0,4806,279969.38454913866,139984.69227456933,97.31464,2008,X,4.25,,481576751013024,-95.767339799454,29.543669491366,0.0,s1765,s1765,0.0,0.0,1,1,0.0,0.0,1.375,3.4,0.0,1,0.0,0,0.0,0,0.0,0.0,0,0.0,0,,,
122600596,RES1-2SNB,RES,0.75,S,2,3541.0,2585,499633.9121853641,249816.95609268206,90.59629,2015,X,6.04,,481576755023011,-95.741577526272,29.541004649424,0.0,s1766,s1766,0.0,0.0,1,1,0.0,0.0,10.786,2.1,0.0,1,0.0,0,0.0,0,0.0,0.0,0,0.0,1,,,
122627640,RES1-1SNB,RES,0.75,S,1,1742.0,2198,346243.4195238233,173121.70976191165,89.91853,2015,X,0.29,,481576755021018,-95.757618132803,29.527968100117,0.0,s1767,s1767,0.0,0.0,0,1,0.0,0.0,2.12,1.34,0.0,1,0.0,0,0.0,0,0.0,0.0,0,0.0,0,,,
122557666,AGR1,COM,0.25,S,2,174.08,853,15540.089400000003,22533.129630000003,101.71606,1979,X,5.34,,481576749001013,-95.774568769769,29.583476839802,0.0,s1768,s1768,0.0,0.0,1,1,0.0,0.0,4.262,15.16,0.0,1,0.0,0,0.0,0,0.0,0.0,0,0.0,0,,,
122623503,RES1-1SNB,RES,2.0,C,1,3433.0,3433,711838.7076498286,355919.3538249143,78.812935,2015,X,0.49,,481576755031007,-95.72827130182,29.51300149268,1.0,s1769,s1769,0.0,0.0,0,1,0.0,0.0,12.946,0.46,0.0,1,0.0,0,0.0,0,0.0,0.0,0,0.0,0,,,
122745418,RES1-2SNB,RES,0.75,S,2,1152.0,1500,183692.6232394395,91846.31161971975,67.944176,1988,X,0.0,,481576740022031,-95.61659453724,29.588386728092,1.0,s1770,s1770,0.0,0.0,1,1,0.0,0.0,16.073,2.01,0.0,1,0.006,0,0.0,0,0.0,0.0,0,0.0,1,,,
122533195,RES1-1SNB,RES,2.0,C,1,1534.0,2677,274660.0304108074,137330.0152054037,74.04927,2013,X,0.0,,481576747023019,-95.74892131043,29.563785830311,1.0,s1771,s1771,0.0,0.0,0,1,0.0,0.0,9.137,10.07,0.0,1,0.0,0,0.0,0,0.0,0.0,0,0.0,0,,,
122617200,COM1,COM,0.25,S,1,3759.73,14005,530867.886299638,663584.8578745475,94.847824,2008,X,5.51,,481576751013009,-95.752532145389,29.545320090623,0.0,s1772,s1772,0.0,0.0,1,1,0.0,0.0,6.476,4.96,0.0,1,0.0,0,0.0,0,0.0,0.0,0,0.0,0,,,
122551921,RES1-2SNB,RES,0.75,S,2,3103.0,2856,740870.3207089974,370435.1603544987,74.33003,1988,X,5.08,,481576746012015,-95.686625585459,29.554056332914,1.0,s1773,s1773,0.0,0.0,1,1,0.0,0.0,12.873,1.46,0.0,1,0.0,0,0.0,0,0.0,0.0,0,0.0,0,,,
122711944,RES1-1SNB,RES,0.75,S,1,1757.0,2587,244172.697003937,122086.3485019685,65.97761,1984,X,5.22,,481576741004000,-95.603649278804,29.577377189411,1.0,s1774,s1774,0.0,0.0,1,1,0.0,0.0,12.394,0.43,0.0,1,0.0,0,0.0,0,0.0,0.0,0,0.0,0,,,
122519935,RES1-2SNB,RES,0.75,S,2,4364.0,3068,1011079.0379305709,505539.51896528545,74.69411,1998,X,5.52,,481576744011025,-95.641339794812,29.566729181394,0.0,s1775,s1775,0.0,0.0,1,1,0.0,0.0,8.31,1.54,0.0,1,0.0,0,0.0,0,0.0,0.0,0,0.0,0,,,
122490215,RES1-1SNB,RES,0.75,S,1,1080.0,1447,98420.19584851553,49210.09792425777,98.1796,1981,X,3.33,,481576752003007,-95.801383640542,29.548414894147,0.0,s1776,s1776,0.0,0.0,1,1,0.0,0.0,3.341,0.55,0.0,1,0.0,0,0.0,0,0.0,0.0,0,0.0,0,,,
122478309,RES1-1SNB,RES,0.75,S,1,3256.0,3415,684708.968902171,342354.4844510855,84.62708,2010,AE,4.37,,481576734011026,-95.750668310312,29.602375034639,0.0,s1777,s1777,0.0,0.0,1,1,0.0,0.0,21.77,2.31,0.0,1,0.0,0,0.0,0,0.0,0.0,0,0.0,0,,,
122481496,RES1-2SNB,RES,2.0,C,2,6382.0,3191,1275994.249603891,637997.1248019455,85.65904,2012,AE,5.43,,481576734042004,-95.758029163892,29.635020906762,0.0,s1778,s1778,0.0,0.0,0,1,0.0,0.0,5.053,3.16,0.0,1,0.0,0,0.0,0,0.0,0.0,0,0.0,0,,,
122478522,RES1-2SNB,RES,0.75,S,2,3905.0,4936,940531.5244641763,470265.76223208813,88.26643,2012,X,5.59,,481576734041026,-95.747822617212,29.645337576207,0.0,s1779,s1779,0.0,0.0,1,1,0.0,0.0,13.587,1.66,0.0,1,0.0,0,0.0,0,0.0,0.0,0,0.0,0,,,
122601186,RES1-1SNB,RES,2.0,C,1,1922.0,2571,142723.19295,71361.596475,100.791534,1981,X,3.6,,481576752002041,-95.801045840548,29.555677721938,0.0,s1780,s1780,0.0,0.0,1,1,0.0,0.0,1.196,11.64,0.0,1,0.0,0,0.0,0,0.0,0.0,0,0.0,0,,,
122488638,RES1-1SNB,RES,0.75,S,1,4000.0,5610,785973.9555308066,392986.9777654033,92.93069,2010,X,4.5,,481576734014003,-95.79994886431,29.627577514437,0.0,s1781,s1781,0.0,0.0,0,1,0.0,0.0,2.558,0.0,0.0,1,0.0,0,0.0,0,0.0,0.0,0,0.0,0,,,
122638827,RES1-1SNB,RES,0.75,S,1,2629.0,1939,609163.2860307063,304581.6430153531,81.64521,2015,X,0.91,,481576755031035,-95.736564378865,29.509879760318,0.0,s1782,s1782,0.0,0.0,0,1,0.0,0.0,2.914,0.43,0.0,1,0.006,0,0.0,0,0.0,0.0,0,0.0,0,,,
122524353,RES1-1SNB,RES,0.75,S,1,2162.0,2342,586438.3646749142,293219.1823374571,71.041794,2002,X,4.43,,481576746021004,-95.680979216641,29.547501304763,1.0,s1783,s1783,0.0,0.0,1,1,0.0,0.0,2.262,1.98,0.0,1,0.0,0,0.0,0,0.0,0.0,0,0.0,0,,,
122485413,COM4,COM,0.25,S,1,5178.0,5178,1051937.9357789191,578565.8646784056,106.986465,1979,X,4.62,,481576749003005,-95.776399726104,29.594632568344,0.0,s1784,s1784,0.0,0.0,1,1,0.1159,0.0,8.41,28.03,0.0,1,0.0,0,0.0,0,0.0,0.0,0,0.0,0,,,
122622628,RES1-1SNB,RES,0.75,S,1,1548.0,2296,297734.52013962046,148867.26006981023,86.01413,2015,X,5.09,,481576755022018,-95.728286913093,29.530336486206,0.0,s1785,s1785,0.0,0.0,1,1,0.0,0.0,8.338,1.46,0.0,1,0.0,0,0.0,0,0.0,0.0,0,0.0,0,,,
122527220,REL1,PUB,0.5,C,1,1844.0,1844,385003.335444,250252.16803860004,73.65154,2004,X,0.0,23097601,481576746041005,-95.69222416836,29.558300180687,1.0,s1786,s1786,0.0,0.0,0,1,0.0,0.0,13.746,4.51,0.0,1,0.0,0,0.0,0,0.0,0.0,0,0.0,0,,,
122622614,RES1-1SNB,RES,0.75,S,1,2113.0,2635,365405.41734388535,182702.70867194267,85.92245,2015,X,4.86,,481576755022018,-95.728438690309,29.529335456878,0.0,s1787,s1787,0.0,0.0,1,1,0.0,0.0,8.207,0.53,0.0,1,0.0,0,0.0,0,0.0,0.0,0,0.0,0,,,
122536819,RES1-1SNB,RES,0.75,S,1,1370.0,1110,152808.53820872793,76404.26910436396,96.78587,2008,X,4.95,,481576751011007,-95.7751987808,29.548435701978,0.0,s1788,s1788,0.0,0.0,1,1,0.0,0.0,4.85,5.49,0.0,1,0.0,0,0.0,0,0.0,0.0,0,0.0,0,,,
122619527,RES1-2SNB,RES,5.25,P,2,18867.6,15723,2365751.157818015,1182875.5789090076,86.00119,2013,X,7.4,,481576747022032,-95.759473722369,29.579048325635,0.0,s1789,s1789,0.0,0.0,1,1,0.0,0.0,5.151,8.79,0.0,1,0.0,0,0.0,0,0.0,0.0,0,0.0,0,,,
122475662,RES1-2SNB,RES,0.75,S,2,2302.0,2725,360520.59885897377,180260.29942948688,79.86112,1994,AE,0.0,,481576738013009,-95.746961550405,29.58467790909,1.0,s1790,s1790,0.0,0.0,0,1,0.0,0.0,1.139,1.98,0.0,1,0.0,0,0.0,0,0.0,0.0,0,0.0,0,,,
122616451,RES1-1SNB,RES,0.75,S,1,2365.0,2867,485645.20952039555,242822.60476019778,80.49954,1987,X,4.24,,481576736003008,-95.735553105414,29.61837533245,0.0,s1791,s1791,0.0,0.0,1,1,0.0,0.0,13.645,3.13,0.0,1,0.0,0,0.0,0,0.0,0.0,0,0.0,0,,,
122619169,RES1-1SNB,RES,0.75,S,1,2485.0,2929,646577.6473545571,323288.82367727853,72.44095,1988,X,4.63,,481576746012010,-95.68761910241,29.557083397263,1.0,s1792,s1792,0.0,0.0,1,1,0.0,0.0,12.867,0.23,0.0,1,0.0,0,0.0,0,0.0,0.0,0,0.0,0,,,
122532958,RES1-1SNB,RES,0.75,S,1,1770.0,2262,448866.31616263214,224433.15808131607,84.62436,2010,AE,4.72,,481576734011008,-95.746572809817,29.607556897528,0.0,s1793,s1793,0.0,0.0,1,1,0.0,0.0,4.402,6.85,0.0,1,0.0,0,0.0,0,0.0,0.0,0,0.0,0,,,
122536541,RES1-2SNB,RES,0.75,S,2,3674.0,4194,895275.1293581207,447637.56467906036,93.3072,2012,X,5.29,,481576734043003,-95.779931096318,29.65615323381,0.0,s1794,s1794,0.0,0.0,0,1,0.0,0.0,11.323,1.75,0.0,1,0.0,0,0.0,0,0.0,0.0,0,0.0,0,,,
122524225,RES1-1SNB,RES,0.75,S,1,2302.0,2674,614411.0136576594,307205.5068288297,74.46672,2003,X,4.26,,481576747012003,-95.678122929187,29.57455575527,1.0,s1795,s1795,0.0,0.0,1,1,0.0,0.0,14.182,7.81,0.0,1,0.0,0,0.0,0,0.0,0.0,0,0.0,0,,,
122490763,RES2,RES,2.0,C,1,1267.0,1289,65311.260496268216,65311.260496268216,97.173546,1981,AE,1.01,,481576752003012,-95.801917260101,29.545099271568,0.0,s1796,s1796,0.0,0.0,1,1,0.0,0.0,3.681,1.38,0.0,1,0.0,0,0.0,0,0.0,0.0,0,0.0,0,,,
122641198,COM1,COM,0.25,S,1,4610.0,4610,733513.6848148719,916892.1060185898,94.67576,2011,X,0.0,24904017,481576755013002,-95.77469885103,29.533791477367,0.0,s1797,s1797,0.0,0.0,1,1,0.0,0.0,10.354,5.46,0.0,1,0.0,0,0.0,0,0.0,0.0,0,0.0,0,,,
122447192,RES1-2SNB,RES,0.75,S,2,5074.0,4338,1116181.1456904525,558090.5728452263,72.77601,1998,X,5.55,,481576744011007,-95.639258920208,29.573580235096,0.0,s1798,s1798,0.0,0.0,1,1,0.0,0.0,28.904,2.64,0.0,1,0.0,0,0.0,0,0.0,0.0,0,0.0,0,,,
122473019,RES1-1SNB,RES,0.75,S,1,1950.0,2756,318842.3472874108,159421.1736437054,77.22987,2013,X,4.99,,481576747024011,-95.748525548517,29.559549705542,1.0,s1799,s1799,0.0,0.0,0,1,0.0,0.0,10.937,1.72,0.0,1,0.0,0,0.0,0,0.0,0.0,0,0.0,0,,,
122639051,RES1-1SNB,RES,0.75,S,1,3319.0,2629,692879.9332910501,346439.96664552507,84.54858,2015,X,0.1,,481576755031010,-95.743391844285,29.517694722065,0.0,s1800,s1800,0.0,0.0,1,1,0.0,0.0,6.87,0.41,0.0,1,0.0,0,0.0,0,0.0,0.0,0,0.0,0,,,
122481431,RES1-1SNB,RES,0.75,S,1,2228.0,1800,651728.8231703347,325864.41158516734,87.358116,2012,X,0.0,,481576734042004,-95.758363696419,29.644625628432,0.0,s1801,s1801,0.0,0.0,0,1,0.0,0.0,17.918,4.59,0.0,1,0.0,0,0.0,0,0.0,0.0,0,0.0,0,,,
122695811,RES3A,RES,0.5,S,2,1172.0,3612,199125.2698027229,69693.84443095302,68.31003,1988,X,7.22,,481576740022035,-95.612258663252,29.591621398665,1.0,s1802,s1802,0.0,0.0,1,1,0.0,0.0,9.564,1.99,0.0,1,0.0,0,0.0,0,0.0,0.0,0,0.0,1,,,
122690769,RES1-1SNB,RES,0.75,S,1,2830.0,3421,719067.0714439324,359533.5357219662,69.32445,1998,X,5.86,,481576744013001,-95.626090281282,29.558028039138,0.0,s1803,s1803,0.0,0.0,1,1,0.0,0.0,9.033,1.57,0.0,1,0.0,0,0.0,0,0.0,0.0,0,0.0,1,,,
122639358,RES1-1SNB,RES,0.75,S,1,2102.0,2625,363342.5959740602,181671.2979870301,89.94162,2015,X,4.62,,481576755021041,-95.760727659781,29.524721027156,0.0,s1804,s1804,0.0,0.0,1,1,0.0,0.0,8.608,1.76,0.0,1,0.0,0,0.0,0,0.0,0.0,0,0.0,0,,,
122598618,RES1-1SNB,RES,0.75,S,1,2850.0,2366,651771.4218959238,325885.7109479619,90.53078,2010,X,4.46,,481576734013002,-95.80769533148,29.598379919769,0.0,s1805,s1805,0.0,0.0,0,1,0.0,0.0,7.254,0.48,0.0,1,0.0071,0,0.0,0,0.0,0.0,0,0.0,0,,,
122474429,RES1-1SNB,RES,0.75,S,1,1742.0,2134,323249.3241078627,161624.66205393136,91.26693,2015,X,5.05,,481576755023007,-95.739709893989,29.541567494585,0.0,s1806,s1806,0.0,0.0,1,1,0.0,0.0,11.929,0.89,0.0,1,0.0,0,0.0,0,0.0,0.0,0,0.0,1,,,
122553660,RES1-1SNB,RES,0.75,S,1,1562.0,2086,360412.0994625039,180206.04973125196,82.377716,1987,X,4.1,,481576736002020,-95.723190275451,29.612489966545,0.0,s1807,s1807,0.0,0.0,1,1,0.0,0.0,10.275,10.67,0.0,1,0.0,0,0.0,0,0.0,0.0,0,0.0,0,,,
122636395,RES1-1SNB,RES,0.75,S,1,1200.0,1616,311400.9708198343,155700.48540991716,85.817825,2015,X,4.73,,481576755031016,-95.747395150364,29.517895256751,0.0,s1808,s1808,0.0,0.0,1,1,0.0,0.0,2.871,0.41,0.0,1,0.0,0,0.0,0,0.0,0.0,0,0.0,0,,,
122695958,RES1-2SNB,RES,0.75,S,2,2900.0,2392,326676.8054236101,163338.40271180504,67.280235,1988,X,5.71,,481576740021026,-95.614521401561,29.58333638719,1.0,s1809,s1809,0.0,0.0,1,1,0.0,0.0,17.567,0.76,0.0,1,0.0,0,0.0,0,0.0,0.0,0,0.0,1,,,
122459939,RES1-1SNB,RES,0.75,S,1,1210.0,1425,235209.9299534952,117604.9649767476,81.68506,1989,X,4.23,,481576746033010,-95.695147191438,29.539268877979,0.0,s1810,s1810,0.0,0.0,1,1,0.0,0.0,7.973,7.11,0.0,1,0.0,0,0.0,0,0.0,0.0,0,0.0,0,,,
122608499,RES1-2SNB,RES,0.75,S,2,3467.0,2567,841711.3357104652,420855.6678552326,74.97932,2009,X,6.14,,481576739023026,-95.658714665621,29.596302040114,0.0,s1811,s1811,0.0,0.0,1,1,0.0,0.0,2.23,4.0,0.0,1,0.0,0,0.0,0,0.0,0.0,0,0.0,0,,,
122469980,COM8,COM,0.25,S,1,1653.0,1653,368324.93186454865,423573.6716442309,81.57618,1992,X,2.26,,481576735021000,-95.729538371079,29.630112116154,0.0,s1812,s1812,0.0,0.0,1,1,0.0,0.0,2.726,7.05,0.0,1,0.0,0,0.0,0,0.0,0.0,0,0.0,0,,,
122538189,RES1-1SNB,RES,0.75,S,1,2998.0,4109,647261.0735114835,323630.53675574175,89.286125,2010,AE,4.74,,481576734014002,-95.780712850682,29.616322292731,0.0,s1813,s1813,0.0,0.0,0,1,0.0,0.0,11.346,16.56,0.0,1,0.0,0,0.0,0,0.0,0.0,0,0.0,0,,,
122530991,RES1-1SNB,RES,0.75,S,1,1287.0,1732,300248.5561758552,150124.2780879276,82.79089,1987,X,3.61,,481576736003022,-95.735843530638,29.614602061678,0.0,s1814,s1814,0.0,0.0,1,1,0.0,0.0,11.773,1.69,0.0,1,0.0,0,0.0,0,0.0,0.0,0,0.0,0,,,
122620191,RES1-2SNB,RES,0.75,S,2,2816.0,3600,444511.3164004733,222255.65820023665,85.986755,2015,X,5.47,,481576755022004,-95.714614115122,29.529358307025,0.0,s1815,s1815,0.0,0.0,1,1,0.0,0.0,7.232,0.98,0.0,1,0.0,0,0.0,0,0.0,0.0,0,0.0,0,,,
122527184,RES1-2SNB,RES,0.75,S,2,2874.0,2153,603407.4808730329,301703.74043651647,73.0109,2004,X,4.36,,481576746041005,-95.694790556506,29.556978995875,1.0,s1816,s1816,0.0,0.0,1,1,0.0,0.0,10.663,2.22,0.0,1,0.0,0,0.0,0,0.0,0.0,0,0.0,0,,,
122519597,RES1-2SNB,RES,0.75,S,2,3472.0,2767,810118.2319965612,405059.1159982806,70.152596,1993,X,4.38,,481576742002000,-95.636914152038,29.569450521451,1.0,s1817,s1817,0.0,0.0,1,1,0.0,0.0,26.257,3.49,0.0,1,0.0,0,0.0,0,0.0,0.0,0,0.0,0,,,
122679904,RES1-2SNB,RES,0.75,S,2,3042.0,2569,729556.4457954698,364778.2228977349,71.35648,1993,X,5.05,,481576742003000,-95.618956988168,29.570262545073,1.0,s1818,s1818,0.0,0.0,1,1,0.0,0.0,12.145,2.83,0.0,1,0.0,0,0.0,0,0.0,0.0,0,0.0,0,,,
122469589,RES1-1SNB,RES,0.75,S,1,2994.0,2241,638298.1752113191,319149.08760565956,85.58495,2012,X,3.91,,481576735012020,-95.724485485117,29.639448717336,1.0,s1819,s1819,0.0,0.0,1,1,0.0,0.0,9.619,1.31,0.0,1,0.0,0,0.0,0,0.0,0.0,0,0.0,0,,,
122553732,RES1-1SNB,RES,0.75,S,1,2640.0,2977,391900.39655813994,195950.19827906997,77.95526,2013,X,0.15,,481576747024043,-95.722779078436,29.562072328485,1.0,s1820,s1820,0.0,0.0,1,1,0.0,0.0,5.1,3.31,0.0,1,0.0,0,0.0,0,0.0,0.0,0,0.0,0,,,
122566019,RES1-2SNB,RES,0.75,S,2,2644.0,2281,675180.9213504114,337590.4606752057,75.30479,1995,X,5.1,,481576739043002,-95.662769363917,29.603536515869,1.0,s1821,s1821,0.0,0.0,1,1,0.0,0.0,2.978,8.43,0.0,1,0.0,0,0.0,0,0.0,0.0,0,0.0,0,,,
122619039,RES1-1SNB,RES,2.0,C,1,2809.29,5244,628110.7176082324,314055.3588041162,85.31131,2010,AE,3.91,,481576734011002,-95.743989637592,29.614790468666,0.0,s1822,s1822,0.0,0.0,1,1,0.0,0.0,27.625,1.11,0.0,1,0.0,0,0.0,0,0.0,0.0,0,0.0,0,,,
122623505,GOV1,PUB,0.25,S,1,1940.0,1940,356422.15267726785,249495.50687408747,77.88457,2015,X,1.0,,481576755031007,-95.72043002633,29.510866702414,1.0,s1823,s1823,0.0,0.0,0,1,0.0,0.0,12.241,2.24,0.0,1,0.0,0,0.0,0,0.0,0.0,0,0.0,0,,,
122624823,RES1-1SNB,RES,0.75,S,1,1815.0,2338,334855.11948625755,167427.55974312878,87.82702,2015,X,4.87,,481576755024022,-95.733580162819,29.527180731125,0.0,s1824,s1824,0.0,0.0,1,1,0.0,0.0,10.963,5.61,0.0,1,0.0,0,0.0,0,0.0,0.0,0,0.0,0,,,
122560028,COM1,COM,0.25,S,1,2821.0,2821,486584.84634750284,608231.0579343785,96.999466,2013,X,3.3,,481576734022017,-95.815515080741,29.641380456134,0.0,s1825,s1825,0.0,0.0,0,1,0.0,0.0,10.739,2.27,0.0,1,0.0,0,0.0,0,0.0,0.0,0,0.0,0,,,
122610712,AGR1,COM,0.25,S,1,24233.0,24233,2272928.670684112,3295746.572491962,66.24156,2002,AE,5.96,,481576746023016,-95.641071875415,29.530747416445,1.0,s1826,s1826,0.0,0.0,0,1,0.0,0.0,1.118,0.62,0.0,1,0.0,0,0.0,0,0.0,0.0,0,0.0,0,,,
122587986,RES1-2SNB,RES,0.75,S,2,4299.0,3828,986064.7280404127,493032.3640202063,74.96922,2009,X,5.81,,481576739023002,-95.642860481658,29.595379948712,0.0,s1827,s1827,0.0,0.0,1,1,0.0,0.0,12.955,0.3,0.0,1,0.0,0,0.0,0,0.0,0.0,0,0.0,0,,,
122531048,RES1-1SNB,RES,0.75,S,1,2112.0,2818,451151.9167177771,225575.95835888854,81.79064,1987,X,5.19,,481576736003000,-95.737527344316,29.621106518857,0.0,s1828,s1828,0.0,0.0,1,1,0.0,0.0,11.311,3.91,0.0,1,0.0,0,0.0,0,0.0,0.0,0,0.0,0,,,
122490834,RES1-1SNB,RES,0.75,S,1,2296.0,2935,545573.4135483734,272786.7067741867,92.39119,2010,X,5.2,,481576734013018,-95.804139457806,29.592866475765,0.0,s1829,s1829,0.0,0.0,1,1,0.0,0.0,8.721,2.32,0.0,1,0.0,0,0.0,0,0.0,0.0,0,0.0,0,,,
122622430,RES1-1SNB,RES,0.75,S,1,1909.0,2321,499761.78240995354,249880.89120497677,79.99658,2015,X,0.23,,481576755031033,-95.730144961847,29.509052010895,0.0,s1830,s1830,0.0,0.0,0,1,0.0,0.0,2.228,1.75,0.0,1,0.0,0,0.0,0,0.0,0.0,0,0.0,0,,,
122743830,RES1-2SNB,RES,0.75,S,2,2054.0,1500,245122.2465517567,122561.12327587834,95.29816,2008,X,0.0,,481576751013006,-95.751917544134,29.550602437264,0.0,s1831,s1831,0.0,0.0,1,1,0.0,0.0,18.203,20.14,0.0,1,0.0,0,0.0,0,0.0,0.0,0,0.0,0,,,
122640851,RES1-1SNB,RES,5.25,P,1,473.0,473,115929.70710674333,57964.853553371664,64.54898,2015,AE,3.31,,481576755032010,-95.637354241231,29.521221836754,1.0,s1832,s1832,0.0,0.0,0,1,0.0,0.0,1.437,4.67,0.0,1,0.0,0,0.0,0,0.0,0.0,0,0.0,0,,,
122597535,RES1-1SNB,RES,0.75,S,1,1664.0,1518,305898.9111033171,152949.45555165855,82.75461,1989,X,3.88,,481576746033016,-95.693576714024,29.542327427251,0.0,s1833,s1833,0.0,0.0,1,1,0.0,0.0,9.824,10.39,0.0,1,0.0,0,0.0,0,0.0,0.0,0,0.0,0,,,
122575573,RES1-1SNB,RES,0.75,S,1,2970.0,3106,758482.8581727804,379241.4290863902,75.04044,2009,X,6.05,,481576739023018,-95.6574050226,29.603457536621,0.0,s1834,s1834,0.0,0.0,0,1,0.0,0.0,4.048,2.14,0.0,1,0.0,0,0.0,0,0.0,0.0,0,0.0,0,,,
122575566,RES1-2SNB,RES,0.75,S,2,3388.0,2084,828845.5753024092,414422.7876512046,75.68699,2009,X,6.11,,481576739023018,-95.658170532278,29.604431604204,0.0,s1835,s1835,0.0,0.0,1,1,0.0,0.0,11.788,4.35,0.0,1,0.0,0,0.0,0,0.0,0.0,0,0.0,0,,,
122625221,RES1-1SNB,RES,0.75,S,1,1684.0,2351,338367.6276518115,169183.81382590576,82.9684,2015,X,0.04,,481576755024011,-95.743165722204,29.518044336865,0.0,s1836,s1836,0.0,0.0,0,1,0.0,0.0,7.639,0.63,0.0,1,0.0,0,0.0,0,0.0,0.0,0,0.0,0,,,
122638902,RES1-1SNB,RES,0.75,S,1,1887.0,2355,361303.68737850006,180651.84368925003,88.58651,2015,X,0.69,,481576755024023,-95.752095866285,29.523245342132,0.0,s1837,s1837,0.0,0.0,0,1,0.0,0.0,8.088,1.74,0.0,1,0.0,0,0.0,0,0.0,0.0,0,0.0,0,,,
122451882,RES1-1SNB,RES,0.75,S,1,2124.0,2582,586540.0789217593,293270.03946087963,71.25834,2002,X,5.53,,481576746025004,-95.668359524589,29.54282003118,1.0,s1838,s1838,0.0,0.0,1,1,0.0,0.0,15.252,8.17,0.0,1,0.0,0,0.0,0,0.0,0.0,0,0.0,0,,,
122485796,RES1-2SNB,RES,0.75,S,2,1993.0,2312,245020.51753054373,122510.25876527186,97.439995,1983,X,0.0,,481576750002001,-95.785381319227,29.569462196333,0.0,s1839,s1839,0.0,0.0,0,1,0.0,0.0,13.17,6.93,0.0,1,0.0,0,0.0,0,0.0,0.0,0,0.0,0,,,
122558009,RES1-1SNB,RES,0.75,S,1,1889.0,2565,139670.82411718572,69835.41205859286,99.325455,1978,X,3.18,,481576748001012,-95.774341984399,29.569237900705,0.0,s1840,s1840,0.0,0.0,0,1,0.0,0.0,2.337,9.48,0.0,1,0.0,0,0.0,0,0.0,0.0,0,0.0,0,,,
122575552,RES1-1SNB,RES,0.75,S,1,2754.0,3938,714434.970109161,357217.4850545805,74.64861,2009,X,4.66,,481576739023027,-95.658982824586,29.596786335488,0.0,s1841,s1841,0.0,0.0,1,1,0.0,0.0,2.135,4.69,0.0,1,0.0,0,0.0,0,0.0,0.0,0,0.0,0,,,
122467374,RES1-1SNB,RES,0.75,S,1,2844.0,2655,627344.2234438449,313672.11172192247,81.85982,2012,X,0.0,,481576735012015,-95.724802300175,29.631313275209,1.0,s1842,s1842,0.0,0.0,0,1,0.0,0.0,5.044,2.77,0.0,1,0.0,0,0.0,0,0.0,0.0,0,0.0,0,,,
122620417,RES1-2SNB,RES,0.75,S,2,2352.0,1955,398652.8555976911,199326.42779884554,86.52063,2015,X,5.29,,481576755022004,-95.717992298969,29.536280892467,0.0,s1843,s1843,0.0,0.0,1,1,0.0,0.0,8.895,3.45,0.0,1,0.0,0,0.0,0,0.0,0.0,0,0.0,0,,,
122618700,RES3A,RES,2.0,C,1,2968.0,1574,387593.59575000004,135657.7585125,99.74184,1983,X,2.49,,481576750001023,-95.797690532633,29.560130691761,0.0,s1844,s1844,0.0,0.0,1,1,0.0,0.0,2.387,8.32,0.0,1,0.0,0,0.0,0,0.0,0.0,0,0.0,0,,,
122448703,RES1-2SNB,RES,0.75,S,2,2463.0,1981,656067.9866176206,328033.9933088103,71.80892,2002,X,4.51,,481576746022003,-95.653506882978,29.559038537291,1.0,s1845,s1845,0.0,0.0,1,1,0.0,0.0,21.123,2.83,0.0,1,0.0,0,0.0,0,0.0,0.0,0,0.0,0,,,
122536821,RES1-1SNB,RES,0.75,S,1,1324.0,2036,147698.06128217682,73849.03064108841,96.401436,2008,X,4.03,,481576751011007,-95.777151163436,29.549080402772,0.0,s1846,s1846,0.0,0.0,1,1,0.0,0.0,2.075,2.43,0.0,1,0.0,0,0.0,0,0.0,0.0,0,0.0,0,,,
122619968,GOV1,PUB,0.25,S,1,1411.0,1411,258239.52920560556,180767.67044392388,87.02175,2013,X,3.6,,481576747022025,-95.760726944574,29.579135590463,0.0,s1847,s1847,0.0,0.0,1,1,0.0,0.0,3.156,10.73,0.0,1,0.0,0,0.0,0,0.0,0.0,0,0.0,0,,,
122606702,RES1-1SNB,RES,0.75,S,1,1303.0,1784,183694.9662,91847.4831,98.65745,1981,X,4.62,,481576751021027,-95.788070928816,29.55551733471,0.0,s1848,s1848,0.0,0.0,1,1,0.0,0.0,2.749,3.64,0.0,1,0.0,0,0.0,0,0.0,0.0,0,0.0,0,,,
122641071,RES3A,RES,0.5,S,2,352.0,3055,68012.4895198724,23804.37133195534,89.31602,2015,X,6.18,,481576755021019,-95.751273421542,29.528738666597,0.0,s1849,s1849,0.0,0.0,1,1,0.0,0.0,2.31,5.26,0.0,1,0.0,0,0.0,0,0.0,0.0,0,0.0,0,,,
122548349,RES1-1SNB,RES,0.75,S,1,2615.0,3126,682835.6191656936,341417.8095828468,71.50062,1998,X,5.45,,481576744013004,-95.633839906474,29.556778987414,0.0,s1850,s1850,0.0,0.0,1,1,0.0,0.0,10.289,2.76,0.0,1,0.0,0,0.0,0,0.0,0.0,0,0.0,0,,,
122457967,RES1-2SNB,RES,0.75,S,2,2402.0,1841,334950.34501727566,167475.17250863783,74.80858,1994,X,5.63,,481576738011001,-95.685285527018,29.585813517714,1.0,s1851,s1851,0.0,0.0,1,1,0.0,0.0,20.697,22.58,0.0,1,0.0,0,0.0,0,0.0,0.0,0,0.0,0,,,
122521840,RES1-2SNB,RES,0.75,S,2,3501.0,2456,836147.320483375,418073.6602416875,70.39736,2002,X,5.89,,481576746024009,-95.665677158674,29.550175200501,1.0,s1852,s1852,0.0,0.0,1,1,0.0,0.0,12.546,4.55,0.0,1,0.0,0,0.0,0,0.0,0.0,0,0.0,0,,,
122531200,GOV1,PUB,0.25,S,1,1776.0,1776,302955.81593588967,212069.07115512274,84.4608,1987,AE,1.76,,481576736003018,-95.738159504068,29.597748838875,1.0,s1853,s1853,0.0,0.0,0,1,0.0883,0.0,5.458,3.81,0.0,1,0.0,0,0.0,0,0.0,0.0,0,0.0,0,,,
122695420,RES1-2SNB,RES,0.75,S,2,2762.0,2600,315907.72290193074,157953.86145096537,67.11295,1988,X,5.53,,481576740021002,-95.607450471573,29.591191150587,1.0,s1854,s1854,0.0,0.0,1,1,0.0,0.0,3.638,2.26,0.0,1,0.0,0,0.0,0,0.0,0.0,0,0.0,1,,,
122448422,RES1-1SNB,RES,0.75,S,1,2611.0,3273,690401.9952939155,345200.99764695775,73.46737,2009,X,4.64,,481576739022006,-95.654279244389,29.582467967454,0.0,s1855,s1855,0.0,0.0,1,1,0.0,0.0,10.467,1.39,0.0,1,0.0,0,0.0,0,0.0,0.0,0,0.0,0,,,
122550067,RES1-1SNB,RES,0.75,S,1,1981.0,2727,545074.9587265839,272537.47936329193,74.96705,1995,X,4.07,,481576739043000,-95.664559632927,29.605452527442,1.0,s1856,s1856,0.0,0.0,1,1,0.0,0.0,7.144,7.3,0.0,1,0.0,0,0.0,0,0.0,0.0,0,0.0,0,,,
122485420,RES1-1SNB,RES,0.75,S,1,1593.0,4802,174152.78010000003,87076.39005000002,93.0107,1979,X,5.19,,481576749003005,-95.785037762289,29.602898658836,0.0,s1857,s1857,0.0,0.0,0,1,0.0,0.0,37.138,19.26,0.0,1,0.0,0,0.0,0,0.0,0.0,0,0.0,1,,,
122598090,RES1-1SNB,RES,0.75,S,1,2320.0,2615,355732.93480006803,177866.46740003402,80.195435,2013,X,4.15,,481576747023009,-95.747673520759,29.571117995691,1.0,s1858,s1858,0.0,0.0,1,1,0.0,0.0,10.053,0.75,0.0,1,0.0,0,0.0,0,0.0,0.0,0,0.0,0,,,
122451239,RES1-2SNB,RES,0.75,S,2,2498.0,2107,669212.5487624558,334606.2743812279,71.93095,2009,X,5.38,,481576739022023,-95.661823890228,29.575579517465,0.0,s1859,s1859,0.0,0.0,1,1,0.1183,0.0,6.455,2.82,0.0,1,0.0,0,0.0,0,0.0,0.0,0,0.0,0,,,
122459570,RES1-1SNB,RES,0.75,S,1,2389.0,2736,334813.98075322935,167406.99037661467,75.00103,1994,X,4.47,,481576738011000,-95.683247176854,29.586630100321,1.0,s1860,s1860,0.0,0.0,1,1,0.0,0.0,21.681,3.71,0.0,1,0.0,0,0.0,0,0.0,0.0,0,0.0,0,,,
122695610,RES1-1SNB,RES,0.75,S,1,2187.0,2454,275136.5331669321,137568.26658346606,67.28471,1988,X,5.09,,481576740021008,-95.608293676078,29.583622251647,1.0,s1861,s1861,0.0,0.0,1,1,0.0,0.0,2.251,3.23,0.0,1,0.0,0,0.0,0,0.0,0.0,0,0.0,0,,,
122473820,RES1-1SNB,RES,0.75,S,1,4179.0,3875,534611.189262797,267305.5946313985,77.55879,2013,X,0.35,,481576747024011,-95.734102300068,29.565594071961,1.0,s1862,s1862,0.0,0.0,0,1,0.0,0.0,9.227,2.35,0.0,1,0.0,0,0.0,0,0.0,0.0,0,0.0,0,,,
122597568,RES1-1SNB,RES,0.75,S,1,1686.0,2252,308357.873199372,154178.936599686,83.154526,1989,X,4.46,,481576746033007,-95.696149976439,29.543625306081,0.0,s1863,s1863,0.0,0.0,1,1,0.0,0.0,7.704,7.14,0.0,1,0.0,0,0.0,0,0.0,0.0,0,0.0,0,,,
122568368,RES1-2SNB,RES,0.75,S,2,2308.0,2791,353113.21133247507,176556.60566623753,75.30734,2013,X,5.39,,481576747021013,-95.709497751751,29.562638568276,1.0,s1864,s1864,0.0,0.0,1,1,0.0,0.0,7.343,3.86,0.0,1,0.0,0,0.0,0,0.0,0.0,0,0.0,0,,,
122462370,RES1-2SNB,RES,0.75,S,2,5256.0,6277,991842.7004635988,495921.3502317994,73.24469,2004,X,5.64,,481576746042000,-95.709928908597,29.550695634918,1.0,s1865,s1865,0.0,0.0,1,1,0.0,0.0,13.348,7.97,0.0,1,0.0,0,0.0,0,0.0,0.0,0,0.0,0,,,
122492967,RES1-2SNB,RES,0.75,S,2,3747.0,2078,863961.4280825204,431980.7140412602,95.51607,2012,X,4.39,,481576734044028,-95.800058185925,29.642200612878,0.0,s1866,s1866,0.0,0.0,0,1,0.0,0.0,14.946,2.55,0.0,1,0.0,0,0.0,0,0.0,0.0,0,0.0,0,,,
122636779,AGR1,COM,0.25,S,1,2888.0,2888,318124.19123875437,461280.0772961938,92.50158,2015,X,4.73,,481576755021051,-95.768427884255,29.528605525933,0.0,s1867,s1867,0.0,0.0,0,1,0.0,0.0,15.008,0.98,0.0,1,0.0,0,0.0,0,0.0,0.0,0,0.0,0,,,
122460503,RES1-2SNB,RES,0.75,S,2,2845.0,2573,768680.9543019566,384340.4771509783,81.119514,2015,X,5.15,,481576729012070,-95.697961399979,29.625831153557,0.0,s1868,s1868,0.0,0.0,0,1,0.0,0.0,12.077,6.05,0.0,1,0.0001,0,0.0,0,0.0,0.0,0,0.0,0,,,
122743466,RES2,RES,2.0,C,1,520.0,1500,28168.296150000002,28168.296150000002,86.88915,1979,X,0.0,,481576749002002,-95.765888719907,29.5895566962,0.0,s1869,s1869,0.0,0.0,0,1,0.0,0.0,11.324,9.66,0.0,1,0.0,0,0.0,0,0.0,0.0,0,0.0,0,,,
122476754,RES1-1SNB,RES,0.75,S,1,1638.0,2134,421525.6616413891,210762.83082069454,84.839096,2010,AE,3.73,,481576734011005,-95.746304828293,29.611478115552,0.0,s1870,s1870,0.0,0.0,0,1,0.0,0.0,29.672,1.59,0.0,1,0.0,0,0.0,0,0.0,0.0,0,0.0,0,,,
122524449,RES1-2SNB,RES,0.75,S,2,3508.0,2122,818300.2776703,409150.13883515,71.14069,1988,X,5.95,,481576746011011,-95.681624096792,29.549396391586,1.0,s1871,s1871,0.0,0.0,1,1,0.0,0.0,2.277,0.87,0.0,1,0.0,0,0.0,0,0.0,0.0,0,0.0,0,,,
122490217,RES1-1SNB,RES,0.75,S,1,1725.0,1815,134844.4422,67422.2211,98.10067,1981,X,4.45,,481576752003007,-95.800714073736,29.547450381322,0.0,s1872,s1872,0.0,0.0,1,1,0.0,0.0,3.655,0.25,0.0,1,0.0,0,0.0,0,0.0,0.0,0,0.0,0,,,
122731213,RES1-1SNB,RES,0.75,S,1,653.0,653,184367.78108728724,92183.89054364362,62.765568,2002,AE,2.28,,481576746023007,-95.612107928897,29.514033139097,1.0,s1873,s1873,0.0,0.0,0,1,0.0,0.0,3.032,12.56,0.0,1,0.0,0,0.0,0,0.0,0.0,0,0.0,0,,,
122588495,RES1-2SNB,RES,0.75,S,2,3206.0,2768,775449.078313517,387724.5391567585,75.41219,1996,X,6.23,,481576739032009,-95.667859643555,29.581853215332,0.0,s1874,s1874,0.0,0.0,1,1,0.02,0.0,5.882,10.03,0.0,1,0.0,0,0.0,0,0.0,0.0,0,0.0,0,,,
122667952,RES1-1SNB,RES,0.75,S,1,2310.0,2322,284362.30901411665,142181.15450705832,66.51693,1988,X,4.25,,481576740021014,-95.611099896614,29.587617928387,1.0,s1875,s1875,0.0,0.0,1,1,0.0,0.0,2.952,0.16,0.0,1,0.0,0,0.0,0,0.0,0.0,0,0.0,1,,,
122585170,RES1-1SNB,RES,0.75,S,1,1738.0,2376,295993.74597772793,147996.87298886396,83.13139,2013,X,4.85,,481576747024067,-95.749166899428,29.551753492515,1.0,s1876,s1876,0.0,0.0,1,1,0.0,0.0,19.682,14.91,0.0,1,0.0,0,0.0,0,0.0,0.0,0,0.0,0,,,
122461044,RES1-2SNB,RES,0.75,S,2,2621.0,1761,436031.73040179635,218015.86520089817,78.198265,1997,X,5.22,,481576738022008,-95.697177519636,29.596641070772,1.0,s1877,s1877,0.0,0.0,1,1,0.0,0.0,6.141,3.95,0.0,1,0.0,0,0.0,0,0.0,0.0,0,0.0,0,,,
122551391,RES1-1SNB,RES,0.75,S,1,2246.0,2640,603561.0317832227,301780.51589161134,71.62944,2002,X,5.02,,481576746021005,-95.678909364372,29.545871995547,1.0,s1878,s1878,0.0,0.0,1,1,0.0,0.0,9.517,2.09,0.0,1,0.0,0,0.0,0,0.0,0.0,0,0.0,0,,,
122618484,RES1-1SNB,RES,0.75,S,1,2305.0,2544,388714.66358896316,194357.33179448158,94.51942,2015,X,5.53,,481576755021011,-95.763842527764,29.531163103762,0.0,s1879,s1879,0.0,0.0,1,1,0.0,0.0,9.034,1.79,0.0,1,0.0,0,0.0,0,0.0,0.0,0,0.0,0,,,
122571295,RES3B,RES,0.5,S,1,1703.0,1703,260062.89863685894,91022.01452290063,102.39999,1979,X,2.81,,481576749003013,-95.77816244979,29.586341657693,0.0,s1880,s1880,0.0,0.0,1,1,0.0,0.0,12.029,20.56,0.0,1,0.0,0,0.0,0,0.0,0.0,0,0.0,0,,,
122704785,RES1-1SNB,RES,0.75,S,1,3288.0,2554,825527.0044735207,412763.50223676034,69.245285,2013,X,4.33,,481576744024017,-95.61621645705,29.5456280067,1.0,s1881,s1881,0.0,0.0,1,1,0.0,0.0,16.859,1.78,0.0,1,0.0,0,0.0,0,0.0,0.0,0,0.0,0,,,
122601000,RES2,RES,2.0,C,1,1250.0,2767,67712.25375,67712.25375,102.817665,1979,X,1.67,,481576749003009,-95.77634060301,29.587160318208,0.0,s1882,s1882,0.0,0.0,1,1,0.0,0.0,5.812,10.69,0.0,1,0.0,0,0.0,0,0.0,0.0,0,0.0,0,,,
122482417,RES1-1SWB,RES,2.0,B,1,2638.0,3875,762999.6541304756,381499.8270652378,90.14005,2012,X,5.16,,481576734043009,-95.760970291422,29.64903223901,0.0,s1883,s1883,0.0,0.0,0,1,0.0,0.0,18.571,3.32,0.0,1,0.0,0,0.0,0,0.0,0.0,0,0.0,0,,,
122490244,RES1-1SNB,RES,0.75,S,1,1527.0,1527,396389.3468599854,198194.6734299927,93.611404,2010,X,4.53,,481576734014005,-95.803174802675,29.62414432378,0.0,s1884,s1884,0.0,0.0,1,1,0.0,0.0,2.426,1.3,0.0,1,0.0,0,0.0,0,0.0,0.0,0,0.0,0,,,
122568561,COM1,COM,0.25,S,1,1293.0,1293,238064.1037933805,297580.1297417256,88.86345,2004,X,1.0,,481576746042016,-95.719777858854,29.540815492818,0.0,s1885,s1885,0.0,0.0,0,1,0.0,0.0,5.954,7.38,0.0,1,0.0,0,0.0,0,0.0,0.0,0,0.0,0,,,
122449269,RES1-2SNB,RES,0.75,S,2,3380.0,3174,818425.578982013,409212.7894910065,71.05189,2002,X,6.28,,481576746024000,-95.658599529828,29.54958586533,1.0,s1886,s1886,0.0,0.0,1,1,0.0,0.0,3.689,14.69,0.0,1,0.0,0,0.0,0,0.0,0.0,0,0.0,0,,,
122666870,RES1-2SNB,RES,0.75,S,2,2383.0,2271,290724.3396724604,145362.1698362302,66.56732,1984,X,4.55,,481576741001014,-95.607081644892,29.581942714657,1.0,s1887,s1887,0.0,0.0,1,1,0.0,0.0,2.687,3.47,0.0,1,0.0,0,0.0,0,0.0,0.0,0,0.0,0,,,
122569226,RES1-1SNB,RES,0.75,S,1,2056.0,2623,339711.1090816292,169855.5545408146,78.270256,2013,X,0.16,,481576747024035,-95.733203589119,29.558096357073,1.0,s1888,s1888,0.0,0.0,0,1,0.0,0.0,12.24,11.56,0.0,1,0.0,0,0.0,0,0.0,0.0,0,0.0,0,,,
122474439,RES1-2SNB,RES,0.75,S,2,2605.0,1953,419308.6348700946,209654.3174350473,90.84564,2015,X,5.53,,481576755023007,-95.740197616265,29.540967920153,0.0,s1889,s1889,0.0,0.0,1,1,0.0,0.0,11.641,0.55,0.0,1,0.0,0,0.0,0,0.0,0.0,0,0.0,1,,,
122620864,RES1-1SNB,RES,0.75,S,1,3649.0,2591,522925.4298348447,261462.71491742236,88.80896,2015,X,4.63,,481576755024008,-95.739022016924,29.531594490083,0.0,s1890,s1890,0.0,0.0,1,1,0.0,0.0,10.755,1.77,0.0,1,0.0,0,0.0,0,0.0,0.0,0,0.0,0,,,
122549587,RES1-2SNB,RES,0.75,S,2,3388.0,2600,828845.5753024092,414422.7876512046,76.31422,2009,X,4.81,,481576739023025,-95.659956875916,29.604982668055,0.0,s1891,s1891,0.0,0.0,1,1,0.0,0.0,11.55,5.71,0.0,1,0.0,0,0.0,0,0.0,0.0,0,0.0,0,,,
122605795,COM3,COM,0.5,C,1,1638.0,1638,261868.269,392802.4035,99.772385,2008,X,2.0,,481576733001047,-95.853711109246,29.637256295295,0.0,s1892,s1892,0.0,0.0,0,1,0.0,0.0,5.866,9.93,0.0,1,0.0,0,0.0,0,0.0,0.0,0,0.0,0,,,
122488063,RES1-1SNB,RES,0.75,S,1,1732.0,2110,463439.5342330732,231719.7671165366,88.682625,2010,X,1.42,,481576734013007,-95.803350633644,29.58873753405,0.0,s1893,s1893,0.0,0.0,0,1,0.0,0.0,1.858,6.42,0.0,1,0.0,0,0.0,0,0.0,0.0,0,0.0,0,,,
122597184,RES1-1SNB,RES,0.75,S,1,2683.0,3602,683269.1978278809,341634.5989139404,77.266685,1995,X,5.79,,481576739041007,-95.680040026263,29.599688574743,0.0,s1894,s1894,0.0,0.0,1,1,0.0,0.0,2.694,8.8,0.0,1,0.0,0,0.0,0,0.0,0.0,0,0.0,0,,,
122619577,RES1-2SNB,RES,2.0,C,2,1665.0,1509,132138.53055,66069.265275,99.93191,1981,X,3.43,,481576752002055,-95.802038395204,29.552052011911,0.0,s1895,s1895,0.0,0.0,1,1,0.0,0.0,2.229,5.65,0.0,1,0.0,0,0.0,0,0.0,0.0,0,0.0,0,,,
122486526,RES1-2SNB,RES,0.75,S,2,1496.0,1742,202235.4113,101117.70565,98.7956,1981,X,3.04,,481576751022006,-95.787018197037,29.551415959504,0.0,s1896,s1896,0.0,0.0,1,1,0.0,0.0,3.368,5.47,0.0,1,0.0,0,0.0,0,0.0,0.0,0,0.0,0,,,
122583884,RES1-1SNB,RES,0.75,S,1,1210.0,1624,235209.9299534952,117604.9649767476,82.23375,1989,X,3.45,,481576746033008,-95.698242623135,29.541885766748,0.0,s1897,s1897,0.0,0.0,1,1,0.0,0.0,7.827,4.77,0.0,1,0.0,0,0.0,0,0.0,0.0,0,0.0,0,,,
122551783,RES3A,RES,6.25,P,1,2230.0,2230,357053.5532417991,124968.74363462969,75.12716,1997,X,3.61,,481576738021004,-95.68065106481,29.590159103745,1.0,s1898,s1898,0.0,0.0,1,1,0.0,0.0,9.608,5.89,0.0,1,0.0,0,0.0,0,0.0,0.0,0,0.0,0,,,
122490857,RES1-2SNB,RES,0.75,S,2,2635.0,1674,598747.6946445483,299373.8473222742,91.72868,2010,X,6.3,,481576734013018,-95.804157807674,29.595403050022,0.0,s1899,s1899,0.0,0.0,1,1,0.0,0.0,8.086,2.51,0.0,1,0.0,0,0.0,0,0.0,0.0,0,0.0,0,,,
122552053,RES1-2SNB,RES,0.75,S,2,2333.0,1972,406174.1721028817,203087.08605144086,78.495316,1997,X,3.88,,481576738022003,-95.690215000658,29.599043533805,0.0,s1900,s1900,0.0,0.0,1,1,0.0,0.0,3.811,6.97,0.0,1,0.0,0,0.0,0,0.0,0.0,0,0.0,0,,,
122444921,RES1-1SNB,RES,0.75,S,1,2560.0,3181,671446.1905152482,335723.0952576241,70.4301,1998,X,5.05,,481576744012008,-95.630134723018,29.560457389067,0.0,s1901,s1901,0.0,0.0,1,1,0.0,0.0,4.349,1.22,0.0,1,0.0,0,0.0,0,0.0,0.0,0,0.0,1,,,
122448421,RES1-2SNB,RES,0.75,S,2,5355.0,4410,1138597.249700885,569298.6248504425,74.158424,2009,X,5.82,,481576739022006,-95.651780531769,29.586420415452,0.0,s1902,s1902,0.0,0.0,1,1,0.0,0.0,10.243,0.02,0.0,1,0.0,0,0.0,0,0.0,0.0,0,0.0,0,,,
122596397,RES1-2SNB,RES,0.75,S,2,924.0,462,262651.44702425646,131325.72351212823,68.74095,1987,X,2.99,,481576740011013,-95.628291273554,29.583630072409,1.0,s1903,s1903,0.0,0.0,1,1,0.0,0.0,6.094,4.11,0.0,1,0.0,0,0.0,0,0.0,0.0,0,0.0,0,,,
122530073,RES1-2SNB,RES,0.75,S,2,2662.0,2371,530772.2323751459,265386.11618757294,81.240005,1987,X,6.74,,481576736004000,-95.73254618308,29.619495663649,0.0,s1904,s1904,0.0,0.0,1,1,0.0,0.0,7.757,5.51,0.0,1,0.0,0,0.0,0,0.0,0.0,0,0.0,0,,,
122511714,RES1-2SNB,RES,0.75,S,2,3520.0,4377,908452.5276108733,454226.26380543667,109.51016,2008,X,0.0,,481576733001007,-95.894483514725,29.68480555679,0.0,s1905,s1905,0.0,0.0,0,1,0.0,0.0,10.616,7.87,0.0,1,0.0,0,0.0,0,0.0,0.0,0,0.0,0,,,
122535155,RES1-2SNB,RES,0.75,S,2,3391.0,2541,327542.75720073545,163771.37860036772,95.96395,2008,X,5.05,,481576751013017,-95.761687733951,29.549534154199,0.0,s1906,s1906,0.0,0.0,1,1,0.0,0.0,12.346,5.32,0.0,1,0.0,0,0.0,0,0.0,0.0,0,0.0,0,,,
122611779,RES1-2SNB,RES,0.75,S,2,1560.0,2074,477380.1858696154,238690.0929348077,89.03851,2012,AE,0.0,,481576734042008,-95.766150142705,29.64128215013,0.0,s1907,s1907,0.0,0.0,0,1,0.0,0.0,13.259,1.26,0.0,1,0.0067,0,0.0,0,0.0,0.0,0,0.0,0,,,
122617622,RES1-1SNB,RES,2.0,C,1,1540.0,1741,428441.630034,214220.815017,133.56978,2016,X,5.27,,481576732023118,-95.898671991924,29.691065320976,0.0,s1908,s1908,0.0,0.0,1,1,0.0,0.0,24.591,33.63,0.0,1,0.0,0,0.0,0,0.0,0.0,0,0.0,0,,,
122667671,RES1-2SNB,RES,0.75,S,2,3800.0,2709,403323.7184964967,201661.85924824834,66.66284,1984,X,5.57,,481576741001026,-95.609213074681,29.575677391231,1.0,s1909,s1909,0.0,0.0,1,1,0.0,0.0,16.173,3.82,0.0,1,0.0,0,0.0,0,0.0,0.0,0,0.0,0,,,
122638747,RES1-2SNB,RES,0.75,S,2,4580.0,3747,599423.9417595821,299711.9708797911,81.188866,2015,X,5.24,,481576755022016,-95.711765453626,29.5277892077,0.0,s1910,s1910,0.0,0.0,1,1,0.0,0.0,2.547,5.7,0.0,1,0.0,0,0.0,0,0.0,0.0,0,0.0,0,,,
122552663,RES1-2SNB,RES,0.75,S,2,2532.0,2519,410124.74531394005,205062.37265697002,82.4104,1989,X,5.66,,481576746031014,-95.696010203473,29.545255432529,0.0,s1911,s1911,0.0,0.0,1,1,0.0,0.0,7.837,5.45,0.0,1,0.0,0,0.0,0,0.0,0.0,0,0.0,0,,,
122459977,RES1-2SNB,RES,0.75,S,2,2185.0,1822,375377.1927303655,187688.59636518275,82.069016,1989,X,4.56,,481576746031016,-95.694688515442,29.546583290391,0.0,s1912,s1912,0.0,0.0,1,1,0.0,0.0,17.226,12.78,0.0,1,0.0,0,0.0,0,0.0,0.0,0,0.0,0,,,
122625504,RES1-1SNB,RES,0.75,S,1,2097.0,2590,385818.87974062597,192909.43987031298,85.34124,2015,X,0.06,,481576755024011,-95.744600357018,29.523652018603,0.0,s1913,s1913,0.0,0.0,0,1,0.0,0.0,5.806,1.98,0.0,1,0.0,0,0.0,0,0.0,0.0,0,0.0,0,,,
122466489,RES1-2SNB,RES,0.75,S,2,2872.0,2268,434820.4424790861,217410.22123954305,83.27993,2015,X,4.34,,481576755022001,-95.712355624849,29.536623485297,0.0,s1914,s1914,0.0,0.0,1,1,0.0,0.0,3.031,1.82,0.0,1,0.0,0,0.0,0,0.0,0.0,0,0.0,0,,,
122566412,RES1-2SNB,RES,0.75,S,2,2542.0,2634,669640.6764343091,334820.33821715455,69.62754,2002,X,5.48,,481576746025003,-95.667084998294,29.547019973421,1.0,s1915,s1915,0.0,0.0,1,1,0.0,0.0,1.405,2.13,0.0,1,0.0,0,0.0,0,0.0,0.0,0,0.0,0,,,
122465386,RES1-1SNB,RES,2.0,C,1,3154.0,3154,312005.5170423105,156002.75852115525,83.39555,1988,X,0.43,,481576737001011,-95.709613395881,29.631576839941,0.0,s1916,s1916,0.0,0.0,0,1,0.0,0.0,13.088,3.26,0.0,1,0.0,0,0.0,0,0.0,0.0,0,0.0,0,,,
122568958,RES1-2SNB,RES,0.75,S,2,2308.0,1356,479799.97579663567,239899.98789831784,81.89801,1987,X,4.07,,481576736002021,-95.723168117163,29.614398565714,0.0,s1917,s1917,0.0,0.0,0,1,0.0,0.0,10.645,10.96,0.0,1,0.0,0,0.0,0,0.0,0.0,0,0.0,0,,,
122570962,RES1-1SNB,RES,0.75,S,1,3562.0,5106,743635.9676981741,371817.98384908703,86.97611,2010,AE,4.06,,481576734014000,-95.775244298321,29.620710526449,1.0,s1918,s1918,0.0,0.0,0,1,0.0,0.0,3.11,8.02,0.0,1,0.0,0,0.0,0,0.0,0.0,0,0.0,0,,,
122541194,RES1-1SNB,RES,2.0,C,1,1447.0,510,428241.3754273175,214120.68771365876,86.86203,2008,AE,0.0,21745855,481576733001068,-95.817154828,29.57798106,1.0,s1919,s1919,0.0,0.0,0,1,0.0287,0.0,3.148,19.16,0.0,1,0.0,0,0.0,0,0.0,0.0,0,0.0,0,,,
122548361,RES1-2SNB,RES,0.75,S,2,2891.0,2122,729212.9241557622,364606.4620778811,70.84739,1998,X,5.97,,481576744013004,-95.633595372781,29.557026214371,0.0,s1920,s1920,0.0,0.0,1,1,0.0,0.0,8.466,3.19,0.0,1,0.0,0,0.0,0,0.0,0.0,0,0.0,0,,,
122466090,RES1-2SWB,RES,2.0,B,2,6161.0,3859,896624.8122872604,448312.4061436302,76.848526,2013,X,6.21,,481576747021006,-95.711913358002,29.563658048632,1.0,s1921,s1921,0.0,0.0,1,1,0.0,0.0,12.661,2.28,0.0,1,0.0,0,0.0,0,0.0,0.0,0,0.0,0,,,
122470925,RES1-1SNB,RES,0.75,S,1,2255.0,2641,491126.17957348505,245563.08978674252,83.26255,1987,X,4.7,,481576736001004,-95.72996038564,29.610660935791,0.0,s1922,s1922,0.0,0.0,1,1,0.0,0.0,2.293,0.66,0.0,1,0.0,0,0.0,0,0.0,0.0,0,0.0,0,,,
122468266,RES1-1SNB,RES,0.75,S,1,2439.0,2766,574645.6079351078,287322.8039675539,83.894,2012,X,4.27,,481576735012015,-95.7253626685,29.627498264373,1.0,s1923,s1923,0.0,0.0,1,1,0.0,0.0,14.694,3.79,0.0,1,0.0,0,0.0,0,0.0,0.0,0,0.0,0,,,
122482789,RES1-1SNB,RES,0.75,S,1,1638.0,2099,128516.05200000001,64258.026000000005,96.902626,1978,X,3.9,,481576748004004,-95.766302814638,29.56457410249,0.0,s1924,s1924,0.0,0.0,1,1,0.0,0.0,2.005,0.59,0.0,1,0.0,0,0.0,0,0.0,0.0,0,0.0,0,,,
122704552,RES1-1SNB,RES,0.75,S,1,2166.0,2805,276933.00576483656,138466.50288241828,67.26834,1988,X,4.12,,481576740021017,-95.61153396846,29.582124888193,1.0,s1925,s1925,0.0,0.0,1,1,0.0,0.0,3.443,2.95,0.0,1,0.0,0,0.0,0,0.0,0.0,0,0.0,0,,,
122630158,RES1-1SNB,RES,0.75,S,1,2746.0,2908,390176.21938518924,195088.10969259462,88.332054,2011,X,0.2,,481576755013008,-95.779148341139,29.519255768098,1.0,s1926,s1926,0.0,0.0,0,1,0.0,0.0,0.525,1.16,0.0,1,0.0,0,0.0,0,0.0,0.0,0,0.0,0,,,
122554847,RES1-2SNB,RES,0.75,S,2,3012.0,2440,455934.2542098682,227967.1271049341,89.65419,2015,X,4.99,,481576755023012,-95.739913802322,29.536433738205,0.0,s1927,s1927,0.0,0.0,1,1,0.0,0.0,6.054,1.61,0.0,1,0.0,0,0.0,0,0.0,0.0,0,0.0,0,,,
122518937,RES1-2SNB,RES,0.75,S,2,3910.0,3117,907427.1162621828,453713.5581310914,69.91223,1998,X,5.72,,481576744012009,-95.632377170332,29.562189969451,0.0,s1928,s1928,0.0,0.0,1,1,0.2908,0.0,2.709,0.54,0.0,1,0.0,0,0.0,0,0.0,0.0,0,0.0,1,,,
122536571,RES1-2SNB,RES,0.75,S,2,3104.0,4096,794215.0913741398,397107.5456870699,89.84308,2012,X,5.03,,481576734043003,-95.776510806171,29.644522878212,0.0,s1929,s1929,0.0,0.0,0,1,0.0287,0.0,5.685,3.76,0.0,1,0.0,0,0.0,0,0.0,0.0,0,0.0,0,,,
122525644,RES1-2SNB,RES,0.75,S,2,2954.0,2196,770562.7119608002,385281.3559804001,80.512115,2015,X,5.65,,481576729012071,-95.691214881998,29.616467519181,0.0,s1930,s1930,0.0,0.0,0,1,0.0811,0.0,7.933,5.37,0.0,1,0.0,0,0.0,0,0.0,0.0,0,0.0,0,,,
122645224,COM1,COM,0.25,S,1,3072.0,3072,486768.2217762465,608460.2772203081,70.947655,2015,X,1.92,,481576755031055,-95.684096969206,29.494210833191,0.0,s1931,s1931,0.0,0.0,1,1,0.0,0.0,5.845,1.73,0.0,1,0.0,0,0.0,0,0.0,0.0,0,0.0,1,,,
122666596,RES1-1SNB,RES,0.75,S,1,4999.0,4466,1116567.0362034817,558283.5181017409,69.73639,2013,X,4.58,,481576744022000,-95.611511485261,29.550847704416,0.0,s1932,s1932,0.0,0.0,1,1,0.0,0.0,11.455,3.39,0.0,1,0.0,0,0.0,0,0.0,0.0,0,0.0,0,,,
122582686,RES1-2SNB,RES,0.75,S,2,2909.0,3266,729479.8584159979,364739.92920799897,73.8597,1996,X,4.96,,481576739031008,-95.665831504472,29.585742561403,1.0,s1933,s1933,0.0,0.0,1,1,0.0,0.0,5.669,1.14,0.0,1,0.0,0,0.0,0,0.0,0.0,0,0.0,1,,,
122540540,RES1-1SNB,RES,0.75,S,1,3155.0,2225,681354.0028900648,340677.0014450324,92.14979,2010,X,1.68,,481576734013017,-95.803613330281,29.590005417044,0.0,s1934,s1934,0.0,0.0,1,1,0.0,0.0,3.813,4.0,0.0,1,0.0,0,0.0,0,0.0,0.0,0,0.0,0,,,
122484219,RES1-1SNB,RES,0.75,S,1,1126.0,1564,130608.56773779879,65304.283868899394,96.911865,2008,X,4.61,,481576751011001,-95.774071228455,29.548684951549,0.0,s1935,s1935,0.0,0.0,1,1,0.0,0.0,4.489,5.81,0.0,1,0.0,0,0.0,0,0.0,0.0,0,0.0,0,,,
122484150,RES1-2SNB,RES,0.75,S,2,2353.0,1558,226051.77914629044,113025.88957314522,98.92939,2008,X,5.35,,481576751012003,-95.780059444839,29.556002011998,0.0,s1936,s1936,0.0,0.0,1,1,0.0,0.0,7.457,0.27,0.0,1,0.0,0,0.0,0,0.0,0.0,0,0.0,0,,,
122570883,RES1-1SNB,RES,2.0,C,1,800.0,1119,99565.11255,49782.556275,99.48802,1979,X,3.61,,481576749001014,-95.769979418344,29.58170406429,0.0,s1937,s1937,0.0,0.0,1,1,0.0,0.0,13.579,17.05,0.0,1,0.0,0,0.0,0,0.0,0.0,0,0.0,0,,,
122535618,RES1-1SNB,RES,2.0,C,1,724.0,712,90106.42365000001,45053.211825000006,85.756424,1979,X,4.94,,481576749002003,-95.767268515155,29.584092445508,0.0,s1938,s1938,0.0,0.0,1,1,0.0,0.0,14.278,2.08,0.0,1,0.0,0,0.0,0,0.0,0.0,0,0.0,0,,,
122524555,RES1-2SNB,RES,0.75,S,2,4413.0,3179,864318.7394683211,432159.36973416054,82.03921,2003,X,6.06,,481576728011005,-95.681815455236,29.622237848212,0.0,s1939,s1939,0.0,0.0,1,1,0.0,0.0,9.348,4.24,0.0,1,0.0,0,0.0,0,0.0,0.0,0,0.0,1,,,
122524008,RES1-1SNB,RES,0.75,S,1,2902.0,3764,767607.8328088945,383803.9164044472,78.12427,2002,X,4.35,,481576746023026,-95.6749195048,29.538695121546,0.0,s1940,s1940,0.0,0.0,0,1,0.0018,0.0,16.27,7.49,0.0,1,0.0,0,0.0,0,0.0,0.0,0,0.0,0,,,
122618524,RES1-1SNB,RES,0.75,S,1,2179.0,2583,374140.72501396487,187070.36250698243,95.075645,2015,X,4.39,,481576755021011,-95.763006543154,29.531594286927,0.0,s1941,s1941,0.0,0.0,1,1,0.0,0.0,8.921,0.6,0.0,1,0.0,0,0.0,0,0.0,0.0,0,0.0,0,,,
122459647,RES1-2SNB,RES,0.75,S,2,2274.0,1548,324603.71898512985,162301.85949256492,73.90954,1994,X,4.27,,481576738011000,-95.682933249625,29.58720719993,1.0,s1942,s1942,0.0,0.0,0,1,0.0,0.0,14.041,0.71,0.0,1,0.0,0,0.0,0,0.0,0.0,0,0.0,0,,,
122531202,AGR1,COM,0.5,C,1,3124.0,3124,314657.45648399997,456253.3119017999,82.58788,1987,AE,3.63,,481576736003018,-95.741542125079,29.595916061289,1.0,s1943,s1943,0.0,0.0,0,1,0.0,0.0,14.911,26.84,0.0,1,0.0,0,0.0,0,0.0,0.0,0,0.0,0,,,
122476070,RES1-1SNB,RES,0.75,S,1,2329.0,2917,564962.5089400512,282481.2544700256,86.15706,2010,X,0.01,,481576734011019,-95.75461919192,29.589852397301,0.0,s1944,s1944,0.0,0.0,0,1,0.0,0.0,32.5,13.25,0.0,1,0.0,0,0.0,0,0.0,0.0,0,0.0,1,,,
122446544,RES1-2SNB,RES,0.75,S,2,3791.0,3083,899188.6232347576,449594.3116173788,74.01538,2009,X,6.2,,481576739023001,-95.641100525813,29.59860319815,0.0,s1945,s1945,0.0,0.0,1,1,0.0,0.0,24.797,1.45,0.0,1,0.0,0,0.0,0,0.0,0.0,0,0.0,0,,,
122472628,RES1-2SNB,RES,0.75,S,2,3813.0,2809,525639.6787451742,262819.8393725871,89.57473,2015,X,4.98,,481576755023010,-95.737143618214,29.537641361835,0.0,s1946,s1946,0.0,0.0,1,1,0.0536,0.0,8.274,0.08,0.0,1,0.0,0,0.0,0,0.0,0.0,0,0.0,0,,,
122588501,RES1-2SNB,RES,0.75,S,2,3486.0,3313,828412.8087022934,414206.4043511467,75.351204,1996,X,5.45,,481576739032009,-95.667656985163,29.581057758913,0.0,s1947,s1947,0.0,0.0,1,1,0.0,0.0,22.52,10.28,0.0,1,0.0,0,0.0,0,0.0,0.0,0,0.0,0,,,
122565765,RES1-2SNB,RES,0.75,S,2,3845.0,3197,908800.86666739,454400.433333695,74.79664,2009,X,5.89,,481576739023032,-95.654584425787,29.597554315889,0.0,s1948,s1948,0.0,0.0,1,1,0.0,0.0,11.147,1.15,0.0,1,0.0,0,0.0,0,0.0,0.0,0,0.0,0,,,
122744039,RES3A,RES,0.5,S,1,1500.0,1500,266062.9749798964,93122.04124296374,71.46811,1988,X,0.0,,481576746012015,-95.683577484716,29.551405194684,1.0,s1949,s1949,0.0,0.0,1,1,0.0,0.0,14.484,2.1,0.0,1,0.0,0,0.0,0,0.0,0.0,0,0.0,0,,,
122611185,RES1-1SNB,RES,2.0,C,1,1102.87,16543,207428.28705188908,103714.14352594454,92.88016,2013,X,4.81,,481576747022008,-95.764123054893,29.58068306597,0.0,s1950,s1950,0.0,0.0,1,1,0.0,0.0,7.042,15.11,0.0,1,0.0,0,0.0,0,0.0,0.0,0,0.0,0,,,
122483155,RES1-1SNB,RES,0.75,S,1,1315.0,2096,146700.00415000002,73350.00207500001,96.410225,2008,X,4.63,,481576751013026,-95.76838450479801,29.546702584156,0.0,s1951,s1951,0.0,0.0,1,1,0.0,0.0,1.343,4.98,0.0,1,0.0,0,0.0,0,0.0,0.0,0,0.0,0,,,
122613895,GOV1,PUB,0.25,S,1,812.55,8613,131244.07449,91870.852143,86.143745,2013,X,4.81,,481576747022028,-95.758844094899,29.579367520212,0.0,s1952,s1952,0.0,0.0,1,1,0.0,0.0,25.043,19.85,0.0,1,0.0,0,0.0,0,0.0,0.0,0,0.0,1,,,
122620280,RES1-2SNB,RES,0.75,S,2,2360.0,2351,399387.99860727665,199693.99930363832,86.02329,2015,X,5.03,,481576755022004,-95.71411366312,29.531737449852,0.0,s1953,s1953,0.0,0.0,1,1,0.0,0.0,8.686,1.12,0.0,1,0.0,0,0.0,0,0.0,0.0,0,0.0,0,,,
122716685,RES1-2SNB,RES,0.75,S,2,2437.0,1952,625271.5208774047,312635.76043870236,69.8246,1987,X,5.16,,481576740011009,-95.624438109713,29.581255599525,1.0,s1954,s1954,0.0,0.0,1,1,0.0,0.0,21.753,2.92,0.0,1,0.0,0,0.0,0,0.0,0.0,0,0.0,0,,,
122607745,RES1-1SWB,RES,2.0,B,1,2462.0,3238,449463.6956403537,224731.84782017686,77.774216,2013,X,0.0,,481576747024028,-95.733350527312,29.560914539823,1.0,s1955,s1955,0.0,0.0,0,1,0.0,0.0,7.512,1.99,0.0,1,0.0,0,0.0,0,0.0,0.0,0,0.0,0,,,
122443926,RES1-2SNB,RES,0.75,S,2,3304.0,2036,777561.053250788,388780.526625394,72.00825,1987,X,4.19,,481576740011023,-95.626412235488,29.57781389907,1.0,s1956,s1956,0.0,0.0,1,1,0.0,0.0,11.874,7.2,0.0,1,0.0,0,0.0,0,0.0,0.0,0,0.0,0,,,
122568325,RES1-1SNB,RES,0.75,S,1,2988.0,3549,410685.5196568659,205342.75982843296,76.09533,2013,X,4.66,,481576747021013,-95.709099444925,29.561221775564,1.0,s1957,s1957,0.0,0.0,1,1,0.0,0.0,6.352,4.24,0.0,1,0.0,0,0.0,0,0.0,0.0,0,0.0,0,,,
122636380,RES1-2SNB,RES,0.75,S,2,2947.0,2760,644375.1145903826,322187.5572951913,83.52744,2015,X,5.19,,481576755031011,-95.741198755868,29.515650038031,0.0,s1958,s1958,0.0,0.0,1,1,0.0,0.0,14.397,0.92,0.0,1,0.0,0,0.0,0,0.0,0.0,0,0.0,0,,,
122559566,COM1,COM,0.25,S,1,6639.0,6639,685914.4714500001,857393.0893125001,99.283,1981,AE,0.51,,481576752001061,-95.807565112131,29.545810406563,0.0,s1959,s1959,0.0,0.0,1,1,0.0,0.0,3.358,0.9,0.0,1,0.0,0,0.0,0,0.0,0.0,0,0.0,0,,,
122611544,COM7,COM,0.25,S,1,8480.0,8480,2005769.5312494813,2908365.820311748,69.23976,1988,X,5.76,,481576740022020,-95.629489225862,29.587184045139,1.0,s1960,s1960,0.0,0.0,1,1,0.0,0.0,2.522,0.77,0.0,1,0.0,0,0.0,0,0.0,0.0,0,0.0,0,,,
122620171,RES1-2SNB,RES,0.75,S,2,3832.0,2515,518239.74363348586,259119.87181674293,81.86482,2015,X,4.6,,481576755022004,-95.710279916953,29.535287081251,0.0,s1961,s1961,0.0,0.0,0,1,0.0,0.0,1.591,1.46,0.0,1,0.0,0,0.0,0,0.0,0.0,0,0.0,0,,,
122607546,RES1-1SNB,RES,0.75,S,1,1910.0,2402,357445.98893077765,178722.99446538882,78.996445,1997,X,4.47,,481576738022018,-95.695123723191,29.597316075856,0.0,s1962,s1962,0.0,0.0,1,1,0.0,0.0,4.811,7.34,0.0,1,0.0,0,0.0,0,0.0,0.0,0,0.0,0,,,
122577999,RES1-2SNB,RES,0.75,S,2,2777.0,3094,589097.6696010893,294548.83480054466,80.84108,1992,X,7.53,,481576735023005,-95.734567257869,29.628311927084,0.0,s1963,s1963,0.0,0.0,1,1,0.0,0.0,3.935,1.66,0.0,1,0.0,0,0.0,0,0.0,0.0,0,0.0,0,,,
122450874,RES1-2SNB,RES,0.75,S,2,4350.0,3444,988716.372362572,494358.186181286,69.336205,2002,X,6.48,,481576746022008,-95.661028816268,29.555610728293,1.0,s1964,s1964,0.0,0.0,1,1,0.0,0.0,13.597,17.38,0.0,1,0.0,0,0.0,0,0.0,0.0,0,0.0,0,,,
122457875,RES1-2SNB,RES,0.75,S,2,3965.0,2513,933672.7363429144,466836.3681714572,83.64958,2015,X,5.75,,481576729012052,-95.687475832407,29.627793290599,0.0,s1965,s1965,0.0,0.0,1,1,0.0,0.0,5.635,28.69,0.0,1,0.0,0,0.0,0,0.0,0.0,0,0.0,0,,,
122609665,RES1-1SNB,RES,0.75,S,1,1521.0,2085,308484.38350134064,154242.19175067032,79.83125,1989,X,4.24,,481576746032012,-95.686972876147,29.539043219558,0.0,s1966,s1966,0.0,0.0,1,1,0.0,0.0,6.397,3.61,0.0,1,0.0,0,0.0,0,0.0,0.0,0,0.0,0,,,
122462287,RES1-2SNB,RES,0.75,S,2,2476.0,1901,548048.3067315404,274024.1533657702,71.90356,2004,X,5.25,,481576746042000,-95.700585379379,29.557981400823,1.0,s1967,s1967,0.0,0.0,1,1,0.0,0.0,2.471,1.92,0.0,1,0.0,0,0.0,0,0.0,0.0,0,0.0,0,,,
122607485,RES1-1SNB,RES,0.75,S,1,1969.0,2357,367373.42759771436,183686.71379885718,76.92882,1997,X,3.19,,481576738022013,-95.696460711353,29.594862864936,1.0,s1968,s1968,0.0,0.0,1,1,0.0,0.0,5.518,6.18,0.0,1,0.0,0,0.0,0,0.0,0.0,0,0.0,0,,,
122574629,RES1-2SNB,RES,0.75,S,2,5892.0,5499,1187850.9133252292,593925.4566626146,70.62326,1998,X,6.58,,481576744012002,-95.625506352296,29.562219999588,0.0,s1969,s1969,0.0,0.0,1,1,0.3907,0.0,8.129,0.71,0.0,1,0.0,0,0.0,0,0.0,0.0,0,0.0,1,,,
122666446,RES1-2SNB,RES,0.75,S,2,4466.0,2515,983770.7666480913,491885.38332404563,67.44961,1998,X,5.37,,481576744014007,-95.606571268754,29.561107436164,0.0,s1970,s1970,0.0,0.0,1,1,0.0,0.0,7.877,3.47,0.0,1,0.0,0,0.0,0,0.0,0.0,0,0.0,0,,,
122635489,RES1-1SNB,RES,0.75,S,1,3172.0,3847,657201.5290338764,328600.7645169382,75.511284,2015,X,6.13,,481576755032013,-95.672262759951,29.514169293681,0.0,s1971,s1971,0.0,0.0,1,1,0.0,0.0,4.472,6.75,0.0,1,0.0,0,0.0,0,0.0,0.0,0,0.0,1,,,
122548746,RES1-2SNB,RES,0.75,S,2,3123.0,2055,754152.3627721916,377076.1813860958,71.26201,1993,X,5.63,,481576742001003,-95.634876241182,29.584287286622,1.0,s1972,s1972,0.0,0.0,1,1,0.0,0.0,8.272,7.62,0.0,1,0.0,0,0.0,0,0.0,0.0,0,0.0,1,,,
122475832,RES1-1SNB,RES,0.75,S,1,2095.0,2588,340452.0853021522,170226.0426510761,80.14858,1994,AE,0.11,,481576738013009,-95.744814788983,29.584959452181,1.0,s1973,s1973,0.0,0.0,0,1,0.0,0.0,1.531,4.55,0.0,1,0.0,0,0.0,0,0.0,0.0,0,0.0,0,,,
122625050,RES1-1SNB,RES,0.75,S,1,1286.0,1811,270752.495829791,135376.2479148955,86.44998,2015,X,0.32,,481576755024011,-95.749999412492,29.524097747858,0.0,s1974,s1974,0.0,0.0,0,1,0.0,0.0,2.939,2.63,0.0,1,0.0,0,0.0,0,0.0,0.0,0,0.0,0,,,
122570942,RES1-2SNB,RES,2.0,C,2,1186.0,593,312891.36409752886,156445.68204876443,85.22387,2010,AE,7.46,,481576734014000,-95.77473792525,29.621026305671,1.0,s1975,s1975,0.0,0.0,1,1,0.0,0.0,2.812,8.17,0.0,1,0.0,0,0.0,0,0.0,0.0,0,0.0,0,,,
122627535,RES1-1SNB,RES,0.75,S,1,2706.0,1812,454901.7363128368,227450.8681564184,89.13433,2015,X,0.07,,481576755021018,-95.755789103672,29.528910109151,0.0,s1976,s1976,0.0,0.0,0,1,0.0,0.0,1.496,1.06,0.0,1,0.0,0,0.0,0,0.0,0.0,0,0.0,0,,,
122552331,RES1-2SNB,RES,0.75,S,2,2299.0,1801,387258.8723632007,193629.43618160035,77.97866,1989,X,5.65,,481576746032001,-95.684359228659,29.540481826477,0.0,s1977,s1977,0.0,0.0,1,1,0.0,0.0,4.11,2.79,0.0,1,0.0,0,0.0,0,0.0,0.0,0,0.0,0,,,
122563089,RES1-1SNB,RES,0.75,S,1,1815.0,1815,491520.168438,245760.084219,100.958755,2008,X,3.22,,481576733001028,-95.87563768816,29.659571571027,0.0,s1978,s1978,0.0,0.0,1,1,0.0,0.0,8.386,9.89,0.0,1,0.0,0,0.0,0,0.0,0.0,0,0.0,0,,,
122458639,RES1-2SNB,RES,0.75,S,2,3116.0,2152,386250.50930631784,193125.25465315892,75.76638,1994,X,0.0,37619979,481576738012011,-95.692384085093,29.581009067015,1.0,s1979,s1979,0.0,0.0,1,1,0.0,0.0,25.22,4.49,0.0,1,0.0,0,0.0,0,0.0,0.0,0,0.0,0,,,
122606757,RES1-1SNB,RES,2.0,C,1,1186.0,1272,139137.1221,69568.56105,100.03286,1983,X,4.08,,481576750001015,-95.795785843255,29.561607684236,0.0,s1980,s1980,0.0,0.0,1,1,0.0,0.0,6.234,5.19,0.0,1,0.0,0,0.0,0,0.0,0.0,0,0.0,0,,,
122476858,RES1-1SNB,RES,0.75,S,1,1861.0,1775,477123.3749843389,238561.68749216944,88.387314,2010,AE,4.24,,481576734011005,-95.749865733458,29.608431747597,0.0,s1981,s1981,0.0,0.0,1,1,0.0,0.706,33.23,4.79,0.0,1,0.0,0,0.0,0,0.0,0.0,0,0.0,1,,,
122473781,RES1-1SNB,RES,0.75,S,1,2640.0,3045,397770.0551569091,198885.02757845455,77.47693,2013,X,0.37,,481576747024011,-95.736133047134,29.569468037515,1.0,s1982,s1982,0.0,0.0,0,1,0.0,0.0,10.544,1.73,0.0,1,0.0,0,0.0,0,0.0,0.0,0,0.0,0,,,
122553032,RES1-2SNB,RES,0.75,S,2,3210.0,2629,647395.2653137457,323697.63265687285,81.79834,2004,X,5.16,,481576746042019,-95.703417268721,29.55018686783,0.0,s1983,s1983,0.0,0.0,1,1,0.0,0.0,21.595,8.15,0.0,1,0.0,0,0.0,0,0.0,0.0,0,0.0,0,,,
122549364,COM8,COM,0.25,S,1,1547.5,12380,381578.05873334804,438814.76754335023,77.214645,2009,X,4.92,,481576739023017,-95.648315546544,29.609209482867,1.0,s1984,s1984,0.0,0.0,0,1,0.0,0.0,16.714,0.42,0.0,1,0.0,0,0.0,0,0.0,0.0,0,0.0,0,,,
122642826,RES1-1SNB,RES,0.75,S,1,2011.0,2405,354343.0292108865,177171.51460544326,85.68224,2015,X,4.51,,481576755022008,-95.721734196031,29.530864812443,0.0,s1985,s1985,0.0,0.0,1,1,0.0,0.0,8.125,1.18,0.0,1,0.0,0,0.0,0,0.0,0.0,0,0.0,1,,,
122559035,RES1-2SNB,RES,0.75,S,2,3178.0,3885,763665.278449962,381832.639224981,91.92882,2012,X,5.56,,481576734043015,-95.79373863589,29.637586586451,0.0,s1986,s1986,0.0,0.0,1,1,0.0,0.0,6.96,1.37,0.0,1,0.0,0,0.0,0,0.0,0.0,0,0.0,0,,,
122478254,RES3A,RES,0.5,S,3,32118.0,10706,4870109.053936098,1704538.1688776342,92.55786,2015,X,9.76,,481576755021034,-95.747843395498,29.538483303838,0.0,s1987,s1987,0.0,0.0,1,1,0.0,0.0,17.082,1.29,0.0,1,0.0,0,0.0,0,0.0,0.0,0,0.0,0,,,
122704788,RES1-2SNB,RES,0.75,S,2,3733.0,3405,911042.8017721699,455521.40088608494,68.66363,2013,X,6.38,,481576744024017,-95.617324921534,29.544938601037,1.0,s1988,s1988,0.0,0.0,1,1,0.0,0.0,18.101,5.59,0.0,1,0.0,0,0.0,0,0.0,0.0,0,0.0,0,,,
122738507,RES1-1SNB,RES,2.0,C,1,1337.0,1510,322841.599056,161420.799528,69.80824,2015,X,3.13,,481576755032060,-95.611750177927,29.484321881116,0.0,s1989,s1989,0.0,0.0,0,1,0.0,0.0,16.638,15.91,0.0,1,0.0,0,0.0,0,0.0,0.0,0,0.0,0,,,
122451002,RES1-2SNB,RES,0.75,S,2,3373.0,2839,805743.8460460112,402871.9230230056,73.78023,1996,X,4.7,,481576739032002,-95.662106703866,29.588536653678,1.0,s1990,s1990,0.0,0.0,1,1,0.0,0.0,1.401,0.77,0.0,1,0.0,0,0.0,0,0.0,0.0,0,0.0,0,,,
122494006,RES1-1SNB,RES,0.75,S,1,3440.0,3440,833769.9874541911,416884.99372709554,90.720604,2008,AE,3.9,,481576733001067,-95.815621771214,29.578477995965,1.0,s1991,s1991,0.0,0.0,0,1,0.3138,0.0,3.097,20.73,0.0,1,0.0,0,0.0,0,0.0,0.0,0,0.0,0,,,
122620874,RES1-1SNB,RES,0.75,S,1,2691.0,2691,398910.70371363556,199455.35185681778,87.40212,2015,X,4.57,,481576755024008,-95.745243804985,29.530417229708,0.0,s1992,s1992,0.0,0.0,0,1,0.0,0.0,2.61,1.03,0.0,1,0.0,0,0.0,0,0.0,0.0,0,0.0,0,,,
122524789,RES1-1SWB,RES,2.0,B,1,2556.0,2305,564559.4047103823,282279.70235519117,73.259575,1989,X,4.66,,481576746031003,-95.684814339214,29.545659539169,1.0,s1993,s1993,0.0,0.0,1,1,0.0,0.0,15.223,6.09,0.0,1,0.0,0,0.0,0,0.0,0.0,0,0.0,0,,,
122550441,RES1-2SNB,RES,0.75,S,2,3138.0,2618,756380.048997706,378190.024498853,75.36083,1996,X,5.68,,481576739031006,-95.663164930633,29.588112062663,0.0,s1994,s1994,0.0,0.0,1,1,0.0,0.0,3.322,1.46,0.0,1,0.0,0,0.0,0,0.0,0.0,0,0.0,0,,,
122567756,RES1-2SNB,RES,0.75,S,2,2380.0,1552,393659.5802961615,196829.79014808076,75.971725,1989,X,5.72,,481576746031018,-95.692603089894,29.547496538366,1.0,s1995,s1995,0.0,0.0,1,1,0.0,0.0,15.614,10.82,0.0,1,0.0,0,0.0,0,0.0,0.0,0,0.0,0,,,
122536134,RES1-1SNB,RES,0.75,S,1,1370.0,1535,157694.97105000002,78847.48552500001,91.806206,1979,X,4.12,,481576749004003,-95.770163557854,29.592799219389,0.0,s1996,s1996,0.0,0.0,1,1,0.0,0.0,5.207,12.52,0.0,1,0.0,0,0.0,0,0.0,0.0,0,0.0,0,,,
122490214,RES1-1SNB,RES,0.75,S,1,1508.0,2229,124381.3545,62190.67725,98.388466,1981,X,6.0,,481576752003007,-95.800023095719,29.54883307274,0.0,s1997,s1997,0.0,0.0,1,1,0.0,0.0,3.201,0.48,0.0,1,0.0,0,0.0,0,0.0,0.0,0,0.0,0,,,
122537445,RES1-1SNB,RES,0.75,S,1,1286.0,2140,111869.44992225684,55934.72496112842,94.16789,1981,X,3.04,,481576752004001,-95.782487144113,29.54122583284,1.0,s1998,s1998,0.0,0.0,1,1,0.0,0.0,7.127,4.53,0.0,1,0.0,0,0.0,0,0.0,0.0,0,0.0,0,,,
122689777,RES1-2SNB,RES,0.75,S,2,3798.0,3237,923010.8110851909,461505.4055425954,68.80775,2013,X,6.4,,481576744023000,-95.601265012201,29.546404647351,0.0,s1999,s1999,0.0,0.0,1,1,0.0,0.0,6.75,2.82,0.0,1,0.0,0,0.0,0,0.0,0.0,0,0.0,0,,,
122468997,RES1-1SNB,RES,0.75,S,1,1428.0,2052,266361.5277120377,133180.76385601886,78.0058,2013,X,0.01,,481576747024024,-95.7271540603,29.56159992425,1.0,s2000,s2000,0.0,0.0,0,1,0.0,0.0,14.021,3.14,0.0,1,0.0,0,0.0,0,0.0,0.0,0,0.0,0,,,
122690341,RES1-2SNB,RES,0.75,S,2,3474.0,3620,872133.0694059404,436066.5347029702,68.6252,2013,X,5.46,,481576744024012,-95.615521676288,29.540434180503,1.0,s2001,s2001,0.0,0.0,1,1,0.0,0.0,8.856,2.0,0.0,1,0.0,0,0.0,0,0.0,0.0,0,0.0,0,,,
122622957,RES1-2SNB,RES,0.75,S,2,2528.0,1843,406734.1914519006,203367.0957259503,85.870735,2015,X,5.8,,481576755022017,-95.729250017505,29.530932061934,0.0,s2002,s2002,0.0,0.0,1,1,0.0,0.0,8.617,0.83,0.0,1,0.0,0,0.0,0,0.0,0.0,0,0.0,0,,,
122524823,RES1-1SNB,RES,0.75,S,1,2363.0,3168,392164.95537601184,196082.47768800592,73.99627,1989,X,5.62,,481576746031003,-95.682989592794,29.545792522414,1.0,s2003,s2003,0.0,0.0,1,1,0.0,0.0,16.23,4.53,0.0,1,0.0,0,0.0,0,0.0,0.0,0,0.0,0,,,
122605062,RES1-2SNB,RES,0.75,S,2,3980.0,3834,917881.6954754585,458940.84773772926,85.68321,2012,AE,5.07,,481576734042020,-95.751072113657,29.631186847191,0.0,s2004,s2004,0.0,0.0,1,1,0.0,0.0,8.887,2.44,0.0,1,0.0,0,0.0,0,0.0,0.0,0,0.0,0,,,
122556867,RES1-1SNB,RES,0.75,S,1,2115.0,3099,157095.37956188398,78547.68978094199,97.34712,1978,X,3.71,,481576748004001,-95.764306022006,29.563861417754,0.0,s2005,s2005,0.0,0.0,1,1,0.0,0.0,2.696,7.13,0.0,1,0.0,0,0.0,0,0.0,0.0,0,0.0,0,,,
122559585,RES3A,RES,0.5,S,1,1382.0,1382,210142.0607685654,73549.72126899788,101.61803,1983,X,3.65,,481576750002050,-95.808617290597,29.562045774933,0.0,s2006,s2006,0.0,0.0,1,1,0.0,0.0,5.496,15.65,0.0,1,0.0,0,0.0,0,0.0,0.0,0,0.0,0,,,
122618280,RES1-1SNB,RES,0.75,S,1,4219.0,2946,999711.0696868367,499855.53484341834,80.08698,2015,X,4.92,,481576729012075,-95.69189509758,29.616558411,1.0,s2007,s2007,0.0,0.0,1,1,0.0,0.0,8.67,5.56,0.0,1,0.0,0,0.0,0,0.0,0.0,0,0.0,0,,,
122557057,RES1-2SNB,RES,0.75,S,2,1938.0,2384,567289.1366368933,283644.56831844663,87.96757,2012,X,5.14,,481576734042007,-95.769425734224,29.640980101445,0.0,s2008,s2008,0.0,0.0,1,1,0.0,0.0,6.765,3.2,0.0,1,0.0,0,0.0,0,0.0,0.0,0,0.0,0,,,
122532959,RES1-1SNB,RES,0.75,S,1,1904.0,1709,483784.0627059612,241892.0313529806,87.31123,2010,AE,4.32,,481576734011008,-95.746982107148,29.608898926212,0.0,s2009,s2009,0.0,0.0,1,1,0.0,0.0,20.495,4.56,0.0,1,0.0,0,0.0,0,0.0,0.0,0,0.0,0,,,
122624909,RES1-1SNB,RES,0.75,S,1,1892.0,2432,365445.1281324715,182722.56406623576,84.52482,2015,X,1.13,,481576755024011,-95.745628078556,29.519507348399,0.0,s2010,s2010,0.0,0.0,0,1,0.0,0.0,7.993,1.36,0.0,1,0.0,0,0.0,0,0.0,0.0,0,0.0,0,,,
122528395,RES1-2SNB,RES,0.75,S,2,1631.0,1241,375034.35096006986,187517.17548003493,82.574326,1987,X,5.02,,481576736001008,-95.723055977044,29.610239057755,0.0,s2011,s2011,0.0,0.0,1,1,0.0,0.0,10.256,8.62,0.0,1,0.0,0,0.0,0,0.0,0.0,0,0.0,0,,,
122604647,COM1,COM,0.25,S,1,2816.0,2816,505258.5672058548,631573.2090073185,78.471375,2002,X,2.6,,481576746023034,-95.66282612151,29.53307153514,0.0,s2012,s2012,0.0,0.0,0,1,0.0,0.0,2.118,3.25,0.0,1,0.0,0,0.0,0,0.0,0.0,0,0.0,0,,,
122453939,RES1-1SNB,RES,0.75,S,1,2418.0,2925,635568.4274462198,317784.2137231099,74.7865,2003,X,4.92,,481576747012002,-95.67521700837,29.57395363557,1.0,s2013,s2013,0.0,0.0,1,1,0.0,0.0,19.029,1.61,0.0,1,0.0,0,0.0,0,0.0,0.0,0,0.0,0,,,
122617585,RES1-1SNB,RES,0.75,S,1,1132.0,2460,136240.62960000001,68120.31480000001,86.840164,1979,X,3.43,,481576749002002,-95.766854890469,29.589210429658,0.0,s2014,s2014,0.0,0.0,0,1,0.0,0.0,13.084,11.06,0.0,1,0.0,0,0.0,0,0.0,0.0,0,0.0,0,,,
122614031,RES3A,RES,6.25,P,2,2704.0,1352,384842.3950541982,134694.83826896938,101.05041,1987,X,5.27,,481576753001060,-95.809582343949,29.553660463514,0.0,s2015,s2015,0.0,0.0,1,1,0.0,0.0,3.051,6.42,0.0,1,0.0,0,0.0,0,0.0,0.0,0,0.0,0,,,
122617657,RES2,RES,2.0,C,1,1956.0,2514,121571.13844083203,121571.13844083203,84.40792,1994,X,3.12,,481576738013010,-95.747071147583,29.581924972784,0.0,s2016,s2016,0.0,0.0,1,1,0.0,0.0,13.865,8.52,0.0,1,0.0,0,0.0,0,0.0,0.0,0,0.0,0,,,
122615458,RES1-2SNB,RES,0.75,S,2,4712.0,4390,1048410.6213121589,524205.31065607944,73.14268,2009,X,6.16,,481576739022012,-95.652825315596,29.586771279792,0.0,s2017,s2017,0.0,0.0,1,1,0.0,0.0,9.515,1.03,0.0,1,0.0,0,0.0,0,0.0,0.0,0,0.0,0,,,
122554400,RES1-1SNB,RES,0.75,S,1,1562.0,2280,359090.7633754624,179545.3816877312,82.27427,1987,X,4.38,,481576736003016,-95.736544651884,29.612112101983,0.0,s2018,s2018,0.0,0.0,1,1,0.0,0.0,2.687,2.45,0.0,1,0.0,0,0.0,0,0.0,0.0,0,0.0,0,,,
122468180,RES1-1SNB,RES,0.75,S,1,3852.0,3049,769104.1884728108,384552.0942364054,79.89889,2012,X,0.01,,481576735012015,-95.733107475228,29.640743682892,1.0,s2019,s2019,0.0,0.0,0,1,0.0,0.0,3.479,3.97,0.0,1,0.1117,0,0.0,0,0.0,0.0,0,0.0,0,,,
122455459,RES1-2SNB,RES,0.75,S,2,3750.0,3311,876142.2101522967,438071.10507614835,74.02414,1988,X,5.35,,481576746011010,-95.676043101439,29.558269790577,1.0,s2020,s2020,0.0,0.0,1,1,0.0,0.0,9.788,0.05,0.0,1,0.0,0,0.0,0,0.0,0.0,0,0.0,1,,,
122526007,RES1-2SNB,RES,0.75,S,2,2349.0,1732,626402.3160016709,313201.15800083545,75.33275,2003,X,4.48,,481576747011011,-95.687500574343,29.571633873658,1.0,s2021,s2021,0.0,0.0,1,1,0.0,0.0,16.333,3.92,0.0,1,0.0,0,0.0,0,0.0,0.0,0,0.0,0,,,
122569920,RES1-2SNB,RES,0.75,S,2,3483.0,2543,718224.1250987302,359112.0625493651,84.54517,2010,AE,5.28,,481576734011027,-95.751739440083,29.599922271688,0.0,s2022,s2022,0.0,0.0,1,1,0.0,0.0,7.892,1.75,0.0,1,0.0,0,0.0,0,0.0,0.0,0,0.0,0,,,
122609773,RES1-2SNB,RES,0.75,S,2,2529.0,3149,378061.2634482542,189030.6317241271,78.33771,2013,X,5.45,,481576747024012,-95.733991051478,29.563741641178,1.0,s2023,s2023,0.0,0.0,1,1,0.0,0.0,8.004,0.19,0.0,1,0.0,0,0.0,0,0.0,0.0,0,0.0,0,,,
122577774,RES1-2SNB,RES,0.75,S,2,2505.0,3192,509080.3080317052,254540.1540158526,82.109276,1987,X,4.22,,481576736002013,-95.724499808163,29.621616739616,0.0,s2024,s2024,0.0,0.0,1,1,0.0,0.0,3.995,10.33,0.0,1,0.0,0,0.0,0,0.0,0.0,0,0.0,0,,,
122469010,RES1-1SWB,RES,2.0,B,1,1902.0,2089,451357.97048372414,225678.98524186207,78.82587,2013,X,0.09,,481576747024024,-95.728580156786,29.562643435258,1.0,s2025,s2025,0.0,0.0,0,1,0.1467,0.0,11.44,9.44,0.0,1,0.0,0,0.0,0,0.0,0.0,0,0.0,0,,,
122488591,RES1-1SNB,RES,0.75,S,1,6631.0,6631,1169475.9271349516,584737.9635674758,90.1393,2010,AE,4.87,,481576734013000,-95.798253411943,29.610629035735,0.0,s2026,s2026,0.0,0.0,1,1,0.0,0.0,2.084,1.65,0.0,1,0.0,0,0.0,0,0.0,0.0,0,0.0,0,,,
122446645,RES1-2SNB,RES,0.75,S,2,4188.0,3680,970159.2298595024,485079.6149297512,73.24725,2009,X,5.18,,481576739023001,-95.641135322106,29.59383543925,0.0,s2027,s2027,0.0,0.0,1,1,0.0,0.0,25.28,0.71,0.0,1,0.0,0,0.0,0,0.0,0.0,0,0.0,0,,,
122448735,RES1-2SNB,RES,0.75,S,2,2895.0,1899,734495.9603392218,367247.9801696109,71.10083,2002,X,4.88,,481576746022003,-95.653676571768,29.558743089179,1.0,s2028,s2028,0.0,0.0,1,1,0.0,0.0,20.172,2.05,0.0,1,0.0,0,0.0,0,0.0,0.0,0,0.0,0,,,
122523739,RES1-2SNB,RES,0.75,S,2,4296.0,3221,961932.3366811739,480966.16834058694,70.90124,1988,X,6.21,,481576746011002,-95.672671945098,29.563653098825,1.0,s2029,s2029,0.0,0.0,1,1,0.0,0.0,7.556,3.24,0.0,1,0.0,0,0.0,0,0.0,0.0,0,0.0,0,,,
122548779,RES1-2SNB,RES,0.75,S,2,2663.0,1665,679694.0586136116,339847.0293068058,72.10206,1993,X,4.97,,481576742001003,-95.638879943696,29.584187958341,1.0,s2030,s2030,0.0,0.0,0,1,0.0,0.0,24.861,4.86,0.0,1,0.0,0,0.0,0,0.0,0.0,0,0.0,0,,,
122481270,RES1-1SNB,RES,0.75,S,1,3475.0,2782,876368.1300314392,438184.0650157196,88.82852,2012,AE,0.57,,481576734042004,-95.765171507244,29.636890145737,0.0,s2031,s2031,0.0,0.0,0,1,0.0,0.0,4.778,0.43,0.0,1,0.0,0,0.0,0,0.0,0.0,0,0.0,0,,,
122557934,RES1-2SNB,RES,0.75,S,2,4296.0,5747,925770.2014919999,462885.10074599995,88.38506,2012,X,3.52,,481576734043012,-95.780284843913,29.640979108123,0.0,s2032,s2032,0.0,0.0,1,1,0.0,0.0,4.057,4.86,0.0,1,0.0,0,0.0,0,0.0,0.0,0,0.0,0,,,
122593249,RES1-2SNB,RES,0.75,S,2,3276.0,2941,782817.3612056097,391408.6806028049,76.565796,1995,X,5.34,,481576739042010,-95.661437504839,29.59470731598,0.0,s2033,s2033,0.0,0.0,1,1,0.0,0.0,4.537,7.05,0.0,1,0.0,0,0.0,0,0.0,0.0,0,0.0,1,,,
122488623,RES1-2SNB,RES,0.75,S,2,3793.0,3592,736872.3354926517,368436.16774632584,89.41217,2010,AE,4.6,,481576734014003,-95.797211249109,29.617579605114,0.0,s2034,s2034,0.0,0.0,0,1,0.0,0.0,9.594,7.12,0.0,1,0.0,0,0.0,0,0.0,0.0,0,0.0,0,,,
122588483,RES1-2SNB,RES,0.75,S,2,4047.0,4447,925579.8310654155,462789.91553270776,74.92078,1996,X,5.9,,481576739032009,-95.666767271076,29.582719556938,1.0,s2035,s2035,0.0,0.0,1,1,0.0985,0.0,4.571,7.19,0.0,1,0.0,0,0.0,0,0.0,0.0,0,0.0,0,,,
122598055,RES1-1SNB,RES,0.75,S,1,2320.0,2681,355732.93480006803,177866.46740003402,81.21145,2013,X,4.76,,481576747023009,-95.747667195362,29.572293214551,1.0,s2036,s2036,0.0,0.0,1,1,0.0,0.0,4.214,1.15,0.0,1,0.0,0,0.0,0,0.0,0.0,0,0.0,0,,,
122465469,RES5,COM,0.25,S,1,3476.0,3476,798581.7834561499,598936.3375921124,81.67908,1988,X,0.08,,481576737001011,-95.706852829584,29.630813836665,0.0,s2037,s2037,0.0,0.0,0,1,0.0,0.0,2.072,2.33,0.0,1,0.0,0,0.0,0,0.0,0.0,0,0.0,0,,,
122484712,RES1-1SNB,RES,0.75,S,1,3458.0,4398,838358.0629183738,419179.0314591869,91.984856,2012,X,6.1,,481576734043007,-95.779367868523,29.647316440504,0.0,s2038,s2038,0.0,0.0,1,1,0.0,0.0,7.724,1.11,0.0,1,0.0,0,0.0,0,0.0,0.0,0,0.0,0,,,
122615627,RES1-1SNB,RES,2.0,C,1,1032.0,881,94357.33515,47178.667575,99.51482,1981,X,1.18,,481576752001049,-95.80487002968,29.552079747504,0.0,s2039,s2039,0.0,0.0,1,1,0.0,0.0,1.551,5.81,0.0,1,0.0,0,0.0,0,0.0,0.0,0,0.0,0,,,
122476301,RES1-2SNB,RES,0.75,S,2,3273.0,2581,685831.5579563498,342915.7789781749,83.084076,2010,AE,5.07,,481576734011019,-95.748811428837,29.602141164668,1.0,s2040,s2040,0.0,0.0,1,1,0.0,0.0,8.555,1.92,0.0,1,0.0,0,0.0,0,0.0,0.0,0,0.0,0,,,
122568475,COM8,COM,0.25,S,2,12382.4,15478,2660577.7308813604,3059664.390513564,78.26155,2013,X,5.61,,481576747021013,-95.70239130144,29.561879100877,1.0,s2041,s2041,0.0,0.0,1,1,0.116,0.0,14.206,19.86,0.0,1,0.0,0,0.0,0,0.0,0.0,0,0.0,0,,,
122742788,RES1-1SNB,RES,0.75,S,1,1995.0,1500,533816.0365984634,266908.0182992317,99.06351,2012,X,0.0,,481576734044028,-95.808807281684,29.650538401023,0.0,s2042,s2042,0.0,0.0,0,1,0.0,0.0,15.649,9.7,0.0,1,0.0,0,0.0,0,0.0,0.0,0,0.0,0,,,
122476357,RES1-1SNB,RES,0.75,S,1,2637.0,3402,611387.0123379106,305693.5061689553,87.42387,2010,X,4.43,,481576734011019,-95.754383812158,29.60055341718,0.0,s2043,s2043,0.0,0.0,1,1,0.0,0.0,34.108,20.25,0.0,1,0.0,0,0.0,0,0.0,0.0,0,0.0,1,,,
122531239,RES1-2SWB,RES,2.0,B,2,2398.0,2437,630143.8847721688,315071.9423860844,81.96613,1992,X,5.43,,481576735023001,-95.735685085718,29.628327173281,0.0,s2044,s2044,0.0,0.0,1,1,0.0,0.0,9.57,0.17,0.0,1,0.0,0,0.0,0,0.0,0.0,0,0.0,0,,,
122564279,RES3A,RES,6.25,P,1,1071.0,1071,213263.66752442025,74642.28363354708,70.994415,2013,X,2.53,,481576744024000,-95.630198239467,29.552518399502,0.0,s2045,s2045,0.0,0.0,1,1,0.1159,0.0,10.654,0.72,0.0,1,0.0,0,0.0,0,0.0,0.0,0,0.0,1,,,
122470597,RES1-1SNB,RES,0.75,S,1,2422.0,3216,534923.7467497219,267461.87337486097,83.10386,1992,X,5.0,,481576735023006,-95.730987248755,29.6257964282,0.0,s2046,s2046,0.0,0.0,0,1,0.0,0.0,9.508,7.98,0.0,1,0.0,0,0.0,0,0.0,0.0,0,0.0,0,,,
122511677,RES1-2SNB,RES,0.75,S,2,2938.0,3287,763718.3426584564,381859.1713292282,107.11105,2008,X,5.4,,481576733001007,-95.892450303717,29.675992686211,1.0,s2047,s2047,0.0,0.0,1,1,0.0,0.0,33.558,1.47,0.0,1,0.0,0,0.0,0,0.0,0.0,0,0.0,0,,,
122461181,RES3C,RES,0.5,S,2,17796.0,8898,2697170.3002910907,944009.6051018817,75.412865,2013,X,7.38,,481576747021019,-95.697473686334,29.562467840811,1.0,s2048,s2048,0.0,0.0,1,1,0.0,0.0,3.319,1.19,0.0,1,0.0,0,0.0,0,0.0,0.0,0,0.0,0,,,
122549815,RES1-2SNB,RES,0.75,S,2,3217.0,2868,789636.2109513363,394818.10547566816,74.5618,2009,X,5.75,,481576739022022,-95.659632395693,29.588572309613,0.0,s2049,s2049,0.0,0.0,1,1,0.0,0.0,3.277,9.3,0.0,1,0.0,0,0.0,0,0.0,0.0,0,0.0,0,,,
122715940,RES1-1SNB,RES,0.75,S,1,1792.0,2335,244151.6102283257,122075.80511416285,65.59211,1984,X,3.92,,481576741002004,-95.600169996709,29.586517418502,1.0,s2050,s2050,0.0,0.0,1,1,0.0,0.0,11.224,2.85,0.0,1,0.0,0,0.0,0,0.0,0.0,0,0.0,0,,,
122458623,RES1-2SNB,RES,0.75,S,2,3212.0,2320,389721.28404883854,194860.64202441927,75.23447,1994,X,5.26,,481576738012011,-95.691637083447,29.58033749479,1.0,s2051,s2051,0.0,0.0,1,1,0.0,0.0,27.484,5.3,0.0,1,0.0,0,0.0,0,0.0,0.0,0,0.0,0,,,
122640945,RES1-2SNB,RES,0.75,S,2,3546.0,2715,733175.2647687403,366587.63238437014,82.407524,2015,X,5.48,,481576755031009,-95.736161660483,29.515501662283,1.0,s2052,s2052,0.0,0.0,0,1,0.0,0.0,14.239,0.22,0.0,1,0.0,0,0.0,0,0.0,0.0,0,0.0,0,,,
122485754,RES3A,RES,0.5,S,1,1947.0,1947,287909.6986697249,100768.39453440372,99.734535,1983,X,3.99,,481576750002001,-95.782190588799,29.571727777994,0.0,s2053,s2053,0.0,0.0,1,1,0.0,0.0,6.295,13.13,0.0,1,0.0,0,0.0,0,0.0,0.0,0,0.0,0,,,
122468925,RES1-1SNB,RES,0.75,S,1,1502.0,2064,274649.05506641156,137324.52753320578,78.0154,2013,X,1.0,,481576747024024,-95.732981339192,29.554914245054,1.0,s2054,s2054,0.0,0.0,0,1,0.0,0.0,11.86,5.91,0.0,1,0.0,0,0.0,0,0.0,0.0,0,0.0,0,,,
122635401,RES1-1SNB,RES,0.75,S,1,3612.0,4380,716991.9755722057,358495.98778610287,72.16784,2015,AE,5.5,,481576755032013,-95.665800539549,29.525053646505,0.0,s2055,s2055,0.0,0.0,1,1,0.106,0.0,9.232,0.12,0.0,1,0.0,0,0.0,0,0.0,0.0,0,0.0,1,,,
122474904,RES1-2SNB,RES,0.75,S,2,5478.0,4156,998296.2243624723,499148.11218123615,85.597305,1992,X,5.7,,481576735022007,-95.742759808502,29.635571093136,0.0,s2056,s2056,0.0,0.0,1,1,0.0,0.0,4.093,1.94,0.0,1,0.0,0,0.0,0,0.0,0.0,0,0.0,0,,,
122600541,RES1-2SNB,RES,0.75,S,2,1641.0,1045,374674.0459449713,187337.02297248566,82.39777,1987,X,4.4,,481576736003014,-95.735266198798,29.612252891491,0.0,s2057,s2057,0.0,0.0,1,1,0.0,0.0,3.404,2.21,0.0,1,0.0,0,0.0,0,0.0,0.0,0,0.0,0,,,
122485373,RES3A,RES,2.0,C,1,1361.0,1361,213960.88775111226,74886.31071288929,89.90077,1979,AE,4.81,,481576749003005,-95.783293990286,29.585144562749,0.0,s2058,s2058,0.0,0.0,1,1,0.0214,0.0,29.361,18.09,0.0,1,0.0,0,0.0,0,0.0,0.0,0,0.0,1,,,
122745405,RES1-2SNB,RES,0.75,S,2,1110.0,1500,174000.07113923054,87000.03556961527,68.06773,1988,X,0.0,,481576740022031,-95.614960866329,29.589219547865,1.0,s2059,s2059,0.0,0.0,1,1,0.0,0.0,15.012,2.13,0.0,1,0.0,0,0.0,0,0.0,0.0,0,0.0,1,,,
122473672,RES1-1SNB,RES,0.75,S,1,3012.0,3107,435765.39339055563,217882.69669527782,77.0214,2013,X,0.61,,481576747024011,-95.730514958972,29.569522938534,1.0,s2060,s2060,0.0,0.0,0,1,0.0,0.0,9.921,1.16,0.0,1,0.0,0,0.0,0,0.0,0.0,0,0.0,0,,,
122666475,RES1-1SNB,RES,0.75,S,1,2148.0,1898,273948.0354763379,136974.01773816894,69.02546,1984,X,5.24,,481576741001006,-95.604642286671,29.587893631772,1.0,s2061,s2061,0.0,0.0,1,1,0.0,0.0,10.031,2.58,0.0,1,0.0,0,0.0,0,0.0,0.0,0,0.0,0,,,
122682140,RES1-2SNB,RES,0.75,S,2,1152.0,2261,183692.6232394395,91846.31161971975,68.168564,1988,X,0.0,37433173,481576740022031,-95.616978806221,29.588335794469,1.0,s2062,s2062,0.0,0.0,1,1,0.0,0.0,16.516,1.97,0.0,1,0.001,0,0.0,0,0.0,0.0,0,0.0,0,,,
122598064,RES1-2SNB,RES,0.75,S,2,2718.0,2088,380465.4408801452,190232.7204400726,78.923996,2013,X,5.23,,481576747023009,-95.747849746694,29.570282328373,1.0,s2063,s2063,0.0,0.0,1,1,0.0,0.0,9.887,1.8,0.0,1,0.0,0,0.0,0,0.0,0.0,0,0.0,0,,,
122716509,RES1-2SNB,RES,0.75,S,2,2500.0,1574,311876.3886920625,155938.19434603126,68.03084,1988,X,4.43,,481576740022034,-95.613545231321,29.594012069043,1.0,s2064,s2064,0.0,0.0,1,1,0.0,0.0,14.767,1.63,0.0,1,0.0,0,0.0,0,0.0,0.0,0,0.0,1,,,
122558133,RES1-1SNB,RES,0.75,S,1,1768.0,2509,187904.43743433067,93952.21871716533,99.611115,2008,X,4.42,,481576751011008,-95.779236257239,29.553307097388,0.0,s2065,s2065,0.0,0.0,1,1,0.0,0.0,8.266,4.75,0.0,1,0.0,0,0.0,0,0.0,0.0,0,0.0,0,,,
122459360,RES1-1SNB,RES,0.75,S,1,1140.0,1785,221151.3840350399,110575.69201751995,78.260925,1989,X,4.24,,481576746033001,-95.691337958746,29.545694971443,0.0,s2066,s2066,0.0,0.0,1,1,0.0,0.0,16.922,11.07,0.0,1,0.0,0,0.0,0,0.0,0.0,0,0.0,0,,,
122577747,RES1-1SNB,RES,0.75,S,1,1946.0,2741,428215.73319266806,214107.86659633403,82.17724,1987,X,4.95,,481576736002013,-95.726850225804,29.623772478511,0.0,s2067,s2067,0.0,0.0,1,1,0.0,0.0,7.809,6.66,0.0,1,0.0,0,0.0,0,0.0,0.0,0,0.0,0,,,
122576624,RES1-2SNB,RES,0.75,S,2,2220.0,2190,323451.14441363176,161725.57220681588,75.638016,1994,X,5.53,,481576738011002,-95.688235096338,29.583521977417,1.0,s2068,s2068,0.0,0.0,1,1,0.0,0.0,18.176,6.67,0.0,1,0.0,0,0.0,0,0.0,0.0,0,0.0,0,,,
122485515,RES1-1SNB,RES,0.75,S,1,2765.0,2429,298909.8589893274,149454.9294946637,91.89346,1983,X,4.49,,481576750002001,-95.787185405602,29.569865062308,0.0,s2069,s2069,0.0,0.0,0,1,0.0,0.0,6.247,0.04,0.0,1,0.0,0,0.0,0,0.0,0.0,0,0.0,1,,,
122479107,RES1-1SNB,RES,0.75,S,1,2054.0,2502,494697.05566940556,247348.52783470278,84.27817,2010,X,4.08,,481576734012009,-95.745063829737,29.624163291342,0.0,s2070,s2070,0.0,0.0,1,1,0.0,0.0,3.507,0.33,0.0,1,0.0,0,0.0,0,0.0,0.0,0,0.0,1,,,
122531343,RES1-1SNB,RES,0.75,S,1,2037.0,2584,441571.80310276564,220785.90155138282,81.62945,1987,X,4.85,,481576736004003,-95.735807706168,29.624165943026,0.0,s2071,s2071,0.0,0.0,1,1,0.0,0.0,9.629,1.28,0.0,1,0.0,0,0.0,0,0.0,0.0,0,0.0,0,,,
122486527,RES3A,RES,0.5,S,1,1732.0,1732,252876.96399999998,88506.93739999998,98.91944,1981,X,2.01,,481576751022006,-95.787227098247,29.551407602507,0.0,s2072,s2072,0.0,0.0,1,1,0.0,0.0,3.401,4.73,0.0,1,0.0,0,0.0,0,0.0,0.0,0,0.0,0,,,
122525477,RES1-1SNB,RES,0.75,S,1,2307.0,2441,634212.6620694641,317106.33103473205,84.1374,2015,X,5.07,,481576729012059,-95.686497556523,29.627814862203,0.0,s2073,s2073,0.0,0.0,1,1,0.0,0.0,7.569,26.84,0.0,1,0.0,0,0.0,0,0.0,0.0,0,0.0,0,,,
122590019,RES1-1SNB,RES,0.75,S,1,1926.0,2676,306053.91498575796,153026.95749287898,94.44414,2013,X,4.21,,481576747024056,-95.757470856733,29.565172220869,0.0,s2074,s2074,0.0,0.0,1,1,0.0,0.0,12.461,14.65,0.0,1,0.0,0,0.0,0,0.0,0.0,0,0.0,0,,,
122704655,RES1-2SNB,RES,0.75,S,2,2828.0,1790,317770.8187147102,158885.4093573551,66.841,1988,X,5.27,,481576740021013,-95.611456278279,29.586067179706,1.0,s2075,s2075,0.0,0.0,1,1,0.0,0.0,3.513,0.4,0.0,1,0.0,0,0.0,0,0.0,0.0,0,0.0,1,,,
122690523,RES1-1SNB,RES,0.75,S,1,5320.0,5177,1178788.1669936203,589394.0834968102,67.86432,2013,X,4.87,,481576744024010,-95.60926256289,29.535757875046,1.0,s2076,s2076,0.0,0.0,0,1,0.0546,0.0,6.622,3.7,0.0,1,0.0,0,0.0,0,0.0,0.0,0,0.0,0,,,
122467458,RES1-1SNB,RES,0.75,S,1,2047.0,2574,498119.46487782244,249059.73243891122,81.98536,2012,X,0.41,,481576735012015,-95.724651125649,29.63668601976,1.0,s2077,s2077,0.0,0.0,0,1,0.0,0.0,6.547,1.81,0.0,1,0.0,0,0.0,0,0.0,0.0,0,0.0,0,,,
122540170,RES1-1SNB,RES,2.0,C,1,2535.0,2535,585892.4775243816,292946.2387621908,92.005615,2010,X,0.95,,481576734013001,-95.804261249014,29.598032523677,0.0,s2078,s2078,0.0,0.0,0,1,0.0,0.0,8.921,3.16,0.0,1,0.0,0,0.0,0,0.0,0.0,0,0.0,0,,,
122619066,RES1-2SNB,RES,0.75,S,2,3143.0,2236,197071.56480000002,98535.78240000001,97.93315,1978,X,4.29,,481576748001025,-95.771377050104,29.567486962279,0.0,s2079,s2079,0.0,0.0,1,1,0.0,0.0,1.783,9.11,0.0,1,0.0,0,0.0,0,0.0,0.0,0,0.0,0,,,
122596816,RES1-1SNB,RES,0.75,S,1,3213.0,4023,783014.5013240188,391507.2506620094,70.26653,2002,X,4.48,,481576746024008,-95.660429002895,29.549880029886,1.0,s2080,s2080,0.0,0.0,1,1,0.0,0.0,12.58,9.7,0.0,1,0.0,0,0.0,0,0.0,0.0,0,0.0,0,,,
122470005,RES1-2SNB,RES,0.75,S,2,3232.0,2894,659830.5604211846,329915.2802105923,83.93658,1992,X,4.69,,481576735021000,-95.730176593338,29.633077842626,0.0,s2081,s2081,0.0,0.0,1,1,0.0,0.0,2.57,4.54,0.0,1,0.0,0,0.0,0,0.0,0.0,0,0.0,0,,,
122519543,GOV1,PUB,0.25,S,1,11517.0,11517,1950211.4887685222,1365148.0421379653,70.937294,1993,X,0.38,,481576742002000,-95.6365984835,29.576079450979,1.0,s2082,s2082,0.0,0.0,0,1,0.0,0.0,21.295,3.49,0.0,1,0.0,0,0.0,0,0.0,0.0,0,0.0,0,,,
122527135,RES1-2SNB,RES,0.75,S,2,3089.0,2228,633944.9365891455,316972.4682945727,71.29445,2004,X,4.45,,481576746041005,-95.696603483233,29.554333107334,1.0,s2083,s2083,0.0,0.0,1,1,0.0,0.0,8.744,3.52,0.0,1,0.0,0,0.0,0,0.0,0.0,0,0.0,0,,,
122527641,RES1-2SWB,RES,2.0,B,2,2442.0,1463,642532.113252152,321266.056626076,80.55813,2004,X,5.88,,481576746041014,-95.704820787286,29.539197574042,0.0,s2084,s2084,0.0,0.0,1,1,0.0,0.0,10.037,0.0,0.0,1,0.0,0,0.0,0,0.0,0.0,0,0.0,0,,,
122480597,AGR1,COM,0.25,S,1,173.6,868,19334.953247543723,28035.682208938397,90.03353,2013,X,2.42,,481576747022011,-95.757628771456,29.581181750008,0.0,s2085,s2085,0.0,0.0,1,1,0.0,0.0,33.692,23.42,0.0,1,0.0,0,0.0,0,0.0,0.0,0,0.0,1,,,
122461216,RES1-1SNB,RES,0.75,S,1,1796.0,2468,325135.74878497754,162567.87439248877,81.10468,1989,X,3.17,,481576746033011,-95.697504577031,29.539133362906,0.0,s2086,s2086,0.0,0.0,1,1,0.0,0.0,6.268,4.57,0.0,1,0.0,0,0.0,0,0.0,0.0,0,0.0,0,,,
122582238,RES1-2SNB,RES,0.75,S,2,2815.0,3418,734611.1431572355,367305.57157861773,74.23577,2009,X,5.17,,481576739023047,-95.651811488191,29.596234073316,0.0,s2087,s2087,0.0,0.0,1,1,0.0,0.0,11.062,2.48,0.0,1,0.0,0,0.0,0,0.0,0.0,0,0.0,0,,,
122485638,RES1-1SNB,RES,0.75,S,1,1152.0,1528,137211.9887482483,68605.99437412414,98.93146,1983,X,5.15,,481576750002001,-95.782864358251,29.571599956539,0.0,s2088,s2088,0.0,0.0,1,1,0.0,0.0,9.028,17.76,0.0,1,0.0,0,0.0,0,0.0,0.0,0,0.0,0,,,
122446038,RES1-2SNB,RES,0.75,S,2,3912.0,2798,913132.3845052943,456566.19225264713,72.93188,1998,X,5.41,,481576744013005,-95.636211467882,29.554243998903,0.0,s2089,s2089,0.0,0.0,1,1,0.0,0.0,28.095,2.25,0.0,1,0.0,0,0.0,0,0.0,0.0,0,0.0,0,,,
122482333,RES1-2SNB,RES,0.75,S,2,3692.0,2706,346478.987620211,173239.4938101055,96.544815,2008,X,6.15,,481576751013015,-95.763574916848,29.548051311811,0.0,s2090,s2090,0.0,0.0,1,1,0.0,0.0,2.562,0.37,0.0,1,0.0,0,0.0,0,0.0,0.0,0,0.0,0,,,
122543248,RES1-1SNB,RES,0.75,S,1,3513.0,5501,847519.4009499389,423759.70047496946,96.00714,2008,A,5.1,,481576733001037,-95.829468667182,29.63890775906,0.0,s2091,s2091,0.0,0.0,1,1,0.0,0.0,9.494,8.68,0.0,1,0.0,0,0.0,0,0.0,0.0,0,0.0,0,,,
122459815,RES1-1SNB,RES,0.75,S,1,1986.0,2304,371283.32630194596,185641.66315097298,74.037445,1997,X,5.02,,481576738021007,-95.690790792529,29.591344306629,1.0,s2092,s2092,0.0,0.0,1,1,0.0,0.0,2.564,1.98,0.0,1,0.0,0,0.0,0,0.0,0.0,0,0.0,0,,,
122556823,RES1-1SNB,RES,0.75,S,1,1726.0,2208,132448.5448,66224.2724,97.37619,1978,X,3.65,,481576748004001,-95.764973176037,29.559844134599,0.0,s2093,s2093,0.0,0.0,1,1,0.0,0.0,1.176,7.44,0.0,1,0.0,0,0.0,0,0.0,0.0,0,0.0,0,,,
122625090,RES1-1SWB,RES,2.0,B,1,2150.0,2626,462750.21603265207,231375.10801632603,84.097626,2015,X,4.34,,481576755024011,-95.738918807778,29.521906490572,0.0,s2094,s2094,0.0,0.0,0,1,0.0,0.0,2.201,0.25,0.0,1,0.0,0,0.0,0,0.0,0.0,0,0.0,0,,,
122743778,RES1-1SNB,RES,0.75,S,1,1787.0,1500,312116.1996467499,156058.09982337494,77.64536,2013,X,0.0,,481576747024024,-95.726950778193,29.560648862253,1.0,s2095,s2095,0.0,0.0,0,1,0.0,0.0,13.819,2.32,0.0,1,0.0,0,0.0,0,0.0,0.0,0,0.0,0,,,
122524757,RES1-1SNB,RES,0.75,S,1,2381.0,2558,393746.90420961945,196873.45210480972,73.43542,1989,X,4.79,,481576746031003,-95.685100972943,29.545942259761,1.0,s2096,s2096,0.0,0.0,1,1,0.0,0.0,15.111,6.7,0.0,1,0.0,0,0.0,0,0.0,0.0,0,0.0,0,,,
122583225,COM1,COM,0.25,S,1,16835.0,16835,2495090.9078446785,3118863.634805848,73.22655,1996,X,3.76,,481576739032011,-95.675188377894,29.588310231273,1.0,s2097,s2097,0.0,0.0,1,1,0.0,0.0,13.36,1.99,0.0,1,0.0,0,0.0,0,0.0,0.0,0,0.0,0,,,
122743777,RES1-2SNB,RES,0.75,S,2,1428.0,1500,268163.72324061475,134081.86162030738,77.721825,2013,X,0.0,,481576747024024,-95.726644034446,29.560827268777,1.0,s2098,s2098,0.0,0.0,1,1,0.0,0.0,13.901,0.45,0.0,1,0.0,0,0.0,0,0.0,0.0,0,0.0,0,,,
122620449,RES1-1SNB,RES,0.75,S,1,895.0,1174,98047.98569999999,49023.992849999995,99.011116,1987,AE,4.51,,481576753001108,-95.810629713585,29.551387133502,0.0,s2099,s2099,0.0,0.0,1,1,0.0,0.0,1.529,6.0,0.0,1,0.0,0,0.0,0,0.0,0.0,0,0.0,0,,,
122608769,RES1-1SNB,RES,0.75,S,1,1214.0,1478,144648.88965000003,72324.44482500001,93.61923,1979,X,3.18,,481576749004004,-95.77145105554,29.592087619249,0.0,s2100,s2100,0.0,0.0,1,1,0.0,0.0,5.341,3.02,0.0,1,0.0,0,0.0,0,0.0,0.0,0,0.0,0,,,
122556012,RES1-1SNB,RES,0.75,S,1,2047.0,2518,380100.592032735,190050.2960163675,93.11663,2015,X,0.89,,481576755021023,-95.750326044545,29.538353821026,0.0,s2101,s2101,0.0,0.0,0,1,0.0,0.0,17.98,0.06,0.0,1,0.0,0,0.0,0,0.0,0.0,0,0.0,0,,,
122474482,RES1-2SNB,RES,0.75,S,2,2368.0,1804,390142.59522425267,195071.29761212633,90.967964,2015,X,5.14,,481576755023007,-95.738446317704,29.541191322315,0.0,s2102,s2102,0.0,0.0,1,1,0.0,0.0,12.06,2.49,0.0,1,0.0,0,0.0,0,0.0,0.0,0,0.0,0,,,
122531564,RES1-2SNB,RES,0.75,S,2,2751.0,2045,548975.8322594032,274487.9161297016,81.72087,1987,X,4.5,,481576736003003,-95.739215120353,29.619645357573,0.0,s2103,s2103,0.0,0.0,1,1,0.0,0.0,13.498,1.68,0.0,1,0.0,0,0.0,0,0.0,0.0,0,0.0,0,,,
122470614,RES1-1SNB,RES,0.75,S,1,2209.0,3076,516349.769390939,258174.8846954695,81.496,1992,X,5.0,,481576735023006,-95.728292723073,29.624815879177,0.0,s2104,s2104,0.0,0.0,1,1,0.0,0.0,9.386,8.03,0.0,1,0.0,0,0.0,0,0.0,0.0,0,0.0,0,,,
122462398,RES1-1SNB,RES,0.75,S,1,2694.0,3403,584769.5315255582,292384.7657627791,74.136086,2004,X,5.31,,481576746042000,-95.709884292602,29.551879918079,1.0,s2105,s2105,0.0,0.0,1,1,0.045,0.0,6.387,6.39,0.0,1,0.0,0,0.0,0,0.0,0.0,0,0.0,0,,,
122714699,RES1-1SNB,RES,0.75,S,1,2818.0,3887,701164.9428642151,350582.47143210756,67.32663,1998,X,3.63,,481576744014011,-95.602221277927,29.56141471703,0.0,s2106,s2106,0.0,0.0,1,1,0.0,0.0,7.305,3.25,0.0,1,0.0,0,0.0,0,0.0,0.0,0,0.0,0,,,
122483064,RES1-2SNB,RES,0.75,S,2,1955.0,2296,576132.3177171979,288066.15885859897,88.64104,2012,AE,5.27,,481576734042006,-95.767114043908,29.636022104136,0.0,s2107,s2107,0.0,0.0,0,1,0.0,0.0,4.14,1.25,0.0,1,0.0,0,0.0,0,0.0,0.0,0,0.0,0,,,
122576835,RES1-2SNB,RES,0.75,S,2,2962.0,2569,719520.4175547546,359760.2087773773,73.11247,1988,X,5.74,,481576746012003,-95.687401772827,29.55395822244,1.0,s2108,s2108,0.0,0.0,1,1,0.0,0.0,14.039,1.94,0.0,1,0.0,0,0.0,0,0.0,0.0,0,0.0,0,,,
122576756,RES1-2SNB,RES,0.75,S,2,2889.0,3152,709446.7234859468,354723.3617429734,71.50172,1988,X,6.64,,481576746012003,-95.692695504907,29.555135083837,1.0,s2109,s2109,0.0,0.0,1,1,0.0,0.0,3.316,3.89,0.0,1,0.0,0,0.0,0,0.0,0.0,0,0.0,0,,,
122555220,RES1-1SNB,RES,0.75,S,1,2077.0,2594,332860.3779574622,166430.1889787311,80.54072,2013,X,4.39,,481576747023017,-95.745459126211,29.571726323277,1.0,s2110,s2110,0.0,0.0,1,1,0.0,0.0,3.647,3.1,0.0,1,0.0,0,0.0,0,0.0,0.0,0,0.0,0,,,
122474956,RES1-2SNB,RES,0.75,S,2,3818.0,2968,744992.3268425185,372496.16342125926,84.06698,1992,X,5.48,,481576735022007,-95.741185456515,29.630500177819,0.0,s2111,s2111,0.0,0.0,1,1,0.0,0.0,3.297,4.2,0.0,1,0.0,0,0.0,0,0.0,0.0,0,0.0,0,,,
122557386,RES3C,RES,2.0,C,2,8650.0,4325,899121.0344000001,314692.36204000004,97.9266,1978,X,5.66,,481576748001007,-95.771469147561,29.57359086614,0.0,s2112,s2112,0.0,0.0,1,1,0.0,0.0,11.262,7.19,0.0,1,0.0,0,0.0,0,0.0,0.0,0,0.0,0,,,
122469832,RES1-1SNB,RES,0.75,S,1,2387.0,3332,543506.439016227,271753.2195081135,83.30443,1992,X,4.68,,481576735021000,-95.728026192387,29.632678786159,0.0,s2113,s2113,0.0,0.0,1,1,0.0,0.0,2.885,6.74,0.0,1,0.0,0,0.0,0,0.0,0.0,0,0.0,0,,,
122743895,RES1-1SNB,RES,2.0,C,1,1353.0,1500,391287.0917841901,195643.54589209505,75.5986,1995,X,0.0,,481576739043000,-95.660717698089,29.604205219842,1.0,s2114,s2114,0.0,0.0,1,1,0.0,0.0,5.557,8.84,0.0,1,0.0,0,0.0,0,0.0,0.0,0,0.0,0,,,
122575537,RES1-2SNB,RES,0.75,S,2,3349.0,2836,815247.5592265989,407623.77961329947,74.70619,2009,X,5.33,,481576739023031,-95.655249787845,29.597526909271,0.0,s2115,s2115,0.0,0.0,1,1,0.0,0.0,11.4,1.84,0.0,1,0.0,0,0.0,0,0.0,0.0,0,0.0,0,,,
122699671,RES1-2SNB,RES,0.75,S,2,2484.0,1649,298594.8329189816,149297.4164594908,66.16793,1984,X,5.51,,481576741002013,-95.600163087712,29.579182075587,1.0,s2116,s2116,0.0,0.0,1,1,0.0,0.0,13.831,2.76,0.0,1,0.0,0,0.0,0,0.0,0.0,0,0.0,0,,,
122447221,RES1-2SNB,RES,0.75,S,2,4454.0,3898,1022797.0296139189,511398.5148069594,71.61675,1998,X,5.65,,481576744011007,-95.645354195984,29.571978779654,0.0,s2117,s2117,0.0,0.0,0,1,0.0,0.0,12.955,0.49,0.0,1,0.0,0,0.0,0,0.0,0.0,0,0.0,0,,,
122619960,RES1-1SNB,RES,2.0,C,1,1659.0,1146,131860.0764,65930.0382,99.42046,1981,X,3.42,,481576752001052,-95.803540631761,29.551102179538,0.0,s2118,s2118,0.0,0.0,1,1,0.0,0.0,2.035,5.28,0.0,1,0.0,0,0.0,0,0.0,0.0,0,0.0,0,,,
122610587,RES1-2SNB,RES,0.75,S,2,1929.0,1377,525558.2611156681,262779.13055783405,68.98632,1987,X,4.71,,481576740011018,-95.61864176492,29.577302353443,1.0,s2119,s2119,0.0,0.0,1,1,0.0,0.0,6.717,3.85,0.0,1,0.0,0,0.0,0,0.0,0.0,0,0.0,0,,,
122712098,RES3E,RES,0.5,S,2,24536.0,12268,3534548.3141326066,1237091.9099464123,68.7361,1988,X,6.53,,481576740022028,-95.622082955531,29.58749959422,1.0,s2120,s2120,0.0,0.0,1,1,0.0,0.0,18.009,2.92,0.0,1,0.0,0,0.0,0,0.0,0.0,0,0.0,0,,,
122594232,RES4,COM,0.25,S,3,47268.0,15756,9200281.47291319,4140126.662810936,75.32912,2004,X,9.9,,481576746041009,-95.698762253303,29.550953649487,1.0,s2121,s2121,0.0,0.0,1,1,0.0005,0.0,15.403,7.23,0.0,1,0.0034,0,0.0,0,0.0,0.0,0,0.0,0,,,
122474028,RES1-2SNB,RES,0.75,S,2,3138.0,1688,646025.9913083942,323012.9956541971,85.99691,1992,X,5.97,,481576735022004,-95.738549562997,29.638066775541,0.0,s2122,s2122,0.0,0.0,1,1,0.0,0.0,7.212,5.62,0.0,1,0.0,0,0.0,0,0.0,0.0,0,0.0,0,,,
122597533,RES1-1SNB,RES,0.75,S,1,1532.0,2059,288209.2931616954,144104.6465808477,81.44804,1989,X,4.0,,481576746033016,-95.692090056486,29.542013939845,0.0,s2123,s2123,0.0,0.0,1,1,0.0,0.0,10.198,12.41,0.0,1,0.0,0,0.0,0,0.0,0.0,0,0.0,0,,,
122665626,RES1-1SNB,RES,0.75,S,1,2811.0,3691,707726.4367341294,353863.2183670647,69.48471,1998,X,4.32,,481576744015000,-95.617249333422,29.556580245571,0.0,s2124,s2124,0.0,0.0,1,1,0.0,0.0,15.898,1.45,0.0,1,0.0,0,0.0,0,0.0,0.0,0,0.0,1,,,
122666570,RES1-2SNB,RES,0.75,S,2,5927.0,2924,1176138.7269968314,588069.3634984157,67.787605,1998,X,5.73,,481576744014015,-95.605920605303,29.562606248536,0.0,s2125,s2125,0.0,0.0,1,1,0.0,0.0,7.556,3.7,0.0,1,0.0,0,0.0,0,0.0,0.0,0,0.0,0,,,
122713365,RES1-2SNB,RES,0.75,S,2,1328.0,3689,215479.85294006977,107739.92647003489,68.65692,1988,X,5.61,,481576740022033,-95.614285600908,29.590916102503,1.0,s2126,s2126,0.0,0.0,1,1,0.0,0.0,15.987,1.3,0.0,1,0.0,0,0.0,0,0.0,0.0,0,0.0,0,,,
122531898,RES1-2SNB,RES,0.75,S,2,2328.0,1876,401447.82400616945,200723.91200308473,91.849686,2015,X,5.24,,481576755023001,-95.726930971136,29.540149030242,0.0,s2127,s2127,0.0,0.0,1,1,0.0,0.0,11.576,6.26,0.0,1,0.0,0,0.0,0,0.0,0.0,0,0.0,0,,,
122467262,RES1-1SNB,RES,0.75,S,1,2174.0,2695,461934.75696718716,230967.37848359358,81.33134,1987,X,4.11,,481576736002004,-95.725625293967,29.618664240602,0.0,s2128,s2128,0.0,0.0,1,1,0.0,0.0,12.235,5.18,0.0,1,0.0,0,0.0,0,0.0,0.0,0,0.0,0,,,
122589774,RES1-1SNB,RES,5.25,P,1,2008.0,2008,325752.0192022822,162876.0096011411,79.02659,2013,X,0.13,,481576747024001,-95.741242021886,29.573554698003,1.0,s2129,s2129,0.0,0.0,0,1,0.0,0.0,15.673,1.36,0.0,1,0.0,0,0.0,0,0.0,0.0,0,0.0,0,,,
122589187,RES1-1SNB,RES,0.75,S,1,2128.0,2677,360708.5120729786,180354.2560364893,82.85789,1989,X,3.7,,481576746033009,-95.696781930687,29.542219174251,0.0,s2130,s2130,0.0,0.0,1,1,0.0,0.0,8.796,6.94,0.0,1,0.0,0,0.0,0,0.0,0.0,0,0.0,0,,,
122532646,RES1-2SNB,RES,0.75,S,2,3150.0,4207,801405.569087527,400702.7845437635,88.047966,2012,X,5.67,,481576734041016,-95.745064339393,29.646522387249,0.0,s2131,s2131,0.0,0.0,0,1,0.0,0.0,14.345,0.83,0.0,1,0.0,0,0.0,0,0.0,0.0,0,0.0,0,,,
122577842,RES1-1SNB,RES,0.75,S,1,1926.0,2323,358329.18552106596,179164.59276053298,90.077415,2015,X,4.24,,481576755023008,-95.728239235054,29.538095677522,0.0,s2132,s2132,0.0,0.0,1,1,0.0,0.0,4.113,3.13,0.0,1,0.0,0,0.0,0,0.0,0.0,0,0.0,0,,,
122473089,RES1-1SNB,RES,0.75,S,1,1980.0,2412,337750.6574633562,168875.3287316781,78.0769,2013,X,0.86,,481576747024011,-95.744375993653,29.569745646732,1.0,s2133,s2133,0.0,0.0,0,1,0.0,0.0,12.503,9.38,0.0,1,0.0,0,0.0,0,0.0,0.0,0,0.0,0,,,
122448804,RES1-1SNB,RES,0.75,S,1,2243.0,2935,606462.4201347969,303231.21006739844,73.60225,2002,X,4.73,,481576746022003,-95.66455558126,29.557993683902,1.0,s2134,s2134,0.0,0.0,1,1,0.0,0.0,6.415,9.24,0.0,1,0.0,0,0.0,0,0.0,0.0,0,0.0,0,,,
122600406,RES1-1SNB,RES,0.75,S,1,1417.0,2040,263458.5763032396,131729.2881516198,78.17116,2013,X,3.54,,481576747024039,-95.733518447689,29.555064138534,1.0,s2135,s2135,0.0,0.0,1,1,0.0,0.0,13.02,5.7,0.0,1,0.0,0,0.0,0,0.0,0.0,0,0.0,0,,,
122622644,RES1-2SNB,RES,0.75,S,2,2531.0,2193,407048.48243318876,203524.24121659438,85.12821,2015,X,5.93,,481576755022018,-95.728744936794,29.530781185756,0.0,s2136,s2136,0.0,0.0,1,1,0.0,0.0,7.857,1.43,0.0,1,0.0,0,0.0,0,0.0,0.0,0,0.0,0,,,
122598789,RES1-1SNB,RES,0.75,S,1,1008.0,1044,114119.77986008556,57059.88993004278,100.64517,1987,X,3.09,,481576753003015,-95.815809135643,29.562093098042,0.0,s2137,s2137,0.0,0.0,1,1,0.0,0.0,15.106,31.24,0.0,1,0.0,0,0.0,0,0.0,0.0,0,0.0,0,,,
122607855,COM1,COM,0.25,S,1,1312.0,1312,222780.12087112377,278475.1510889047,84.23873,1987,X,3.71,,481576736003002,-95.743231744482,29.623207937262,0.0,s2138,s2138,0.0,0.0,0,1,0.0,0.0,5.706,1.93,0.0,1,0.0,0,0.0,0,0.0,0.0,0,0.0,1,,,
122600751,RES1-2SNB,RES,0.75,S,2,3027.0,2734,668864.0010885708,334432.0005442854,87.293785,2010,X,5.02,,481576734011025,-95.753971163245,29.600459013494,0.0,s2139,s2139,0.0,0.0,1,1,0.0,0.0,29.602,14.77,0.0,1,0.0,0,0.0,0,0.0,0.0,0,0.0,1,,,
122625224,RES1-1SNB,RES,0.75,S,1,1860.0,2321,357993.7953056118,178996.8976528059,86.38102,2015,X,0.23,,481576755024011,-95.749781303687,29.526128579286,0.0,s2140,s2140,0.0,0.0,0,1,0.0,0.0,1.54,3.12,0.0,1,0.0,0,0.0,0,0.0,0.0,0,0.0,0,,,
122622813,RES1-1SNB,RES,0.75,S,1,2140.0,2575,387339.80982021143,193669.90491010572,85.06694,2015,X,0.21,,481576755022017,-95.726056841497,29.521552246509,0.0,s2141,s2141,0.0,0.0,0,1,0.0,0.0,20.091,0.85,0.0,1,0.0,0,0.0,0,0.0,0.0,0,0.0,0,,,
122585861,RES1-2SNB,RES,0.75,S,2,2353.0,1602,224422.99209497526,112211.49604748763,98.91256,2008,X,5.67,,481576751012004,-95.781862489366,29.555333911274,0.0,s2142,s2142,0.0,0.0,1,1,0.0,0.0,2.899,1.36,0.0,1,0.0,0,0.0,0,0.0,0.0,0,0.0,0,,,
122550978,RES1-2SNB,RES,0.75,S,2,3962.0,4119,907653.5312403291,453826.7656201646,74.98802,1995,X,5.32,,481576739041015,-95.674932088254,29.592748025822,1.0,s2143,s2143,0.0,0.0,1,1,0.0674,0.0,2.963,6.91,0.0,1,0.0,0,0.0,0,0.0,0.0,0,0.0,0,,,
122666410,RES1-2SNB,RES,0.75,S,2,4455.0,3905,976728.6829913803,488364.34149569017,68.7523,1998,X,5.43,,481576744014007,-95.604052122016,29.562744007783,0.0,s2144,s2144,0.0,0.0,1,1,0.0,0.0,6.419,3.61,0.0,1,0.0,0,0.0,0,0.0,0.0,0,0.0,0,,,
122475826,RES1-2SNB,RES,5.25,P,2,2762.0,2574,358887.7364422244,179443.8682211122,81.44043,1994,AE,0.0,,481576738013009,-95.748069303419,29.583324107838,1.0,s2145,s2145,0.0,0.0,0,1,0.0,0.0,4.031,7.25,0.0,1,0.0,0,0.0,0,0.0,0.0,0,0.0,0,,,
122534104,RES1-1SNB,RES,0.75,S,1,4177.0,3734,553534.1149141684,276767.0574570842,91.15832,2013,X,2.42,,481576747024054,-95.75451126043,29.558672586121,0.0,s2146,s2146,0.0,0.0,0,1,0.0,0.0,20.2,22.68,0.0,1,0.0,0,0.0,0,0.0,0.0,0,0.0,0,,,
122568038,RES1-2SNB,RES,0.75,S,2,3129.0,2654,636058.720897046,318029.360448523,71.93957,2004,X,5.95,,481576746041007,-95.701129969985,29.553866501992,1.0,s2147,s2147,0.0,0.0,0,1,0.0,0.0,10.469,6.88,0.0,1,0.0,0,0.0,0,0.0,0.0,0,0.0,0,,,
122591101,RES1-2SNB,RES,0.75,S,2,3201.0,3618,758520.4700889498,379260.2350444749,91.67398,2012,X,6.14,,481576734043014,-95.793870314034,29.632525724046,0.0,s2148,s2148,0.0,0.0,0,1,0.0,0.0,8.215,4.78,0.0,1,0.0,0,0.0,0,0.0,0.0,0,0.0,0,,,
122490283,RES1-1SNB,RES,0.75,S,1,2519.0,3873,569563.411269082,284781.705634541,91.39426,2010,X,3.36,,481576734014005,-95.801033267019,29.622769889369,0.0,s2149,s2149,0.0,0.0,0,1,0.0,0.0,1.475,2.19,0.0,1,0.0,0,0.0,0,0.0,0.0,0,0.0,0,,,
122603887,RES1-1SNB,RES,0.75,S,1,799.0,940,88810.71675,44405.358375,102.90137,1987,X,2.72,,481576753003004,-95.818811544863,29.563228466206,0.0,s2150,s2150,0.0,0.0,1,1,0.0,0.0,46.36,29.31,0.0,1,0.0,0,0.0,0,0.0,0.0,0,0.0,0,,,
122547775,RES1-2SNB,RES,0.75,S,2,4088.0,2769,935878.0018690174,467939.0009345087,70.13164,1998,X,6.5,,481576744013000,-95.62919887724,29.558601404272,0.0,s2151,s2151,0.0,0.0,1,1,0.0,0.0,7.051,5.91,0.0,1,0.0,0,0.0,0,0.0,0.0,0,0.0,0,,,
122590844,RES1-1SNB,RES,2.0,C,1,1086.0,1537,156472.74790000002,78236.37395000001,98.425995,1981,X,4.57,,481576751023005,-95.785855649712,29.548587617622,0.0,s2152,s2152,0.0,0.0,1,1,0.0,0.0,2.979,6.41,0.0,1,0.0,0,0.0,0,0.0,0.0,0,0.0,0,,,
122536567,RES1-1SNB,RES,0.75,S,1,3263.0,4722,847727.2152501825,423863.6076250913,92.850975,2012,X,4.54,,481576734043003,-95.782046223096,29.656736912364,0.0,s2153,s2153,0.0,0.0,0,1,0.0,0.0,10.522,1.3,0.0,1,0.0,0,0.0,0,0.0,0.0,0,0.0,0,,,
122521272,RES1-2SNB,RES,0.75,S,2,2698.0,2236,704548.2428014758,352274.1214007379,74.98068,2009,X,5.44,,481576739022032,-95.657733103404,29.588952849522,0.0,s2154,s2154,0.0,0.0,1,1,0.0,0.0,3.106,4.2,0.0,1,0.0,0,0.0,0,0.0,0.0,0,0.0,0,,,
122619966,RES1-2SNB,RES,0.75,S,2,3736.0,3677,848074.4662080386,424037.2331040193,84.10824,2012,AE,4.93,,481576734042001,-95.755733345421,29.644183540786,1.0,s2155,s2155,0.0,0.0,0,1,0.0,0.0,11.422,6.74,0.0,1,0.0,0,0.0,0,0.0,0.0,0,0.0,0,,,
122460432,RES1-1SNB,RES,0.75,S,1,2622.0,2128,733715.2896793906,366857.6448396953,82.185524,2015,X,0.0,,481576729012070,-95.698957256813,29.628848431793,0.0,s2156,s2156,0.0,0.0,0,1,0.0,0.0,12.174,6.9,0.0,1,0.0,0,0.0,0,0.0,0.0,0,0.0,0,,,
122608789,RES1-1SNB,RES,0.75,S,1,1080.0,724,130676.18445000002,65338.09222500001,90.942856,1979,X,4.02,,481576749004004,-95.770262806652,29.592145316624,0.0,s2157,s2157,0.0,0.0,1,1,0.0,0.0,5.282,12.57,0.0,1,0.0,0,0.0,0,0.0,0.0,0,0.0,0,,,
122550302,RES1-2SNB,RES,0.75,S,2,2909.0,2736,727949.9728959069,363974.98644795344,75.41133,1995,X,4.58,,481576739042005,-95.667080631555,29.591343140644,1.0,s2158,s2158,0.0,0.0,1,1,0.0,0.0,6.802,0.74,0.0,1,0.0,0,0.0,0,0.0,0.0,0,0.0,0,,,
122476635,RES1-1SNB,RES,0.75,S,1,2510.0,3182,374496.0531743353,187248.02658716764,76.946396,2013,X,4.19,,481576747024017,-95.743384815988,29.558367384684,1.0,s2159,s2159,0.0,0.0,0,1,0.0633,0.0,10.073,0.06,0.0,1,0.0,0,0.0,0,0.0,0.0,0,0.0,0,,,
122551834,RES1-2SNB,RES,0.75,S,2,2465.0,1485,402739.03753341484,201369.51876670742,72.03652,1989,X,5.82,,481576746031002,-95.683037117898,29.547763022271,1.0,s2160,s2160,0.0,0.0,1,1,0.0,0.0,3.305,2.21,0.0,1,0.0,0,0.0,0,0.0,0.0,0,0.0,0,,,
122446585,RES1-2SNB,RES,0.75,S,2,5512.0,4064,1167327.2530344084,583663.6265172042,73.22417,2009,X,6.34,,481576739023001,-95.641157083016,29.593602770143,0.0,s2161,s2161,0.0,0.0,1,1,0.0,0.0,25.471,0.86,0.0,1,0.0,0,0.0,0,0.0,0.0,0,0.0,0,,,
122615938,RES1-2SNB,RES,0.75,S,2,4279.0,3785,965545.8209691533,482772.91048457666,85.15691,2012,AE,5.02,,481576734042015,-95.747453986379,29.628335998841,0.0,s2162,s2162,0.0,0.0,1,1,0.0,0.0,2.338,2.74,0.0,1,0.0,0,0.0,0,0.0,0.0,0,0.0,0,,,
122582822,RES1-2SNB,RES,0.75,S,2,3060.0,2601,753370.3101015659,376685.15505078295,74.73265,1996,X,5.52,,481576739031007,-95.667308990092,29.586074134342,1.0,s2163,s2163,0.0,0.0,1,1,0.1618,0.0,3.732,0.02,0.0,1,0.0,0,0.0,0,0.0,0.0,0,0.0,1,,,
122598629,RES1-1SNB,RES,0.75,S,1,2517.0,1871,599295.5961127753,299647.79805638763,90.63942,2010,X,0.48,,481576734013002,-95.808241173474,29.599289173011,0.0,s2164,s2164,0.0,0.0,0,1,0.0,0.0,7.528,0.38,0.0,1,0.0081,0,0.0,0,0.0,0.0,0,0.0,0,,,
122587969,RES1-2SNB,RES,0.75,S,2,3819.0,2978,904183.9527360379,452091.97636801895,73.884705,2009,X,6.41,,481576739023007,-95.642640502949,29.597443668853,0.0,s2165,s2165,0.0,0.0,1,1,0.0,0.0,17.939,0.09,0.0,1,0.0,0,0.0,0,0.0,0.0,0,0.0,0,,,
122459380,RES1-1SNB,RES,0.75,S,1,1502.0,2060,285780.0133739263,142890.00668696314,81.55137,1989,X,4.27,,481576746033001,-95.691321111753,29.544973702357,0.0,s2166,s2166,0.0,0.0,1,1,0.0,0.0,13.966,12.8,0.0,1,0.0,0,0.0,0,0.0,0.0,0,0.0,0,,,
122612757,RES1-2SNB,RES,0.75,S,2,4250.0,3108,947982.8525693578,473991.4262846789,71.639145,1993,X,6.5,,481576742004000,-95.626434298309,29.569650226084,1.0,s2167,s2167,0.0,0.0,0,1,0.0,0.0,7.372,4.69,0.0,1,0.0,0,0.0,0,0.0,0.0,0,0.0,0,,,
122666019,RES1-2SNB,RES,0.75,S,2,4279.0,3705,1010816.3362976925,505408.16814884625,69.506996,2013,X,5.84,,481576744021002,-95.600812335736,29.543599275988,0.0,s2168,s2168,0.0,0.0,1,1,0.0,0.0,7.89,2.76,0.0,1,0.0,0,0.0,0,0.0,0.0,0,0.0,0,,,
122483034,RES1-1SNB,RES,0.75,S,1,1674.0,2147,508316.94241600455,254158.47120800227,88.22271,2012,AE,1.0,,481576734042006,-95.768472419364,29.635933146944,1.0,s2169,s2169,0.0,0.0,0,1,0.0,0.0,3.415,0.0,0.0,1,0.0,0,0.0,0,0.0,0.0,0,0.0,0,,,
122716059,COM1,COM,0.25,S,3,3996.0,9990,619373.0105801739,774216.2632252173,70.078186,1988,X,9.75,,481576740022008,-95.621069973375,29.597439194471,1.0,s2170,s2170,0.0,0.0,1,1,0.0,0.0,2.363,5.23,0.0,1,0.0,0,0.0,0,0.0,0.0,0,0.0,0,,,
122536583,RES1-1SNB,RES,0.75,S,1,2610.0,4244,661731.820324505,330865.9101622525,94.080734,2012,X,3.77,,481576734043003,-95.791401612928,29.640951412734,0.0,s2171,s2171,0.0,0.0,0,1,0.0,0.0,8.101,2.51,0.0,1,0.0,0,0.0,0,0.0,0.0,0,0.0,0,,,
122622839,RES1-1SNB,RES,0.75,S,1,2432.0,2514,424668.27954809845,212334.13977404922,84.48372,2015,X,4.45,,481576755022017,-95.724696151487,29.523347336536,0.0,s2172,s2172,0.0,0.0,0,1,0.0,0.0,18.155,1.76,0.0,1,0.0,0,0.0,0,0.0,0.0,0,0.0,0,,,
122619059,RES1-2SNB,RES,0.75,S,2,2175.0,2179,148092.56000000003,74046.28000000001,98.10248,1978,X,5.39,,481576748001025,-95.770434109139,29.567289510023,0.0,s2173,s2173,0.0,0.0,1,1,0.0,0.0,1.786,9.1,0.0,1,0.0,0,0.0,0,0.0,0.0,0,0.0,0,,,
122689433,RES1-1SNB,RES,0.75,S,1,1830.0,1598,249290.41383340268,124645.20691670134,65.66234,1984,X,5.28,,481576741002012,-95.600322539602,29.580080442008,1.0,s2174,s2174,0.0,0.0,1,1,0.0,0.0,13.555,3.61,0.0,1,0.0,0,0.0,0,0.0,0.0,0,0.0,0,,,
122531925,RES1-1SNB,RES,0.75,S,1,2117.0,2390,366739.7126162679,183369.85630813395,92.43527,2015,X,3.95,,481576755023001,-95.738154724398,29.541620638355,0.0,s2175,s2175,0.0,0.0,1,1,0.0,0.0,11.15,4.04,0.0,1,0.0,0,0.0,0,0.0,0.0,0,0.0,0,,,
122457658,RES1-2SNB,RES,0.75,S,2,2763.0,2566,724122.4798911491,362061.23994557455,83.09686,2015,X,5.91,,481576729012052,-95.684198591155,29.621078697473,0.0,s2176,s2176,0.0,0.0,1,1,0.0,0.0,11.686,8.81,0.0,1,0.0,0,0.0,0,0.0,0.0,0,0.0,0,,,
122523766,COM8,COM,0.25,S,2,851.89,23001,204394.17415467865,235053.30027788042,71.34861,1988,X,9.1,,481576746011002,-95.683207786799,29.561761620292,1.0,s2177,s2177,0.0,0.0,1,1,0.0,0.0,7.433,1.85,0.0,1,0.0,0,0.0,0,0.0,0.0,0,0.0,1,,,
122624577,RES1-2SNB,RES,0.75,S,2,4300.0,2895,574037.5151662282,287018.7575831141,88.49,2015,X,6.57,,481576755024015,-95.738148058235,29.533635114405,0.0,s2178,s2178,0.0,0.0,1,1,0.0,0.0,2.094,2.5,0.0,1,0.0,0,0.0,0,0.0,0.0,0,0.0,0,,,
122603523,COM7,COM,0.25,S,1,3480.0,3480,789978.1540678242,1145468.3233983452,99.599884,1981,X,2.84,,481576751021000,-95.785684210029,29.55746742604,0.0,s2179,s2179,0.0,0.0,1,1,0.0,0.0,3.515,1.0,0.0,1,0.0,0,0.0,0,0.0,0.0,0,0.0,0,,,
122468998,RES1-1SNB,RES,0.75,S,1,1845.0,2417,323994.1209034961,161997.06045174805,77.20563,2013,X,0.27,,481576747024024,-95.72750875383,29.562259687386,1.0,s2180,s2180,0.0,0.0,0,1,0.0209,0.0,9.67,5.85,0.0,1,0.0,0,0.0,0,0.0,0.0,0,0.0,0,,,
122479695,RES1-1SNB,RES,0.75,S,1,2488.0,3031,587186.6625407675,293593.33127038373,86.12544,2010,X,3.48,,481576734011031,-95.753787379691,29.592105888299,0.0,s2181,s2181,0.0,0.0,1,1,0.0,0.0,33.43,17.97,0.0,1,0.0,0,0.0,0,0.0,0.0,0,0.0,1,,,
122535014,RES1-1SNB,RES,0.75,S,1,2226.0,2497,583438.8710363714,291719.4355181857,90.261444,2012,X,3.48,,481576734044015,-95.76504152548,29.658290015117,0.0,s2182,s2182,0.0,0.0,1,1,0.0,0.0,12.284,7.46,0.0,1,0.0,0,0.0,0,0.0,0.0,0,0.0,0,,,
122475934,RES1-2SNB,RES,0.75,S,2,2650.0,2108,599704.3800425607,299852.1900212804,84.43655,2010,AE,4.53,,481576734011011,-95.745111073691,29.608185638527,0.0,s2183,s2183,0.0,0.0,1,1,0.0,0.0,2.63,7.68,0.0,1,0.0061,0,0.0,0,0.0,0.0,0,0.0,0,,,
122462400,RES1-1SNB,RES,0.75,S,1,2261.0,2640,516280.6806986791,258140.34034933956,71.9928,2004,X,4.98,,481576746042000,-95.698652689566,29.556204798822,1.0,s2184,s2184,0.0,0.0,1,1,0.0,0.0,9.226,6.16,0.0,1,0.0,0,0.0,0,0.0,0.0,0,0.0,0,,,
122485151,RES1-2SNB,RES,0.75,S,2,3853.0,4130,934412.0480199753,467206.02400998765,91.88577,2012,X,5.24,,481576734043005,-95.780801366626,29.645246294999,0.0,s2185,s2185,0.0,0.0,0,1,0.0237,0.0,7.118,0.06,0.0,1,0.0,0,0.0,0,0.0,0.0,0,0.0,0,,,
122469280,RES1-1SNB,RES,0.75,S,1,1739.0,2252,306785.5360178715,153392.76800893576,77.30723,2013,X,0.28,,481576747024024,-95.727112320388,29.560235896462,1.0,s2186,s2186,0.0,0.0,0,1,0.0,0.0,13.44,5.62,0.0,1,0.0,0,0.0,0,0.0,0.0,0,0.0,0,,,
122475795,RES1-1SNB,RES,0.75,S,1,2614.0,3195,388135.7855228515,194067.89276142576,79.60031,1994,AE,0.11,,481576738013009,-95.747658299425,29.585342435056,1.0,s2187,s2187,0.0,0.0,0,1,0.0,0.0,2.99,1.39,0.0,1,0.0,0,0.0,0,0.0,0.0,0,0.0,0,,,
122550406,RES1-2SNB,RES,0.75,S,2,2622.0,1616,675014.4596839515,337507.2298419757,74.23317,1996,X,5.92,,481576739031006,-95.668057396807,29.588649564891,1.0,s2188,s2188,0.0,0.0,1,1,0.0,0.0,5.495,1.21,0.0,1,0.0,0,0.0,0,0.0,0.0,0,0.0,0,,,
122559593,GOV1,PUB,0.25,S,1,14370.0,14370,2337453.458810635,1636217.4211674444,101.73434,1983,X,5.22,,481576750002051,-95.80822015522,29.561518323257,0.0,s2189,s2189,0.0,0.0,0,1,0.0,0.0,5.606,14.21,0.0,1,0.0,0,0.0,0,0.0,0.0,0,0.0,0,,,
122679874,RES3A,RES,0.5,S,2,6508.0,3254,945402.5072119468,330890.8775241813,70.325066,1993,X,5.06,,481576742003000,-95.619101712133,29.57006845891,1.0,s2190,s2190,0.0,0.0,0,1,0.0,0.0,11.166,2.91,0.0,1,0.0,0,0.0,0,0.0,0.0,0,0.0,0,,,
122597328,RES1-2SNB,RES,0.75,S,2,3999.0,2556,915738.6959999369,457869.34799996845,74.40985,2003,X,5.31,,481576747011014,-95.689508634359,29.569150607997,1.0,s2191,s2191,0.0,0.0,1,1,0.0,0.0,14.84,3.31,0.0,1,0.0,0,0.0,0,0.0,0.0,0,0.0,0,,,
122471251,RES1-2SNB,RES,0.75,S,2,3660.0,4869,482811.35586701875,241405.67793350937,77.533,2013,X,5.69,,481576747024020,-95.733113691707,29.567006623804,1.0,s2192,s2192,0.0,0.0,0,1,0.0,0.0,7.748,1.92,0.0,1,0.0,0,0.0,0,0.0,0.0,0,0.0,0,,,
122603100,RES1-1SNB,RES,0.75,S,1,2310.0,3216,559743.5852742225,279871.79263711127,85.12631,2010,X,4.79,,481576734011024,-95.750418621014,29.592902653527,0.0,s2193,s2193,0.0,0.0,1,1,0.1308,0.0,8.818,2.02,0.0,1,0.0,0,0.0,0,0.0,0.0,0,0.0,0,,,
122576760,RES1-2SNB,RES,0.75,S,2,2786.0,2419,691225.7338692917,345612.86693464586,70.834145,1988,X,3.8,,481576746012003,-95.688551844782,29.554404933987,1.0,s2194,s2194,0.0,0.0,1,1,0.0,0.0,11.742,1.7,0.0,1,0.0,0,0.0,0,0.0,0.0,0,0.0,0,,,
122532973,COM8,COM,0.25,S,3,32793.0,10931,6488792.104134398,7462110.919754556,91.61383,2015,X,9.06,,481576755021037,-95.746669576626,29.540515450357,0.0,s2195,s2195,0.0,0.0,1,1,0.1161,0.0,16.525,2.64,0.0,1,0.0,0,0.0,0,0.0,0.0,0,0.0,0,,,
122546214,RES1-2SNB,RES,2.0,C,2,2894.0,458,741036.0246936982,370518.0123468491,99.00525,2008,X,0.0,38154886,481576733001027,-95.873238314251,29.660680884526,0.0,s2196,s2196,0.0,0.0,0,1,0.0,0.0,1.169,9.79,0.0,1,0.0,0,0.0,0,0.0,0.0,0,0.0,0,,,
122476737,RES1-1SNB,RES,0.75,S,1,1434.0,1964,376658.5097282927,188329.25486414635,84.51268,2010,AE,4.0,,481576734011005,-95.746243581782,29.609547355734,0.0,s2197,s2197,0.0,0.0,1,1,0.0,0.0,30.285,2.87,0.0,1,0.0,0,0.0,0,0.0,0.0,0,0.0,0,,,
122579130,RES3A,RES,0.5,S,1,1744.0,1744,202632.81380713583,70921.48483249753,89.88125,1978,X,4.73,,481576748002000,-95.767512461728,29.579042008136,0.0,s2198,s2198,0.0,0.0,1,1,0.0,0.0,3.865,5.62,0.0,1,0.0,0,0.0,0,0.0,0.0,0,0.0,0,,,
122454211,RES1-2SNB,RES,0.75,S,2,2853.0,3364,751412.3943143787,375706.19715718937,72.634926,2003,X,5.64,,481576747012005,-95.672171038033,29.567413083506,1.0,s2199,s2199,0.0,0.0,1,1,0.0,0.0,10.279,7.15,0.0,1,0.0,0,0.0,0,0.0,0.0,0,0.0,0,,,
122551429,RES1-2SNB,RES,0.75,S,2,2489.0,2062,650709.6655062279,325354.83275311394,74.313805,2002,X,5.75,,481576746021005,-95.679684108591,29.544443793355,1.0,s2200,s2200,0.0,0.0,1,1,0.0,0.0,16.443,6.54,0.0,1,0.0,0,0.0,0,0.0,0.0,0,0.0,0,,,
122523796,GOV1,PUB,0.25,S,2,181.24,10454,32357.906225407183,22650.534357785025,70.70436,1988,X,7.72,,481576746011002,-95.684078566052,29.561776064528,1.0,s2201,s2201,0.0,0.0,0,1,0.1067,0.0,6.709,0.37,0.0,1,0.0,0,0.0,0,0.0,0.0,0,0.0,1,,,
122559046,RES1-2SNB,RES,0.75,S,2,3282.0,4630,780982.6980601117,390491.34903005586,94.138016,2012,X,4.2,,481576734043015,-95.796052465666,29.63541015821,0.0,s2202,s2202,0.0,0.0,0,1,0.0,0.0,10.968,5.35,0.0,1,0.0,0,0.0,0,0.0,0.0,0,0.0,0,,,
122536380,RES1-2SNB,RES,0.75,S,2,3420.0,4121,849837.6022902927,424918.80114514637,90.81232,2012,X,6.21,,481576734043003,-95.777488907225,29.643304865334,0.0,s2203,s2203,0.0,0.0,1,1,0.0,0.0,6.85,1.6,0.0,1,0.0,0,0.0,0,0.0,0.0,0,0.0,0,,,
122469102,RES1-1SNB,RES,0.75,S,1,1615.0,2129,294618.123911221,147309.0619556105,76.500626,2013,X,0.72,,481576747024024,-95.727879363774,29.560997192605,1.0,s2204,s2204,0.0,0.0,0,1,0.0,0.0,13.452,4.27,0.0,1,0.0,0,0.0,0,0.0,0.0,0,0.0,0,,,
122527400,RES1-2SNB,RES,0.75,S,2,2530.0,1521,557646.2317418029,278823.11587090144,72.949554,2004,X,4.9,,481576746042009,-95.699221034371,29.55809896972,1.0,s2205,s2205,0.0,0.0,1,1,0.0,0.0,4.826,1.9,0.0,1,0.0,0,0.0,0,0.0,0.0,0,0.0,0,,,
122492928,RES1-2SNB,RES,2.0,C,2,6994.0,3497,1356514.9449733929,678257.4724866964,94.47789,2012,X,4.84,,481576734044028,-95.804072478844,29.637601459815,0.0,s2206,s2206,0.0,0.0,0,1,0.0,0.0,8.658,2.81,0.0,1,0.0,0,0.0,0,0.0,0.0,0,0.0,0,,,
122614968,RES1-1SNB,RES,0.75,S,1,2296.0,2296,211316.2922562606,105658.1461281303,95.91238,2008,X,5.69,,481576751013025,-95.76719491938,29.545447000096,0.0,s2207,s2207,0.0,0.0,1,1,0.0,0.0,0.744,4.66,0.0,1,0.0,0,0.0,0,0.0,0.0,0,0.0,0,,,
122713781,RES1-2SNB,RES,0.75,S,2,5263.0,2942,1094613.0249243535,547306.5124621767,67.59361,1998,X,5.74,,481576744014013,-95.608824692423,29.561679124315,0.0,s2208,s2208,0.0,0.0,1,1,0.0,0.0,10.692,3.54,0.0,1,0.0,0,0.0,0,0.0,0.0,0,0.0,0,,,
122550311,RES1-2SNB,RES,0.75,S,2,3043.0,2908,740833.0576163643,370416.52880818216,75.27188,1995,X,4.51,,481576739042005,-95.66783818172,29.594058523272,1.0,s2209,s2209,0.0,0.0,1,1,0.0,0.0,13.809,2.32,0.0,1,0.0,0,0.0,0,0.0,0.0,0,0.0,1,,,
122556814,RES1-1SNB,RES,0.75,S,1,1962.0,2638,141498.63280000002,70749.31640000001,96.919334,1978,X,3.97,,481576748004001,-95.765396040351,29.563338969204,0.0,s2210,s2210,0.0,0.0,1,1,0.0,0.0,2.397,3.67,0.0,1,0.0,0,0.0,0,0.0,0.0,0,0.0,0,,,
122499451,RES1-1SNB,RES,0.75,S,1,2453.0,2690,625208.2785786688,312604.1392893344,100.171295,2008,X,3.66,,481576733001031,-95.836053429844,29.638240432869,0.0,s2211,s2211,0.0,0.0,0,1,0.0,0.0,16.274,5.34,0.0,1,0.0,0,0.0,0,0.0,0.0,0,0.0,0,,,
122467575,RES1-1SNB,RES,0.75,S,1,4370.0,3781,846732.6036525674,423366.3018262837,83.17034,2012,X,0.61,,481576735012015,-95.732632506551,29.636221333035,1.0,s2212,s2212,0.0,0.0,0,1,0.0,0.0,8.66,3.89,0.0,1,0.0,0,0.0,0,0.0,0.0,0,0.0,0,,,
122580081,RES1-1SNB,RES,0.75,S,1,3697.0,4481,828707.528832,414353.764416,95.284195,2012,X,4.8,,481576734043002,-95.802500516783,29.633043691146,0.0,s2213,s2213,0.0,0.0,0,1,0.0,0.0,16.564,0.12,0.0,1,0.0,0,0.0,0,0.0,0.0,0,0.0,0,,,
122682014,RES1-2SNB,RES,0.75,S,2,1274.0,6764,195856.8081245322,97928.4040622661,69.06661,1988,X,5.53,,481576740022031,-95.61173532491,29.593713359214,1.0,s2214,s2214,0.0,0.0,1,1,0.0,0.0,10.342,1.51,0.0,1,0.0,0,0.0,0,0.0,0.0,0,0.0,1,,,
122488868,RES1-1SNB,RES,0.75,S,1,1609.0,2085,129483.98774999999,64741.99387499999,100.34319,1981,X,4.72,,481576752003000,-95.799217180503,29.550538024555,0.0,s2215,s2215,0.0,0.0,1,1,0.0,0.0,3.172,0.77,0.0,1,0.0,0,0.0,0,0.0,0.0,0,0.0,0,,,
122535671,RES1-1SNB,RES,2.0,C,1,1652.0,1817,178075.69620000003,89037.84810000002,86.25104,1979,X,4.45,,481576749002003,-95.766764402325,29.586187010915,0.0,s2216,s2216,0.0,0.0,1,1,0.0,0.0,14.723,4.88,0.0,1,0.0,0,0.0,0,0.0,0.0,0,0.0,0,,,
122575226,RES1-2SNB,RES,0.75,S,2,3234.0,2838,773367.0418857448,386683.5209428724,71.33044,1993,X,5.22,,481576742001009,-95.638395814583,29.581231670036,1.0,s2217,s2217,0.0,0.0,1,1,0.0,0.0,22.994,6.03,0.0,1,0.0,0,0.0,0,0.0,0.0,0,0.0,0,,,
122531913,RES1-1SNB,RES,0.75,S,1,2672.0,1566,437623.5309221604,218811.7654610802,90.56441,2015,X,0.98,,481576755023001,-95.726753825302,29.539620616094,0.0,s2218,s2218,0.0,0.0,1,1,0.0,0.0,8.109,5.19,0.0,1,0.0,0,0.0,0,0.0,0.0,0,0.0,0,,,
122552396,RES1-2SNB,RES,0.75,S,2,2667.0,1827,426400.2131786731,213200.10658933656,71.67512,1989,X,4.52,,481576746031001,-95.684135673747,29.548561561852,1.0,s2219,s2219,0.0,0.0,1,1,0.0,0.0,2.24,1.36,0.0,1,0.0,0,0.0,0,0.0,0.0,0,0.0,0,,,
122639032,RES1-1SNB,RES,0.75,S,1,3613.0,2814,739670.7533276725,369835.37666383624,83.07382,2015,X,4.34,,481576755031010,-95.738320064673,29.515758696033,0.0,s2220,s2220,0.0,0.0,0,1,0.0,0.0,13.135,1.6,0.0,1,0.0,0,0.0,0,0.0,0.0,0,0.0,0,,,
122514162,RES1-2SNB,RES,2.0,C,2,7136.0,3568,1407938.486421153,703969.2432105765,105.93025,2008,X,5.09,,481576733002000,-95.893453145583,29.674140654708,1.0,s2221,s2221,0.0,0.0,0,1,0.0,0.0,31.033,2.37,0.0,1,0.0,0,0.0,0,0.0,0.0,0,0.0,0,,,
122492421,RES1-1SNB,RES,2.0,C,1,711.0,1223,87213.34335000001,43606.671675000005,101.49304,1983,X,2.49,,481576750002049,-95.808315730513,29.562039417918,0.0,s2222,s2222,0.0,0.0,1,1,0.0,0.0,5.755,15.08,0.0,1,0.0,0,0.0,0,0.0,0.0,0,0.0,0,,,
122452058,RES1-2SNB,RES,0.75,S,2,4773.0,5221,1035249.7265217964,517624.8632608982,75.10208,1995,X,7.25,,481576739041012,-95.673945421365,29.591557515012,1.0,s2223,s2223,0.0,0.0,1,1,0.0,0.0,12.233,5.93,0.0,1,0.0,0,0.0,0,0.0,0.0,0,0.0,0,,,
122470574,RES1-2SNB,RES,0.75,S,2,3069.0,3214,634594.8287505029,317297.41437525145,82.21275,1992,X,4.98,,481576735023006,-95.73389912269,29.627086912299,0.0,s2224,s2224,0.0,0.0,1,1,0.0,0.0,5.773,2.17,0.0,1,0.0,0,0.0,0,0.0,0.0,0,0.0,0,,,
122604825,RES1-2SNB,RES,0.75,S,2,3530.0,2342,826986.1354390125,413493.0677195063,77.28903,1995,X,5.25,,481576739041019,-95.677397638435,29.597465996441,0.0,s2225,s2225,0.0,0.0,1,1,0.0,0.0,5.678,1.74,0.0,1,0.0,0,0.0,0,0.0,0.0,0,0.0,1,,,
122636362,RES1-1SNB,RES,0.75,S,1,3772.0,2598,758224.1267402706,379112.0633701353,84.054054,2015,X,1.32,,481576755031011,-95.741538485019,29.51649856306,0.0,s2226,s2226,0.0,0.0,1,1,0.0,0.0,14.526,0.52,0.0,1,0.0,0,0.0,0,0.0,0.0,0,0.0,0,,,
122596701,RES1-1SNB,RES,0.75,S,1,2662.0,3372,698090.7618739291,349045.38093696453,74.94161,2009,X,7.2,,481576739022020,-95.655118870884,29.591589766087,0.0,s2227,s2227,0.0,0.0,1,1,0.0,0.0,6.694,2.78,0.0,1,0.0,0,0.0,0,0.0,0.0,0,0.0,0,,,
122511337,RES1-1SNB,RES,0.75,S,1,2670.0,3401,716566.5532940897,358283.27664704487,106.97888,2008,X,4.97,,481576733001007,-95.892258171458,29.675841473331,1.0,s2228,s2228,0.0,0.0,1,1,0.0,0.0,32.828,1.92,0.0,1,0.0,0,0.0,0,0.0,0.0,0,0.0,0,,,
122711186,RES1-2SNB,RES,0.75,S,2,2790.0,2767,697500.6772552015,348750.33862760075,68.80306,1993,X,5.25,,481576742003019,-95.618902561141,29.575040084875,1.0,s2229,s2229,0.0,0.0,1,1,0.0,0.0,5.754,5.99,0.0,1,0.0,0,0.0,0,0.0,0.0,0,0.0,0,,,
122540762,COM1,COM,0.25,S,1,2986.0,2986,328347.0355028768,410433.794378596,99.307594,1981,X,2.64,,481576752001046,-95.805842948268,29.550997935166,0.0,s2230,s2230,0.0,0.0,1,1,0.0,0.0,1.56,3.18,0.0,1,0.0,0,0.0,0,0.0,0.0,0,0.0,0,,,
122540482,RES1-1SNB,RES,0.75,S,1,3123.0,2144,713258.6540914116,356629.3270457058,91.27073,2010,X,0.6,,481576734013001,-95.804887912019,29.599367736595,0.0,s2231,s2231,0.0,0.0,0,1,0.0,0.0,7.615,2.67,0.0,1,0.0,0,0.0,0,0.0,0.0,0,0.0,0,,,
122681639,RES1-1SNB,RES,0.75,S,1,4659.0,3893,1081487.8684724146,540743.9342362073,67.59439,2013,X,4.37,,481576744023004,-95.608867814001,29.541741444164,1.0,s2232,s2232,0.0,0.0,1,1,0.0,0.0,7.283,3.77,0.0,1,0.0,0,0.0,0,0.0,0.0,0,0.0,0,,,
122458159,RES1-2SNB,RES,0.75,S,2,2274.0,2107,379728.0437755401,189864.02188777004,80.29844,1989,X,5.01,,481576746032014,-95.690163417144,29.538334391669,0.0,s2233,s2233,0.0,0.0,1,1,0.0,0.0,7.262,7.01,0.0,1,0.0,0,0.0,0,0.0,0.0,0,0.0,0,,,
122680798,RES1-1SNB,RES,0.75,S,1,1712.0,2121,239668.00325661027,119834.00162830514,65.991615,1984,X,4.35,,481576741002014,-95.600224649533,29.578367990435,1.0,s2234,s2234,0.0,0.0,1,1,0.0,0.0,13.664,2.75,0.0,1,0.0,0,0.0,0,0.0,0.0,0,0.0,0,,,
122445926,RES1-2SNB,RES,0.75,S,2,3517.0,3439,818270.1309385912,409135.0654692956,70.44164,1993,X,6.48,,481576742002004,-95.635970475743,29.573318461217,1.0,s2235,s2235,0.0,0.0,1,1,0.0,0.0,25.9,1.82,0.0,1,0.0,0,0.0,0,0.0,0.0,0,0.0,0,,,
122731205,RES1-1SNB,RES,0.75,S,1,502.0,502,141734.49626843174,70867.24813421587,64.45167,2002,AE,4.13,,481576746023007,-95.612258859377,29.514211928965,1.0,s2236,s2236,0.0,0.0,0,1,0.0,0.0,2.542,13.3,0.0,1,0.0,0,0.0,0,0.0,0.0,0,0.0,0,,,
122487981,RES1-1SNB,RES,0.75,S,1,1897.0,2384,475476.19832873694,237738.09916436847,92.48716,2010,X,5.29,,481576734013007,-95.809491038435,29.591158859759,0.0,s2237,s2237,0.0,0.0,1,1,0.0,0.0,8.961,4.62,0.0,1,0.0,0,0.0,0,0.0,0.0,0,0.0,0,,,
122556087,RES1-1SNB,RES,0.75,S,1,1874.0,2327,363229.7691140617,181614.88455703086,94.39447,2015,X,0.63,,481576755021023,-95.754718400416,29.536418130378,0.0,s2238,s2238,0.0,0.0,0,1,0.0864,0.0,7.722,2.91,0.0,1,0.0,0,0.0,0,0.0,0.0,0,0.0,0,,,
122472913,RES1-1SNB,RES,0.75,S,1,4078.0,3869,529504.0310662905,264752.0155331452,77.2794,2013,X,0.84,,481576747024011,-95.732192482012,29.565822780974,1.0,s2239,s2239,0.0,0.0,1,1,0.0,0.0,10.623,0.45,0.0,1,0.0,0,0.0,0,0.0,0.0,0,0.0,0,,,
122667135,RES1-1SNB,RES,0.75,S,1,2328.0,2729,288541.73670505313,144270.86835252657,66.44916,1984,X,0.0,37449051,481576741001009,-95.606064640643,29.578016041268,1.0,s2240,s2240,0.0,0.0,1,1,0.0,0.0,14.537,3.55,0.0,1,0.0,0,0.0,0,0.0,0.0,0,0.0,0,,,
122466616,RES1-2SNB,RES,0.75,S,2,2118.0,1369,327255.17277184955,163627.58638592478,75.77823,2013,X,5.24,,481576747021008,-95.712642756689,29.567166465765,1.0,s2241,s2241,0.0,0.0,1,1,0.0,0.0,14.282,0.56,0.0,1,0.0,0,0.0,0,0.0,0.0,0,0.0,0,,,
122450754,RES1-1SNB,RES,0.75,S,1,2279.0,2802,624461.3381692945,312230.66908464726,72.583664,2009,X,5.2,,481576739022025,-95.659747596065,29.576657013431,0.0,s2242,s2242,0.0,0.0,1,1,0.0,0.0,9.193,0.55,0.0,1,0.0,0,0.0,0,0.0,0.0,0,0.0,0,,,
122476290,RES1-1SWB,RES,2.0,B,1,2078.0,1894,649560.091206,324780.045603,83.15022,2010,AE,4.16,,481576734011019,-95.743171364324,29.598096712371,1.0,s2243,s2243,0.0,0.0,0,1,0.0,0.0,2.31,9.04,0.0,1,0.0,0,0.0,0,0.0,0.0,0,0.0,0,,,
122549888,RES1-2SNB,RES,0.75,S,2,3656.0,2722,881715.4768117553,440857.73840587767,73.29815,2009,X,6.42,,481576739022022,-95.655797095793,29.577661336799,0.0,s2244,s2244,0.0,0.0,1,1,0.0,0.0,12.975,0.27,0.0,1,0.0,0,0.0,0,0.0,0.0,0,0.0,0,,,
122468989,RES1-1SNB,RES,0.75,S,1,1488.0,2061,272841.83563152596,136420.91781576298,78.19585,2013,X,3.0,,481576747024024,-95.735566513417,29.554696835117,1.0,s2245,s2245,0.0,0.0,1,1,0.0,0.0,7.576,3.71,0.0,1,0.0,0,0.0,0,0.0,0.0,0,0.0,0,,,
122639224,IND2,IND,0.25,S,1,3290.0,3290,549834.3958809932,934718.4729976885,93.43976,2011,X,1.31,,481576755011005,-95.789575812817,29.526797644739,0.0,s2246,s2246,0.0,0.0,0,1,0.0087,0.0,2.034,2.45,0.0,1,0.0,0,0.0,0,0.0,0.0,0,0.0,0,,,
122594057,RES1-1SNB,RES,0.75,S,1,1532.0,2066,289369.2507652162,144684.6253826081,81.928185,1989,X,3.99,,481576746033015,-95.694671510798,29.542225660382,0.0,s2247,s2247,0.0,0.0,1,1,0.0,0.0,8.772,9.29,0.0,1,0.0,0,0.0,0,0.0,0.0,0,0.0,0,,,
122679691,RES1-2SNB,RES,0.75,S,2,5279.0,4301,1109429.5368326358,554714.7684163179,68.35223,1993,X,5.64,,481576742003000,-95.604934638608,29.567617507369,1.0,s2248,s2248,0.0,0.0,1,1,0.0,0.0,4.933,2.3,0.0,1,0.0,0,0.0,0,0.0,0.0,0,0.0,0,,,
122485564,RES1-1SNB,RES,0.75,S,1,1611.0,1901,224971.33179586905,112485.66589793452,95.898796,1983,X,2.63,,481576750002001,-95.786268585143,29.568046671669,0.0,s2249,s2249,0.0,0.0,0,1,0.0,0.0,9.821,4.05,0.0,1,0.0,0,0.0,0,0.0,0.0,0,0.0,0,,,
122559531,RES1-1SNB,RES,2.0,C,1,804.0,876,76601.7837,38300.89185,98.1069,1981,AE,7.22,,481576752001061,-95.806636285623,29.544929971538,0.0,s2250,s2250,0.0,0.0,1,1,0.0,0.0,1.877,2.06,0.0,1,0.0,0,0.0,0,0.0,0.0,0,0.0,0,,,
122709535,RES3A,RES,0.5,S,1,5593.0,5593,744508.5054672873,260577.97691355052,66.9935,1988,X,4.44,,481576740022032,-95.614067132196,29.589702054029,1.0,s2251,s2251,0.0,0.0,1,1,0.0,0.0,14.21,1.17,0.0,1,0.0,0,0.0,0,0.0,0.0,0,0.0,0,,,
122479231,RES1-1SNB,RES,0.75,S,1,2162.0,2471,511167.22398214036,255583.61199107018,85.207695,2010,X,4.18,,481576734012009,-95.746902980756,29.620903731945,0.0,s2252,s2252,0.0,0.0,1,1,0.0,0.0,26.18,0.23,0.0,1,0.0,0,0.0,0,0.0,0.0,0,0.0,0,,,
122602147,RES1-2SNB,RES,0.75,S,2,3032.0,2439,760663.5679908522,380331.7839954261,75.099625,2009,X,5.51,,481576739023028,-95.658391193769,29.598107548452,0.0,s2253,s2253,0.0,0.0,1,1,0.0,0.0,3.056,1.57,0.0,1,0.0,0,0.0,0,0.0,0.0,0,0.0,0,,,
122567739,RES1-2SNB,RES,0.75,S,2,2451.0,1389,402096.80697767437,201048.40348883718,75.776825,1989,X,5.14,,481576746031018,-95.693556262816,29.548369990592,1.0,s2254,s2254,0.0,0.0,1,1,0.0,0.0,15.733,10.93,0.0,1,0.0,0,0.0,0,0.0,0.0,0,0.0,0,,,
122487989,RES1-1SNB,RES,0.75,S,1,1695.0,2137,464461.06272587256,232230.53136293628,87.94756,2010,X,1.44,,481576734013007,-95.807439513395,29.588676347302,0.0,s2255,s2255,0.0,0.0,0,1,0.0,0.0,2.029,4.34,0.0,1,0.0,0,0.0,0,0.0,0.0,0,0.0,0,,,
122571387,RES1-1SWB,RES,2.0,B,1,1165.0,1956,229594.46809999997,114797.23404999998,97.19241,1981,X,4.47,,481576751023008,-95.78250478893,29.549184041891,0.0,s2256,s2256,0.0,0.0,1,1,0.0,0.0,3.386,6.24,0.0,1,0.0,0,0.0,0,0.0,0.0,0,0.0,0,,,
122521838,RES1-2SNB,RES,0.75,S,2,3802.0,4116,890625.5078312461,445312.75391562306,71.4322,2002,X,6.1,,481576746024009,-95.66504627012,29.549867527745,1.0,s2257,s2257,0.0,0.0,1,1,0.0,0.0,13.474,7.66,0.0,1,0.0,0,0.0,0,0.0,0.0,0,0.0,0,,,
122630020,RES1-1SNB,RES,0.75,S,1,3133.0,2489,409305.7398581992,204652.8699290996,88.992775,2011,X,0.0,,481576755013008,-95.781884792047,29.51982281788,1.0,s2258,s2258,0.0,0.0,0,1,0.0,0.0,0.419,0.78,0.0,1,0.0,0,0.0,0,0.0,0.0,0,0.0,1,,,
122714707,RES1-2SNB,RES,0.75,S,2,6106.0,5685,1216824.6949576037,608412.3474788019,69.85652,1993,X,6.27,,481576742003023,-95.624901923928,29.570938462114,1.0,s2259,s2259,0.0,0.0,0,1,0.0,0.0,5.725,3.79,0.0,1,0.0,0,0.0,0,0.0,0.0,0,0.0,0,,,
122578674,RES1-1SNB,RES,0.75,S,1,1905.0,2589,276570.314538,138285.157269,84.82759,1994,X,3.39,,481576738013000,-95.742129348645,29.587368088107,0.0,s2260,s2260,0.0,0.0,1,1,0.0,0.0,15.75,22.06,0.0,1,0.0,0,0.0,0,0.0,0.0,0,0.0,0,,,
122636712,AGR1,COM,0.25,S,1,2408.0,2408,267647.56626572873,388088.97108530666,92.18956,2015,X,0.2,,481576755021051,-95.76815884758,29.527098714718,0.0,s2261,s2261,0.0,0.0,0,1,0.0,0.0,16.751,2.31,0.0,1,0.0,0,0.0,0,0.0,0.0,0,0.0,0,,,
122533088,RES1-1SNB,RES,2.0,C,1,1684.0,835,256647.72566999999,128323.86283499999,80.08551,1994,AE,3.52,,481576738013041,-95.751413907475,29.580395210195,1.0,s2262,s2262,0.0,0.0,1,1,0.0,0.0,29.979,21.16,0.0,1,0.0,0,0.0,0,0.0,0.0,0,0.0,1,,,
122565591,RES1-2SNB,RES,0.75,S,2,3725.0,2935,889517.9692434167,444758.98462170834,74.220474,2009,X,6.04,,481576739023066,-95.647254331018,29.595392023242,0.0,s2263,s2263,0.0,0.0,1,1,0.0,0.0,2.606,2.95,0.0,1,0.0,0,0.0,0,0.0,0.0,0,0.0,0,,,
122474146,COM1,COM,0.25,S,1,416.36,1145,70182.09607377092,87727.62009221365,83.61806,1987,AE,2.51,,481576736003012,-95.742083447818,29.608421019557,0.0,s2264,s2264,0.0,0.0,1,1,0.0,0.0,2.853,9.06,0.0,1,0.0,0,0.0,0,0.0,0.0,0,0.0,0,,,
122709445,RES1-1SNB,RES,0.75,S,1,2208.0,3135,276753.6190293943,138376.80951469715,67.33119,1988,X,3.77,,481576740021012,-95.609669961246,29.586570474569,1.0,s2265,s2265,0.0,0.0,1,1,0.0,0.0,2.883,1.13,0.0,1,0.0,0,0.0,0,0.0,0.0,0,0.0,0,,,
122470540,RES1-1SNB,RES,0.75,S,1,2230.0,2860,505241.49002831,252620.745014155,81.236885,1992,X,4.4,,481576735023006,-95.727791251841,29.624435797507,0.0,s2266,s2266,0.0,0.0,1,1,0.0,0.0,9.293,7.06,0.0,1,0.0,0,0.0,0,0.0,0.0,0,0.0,0,,,
122534185,RES1-1SNB,RES,0.75,S,1,1551.0,2027,276764.98327274213,138382.49163637107,90.20001,2013,X,4.22,,481576747024054,-95.754800346538,29.558125541299,0.0,s2267,s2267,0.0,0.0,1,1,0.0,0.0,15.226,22.54,0.0,1,0.0,0,0.0,0,0.0,0.0,0,0.0,0,,,
122635300,RES1-2SNB,RES,0.75,S,2,3252.0,3284,464010.8353104129,232005.41765520646,81.50437,2015,X,5.22,,481576755022026,-95.712703032955,29.513526528102,0.0,s2268,s2268,0.0,0.0,1,1,0.0,0.0,5.676,1.61,0.0,1,0.0,0,0.0,0,0.0,0.0,0,0.0,1,,,
122593258,RES1-1SNB,RES,0.75,S,1,2546.0,3383,660027.3970736098,330013.6985368049,75.17958,1995,X,5.89,,481576739042010,-95.662709485076,29.593833268254,1.0,s2269,s2269,0.0,0.0,1,1,0.0,0.0,3.488,2.55,0.0,1,0.0,0,0.0,0,0.0,0.0,0,0.0,1,,,
122575064,RES1-2SNB,RES,0.75,S,2,4160.0,2147,942893.0563503916,471446.5281751958,70.54102,2009,X,0.0,37480779,481576739021005,-95.63587429074,29.600544034383,1.0,s2270,s2270,0.0,0.0,1,1,0.0,0.0,2.084,2.87,0.0,1,0.0,0,0.0,0,0.0,0.0,0,0.0,0,,,
122624870,RES1-1SNB,RES,0.75,S,1,2114.0,2524,370798.2089706728,185399.1044853364,87.69927,2015,X,4.99,,481576755024022,-95.733543502448,29.526304063027,0.0,s2271,s2271,0.0,0.0,1,1,0.0,0.0,8.395,5.75,0.0,1,0.0,0,0.0,0,0.0,0.0,0,0.0,0,,,
122449292,RES1-2SNB,RES,0.75,S,2,3245.0,2671,790829.2396430983,395414.61982154916,71.28818,2002,X,5.95,,481576746024000,-95.658641203559,29.547446528667,1.0,s2272,s2272,0.0,0.0,1,1,0.0,0.0,4.533,12.43,0.0,1,0.0,0,0.0,0,0.0,0.0,0,0.0,0,,,
122743755,RES1-2SNB,RES,0.75,S,2,1643.0,1500,298029.7453195173,149014.87265975864,77.62327,2013,X,0.0,,481576747024024,-95.728627556697,29.560992371458,1.0,s2273,s2273,0.0,0.0,0,1,0.0,0.0,11.015,7.04,0.0,1,0.0,0,0.0,0,0.0,0.0,0,0.0,0,,,
122610105,RES3A,RES,0.5,S,1,1757.0,1757,246566.17125,86298.1599375,101.88879,1983,X,1.61,,481576750001053,-95.804930718905,29.55985835107,0.0,s2274,s2274,0.0,0.0,1,1,0.0,0.0,11.328,14.4,0.0,1,0.0,0,0.0,0,0.0,0.0,0,0.0,0,,,
122620585,RES1-2SNB,RES,0.75,S,2,3456.0,2706,849360.325946327,424680.1629731635,73.92106,2009,X,6.21,,481576739023049,-95.651299536756,29.599350470429,0.0,s2275,s2275,0.0,0.0,1,1,0.0,0.0,10.527,2.02,0.0,1,0.0,0,0.0,0,0.0,0.0,0,0.0,0,,,
122455496,RES1-2SNB,RES,0.75,S,2,3676.0,3818,868737.3105793992,434368.6552896996,70.98127,1988,X,4.35,,481576746011010,-95.673155110586,29.55822542505,1.0,s2276,s2276,0.0,0.0,1,1,0.0,0.0,9.552,3.63,0.0,1,0.0,0,0.0,0,0.0,0.0,0,0.0,1,,,
122474193,RES1-2SNB,RES,0.75,S,2,3975.0,3419,713708.932142839,356854.4660714195,82.60129,1987,AE,5.31,,481576736003012,-95.739212597882,29.602999363493,1.0,s2277,s2277,0.0,0.0,1,1,0.0,0.0,7.943,7.32,0.0,1,0.0,0,0.0,0,0.0,0.0,0,0.0,0,,,
122575773,RES1-1SNB,RES,0.75,S,1,2506.0,2993,651395.9174266311,325697.95871331554,74.22836,1996,X,5.11,,481576739031003,-95.666407958148,29.590137830524,1.0,s2278,s2278,0.0,0.0,1,1,0.0,0.0,1.927,0.4,0.0,1,0.0,0,0.0,0,0.0,0.0,0,0.0,0,,,
122618646,COM2,COM,0.5,C,1,1385.0,2493,176237.658012,246732.72121679998,85.916985,2010,AE,0.03,,481576734012008,-95.743859158433,29.616793933195,0.0,s2279,s2279,0.0,0.0,1,1,0.0,0.0,30.16,0.84,0.0,1,0.0,0,0.0,0,0.0,0.0,0,0.0,0,,,
122569126,RES1-1SNB,RES,0.75,S,1,1506.0,2071,280786.58059019933,140393.29029509966,77.83483,2013,X,0.0,,481576747024040,-95.730641693232,29.56227712333,1.0,s2280,s2280,0.0,0.0,0,1,0.0,0.0,13.871,10.59,0.0,1,0.0037,0,0.0,0,0.0,0.0,0,0.0,0,,,
122512439,RES1-1SNB,RES,0.75,S,1,2205.0,2548,572321.683674,286160.841837,132.16377,2008,X,3.71,,481576733001015,-95.88541813083,29.683970703029,0.0,s2281,s2281,0.0,0.0,0,1,0.0,0.0,18.025,20.38,0.0,1,0.0,0,0.0,0,0.0,0.0,0,0.0,0,,,
122704558,RES1-2SNB,RES,0.75,S,2,2024.0,2544,265209.75269543973,132604.87634771987,66.83416,1988,X,5.37,,481576740021017,-95.611520422217,29.581640825315,1.0,s2282,s2282,0.0,0.0,1,1,0.0,0.0,3.258,3.28,0.0,1,0.0,0,0.0,0,0.0,0.0,0,0.0,0,,,
122447204,RES1-2SNB,RES,0.75,S,2,4502.0,3530,1030454.3298503727,515227.1649251864,72.03068,1998,X,5.16,,481576744011007,-95.644370832013,29.572709832147,0.0,s2283,s2283,0.0,0.0,1,1,0.0,0.0,11.692,0.26,0.0,1,0.0506,0,0.0,0,0.0,0.0,0,0.0,0,,,
122476728,RES1-2SNB,RES,0.75,S,2,2189.0,1538,529165.082718909,264582.5413594545,84.70108,2010,AE,4.64,,481576734011005,-95.744160063404,29.60740379021,0.0,s2284,s2284,0.0,0.0,1,1,0.0,0.0,3.572,7.72,0.0,1,0.0,0,0.0,0,0.0,0.0,0,0.0,0,,,
122525224,RES1-2SNB,RES,0.75,S,2,2488.0,1411,648755.166659565,324377.5833297825,72.7541,2003,X,6.1,,481576747012016,-95.683480030282,29.567877205977,1.0,s2285,s2285,0.0,0.0,1,1,0.0,0.0,13.326,3.1,0.0,1,0.0,0,0.0,0,0.0,0.0,0,0.0,0,,,
122638438,RES1-1SNB,RES,0.75,S,1,4622.0,5982,854917.8043199382,427458.9021599691,76.22926,2015,X,6.0,,481576755032016,-95.672127862732,29.51670992029,0.0,s2286,s2286,0.0,0.0,1,1,0.0871,0.0,3.774,7.39,0.0,1,0.0,0,0.0,0,0.0,0.0,0,0.0,1,,,
122451291,RES1-2SNB,RES,0.75,S,2,2630.0,2398,675185.7074520601,337592.85372603004,75.77967,1995,X,5.47,,481576739042001,-95.66274873885,29.598168180517,0.0,s2287,s2287,0.0,0.0,1,1,0.0,0.0,3.247,3.93,0.0,1,0.0,0,0.0,0,0.0,0.0,0,0.0,1,,,
122593952,RES1-2SNB,RES,0.75,S,2,2703.0,1858,448271.4786591105,224135.73932955525,78.379486,1997,X,6.16,,481576738022016,-95.694400971882,29.595976219556,0.0,s2288,s2288,0.0,0.0,0,1,0.0,0.0,3.36,4.78,0.0,1,0.0,0,0.0,0,0.0,0.0,0,0.0,0,,,
122616618,RES1-2SNB,RES,0.75,S,2,2688.0,2024,678782.9571612534,339391.4785806267,68.28201,1987,X,4.87,,481576740011014,-95.62449746965,29.584839118222,1.0,s2289,s2289,0.0,0.0,1,1,0.0,0.0,20.234,3.27,0.0,1,0.0,0,0.0,0,0.0,0.0,0,0.0,0,,,
122467348,RES1-2SNB,RES,0.75,S,2,2951.0,2401,632565.9684350145,316282.98421750724,86.2797,2012,AE,5.42,,481576735012015,-95.721668415718,29.640825525631,0.0,s2290,s2290,0.0,0.0,1,1,0.0,0.0,10.512,1.95,0.0,1,0.0,0,0.0,0,0.0,0.0,0,0.0,0,,,
122588474,RES1-2SNB,RES,0.75,S,2,3593.0,2608,848026.3013511407,424013.15067557036,75.298836,1996,X,5.4,,481576739032009,-95.668242277188,29.580993698381,0.0,s2291,s2291,0.0,0.0,1,1,0.0,0.0,29.031,11.03,0.0,1,0.0,0,0.0,0,0.0,0.0,0,0.0,0,,,
122450808,RES1-2SNB,RES,0.75,S,2,1975.0,8476,557724.1906381359,278862.09531906794,69.49385,2002,X,5.24,,481576746022008,-95.65783962045,29.556644472605,1.0,s2292,s2292,0.0,0.0,1,1,0.0,0.0,13.243,7.28,0.0,1,0.0,0,0.0,0,0.0,0.0,0,0.0,0,,,
122521454,RES1-2SNB,RES,0.75,S,2,3487.0,3216,822196.0990867916,411098.0495433958,73.35061,1996,X,4.71,,481576739032004,-95.660802793107,29.585987626047,1.0,s2293,s2293,0.0,0.0,1,1,0.0,0.0,5.622,10.05,0.0,1,0.0,0,0.0,0,0.0,0.0,0,0.0,1,,,
122743426,RES1-1SNB,RES,0.75,S,1,1256.0,1500,148285.4418,74142.7209,98.43996,1979,X,0.0,,481576749004017,-95.773029463227,29.586365796873,0.0,s2294,s2294,0.0,0.0,1,1,0.0,0.0,9.947,11.15,0.0,1,0.0,0,0.0,0,0.0,0.0,0,0.0,0,,,
122690524,RES1-1SNB,RES,0.75,S,1,4660.0,3699,1096274.8314790823,548137.4157395412,70.137115,2013,X,0.06,,481576744024010,-95.607539524294,29.534815667966,1.0,s2295,s2295,0.0,0.0,0,1,0.0,0.0,23.076,3.27,0.0,1,0.0,0,0.0,0,0.0,0.0,0,0.0,0,,,
122708552,RES1-2SNB,RES,0.75,S,2,2639.0,1457,307638.69983501255,153819.34991750628,66.63474,1984,X,5.63,,481576741001005,-95.604903130455,29.581598574907,1.0,s2296,s2296,0.0,0.0,1,1,0.0,0.0,2.931,3.98,0.0,1,0.0,0,0.0,0,0.0,0.0,0,0.0,0,,,
122620162,RES1-2SNB,RES,0.75,S,2,6320.0,4793,909044.409963043,454522.2049815215,79.81253,2015,X,5.68,,481576755022004,-95.709984746559,29.531429880046,0.0,s2297,s2297,0.0,0.0,0,1,0.0,0.0,2.112,2.92,0.0,1,0.0,0,0.0,0,0.0,0.0,0,0.0,0,,,
122743634,RES1-1SNB,RES,2.0,C,1,624.0,1500,76541.66670000002,38270.83335000001,99.17087,1983,X,0.0,,481576750001010,-95.790391747576,29.560299386534,0.0,s2298,s2298,0.0,0.0,0,1,0.0,0.0,2.139,6.33,0.0,1,0.0,0,0.0,0,0.0,0.0,0,0.0,0,,,
122588952,RES1-1SNB,RES,0.75,S,1,1996.0,2547,355282.81917969574,177641.40958984787,72.72346,1989,X,3.94,,481576746031008,-95.690031084134,29.550547580886,1.0,s2299,s2299,0.0,0.0,1,1,0.0,0.0,12.966,3.83,0.0,1,0.0,0,0.0,0,0.0,0.0,0,0.0,0,,,
122529924,RES1-2SNB,RES,0.75,S,2,2402.0,2596,403227.1834474935,201613.59172374674,91.35539,2015,X,5.62,,481576755023003,-95.732282704877,29.539997872112,0.0,s2300,s2300,0.0,0.0,1,1,0.0,0.0,13.662,5.73,0.0,1,0.0,0,0.0,0,0.0,0.0,0,0.0,0,,,
122446169,RES1-2SNB,RES,0.75,S,2,3343.0,3110,795527.551303971,397763.7756519855,72.80336,1993,X,5.12,,481576742001010,-95.637926167429,29.579573097555,0.0,s2301,s2301,0.0,0.0,1,1,0.0,0.0,24.47,5.72,0.0,1,0.0,0,0.0,0,0.0,0.0,0,0.0,0,,,
122616101,RES3A,RES,2.0,C,2,520.0,2200,69295.20975,24253.323412499998,101.96784,1981,X,6.32,,481576752001023,-95.808013315164,29.555709121375,0.0,s2302,s2302,0.0,0.0,1,1,0.0,0.0,2.06,9.22,0.0,1,0.0,0,0.0,0,0.0,0.0,0,0.0,0,,,
122622159,RES1-2SNB,RES,0.75,S,2,1856.0,2319,345634.6195346695,172817.30976733475,86.507996,2015,X,5.45,,481576755022013,-95.719166197642,29.535128922356,0.0,s2303,s2303,0.0,0.0,1,1,0.0,0.0,9.119,3.04,0.0,1,0.0,0,0.0,0,0.0,0.0,0,0.0,0,,,
122448683,RES1-2SNB,RES,0.75,S,2,3641.0,2846,860108.7263962689,430054.36319813447,69.53818,2002,X,6.07,,481576746022003,-95.661196496358,29.558004698478,1.0,s2304,s2304,0.0,0.0,1,1,0.0,0.0,2.486,12.95,0.0,1,0.0,0,0.0,0,0.0,0.0,0,0.0,0,,,
122540462,AGR1,COM,0.25,S,1,5602.0,5602,542484.9339780001,786603.1542681,92.08008,2010,AE,4.07,,481576734013001,-95.800330760334,29.60523389284,0.0,s2305,s2305,0.0,0.0,0,1,0.0,0.0,8.926,3.33,0.0,1,0.0,0,0.0,0,0.0,0.0,0,0.0,0,,,
122469450,RES1-1SNB,RES,0.75,S,1,1419.0,1937,333079.96057530167,166539.98028765083,81.67978,1987,X,3.17,,481576736001005,-95.72522239953,29.607231506545,0.0,s2306,s2306,0.0,0.0,1,1,0.0,0.0,4.217,10.46,0.0,1,0.0,0,0.0,0,0.0,0.0,0,0.0,0,,,
122624682,RES1-1SNB,RES,0.75,S,1,1682.0,2090,322476.2632197717,161238.13160988584,88.56368,2015,X,0.01,,481576755024013,-95.738371777993,29.52783508906,0.0,s2307,s2307,0.0,0.0,1,1,0.0,0.0,8.76,2.88,0.0,1,0.0,0,0.0,0,0.0,0.0,0,0.0,0,,,
122519553,REL1,PUB,0.25,S,1,202.06,15559,44778.49519454414,29106.021876453695,71.01785,1993,X,4.98,,481576742002000,-95.631472249194,29.576337117103,1.0,s2308,s2308,0.0,0.0,0,1,0.0,0.0,24.029,3.94,0.0,1,0.0,0,0.0,0,0.0,0.0,0,0.0,0,,,
122487839,RES1-2SNB,RES,0.75,S,2,2798.0,2026,621899.9164772693,310949.95823863463,92.51881,2010,X,4.9,,481576734013007,-95.807213548274,29.589543357694,0.0,s2309,s2309,0.0,0.0,1,1,0.0,0.0,4.452,3.8,0.0,1,0.0,0,0.0,0,0.0,0.0,0,0.0,0,,,
122668360,RES1-2SNB,RES,0.75,S,2,2714.0,1611,688648.1676912506,344324.0838456253,69.46445,1998,X,6.21,,481576744014016,-95.615146094881,29.562506754495,0.0,s2310,s2310,0.0,0.0,1,1,0.0,0.0,13.724,4.73,0.0,1,0.0,0,0.0,0,0.0,0.0,0,0.0,1,,,
122449186,RES1-1SNB,RES,0.75,S,1,2312.0,2795,626489.7638022235,313244.88190111174,73.29567,2002,X,4.76,,481576746024000,-95.66265942305,29.543298270094,0.0,s2311,s2311,0.0,0.0,1,1,0.0,0.0,18.484,10.17,0.0,1,0.0,0,0.0,0,0.0,0.0,0,0.0,0,,,
122531917,RES1-1SNB,RES,0.75,S,1,3278.0,2340,508082.9100449122,254041.4550224561,89.28991,2015,X,0.85,,481576755023001,-95.728892186722,29.537439841715,0.0,s2312,s2312,0.0,0.0,0,1,0.0,0.0,11.083,3.57,0.0,1,0.0,0,0.0,0,0.0,0.0,0,0.0,0,,,
122458204,RES1-1SNB,RES,0.75,S,1,1304.0,1644,254341.9176679965,127170.95883399824,79.71396,1989,X,5.46,,481576746032014,-95.69128653382,29.538779498343,0.0,s2313,s2313,0.0,0.0,1,1,0.0,0.0,7.721,6.89,0.0,1,0.0,0,0.0,0,0.0,0.0,0,0.0,0,,,
122599366,RES1-2SNB,RES,0.75,S,2,5137.0,5175,1096516.2003932786,548258.1001966393,69.96703,1998,X,5.51,,481576744012000,-95.622272854509,29.562967016414,0.0,s2314,s2314,0.0,0.0,1,1,0.1104,0.0,8.976,3.57,0.0,1,0.0,0,0.0,0,0.0,0.0,0,0.0,1,,,
122559485,RES1-2SNB,RES,0.75,S,2,2850.0,2653,692847.0671335203,346423.53356676013,95.15253,2012,X,4.37,,481576734043019,-95.805271491394,29.63301884345,0.0,s2315,s2315,0.0,0.0,0,1,0.0,0.0,15.966,1.15,0.0,1,0.0,0,0.0,0,0.0,0.0,0,0.0,0,,,
122557216,RES1-2SNB,RES,0.75,S,2,2832.0,2102,264249.70400900836,132124.85200450418,98.57718,2008,X,5.14,,481576751012009,-95.770674851813,29.554676706029,0.0,s2316,s2316,0.0,0.0,0,1,0.0,0.0,6.578,1.37,0.0,1,0.0,0,0.0,0,0.0,0.0,0,0.0,0,,,
122709353,RES1-2SNB,RES,0.75,S,2,2420.0,1665,293312.13303842733,146656.06651921367,66.92658,1984,X,3.97,,481576741001008,-95.6026610606,29.582611764878,1.0,s2317,s2317,0.0,0.0,1,1,0.0,0.0,13.657,3.25,0.0,1,0.0,0,0.0,0,0.0,0.0,0,0.0,0,,,
122667892,RES1-2SNB,RES,0.75,S,2,2153.0,2152,280578.2904760726,140289.1452380363,66.643105,1988,X,5.4,,481576740021014,-95.613068432531,29.583783684709,1.0,s2318,s2318,0.0,0.0,1,1,0.0,0.0,3.336,1.18,0.0,1,0.0,0,0.0,0,0.0,0.0,0,0.0,1,,,
122552084,RES1-1SNB,RES,0.75,S,1,2315.0,2844,404416.09481107676,202208.04740553838,78.2822,1997,X,5.85,,481576738022003,-95.687097748972,29.600834305004,0.0,s2319,s2319,0.0,0.0,1,1,0.0,0.0,18.331,2.89,0.0,1,0.0,0,0.0,0,0.0,0.0,0,0.0,0,,,
122587989,RES1-2SWB,RES,2.0,B,2,4920.0,3773,1280402.044626163,640201.0223130815,73.95535,2009,X,5.57,,481576739023002,-95.643140941561,29.594957127987,0.0,s2320,s2320,0.0,0.0,1,1,0.0,0.0,5.648,0.11,0.0,1,0.0,0,0.0,0,0.0,0.0,0,0.0,0,,,
122540434,RES1-2SNB,RES,0.75,S,2,3281.0,2518,736851.737041477,368425.8685207385,85.90106,2010,X,0.0,,481576734013001,-95.804120403988,29.597202169691,0.0,s2321,s2321,0.0,0.0,0,1,0.0,0.0,6.634,2.78,0.0,1,0.0,0,0.0,0,0.0,0.0,0,0.0,0,,,
122743619,RES1-2SNB,RES,2.0,C,2,1472.0,1500,120272.94700000001,60136.47350000001,100.162605,1978,X,0.0,,481576748001015,-95.781295863748,29.568374161071,0.0,s2322,s2322,0.0,0.0,1,1,0.0,0.0,2.145,12.96,0.0,1,0.0,0,0.0,0,0.0,0.0,0,0.0,0,,,
122514107,RES1-2SNB,RES,2.0,C,2,8090.0,4045,1596163.4511576095,798081.7255788047,106.02138,2008,X,5.35,,481576733002000,-95.896753369425,29.677454959002,1.0,s2323,s2323,0.0,0.0,0,1,0.0,0.0,30.504,6.57,0.0,1,0.0,0,0.0,0,0.0,0.0,0,0.0,0,,,
122457593,RES1-1SNB,RES,0.75,S,1,3300.0,3758,814937.2412823074,407468.6206411537,82.40588,2015,X,4.93,,481576729012052,-95.688971753616,29.624719779788,0.0,s2324,s2324,0.0,0.0,1,1,0.0,0.0,11.653,10.44,0.0,1,0.0,0,0.0,0,0.0,0.0,0,0.0,0,,,
122445162,RES1-2SNB,RES,0.75,S,2,3656.0,2261,844662.8877912443,422331.44389562216,69.563644,1993,X,5.87,,481576742002006,-95.634319663325,29.569294272656,1.0,s2325,s2325,0.0,0.0,1,1,0.0,0.0,5.102,3.49,0.0,1,0.0,0,0.0,0,0.0,0.0,0,0.0,0,,,
122715945,RES1-1SNB,RES,0.75,S,1,1792.0,2224,244151.6102283257,122075.80511416285,66.2994,1984,X,4.58,,481576741002004,-95.60001256756,29.587272047751,0.0,s2326,s2326,0.0,0.0,1,1,0.0,0.0,11.426,1.67,0.0,1,0.0,0,0.0,0,0.0,0.0,0,0.0,0,,,
122445962,RES1-2SNB,RES,0.75,S,2,3708.0,2721,852201.710769294,426100.855384647,69.75204,1993,X,0.0,37527220,481576742002004,-95.635917961596,29.571932520633,1.0,s2327,s2327,0.0,0.0,1,1,0.0,0.0,25.436,1.22,0.0,1,0.0,0,0.0,0,0.0,0.0,0,0.0,0,,,
122523802,RES1-1SNB,RES,0.75,S,1,3435.0,4271,811829.7695229843,405914.88476149214,69.79746,1988,X,4.63,,481576746011002,-95.67778015075,29.561156452681,1.0,s2328,s2328,0.0,0.0,1,1,0.0,0.0,1.947,5.83,0.0,1,0.0,0,0.0,0,0.0,0.0,0,0.0,0,,,
122480469,RES1-2SNB,RES,0.75,S,2,2224.0,2740,255755.51535629743,127877.75767814872,96.011215,2008,X,0.0,37003789,481576751013001,-95.75742651804,29.554353825686,0.0,s2329,s2329,0.0,0.0,0,1,0.0,0.0,14.618,5.48,0.0,1,0.0,0,0.0,0,0.0,0.0,0,0.0,0,,,
122593989,RES1-1SNB,RES,0.75,S,1,3884.0,4163,928983.7583962642,464491.8791981321,83.714325,2015,X,4.24,,481576729012054,-95.693326790494,29.626537081711,0.0,s2330,s2330,0.0,0.0,1,1,0.0,0.0,12.635,16.67,0.0,1,0.0,0,0.0,0,0.0,0.0,0,0.0,0,,,
122556830,RES1-1SNB,RES,0.75,S,1,2200.0,2819,149766.85204523042,74883.42602261521,96.959175,1978,X,4.2,,481576748004001,-95.763105516052,29.564364666389,0.0,s2331,s2331,0.0,0.0,0,1,0.0,0.0,3.467,5.72,0.0,1,0.0,0,0.0,0,0.0,0.0,0,0.0,0,,,
122583176,RES1-2SNB,RES,0.75,S,2,3702.0,1999,869362.8078973203,434681.4039486601,72.63832,1996,X,6.1,,481576739032010,-95.672987671939,29.583134147186,1.0,s2332,s2332,0.0,0.0,1,1,0.0,0.0,13.909,15.6,0.0,1,0.0,0,0.0,0,0.0,0.0,0,0.0,0,,,
122533087,RES2,RES,2.0,C,1,728.0,812,45352.988908694315,45352.988908694315,86.09423,1994,X,1.23,,481576738013041,-95.748395460112,29.581379938389,0.0,s2333,s2333,0.0,0.0,1,1,0.0,0.0,12.404,15.86,0.0,1,0.0,0,0.0,0,0.0,0.0,0,0.0,0,,,
122525568,RES1-2SNB,RES,0.75,S,2,3426.0,2271,812298.4171847131,406149.20859235653,76.68785,2003,X,6.45,,481576747011004,-95.685274337505,29.576105480868,1.0,s2334,s2334,0.0,0.0,1,1,0.0,0.0,24.668,10.04,0.0,1,0.0,0,0.0,0,0.0,0.0,0,0.0,0,,,
122577473,RES1-2SNB,RES,0.75,S,2,2624.0,2229,393158.7699386565,196579.38496932824,77.790344,2013,X,0.0,,481576747024033,-95.724439488522,29.560081456005,1.0,s2335,s2335,0.0,0.0,0,1,0.0,0.0,3.866,3.47,0.0,1,0.0,0,0.0,0,0.0,0.0,0,0.0,0,,,
122468483,RES1-1SNB,RES,0.75,S,1,2227.0,2591,535730.5957213336,267865.2978606668,82.03393,2012,X,0.13,,481576735012027,-95.721542487858,29.634270517512,1.0,s2336,s2336,0.0,0.0,0,1,0.0,0.0,8.382,0.56,0.0,1,0.0,0,0.0,0,0.0,0.0,0,0.0,0,,,
122454473,RES1-2SNB,RES,0.75,S,2,3799.0,2671,584032.7920335489,292016.39601677447,79.45314,2005,X,7.2,,481576728021000,-95.674519473143,29.606469659298,0.0,s2337,s2337,0.0,0.0,1,1,0.1981,0.0,9.086,1.55,0.0,1,0.0307,0,0.0,0,0.0,0.0,0,0.0,0,,,
122625067,RES1-1SNB,RES,0.75,S,1,2430.0,2224,424434.4890429387,212217.24452146934,85.02822,2015,X,0.54,,481576755024011,-95.743311696275,29.522746972816,0.0,s2338,s2338,0.0,0.0,0,1,0.0,0.0,7.128,1.43,0.0,1,0.0,0,0.0,0,0.0,0.0,0,0.0,0,,,
122616042,RES1-1SNB,RES,0.75,S,1,1348.0,1510,188217.8199,94108.90995,99.36176,1981,X,3.18,,481576751021033,-95.790560592513,29.55229147573,0.0,s2339,s2339,0.0,0.0,1,1,0.0,0.0,1.508,6.62,0.0,1,0.0,0,0.0,0,0.0,0.0,0,0.0,0,,,
122624052,RES1-1SNB,RES,0.75,S,1,2799.0,2245,645905.2338630897,322952.61693154485,81.119576,2015,X,0.03,,481576755031034,-95.733613460787,29.508845249721,0.0,s2340,s2340,0.0,0.0,0,1,0.0,0.0,1.611,1.38,0.0,1,0.0,0,0.0,0,0.0,0.0,0,0.0,0,,,
122534567,RES1-1SNB,RES,0.75,S,1,2308.0,2757,260464.77823987047,130232.38911993524,95.063095,2008,X,0.24,,481576751013004,-95.756984477046,29.553078052196,0.0,s2341,s2341,0.0,0.0,1,1,0.0,0.0,14.068,19.94,0.0,1,0.0,0,0.0,0,0.0,0.0,0,0.0,0,,,
122465984,RES1-2SNB,RES,2.0,C,2,3520.0,4035,652763.693736,326381.846868,74.60236,2004,X,4.3,,481576746042017,-95.715962229296,29.544935660413,1.0,s2342,s2342,0.0,0.0,0,1,0.0,0.0,14.657,4.68,0.0,1,0.0,0,0.0,0,0.0,0.0,0,0.0,0,,,
122613785,RES1-2SNB,RES,0.75,S,2,2561.0,1540,659128.3084754139,329564.15423770697,75.57521,1995,X,5.08,,481576739043007,-95.662011513253,29.605335326591,1.0,s2343,s2343,0.0,0.0,1,1,0.0,0.0,8.912,6.62,0.0,1,0.0,0,0.0,0,0.0,0.0,0,0.0,0,,,
122482895,RES1-1SNB,RES,0.75,S,1,1782.0,1926,134793.25280000002,67396.62640000001,97.38269,1978,X,5.46,,481576748001029,-95.768102902085,29.566438121068,0.0,s2344,s2344,0.0,0.0,1,1,0.0,0.0,2.205,6.98,0.0,1,0.0,0,0.0,0,0.0,0.0,0,0.0,0,,,
122635643,RES1-1SNB,RES,0.75,S,1,2340.0,2815,549588.6990599707,274794.34952998534,87.121475,2015,X,4.26,,481576755031020,-95.751034952564,29.518119197071,0.0,s2345,s2345,0.0,0.0,1,1,0.0,0.0,3.083,0.21,0.0,1,0.0,0,0.0,0,0.0,0.0,0,0.0,0,,,
122525034,RES1-1SNB,RES,0.75,S,1,1993.0,2328,370268.24612494855,185134.12306247427,75.689735,1997,X,4.17,,481576738021006,-95.68519057164,29.59649419613,1.0,s2346,s2346,0.0,0.0,1,1,0.0,0.0,6.944,4.34,0.0,1,0.0,0,0.0,0,0.0,0.0,0,0.0,0,,,
122622418,RES1-1SNB,RES,0.75,S,1,1820.0,2197,482128.7980125139,241064.39900625695,79.44774,2015,X,0.14,,481576755031033,-95.730206363809,29.510543485197,0.0,s2347,s2347,0.0,0.0,0,1,0.0,0.0,13.355,2.17,0.0,1,0.0,0,0.0,0,0.0,0.0,0,0.0,0,,,
122486716,RES1-1SNB,RES,2.0,C,1,889.0,889,130880.53434352727,65440.26717176363,98.93082,1983,X,1.93,,481576750001009,-95.7905578281,29.558198061645,0.0,s2348,s2348,0.0,0.0,1,1,0.051,0.0,1.818,6.53,0.0,1,0.0,0,0.0,0,0.0,0.0,0,0.0,0,,,
122575049,RES1-2SNB,RES,0.75,S,2,3526.0,2759,831194.1422653385,415597.0711326692,71.37845,2009,X,4.9,,481576739021005,-95.636401577966,29.598278916276,1.0,s2349,s2349,0.0,0.0,1,1,0.0,0.0,7.573,3.91,0.0,1,0.0,0,0.0,0,0.0,0.0,0,0.0,1,,,
122594028,RES1-2SNB,RES,0.75,S,2,4040.0,3402,953774.2277789875,476887.11388949375,83.26557,2015,X,4.7,,481576729012054,-95.692567861125,29.625851956396,0.0,s2350,s2350,0.0,0.0,1,1,0.0,0.0,11.762,19.04,0.0,1,0.0,0,0.0,0,0.0,0.0,0,0.0,0,,,
122667568,RES1-1SNB,RES,0.75,S,1,2280.0,2079,282181.2538262911,141090.62691314556,67.59747,1988,X,4.32,,481576740021011,-95.610957795316,29.584805129411,1.0,s2351,s2351,0.0,0.0,1,1,0.0,0.0,3.203,0.65,0.0,1,0.0,0,0.0,0,0.0,0.0,0,0.0,0,,,
122566205,RES1-2SNB,RES,0.75,S,2,3440.0,2752,819874.400898479,409937.2004492395,73.96284,1996,X,4.76,,481576739032008,-95.666812675342,29.58121087648,1.0,s2352,s2352,0.0,0.0,1,1,0.0,0.0,7.95,9.41,0.0,1,0.0,0,0.0,0,0.0,0.0,0,0.0,0,,,
122636777,AGR1,COM,0.25,S,1,2837.0,2837,312806.428674833,453569.3215785078,92.946815,2015,X,0.0,,481576755021051,-95.766251382066,29.526696933612,0.0,s2353,s2353,0.0,0.0,0,1,0.0,0.0,3.837,3.16,0.0,1,0.0,0,0.0,0,0.0,0.0,0,0.0,0,,,
122479250,RES1-1SNB,RES,0.75,S,1,2409.0,2902,555179.2896303001,277589.64481515007,84.65157,2010,X,5.27,,481576734012009,-95.750966283183,29.621437444897,0.0,s2354,s2354,0.0,0.0,1,1,0.0,0.0,25.413,2.44,0.0,1,0.0,0,0.0,0,0.0,0.0,0,0.0,0,,,
122574839,RES1-2SNB,RES,0.75,S,2,3749.0,3041,882405.4807947902,441202.7403973951,71.145775,2013,X,4.52,,481576744024004,-95.632988694546,29.553114738422,0.0,s2355,s2355,0.0,0.0,1,1,0.0,0.0,10.832,1.11,0.0,1,0.0,0,0.0,0,0.0,0.0,0,0.0,1,,,
122624979,RES1-1SNB,RES,0.75,S,1,1860.0,2351,361489.9659223853,180744.98296119264,84.72069,2015,X,0.05,,481576755024011,-95.742113523511,29.522240573484,0.0,s2356,s2356,0.0,0.0,0,1,0.0,0.0,8.308,0.29,0.0,1,0.0,0,0.0,0,0.0,0.0,0,0.0,0,,,
122594987,RES1-1SNB,RES,0.75,S,1,1327.0,1764,148678.91601934723,74339.45800967362,96.42781,2008,X,5.3,,481576751011010,-95.778268426404,29.548742281503,0.0,s2357,s2357,0.0,0.0,1,1,0.0,0.0,1.724,3.57,0.0,1,0.0,0,0.0,0,0.0,0.0,0,0.0,0,,,
122583861,RES1-1SNB,RES,0.75,S,1,1528.0,2346,290046.7735113102,145023.3867556551,82.660576,1989,X,3.57,,481576746033008,-95.698387207473,29.541217511922,0.0,s2358,s2358,0.0,0.0,1,1,0.0,0.0,6.985,5.14,0.0,1,0.0,0,0.0,0,0.0,0.0,0,0.0,0,,,
122522546,RES1-1SNB,RES,0.75,S,1,2714.0,3319,692501.1977014911,346250.59885074553,76.035835,1995,X,4.68,,481576739042002,-95.667172891946,29.597744110656,1.0,s2359,s2359,0.0,0.0,1,1,0.0,0.0,6.937,2.52,0.0,1,0.0,0,0.0,0,0.0,0.0,0,0.0,1,,,
122567248,RES1-2SNB,RES,0.75,S,2,2074.0,1953,377885.4882549648,188942.7441274824,78.32359,1997,X,5.05,,481576738022005,-95.691556831287,29.598569659267,0.0,s2360,s2360,0.0,0.0,1,1,0.0,0.0,2.726,3.71,0.0,1,0.0,0,0.0,0,0.0,0.0,0,0.0,0,,,
122470595,RES1-2SNB,RES,0.75,S,2,2804.0,2949,590401.4746759065,295200.73733795324,82.94724,1992,X,4.28,,481576735023006,-95.733935955926,29.62625297377,0.0,s2361,s2361,0.0,0.0,1,1,0.0,0.0,5.93,1.89,0.0,1,0.0,0,0.0,0,0.0,0.0,0,0.0,0,,,
122472816,RES1-2SNB,RES,0.75,S,2,3424.0,2841,467264.5273818276,233632.2636909138,79.414604,2013,X,0.0,,481576747024011,-95.742929218412,29.565695488258,1.0,s2362,s2362,0.0,0.0,0,1,0.0,0.0,13.299,5.37,0.0,1,0.0,0,0.0,0,0.0,0.0,0,0.0,0,,,
122594938,COM7,COM,0.25,S,1,377.09,21180,108188.69355902237,156873.60566058243,100.23206,1978,X,0.02,,481576748003004,-95.779234392395,29.558338282256,0.0,s2363,s2363,0.0,0.0,1,1,0.0,0.0,5.269,5.45,0.0,1,0.0,0,0.0,0,0.0,0.0,0,0.0,0,,,
122625449,RES1-1SNB,RES,2.0,C,1,2014.0,2014,365208.49190854805,182604.24595427403,86.369995,2015,X,0.24,,481576755024011,-95.750048191173,29.522641835455,0.0,s2364,s2364,0.0,0.0,0,1,0.0,0.0,2.772,2.26,0.0,1,0.0,0,0.0,0,0.0,0.0,0,0.0,0,,,
122524977,RES1-1SNB,RES,0.75,S,1,1945.0,2281,365351.32617831806,182675.66308915903,75.09911,1997,X,4.66,,481576738021006,-95.692886052999,29.591685098982,1.0,s2365,s2365,0.0,0.0,1,1,0.0,0.0,3.074,1.48,0.0,1,0.0,0,0.0,0,0.0,0.0,0,0.0,0,,,
122600763,RES1-1SNB,RES,0.75,S,1,3395.0,3478,707056.9728565159,353528.48642825795,83.405426,2010,AE,4.86,,481576734011025,-95.751134995735,29.600550495809,1.0,s2366,s2366,0.0,0.0,1,1,0.0,0.0,6.183,0.7,0.0,1,0.0,0,0.0,0,0.0,0.0,0,0.0,0,,,
122666871,RES1-2SNB,RES,0.75,S,2,2796.0,2070,316661.47844564065,158330.73922282032,66.48538,1984,X,5.89,,481576741001014,-95.606244093609,29.582096027263,1.0,s2367,s2367,0.0,0.0,1,1,0.0,0.0,1.888,3.36,0.0,1,0.0,0,0.0,0,0.0,0.0,0,0.0,0,,,
122471561,RES1-1SNB,RES,0.75,S,1,2426.0,3002,413435.7927517893,206717.89637589466,90.00384,2015,X,2.75,,481576755023009,-95.732771093363,29.538240184175,0.0,s2368,s2368,0.0,0.0,0,1,0.0055,0.0,9.965,1.22,0.0,1,0.0,0,0.0,0,0.0,0.0,0,0.0,0,,,
122743422,RES1-2SNB,RES,2.0,C,2,2644.0,1500,232675.83825000003,116337.91912500001,101.76612,1979,X,0.0,,481576749001003,-95.77344939145,29.584388327499,0.0,s2369,s2369,0.0,0.0,1,1,0.0,0.0,9.37,20.06,0.0,1,0.0,0,0.0,0,0.0,0.0,0,0.0,0,,,
122554771,RES1-2SNB,RES,0.75,S,2,2486.0,2402,531620.2682105877,265810.13410529384,85.58505,2012,X,5.36,,481576735012028,-95.740978319744,29.642657580965,0.0,s2370,s2370,0.0,0.0,1,1,0.0,0.0,13.519,4.06,0.0,1,0.0,0,0.0,0,0.0,0.0,0,0.0,0,,,
122525929,RES1-2SWB,RES,2.0,B,2,2739.0,2357,718821.0398323212,359410.5199161606,72.5241,1988,X,3.95,,481576746012019,-95.688285794455,29.552194003907,1.0,s2371,s2371,0.0,0.0,1,1,0.0,0.0,7.913,2.27,0.0,1,0.0,0,0.0,0,0.0,0.0,0,0.0,0,,,
122611713,RES1-2SNB,RES,0.75,S,2,4082.0,3088,704709.4519823769,352354.72599118843,80.75908,1987,X,5.03,,481576736002009,-95.721478583591,29.623478079274,0.0,s2372,s2372,0.0,0.0,1,1,0.0,0.0,10.583,11.07,0.0,1,0.0,0,0.0,0,0.0,0.0,0,0.0,0,,,
122624958,RES1-1SNB,RES,0.75,S,1,1465.0,1928,303398.26933594013,151699.13466797007,84.798515,2015,X,0.03,,481576755024011,-95.746326499015,29.519948825015,0.0,s2373,s2373,0.0,0.0,0,1,0.0,0.0,7.93,1.23,0.0,1,0.0,0,0.0,0,0.0,0.0,0,0.0,0,,,
122522531,RES1-2SNB,RES,0.75,S,2,3214.0,2503,773895.2477302336,386947.6238651168,75.42818,1995,X,6.09,,481576739042002,-95.663162752534,29.593583215984,0.0,s2374,s2374,0.0,0.0,1,1,0.21,0.0,2.808,2.58,0.0,1,0.0,0,0.0,0,0.0,0.0,0,0.0,1,,,
122466136,RES1-1SNB,RES,0.75,S,1,2975.0,3531,400422.2342455172,200211.1171227586,76.77353,2013,X,5.01,,481576747021006,-95.711737206897,29.567064946215,1.0,s2375,s2375,0.0,0.0,1,1,0.0,0.0,13.503,2.87,0.0,1,0.0,0,0.0,0,0.0,0.0,0,0.0,0,,,
122610670,RES1-1SNB,RES,0.75,S,1,1158.0,1402,321474.011796,160737.005898,70.666115,2002,AE,3.56,,481576746023016,-95.633509339987,29.546264789109,1.0,s2376,s2376,0.0,0.0,0,1,0.0,0.0,26.322,17.17,0.0,1,0.0,0,0.0,0,0.0,0.0,0,0.0,1,,,
122566209,RES1-2SNB,RES,0.75,S,2,3691.0,3477,867394.8221044019,433697.41105220094,73.89616,1996,X,5.66,,481576739032008,-95.673707698605,29.582656619896,1.0,s2377,s2377,0.0,0.0,1,1,0.0,0.0,27.801,23.58,0.0,1,0.0,0,0.0,0,0.0,0.0,0,0.0,1,,,
122620772,RES1-1SNB,RES,0.75,S,1,1989.0,1501,142395.08080000003,71197.54040000001,95.238884,1978,X,7.18,,481576748004013,-95.765384857335,29.566277223109,0.0,s2378,s2378,0.0,0.0,1,1,0.0,0.0,4.733,0.16,0.0,1,0.0,0,0.0,0,0.0,0.0,0,0.0,0,,,
122618538,RES1-1SNB,RES,0.75,S,1,2520.0,2711,410429.87586073874,205214.93793036937,95.014435,2015,X,4.5,,481576755021011,-95.761284904815,29.531461571951,0.0,s2379,s2379,0.0,0.0,1,1,0.0,0.0,7.828,1.01,0.0,1,0.0,0,0.0,0,0.0,0.0,0,0.0,0,,,
122511453,RES1-2SNB,RES,2.0,C,2,8430.0,4215,1663245.7178729852,831622.8589364926,102.637314,2008,X,5.96,,481576733001007,-95.894322854224,29.682387136635,0.0,s2380,s2380,0.0,0.0,0,1,0.0,0.0,4.342,11.47,0.0,1,0.0,0,0.0,0,0.0,0.0,0,0.0,0,,,
122596441,RES1-2SNB,RES,0.75,S,2,2812.0,2883,698409.8178779338,349204.9089389669,68.55635,1987,X,4.77,,481576740011013,-95.628136124803,29.582216130404,1.0,s2381,s2381,0.0,0.0,1,1,0.0,0.0,20.462,4.33,0.0,1,0.0,0,0.0,0,0.0,0.0,0,0.0,0,,,
122638940,RES1-2SNB,RES,0.75,S,2,2008.0,2416,375522.2719480197,187761.13597400984,93.46187,2015,X,6.08,,481576755021033,-95.753605134275,29.535134952237,0.0,s2382,s2382,0.0,0.0,1,1,0.0,0.0,8.9,1.69,0.0,1,0.0,0,0.0,0,0.0,0.0,0,0.0,0,,,
122625068,RES1-1SNB,RES,0.75,S,1,2153.0,2102,392021.48779980664,196010.74389990332,85.356895,2015,X,0.47,,481576755024011,-95.744953753214,29.523792399731,0.0,s2383,s2383,0.0,0.0,0,1,0.0,0.0,6.506,2.24,0.0,1,0.0,0,0.0,0,0.0,0.0,0,0.0,0,,,
122473747,RES1-1SNB,RES,0.75,S,1,1175.0,1711,220016.77930226567,110008.38965113283,77.81248,2013,X,3.99,,481576747024011,-95.74918526615,29.5621014938,1.0,s2384,s2384,0.0,0.0,0,1,0.0,0.0,11.455,8.93,0.0,1,0.0,0,0.0,0,0.0,0.0,0,0.0,0,,,
122586209,RES1-1SNB,RES,0.75,S,1,2672.0,2944,616891.9380320564,308445.9690160282,92.33475,2010,X,4.44,,481576734013016,-95.803474349431,29.59140061531,0.0,s2385,s2385,0.0,0.0,1,1,0.0,0.0,8.327,2.25,0.0,1,0.0,0,0.0,0,0.0,0.0,0,0.0,0,,,
122581897,RES1-2SNB,RES,0.75,S,2,4560.0,3448,1017260.8729939894,508630.4364969947,72.50666,1998,X,5.29,,481576744013002,-95.634081185,29.554767881533,0.0,s2386,s2386,0.0,0.0,1,1,0.0,0.0,12.04,1.44,0.0,1,0.0,0,0.0,0,0.0,0.0,0,0.0,0,,,
122617470,RES2,RES,2.0,C,1,480.0,625,29586.395454,29586.395454,85.99541,1994,X,1.76,,481576738013020,-95.754734768038,29.583772168911,0.0,s2387,s2387,0.0,0.0,1,1,0.0,0.0,33.527,21.95,0.0,1,0.0,0,0.0,0,0.0,0.0,0,0.0,1,,,
122485580,RES1-1SNB,RES,0.75,S,1,1443.0,1636,162326.9407398422,81163.4703699211,100.13344,1983,X,4.72,,481576750002001,-95.782449207092,29.573065091962,0.0,s2388,s2388,0.0,0.0,1,1,0.0,0.0,18.819,25.52,0.0,1,0.0,0,0.0,0,0.0,0.0,0,0.0,0,,,
122492965,RES1-2SNB,RES,0.75,S,2,6494.0,5847,1224514.414301647,612257.2071508236,97.31619,2012,X,6.06,,481576734044028,-95.80861655772,29.644876192522,0.0,s2389,s2389,0.0,0.0,1,1,0.0,0.0,17.135,5.81,0.0,1,0.0,0,0.0,0,0.0,0.0,0,0.0,0,,,
122540312,RES1-1SNB,RES,0.75,S,1,2142.0,2509,548031.397205234,274015.698602617,89.47033,2010,AE,0.0,,481576734013001,-95.80657905475,29.601423558384,0.0,s2390,s2390,0.0,0.0,0,1,0.0,0.0,4.815,2.87,0.0,1,0.0,0,0.0,0,0.0,0.0,0,0.0,0,,,
122455647,RES1-2SNB,RES,0.75,S,2,4556.0,3031,1002835.8369313137,501417.91846565687,71.57321,2003,X,6.53,,481576747012019,-95.678839796509,29.569172388564,1.0,s2391,s2391,0.0,0.0,1,1,0.0,0.0,10.831,1.11,0.0,1,0.0,0,0.0,0,0.0,0.0,0,0.0,0,,,
122457711,RES1-2SNB,RES,0.75,S,2,6280.0,4168,1254097.1640738861,627048.5820369431,83.26397,2015,X,5.02,,481576729012052,-95.692250507473,29.628186248152,0.0,s2392,s2392,0.0,0.0,1,1,0.0,0.0,8.196,11.42,0.0,1,0.0,0,0.0,0,0.0,0.0,0,0.0,0,,,
122499440,RES1-2SNB,RES,2.0,C,2,7228.0,3614,1426090.1641509265,713045.0820754633,95.759834,2008,X,5.27,,481576733001031,-95.846242649882,29.642153227741,0.0,s2393,s2393,0.0,0.0,0,1,0.0,0.0,5.585,4.06,0.0,1,0.0,0,0.0,0,0.0,0.0,0,0.0,0,,,
122690455,RES1-1SNB,RES,0.75,S,1,2828.0,3530,755915.5713720694,377957.7856860347,68.213455,2013,X,0.36,,481576744024010,-95.615115530607,29.537830401616,0.0,s2394,s2394,0.0,0.0,0,1,0.0,0.0,11.492,18.08,0.0,1,0.0108,0,0.0,0,0.0,0.0,0,0.0,0,,,
122479729,RES1-1SNB,RES,0.75,S,1,2202.0,2665,543518.8409694565,271759.42048472824,85.598595,2010,X,0.69,,481576734011031,-95.751954139631,29.591066558585,0.0,s2395,s2395,0.0,0.0,1,1,0.0,0.0,10.737,7.74,0.0,1,0.0,0,0.0,0,0.0,0.0,0,0.0,0,,,
122475765,RES1-2SNB,RES,2.0,C,2,2762.0,3134,358887.7364422244,179443.8682211122,80.44603,1994,AE,0.0,,481576738013009,-95.749529040285,29.583684368202,1.0,s2396,s2396,0.0,0.0,0,1,0.0,0.0,1.575,4.65,0.0,1,0.0,0,0.0,0,0.0,0.0,0,0.0,0,,,
122512385,RES1-2SNB,RES,0.75,S,2,3536.0,2447,836166.1042558396,418083.0521279198,105.18033,2008,X,5.42,,481576733001043,-95.890613496162,29.659686249856,0.0,s2397,s2397,0.0,0.0,0,1,0.0,0.0,34.679,9.41,0.0,1,0.0,0,0.0,0,0.0,0.0,0,0.0,0,,,
122594989,RES1-1SNB,RES,0.75,S,1,1426.0,2069,157463.23754420344,78731.61877210172,96.12186,2008,X,3.64,,481576751011010,-95.775135361709,29.547611096188,0.0,s2398,s2398,0.0,0.0,1,1,0.0,0.0,5.312,4.97,0.0,1,0.0,0,0.0,0,0.0,0.0,0,0.0,0,,,
122617464,RES5,COM,0.25,S,1,596.0,596,155055.39217652756,116291.54413239568,79.54718,2013,X,0.0,,481576747023014,-95.754191597045,29.573591820211,1.0,s2399,s2399,0.0,0.0,0,1,0.0,0.0,9.639,10.84,0.0,1,0.0,0,0.0,0,0.0,0.0,0,0.0,0,,,
122525639,RES1-2SNB,RES,0.75,S,2,3183.0,2727,804484.1784084407,402242.08920422033,81.5624,2015,X,6.46,,481576729012071,-95.691153790229,29.617952285427,0.0,s2400,s2400,0.0,0.0,0,1,0.0,0.0,7.998,5.07,0.0,1,0.0,0,0.0,0,0.0,0.0,0,0.0,0,,,
122547919,RES1-2SNB,RES,0.75,S,2,3941.0,3731,921826.2305790798,460913.1152895399,72.12857,1998,X,6.03,,481576744013000,-95.622768847169,29.555405936771,0.0,s2401,s2401,0.0,0.0,0,1,0.0,0.0,20.96,1.3,0.0,1,0.0,0,0.0,0,0.0,0.0,0,0.0,0,,,
122466105,RES1-1SNB,RES,0.75,S,1,3261.0,2889,420587.1542002419,210293.57710012095,76.97365,2013,X,4.49,,481576747021006,-95.711791055132,29.566299850342,1.0,s2402,s2402,0.0,0.0,1,1,0.0,0.0,13.697,1.61,0.0,1,0.0,0,0.0,0,0.0,0.0,0,0.0,0,,,
122481543,RES1-1SNB,RES,0.75,S,1,1725.0,2077,538295.9795385033,269147.98976925167,86.60846,2012,X,2.87,,481576734042004,-95.758168695135,29.64150547366,0.0,s2403,s2403,0.0,0.0,0,1,0.0,0.0,19.141,1.84,0.0,1,0.0,0,0.0,0,0.0,0.0,0,0.0,0,,,
122512394,RES1-1SNB,RES,0.75,S,1,1091.0,1091,322149.58912002837,161074.79456001418,103.80549,2008,X,2.2,,481576733001043,-95.89089165194,29.659147730533,0.0,s2404,s2404,0.0,0.0,0,1,0.0,0.0,34.234,10.52,0.0,1,0.0,0,0.0,0,0.0,0.0,0,0.0,0,,,
122563112,RES1-1SNB,RES,0.75,S,1,734.0,734,203328.25656,101664.12828,99.38668,2008,X,1.74,,481576733001028,-95.874567008551,29.662361038529,0.0,s2405,s2405,0.0,0.0,1,1,0.0,0.0,1.103,9.69,0.0,1,0.0,0,0.0,0,0.0,0.0,0,0.0,0,,,
122472085,RES1-1SNB,RES,0.75,S,1,3186.0,3456,472855.1835629557,236427.59178147785,90.882416,2015,X,4.27,,481576755023002,-95.7364236237,29.54050410561,0.0,s2406,s2406,0.0,0.0,1,1,0.0,0.0,12.479,2.12,0.0,1,0.0,0,0.0,0,0.0,0.0,0,0.0,0,,,
122485324,COM7,COM,0.25,S,1,3706.0,3706,788841.9628500001,1143820.8461325,94.84248,1979,X,3.9,,481576749003007,-95.782309599886,29.586146772585,0.0,s2407,s2407,0.0,0.0,1,1,0.0,0.0,38.506,18.93,0.0,1,0.0,0,0.0,0,0.0,0.0,0,0.0,1,,,
122618494,RES1-1SNB,RES,0.75,S,1,2661.0,2816,424981.1070333471,212490.55351667356,94.095955,2015,X,5.38,,481576755021011,-95.767973770548,29.531038794868,0.0,s2408,s2408,0.0,0.0,1,1,0.0,0.0,14.285,0.84,0.0,1,0.0,0,0.0,0,0.0,0.0,0,0.0,0,,,
122599463,RES1-2SNB,RES,0.75,S,2,4502.0,3705,999244.7914099372,499622.3957049686,71.66592,2009,X,5.46,,481576739021015,-95.633240310582,29.598402556319,1.0,s2409,s2409,0.0,0.0,1,1,0.0,0.0,7.135,2.7,0.0,1,0.0,0,0.0,0,0.0,0.0,0,0.0,1,,,
122613111,RES2,RES,2.0,C,1,1292.0,1019,58226.52830671113,58226.52830671113,98.38163,1981,AE,4.29,,481576752001057,-95.804631840922,29.549314177394,0.0,s2410,s2410,0.0,0.0,1,1,0.0,0.0,3.788,3.37,0.0,1,0.0,0,0.0,0,0.0,0.0,0,0.0,0,,,
122568572,COM1,COM,0.25,S,1,1312.0,1312,241478.4440818205,301848.0551022756,88.861855,2004,X,1.71,,481576746042016,-95.719427160943,29.5415203183,0.0,s2411,s2411,0.0,0.0,0,1,0.0,0.0,8.022,9.83,0.0,1,0.0,0,0.0,0,0.0,0.0,0,0.0,0,,,
122572029,RES1-1SNB,RES,2.0,C,1,1064.0,363,126622.56135000002,63311.28067500001,99.54731,1983,X,5.32,,481576750001016,-95.79756583784,29.561311286514,0.0,s2412,s2412,0.0,0.0,1,1,0.0,0.0,5.073,5.28,0.0,1,0.0,0,0.0,0,0.0,0.0,0,0.0,0,,,
122481126,RES1-1SNB,RES,0.75,S,1,1932.0,2258,578666.9000897303,289333.45004486514,88.89892,2012,X,0.5,,481576734042004,-95.768411825522,29.645390990812,0.0,s2413,s2413,0.0,0.0,0,1,0.0,0.0,7.615,5.15,0.0,1,0.0,0,0.0,0,0.0,0.0,0,0.0,0,,,
122579618,RES1-1SNB,RES,0.75,S,1,1122.0,1170,161655.8282,80827.9141,98.02602,1981,X,3.18,,481576751023006,-95.784257772956,29.549518626278,0.0,s2414,s2414,0.0,0.0,1,1,0.0,0.0,2.236,5.94,0.0,1,0.0,0,0.0,0,0.0,0.0,0,0.0,0,,,
122531730,RES1-2SNB,RES,0.75,S,2,2237.0,1799,378899.6804240717,189449.84021203584,93.7106,2015,X,5.02,,481576755023001,-95.735516649828,29.541204493159,0.0,s2415,s2415,0.0,0.0,1,1,0.0,0.0,11.084,10.46,0.0,1,0.0,0,0.0,0,0.0,0.0,0,0.0,0,,,
122485528,RES1-1SNB,RES,0.75,S,1,1508.0,1927,203801.66597678486,101900.83298839243,97.34187,1983,X,0.78,,481576750002001,-95.784995421828,29.572579945471,0.0,s2416,s2416,0.0,0.0,0,1,0.0,0.0,22.262,18.59,0.0,1,0.1571,0,0.0,0,0.0,0.0,0,0.0,1,,,
122599770,RES1-1SWB,RES,2.0,B,1,2218.0,2828,819429.9813440454,409714.9906720227,71.870224,2002,X,4.72,,481576746022007,-95.665773348211,29.557324315175,1.0,s2417,s2417,0.0,0.0,1,1,0.0,0.0,4.806,9.53,0.0,1,0.0,0,0.0,0,0.0,0.0,0,0.0,0,,,
122550331,RES1-2SNB,RES,0.75,S,2,3010.0,2757,737114.4447124993,368557.22235624964,75.84509,1995,X,5.63,,481576739042005,-95.667104782294,29.594285031819,0.0,s2418,s2418,0.0,0.0,1,1,0.0,0.0,13.512,1.48,0.0,1,0.0,0,0.0,0,0.0,0.0,0,0.0,1,,,
122635603,RES1-2SNB,RES,0.75,S,2,3032.0,2357,448417.3754947234,224208.6877473617,79.15893,2015,X,5.41,,481576755022028,-95.702476085093,29.528175332662,0.0,s2419,s2419,0.0,0.0,0,1,0.0,0.0,1.551,3.73,0.0,1,0.0069,0,0.0,0,0.0,0.0,0,0.0,0,,,
122565763,RES1-2SNB,RES,0.75,S,2,3413.0,2719,829389.3647059487,414694.68235297437,74.863754,2009,X,6.34,,481576739023032,-95.654275267308,29.597741445749,0.0,s2420,s2420,0.0,0.0,1,1,0.0,0.0,10.627,0.73,0.0,1,0.0,0,0.0,0,0.0,0.0,0,0.0,0,,,
122681274,RES1-2SNB,RES,0.75,S,2,2420.0,1586,292448.1681986863,146224.08409934316,65.97489,1984,X,5.51,,481576741001007,-95.604258814738,29.583949643373,1.0,s2421,s2421,0.0,0.0,1,1,0.0,0.0,12.41,1.88,0.0,1,0.0,0,0.0,0,0.0,0.0,0,0.0,0,,,
122525762,RES1-1SNB,RES,0.75,S,1,3232.0,2863,819215.0997714893,409607.54988574464,80.09751,2015,X,4.96,,481576729012071,-95.693330377945,29.616711936213,0.0,s2422,s2422,0.0,0.0,1,1,0.0,0.0,8.884,5.02,0.0,1,0.0,0,0.0,0,0.0,0.0,0,0.0,0,,,
122478570,AGR1,COM,0.25,S,1,2952.0,2952,316641.0365342766,459129.50297470106,89.566574,2012,X,2.25,,481576734041026,-95.756749446526,29.653409756092,0.0,s2423,s2423,0.0,0.0,0,1,0.0,0.0,10.547,1.78,0.0,1,0.0,0,0.0,0,0.0,0.0,0,0.0,0,,,
122485437,RES3A,RES,2.0,C,2,3228.0,1614,418739.1985500001,146558.7194925,101.67607,1979,X,5.67,,481576749003005,-95.782272804309,29.585059115414,0.0,s2424,s2424,0.0,0.0,1,1,0.0,0.0,43.826,22.43,0.0,1,0.0,0,0.0,0,0.0,0.0,0,0.0,1,,,
122476223,RES1-2SNB,RES,0.75,S,2,3692.0,2403,742746.7447175176,371373.3723587588,83.21535,2010,AE,5.8,,481576734011019,-95.74441339128,29.601437371924,1.0,s2425,s2425,0.0,0.0,1,1,0.0,0.0,2.322,4.09,0.0,1,0.0,0,0.0,0,0.0,0.0,0,0.0,0,,,
122620363,RES1-1SNB,RES,0.75,S,1,2758.0,2463,442429.588099227,221214.7940496135,86.029015,2015,X,4.96,,481576755022004,-95.71758715782,29.53593823733,0.0,s2426,s2426,0.0,0.0,1,1,0.0,0.0,8.612,3.1,0.0,1,0.0,0,0.0,0,0.0,0.0,0,0.0,0,,,
122582326,RES1-2SNB,RES,0.75,S,2,3806.0,2272,897849.2031014751,448924.60155073757,72.48132,2009,X,5.78,,481576739022009,-95.655164197092,29.584059181291,0.0,s2427,s2427,0.0,0.0,1,1,0.0,0.0,9.332,3.83,0.0,1,0.0,0,0.0,0,0.0,0.0,0,0.0,0,,,
122620297,RES1-1SNB,RES,0.75,S,1,2096.0,2582,377633.38200190035,188816.69100095017,86.278656,2015,X,3.62,,481576755022004,-95.725699518298,29.53199484537,0.0,s2428,s2428,0.0,0.0,0,1,0.0,0.0,3.326,1.89,0.0,1,0.0,0,0.0,0,0.0,0.0,0,0.0,1,,,
122469154,RES1-1SNB,RES,0.75,S,1,2168.0,2666,346881.1161291865,173440.55806459326,78.3536,2013,X,4.62,,481576747024024,-95.739463880516,29.556222166657,1.0,s2429,s2429,0.0,0.0,1,1,0.0,0.0,7.376,0.55,0.0,1,0.0,0,0.0,0,0.0,0.0,0,0.0,0,,,
122593470,RES1-2SNB,RES,0.75,S,2,3894.0,2148,903918.3437671027,451959.17188355135,70.35654,2003,X,6.5,,481576747012009,-95.676776451434,29.566197298567,1.0,s2430,s2430,0.0,0.0,1,1,0.0,0.0,2.723,6.23,0.0,1,0.0,0,0.0,0,0.0,0.0,0,0.0,0,,,
122567767,RES1-1SNB,RES,0.75,S,1,1987.0,2482,354279.0798239308,177139.5399119654,79.2941,1989,X,4.75,,481576746031018,-95.696370295578,29.547193295738,0.0,s2431,s2431,0.0,0.0,1,1,0.0,0.0,19.419,11.27,0.0,1,0.0,0,0.0,0,0.0,0.0,0,0.0,0,,,
122597033,RES1-1SNB,RES,0.75,S,1,2345.0,3385,623197.5835551107,311598.79177755537,74.29904,1996,X,3.8,,481576739031002,-95.670584320523,29.58993924907,1.0,s2432,s2432,0.0,0.0,1,1,0.0,0.0,12.762,0.5,0.0,1,0.0,0,0.0,0,0.0,0.0,0,0.0,0,,,
122623445,RES1-1SNB,RES,2.0,C,1,2588.0,2588,591388.2070491392,295694.1035245696,78.690254,2015,X,0.28,,481576755031007,-95.726336270131,29.512793375521,1.0,s2433,s2433,0.0,0.0,0,1,0.0,0.0,12.851,0.28,0.0,1,0.0,0,0.0,0,0.0,0.0,0,0.0,0,,,
122617471,RES2,RES,2.0,C,1,480.0,816,29586.395454,29586.395454,86.25116,1994,X,1.02,,481576738013020,-95.754849798304,29.583918632069,0.0,s2434,s2434,0.0,0.0,1,1,0.0,0.0,33.411,21.87,0.0,1,0.0,0,0.0,0,0.0,0.0,0,0.0,1,,,
122538363,RES1-2SNB,RES,0.75,S,2,5276.0,5081,972212.6424258291,486106.32121291454,89.01447,2010,AE,5.93,,481576734014002,-95.781591665381,29.610628356848,0.0,s2435,s2435,0.0,0.0,1,1,0.0,0.0,32.939,12.38,0.0,1,0.0,0,0.0,0,0.0,0.0,0,0.0,1,,,
122568603,RES1-2SNB,RES,2.0,C,2,896.0,915,231392.86009680355,115696.43004840177,90.07187,2004,X,0.0,37669717,481576746042016,-95.722256716339,29.540907361519,0.0,s2436,s2436,0.0,0.0,1,1,0.0,0.0,6.792,9.67,0.0,1,0.0,0,0.0,0,0.0,0.0,0,0.0,0,,,
122622175,RES1-1SNB,RES,0.75,S,1,3284.0,3061,722406.4592801142,361203.2296400571,79.41951,2015,X,0.05,,481576755031033,-95.731075915594,29.511322829499,1.0,s2437,s2437,0.0,0.0,0,1,0.0,0.0,13.479,1.79,0.0,1,0.0,0,0.0,0,0.0,0.0,0,0.0,0,,,
122708566,RES1-1SNB,RES,0.75,S,1,2220.0,2386,279611.55121312756,139805.77560656378,66.74705,1984,X,4.8,,481576741001017,-95.606713392703,29.579225638593,1.0,s2438,s2438,0.0,0.0,1,1,0.0,0.0,4.428,3.01,0.0,1,0.0,0,0.0,0,0.0,0.0,0,0.0,0,,,
122531312,RES1-2SNB,RES,0.75,S,2,3823.0,3453,749040.7627118344,374520.3813559172,84.0425,1992,X,6.55,,481576735023001,-95.741851708849,29.629082249205,0.0,s2439,s2439,0.0,0.0,1,1,0.0,0.0,3.179,3.99,0.0,1,0.0,0,0.0,0,0.0,0.0,0,0.0,0,,,
122451097,RES1-2SNB,RES,0.75,S,2,3038.0,2506,749975.4156370475,374987.70781852375,73.70327,1996,X,0.0,37534740,481576739032002,-95.664767192027,29.582986416582,1.0,s2440,s2440,0.0,0.0,1,1,0.0,0.0,9.788,5.79,0.0,1,0.0,0,0.0,0,0.0,0.0,0,0.0,1,,,
122528070,RES1-2SNB,RES,0.75,S,2,2880.0,2149,390261.01134804764,195130.50567402382,75.69941,2013,X,6.02,,481576747021016,-95.709510941209,29.56053267654,1.0,s2441,s2441,0.0,0.0,1,1,0.0,0.0,5.107,3.97,0.0,1,0.0,0,0.0,0,0.0,0.0,0,0.0,0,,,
122636775,AGR1,COM,0.25,S,1,2397.0,2397,266479.6102898783,386395.43492032355,90.67979,2015,X,0.03,,481576755021051,-95.768881635531,29.526122734227,0.0,s2442,s2442,0.0,0.0,0,1,0.0,0.0,13.522,1.09,0.0,1,0.0,0,0.0,0,0.0,0.0,0,0.0,0,,,
122490864,RES1-2SNB,RES,0.75,S,2,2970.0,1895,647663.7942377458,323831.8971188729,91.4574,2010,X,5.72,,481576734013018,-95.803518722304,29.594085471445,0.0,s2443,s2443,0.0,0.0,1,1,0.0,0.0,7.477,1.65,0.0,1,0.0,0,0.0,0,0.0,0.0,0,0.0,0,,,
122666460,RES1-1SNB,RES,0.75,S,1,2148.0,2231,273948.0354763379,136974.01773816894,70.466354,1984,X,5.0,,481576741001006,-95.605207424355,29.588172433164,1.0,s2444,s2444,0.0,0.0,1,1,0.0,0.0,8.111,1.73,0.0,1,0.0,0,0.0,0,0.0,0.0,0,0.0,0,,,
122620079,RES1-2SNB,RES,0.75,S,2,2271.0,2074,392542.90476129984,196271.45238064992,83.63994,2015,X,5.4,,481576755022004,-95.717629214701,29.523854558318,0.0,s2445,s2445,0.0,0.0,1,1,0.0,0.0,8.449,5.84,0.0,1,0.0,0,0.0,0,0.0,0.0,0,0.0,0,,,
122595219,RES1-1SNB,RES,0.75,S,1,1813.0,2337,230327.26669038285,115163.63334519143,98.143394,1983,X,4.72,,481576750002004,-95.786144954212,29.56624249712,0.0,s2446,s2446,0.0,0.0,0,1,0.0,0.0,13.01,11.05,0.0,1,0.0,0,0.0,0,0.0,0.0,0,0.0,0,,,
122455472,RES1-1SNB,RES,0.75,S,1,1673.0,2443,475859.78477890533,237929.89238945267,76.05589,1988,X,4.66,,481576746011010,-95.68000088524,29.558779918068,0.0,s2447,s2447,0.0,0.0,1,1,0.0,0.0,12.728,6.65,0.0,1,0.0,0,0.0,0,0.0,0.0,0,0.0,1,,,
122624016,RES1-1SNB,RES,0.75,S,1,2686.0,2166,618087.053608283,309043.5268041415,81.84694,2015,X,0.04,,481576755031034,-95.736573799891,29.508230423452,0.0,s2448,s2448,0.0,0.0,0,1,0.0,0.0,2.113,1.51,0.0,1,0.0,0,0.0,0,0.0,0.0,0,0.0,0,,,
122636532,RES1-1SNB,RES,0.75,S,1,1933.0,2391,317974.1367041701,158987.06835208504,88.423965,2011,X,0.0,,481576755013007,-95.778615345934,29.516427384709,0.0,s2449,s2449,0.0,0.0,0,1,0.0,0.0,0.896,0.23,0.0,1,0.0,0,0.0,0,0.0,0.0,0,0.0,0,,,
122476341,RES1-1SNB,RES,0.75,S,1,2185.0,2907,540566.4654512749,270283.23272563744,84.35192,2010,AE,4.26,,481576734011019,-95.748083250177,29.593295157577,1.0,s2450,s2450,0.0,0.0,1,1,0.0,0.0,11.381,2.49,0.0,1,0.0,0,0.0,0,0.0,0.0,0,0.0,0,,,
122463214,COM8,COM,0.25,S,1,1801.0,5403,418230.25977243925,480964.7987383051,80.81574,2004,X,3.94,,481576746041015,-95.703197587782,29.538286131029,0.0,s2451,s2451,0.0,0.0,1,1,0.0,0.0,4.473,2.46,0.0,1,0.0,0,0.0,0,0.0,0.0,0,0.0,0,,,
122594078,RES1-1SNB,RES,0.75,S,1,1628.0,2102,301186.85840279807,150593.42920139903,83.866844,1989,X,3.49,,481576746033004,-95.695257664074,29.54409807744,0.0,s2452,s2452,0.0,0.0,1,1,0.0,0.0,5.191,6.83,0.0,1,0.0,0,0.0,0,0.0,0.0,0,0.0,0,,,
122625497,RES1-1SNB,RES,0.75,S,1,2881.0,2712,472345.02133002685,236172.51066501343,81.00346,2015,X,0.24,,481576755024011,-95.739575543703,29.516628788886,0.0,s2453,s2453,0.0,0.0,0,1,0.0,0.0,13.297,2.84,0.0,1,0.0,0,0.0,0,0.0,0.0,0,0.0,0,,,
122716580,COM2,COM,0.25,S,1,19190.62,30705,2033955.5552616264,2847537.777366277,69.17208,1988,X,6.5,,481576740022012,-95.620310154183,29.594602994237,1.0,s2454,s2454,0.0,0.0,1,1,0.0,0.0,2.299,0.46,0.0,1,0.0,0,0.0,0,0.0,0.0,0,0.0,0,,,
122644691,EDU1,PUB,0.25,S,2,482609.97,241504,91467056.8384337,59453586.9449819,79.91803,2015,X,8.52,,481576755032019,-95.691058584412,29.516635929124,0.0,s2455,s2455,0.0,0.0,1,1,0.0,0.0,4.245,3.01,0.0,1,0.0,0,0.0,0,0.0,0.0,0,0.0,0,,,
122622510,RES1-1SNB,RES,0.75,S,1,2595.0,2187,620233.4848548428,310116.7424274214,79.15896,2015,X,0.37,,481576755031033,-95.730225284256,29.51102556579,0.0,s2456,s2456,0.0,0.0,0,1,0.0,0.0,13.182,1.9,0.0,1,0.0,0,0.0,0,0.0,0.0,0,0.0,0,,,
122529446,RES1-2SNB,RES,0.75,S,2,2922.0,3384,614101.5019117912,307050.7509558956,81.35868,1992,X,4.4,,481576735023007,-95.728480263914,29.628114263223,0.0,s2457,s2457,0.0,0.0,1,1,0.0,0.0,7.887,7.68,0.0,1,0.0,0,0.0,0,0.0,0.0,0,0.0,0,,,
122483812,RES1-1SNB,RES,2.0,C,1,1416.0,1423,167177.93207225815,83588.96603612907,99.97335,1979,X,2.59,,481576749001006,-95.770614535914,29.582093168919,0.0,s2458,s2458,0.0,0.0,1,1,0.0,0.0,12.344,18.34,0.0,1,0.0,0,0.0,0,0.0,0.0,0,0.0,0,,,
122523757,RES1-2SNB,RES,0.75,S,2,4456.0,3438,984928.62539769,492464.312698845,70.753365,1988,X,6.64,,481576746011002,-95.677451876761,29.561334561519,1.0,s2459,s2459,0.0,0.0,1,1,0.0,0.0,2.135,5.73,0.0,1,0.0,0,0.0,0,0.0,0.0,0,0.0,0,,,
122473665,RES1-1SNB,RES,0.75,S,1,2871.0,2874,410532.6048039249,205266.30240196246,78.689865,2013,X,4.97,,481576747024011,-95.738580214755,29.566326684766,1.0,s2460,s2460,0.0,0.0,1,1,0.0,0.0,12.313,3.74,0.0,1,0.0,0,0.0,0,0.0,0.0,0,0.0,0,,,
122525745,RES1-1SNB,RES,0.75,S,1,2632.0,2988,715931.3987450699,357965.69937253493,80.19446,2015,X,3.86,,481576729012071,-95.692611065376,29.617139712547,0.0,s2461,s2461,0.0,0.0,1,1,0.0,0.0,8.577,6.0,0.0,1,0.0,0,0.0,0,0.0,0.0,0,0.0,0,,,
122584854,RES1-2SNB,RES,0.75,S,2,4408.0,4452,997986.1171241776,498993.0585620888,86.21475,2012,AE,5.04,,481576734042012,-95.745286125145,29.634585933213,0.0,s2462,s2462,0.0,0.0,1,1,0.0,0.0,2.522,3.06,0.0,1,0.0,0,0.0,0,0.0,0.0,0,0.0,0,,,
122593113,RES1-1SNB,RES,0.75,S,1,2780.0,3688,718959.7499009174,359479.8749504587,73.89392,2009,X,5.81,,481576739022018,-95.655443664394,29.589199113916,0.0,s2463,s2463,0.0,0.0,1,1,0.0,0.0,10.394,0.44,0.0,1,0.0,0,0.0,0,0.0,0.0,0,0.0,0,,,
122538351,RES1-2SNB,RES,0.75,S,2,5327.0,3055,981154.9529062324,490577.4764531162,89.38924,2010,X,5.49,,481576734014002,-95.780788699668,29.615367290326,0.0,s2464,s2464,0.0,0.0,0,1,0.0,0.0,8.193,16.81,0.0,1,0.0,0,0.0,0,0.0,0.0,0,0.0,0,,,
122476040,RES1-2SNB,RES,0.75,S,2,2535.0,3401,597068.9999256991,298534.49996284954,84.24654,2010,X,6.17,,481576734011019,-95.749741284446,29.591167247015,1.0,s2465,s2465,0.0,0.0,1,1,0.0,0.0,8.889,5.05,0.0,1,0.0,0,0.0,0,0.0,0.0,0,0.0,0,,,
122640801,RES1-1SNB,RES,0.75,S,1,1512.0,1512,419748.452412,209874.226206,75.18805,2002,X,5.72,,481576746023022,-95.65155315334,29.531909957228,0.0,s2466,s2466,0.0,0.0,0,1,0.0,0.0,9.048,11.27,0.0,1,0.0,0,0.0,0,0.0,0.0,0,0.0,0,,,
122475451,RES1-2SNB,RES,0.75,S,2,2909.0,2150,619133.8429722567,309566.92148612835,85.5739,1992,X,5.15,,481576735022003,-95.741067554921,29.637803944149,0.0,s2467,s2467,0.0,0.0,1,1,0.0,0.0,4.643,7.22,0.0,1,0.0,0,0.0,0,0.0,0.0,0,0.0,0,,,
122713826,RES1-2SNB,RES,0.75,S,2,5474.0,4613,1129797.8040165151,564898.9020082576,72.62395,1993,X,6.75,,481576742004004,-95.618302644398,29.566522339786,0.0,s2468,s2468,0.0,0.0,1,1,0.0,0.0,9.743,3.25,0.0,1,0.0,0,0.0,0,0.0,0.0,0,0.0,0,,,
122591233,RES1-1SNB,RES,2.0,C,1,976.0,748,90158.7258,45079.3629,100.439095,1981,X,3.35,,481576752002013,-95.800499934543,29.556377019772,0.0,s2469,s2469,0.0,0.0,1,1,0.0,0.0,0.95,10.86,0.0,1,0.0,0,0.0,0,0.0,0.0,0,0.0,0,,,
122459541,RES1-1SNB,RES,0.75,S,1,1800.0,2377,282085.7641172375,141042.88205861874,74.24966,1994,X,5.18,,481576738011000,-95.687632460932,29.586801689205,1.0,s2470,s2470,0.0,0.0,1,1,0.0,0.0,16.047,5.21,0.0,1,0.0,0,0.0,0,0.0,0.0,0,0.0,0,,,
122448767,RES1-1SNB,RES,0.75,S,1,2295.0,3017,624335.2004722315,312167.60023611574,70.02544,2002,X,4.63,,481576746022003,-95.655879812787,29.558579069813,1.0,s2471,s2471,0.0,0.0,1,1,0.0,0.0,16.643,2.28,0.0,1,0.0,0,0.0,0,0.0,0.0,0,0.0,0,,,
122575563,RES1-2SNB,RES,0.75,S,2,3032.0,2981,760663.5679908522,380331.7839954261,74.70545,2009,X,0.0,37540842,481576739023027,-95.659067166922,29.597111125766,0.0,s2472,s2472,0.0,0.0,1,1,0.0,0.0,2.186,4.57,0.0,1,0.0,0,0.0,0,0.0,0.0,0,0.0,0,,,
122474938,RES1-1SWB,RES,2.0,B,1,3051.0,3876,874568.3571787061,437284.17858935305,84.76261,1992,X,5.8,,481576735022007,-95.739694026808,29.636412934785,0.0,s2473,s2473,0.0,0.0,1,1,0.0,0.0,2.776,4.44,0.0,1,0.0,0,0.0,0,0.0,0.0,0,0.0,0,,,
122524013,RES1-1SNB,RES,0.75,S,1,2684.0,3327,733143.9809271115,366571.99046355573,77.32087,2002,X,0.96,,481576746023026,-95.67682331953,29.540684862833,0.0,s2474,s2474,0.0,0.0,0,1,0.0,0.0,21.519,7.29,0.0,1,0.0,0,0.0,0,0.0,0.0,0,0.0,0,,,
122557087,RES1-1SNB,RES,0.75,S,1,2298.0,2453,648880.4562929046,324440.2281464523,87.82044,2012,X,4.79,,481576734042007,-95.769424064249,29.640701990238,0.0,s2475,s2475,0.0,0.0,1,1,0.0,0.0,6.516,3.08,0.0,1,0.0,0,0.0,0,0.0,0.0,0,0.0,0,,,
122479229,RES1-1SNB,RES,0.75,S,1,1694.0,2273,427524.70985819696,213762.35492909848,84.47423,2010,X,4.09,,481576734012009,-95.749446103553,29.624275619896,0.0,s2476,s2476,0.0,0.0,1,1,0.0,0.0,6.775,1.76,0.0,1,0.0,0,0.0,0,0.0,0.0,0,0.0,0,,,
122470515,RES1-1SNB,RES,0.75,S,1,2025.0,2965,440575.8184225281,220287.90921126405,80.97774,1987,X,5.16,,481576736002012,-95.727615904405,29.621067283811,0.0,s2477,s2477,0.0,0.0,1,1,0.0,0.0,3.251,7.32,0.0,1,0.0,0,0.0,0,0.0,0.0,0,0.0,0,,,
122552452,RES1-1SNB,RES,0.75,S,1,1580.0,3838,295959.37695902336,147979.68847951168,76.92015,1989,X,3.97,,481576746032003,-95.687723945834,29.543852924132,0.0,s2478,s2478,0.0,0.0,1,1,0.0,0.0,19.519,8.77,0.0,1,0.0,0,0.0,0,0.0,0.0,0,0.0,0,,,
122443604,RES1-2SNB,RES,0.75,S,2,2380.0,2216,613498.9848501601,306749.49242508004,69.1836,1987,X,5.59,,481576740011000,-95.623332647446,29.581934401308,1.0,s2479,s2479,0.0,0.0,1,1,0.0,0.0,20.703,3.85,0.0,1,0.0,0,0.0,0,0.0,0.0,0,0.0,0,,,
122467627,RES1-1SWB,RES,2.0,B,1,3423.0,3120,794815.9757660399,397407.98788301996,79.46665,2012,X,0.02,,481576735012015,-95.730976194659,29.640374834678,1.0,s2480,s2480,0.0,0.0,0,1,0.0,0.0,4.27,0.13,0.0,1,0.0935,0,0.0,0,0.0,0.0,0,0.0,0,,,
122549779,RES1-2SNB,RES,0.75,S,2,3601.0,2774,860801.4993689804,430400.7496844902,72.939606,2009,X,5.53,,481576739022022,-95.659082793167,29.585389817287,0.0,s2481,s2481,0.0,0.0,1,1,0.0,0.0,8.29,3.27,0.0,1,0.0,0,0.0,0,0.0,0.0,0,0.0,0,,,
122527974,RES1-2SNB,RES,0.75,S,2,4090.0,3419,501104.7722197696,250552.3861098848,76.30677,2013,X,5.46,,481576747021015,-95.710480196771,29.564467556288,1.0,s2482,s2482,0.0,0.0,1,1,0.0,0.0,12.991,2.71,0.0,1,0.0,0,0.0,0,0.0,0.0,0,0.0,0,,,
122530035,RES1-2SNB,RES,0.75,S,2,4113.0,3016,710648.6439738555,355324.32198692777,82.316444,1987,X,5.88,,481576736004000,-95.729985074447,29.622871357696,0.0,s2483,s2483,0.0,0.0,1,1,0.0,0.0,6.136,11.19,0.0,1,0.0,0,0.0,0,0.0,0.0,0,0.0,0,,,
122667963,RES1-2SNB,RES,0.75,S,2,2194.0,1796,281002.34826774104,140501.17413387052,66.84679,1988,X,5.23,,481576740021014,-95.612654398789,29.582199411256,1.0,s2484,s2484,0.0,0.0,1,1,0.0,0.0,3.138,2.04,0.0,1,0.0,0,0.0,0,0.0,0.0,0,0.0,0,,,
122451238,RES1-1SNB,RES,0.75,S,1,1994.0,3018,566531.3067223479,283265.6533611739,72.515884,2009,X,6.11,,481576739022023,-95.66073176713,29.578038129093,0.0,s2485,s2485,0.0,0.0,1,1,0.0,0.0,8.173,1.45,0.0,1,0.0,0,0.0,0,0.0,0.0,0,0.0,0,,,
122742894,RES1-1SNB,RES,2.0,C,1,1166.0,1500,149913.37387032676,74956.68693516338,84.292946,1983,AE,0.0,,481576750002031,-95.803886022431,29.565132985446,1.0,s2486,s2486,0.0,0.0,0,1,0.0,0.0,26.283,1.72,0.0,1,0.0,0,0.0,0,0.0,0.0,0,0.0,1,,,
122471542,RES1-1SNB,RES,0.75,S,1,2557.0,3055,428001.77616883727,214000.88808441864,89.545616,2015,X,0.26,,481576755023009,-95.732606926609,29.537568313903,0.0,s2487,s2487,0.0,0.0,1,1,0.0655,0.0,9.851,1.06,0.0,1,0.0,0,0.0,0,0.0,0.0,0,0.0,0,,,
122589807,RES1-1SNB,RES,2.0,C,1,2152.0,2152,340278.99278964225,170139.49639482112,81.660095,2013,X,0.96,,481576747024001,-95.742791890339,29.574684910685,1.0,s2488,s2488,0.0,0.0,0,1,0.0,0.0,30.841,14.22,0.0,1,0.0,0,0.0,0,0.0,0.0,0,0.0,1,,,
122602836,RES1-1SNB,RES,0.75,S,1,1506.0,2071,283468.34513826086,141734.17256913043,77.93804,2013,X,0.0,,481576747024026,-95.729687565678,29.562250426665,1.0,s2489,s2489,0.0,0.0,0,1,0.0,0.0,14.196,11.14,0.0,1,0.013,0,0.0,0,0.0,0.0,0,0.0,0,,,
122667780,RES1-2SNB,RES,0.75,S,2,3859.0,2076,886717.1813699581,443358.59068497905,69.61648,1998,X,6.19,,481576744015001,-95.611685466408,29.558071403055,0.0,s2490,s2490,0.0,0.0,1,1,0.0,0.0,11.151,4.43,0.0,1,0.0,0,0.0,0,0.0,0.0,0,0.0,0,,,
122578443,RES1-1SNB,RES,0.75,S,1,2364.0,2809,552700.7472759337,276350.37363796687,84.02907,2010,AE,3.83,,481576734011022,-95.747967974295,29.598974115495,0.0,s2491,s2491,0.0,0.0,1,1,0.0,0.0,8.547,2.1,0.0,1,0.0,0,0.0,0,0.0,0.0,0,0.0,0,,,
122586381,RES1-1SNB,RES,0.75,S,1,2146.0,2675,521791.0222500372,260895.5111250186,91.974754,2010,X,5.52,,481576734013023,-95.808065694454,29.593742994111,0.0,s2492,s2492,0.0,0.0,1,1,0.0545,0.0,6.298,1.29,0.0,1,0.0,0,0.0,0,0.0,0.0,0,0.0,0,,,
122460867,RES1-1SNB,RES,0.75,S,1,2620.0,3010,726952.404615414,363476.202307707,80.20354,2015,X,0.55,,481576729012070,-95.696619736185,29.625734088104,0.0,s2493,s2493,0.0,0.0,0,1,0.0,0.0,10.999,1.44,0.0,1,0.0,0,0.0,0,0.0,0.0,0,0.0,0,,,
122606553,RES1-1SNB,RES,0.75,S,1,1408.0,1468,160681.71765,80340.858825,90.688324,1979,X,3.67,,481576749004005,-95.770275264406,29.591743490347,0.0,s2494,s2494,0.0,0.0,1,1,0.0,0.0,5.115,12.92,0.0,1,0.0,0,0.0,0,0.0,0.0,0,0.0,0,,,
122635512,RES1-1SNB,RES,0.75,S,1,2859.0,4859,629864.6316247708,314932.3158123854,78.60727,2015,X,4.99,,481576755032013,-95.666626125338,29.531333810559,0.0,s2495,s2495,0.0,0.0,1,1,0.0,0.0,4.265,5.85,0.0,1,0.0,0,0.0,0,0.0,0.0,0,0.0,0,,,
122679885,RES1-2SNB,RES,0.75,S,2,4671.0,2385,995742.7305882652,497871.3652941326,67.85637,1993,X,5.75,,481576742003000,-95.612674578078,29.574008661187,1.0,s2496,s2496,0.0,0.0,0,1,0.0,0.0,16.578,4.59,0.0,1,0.0,0,0.0,0,0.0,0.0,0,0.0,0,,,
122525403,RES1-2SWB,RES,2.0,B,2,3483.0,2392,1006622.680051589,503311.3400257945,83.14611,2015,X,5.43,,481576729012055,-95.685054415732,29.621081521151,0.0,s2497,s2497,0.0,0.0,1,1,0.0,0.0,12.206,7.11,0.0,1,0.0,0,0.0,0,0.0,0.0,0,0.0,0,,,
122622923,RES1-1SNB,RES,0.75,S,1,1812.0,2266,349037.8647757312,174518.9323878656,84.82096,2015,X,0.0,,481576755022017,-95.730516763102,29.52286617618,0.0,s2498,s2498,0.0381,0.0,0,1,0.0472,0.0,7.772,3.3,0.0,1,0.0,0,0.0,0,0.0,0.0,0,0.0,0,,,
122484267,AGR1,COM,0.25,S,1,204.6,1023,20088.617697762635,29128.49566175582,96.6547,2008,X,2.11,,481576751011001,-95.781932099409,29.550231106268,0.0,s2499,s2499,0.0,0.0,1,1,0.0,0.0,6.15,5.32,0.0,1,0.0,0,0.0,0,0.0,0.0,0,0.0,0,,,
122486598,RES3A,RES,0.5,S,1,1580.0,1580,229212.47640000004,80224.36674000001,91.43407,1983,AE,2.78,,481576750002021,-95.791168336453,29.571041656709,0.0,s2500,s2500,0.0,0.0,0,1,0.0,0.0,36.072,21.13,0.0,1,0.0,0,0.0,0,0.0,0.0,0,0.0,1,,,
122611765,EDU1,PUB,0.25,S,2,66788.0,33394,13276460.273947379,8629699.178065797,88.92622,2013,X,6.49,,481576747022039,-95.763877450015,29.57811122828,0.0,s2501,s2501,0.0,0.0,1,1,0.0,0.0,10.526,8.12,0.0,1,0.0,0,0.0,0,0.0,0.0,0,0.0,0,,,
122640982,RES1-1SNB,RES,0.75,S,1,1260.0,1689,326109.6394953434,163054.8197476717,85.831406,2015,X,4.51,,481576755031017,-95.747825956529,29.518224216147,0.0,s2502,s2502,0.0,0.0,1,1,0.0,0.0,2.642,0.44,0.0,1,0.0,0,0.0,0,0.0,0.0,0,0.0,0,,,
122452093,RES1-2SNB,RES,0.75,S,2,4340.0,2338,967771.7107704751,483885.85538523755,76.168,1995,X,5.62,,481576739041012,-95.670359833766,29.599092231758,0.0,s2503,s2503,0.0,0.0,1,1,0.0,0.0,12.664,3.37,0.0,1,0.0,0,0.0,0,0.0,0.0,0,0.0,0,,,
122463005,RES1-1SNB,RES,0.75,S,1,1922.0,2308,455948.7096309423,227974.35481547116,79.49959,2004,X,4.0,,481576746041011,-95.706688404286,29.543763760146,0.0,s2504,s2504,0.0,0.0,1,1,0.0,0.0,6.061,7.47,0.0,1,0.0,0,0.0,0,0.0,0.0,0,0.0,0,,,
122488991,RES1-1SNB,RES,0.75,S,1,1831.0,2015,139275.36675,69637.683375,98.295975,1981,X,4.18,,481576752003000,-95.79849106963201,29.548590205308,0.0,s2505,s2505,0.0,0.0,1,1,0.0,0.0,1.753,1.73,0.0,1,0.0,0,0.0,0,0.0,0.0,0,0.0,0,,,
122681288,RES1-2SNB,RES,0.75,S,2,2324.0,1774,287389.20212746254,143694.60106373127,66.10016,1984,X,4.58,,481576741001007,-95.602716238015,29.583801275808,1.0,s2506,s2506,0.0,0.0,1,1,0.0,0.0,12.379,1.91,0.0,1,0.0,0,0.0,0,0.0,0.0,0,0.0,0,,,
122619863,RES1-1SNB,RES,0.75,S,1,1666.0,2581,132184.80404999998,66092.40202499999,100.14648,1981,X,4.34,,481576752003006,-95.800370675954,29.550586341322,0.0,s2507,s2507,0.0,0.0,1,1,0.0,0.0,2.739,1.0,0.0,1,0.0,0,0.0,0,0.0,0.0,0,0.0,0,,,
122689973,RES1-1SNB,RES,0.75,S,1,3487.0,2701,870494.0207792728,435247.0103896364,67.58745,2013,X,0.34,,481576744021004,-95.60481107359,29.540729735742,1.0,s2508,s2508,0.0,0.0,1,1,0.0,0.0,6.826,0.79,0.0,1,0.0,0,0.0,0,0.0,0.0,0,0.0,0,,,
122475906,COM2,COM,0.25,S,1,2476.0,2476,335529.2078237612,469740.89095326565,85.00788,2010,AE,0.44,,481576734011011,-95.744217807852,29.609530654081,0.0,s2509,s2509,0.0,0.0,1,1,0.0,0.0,3.133,3.4,0.0,1,0.0,0,0.0,0,0.0,0.0,0,0.0,0,,,
122471569,RES1-1SNB,RES,0.75,S,1,3096.0,3861,479568.6600652893,239784.33003264465,90.81743,2015,X,0.49,,481576755023009,-95.733515888927,29.535792536545,0.0,s2510,s2510,0.0,0.0,1,1,0.0,0.0,9.161,0.0,0.0,1,0.0,0,0.0,0,0.0,0.0,0,0.0,0,,,
122638895,RES1-1SNB,RES,0.75,S,1,1540.0,1972,312026.521386651,156013.2606933255,86.226746,2015,X,0.11,,481576755024023,-95.751331969684,29.522585380243,0.0,s2511,s2511,0.0,0.0,0,1,0.0,0.0,3.052,1.12,0.0,1,0.0,0,0.0,0,0.0,0.0,0,0.0,0,,,
122445076,RES1-2SNB,RES,0.75,S,2,4134.0,3289,931055.2841353692,465527.6420676846,70.134186,1993,X,6.33,,481576742002007,-95.631097116344,29.56944716372,1.0,s2512,s2512,0.0,0.0,1,1,0.0,0.0,5.358,3.01,0.0,1,0.0,0,0.0,0,0.0,0.0,0,0.0,0,,,
122570866,COM8,COM,0.25,S,1,3046.0,3046,460227.216,529261.2984,91.98786,1978,X,4.03,,481576748002001,-95.769252638524,29.578825534935,0.0,s2513,s2513,0.0,0.0,1,1,0.0,0.0,5.866,8.77,0.0,1,0.0,0,0.0,0,0.0,0.0,0,0.0,0,,,
122465449,RES1-1SNB,RES,0.75,S,1,4164.0,3579,507029.91290518735,253514.95645259367,82.08865,1988,X,0.0,,481576737001011,-95.713188480618,29.629901963635,0.0,s2514,s2514,0.0,0.0,0,1,0.0,0.0,11.631,3.17,0.0,1,0.0,0,0.0,0,0.0,0.0,0,0.0,0,,,
122642814,RES1-1SNB,RES,0.75,S,1,1592.0,2066,306207.3854458973,153103.69272294865,85.74835,2015,X,3.8,,481576755022008,-95.721353379665,29.53078672653,0.0,s2515,s2515,0.0,0.0,1,1,0.0,0.0,8.489,1.57,0.0,1,0.0,0,0.0,0,0.0,0.0,0,0.0,1,,,
122620469,RES1-1SNB,RES,0.75,S,1,1490.0,2332,145563.58565,72781.792825,100.23781,1987,X,3.04,,481576753001084,-95.814467360699,29.552833321177,0.0,s2516,s2516,0.0,0.0,1,1,0.0,0.0,1.642,8.32,0.0,1,0.0,0,0.0,0,0.0,0.0,0,0.0,0,,,
122473047,RES1-2SNB,RES,0.75,S,2,2286.0,2680,365273.7721497164,182636.8860748582,79.64459,2013,X,0.0,,481576747024011,-95.741164408311,29.571449528304,1.0,s2517,s2517,0.0,0.0,0,1,0.0,0.0,3.6,1.44,0.0,1,0.0,0,0.0,0,0.0,0.0,0,0.0,0,,,
122585267,RES1-1SNB,RES,0.75,S,1,2514.0,4024,579570.7831744062,289785.3915872031,84.21291,2010,AE,4.49,,481576734012004,-95.752326417386,29.612478710928,1.0,s2518,s2518,0.0,0.0,0,1,0.0,0.0,29.871,0.08,0.0,1,0.0,0,0.0,0,0.0,0.0,0,0.0,0,,,
122471033,RES1-2SNB,RES,0.75,S,2,2443.0,1793,512398.03861797665,256199.01930898833,81.573074,1987,X,0.0,38067247,481576736001004,-95.732424573278,29.611705011392,0.0,s2519,s2519,0.0,0.0,1,1,0.0,0.0,2.816,2.5,0.0,1,0.0,0,0.0,0,0.0,0.0,0,0.0,0,,,
122454348,RES1-1SNB,RES,0.75,S,1,1874.0,2403,375070.03566098644,187535.01783049322,79.5462,2005,X,5.05,,481576728021000,-95.680117661682,29.609227353177,0.0,s2520,s2520,0.0,0.0,1,1,0.0137,0.0,6.537,3.26,0.0,1,0.0,0,0.0,0,0.0,0.0,0,0.0,0,,,
122569863,RES1-2SNB,RES,0.75,S,2,3992.0,4075,772182.9077765151,386091.45388825756,85.071526,2010,AE,4.79,,481576734012005,-95.749682728699,29.613663996259,0.0,s2521,s2521,0.0,0.0,0,1,0.0,0.0,30.005,4.07,0.0,1,0.0,0,0.0,0,0.0,0.0,0,0.0,0,,,
122538207,RES1-2SNB,RES,0.75,S,2,9308.0,4950,1641604.8737002031,820802.4368501016,91.21234,2010,X,5.52,,481576734014002,-95.789038603148,29.611210758878,0.0,s2522,s2522,0.0,0.0,1,1,0.0,0.0,14.022,23.7,0.0,1,0.0,0,0.0,0,0.0,0.0,0,0.0,0,,,
122478365,RES1-2SNB,RES,0.75,S,2,4696.0,4182,1068990.0554281513,534495.0277140756,87.56853,2012,X,5.46,,481576734041026,-95.746447400046,29.646629031265,0.0,s2523,s2523,0.0,0.0,1,1,0.0,0.0,14.019,0.48,0.0,1,0.0,0,0.0,0,0.0,0.0,0,0.0,0,,,
122480348,RES1-1SNB,RES,0.75,S,1,2645.0,3374,281257.7233110744,140628.8616555372,95.642685,2008,X,4.24,,481576751013001,-95.756424414129,29.554406542056,0.0,s2524,s2524,0.0,0.0,1,1,0.0,0.0,7.565,18.71,0.0,1,0.0,0,0.0,0,0.0,0.0,0,0.0,0,,,
122480594,RES2,RES,2.0,C,1,538.4,673,33229.332019962356,33229.332019962356,89.57808,2013,X,3.32,,481576747022011,-95.757035609081,29.580397224125,0.0,s2525,s2525,0.0,0.0,1,1,0.0,0.0,36.371,23.69,0.0,1,0.0,0,0.0,0,0.0,0.0,0,0.0,1,,,
122569624,RES1-2SNB,RES,0.75,S,2,2512.0,2007,570761.6904946994,285380.8452473497,84.68761,2010,X,5.69,,481576734012020,-95.746834863792,29.62433260095,0.0,s2526,s2526,0.0,0.0,1,1,0.0059,0.0,2.567,1.51,0.0,1,0.0,0,0.0,0,0.0,0.0,0,0.0,0,,,
122665710,RES1-1SNB,RES,0.75,S,1,2442.0,2286,641866.9035473426,320933.4517736713,69.16558,1998,X,5.09,,481576744015000,-95.611952811967,29.551975123763,0.0,s2527,s2527,0.0,0.0,1,1,0.0,0.0,11.605,0.75,0.0,1,0.0,0,0.0,0,0.0,0.0,0,0.0,0,,,
122582015,RES1-2SNB,RES,0.75,S,2,3335.0,2565,789416.6350961889,394708.31754809443,70.051575,1993,X,4.63,,481576742002002,-95.636190652847,29.565400351069,1.0,s2528,s2528,0.0,0.0,1,1,0.0,0.0,26.194,4.95,0.0,1,0.0,0,0.0,0,0.0,0.0,0,0.0,0,,,
122609575,RES1-1SNB,RES,0.75,S,1,2482.0,2255,463915.96471385,231957.982356925,73.87761,1997,X,4.9,,481576738021016,-95.687625862117,29.595529663118,1.0,s2529,s2529,0.0,0.0,0,1,0.0,0.0,3.45,3.89,0.0,1,0.0,0,0.0,0,0.0,0.0,0,0.0,0,,,
122569236,RES1-1SNB,RES,0.75,S,1,1875.0,2425,324073.2014667677,162036.60073338385,77.907524,2013,X,0.09,,481576747024035,-95.732825040289,29.557841005175,1.0,s2530,s2530,0.0,0.0,0,1,0.0,0.0,13.052,11.39,0.0,1,0.0,0,0.0,0,0.0,0.0,0,0.0,0,,,
122636557,RES1-1SNB,RES,0.75,S,1,2656.0,2157,383475.3260851886,191737.6630425943,89.10303,2011,X,0.06,,481576755013007,-95.776102259864,29.517648789416,0.0,s2531,s2531,0.0,0.0,0,1,0.0,0.0,1.245,2.06,0.0,1,0.0,0,0.0,0,0.0,0.0,0,0.0,0,,,
122526559,RES1-1SNB,RES,0.75,S,1,1986.0,2420,371283.32630194596,185641.66315097298,74.067726,1997,X,5.34,,481576738021015,-95.69064084097501,29.588995907621,1.0,s2532,s2532,0.0,0.0,1,1,0.0,0.0,17.514,3.16,0.0,1,0.0,0,0.0,0,0.0,0.0,0,0.0,0,,,
122559637,RES3A,RES,0.5,S,1,2426.0,2426,314377.5983884294,110032.15943595028,100.85682,1987,X,2.43,,481576753001061,-95.810026216812,29.553228076504,0.0,s2533,s2533,0.0,0.0,1,1,0.0,0.0,2.942,6.51,0.0,1,0.0,0,0.0,0,0.0,0.0,0,0.0,0,,,
122564474,RES1-2SNB,RES,0.75,S,2,2688.0,2810,678782.9571612534,339391.4785806267,68.822815,1987,X,4.79,,481576740011015,-95.626989548767,29.585320609222,1.0,s2534,s2534,0.0,0.0,1,1,0.0,0.0,9.998,2.47,0.0,1,0.0,0,0.0,0,0.0,0.0,0,0.0,0,,,
122473233,RES1-1SNB,RES,0.75,S,1,2404.0,2501,383551.9060768929,191775.95303844646,74.26786,2013,X,0.0,,481576747024011,-95.743514715288,29.561925416684,1.0,s2535,s2535,0.0,0.0,0,1,0.0,0.0,4.507,2.52,0.0,1,0.0,0,0.0,0,0.0,0.0,0,0.0,0,,,
122575813,RES1-1SNB,RES,0.75,S,1,2544.0,2750,668675.3986694696,334337.6993347348,70.75855,2002,X,2.81,,481576746025002,-95.662951360199,29.545588712605,1.0,s2536,s2536,0.0,0.0,1,1,0.0,0.0,2.758,5.63,0.0,1,0.0,0,0.0,0,0.0,0.0,0,0.0,0,,,
122448574,RES1-1SNB,RES,0.75,S,1,1807.0,2404,511363.3470113438,255681.6735056719,73.377174,2002,X,4.67,,481576746022003,-95.665461541608,29.555830157818,1.0,s2537,s2537,0.0,0.0,1,1,0.0,0.0,6.354,2.57,0.0,1,0.0,0,0.0,0,0.0,0.0,0,0.0,0,,,
122473546,RES1-1SNB,RES,0.75,S,1,2957.0,3455,423068.5532338188,211534.2766169094,78.964645,2013,X,0.97,,481576747024011,-95.736160169455,29.567013266316,1.0,s2538,s2538,0.0,0.0,0,1,0.0,0.0,10.428,0.69,0.0,1,0.0,0,0.0,0,0.0,0.0,0,0.0,0,,,
122579576,RES1-1SNB,RES,0.75,S,1,2814.0,3891,691599.3159338381,345799.65796691907,89.077934,2012,A,3.61,,481576734043013,-95.787785084227,29.637754323986,0.0,s2539,s2539,0.0,0.0,0,1,0.0,0.0,4.303,0.44,0.0,1,0.0,0,0.0,0,0.0,0.0,0,0.0,0,,,
122590365,COM1,COM,0.25,S,1,830.15,1349,114000.73485000002,142500.91856250004,88.68093,1979,X,1.0,,481576749003018,-95.76784560139,29.592429582395,0.0,s2540,s2540,0.0,0.0,1,1,0.0,0.0,5.147,7.09,0.0,1,0.0,0,0.0,0,0.0,0.0,0,0.0,0,,,
122477493,RES1-1SNB,RES,0.75,S,1,1549.0,2093,275294.9983546793,137647.49917733966,77.68379,2013,X,3.26,,481576747024015,-95.748243706945,29.560896184719,1.0,s2541,s2541,0.0,0.0,1,1,0.0,0.0,7.674,2.74,0.0,1,0.0,0,0.0,0,0.0,0.0,0,0.0,0,,,
122622338,RES1-1SNB,RES,0.75,S,1,3284.0,3013,722406.4592801142,361203.2296400571,78.55829,2015,X,0.12,,481576755031033,-95.728631452228,29.510814951403,1.0,s2542,s2542,0.0,0.0,0,1,0.0,0.0,12.781,1.03,0.0,1,0.0,0,0.0,0,0.0,0.0,0,0.0,0,,,
122481260,RES1-1SNB,RES,0.75,S,1,1959.0,1612,596219.5711587701,298109.78557938506,88.369774,2012,X,0.0,,481576734042004,-95.761046011678,29.642889995956,0.0,s2543,s2543,0.0,0.0,0,1,0.0,0.0,14.683,0.0,0.0,1,0.0,0,0.0,0,0.0,0.0,0,0.0,0,,,
122457614,RES1-2SNB,RES,0.75,S,2,2396.0,1482,652087.4914838066,326043.7457419033,83.43779,2015,X,5.51,,481576729012052,-95.687055572469,29.626748795828,0.0,s2544,s2544,0.0,0.0,1,1,0.0,0.0,8.154,21.22,0.0,1,0.0,0,0.0,0,0.0,0.0,0,0.0,0,,,
122448696,RES1-2SNB,RES,0.75,S,2,3388.0,1764,814983.6694101004,407491.8347050502,70.92733,2002,X,6.05,,481576746022003,-95.661463574687,29.559747715604,1.0,s2545,s2545,0.0,0.0,1,1,0.0,0.0,5.756,7.82,0.0,1,0.0,0,0.0,0,0.0,0.0,0,0.0,0,,,
122556046,RES1-1SNB,RES,0.75,S,1,1729.0,2136,344500.02719620505,172250.01359810252,95.40574,2015,X,0.96,,481576755021023,-95.753254535463,29.538976259351,0.0,s2546,s2546,0.0,0.0,0,1,0.0,0.0,9.01,1.53,0.0,1,0.0,0,0.0,0,0.0,0.0,0,0.0,0,,,
122527991,RES1-2SNB,RES,0.75,S,2,4075.0,3006,500906.50823695696,250453.25411847848,76.72552,2013,X,4.34,,481576747021015,-95.709887117836,29.565039495831,1.0,s2547,s2547,0.0,0.0,1,1,0.0,0.0,12.997,2.75,0.0,1,0.0,0,0.0,0,0.0,0.0,0,0.0,0,,,
122474391,RES1-1SNB,RES,0.75,S,1,1502.0,1813,346958.1692305549,173479.08461527745,82.46957,1987,X,5.5,,481576736003012,-95.734316199672,29.611400911063,0.0,s2548,s2548,0.0,0.0,1,1,0.0,0.0,3.218,4.25,0.0,1,0.0,0,0.0,0,0.0,0.0,0,0.0,0,,,
122541192,RES1-1SNB,RES,0.75,S,1,453.0,453,125487.32625,62743.663125,86.54889,2008,AE,1.51,,481576733001068,-95.817801233605,29.578297510609,1.0,s2549,s2549,0.0,0.0,0,1,0.2772,0.0,3.043,17.28,0.0,1,0.0,0,0.0,0,0.0,0.0,0,0.0,0,,,
122620205,RES1-2SNB,RES,0.75,S,2,1938.0,2679,352579.66918811674,176289.83459405837,86.03885,2015,X,5.66,,481576755022004,-95.715080068028,29.528346477278,0.0,s2550,s2550,0.0,0.0,1,1,0.0,0.0,7.071,0.62,0.0,1,0.0,0,0.0,0,0.0,0.0,0,0.0,0,,,
122590130,RES1-1SNB,RES,0.75,S,1,1971.0,1575,141800.6214,70900.3107,93.15618,1978,X,5.14,,481576748002021,-95.764410146222,29.57012478523,0.0,s2551,s2551,0.0,0.0,1,1,0.0,0.0,9.651,5.94,0.0,1,0.0,0,0.0,0,0.0,0.0,0,0.0,0,,,
122531951,RES1-1SNB,RES,0.75,S,1,3529.0,2830,526214.4375356376,263107.2187678188,87.94737,2015,X,0.81,,481576755023001,-95.730534736962,29.535948834656,0.0,s2552,s2552,0.0,0.0,0,1,0.0579,0.0,7.725,0.58,0.0,1,0.0,0,0.0,0,0.0,0.0,0,0.0,0,,,
122630078,RES1-1SNB,RES,0.75,S,1,2999.0,2451,401909.8621078665,200954.93105393325,89.352486,2011,X,0.81,,481576755013008,-95.783378627012,29.520735913226,1.0,s2553,s2553,0.0,0.0,0,1,0.0,0.0,0.588,0.17,0.0,1,0.0,0,0.0,0,0.0,0.0,0,0.0,1,,,
122743845,RES1-2SNB,RES,0.75,S,2,2048.0,1500,244719.99038600878,122359.99519300439,95.68328,2008,X,0.0,,481576751013006,-95.751486782282,29.550073316861,0.0,s2554,s2554,0.0,0.0,1,1,0.0,0.0,18.34,22.91,0.0,1,0.0,0,0.0,0,0.0,0.0,0,0.0,0,,,
122642246,RES1-2SNB,RES,0.75,S,2,2484.0,1859,403083.3203734855,201541.66018674275,88.279144,2015,X,5.58,,481576755024017,-95.732055213691,29.528424816932,0.0,s2555,s2555,0.0,0.0,1,1,0.0,0.0,12.141,1.04,0.0,1,0.0,0,0.0,0,0.0,0.0,0,0.0,0,,,
122492343,RES1-1SNB,RES,2.0,C,1,1420.0,1732,198257.09203850577,99128.54601925288,102.5181,1983,X,4.16,,481576750002037,-95.806465296267,29.563945244119,0.0,s2556,s2556,0.0,0.0,1,1,0.0,0.0,19.581,16.46,0.0,1,0.0,0,0.0,0,0.0,0.0,0,0.0,0,,,
122602108,RES1-1SNB,RES,0.75,S,1,2950.0,3641,741990.0220173699,370995.01100868493,70.04425,2002,X,4.82,,481576746022011,-95.657199356316,29.558416206263,1.0,s2557,s2557,0.0,0.0,1,1,0.0,0.0,16.114,4.01,0.0,1,0.0,0,0.0,0,0.0,0.0,0,0.0,0,,,
122589087,RES1-1SNB,RES,0.75,S,1,1549.0,2026,293598.4909056175,146799.24545280874,80.97518,1989,X,3.73,,481576746032010,-95.691307186409,29.540471142543,0.0,s2558,s2558,0.0,0.0,1,1,0.0,0.0,7.539,6.44,0.0,1,0.0,0,0.0,0,0.0,0.0,0,0.0,0,,,
122514004,RES1-1SNB,RES,2.0,C,1,4117.0,4117,957166.4535497504,478583.2267748752,105.83019,2008,X,3.84,,481576733002000,-95.894795672938,29.675404248057,1.0,s2559,s2559,0.0,0.0,0,1,0.0,0.0,30.868,2.2,0.0,1,0.0,0,0.0,0,0.0,0.0,0,0.0,0,,,
122460860,RES1-1SNB,RES,0.75,S,1,3553.0,2699,898904.7826339366,449452.3913169683,82.014984,2015,X,2.25,,481576729012070,-95.700291569333,29.630379803258,0.0,s2560,s2560,0.0,0.0,0,1,0.0,0.0,10.334,6.05,0.0,1,0.0,0,0.0,0,0.0,0.0,0,0.0,0,,,
122711059,RES1-1SNB,RES,0.75,S,1,2821.0,3537,702921.345115134,351460.672557567,68.15122,1998,X,4.66,,481576744015009,-95.603674244865,29.557704374629,0.0,s2561,s2561,0.0,0.0,1,1,0.0,0.0,8.333,2.68,0.0,1,0.0,0,0.0,0,0.0,0.0,0,0.0,0,,,
122477445,RES1-1SNB,RES,0.75,S,1,2461.0,1806,580697.6322014971,290348.81610074855,88.36746,2010,AE,4.55,,481576734011010,-95.748163215133,29.608814211321,0.0,s2562,s2562,0.0,0.0,1,1,0.0,0.0,28.875,4.95,0.0,1,0.0,0,0.0,0,0.0,0.0,0,0.0,0,,,
122535609,RES1-1SNB,RES,0.75,S,1,1075.0,1155,144741.51739030235,72370.75869515118,84.07543,1979,AE,3.63,,481576749002003,-95.765463931836,29.585448503238,1.0,s2563,s2563,0.0,0.0,1,1,0.0,0.0,14.494,1.7,0.0,1,0.0,0,0.0,0,0.0,0.0,0,0.0,0,,,
122534296,RES1-1SNB,RES,2.0,C,1,1534.0,2266,274660.0304108074,137330.0152054037,82.08381,2013,X,0.0,23101364,481576747024054,-95.753783787388,29.563255256808,1.0,s2564,s2564,0.0,0.0,0,1,0.0,0.0,10.899,13.86,0.0,1,0.0,0,0.0,0,0.0,0.0,0,0.0,0,,,
122530768,RES1-2SNB,RES,0.75,S,2,2514.0,2159,550418.7760574906,275209.3880287453,84.62379,1992,X,4.93,,481576735022000,-95.734745822939,29.639672511424,0.0,s2565,s2565,0.0,0.0,1,1,0.0,0.0,8.708,7.13,0.0,1,0.0,0,0.0,0,0.0,0.0,0,0.0,0,,,
122528024,RES1-2SNB,RES,0.75,S,2,4876.0,3510,597405.1046261876,298702.5523130938,76.595825,2013,X,4.28,,481576747021015,-95.711381113241,29.565522123359,1.0,s2566,s2566,0.0,0.0,1,1,0.0,0.0,14.329,2.19,0.0,1,0.0,0,0.0,0,0.0,0.0,0,0.0,0,,,
122532509,RES1-1SNB,RES,0.75,S,1,4618.0,5319,1032803.1263976616,516401.5631988308,87.600044,2012,X,4.97,,481576734042011,-95.753136219457,29.63493928075,0.0,s2567,s2567,0.0,0.0,1,1,0.0,0.0,20.196,3.22,0.0,1,0.0,0,0.0,0,0.0,0.0,0,0.0,0,,,
122512381,RES1-2SNB,RES,0.75,S,2,1648.0,824,476245.3192905932,238122.6596452966,104.21746,2008,X,7.22,,481576733001043,-95.891098800629,29.660964401159,1.0,s2568,s2568,0.0,0.0,0,1,0.0,0.0,24.845,6.57,0.0,1,0.0,0,0.0,0,0.0,0.0,0,0.0,0,,,
122591069,RES1-1SNB,RES,0.75,S,1,2034.0,2600,268836.91779889783,134418.45889944892,98.631386,1981,X,3.89,,481576751022025,-95.789511857926,29.543406899299,0.0,s2569,s2569,0.0,0.0,0,1,0.0,0.0,7.669,0.61,0.0,1,0.0,0,0.0,0,0.0,0.0,0,0.0,0,,,
122480461,RES1-1SNB,RES,0.75,S,1,2960.0,3696,311180.1582166558,155590.0791083279,95.733955,2008,X,4.9,,481576751013001,-95.756252649209,29.554374135612,0.0,s2570,s2570,0.0,0.0,1,1,0.0,0.0,8.394,19.69,0.0,1,0.0,0,0.0,0,0.0,0.0,0,0.0,0,,,
122455464,RES1-2SNB,RES,0.75,S,2,3334.0,2776,784704.737029579,392352.3685147895,71.28342,1988,X,6.21,,481576746011010,-95.674102709616,29.556346229465,1.0,s2571,s2571,0.0,0.0,1,1,0.0,0.0,16.589,1.43,0.0,1,0.0,0,0.0,0,0.0,0.0,0,0.0,1,,,
122552733,RES1-2SNB,RES,0.75,S,2,2292.0,1698,391180.6134271714,195590.3067135857,79.61897,1989,X,4.52,,481576746032017,-95.688243643569,29.536559820624,0.0,s2572,s2572,0.0,0.0,1,1,0.0,0.0,6.092,4.14,0.0,1,0.0,0,0.0,0,0.0,0.0,0,0.0,0,,,
122614250,RES1-1SNB,RES,0.75,S,1,2370.0,3100,626896.3184115693,313448.1592057847,76.59487,1995,X,3.99,,481576739041006,-95.67832237522,29.600285057079,0.0,s2573,s2573,0.0,0.0,1,1,0.0,0.0,2.05,10.46,0.0,1,0.0,0,0.0,0,0.0,0.0,0,0.0,0,,,
122541653,RES1-1SNB,RES,0.75,S,1,2544.0,1993,717139.5596305174,358569.7798152587,93.60308,2013,AE,0.2,,481576734022021,-95.815373192399,29.63429599044,0.0,s2574,s2574,0.0,0.0,0,1,0.0,0.0,3.546,2.47,0.0,1,0.0,0,0.0,0,0.0,0.0,0,0.0,0,,,
122619948,COM3,COM,0.5,C,1,5709.0,5709,811574.0439240001,1217361.0658860002,76.08753,1994,AE,2.12,,481576738012001,-95.704137784261,29.588601770309,1.0,s2575,s2575,0.0,0.0,0,1,0.0,0.0,2.734,9.9,0.0,1,0.0,0,0.0,0,0.0,0.0,0,0.0,0,,,
122743872,RES1-1SNB,RES,0.75,S,1,2160.0,1500,255184.52310034912,127592.26155017456,95.54375,2008,X,0.0,,481576751013001,-95.751961996198,29.549003214028,0.0,s2576,s2576,0.0,0.0,1,1,0.0,0.0,16.567,28.1,0.0,1,0.0,0,0.0,0,0.0,0.0,0,0.0,0,,,
122624090,RES1-1SNB,RES,0.75,S,1,2720.0,2100,619364.1260715197,309682.06303575984,82.5956,2015,X,4.84,,481576755031034,-95.737960566855,29.510660416902,0.0,s2577,s2577,0.0,0.0,0,1,0.0,0.0,11.981,0.56,0.0,1,0.052,0,0.0,0,0.0,0.0,0,0.0,0,,,
122510104,RES1-1SNB,RES,0.75,S,1,3141.0,5038,764287.4324373003,382143.71621865017,102.47765,2008,X,4.91,,481576733001029,-95.877005523094,29.664270401705,0.0,s2578,s2578,0.0,0.0,0,1,0.0,0.0,1.637,4.15,0.0,1,0.0,0,0.0,0,0.0,0.0,0,0.0,0,,,
122484377,RES1-2SNB,RES,0.75,S,2,1932.0,1769,199809.61474949596,99904.80737474798,98.799065,2008,X,5.15,,481576751011001,-95.781463315595,29.551844703002,0.0,s2579,s2579,0.0,0.0,1,1,0.0,0.0,6.741,4.72,0.0,1,0.0,0,0.0,0,0.0,0.0,0,0.0,0,,,
122527471,RES1-1SNB,RES,0.75,S,1,1686.0,2112,308357.873199372,154178.936599686,82.56062,1989,X,3.91,,481576746033006,-95.698080668031,29.543330233547,0.0,s2580,s2580,0.0,0.0,1,1,0.0,0.0,8.474,4.2,0.0,1,0.0,0,0.0,0,0.0,0.0,0,0.0,0,,,
122743037,RES1-1SNB,RES,2.0,C,1,1215.0,1500,107725.52459453903,53862.76229726952,98.62429,1981,X,0.0,,481576752001055,-95.804051117214,29.549866623969,0.0,s2581,s2581,0.0,0.0,1,1,0.0,0.0,4.26,3.16,0.0,1,0.0,0,0.0,0,0.0,0.0,0,0.0,0,,,
122635143,IND5,IND,0.25,S,1,2786.0,2786,699168.6760043111,1188586.7492073288,70.85001,2015,X,5.7,,481576755032047,-95.631231974607,29.484139937277,0.0,s2582,s2582,0.0,0.0,1,1,0.0,0.0,6.857,56.24,0.0,1,0.0,0,0.0,0,0.0,0.0,0,0.0,1,,,
122488078,RES3A,RES,0.5,S,1,1721.0,1721,292755.3103671459,102464.35862850107,86.65024,2010,AE,4.64,,481576734013007,-95.796408026129,29.584223764449,1.0,s2583,s2583,0.0,0.0,0,1,0.1736,0.0,0.617,3.5,0.0,1,0.0,0,0.0,0,0.0,0.0,0,0.0,0,,,
122531677,RES1-1SNB,RES,0.75,S,1,1591.0,1951,315327.8685548704,157663.9342774352,90.24259,2015,X,3.87,,481576755023001,-95.728797184777,29.537984354048,0.0,s2584,s2584,0.0,0.0,0,1,0.0,0.0,6.319,3.12,0.0,1,0.0,0,0.0,0,0.0,0.0,0,0.0,0,,,
122619683,GOV1,PUB,0.25,S,1,8373.0,8373,1084415.25735,759090.680145,90.157,1979,X,4.22,,481576749002014,-95.764091252427,29.58223788278,0.0,s2585,s2585,0.0,0.0,1,1,0.0,0.0,18.291,11.32,0.0,1,0.0,0,0.0,0,0.0,0.0,0,0.0,0,,,
122559203,RES1-2SNB,RES,0.75,S,2,3887.0,4360,763693.2314570416,381846.6157285208,90.53606,2010,X,3.35,,481576734014004,-95.798496222183,29.621561566832,0.0,s2586,s2586,0.0,0.0,0,1,0.0,0.0,2.672,2.89,0.0,1,0.0,0,0.0,0,0.0,0.0,0,0.0,0,,,
122625557,RES1-1SNB,RES,0.75,S,1,1457.0,1842,302173.1440385653,151086.57201928264,85.23787,2015,X,0.04,,481576755024011,-95.746221909561,29.523155267074,0.0,s2587,s2587,0.0,0.0,0,1,0.0,0.0,8.173,1.64,0.0,1,0.0,0,0.0,0,0.0,0.0,0,0.0,0,,,
122616929,RES1-2SNB,RES,0.75,S,2,2827.0,3936,181800.7542,90900.3771,99.04803,1981,X,4.88,,481576752003020,-95.798213024783,29.542928895426,0.0,s2588,s2588,0.0,0.0,1,1,0.0,0.0,5.097,10.42,0.0,1,0.0,0,0.0,0,0.0,0.0,0,0.0,0,,,
122714198,RES1-2SNB,RES,0.75,S,2,3468.0,1920,820239.5148176705,410119.7574088352,68.143394,1998,X,6.0,,481576744015006,-95.6133115515,29.555063142014,0.0,s2589,s2589,0.0,0.0,1,1,0.0,0.0,14.079,4.89,0.0,1,0.0,0,0.0,0,0.0,0.0,0,0.0,1,,,
122586390,RES1-1SNB,RES,0.75,S,1,2401.0,2868,563763.8976373674,281881.9488186837,91.86255,2010,X,4.86,,481576734013023,-95.807877343512,29.593491125318,0.0,s2590,s2590,0.0,0.0,1,1,0.1202,0.0,6.653,1.64,0.0,1,0.0,0,0.0,0,0.0,0.0,0,0.0,0,,,
122454157,RES1-1SNB,RES,0.75,S,1,3010.0,2825,747742.2797523781,373871.13987618906,70.34613,2003,X,5.26,,481576747012005,-95.676040408498,29.56524747944,1.0,s2591,s2591,0.0,0.0,1,1,0.0,0.0,2.212,4.95,0.0,1,0.0,0,0.0,0,0.0,0.0,0,0.0,0,,,
122554415,RES1-2SNB,RES,0.75,S,2,1720.0,2356,299421.882535436,149710.941267718,77.84628,2013,X,5.12,,481576747024022,-95.737654398847,29.564923277399,1.0,s2592,s2592,0.0,0.0,1,1,0.0,0.0,11.202,1.23,0.0,1,0.0,0,0.0,0,0.0,0.0,0,0.0,0,,,
122488928,RES1-1SNB,RES,2.0,C,1,2128.0,1982,167697.61074071616,83848.80537035808,100.10285,1981,X,3.02,,481576752003000,-95.796345857191,29.551337661926,0.0,s2593,s2593,0.0,0.0,1,1,0.0,0.0,2.971,5.87,0.0,1,0.0,0,0.0,0,0.0,0.0,0,0.0,0,,,
122596372,RES1-1SNB,RES,0.75,S,1,3004.0,3265,741897.2295140587,370948.61475702934,70.21879,1993,X,5.19,,481576742004001,-95.62679103771,29.572910377654,1.0,s2594,s2594,0.0,0.0,1,1,0.0,0.0,6.001,3.48,0.0,1,0.0,0,0.0,0,0.0,0.0,0,0.0,0,,,
122744108,RES2,RES,2.0,C,2,2016.0,1500,134720.7568370589,134720.7568370589,81.64662,2002,X,0.0,,481576746023021,-95.653400317895,29.542424961099,0.0,s2595,s2595,0.0,0.0,0,1,0.0,0.0,29.544,6.72,0.0,1,0.0,0,0.0,0,0.0,0.0,0,0.0,0,,,
122444111,RES1-1SNB,RES,0.75,S,1,3045.0,3552,740988.7555382999,370494.37776914996,70.823784,1993,X,4.49,,481576742004006,-95.627472096688,29.569683039667,1.0,s2596,s2596,0.0,0.0,1,1,0.0,0.0,7.298,4.35,0.0,1,0.0,0,0.0,0,0.0,0.0,0,0.0,0,,,
122581922,RES1-1SNB,RES,0.75,S,1,2589.0,3085,675463.7399770829,337731.86998854147,70.337715,1998,X,4.41,,481576744013002,-95.631068722072,29.558362037697,0.0,s2597,s2597,0.0,0.0,1,1,0.0,0.0,4.394,5.66,0.0,1,0.0,0,0.0,0,0.0,0.0,0,0.0,0,,,
122604441,RES1-2SNB,RES,0.75,S,2,3526.0,2843,831194.1422653385,415597.0711326692,71.50031,2009,X,4.19,,481576739021016,-95.634620666096,29.598437854798,1.0,s2598,s2598,0.0,0.0,1,1,0.0,0.0,7.004,2.49,0.0,1,0.0,0,0.0,0,0.0,0.0,0,0.0,1,,,
122614543,RES1-1SNB,RES,0.75,S,1,2596.0,3236,682348.5844587216,341174.2922293608,70.71069,2002,X,5.0,,481576746022006,-95.65771366605,29.559153191532,1.0,s2599,s2599,0.0,0.0,1,1,0.0,0.0,12.399,4.02,0.0,1,0.0,0,0.0,0,0.0,0.0,0,0.0,0,,,
122607975,RES2,RES,2.0,C,1,1380.0,434,81276.49537092325,81276.49537092325,92.93268,1979,X,3.04,,481576749003014,-95.769758593915,29.5957005462,0.0,s2600,s2600,0.0,0.0,1,1,0.0,0.0,4.759,13.87,0.0,1,0.0,0,0.0,0,0.0,0.0,0,0.0,0,,,
122584605,RES1-2SNB,RES,0.75,S,2,2384.0,2464,364668.46127263043,182334.23063631522,78.38258,2013,X,5.19,,481576747024021,-95.735862175425,29.565516517307,1.0,s2601,s2601,0.0,0.0,1,1,0.0,0.0,8.377,1.47,0.0,1,0.0,0,0.0,0,0.0,0.0,0,0.0,0,,,
122455548,RES1-1SNB,RES,0.75,S,1,1860.0,2405,519765.2482386618,259882.6241193309,76.39166,1988,X,5.49,,481576746011010,-95.679323632048,29.558844510287,0.0,s2602,s2602,0.0,0.0,1,1,0.0,0.0,12.478,6.28,0.0,1,0.0,0,0.0,0,0.0,0.0,0,0.0,1,,,
122627935,RES1-1SNB,RES,0.75,S,1,1544.0,1908,296444.9300046825,148222.46500234125,89.71185,2015,X,5.97,,481576755021044,-95.759273328905,29.523910924842,0.0,s2603,s2603,0.0,0.0,1,1,0.0,0.0,9.538,0.1,0.0,1,0.0,0,0.0,0,0.0,0.0,0,0.0,0,,,
122472875,RES1-1SNB,RES,0.75,S,1,3298.0,2695,458924.0752633786,229462.0376316893,79.22084,2013,X,0.02,,481576747024011,-95.742045593708,29.565348253554,1.0,s2604,s2604,0.0,0.0,0,1,0.0,0.0,13.375,4.11,0.0,1,0.0,0,0.0,0,0.0,0.0,0,0.0,0,,,
122667121,RES1-2SNB,RES,0.75,S,2,2455.0,1533,297508.0019334372,148754.0009667186,67.212204,1984,X,5.34,,481576741001009,-95.605789332893,29.576841946934,1.0,s2605,s2605,0.0,0.0,1,1,0.0,0.0,12.899,3.15,0.0,1,0.0,0,0.0,0,0.0,0.0,0,0.0,0,,,
122548605,RES1-2SNB,RES,0.75,S,2,4065.0,2901,935658.0461532323,467829.02307661617,70.68695,1998,X,4.93,,481576744012004,-95.63187715347,29.563302711188,0.0,s2606,s2606,0.0,0.0,1,1,0.0,0.0,8.112,1.95,0.0,1,0.0,0,0.0,0,0.0,0.0,0,0.0,1,,,
122523602,RES1-2SNB,RES,0.75,S,2,3265.0,1836,785266.9319748281,392633.46598741406,74.37747,1996,X,6.18,,481576739032015,-95.673553674528,29.589608509977,1.0,s2607,s2607,0.0,0.0,1,1,0.0,0.0,13.885,1.42,0.0,1,0.0,0,0.0,0,0.0,0.0,0,0.0,0,,,
122581895,RES1-2SNB,RES,0.75,S,2,2960.0,2133,741861.956628895,370930.9783144475,71.523926,1998,X,5.09,,481576744013002,-95.632893538452,29.557575881232,0.0,s2608,s2608,0.0,0.0,1,1,0.0,0.0,3.943,4.04,0.0,1,0.0,0,0.0,0,0.0,0.0,0,0.0,0,,,
122454475,RES1-2SNB,RES,0.75,S,2,2884.0,2198,497297.1305110031,248648.56525550154,79.694405,2005,X,6.44,,481576728021000,-95.67887025796,29.607629530226,0.0,s2609,s2609,0.0,0.0,1,1,0.0,0.0,9.491,1.01,0.0,1,0.0,0,0.0,0,0.0,0.0,0,0.0,0,,,
122451209,RES1-1SNB,RES,0.75,S,1,2754.0,3389,717865.0389052823,358932.51945264114,72.54924,2009,X,4.6,,481576739022023,-95.661657943084,29.5803850976,0.0,s2610,s2610,0.0,0.0,1,1,0.0,0.0,6.773,2.59,0.0,1,0.0,0,0.0,0,0.0,0.0,0,0.0,0,,,
122557987,RES1-1SNB,RES,0.75,S,1,4421.0,4421,986160.5309378684,493080.2654689342,87.98226,2012,AE,4.49,,481576734043017,-95.77686378308,29.629546490831,0.0,s2611,s2611,0.0,0.0,0,1,0.0,0.0,5.229,0.64,0.0,1,0.0,0,0.0,0,0.0,0.0,0,0.0,0,,,
122568014,RES1-1SNB,RES,0.75,S,1,2366.0,2576,532209.3733226568,266104.6866613284,71.56354,2004,X,4.68,,481576746041007,-95.697824046464,29.554209644129,1.0,s2612,s2612,0.0,0.0,1,1,0.0,0.0,8.476,3.68,0.0,1,0.0,0,0.0,0,0.0,0.0,0,0.0,0,,,
122589405,RES1-1SNB,RES,0.75,S,1,1509.0,1769,351678.86851792433,175839.43425896217,82.567116,1987,X,4.35,,481576736001007,-95.725668184845,29.606865434495,0.0,s2613,s2613,0.0,0.0,1,1,0.0,0.0,5.041,8.97,0.0,1,0.0,0,0.0,0,0.0,0.0,0,0.0,0,,,
122590487,COM1,COM,0.5,C,1,1311.4,1448,179068.9848,223836.231,87.46574,1979,X,3.35,,481576749004009,-95.768619963289,29.588926641441,0.0,s2614,s2614,0.0,0.0,1,1,0.0,0.0,11.039,1.37,0.0,1,0.0,0,0.0,0,0.0,0.0,0,0.0,0,,,
122567793,RES1-2SNB,RES,0.75,S,2,2866.0,2014,369575.1553132916,184787.5776566458,76.512115,1994,X,5.44,,481576738012007,-95.691535307346,29.579010228577,1.0,s2615,s2615,0.0,0.0,1,1,0.0,0.0,30.581,8.66,0.0,1,0.0,0,0.0,0,0.0,0.0,0,0.0,1,,,
122557616,RES3A,RES,0.5,S,1,695.92,775,112017.95646522981,39206.28476283043,101.099106,1979,X,2.26,,481576749001013,-95.774328063036,29.582929737463,0.0,s2616,s2616,0.0,0.0,1,1,0.0,0.0,3.887,13.44,0.0,1,0.0,0,0.0,0,0.0,0.0,0,0.0,0,,,
122667173,RES1-2SNB,RES,0.75,S,2,4258.0,3399,450757.20460806234,225378.60230403117,68.359085,1984,X,4.73,,481576741001023,-95.609032537302,29.574077957742,1.0,s2617,s2617,0.0,0.0,1,1,0.0,0.0,17.252,3.58,0.0,1,0.0,0,0.0,0,0.0,0.0,0,0.0,0,,,
122595333,RES3A,RES,0.5,S,1,2512.0,2909,343645.2954,120275.85338999999,99.93408,1981,X,4.14,,481576751021016,-95.793232144155,29.555566242129,0.0,s2618,s2618,0.0,0.0,1,1,0.0,0.0,2.552,10.05,0.0,1,0.0,0,0.0,0,0.0,0.0,0,0.0,0,,,
122616076,RES1-1SNB,RES,0.75,S,1,1432.0,1988,120274.54919999998,60137.27459999999,98.24054,1981,X,5.71,,481576752003011,-95.799914305714,29.547941030748,0.0,s2619,s2619,0.0,0.0,1,1,0.0,0.0,3.725,0.76,0.0,1,0.0,0,0.0,0,0.0,0.0,0,0.0,0,,,
122713762,RES1-1SNB,RES,0.75,S,1,2367.0,2274,290465.7962473801,145232.89812369004,66.31165,1984,X,4.42,,481576741001011,-95.60539918619,29.5778188259,1.0,s2620,s2620,0.0,0.0,1,1,0.0,0.0,14.38,3.66,0.0,1,0.0,0,0.0,0,0.0,0.0,0,0.0,0,,,
122511597,AGR1,COM,0.25,S,1,4950.0,4950,505044.45349411666,732314.4575664691,104.83453,2008,X,3.21,,481576733001007,-95.885617433173,29.672404617264,0.0,s2621,s2621,0.0,0.0,0,1,0.0,0.0,6.63,4.15,0.0,1,0.0,0,0.0,0,0.0,0.0,0,0.0,0,,,
122604835,RES1-2SNB,RES,0.75,S,2,4070.0,2534,922337.8145037285,461168.90725186426,76.85048,1995,X,5.5,,481576739041019,-95.677325301111,29.597688007869,0.0,s2622,s2622,0.0,0.0,1,1,0.0,0.0,5.485,1.72,0.0,1,0.0,0,0.0,0,0.0,0.0,0,0.0,1,,,
122625120,RES1-1SNB,RES,0.75,S,1,1472.0,1938,307439.79022123513,153719.89511061757,84.92324,2015,X,0.56,,481576755024011,-95.743077096932,29.521968592286,0.0,s2623,s2623,0.0,0.0,0,1,0.0,0.0,8.639,1.06,0.0,1,0.0,0,0.0,0,0.0,0.0,0,0.0,0,,,
122489425,RES1-1SNB,RES,0.75,S,1,2681.0,3560,173195.08245,86597.541225,97.61716,1981,X,5.05,,481576752003013,-95.798694572275,29.54268156238,0.0,s2624,s2624,0.0,0.0,1,1,0.0,0.0,4.656,6.9,0.0,1,0.0,0,0.0,0,0.0,0.0,0,0.0,0,,,
122469068,RES1-1SNB,RES,0.75,S,1,1952.0,2509,338677.30313356745,169338.65156678372,78.03134,2013,X,0.14,,481576747024024,-95.731935786645,29.560181983112,1.0,s2625,s2625,0.0,0.0,0,1,0.0,0.0,14.18,10.75,0.0,1,0.0,0,0.0,0,0.0,0.0,0,0.0,0,,,
122482914,RES1-1SNB,RES,0.75,S,1,1491.0,1491,388609.8620318373,194304.93101591864,89.06686,2010,X,3.05,,481576734012011,-95.767707268657,29.610700781844,0.0,s2626,s2626,0.0,0.0,1,1,0.0,0.0,30.862,15.39,0.0,1,0.0,0,0.0,0,0.0,0.0,0,0.0,1,,,
122455903,RES1-1SNB,RES,0.75,S,1,1862.0,2365,527826.3326870548,263913.1663435274,76.81055,1995,X,4.39,,481576739041009,-95.680310300487,29.596054031694,0.0,s2627,s2627,0.0,0.0,1,1,0.0,0.0,6.88,5.05,0.0,1,0.0,0,0.0,0,0.0,0.0,0,0.0,0,,,
122614258,RES1-2SNB,RES,0.75,S,2,2528.0,2382,656724.1847302543,328362.0923651272,76.63412,1995,X,4.44,,481576739041006,-95.677603206661,29.600723419068,0.0,s2628,s2628,0.0,0.0,1,1,0.0,0.0,1.643,8.39,0.0,1,0.0,0,0.0,0,0.0,0.0,0,0.0,0,,,
122552677,RES1-2SNB,RES,0.75,S,2,2509.0,1797,407610.5953339677,203805.29766698385,78.659775,1989,X,5.0,,481576746031014,-95.692331941574,29.545818565782,0.0,s2629,s2629,0.0,0.0,1,1,0.0,0.0,12.043,10.62,0.0,1,0.0,0,0.0,0,0.0,0.0,0,0.0,0,,,
122572028,RES1-1SNB,RES,2.0,C,1,748.0,920,91751.87250000001,45875.936250000006,99.61642,1983,X,6.16,,481576750001016,-95.798338376868,29.561437761353,0.0,s2630,s2630,0.0,0.0,1,1,0.0,0.0,7.0,5.15,0.0,1,0.0,0,0.0,0,0.0,0.0,0,0.0,0,,,
122538282,RES1-2SNB,RES,0.75,S,2,4758.0,5040,890352.0628048701,445176.03140243504,86.98951,2010,AE,2.73,,481576734014002,-95.786200432843,29.62245331701,1.0,s2631,s2631,0.0,0.0,0,1,0.0,0.0,11.439,2.81,0.0,1,0.0,0,0.0,0,0.0,0.0,0,0.0,0,,,
122681403,RES1-2SNB,RES,0.75,S,2,3201.0,1845,342398.64303869347,171199.32151934673,66.71637,1984,X,5.61,,481576741001002,-95.604614383501,29.589711919371,1.0,s2632,s2632,0.0,0.0,1,1,0.0,0.0,4.26,1.42,0.0,1,0.0,0,0.0,0,0.0,0.0,0,0.0,0,,,
122475608,RES1-1SWB,RES,2.0,B,1,1889.0,2522,442972.89424699405,221486.44712349703,79.95771,1994,AE,0.97,,481576738013009,-95.743659070401,29.584760309583,1.0,s2633,s2633,0.0,0.0,0,1,0.0,0.0,2.043,1.06,0.0,1,0.0,0,0.0,0,0.0,0.0,0,0.0,0,,,
122547816,RES1-2SNB,RES,0.75,S,2,3212.0,2547,779466.0187678282,389733.0093839141,68.30026,1998,X,5.61,,481576744013000,-95.6278708321,29.556658468738,0.0,s2634,s2634,0.0,0.0,1,1,0.0,0.0,7.456,2.8,0.0,1,0.0,0,0.0,0,0.0,0.0,0,0.0,0,,,
122531699,RES1-1SNB,RES,0.75,S,1,1605.0,1966,309923.3103382454,154961.6551691227,92.14333,2015,X,4.92,,481576755023001,-95.732462736759,29.540828170423,0.0,s2635,s2635,0.0,0.0,1,1,0.0,0.0,13.379,10.92,0.0,1,0.0,0,0.0,0,0.0,0.0,0,0.0,0,,,
122599664,RES1-1SNB,RES,0.75,S,1,3508.0,3758,851689.5207351049,425844.76036755246,73.0659,2009,X,5.84,,481576739022015,-95.654681589434,29.581386694909,0.0,s2636,s2636,0.0,0.0,1,1,0.0,0.0,9.508,1.93,0.0,1,0.0,0,0.0,0,0.0,0.0,0,0.0,0,,,
122585171,RES1-1SNB,RES,0.75,S,1,1715.0,2180,296014.6519422065,148007.32597110324,83.48456,2013,X,3.05,,481576747024067,-95.749679853003,29.551608360401,1.0,s2637,s2637,0.0,0.0,1,1,0.0,0.0,17.882,17.25,0.0,1,0.0,0,0.0,0,0.0,0.0,0,0.0,0,,,
122616061,RES2,RES,2.0,C,1,980.0,1812,53086.408350000005,53086.408350000005,99.719475,1983,X,3.23,,481576750001035,-95.799868742286,29.560158087423,0.0,s2638,s2638,0.0,0.0,1,1,0.0,0.0,9.837,9.76,0.0,1,0.0,0,0.0,0,0.0,0.0,0,0.0,0,,,
122611154,RES1-1SNB,RES,2.0,C,1,1064.0,1004,180054.27095399998,90027.13547699999,86.72523,2013,X,5.48,,481576747022050,-95.76030531289,29.577183782983,0.0,s2639,s2639,0.0,0.0,1,1,0.0,0.0,11.679,8.41,0.0,1,0.0,0,0.0,0,0.0,0.0,0,0.0,0,,,
122638938,RES1-1SNB,RES,0.75,S,1,1425.0,1934,294743.95191553835,147371.97595776917,87.69754,2015,X,0.54,,481576755024023,-95.75243700668,29.522477251778,0.0,s2640,s2640,0.0,0.0,0,1,0.0,0.0,5.481,1.48,0.0,1,0.0,0,0.0,0,0.0,0.0,0,0.0,0,,,
122484179,RES1-2SNB,RES,0.75,S,2,2442.0,1909,231023.21848275332,115511.60924137666,98.79715,2008,X,4.23,,481576751012003,-95.777675665711,29.556222271021,0.0,s2641,s2641,0.0,0.0,0,1,0.0,0.0,6.497,1.21,0.0,1,0.0,0,0.0,0,0.0,0.0,0,0.0,0,,,
122565443,RES1-2SNB,RES,0.75,S,2,5055.0,4041,1116625.7845169224,558312.8922584612,72.64125,1998,X,6.41,,481576744011012,-95.643392284515,29.568325398869,0.0,s2642,s2642,0.0,0.0,0,1,0.0,0.0,5.622,0.73,0.0,1,0.0,0,0.0,0,0.0,0.0,0,0.0,0,,,
122601199,RES1-1SNB,RES,0.75,S,1,1456.0,1649,121596.22215,60798.111075,100.2733,1981,X,4.87,,481576752002041,-95.800968539112,29.55264341785,0.0,s2643,s2643,0.0,0.0,1,1,0.0,0.0,3.148,6.25,0.0,1,0.0,0,0.0,0,0.0,0.0,0,0.0,0,,,
122588186,RES1-2SNB,RES,0.75,S,2,3083.0,3168,772319.2513357009,386159.6256678504,74.514175,2009,X,5.95,,481576739023036,-95.656675592455,29.599384761289,0.0,s2644,s2644,0.0,0.0,1,1,0.0,0.0,11.464,0.65,0.0,1,0.0,0,0.0,0,0.0,0.0,0,0.0,0,,,
122477528,RES1-1SNB,RES,0.75,S,1,1824.0,1278,469880.67481710063,234940.33740855032,87.99363,2010,AE,4.07,,481576734011007,-95.748110859307,29.607780073944,0.0,s2645,s2645,0.0,0.0,1,1,0.0,0.0,10.126,5.88,0.0,1,0.0,0,0.0,0,0.0,0.0,0,0.0,0,,,
122450729,RES1-1SNB,RES,0.75,S,1,2286.0,3099,625887.8884594981,312943.94422974903,73.048096,2009,X,5.33,,481576739022025,-95.661405380152,29.574861041262,0.0,s2646,s2646,0.0,0.0,1,1,0.0,0.0,9.164,4.47,0.0,1,0.0,0,0.0,0,0.0,0.0,0,0.0,0,,,
122603892,RES1-1SNB,RES,0.75,S,1,792.0,831,88032.64680000002,44016.32340000001,102.944016,1987,X,3.24,,481576753003004,-95.818954507634,29.563261013097,0.0,s2647,s2647,0.0,0.0,1,1,0.0,0.0,46.52,31.04,0.0,1,0.0,0,0.0,0,0.0,0.0,0,0.0,0,,,
122621782,RES1-1SNB,RES,0.75,S,1,1796.0,2190,329883.8436456965,164941.92182284826,85.37079,2015,X,5.17,,481576755022014,-95.719284993474,29.531177438816,0.0,s2648,s2648,0.0,0.0,1,1,0.0177,0.0,6.96,3.36,0.0,1,0.0,0,0.0,0,0.0,0.0,0,0.0,1,,,
122711064,RES1-2SNB,RES,0.75,S,2,3252.0,1682,771148.8622577995,385574.43112889974,67.08089,1998,X,4.91,,481576744015009,-95.605659821179,29.558294743318,0.0,s2649,s2649,0.0,0.0,1,1,0.0,0.0,7.61,1.3,0.0,1,0.0,0,0.0,0,0.0,0.0,0,0.0,0,,,
122689733,RES1-2SNB,RES,0.75,S,2,3505.0,2720,865231.0123615154,432615.5061807577,68.83062,2013,X,5.63,,481576744023000,-95.600766937705,29.547146686957,1.0,s2650,s2650,0.0,0.0,1,1,0.0,0.0,8.036,4.26,0.0,1,0.0,0,0.0,0,0.0,0.0,0,0.0,0,,,
122526092,RES1-1SNB,RES,0.75,S,1,1517.0,1888,287278.987787287,143639.4938936435,80.34304,1989,X,3.91,,481576746032009,-95.688218682545,29.539915058009,0.0,s2651,s2651,0.0,0.0,1,1,0.0,0.0,6.909,5.28,0.0,1,0.0,0,0.0,0,0.0,0.0,0,0.0,0,,,
122457789,RES1-2SNB,RES,0.75,S,2,3484.0,4389,850419.6182747148,425209.8091373574,82.781555,2015,X,5.65,,481576729012052,-95.694997184046,29.626165584244,0.0,s2652,s2652,0.0,0.0,1,1,0.0,0.0,11.804,11.88,0.0,1,0.0276,0,0.0,0,0.0,0.0,0,0.0,0,,,
122569596,RES1-1SNB,RES,0.75,S,1,1934.0,2267,310496.33155995206,155248.16577997603,79.538185,2013,X,5.24,,481576747023018,-95.74625165133,29.570330726318,1.0,s2653,s2653,0.0,0.0,1,1,0.0,0.0,10.17,4.2,0.0,1,0.0,0,0.0,0,0.0,0.0,0,0.0,0,,,
122709348,RES1-1SNB,RES,0.75,S,1,2237.0,1611,280081.69488053996,140040.84744026998,65.67819,1984,X,4.3,,481576741001008,-95.604805495412,29.583710661657,1.0,s2654,s2654,0.0,0.0,1,1,0.0,0.0,12.027,2.72,0.0,1,0.0,0,0.0,0,0.0,0.0,0,0.0,0,,,
122559482,COM1,COM,0.25,S,1,5588.0,5588,892934.1238530965,1116167.6548163707,92.91196,2012,AE,1.0,,481576734043019,-95.810198260457,29.632136429263,0.0,s2655,s2655,0.0,0.0,1,1,0.0,0.0,3.645,3.35,0.0,1,0.0,0,0.0,0,0.0,0.0,0,0.0,0,,,
122642739,RES1-2SNB,RES,0.75,S,2,7659.0,4140,1298601.5257857102,649300.7628928551,74.39894,2015,X,6.68,,481576755032020,-95.668311524305,29.520006248713,0.0,s2656,s2656,0.0,0.0,1,1,0.0582,0.0,12.543,10.68,0.0,1,0.0,0,0.0,0,0.0,0.0,0,0.0,1,,,
122606580,RES1-1SNB,RES,0.75,S,1,1110.0,1538,134201.77137738004,67100.88568869002,89.60834,1979,X,5.75,,481576749004005,-95.769493841328,29.59174762284,0.0,s2657,s2657,0.0,0.0,1,1,0.0,0.0,5.361,12.15,0.0,1,0.0,0,0.0,0,0.0,0.0,0,0.0,0,,,
122489184,RES1-2SNB,RES,0.75,S,2,2599.0,2200,168324.34319999997,84162.17159999999,96.44882,1981,X,3.23,,481576752004005,-95.800178836582,29.53691173244,0.0,s2658,s2658,0.0,0.0,1,1,0.0,0.0,1.48,4.88,0.0,1,0.0,0,0.0,0,0.0,0.0,0,0.0,0,,,
122524542,RES1-2SNB,RES,0.75,S,2,3542.0,2494,736665.2300026809,368332.61500134045,83.34634,2003,X,4.66,,481576728011005,-95.682007595012,29.621123548,0.0,s2659,s2659,0.0,0.0,1,1,0.0,0.0,12.001,9.86,0.0,1,0.0,0,0.0,0,0.0,0.0,0,0.0,0,,,
122528768,RES1-1SNB,RES,0.75,S,1,2028.0,2778,452760.8834355261,226380.44171776305,83.02784,1987,X,5.04,,481576736001002,-95.729427245065,29.610664990605,0.0,s2660,s2660,0.0,0.0,1,1,0.0,0.0,2.414,0.62,0.0,1,0.0,0,0.0,0,0.0,0.0,0,0.0,0,,,
122715539,RES1-2SNB,RES,0.75,S,2,3312.0,2878,781018.1265112769,390509.06325563847,68.681595,1998,X,6.22,,481576744014008,-95.603657466458,29.561261542047,0.0,s2661,s2661,0.0,0.0,1,1,0.0,0.0,8.005,3.24,0.0,1,0.0,0,0.0,0,0.0,0.0,0,0.0,0,,,
122482526,RES1-1SNB,RES,0.75,S,1,3667.0,4158,357890.96735250554,178945.48367625277,97.88422,2008,X,3.59,,481576751013013,-95.766856264245,29.550082990427,0.0,s2662,s2662,0.0,0.0,1,1,0.0,0.0,2.749,0.22,0.0,1,0.0,0,0.0,0,0.0,0.0,0,0.0,0,,,
122590503,RES3E,RES,0.5,S,2,17044.72,8776,1917598.1750000003,671159.3612500001,97.62657,1978,X,6.28,,481576748004008,-95.769218832069,29.562125572604,0.0,s2663,s2663,0.0,0.0,1,1,0.0,0.0,10.083,1.11,0.0,1,0.0,0,0.0,0,0.0,0.0,0,0.0,0,,,
122499403,RES1-1SNB,RES,0.75,S,1,2592.0,4056,675019.7130562244,337509.8565281122,100.52617,2008,X,3.98,,481576733001031,-95.83487698607,29.63722426725,0.0,s2664,s2664,0.0,0.0,0,1,0.0,0.0,17.922,8.09,0.0,1,0.0,0,0.0,0,0.0,0.0,0,0.0,0,,,
122481293,RES1-2SNB,RES,0.75,S,2,2245.0,1817,662117.0257123946,331058.5128561973,86.33467,2012,AE,0.0,,481576734042004,-95.762415498376,29.639049144638,0.0,s2665,s2665,0.0,0.0,0,1,0.0,0.0,12.991,3.55,0.0,1,0.0,0,0.0,0,0.0,0.0,0,0.0,0,,,
122547771,RES1-2SNB,RES,0.75,S,2,3564.0,2306,847282.3059027052,423641.1529513526,69.72197,2013,X,6.49,,481576744024003,-95.627415154263,29.553965070962,0.0,s2666,s2666,0.0,0.0,1,1,0.0,0.0,16.587,1.18,0.0,1,0.0,0,0.0,0,0.0,0.0,0,0.0,1,,,
122524787,RES1-1SNB,RES,0.75,S,1,2278.0,2990,384407.53607297153,192203.76803648577,74.6453,1989,X,3.85,,481576746031003,-95.684648562809,29.545461562318,1.0,s2667,s2667,0.0,0.0,1,1,0.0,0.0,15.373,4.98,0.0,1,0.0,0,0.0,0,0.0,0.0,0,0.0,0,,,
122511587,RES1-2SNB,RES,0.75,S,2,5044.0,4702,1137118.4877654559,568559.2438827279,119.26457,2008,X,5.88,,481576733001007,-95.889910985871,29.682870086974,0.0,s2668,s2668,0.0,0.0,0,1,0.0,0.0,16.114,16.73,0.0,1,0.0,0,0.0,0,0.0,0.0,0,0.0,0,,,
122578389,RES1-1SNB,RES,0.75,S,1,2176.0,2664,520916.92870477575,260458.46435238788,83.99817,2010,AE,4.71,,481576734011022,-95.748492455217,29.59845169045,0.0,s2669,s2669,0.0,0.0,1,1,0.0,0.0,8.762,2.68,0.0,1,0.0,0,0.0,0,0.0,0.0,0,0.0,0,,,
122487895,RES1-2SNB,RES,0.75,S,2,1962.0,1036,455294.931312,227647.465656,85.85755,2010,AE,4.29,,481576734013007,-95.806632601266,29.573668413121,1.0,s2670,s2670,0.0,0.0,0,1,0.1735,0.0,2.624,7.72,0.0,1,0.0,0,0.0,0,0.0,0.0,0,0.0,0,,,
122745286,RES1-2SNB,RES,0.75,S,2,1435.0,1500,228215.74734833278,114107.87367416639,69.21878,1988,X,0.0,,481576740022033,-95.614488439518,29.591307342309,1.0,s2671,s2671,0.0,0.0,1,1,0.0,0.0,15.424,1.24,0.0,1,0.0,0,0.0,0,0.0,0.0,0,0.0,0,,,
122600907,RES1-1SNB,RES,0.75,S,1,1275.0,1704,109091.2488,54545.6244,94.817116,1978,X,3.38,,481576748002013,-95.766806933965,29.572876728139,0.0,s2672,s2672,0.0,0.0,1,1,0.0,0.0,7.823,4.36,0.0,1,0.0,0,0.0,0,0.0,0.0,0,0.0,0,,,
122569709,RES1-1SNB,RES,0.75,S,1,2057.0,2630,500350.44783325336,250175.22391662668,83.44591,2010,AE,4.5,,481576734011020,-95.746337197369,29.600311081158,1.0,s2673,s2673,0.0,0.0,1,1,0.0,0.0,2.379,1.75,0.0,1,0.0,0,0.0,0,0.0,0.0,0,0.0,0,,,
122583118,RES1-2SNB,RES,0.75,S,2,2389.0,2386,629398.7496972429,314699.37484862143,76.52855,1995,X,5.48,,481576739041001,-95.671480221389,29.602457314951,0.0,s2674,s2674,0.0,0.0,1,1,0.0,0.0,4.992,8.69,0.0,1,0.0,0,0.0,0,0.0,0.0,0,0.0,0,,,
122590567,RES1-1SNB,RES,0.75,S,1,1418.0,3591,156059.02574686657,78029.51287343328,97.07585,2008,X,3.84,,481576751011006,-95.775785564204,29.549598316427,0.0,s2675,s2675,0.0,0.0,1,1,0.0,0.0,4.53,2.77,0.0,1,0.0,0,0.0,0,0.0,0.0,0,0.0,0,,,
122473681,RES1-1SNB,RES,0.75,S,1,3521.0,3040,482536.3930593174,241268.1965296587,79.55088,2013,X,0.95,,481576747024011,-95.739173315779,29.567914026406,1.0,s2676,s2676,0.0,0.0,0,1,0.0,0.0,9.93,0.58,0.0,1,0.0,0,0.0,0,0.0,0.0,0,0.0,0,,,
122484242,RES1-1SNB,RES,0.75,S,1,1347.0,1934,149496.52312015818,74748.26156007909,97.0082,2008,X,5.2,,481576751011001,-95.77920602258,29.54971147675,0.0,s2677,s2677,0.0,0.0,1,1,0.0,0.0,4.608,4.17,0.0,1,0.0,0,0.0,0,0.0,0.0,0,0.0,0,,,
122638951,RES1-2SNB,RES,0.75,S,2,4444.0,2856,607719.5646034373,303859.78230171866,93.156876,2015,X,5.98,,481576755021027,-95.753687842982,29.533880713592,0.0,s2678,s2678,0.0,0.0,1,1,0.0,0.0,7.924,5.03,0.0,1,0.0,0,0.0,0,0.0,0.0,0,0.0,0,,,
122602833,RES1-1SNB,RES,0.75,S,1,1411.0,2086,270576.75654110516,135288.37827055258,77.949974,2013,X,0.0,,481576747024026,-95.730363067457,29.561599669714,1.0,s2679,s2679,0.0,0.0,0,1,0.0,0.0,14.451,10.91,0.0,1,0.0048,0,0.0,0,0.0,0.0,0,0.0,0,,,
122469922,RES3C,RES,0.5,S,2,5078.0,2539,800077.7432235965,280027.21012825874,82.79171,1992,X,5.42,,481576735021000,-95.726018717162,29.631586833655,0.0,s2680,s2680,0.0,0.0,1,1,0.0,0.0,5.545,5.23,0.0,1,0.0,0,0.0,0,0.0,0.0,0,0.0,0,,,
122606449,RES1-1SNB,RES,0.75,S,1,1763.0,2184,264135.9819,132067.99095,84.83439,1994,X,3.37,,481576738013030,-95.752358543692,29.581515888651,0.0,s2681,s2681,0.0,0.0,1,1,0.0,0.0,33.717,23.52,0.0,1,0.0,0,0.0,0,0.0,0.0,0,0.0,1,,,
122481674,RES1-1SNB,RES,0.75,S,1,2883.0,2299,769099.3656219805,384549.68281099026,86.88826,2012,X,0.2,,481576734042004,-95.764243768462,29.64417367833,0.0,s2682,s2682,0.0,0.0,0,1,0.0,0.0,14.322,3.01,0.0,1,0.0,0,0.0,0,0.0,0.0,0,0.0,0,,,
122585302,IND2,IND,0.25,S,1,4400.0,4400,680127.703677542,1156217.0962518214,79.71336,2013,X,4.19,,481576747023015,-95.752987014625,29.570598019718,1.0,s2683,s2683,0.0,0.0,1,1,0.0,0.0,10.765,3.65,0.0,1,0.0,0,0.0,0,0.0,0.0,0,0.0,0,,,
122485280,RES1-1SNB,RES,0.75,S,1,1848.0,2757,253774.00456984178,126887.00228492089,96.879845,1981,X,3.33,,481576751023012,-95.782802526467,29.545268269307,0.0,s2684,s2684,0.0,0.0,1,1,0.0,0.0,2.612,9.41,0.0,1,0.0,0,0.0,0,0.0,0.0,0,0.0,0,,,
122532781,RES1-1SNB,RES,0.75,S,1,2410.0,2707,551966.7902753332,275983.3951376666,83.958,2010,X,3.38,,481576734012021,-95.744776753784,29.620894070982,0.0,s2685,s2685,0.0,0.0,1,1,0.0,0.0,11.733,1.45,0.0,1,0.0,0,0.0,0,0.0,0.0,0,0.0,0,,,
122481731,RES1-1SNB,RES,0.75,S,1,1998.0,2706,558288.5263357924,279144.2631678962,84.76692,2012,AE,2.46,,481576734042004,-95.762372887846,29.634421685326,1.0,s2686,s2686,0.0,0.0,0,1,0.0,0.0,1.199,2.31,0.0,1,0.0081,0,0.0,0,0.0,0.0,0,0.0,0,,,
122521258,RES1-1SNB,RES,0.75,S,1,2719.0,3178,706755.8294674339,353377.9147337169,74.65026,2009,X,5.56,,481576739022032,-95.65822735958,29.589094022957,0.0,s2687,s2687,0.0,0.0,1,1,0.0,0.0,2.995,6.91,0.0,1,0.0,0,0.0,0,0.0,0.0,0,0.0,0,,,
122466628,RES1-2SNB,RES,0.75,S,2,2804.0,2165,382453.04237413226,191226.52118706613,76.83801,2013,X,6.67,,481576747021008,-95.717817463002,29.565216906451,1.0,s2688,s2688,0.0,0.0,1,1,0.0,0.0,5.284,6.99,0.0,1,0.0,0,0.0,0,0.0,0.0,0,0.0,0,,,
122682059,RES1-1SWB,RES,2.0,B,1,2258.0,2525,345655.28470862133,172827.64235431066,68.92148,1988,X,4.63,,481576740022031,-95.613349738443,29.594671553445,1.0,s2689,s2689,0.0,0.0,1,1,0.0,0.0,15.216,2.28,0.0,1,0.0,0,0.0,0,0.0,0.0,0,0.0,1,,,
122567801,RES1-2SNB,RES,0.75,S,2,3007.0,2607,378167.46254145633,189083.73127072817,76.81425,1994,X,4.98,,481576738012007,-95.69127088078,29.578951493447,1.0,s2690,s2690,0.0,0.0,1,1,0.0,0.0,30.635,13.04,0.0,1,0.0,0,0.0,0,0.0,0.0,0,0.0,1,,,
122453545,RES1-1SNB,RES,0.75,S,1,2818.0,3238,628028.168823854,314014.084411927,81.3028,2003,X,4.19,,481576728011002,-95.67537492835,29.619265329831,0.0,s2691,s2691,0.0,0.0,1,1,0.0,0.0,10.246,7.67,0.0,1,0.0,0,0.0,0,0.0,0.0,0,0.0,1,,,
122473644,RES1-1SNB,RES,0.75,S,1,1463.0,2051,264470.9527302369,132235.47636511846,77.91527,2013,X,4.33,,481576747024011,-95.748828683198,29.56197612431,1.0,s2692,s2692,0.0,0.0,0,1,0.0,0.0,10.411,6.89,0.0,1,0.0,0,0.0,0,0.0,0.0,0,0.0,0,,,
122577282,RES1-2SNB,RES,0.75,S,2,2629.0,3209,383184.80554622307,191592.40277311153,75.56524,2013,X,5.33,,481576747021017,-95.710892236176,29.561654021625,1.0,s2693,s2693,0.0,0.0,1,1,0.0,0.0,10.824,3.34,0.0,1,0.0,0,0.0,0,0.0,0.0,0,0.0,0,,,
122550370,RES1-1SNB,RES,0.75,S,1,2525.0,1778,661122.2375297131,330561.11876485654,75.7084,1995,X,0.0,37533565,481576739042005,-95.668926903778,29.5928842184,1.0,s2694,s2694,0.0,0.0,1,1,0.0,0.0,13.571,0.86,0.0,1,0.0,0,0.0,0,0.0,0.0,0,0.0,0,,,
122524400,RES1-2SNB,RES,0.75,S,2,2489.0,2076,650709.6655062279,325354.83275311394,71.44635,2002,X,5.04,,481576746021004,-95.680072308412,29.546581034815,1.0,s2695,s2695,0.0,0.0,1,1,0.0,0.0,4.414,1.45,0.0,1,0.0,0,0.0,0,0.0,0.0,0,0.0,0,,,
122600567,RES1-1SNB,RES,0.75,S,1,1344.0,457,313546.28120934597,156773.14060467298,82.63174,1987,X,0.0,38068863,481576736003014,-95.734837882,29.611581988,0.0,s2696,s2696,0.0,0.0,1,1,0.0,0.0,3.142,3.32,0.0,1,0.0,0,0.0,0,0.0,0.0,0,0.0,0,,,
122454808,RES1-2SNB,RES,0.75,S,2,3464.0,2741,817529.6404215344,408764.8202107672,70.78635,2003,X,5.34,,481576747012010,-95.678398345839,29.567116278265,1.0,s2697,s2697,0.0,0.0,1,1,0.0,0.0,10.741,6.78,0.0,1,0.0,0,0.0,0,0.0,0.0,0,0.0,0,,,
122695843,RES1-2SNB,RES,0.75,S,2,1230.0,7605,190542.8602177253,95271.43010886265,68.8781,1988,X,6.31,,481576740022035,-95.611392881944,29.592589403211,1.0,s2698,s2698,0.0,0.0,0,1,0.3059,0.0,4.281,1.84,0.0,1,0.009,0,0.0,0,0.0,0.0,0,0.0,1,,,
122690662,RES1-2SNB,RES,0.75,S,2,4184.0,3526,930309.985500174,465154.992750087,71.690254,1993,X,5.44,,481576742003021,-95.619893859647,29.572662902765,0.0,s2699,s2699,0.0,0.0,1,1,0.0,0.0,9.54,6.87,0.0,1,0.0,0,0.0,0,0.0,0.0,0,0.0,0,,,
122743823,RES1-2SNB,RES,0.75,S,2,2040.0,1500,241390.68846557045,120695.34423278522,94.66941,2008,X,0.0,,481576751013006,-95.752042156777,29.550754760919,0.0,s2700,s2700,0.0,0.0,1,1,0.0,0.0,18.02,18.97,0.0,1,0.0,0,0.0,0,0.0,0.0,0,0.0,0,,,
122484381,RES1-1SNB,RES,0.75,S,1,1288.0,1664,145559.62998786534,72779.81499393267,96.86295,2008,X,4.66,,481576751011001,-95.774017035731,29.548789715904,0.0,s2701,s2701,0.0,0.0,1,1,0.0,0.0,4.413,5.76,0.0,1,0.0,0,0.0,0,0.0,0.0,0,0.0,0,,,
122523642,RES1-2SNB,RES,0.75,S,2,3968.0,3044,910470.1731618608,455235.0865809304,69.98663,2002,X,6.23,,481576746021011,-95.670507524531,29.547379038884,1.0,s2702,s2702,0.0,0.0,0,1,0.0,0.0,2.488,0.46,0.0,1,0.0,0,0.0,0,0.0,0.0,0,0.0,0,,,
122479198,RES1-1SNB,RES,0.75,S,1,1708.0,2070,431168.08435642504,215584.04217821252,85.0156,2010,X,3.9,,481576734012009,-95.750069052037,29.623961022522,0.0,s2703,s2703,0.0,0.0,1,1,0.0,0.0,21.059,1.27,0.0,1,0.0,0,0.0,0,0.0,0.0,0,0.0,0,,,
122465316,RES1-1SNB,RES,2.0,C,1,2661.0,2661,289776.7070921296,144888.3535460648,83.150475,1988,X,0.05,,481576737001011,-95.709878619256,29.629632420659,0.0,s2704,s2704,0.0,0.0,0,1,0.0,0.0,9.581,1.31,0.0,1,0.0,0,0.0,0,0.0,0.0,0,0.0,0,,,
122743524,RES1-1SNB,RES,2.0,C,1,1440.0,1500,163138.7907,81569.39535,96.85209,1979,X,0.0,,481576749001014,-95.770490139084,29.580079142595,0.0,s2705,s2705,0.0,0.0,0,1,0.0,0.0,8.747,10.7,0.0,1,0.0,0,0.0,0,0.0,0.0,0,0.0,0,,,
122471258,RES1-1SNB,RES,0.75,S,1,3684.0,4497,485165.44251112605,242582.72125556302,77.25447,2013,X,4.46,,481576747024020,-95.733920375596,29.56691848257,1.0,s2706,s2706,0.0,0.0,0,1,0.0,0.0,9.069,1.61,0.0,1,0.0,0,0.0,0,0.0,0.0,0,0.0,0,,,
122745426,RES1-2SNB,RES,0.75,S,2,1110.0,1500,176383.6899880127,88191.84499400634,68.45936,1988,X,0.0,,481576740022031,-95.615558577266,29.588880101618,1.0,s2707,s2707,0.0,0.0,1,1,0.0,0.0,15.791,2.08,0.0,1,0.0,0,0.0,0,0.0,0.0,0,0.0,1,,,
122532762,RES1-2SNB,RES,0.75,S,2,2391.0,1800,547844.0483385363,273922.02416926814,84.13216,2010,X,5.23,,481576734012021,-95.746037991806,29.620926322228,0.0,s2708,s2708,0.0,0.0,1,1,0.0,0.0,26.361,0.63,0.0,1,0.0,0,0.0,0,0.0,0.0,0,0.0,0,,,
122481555,RES1-1SNB,RES,0.75,S,1,1818.0,2284,543698.1630299106,271849.0815149553,88.94746,2012,AE,0.05,,481576734042004,-95.766348124172,29.640805710627,0.0,s2709,s2709,0.0,0.0,0,1,0.0,0.0,10.975,0.86,0.0,1,0.0643,0,0.0,0,0.0,0.0,0,0.0,0,,,
122474050,RES1-1SNB,RES,0.75,S,1,1833.0,2516,439124.0464874748,219562.0232437374,87.115875,1992,X,5.36,,481576735022004,-95.738518495823,29.640036410747,0.0,s2710,s2710,0.0,0.0,1,1,0.0,0.0,10.499,8.75,0.0,1,0.0,0,0.0,0,0.0,0.0,0,0.0,0,,,
122534575,RES1-1SNB,RES,0.75,S,1,2515.0,2852,277997.6271025016,138998.8135512508,95.09945,2008,X,4.61,,481576751013004,-95.755256840892,29.552514279721,0.0,s2711,s2711,0.0,0.0,1,1,0.0,0.0,17.58,20.89,0.0,1,0.0,0,0.0,0,0.0,0.0,0,0.0,0,,,
122586042,COM1,COM,0.25,S,1,2106.0,2106,311705.91764156317,389632.39705195394,98.90138,1981,X,2.38,,481576751022024,-95.792103294645,29.547172156945,0.0,s2712,s2712,0.0,0.0,1,1,0.0,0.0,2.537,4.17,0.0,1,0.0,0,0.0,0,0.0,0.0,0,0.0,0,,,
122597926,RES1-1SWB,RES,2.0,B,1,1494.0,2054,378837.4806415202,189418.7403207601,78.57609,2013,X,0.15,,481576747024038,-95.73327779901,29.556656882907,1.0,s2713,s2713,0.0,0.0,0,1,0.0,0.0,13.223,12.76,0.0,1,0.0,0,0.0,0,0.0,0.0,0,0.0,0,,,
122548990,RES1-2SNB,RES,0.75,S,2,3417.0,6909,824193.1593884069,412096.57969420345,71.784546,1993,X,6.14,,481576742001008,-95.631702439647,29.579319096109,1.0,s2714,s2714,0.0,0.0,1,1,0.0,0.0,23.465,0.83,0.0,1,0.0,0,0.0,0,0.0,0.0,0,0.0,1,,,
122552563,RES1-2SNB,RES,0.75,S,2,3812.0,2263,906659.2477896657,453329.62389483285,83.97899,2015,X,5.74,,481576729012053,-95.688908016975,29.626574443195,0.0,s2715,s2715,0.0,0.0,1,1,0.0,0.0,9.084,13.74,0.0,1,0.0,0,0.0,0,0.0,0.0,0,0.0,0,,,
122582736,RES1-2SNB,RES,0.75,S,2,3265.0,2022,786806.4798090917,393403.23990454583,73.94385,1996,X,6.27,,481576739031008,-95.665704141246,29.586351146168,1.0,s2716,s2716,0.0,0.0,1,1,0.0,0.0,6.012,1.63,0.0,1,0.0,0,0.0,0,0.0,0.0,0,0.0,1,,,
122624168,GOV1,PUB,0.25,S,1,3422.0,3422,585579.6302171904,409905.7411520332,85.21785,2015,X,4.03,,481576755022007,-95.720298385835,29.526625100698,0.0,s2717,s2717,0.0,0.0,1,1,0.0,0.0,11.201,2.22,0.0,1,0.0,0,0.0,0,0.0,0.0,0,0.0,0,,,
122569919,RES1-2SNB,RES,0.75,S,2,3808.0,2998,780456.4806770023,390228.2403385012,84.90655,2010,X,5.29,,481576734011027,-95.751730694534,29.598816450218,0.0,s2718,s2718,0.0,0.0,1,1,0.0,0.0,9.081,2.41,0.0,1,0.0,0,0.0,0,0.0,0.0,0,0.0,0,,,
122589974,RES1-1SNB,RES,0.75,S,1,1989.0,2504,314577.69288886955,157288.84644443478,96.164795,2013,X,5.02,,481576747024056,-95.756258357907,29.566117685025,0.0,s2719,s2719,0.0,0.0,1,1,0.0,0.0,23.212,14.63,0.0,1,0.0,0,0.0,0,0.0,0.0,0,0.0,0,,,
122638915,RES1-1SNB,RES,0.75,S,1,1610.0,2094,324782.10747786355,162391.05373893178,88.08431,2015,X,0.19,,481576755024023,-95.751192946476,29.524925913046,0.0,s2720,s2720,0.0,0.0,0,1,0.0,0.0,7.578,3.38,0.0,1,0.0,0,0.0,0,0.0,0.0,0,0.0,0,,,
122472070,RES1-2SNB,RES,0.75,S,2,2816.0,2354,444511.3164004733,222255.65820023665,90.47194,2015,X,5.07,,481576755023002,-95.73507983315601,29.539881752236,0.0,s2721,s2721,0.0,0.0,1,1,0.0,0.0,12.567,0.33,0.0,1,0.0,0,0.0,0,0.0,0.0,0,0.0,0,,,
122594708,COM7,COM,0.25,S,1,11228.0,11228,1909619.590825805,2768948.406697417,97.26074,1978,X,5.33,,481576748002023,-95.761058541873,29.564657657174,0.0,s2722,s2722,0.0,0.0,1,1,0.0,0.0,4.22,12.81,0.0,1,0.0,0,0.0,0,0.0,0.0,0,0.0,0,,,
122554796,RES1-1SNB,RES,0.75,S,1,1576.0,2011,378344.7882892826,189172.3941446413,88.04965,2012,X,3.98,,481576735012028,-95.740715442842,29.643378941766,0.0,s2723,s2723,0.0,0.0,1,1,0.0,0.0,14.472,3.58,0.0,1,0.0,0,0.0,0,0.0,0.0,0,0.0,0,,,
122606575,RES1-1SNB,RES,0.75,S,1,1391.0,1299,159354.79485000003,79677.39742500002,93.35547,1979,X,4.31,,481576749004005,-95.77201379248,29.591395167687,0.0,s2724,s2724,0.0,0.0,1,1,0.0,0.0,4.717,1.27,0.0,1,0.0,0,0.0,0,0.0,0.0,0,0.0,0,,,
122617728,RES1-1SNB,RES,0.75,S,1,1570.0,2061,208750.9971,104375.49855,99.84594,1981,X,3.97,,481576751022015,-95.791883153231,29.549659392453,0.0,s2725,s2725,0.0,0.0,1,1,0.0,0.0,3.372,6.63,0.0,1,0.0,0,0.0,0,0.0,0.0,0,0.0,0,,,
122583806,RES1-2SNB,RES,0.75,S,2,2286.0,2366,399574.0246921733,199787.01234608665,78.895134,1997,X,5.39,,481576738022012,-95.696174058963,29.598951600416,0.0,s2726,s2726,0.0,0.0,1,1,0.0,0.0,6.697,7.34,0.0,1,0.0,0,0.0,0,0.0,0.0,0,0.0,0,,,
122731176,AGR1,COM,0.5,C,1,2326.0,2326,266652.4744639988,386646.08797279827,66.20908,2002,AE,3.58,,481576746023007,-95.611966944442,29.520925367279,1.0,s2727,s2727,0.0,0.0,0,1,0.0,0.0,1.792,5.88,0.0,1,0.0,0,0.0,0,0.0,0.0,0,0.0,0,,,
122485795,RES1-1SNB,RES,0.75,S,1,1504.0,1059,205942.35221059324,102971.17610529662,94.817444,1983,X,0.83,,481576750002001,-95.784818569786,29.570790889691,0.0,s2728,s2728,0.0,0.0,0,1,0.0,0.0,10.452,6.08,0.0,1,0.0,0,0.0,0,0.0,0.0,0,0.0,0,,,
122556025,RES1-1SNB,RES,0.75,S,1,2048.0,2344,383929.8248395128,191964.9124197564,95.793076,2015,X,0.56,,481576755021023,-95.752150132928,29.539168000583,0.0,s2729,s2729,0.0,0.0,0,1,0.0,0.0,6.824,1.55,0.0,1,0.0,0,0.0,0,0.0,0.0,0,0.0,0,,,
122525335,COM7,COM,0.25,S,1,4057.8,6763,1070019.0814738302,1551527.6681370537,75.21552,2003,X,4.37,,481576747012016,-95.685802604624,29.563315810216,1.0,s2730,s2730,0.0,0.0,1,1,0.0,0.0,8.558,0.2,0.0,1,0.0,0,0.0,0,0.0,0.0,0,0.0,1,,,
122613090,RES1-1SNB,RES,0.75,S,1,2002.0,1232,145486.52234999998,72743.26117499999,100.23976,1981,X,4.56,,481576752002035,-95.797937600124,29.555255844551,0.0,s2731,s2731,0.0,0.0,1,1,0.0,0.0,1.304,7.66,0.0,1,0.0,0,0.0,0,0.0,0.0,0,0.0,0,,,
122521818,RES1-2SNB,RES,0.75,S,2,3618.0,3619,861118.6022945031,430559.30114725156,70.86598,2002,X,5.78,,481576746024009,-95.665073745052,29.550945267037,1.0,s2732,s2732,0.0,0.0,1,1,0.0,0.0,13.394,9.84,0.0,1,0.0,0,0.0,0,0.0,0.0,0,0.0,0,,,
122695654,RES1-1SNB,RES,0.75,S,1,3075.0,4222,336178.6337020703,168089.31685103514,67.59922,1984,X,4.56,,481576741001021,-95.611472306131,29.575808321725,1.0,s2733,s2733,0.0,0.0,1,1,0.0,0.0,16.624,3.8,0.0,1,0.0,0,0.0,0,0.0,0.0,0,0.0,0,,,
122451675,RES1-2SNB,RES,0.75,S,2,2740.0,2819,694396.6161003988,347198.3080501994,75.875984,1995,X,5.5,,481576739041000,-95.671062343621,29.602922451709,1.0,s2734,s2734,0.0,0.0,1,1,0.0,0.0,5.164,8.44,0.0,1,0.0,0,0.0,0,0.0,0.0,0,0.0,0,,,
122579595,RES3C,RES,2.0,C,1,2920.0,2920,428203.20520595287,149871.12182208349,99.20738,1983,X,4.82,,481576750001071,-95.783987911984,29.559894756195,0.0,s2735,s2735,0.0,0.0,1,1,0.0,0.0,3.009,1.26,0.0,1,0.0,0,0.0,0,0.0,0.0,0,0.0,0,,,
122572606,RES1-1SNB,RES,0.75,S,1,2016.0,2706,172462.41005,86231.205025,102.26,1987,X,3.98,,481576753003005,-95.818782259319,29.564044144712,0.0,s2736,s2736,0.0,0.0,1,1,0.0,0.0,45.607,27.66,0.0,1,0.0,0,0.0,0,0.0,0.0,0,0.0,0,,,
122607418,RES1-1SNB,RES,0.75,S,1,1210.0,1547,234209.64778829514,117104.82389414757,80.49795,1989,X,4.37,,481576746032007,-95.689865504597,29.542283401371,0.0,s2737,s2737,0.0,0.0,1,1,0.0,0.0,9.391,10.82,0.0,1,0.0,0,0.0,0,0.0,0.0,0,0.0,0,,,
122525573,RES1-2SNB,RES,0.75,S,2,3310.0,2005,788829.5424011355,394414.7712005678,75.901054,2003,X,6.07,,481576747011004,-95.684742639468,29.575552888403,1.0,s2738,s2738,0.0,0.0,1,1,0.0,0.0,18.444,6.94,0.0,1,0.0,0,0.0,0,0.0,0.0,0,0.0,0,,,
122511413,RES1-1SNB,RES,0.75,S,1,4006.0,5098,991674.2643605348,495837.1321802674,102.29389,2008,X,0.0,,481576733001007,-95.889506048899,29.680556080167,0.0,s2739,s2739,0.0,0.0,0,1,0.0,0.0,4.091,4.41,0.0,1,0.0,0,0.0,0,0.0,0.0,0,0.0,0,,,
122539598,RES1-1SNB,RES,0.75,S,1,1395.0,1835,138708.87957575516,69354.43978787758,98.250206,1981,X,4.04,,481576752003010,-95.798065720054,29.546170272547,0.0,s2740,s2740,0.0,0.0,1,1,0.0,0.0,5.02,0.45,0.0,1,0.0,0,0.0,0,0.0,0.0,0,0.0,0,,,
122695674,RES1-2SNB,RES,0.75,S,2,3859.0,3363,408000.9098257318,204000.4549128659,66.25327,1984,X,5.66,,481576741001021,-95.611766195664,29.577158448276,1.0,s2741,s2741,0.0,0.0,1,1,0.0,0.0,16.261,3.08,0.0,1,0.0,0,0.0,0,0.0,0.0,0,0.0,0,,,
122612446,RES1-1SNB,RES,0.75,S,1,704.0,864,112891.82383144845,56445.911915724224,100.7894,1979,X,3.75,,481576749001022,-95.772624338009,29.583776423001,0.0,s2742,s2742,0.0,0.0,1,1,0.0,0.0,9.414,17.97,0.0,1,0.0,0,0.0,0,0.0,0.0,0,0.0,0,,,
122580032,RES1-1SNB,RES,0.75,S,1,2388.0,2071,613622.4800997884,306811.2400498942,96.66535,2012,X,4.46,,481576734043002,-95.804244022882,29.633931526251,0.0,s2743,s2743,0.0,0.0,0,1,0.0,0.0,14.476,0.42,0.0,1,0.0,0,0.0,0,0.0,0.0,0,0.0,0,,,
122525541,RES1-1SNB,RES,0.75,S,1,2398.0,3461,634522.3907280507,317261.19536402536,75.80755,2003,X,4.55,,481576747011004,-95.684275804503,29.574638493911,1.0,s2744,s2744,0.0,0.0,1,1,0.0,0.0,17.475,6.18,0.0,1,0.0,0,0.0,0,0.0,0.0,0,0.0,0,,,
122556169,RES1-1SNB,RES,0.75,S,1,1615.0,2453,493438.6890885007,246719.34454425034,86.42029,2012,AE,3.13,,481576734042002,-95.756309867735,29.635227525288,0.0,s2745,s2745,0.0,0.0,0,1,0.0,0.0,20.45,3.34,0.0,1,0.0,0,0.0,0,0.0,0.0,0,0.0,0,,,
122695644,RES1-2SNB,RES,0.75,S,2,4261.0,2922,451074.79064521525,225537.39532260763,66.22473,1984,X,5.41,,481576741001021,-95.611019004449,29.577465557907,1.0,s2746,s2746,0.0,0.0,1,1,0.0,0.0,13.534,3.19,0.0,1,0.0,0,0.0,0,0.0,0.0,0,0.0,0,,,
122527127,RES3A,RES,0.5,S,1,581.0,581,116548.69530722352,40792.04335752823,73.55702,2004,X,4.93,,481576746041005,-95.693864466806,29.558109327627,1.0,s2747,s2747,0.0,0.0,1,1,0.0,0.0,10.654,2.89,0.0,1,0.0,0,0.0,0,0.0,0.0,0,0.0,0,,,
122468173,RES1-2SNB,RES,0.75,S,2,2792.0,2634,610500.6642958235,305250.3321479118,85.13085,2012,X,5.28,,481576735012015,-95.724395579433,29.640775401729,1.0,s2748,s2748,0.0,0.0,1,1,0.0,0.0,8.898,2.34,0.0,1,0.0,0,0.0,0,0.0,0.0,0,0.0,0,,,
122481452,RES1-1SNB,RES,0.75,S,1,2199.0,2560,639663.3772672539,319831.68863362697,85.478615,2012,AE,0.03,,481576734042004,-95.764164840148,29.638292346353,0.0,s2749,s2749,0.0,0.0,0,1,0.0,0.0,11.236,2.27,0.0,1,0.0,0,0.0,0,0.0,0.0,0,0.0,0,,,
122526580,RES1-2SNB,RES,0.75,S,2,2336.0,1911,409520.3939954402,204760.1969977201,74.3156,1997,X,5.52,,481576738021015,-95.690612939924,29.588696421992,1.0,s2750,s2750,0.0,0.0,1,1,0.0,0.0,17.671,4.54,0.0,1,0.0,0,0.0,0,0.0,0.0,0,0.0,0,,,
122690580,RES1-1SNB,RES,0.75,S,1,4559.0,3887,1065552.8622828054,532776.4311414027,68.69031,2013,X,0.22,,481576744024010,-95.614908912894,29.536320043903,0.0,s2751,s2751,0.0,0.0,0,1,0.0,0.0,25.799,17.16,0.0,1,0.2041,0,0.0,0,0.0,0.0,0,0.0,1,,,
122743478,RES1-1SNB,RES,2.0,C,1,1322.0,1500,153815.20095,76907.600475,84.459595,1979,AE,0.0,,481576749002003,-95.765918410235,29.585894105901,1.0,s2752,s2752,0.0,0.0,1,1,0.0,0.0,14.642,3.2,0.0,1,0.0,0,0.0,0,0.0,0.0,0,0.0,0,,,
122485392,RES1-2SNB,RES,0.75,S,2,948.0,474,116517.63948669353,58258.819743346765,98.60458,1979,X,5.18,,481576749003005,-95.786049129415,29.601472060608,0.0,s2753,s2753,0.0,0.0,0,1,0.0,0.0,41.387,20.0,0.0,1,0.0,0,0.0,0,0.0,0.0,0,0.0,1,,,
122623574,RES1-1SNB,RES,0.75,S,1,1603.0,2012,305997.6720611754,152998.8360305877,87.73062,2015,X,4.6,,481576755024016,-95.731382002655,29.529346270955,0.0,s2754,s2754,0.0,0.0,1,1,0.0,0.0,11.344,0.63,0.0,1,0.0,0,0.0,0,0.0,0.0,0,0.0,0,,,
122470625,RES1-1SNB,RES,0.75,S,1,2173.0,2398,497108.29685167014,248554.14842583507,81.53224,1992,X,4.58,,481576735023006,-95.727746412303,29.62476642771,0.0,s2755,s2755,0.0,0.0,1,1,0.0,0.0,10.579,6.97,0.0,1,0.0,0,0.0,0,0.0,0.0,0,0.0,0,,,
122665739,RES1-2SNB,RES,0.75,S,2,4013.0,2027,914545.9673955974,457272.9836977987,68.43409,1998,X,6.19,,481576744015000,-95.617983592096,29.558824535149,0.0,s2756,s2756,0.0,0.0,1,1,0.0,0.0,8.087,4.68,0.0,1,0.0,0,0.0,0,0.0,0.0,0,0.0,0,,,
122590430,RES3C,RES,0.5,S,1,2011.0,2011,277416.65400000004,97095.82890000001,90.370094,1979,X,3.53,,481576749003018,-95.76880521077,29.593946759927,0.0,s2757,s2757,0.0,0.0,1,1,0.0,0.0,3.539,12.21,0.0,1,0.0,0,0.0,0,0.0,0.0,0,0.0,0,,,
122460998,RES1-2SNB,RES,0.75,S,2,2074.0,1813,378816.65554199595,189408.32777099797,79.4677,1997,X,4.31,,481576738022008,-95.695204979694,29.60012437672,0.0,s2758,s2758,0.0,0.0,0,1,0.0,0.0,5.614,7.89,0.0,1,0.0,0,0.0,0,0.0,0.0,0,0.0,0,,,
122524768,RES1-2SNB,RES,0.75,S,2,2909.0,2717,449202.7425362521,224601.37126812604,72.56351,1989,X,5.13,,481576746031003,-95.683692606819,29.54628210805,1.0,s2759,s2759,0.0,0.0,1,1,0.0,0.0,14.742,4.49,0.0,1,0.0,0,0.0,0,0.0,0.0,0,0.0,0,,,
122607883,RES1-1SNB,RES,0.75,S,1,2504.0,2727,517071.50021927466,258535.75010963733,82.94209,1987,X,4.97,,481576736003002,-95.74162066904,29.620927058319,0.0,s2760,s2760,0.0,0.0,1,1,0.0,0.0,14.475,3.66,0.0,1,0.0,0,0.0,0,0.0,0.0,0,0.0,0,,,
122481726,RES1-1SNB,RES,0.75,S,1,1904.0,2482,577066.0645954944,288533.0322977472,88.29752,2012,X,0.0,,481576734042004,-95.761690546912,29.64403151833,0.0,s2761,s2761,0.0,0.0,0,1,0.0,0.0,11.337,0.07,0.0,1,0.0,0,0.0,0,0.0,0.0,0,0.0,0,,,
122525025,RES1-1SNB,RES,0.75,S,1,2086.0,2426,382078.10728728893,191039.05364364447,74.16297,1997,X,5.47,,481576738021006,-95.692785272167,29.591298513049,1.0,s2762,s2762,0.0,0.0,0,1,0.0,0.0,2.492,1.5,0.0,1,0.0,0,0.0,0,0.0,0.0,0,0.0,0,,,
122465205,RES1-1SNB,RES,0.75,S,1,1664.0,2342,411224.72066646244,205612.36033323122,84.1577,2004,X,4.59,,481576746042021,-95.71133971738,29.540102324453,0.0,s2763,s2763,0.0,0.0,1,1,0.0,0.0,3.684,6.95,0.0,1,0.0,0,0.0,0,0.0,0.0,0,0.0,0,,,
122469176,RES1-1SNB,RES,0.75,S,1,1488.0,2201,276165.6952200264,138082.8476100132,78.40737,2013,X,0.43,,481576747024024,-95.731855672178,29.560528635734,1.0,s2764,s2764,0.0,0.0,0,1,0.0,0.0,14.044,11.17,0.0,1,0.0,0,0.0,0,0.0,0.0,0,0.0,0,,,
122527632,RES1-2SNB,RES,0.75,S,2,2442.0,1507,541509.2406921244,270754.6203460622,80.6507,2004,X,5.55,,481576746041014,-95.704587992891,29.53866118494,0.0,s2765,s2765,0.0,0.0,1,1,0.0,0.0,9.271,0.0,0.0,1,0.0,0,0.0,0,0.0,0.0,0,0.0,0,,,
122554351,RES1-2SNB,RES,0.75,S,2,1842.0,1475,408276.2590626648,204138.1295313324,82.58492,1987,X,3.02,,481576736003016,-95.736934548889,29.611579503848,0.0,s2766,s2766,0.0,0.0,1,1,0.0,0.0,2.481,2.86,0.0,1,0.0,0,0.0,0,0.0,0.0,0,0.0,0,,,
122597509,RES1-1SNB,RES,0.75,S,1,2017.0,2486,302918.56511310645,151459.28255655323,74.8936,1994,X,4.07,,481576738011004,-95.692110781279,29.585007980979,1.0,s2767,s2767,0.0,0.0,1,1,0.0,0.0,19.007,1.73,0.0,1,0.0,0,0.0,0,0.0,0.0,0,0.0,0,,,
122709384,RES1-2SNB,RES,0.75,S,2,5143.0,4365,1133614.2116447806,566807.1058223903,67.81895,2013,X,5.76,,481576744022001,-95.603820252066,29.550752777,1.0,s2768,s2768,0.0,0.0,0,1,0.0,0.0,4.978,0.0,0.0,1,0.0,0,0.0,0,0.0,0.0,0,0.0,0,,,
122618963,RES1-1SNB,RES,0.75,S,1,3996.0,4976,990411.8346759898,495205.9173379949,104.456535,2012,X,3.92,,481576734044031,-95.808703111384,29.658654608607,0.0,s2769,s2769,0.0,0.0,0,1,0.0,0.0,25.858,12.5,0.0,1,0.0,0,0.0,0,0.0,0.0,0,0.0,0,,,
122473040,RES1-1SNB,RES,0.75,S,1,2495.0,2609,392517.4672523157,196258.73362615786,78.67189,2013,X,0.9,,481576747024011,-95.743663490952,29.561393701007,1.0,s2770,s2770,0.0,0.0,0,1,0.0,0.0,8.094,2.21,0.0,1,0.0,0,0.0,0,0.0,0.0,0,0.0,0,,,
122666436,RES1-2SNB,RES,0.75,S,2,4663.0,3736,1006101.4171552955,503050.70857764775,68.00369,1998,X,4.03,,481576744014007,-95.604737721444,29.562714890295,0.0,s2771,s2771,0.0,0.0,1,1,0.0,0.0,7.462,3.72,0.0,1,0.0,0,0.0,0,0.0,0.0,0,0.0,0,,,
122529994,RES1-2SNB,RES,0.75,S,2,2417.0,1496,496394.84317964455,248197.42158982228,82.4613,1987,X,6.72,,481576736004000,-95.732240997058,29.625137542164,0.0,s2772,s2772,0.0,0.0,1,1,0.0,0.0,9.834,9.74,0.0,1,0.0,0,0.0,0,0.0,0.0,0,0.0,0,,,
122593411,RES1-2SNB,RES,0.75,S,2,2961.0,2230,732162.1223249817,366081.06116249086,75.07749,1996,X,0.0,37678013,481576739031005,-95.668866206341,29.5902857199,1.0,s2773,s2773,0.0,0.0,1,1,0.0,0.0,14.256,2.98,0.0,1,0.0,0,0.0,0,0.0,0.0,0,0.0,0,,,
122624592,RES1-2SNB,RES,0.75,S,2,3848.0,2422,526499.3280789101,263249.66403945506,89.356125,2015,X,5.34,,481576755024015,-95.73838104127,29.534467977199,0.0,s2774,s2774,0.0,0.0,1,1,0.0,0.0,1.683,3.02,0.0,1,0.0,0,0.0,0,0.0,0.0,0,0.0,0,,,
122511569,RES1-1SNB,RES,0.75,S,1,5415.0,4442,1228623.2999635346,614311.6499817673,103.1765,2008,X,0.9,,481576733001007,-95.888290877826,29.676113651421,0.0,s2775,s2775,0.0,0.0,0,1,0.0,0.0,3.127,1.86,0.0,1,0.0,0,0.0,0,0.0,0.0,0,0.0,0,,,
122603543,RES1-1SNB,RES,0.75,S,1,1468.0,2284,199684.3095,99842.15475,98.50304,1981,X,3.69,,481576751023014,-95.787354968137,29.54786203415,0.0,s2776,s2776,0.0,0.0,1,1,0.0,0.0,4.651,5.63,0.0,1,0.0,0,0.0,0,0.0,0.0,0,0.0,0,,,
122564282,RES1-2SNB,RES,0.75,S,2,4196.0,3460,959044.3635534322,479522.1817767161,71.48888,2013,X,5.84,,481576744024000,-95.632141301198,29.55165738577,0.0,s2777,s2777,0.0,0.0,1,1,0.0,0.0,13.514,1.77,0.0,1,0.0,0,0.0,0,0.0,0.0,0,0.0,1,,,
122448615,RES1-1SNB,RES,0.75,S,1,2391.0,2735,635796.6514211436,317898.3257105718,72.20247,2002,X,4.67,,481576746022003,-95.665868693916,29.560233691583,1.0,s2778,s2778,0.0,0.0,1,1,0.0,0.0,15.73,22.46,0.0,1,0.0,0,0.0,0,0.0,0.0,0,0.0,0,,,
122467230,RES3A,RES,0.5,S,1,506.0,1564,96770.6156464577,33869.71547626019,80.737854,1987,X,4.86,,481576736002004,-95.726230216214,29.620003118171,0.0,s2779,s2779,0.0,0.0,1,1,0.0,0.0,4.961,6.0,0.0,1,0.0,0,0.0,0,0.0,0.0,0,0.0,0,,,
122689860,RES1-2SNB,RES,0.75,S,2,3207.0,2521,806699.216806523,403349.6084032615,68.969795,2013,X,5.59,,481576744023000,-95.601692989877,29.546947772729,1.0,s2780,s2780,0.0,0.0,1,1,0.0,0.0,7.251,3.17,0.0,1,0.0,0,0.0,0,0.0,0.0,0,0.0,0,,,
122577103,RES1-1SNB,RES,0.75,S,1,2768.0,3464,706345.5982268746,353172.7991134373,77.19683,2003,X,4.72,,481576747011008,-95.696086092677,29.566823935966,1.0,s2781,s2781,0.0,0.0,1,1,0.0,0.0,12.531,9.53,0.0,1,0.0,0,0.0,0,0.0,0.0,0,0.0,0,,,
122597524,RES1-2SNB,RES,0.75,S,2,3013.0,2531,380539.84058310837,190269.92029155418,74.778366,1994,X,4.67,,481576738011004,-95.69139242602,29.585371683428,1.0,s2782,s2782,0.0,0.0,1,1,0.0,0.0,19.254,0.84,0.0,1,0.0,0,0.0,0,0.0,0.0,0,0.0,0,,,
122455531,RES1-2SNB,RES,0.75,S,2,4847.0,3715,1034166.6210879118,517083.3105439559,71.99053,1988,X,5.37,,481576746011010,-95.673979548693,29.557177942791,1.0,s2783,s2783,0.0,0.0,1,1,0.0,0.0,16.039,2.47,0.0,1,0.0,0,0.0,0,0.0,0.0,0,0.0,1,,,
122484391,RES1-1SNB,RES,0.75,S,1,3100.0,3932,266443.9051511524,133221.9525755762,98.568565,2008,X,3.88,,481576751011001,-95.778018076238,29.551429050769,0.0,s2784,s2784,0.0,0.0,1,1,0.0,0.0,4.195,3.23,0.0,1,0.0,0,0.0,0,0.0,0.0,0,0.0,0,,,
122520161,COM1,COM,0.25,S,3,6717.33,20152,1070895.4297564202,1338619.2871955251,73.622696,2009,X,11.04,,481576739023078,-95.646689038506,29.587926841465,0.0,s2785,s2785,0.0,0.0,1,1,0.0,0.0,10.097,3.01,0.0,1,0.0,0,0.0,0,0.0,0.0,0,0.0,1,,,
122532142,COM1,COM,0.25,S,1,13578.0,13578,2045913.096905687,2557391.3711321084,89.883995,2004,X,0.91,,481576746042014,-95.741315659768,29.54382285554,0.0,s2786,s2786,0.0,0.0,0,1,0.0,0.0,14.335,15.78,0.0,1,0.0,0,0.0,0,0.0,0.0,0,0.0,0,,,
122514376,RES1-1SNB,RES,0.75,S,1,3688.0,4313,932061.7431528935,466030.87157644675,106.0714,2008,X,4.61,,481576733002000,-95.899491012716,29.680417880883,1.0,s2787,s2787,0.0,0.0,0,1,0.0,0.0,27.29,3.0,0.0,1,0.0,0,0.0,0,0.0,0.0,0,0.0,0,,,
122469967,RES3C,RES,0.5,S,2,4836.0,2418,769082.39520491,269178.83832171845,82.1906,1992,X,5.52,,481576735021000,-95.726702911106,29.629833221705,0.0,s2788,s2788,0.0,0.0,1,1,0.0,0.0,2.67,7.35,0.0,1,0.0,0,0.0,0,0.0,0.0,0,0.0,0,,,
122555621,RES1-1SNB,RES,0.75,S,1,2392.0,2886,363556.006785018,181778.003392509,81.21662,2013,X,4.44,,481576747023008,-95.747311472297,29.572721413934,1.0,s2789,s2789,0.0,0.0,1,1,0.0,0.0,3.291,0.84,0.0,1,0.0,0,0.0,0,0.0,0.0,0,0.0,0,,,
122535110,RES1-2SNB,RES,2.0,C,2,3168.0,1584,263769.10890000005,131884.55445000003,90.19396,1979,X,5.09,,481576749003016,-95.766360594056,29.597377373784,0.0,s2790,s2790,0.0,0.0,1,1,0.0,0.0,6.729,15.75,0.0,1,0.0,0,0.0,0,0.0,0.0,0,0.0,0,,,
122590527,RES1-1SNB,RES,2.0,C,1,1100.0,510,132824.26305,66412.131525,99.39161,1979,X,0.0,23111517,481576749001008,-95.769927291904,29.582290656454,0.0,s2791,s2791,0.0,0.0,1,1,0.0,0.0,13.794,16.36,0.0,1,0.0,0,0.0,0,0.0,0.0,0,0.0,0,,,
122462991,COM3,COM,0.25,S,1,5949.86,13883,944317.0054700223,1416475.5082050334,84.4024,2004,X,4.98,,481576746041011,-95.710914749714,29.539219977421,0.0,s2792,s2792,0.0,0.0,1,1,0.0,0.0,3.709,6.44,0.0,1,0.0,0,0.0,0,0.0,0.0,0,0.0,0,,,
122636730,AGR1,COM,0.25,S,1,2656.0,2656,293846.480877925,426077.39727299125,93.14485,2015,X,0.02,,481576755021051,-95.767642381503,29.528143195277,0.0,s2793,s2793,0.0,0.0,0,1,0.0,0.0,15.333,0.34,0.0,1,0.0,0,0.0,0,0.0,0.0,0,0.0,0,,,
122538250,COM2,COM,0.25,S,1,11843.0,11843,1462711.8161983322,2047796.542677665,89.84778,2010,AE,0.77,,481576734014002,-95.790775675162,29.62812286885,1.0,s2794,s2794,0.0,0.0,1,1,0.0,0.0,4.715,1.0,0.0,1,0.0,0,0.0,0,0.0,0.0,0,0.0,0,,,
122443670,RES1-1SNB,RES,0.75,S,1,1717.0,2258,476734.2505208168,238367.1252604084,68.11036,1987,X,4.34,,481576740011000,-95.620611425709,29.582423892073,1.0,s2795,s2795,0.0,0.0,1,1,0.0,0.0,19.421,0.78,0.0,1,0.0,0,0.0,0,0.0,0.0,0,0.0,0,,,
122602076,RES1-2SNB,RES,0.75,S,2,3856.0,3110,908643.0462784419,454321.52313922095,72.78144,2009,X,5.43,,481576739022007,-95.653547444377,29.583983489107,0.0,s2796,s2796,0.0,0.0,1,1,0.0,0.0,7.781,1.23,0.0,1,0.0,0,0.0,0,0.0,0.0,0,0.0,0,,,
122553674,RES1-1SNB,RES,0.75,S,1,2900.0,2663,412693.68605994474,206346.84302997237,77.23456,2013,X,0.71,,481576747024043,-95.724032459551,29.565993032955,1.0,s2797,s2797,0.0,0.0,1,1,0.0,0.0,12.383,4.29,0.0,1,0.0,0,0.0,0,0.0,0.0,0,0.0,0,,,
122474145,COM2,COM,0.25,S,1,520.45,1145,69150.5558001253,96810.77812017541,83.61806,1987,AE,2.51,,481576736003012,-95.742083447818,29.608421019557,0.0,s2798,s2798,0.0,0.0,1,1,0.0,0.0,2.853,9.06,0.0,1,0.0,0,0.0,0,0.0,0.0,0,0.0,0,,,
122543262,RES1-2SNB,RES,0.75,S,2,4241.0,3463,942942.6336291935,471471.31681459676,100.87191,2008,X,6.3,,481576733001037,-95.83210195271,29.635820284977,0.0,s2799,s2799,0.0,0.0,0,1,0.0,0.0,19.357,6.38,0.0,1,0.0,0,0.0,0,0.0,0.0,0,0.0,0,,,
122488131,RES1-2SNB,RES,2.0,C,2,2058.0,2452,479543.6357755556,239771.8178877778,87.31067,2010,AE,4.84,,481576734013007,-95.794975997929,29.581031665105,1.0,s2800,s2800,0.0,0.0,1,1,0.5592,0.0,1.786,3.57,0.0,1,0.0,0,0.0,0,0.0,0.0,0,0.0,0,,,
122666821,RES1-2SNB,RES,0.75,S,2,4713.0,4293,1077334.5954906323,538667.2977453162,66.5839,2013,X,5.44,,481576744022000,-95.601622196277,29.548775441502,1.0,s2801,s2801,0.0,0.0,0,1,0.0,0.0,6.161,0.47,0.0,1,0.0,0,0.0,0,0.0,0.0,0,0.0,0,,,
122449064,RES1-1SNB,RES,0.75,S,1,2735.0,3694,716403.51712015,358201.758560075,76.02966,2009,X,5.41,,481576739023030,-95.653842222586,29.59518560003,0.0,s2802,s2802,0.0,0.0,1,1,0.0,0.0,10.406,1.77,0.0,1,0.0,0,0.0,0,0.0,0.0,0,0.0,0,,,
122466484,RES1-2SNB,RES,0.75,S,2,4736.0,2368,621328.9289941175,310664.46449705877,82.25405,2015,X,5.62,,481576755022001,-95.709995771218,29.537138080936,0.0,s2803,s2803,0.0,0.0,0,1,0.0,0.0,2.098,3.75,0.0,1,0.0,0,0.0,0,0.0,0.0,0,0.0,0,,,
122535352,RES1-2SNB,RES,0.75,S,2,3751.0,2533,343152.1937275047,171576.09686375235,96.24285,2008,X,5.68,,481576751013018,-95.762130547354,29.548645011317,0.0,s2804,s2804,0.0,0.0,1,1,0.0,0.0,12.386,2.29,0.0,1,0.0,0,0.0,0,0.0,0.0,0,0.0,0,,,
122667772,RES1-1SNB,RES,0.75,S,1,3067.0,3756,747224.6979019537,373612.34895097686,69.851295,1998,X,4.74,,481576744015001,-95.614434245874,29.556606935012,0.0,s2805,s2805,0.0,0.0,1,1,0.0,0.0,13.251,2.09,0.0,1,0.0,0,0.0,0,0.0,0.0,0,0.0,1,,,
122465430,RES1-1SNB,RES,2.0,C,1,2387.0,2387,273179.20321886224,136589.60160943112,80.19782,1988,X,0.01,,481576737001011,-95.708514005694,29.627254392074,0.0,s2806,s2806,0.0,0.0,0,1,0.0,0.0,1.224,1.33,0.0,1,0.0,0,0.0,0,0.0,0.0,0,0.0,0,,,
122589842,RES1-1SNB,RES,2.0,C,1,1534.0,2027,274660.0304108074,137330.0152054037,79.67499,2013,X,0.0,36979813,481576747024001,-95.742574015182,29.573449132331,1.0,s2807,s2807,0.0,0.0,0,1,0.0,0.0,12.921,2.11,0.0,1,0.0,0,0.0,0,0.0,0.0,0,0.0,0,,,
122482489,RES1-2SNB,RES,0.75,S,2,2988.0,3395,292950.32095806167,146475.16047903083,97.81464,2008,X,5.51,,481576751013013,-95.765593983021,29.550381106425,0.0,s2808,s2808,0.0,0.0,1,1,0.0,0.0,3.164,0.71,0.0,1,0.0,0,0.0,0,0.0,0.0,0,0.0,0,,,
122743122,RES1-1SNB,RES,2.0,C,1,1363.0,1500,344564.12898810103,172282.06449405052,85.84666,1992,X,0.0,,481576735022000,-95.734432732153,29.637811064415,0.0,s2809,s2809,0.0,0.0,1,1,0.0,0.0,8.485,7.22,0.0,1,0.0,0,0.0,0,0.0,0.0,0,0.0,0,,,
122473624,RES1-1SNB,RES,0.75,S,1,3772.0,3200,514264.7740923571,257132.38704617854,77.90989,2013,X,0.83,,481576747024011,-95.738666647115,29.569512240888,1.0,s2810,s2810,0.0,0.0,0,1,0.0,0.0,11.422,0.53,0.0,1,0.0,0,0.0,0,0.0,0.0,0,0.0,0,,,
122467873,RES1-2SNB,RES,0.75,S,2,3191.0,2568,663279.80474898,331639.90237449,85.621086,2012,X,5.35,,481576735012015,-95.724310626373,29.638627142363,1.0,s2811,s2811,0.0,0.0,1,1,0.0,0.0,9.614,1.6,0.0,1,0.0,0,0.0,0,0.0,0.0,0,0.0,0,,,
122472063,RES1-1SNB,RES,0.75,S,1,2199.0,2751,382320.4556802481,191160.22784012405,89.99315,2015,X,4.7,,481576755023002,-95.735214454537,29.539406741454,0.0,s2812,s2812,0.0,0.0,1,1,0.0,0.0,11.922,0.59,0.0,1,0.0,0,0.0,0,0.0,0.0,0,0.0,0,,,
122603337,RES3D,RES,0.5,S,2,15310.0,7655,1557190.632307356,545016.7213075745,99.87608,1978,X,6.36,,481576748003001,-95.777791158324,29.563437621471,0.0,s2813,s2813,0.0,0.0,1,1,0.0,0.0,2.662,2.69,0.0,1,0.0,0,0.0,0,0.0,0.0,0,0.0,0,,,
122605345,RES3D,RES,6.25,P,2,9502.0,4751,990787.0520686685,346775.46822403395,100.25337,1978,X,6.68,,481576748003002,-95.777598426384,29.564842573854,0.0,s2814,s2814,0.0,0.0,1,1,0.0,0.0,2.569,2.9,0.0,1,0.0,0,0.0,0,0.0,0.0,0,0.0,0,,,
122594246,RES1-2SNB,RES,0.75,S,2,2722.0,2374,581058.5106463279,290529.25532316393,72.99338,2004,X,4.63,,481576746041009,-95.701378798225,29.552271738749,1.0,s2815,s2815,0.0,0.0,1,1,0.0,0.0,12.79,4.06,0.0,1,0.0,0,0.0,0,0.0,0.0,0,0.0,0,,,
122667516,RES1-2SNB,RES,0.75,S,2,3161.0,1785,762642.32481738,381321.16240869,69.921394,1998,X,5.6,,481576744014014,-95.613587533093,29.560577652696,0.0,s2816,s2816,0.0,0.0,1,1,0.0,0.0,11.051,1.34,0.0,1,0.0,0,0.0,0,0.0,0.0,0,0.0,1,,,
122589513,RES1-2SNB,RES,0.75,S,2,3507.0,2657,630131.2512122218,315065.6256061109,82.17932,1987,X,4.92,,481576736004002,-95.735506002482,29.625396816837,0.0,s2817,s2817,0.0,0.0,1,1,0.0,0.0,9.764,0.83,0.0,1,0.0,0,0.0,0,0.0,0.0,0,0.0,0,,,
122570645,RES1-1SNB,RES,0.75,S,1,1448.0,2228,118991.95320000002,59495.97660000001,97.33965,1978,X,6.22,,481576748004012,-95.767756868075,29.563623813433,0.0,s2818,s2818,0.0,0.0,1,1,0.0,0.0,7.867,1.36,0.0,1,0.0,0,0.0,0,0.0,0.0,0,0.0,0,,,
122457941,RES1-1SNB,RES,0.75,S,1,1660.0,2149,268154.72190392873,134077.36095196437,74.85798,1994,X,4.36,,481576738011001,-95.686598015558,29.585149562735,1.0,s2819,s2819,0.0,0.0,1,1,0.0,0.0,18.856,20.8,0.0,1,0.0,0,0.0,0,0.0,0.0,0,0.0,0,,,
122469950,RES1-2SNB,RES,0.75,S,2,2978.0,1927,628396.2931777331,314198.14658886654,82.88575,1992,X,6.41,,481576735021000,-95.733817516054,29.632416211721,0.0,s2820,s2820,0.0,0.0,1,1,0.0,0.0,1.899,7.91,0.0,1,0.0,0,0.0,0,0.0,0.0,0,0.0,0,,,
122618488,RES1-2SNB,RES,0.75,S,2,4994.0,4352,619060.5566519999,309530.27832599997,94.48251,2015,X,4.56,,481576755021011,-95.760323371515,29.533007587413,0.0,s2821,s2821,0.0,0.0,0,1,0.0,0.0,7.88,4.25,0.0,1,0.0,0,0.0,0,0.0,0.0,0,0.0,0,,,
122705857,RES1-2SNB,RES,0.75,S,2,3647.0,1876,843395.7147969927,421697.85739849636,68.00099,1998,X,6.16,,481576744015002,-95.60340298652,29.558691457821,0.0,s2822,s2822,0.0,0.0,1,1,0.0,0.0,7.473,1.39,0.0,1,0.0,0,0.0,0,0.0,0.0,0,0.0,0,,,
122623422,RES1-1SNB,RES,0.75,S,1,3396.0,2836,715375.4936081462,357687.7468040731,82.74561,2015,X,0.85,,481576755031007,-95.730757119483,29.51557215057,0.0,s2823,s2823,0.0,0.0,0,1,0.0,0.0,9.339,2.04,0.0,1,0.0,0,0.0,0,0.0,0.0,0,0.0,0,,,
122466121,RES1-1SNB,RES,0.75,S,1,3096.0,3121,414198.80669245054,207099.40334622527,75.4343,2013,X,3.64,,481576747021006,-95.714294748035,29.560235041109,1.0,s2824,s2824,0.0,0.0,1,1,0.0,0.0,4.051,5.05,0.0,1,0.0,0,0.0,0,0.0,0.0,0,0.0,0,,,
122484217,RES1-2SNB,RES,0.75,S,2,2096.0,1591,214755.0004845509,107377.50024227545,99.301186,2008,X,0.0,37011191,481576751012003,-95.778800789355,29.556186195691,0.0,s2825,s2825,0.0,0.0,1,1,0.0,0.0,7.362,0.49,0.0,1,0.0,0,0.0,0,0.0,0.0,0,0.0,0,,,
122576345,RES1-1SNB,RES,0.75,S,1,2113.0,2449,578424.2829009562,289212.1414504781,77.69136,1995,X,4.97,,481576739041010,-95.680931265445,29.597622644524,0.0,s2826,s2826,0.0,0.0,1,1,0.0,0.0,5.519,2.89,0.0,1,0.0,0,0.0,0,0.0,0.0,0,0.0,0,,,
122549345,COM3,COM,0.25,S,1,7798.67,23396,1255272.281843536,1882908.422765304,77.097374,2009,X,5.37,,481576739023017,-95.647771795326,29.609007060256,1.0,s2827,s2827,0.0,0.0,0,1,0.0,0.0,16.787,0.55,0.0,1,0.0,0,0.0,0,0.0,0.0,0,0.0,0,,,
122530783,RES1-2SNB,RES,0.75,S,2,2432.0,1734,538760.6388781519,269380.31943907595,83.84435,1992,X,4.41,,481576735022000,-95.734602606436,29.636482157792,0.0,s2828,s2828,0.0,0.0,1,1,0.0,0.0,2.746,7.42,0.0,1,0.0,0,0.0,0,0.0,0.0,0,0.0,0,,,
122639192,COM2,COM,0.25,S,1,25709.0,25709,2961181.5512437164,4145654.1717412025,95.54731,2011,X,4.98,,481576755011005,-95.792827648651,29.531099128711,0.0,s2829,s2829,0.0,0.0,1,1,0.3487,0.0,3.754,2.38,0.0,1,0.0,0,0.0,0,0.0,0.0,0,0.0,0,,,
122552886,RES1-2SNB,RES,0.75,S,2,2698.0,2191,448849.42339612445,224424.71169806222,74.335976,1997,X,5.14,,481576738022015,-95.696229282148,29.590771513137,1.0,s2830,s2830,0.0,0.0,1,1,0.0,0.0,4.789,4.42,0.0,1,0.0,0,0.0,0,0.0,0.0,0,0.0,0,,,
122615637,RES1-1SNB,RES,2.0,C,1,1400.0,1942,143641.80578304664,71820.90289152332,96.49819,1987,X,2.46,,481576753003013,-95.815708823841,29.56283465823,0.0,s2831,s2831,0.0,0.0,1,1,0.0,0.0,21.513,29.33,0.0,1,0.0,0,0.0,0,0.0,0.0,0,0.0,0,,,
122472990,RES1-1SNB,RES,0.75,S,1,2598.0,3037,397820.4576014134,198910.2288007067,79.51468,2013,X,0.0,,481576747024011,-95.742938936185,29.57196416312,1.0,s2832,s2832,0.0,0.0,0,1,0.0,0.0,3.735,4.26,0.0,1,0.0,0,0.0,0,0.0,0.0,0,0.0,0,,,
122474916,RES1-2SNB,RES,0.75,S,2,3179.0,2049,651042.1006111499,325521.05030557496,84.56223,1992,X,5.72,,481576735022007,-95.736845017818,29.633598510357,0.0,s2833,s2833,0.0,0.0,1,1,0.0,0.0,3.111,4.16,0.0,1,0.0,0,0.0,0,0.0,0.0,0,0.0,0,,,
122467995,RES1-1SNB,RES,0.75,S,1,2946.0,2787,646526.5550716314,323263.2775358157,81.12385,2012,X,0.18,,481576735012015,-95.724114707304,29.63046034442,1.0,s2834,s2834,0.0,0.0,0,1,0.0,0.0,4.545,2.54,0.0,1,0.0,0,0.0,0,0.0,0.0,0,0.0,0,,,
122622625,RES1-1SNB,RES,0.75,S,1,2015.0,2573,354789.4179409351,177394.70897046756,85.74029,2015,X,4.81,,481576755022018,-95.729053289732,29.530147412428,0.0,s2835,s2835,0.0,0.0,1,1,0.0,0.0,8.599,1.06,0.0,1,0.0,0,0.0,0,0.0,0.0,0,0.0,0,,,
122549403,RES1-2SNB,RES,0.75,S,2,3884.0,3349,911607.1322987737,455803.56614938687,75.37972,2009,X,5.36,,481576739022014,-95.65134622606,29.58942754923,0.0,s2836,s2836,0.0,0.0,1,1,0.0,0.0,12.175,0.6,0.0,1,0.0,0,0.0,0,0.0,0.0,0,0.0,1,,,
122535630,RES1-1SNB,RES,0.75,S,1,1050.0,1131,140922.4920153539,70461.24600767695,84.86491,1979,AE,3.97,,481576749002003,-95.765523166135,29.584954774858,1.0,s2837,s2837,0.0,0.0,1,1,0.0,0.0,14.26,1.27,0.0,1,0.0,0,0.0,0,0.0,0.0,0,0.0,0,,,
122743593,RES1-1SNB,RES,2.0,C,1,1120.0,1500,189530.811114,94765.405557,85.671715,2013,X,0.0,,481576747023003,-95.756421616247,29.579480899706,0.0,s2838,s2838,0.0,0.0,1,1,0.0,0.0,34.969,22.93,0.0,1,0.0,0,0.0,0,0.0,0.0,0,0.0,1,,,
122525588,RES1-1SNB,RES,0.75,S,1,3247.0,2929,816514.0179504789,408257.00897523947,81.12892,2015,X,4.33,,481576729012071,-95.687316395567,29.616599966768,0.0,s2839,s2839,0.0,0.0,1,1,0.0,0.0,9.993,3.35,0.0,1,0.0,0,0.0,0,0.0,0.0,0,0.0,0,,,
122560480,GOV1,PUB,0.25,S,1,3874.0,3874,624058.921512,436841.2450584,95.87406,2013,X,5.32,,481576734022019,-95.824490206925,29.637994408289,0.0,s2840,s2840,0.0,0.0,0,1,0.0,0.0,15.426,6.66,0.0,1,0.0,0,0.0,0,0.0,0.0,0,0.0,0,,,
122444102,RES1-2SNB,RES,0.75,S,2,4306.0,2927,958721.3670901586,479360.6835450793,70.78013,1993,X,5.98,,481576742004006,-95.627749439792,29.568797081179,1.0,s2841,s2841,0.0,0.0,1,1,0.0,0.0,6.51,4.42,0.0,1,0.0,0,0.0,0,0.0,0.0,0,0.0,0,,,
122525572,RES1-2SNB,RES,0.75,S,2,3273.0,2219,783549.4245347052,391774.7122673526,75.413055,2003,X,5.96,,481576747011004,-95.6861649231,29.575214793856,1.0,s2842,s2842,0.0,0.0,1,1,0.0,0.0,20.969,8.97,0.0,1,0.0,0,0.0,0,0.0,0.0,0,0.0,0,,,
122615197,RES1-1SNB,RES,0.75,S,1,3533.0,3569,852024.4267435002,426012.2133717501,73.14731,2009,X,5.9,,481576739023065,-95.647729413888,29.597131549154,0.0,s2843,s2843,0.0,0.0,1,1,0.0,0.0,3.726,1.22,0.0,1,0.0,0,0.0,0,0.0,0.0,0,0.0,0,,,
122541612,RES1-1SNB,RES,0.75,S,1,2986.0,1816,798755.4379879687,399377.71899398434,95.998726,2013,X,0.0,,481576734022021,-95.81508816864,29.637162931716,0.0,s2844,s2844,0.0,0.0,0,1,0.0,0.0,15.959,3.4,0.0,1,0.0,0,0.0,0,0.0,0.0,0,0.0,0,,,
122482485,RES1-2SNB,RES,0.75,S,2,3363.0,3813,331764.2090971409,165882.10454857044,97.492676,2008,X,5.35,,481576751013013,-95.765430408651,29.547618648469,0.0,s2845,s2845,0.0,0.0,1,1,0.0,0.0,2.563,1.41,0.0,1,0.0,0,0.0,0,0.0,0.0,0,0.0,0,,,
122463163,RES1-1SNB,RES,0.75,S,1,1858.0,2301,444584.311584405,222292.1557922025,81.011185,2004,X,4.24,,481576746041011,-95.706324943001,29.545697108606,0.0,s2846,s2846,0.0,0.0,1,1,0.0,0.0,7.251,10.12,0.0,1,0.0,0,0.0,0,0.0,0.0,0,0.0,0,,,
122531255,RES1-2SNB,RES,0.75,S,2,3332.0,2782,679183.0064082219,339591.50320411095,84.06542,1992,X,6.12,,481576735023001,-95.741616214988,29.630179718635,0.0,s2847,s2847,0.0,0.0,1,1,0.0,0.0,2.916,4.29,0.0,1,0.0,0,0.0,0,0.0,0.0,0,0.0,0,,,
122469353,RES1-1SNB,RES,0.75,S,1,2459.0,3017,373530.7944237881,186765.39721189404,77.498085,2013,X,0.06,,481576747024024,-95.724678779705,29.557505980616,1.0,s2848,s2848,0.0,0.0,1,1,0.0,0.0,2.743,0.6,0.0,1,0.0,0,0.0,0,0.0,0.0,0,0.0,0,,,
122564495,COM7,COM,0.25,S,1,670.0,670,187009.4639556866,271163.72273574554,68.220276,1987,X,2.23,,481576740011015,-95.629665649003,29.582412912041,1.0,s2849,s2849,0.0,0.0,1,1,0.0,0.0,12.031,3.07,0.0,1,0.0,0,0.0,0,0.0,0.0,0,0.0,0,,,
122505869,RES3A,RES,0.5,S,1,2027.0,2027,342862.56380776735,120001.89733271857,89.80115,2008,AE,3.24,,481576733001048,-95.865775683792,29.610797591713,1.0,s2850,s2850,0.0,0.0,0,1,0.2661,0.0,14.065,6.19,0.0,1,0.0,0,0.0,0,0.0,0.0,0,0.0,1,,,
122572602,RES3A,RES,2.0,C,2,5332.0,2666,617023.60825,215958.2628875,103.00029,1987,X,5.49,,481576753003017,-95.817773491517,29.562228472772,0.0,s2851,s2851,0.0,0.0,1,1,0.0,0.0,12.003,0.7,0.0,1,0.0,0,0.0,0,0.0,0.0,0,0.0,0,,,
122597178,RES1-2SNB,RES,0.75,S,2,3172.0,1640,762829.030279526,381414.515139763,76.67116,1995,X,6.2,,481576739041007,-95.679740748912,29.599420303538,0.0,s2852,s2852,0.0,0.0,1,1,0.0,0.0,2.169,8.71,0.0,1,0.0,0,0.0,0,0.0,0.0,0,0.0,0,,,
122459364,RES1-1SNB,RES,0.75,S,1,1419.0,1919,273841.65500083147,136920.82750041573,81.667564,1989,X,4.15,,481576746033001,-95.691864788024,29.543924631719,0.0,s2853,s2853,0.0,0.0,1,1,0.0,0.0,11.271,14.36,0.0,1,0.0,0,0.0,0,0.0,0.0,0,0.0,0,,,
122743100,RES1-1SNB,RES,2.0,C,1,288.0,1500,68316.474456,34158.237228,85.024925,2012,X,0.0,,481576735012015,-95.733555431197,29.644537389376,0.0,s2854,s2854,0.0,0.0,0,1,0.0,0.0,13.108,1.67,0.0,1,0.0,0,0.0,0,0.0,0.0,0,0.0,0,,,
122603139,RES1-1SNB,RES,0.75,S,1,2288.0,3441,317531.111112,158765.555556,96.35238,2013,X,3.91,,481576747023022,-95.758752430619,29.5694473531,0.0,s2855,s2855,0.0,0.0,1,1,0.0,0.0,5.671,16.87,0.0,1,0.0,0,0.0,0,0.0,0.0,0,0.0,0,,,
122533040,RES1-2SNB,RES,0.75,S,2,3417.0,1849,705689.9317991285,352844.96589956427,82.29331,2010,AE,5.32,,481576734011029,-95.746989611016,29.601502947039,1.0,s2856,s2856,0.0,0.0,1,1,0.0,0.0,2.546,0.52,0.0,1,0.0,0,0.0,0,0.0,0.0,0,0.0,0,,,
122603314,RES1-2SNB,RES,0.75,S,2,2222.0,3573,149330.83100000003,74665.41550000002,97.705215,1978,X,4.8,,481576748001022,-95.770024396106,29.567488622171,0.0,s2857,s2857,0.0,0.0,1,1,0.0,0.0,1.614,9.78,0.0,1,0.0,0,0.0,0,0.0,0.0,0,0.0,0,,,
122470955,RES1-2SNB,RES,0.75,S,2,2349.0,1779,503329.17326312396,251664.58663156198,82.9731,1987,X,5.74,,481576736001004,-95.732092966971,29.612352334613,0.0,s2858,s2858,0.0,0.0,1,1,0.0,0.0,2.992,2.05,0.0,1,0.0,0,0.0,0,0.0,0.0,0,0.0,0,,,
122548745,RES1-2SNB,RES,0.75,S,2,3114.0,2627,754278.7273209175,377139.36366045877,71.381744,1993,X,4.52,,481576742001003,-95.635767106391,29.585659254998,1.0,s2859,s2859,0.0,0.0,1,1,0.0,0.0,2.697,4.01,0.0,1,0.0,0,0.0,0,0.0,0.0,0,0.0,0,,,
122599718,RES1-2SNB,RES,0.75,S,2,3384.0,2822,828076.4421242826,414038.2210621413,75.09783,2009,X,6.84,,481576739023041,-95.65708896961,29.594515990631,0.0,s2860,s2860,0.0,0.0,1,1,0.0,0.0,2.154,4.36,0.0,1,0.0,0,0.0,0,0.0,0.0,0,0.0,0,,,
122556461,COM1,COM,0.25,S,1,2935.0,2935,388870.2027,486087.75337500003,93.46655,1979,X,5.09,,481576749002021,-95.761323303586,29.582431439011,0.0,s2861,s2861,0.0,0.0,1,1,0.0,0.0,34.818,17.81,0.0,1,0.0,0,0.0,0,0.0,0.0,0,0.0,1,,,
122450799,RES1-2SNB,RES,0.75,S,2,3639.0,2967,861466.2363998342,430733.1181999171,69.980225,2002,X,5.91,,481576746022008,-95.662542136487,29.553994060383,1.0,s2862,s2862,0.0,0.0,1,1,0.0,0.0,12.863,10.01,0.0,1,0.0,0,0.0,0,0.0,0.0,0,0.0,0,,,
122548228,REL1,PUB,0.5,C,1,4442.0,4442,907360.8330790804,589784.5415014023,71.37091,1993,X,6.06,,481576742002005,-95.629535689676,29.575657694954,1.0,s2863,s2863,0.0,0.0,0,1,0.0,0.0,10.215,5.92,0.0,1,0.0,0,0.0,0,0.0,0.0,0,0.0,0,,,
122602164,RES1-1SNB,RES,0.75,S,1,2889.0,2928,739185.4058124026,369592.7029062013,74.433945,2009,X,4.98,,481576739023028,-95.658365540298,29.597569269906,0.0,s2864,s2864,0.0,0.0,1,1,0.0,0.0,2.618,1.5,0.0,1,0.0,0,0.0,0,0.0,0.0,0,0.0,0,,,
122474412,RES1-1SNB,RES,0.75,S,1,1878.0,2467,339569.17464544845,169784.58732272423,90.84537,2015,X,5.18,,481576755023007,-95.739257514788,29.541158113431,0.0,s2865,s2865,0.0,0.0,1,1,0.0,0.0,11.36,0.96,0.0,1,0.0,0,0.0,0,0.0,0.0,0,0.0,1,,,
122475876,RES1-1SNB,RES,0.75,S,1,2035.0,2520,338129.33388891455,169064.66694445728,79.60768,1994,AE,0.0,,481576738013009,-95.747806911323,29.585023006197,1.0,s2866,s2866,0.0,0.0,0,1,0.0,0.0,2.048,1.67,0.0,1,0.0,0,0.0,0,0.0,0.0,0,0.0,0,,,
122583824,RES1-1SNB,RES,0.75,S,1,1896.0,2272,354836.1072622231,177418.05363111154,78.313545,1997,X,4.01,,481576738022012,-95.696423707284,29.598502161427,1.0,s2867,s2867,0.0,0.0,1,1,0.0,0.0,6.272,7.51,0.0,1,0.0,0,0.0,0,0.0,0.0,0,0.0,0,,,
122443846,RES1-2SNB,RES,0.75,S,2,4274.0,3950,953641.1560525361,476820.57802626805,70.91984,1993,X,5.53,,481576742004005,-95.627285078338,29.566015251809,1.0,s2868,s2868,0.0,0.0,1,1,0.0,0.0,9.041,4.51,0.0,1,0.0,0,0.0,0,0.0,0.0,0,0.0,0,,,
122623952,RES1-1SNB,RES,0.75,S,1,2397.0,2833,580596.0342667807,290298.01713339036,81.546196,2015,X,0.13,,481576755031034,-95.735069185067,29.50886003408,0.0,s2869,s2869,0.0,0.0,0,1,0.0,0.0,2.61,0.13,0.0,1,0.0,0,0.0,0,0.0,0.0,0,0.0,0,,,
122617086,RES1-2SNB,RES,0.75,S,2,4186.0,3251,946907.3944348419,473453.69721742097,71.39281,1993,X,6.14,,481576742004002,-95.620633437827,29.565295843083,1.0,s2870,s2870,0.0,0.0,1,1,0.0,0.0,8.105,3.69,0.0,1,0.0,0,0.0,0,0.0,0.0,0,0.0,0,,,
122616031,RES1-1SNB,RES,0.75,S,1,1481.0,1499,200874.6037,100437.30185,98.44231,1981,X,4.48,,481576751021008,-95.790611950473,29.556538913539,0.0,s2871,s2871,0.0,0.0,1,1,0.0,0.0,1.268,7.37,0.0,1,0.0,0,0.0,0,0.0,0.0,0,0.0,0,,,
122455619,RES1-2SNB,RES,0.75,S,2,4868.0,2699,1055718.0104308713,527859.0052154356,71.47002,2003,X,5.46,,481576747012019,-95.678789661197,29.566114995011,1.0,s2872,s2872,0.0,0.0,1,1,0.0,0.0,11.47,5.77,0.0,1,0.0,0,0.0,0,0.0,0.0,0,0.0,0,,,
122604619,RES1-2SNB,RES,0.75,S,2,2653.0,1971,673104.5186178596,336552.2593089298,74.8557,1995,X,5.79,,481576739043005,-95.663831961598,29.601087541639,1.0,s2873,s2873,0.0,0.0,1,1,0.0,0.0,4.315,0.84,0.0,1,0.0,0,0.0,0,0.0,0.0,0,0.0,0,,,
122679720,RES1-2SNB,RES,0.75,S,2,6010.0,5005,1167334.9785988033,583667.4892994016,69.043175,1993,X,5.72,,481576742003000,-95.61336312137,29.569638353368,1.0,s2874,s2874,0.0,0.0,0,1,0.0,0.0,9.382,0.39,0.0,1,0.0,0,0.0,0,0.0,0.0,0,0.0,0,,,
122743587,RES2,RES,2.0,C,1,840.0,1500,52577.90883374748,52577.90883374748,81.1021,1994,AE,0.0,,481576738013001,-95.744487960265,29.58934038264,1.0,s2875,s2875,0.0,0.0,0,1,0.0,0.0,12.054,17.92,0.0,1,0.0,0,0.0,0,0.0,0.0,0,0.0,0,,,
122613361,RES1-1SNB,RES,0.75,S,1,2381.0,2678,632640.1267693323,316320.06338466617,74.56806,2003,X,4.15,,481576747011002,-95.686426205432,29.57167033571,1.0,s2876,s2876,0.0,0.0,1,1,0.0,0.0,16.726,2.26,0.0,1,0.0,0,0.0,0,0.0,0.0,0,0.0,0,,,
122469381,RES1-2SNB,RES,0.75,S,2,1411.0,2129,270576.75654110516,135288.37827055258,78.34719,2013,X,0.0,,481576747024024,-95.72920943758,29.561965933805,1.0,s2877,s2877,0.0,0.0,0,1,0.0,0.0,13.419,11.8,0.0,1,0.0,0,0.0,0,0.0,0.0,0,0.0,0,,,
122606578,RES1-1SNB,RES,0.75,S,1,1395.0,1492,159668.35770000002,79834.17885000001,92.723976,1979,X,2.73,,481576749004005,-95.771621224695,29.591408947988,0.0,s2878,s2878,0.0,0.0,1,1,0.0,0.0,4.291,1.51,0.0,1,0.0,0,0.0,0,0.0,0.0,0,0.0,0,,,
122461151,RES1-2SWB,RES,2.0,B,2,2964.0,3421,512568.79171450774,256284.39585725387,74.73774,1997,X,4.73,,481576738022008,-95.696707761012,29.587701055761,1.0,s2879,s2879,0.0,0.0,1,1,0.0,0.0,5.612,3.51,0.0,1,0.0,0,0.0,0,0.0,0.0,0,0.0,0,,,
122585063,RES1-2SWB,RES,2.0,B,2,2762.0,765,424902.3144394664,212451.1572197332,78.73536,1994,AE,0.0,23112387,481576738013031,-95.755924290598,29.583508260175,1.0,s2880,s2880,0.0,0.0,1,1,0.0,0.0,28.209,19.03,0.0,1,0.0,0,0.0,0,0.0,0.0,0,0.0,1,,,
122599317,RES1-2SNB,RES,0.75,S,2,4528.0,2996,1006426.6874449038,503213.3437224519,70.93037,1998,X,6.85,,481576744012000,-95.62886516656,29.560459820782,0.0,s2881,s2881,0.0,0.0,1,1,0.0,0.0,4.656,1.41,0.0,1,0.0,0,0.0,0,0.0,0.0,0,0.0,1,,,
122552235,RES1-2SNB,RES,0.75,S,2,3483.0,2387,850229.6153251809,425114.80766259047,83.4762,2015,X,6.4,,481576729012058,-95.685595220431,29.62157246916,0.0,s2882,s2882,0.0,0.0,1,1,0.0,0.0,10.909,9.43,0.0,1,0.0,0,0.0,0,0.0,0.0,0,0.0,1,,,
122566284,RES1-2SNB,RES,0.75,S,2,3712.0,2400,869432.7216822453,434716.36084112263,72.23227,1996,X,6.03,,481576739032008,-95.673553840442,29.583842651586,1.0,s2883,s2883,0.0,0.0,1,1,0.0,0.0,8.308,13.46,0.0,1,0.0,0,0.0,0,0.0,0.0,0,0.0,0,,,
122532240,RES1-2SNB,RES,0.75,S,2,2596.0,2641,521800.1260810427,260900.06304052135,82.09405,1987,X,4.72,,481576736003007,-95.736928635616,29.617712290794,0.0,s2884,s2884,0.0,0.0,1,1,0.0,0.0,12.768,1.7,0.0,1,0.0,0,0.0,0,0.0,0.0,0,0.0,0,,,
122488881,RES1-1SNB,RES,0.75,S,1,2398.0,3219,156352.1076,78176.0538,99.445724,1981,X,3.57,,481576752003000,-95.797003822615,29.549152738403,0.0,s2885,s2885,0.0,0.0,1,1,0.0,0.0,2.424,4.31,0.0,1,0.0,0,0.0,0,0.0,0.0,0,0.0,0,,,
122525065,RES1-2SNB,RES,0.75,S,2,2250.0,2051,399873.7453716337,199936.87268581684,74.0599,1997,X,5.48,,481576738021006,-95.69017922087,29.591442270755,1.0,s2886,s2886,0.0,0.0,1,1,0.0,0.0,2.454,2.12,0.0,1,0.0,0,0.0,0,0.0,0.0,0,0.0,0,,,
122475633,RES1-1SNB,RES,0.75,S,1,2526.0,2264,385112.8557339277,192556.42786696384,80.17766,1994,AE,0.99,,481576738013009,-95.744216427331,29.584620920458,1.0,s2887,s2887,0.0,0.0,0,1,0.0,0.0,1.324,4.42,0.0,1,0.0,0,0.0,0,0.0,0.0,0,0.0,0,,,
122490827,RES1-1SNB,RES,0.75,S,1,1932.0,2261,499958.3683308625,249979.18416543124,90.69673,2010,X,4.56,,481576734013018,-95.801066249865,29.593127344213,0.0,s2888,s2888,0.0,0.0,1,1,0.0,0.0,6.907,4.54,0.0,1,0.0,0,0.0,0,0.0,0.0,0,0.0,0,,,
122550480,RES1-2SNB,RES,0.75,S,2,2862.0,1988,714822.1689573341,357411.08447866706,74.89631,1996,X,0.0,37526997,481576739031006,-95.665862493212,29.588916487938,1.0,s2889,s2889,0.0,0.0,1,1,0.0,0.0,3.848,1.75,0.0,1,0.0,0,0.0,0,0.0,0.0,0,0.0,0,,,
122597151,RES1-2SNB,RES,0.75,S,2,4070.0,2299,924054.7945969468,462027.3972984734,77.33911,1995,X,6.28,,481576739041011,-95.679206117279,29.597476184198,0.0,s2890,s2890,0.0,0.0,1,1,0.0,0.0,5.031,5.26,0.0,1,0.0,0,0.0,0,0.0,0.0,0,0.0,0,,,
122597682,RES1-1SWB,RES,2.0,B,1,3243.0,2571,583649.4612722782,291824.7306361391,75.36334,2013,X,4.67,,481576747021007,-95.713531103741,29.560657038484,1.0,s2891,s2891,0.0,0.0,1,1,0.0,0.0,9.537,4.6,0.0,1,0.0,0,0.0,0,0.0,0.0,0,0.0,0,,,
122743521,RES2,RES,2.0,C,1,1392.0,1500,75404.36775,75404.36775,89.034615,1979,X,0.0,,481576749001015,-95.76833285201,29.581823694894,0.0,s2892,s2892,0.0,0.0,0,1,0.0,0.0,13.696,9.84,0.0,1,0.0,0,0.0,0,0.0,0.0,0,0.0,0,,,
122586069,COM1,COM,0.25,S,1,1548.0,1548,231489.37063236436,289361.71329045546,98.5514,1981,X,4.52,,481576751022024,-95.79333102222,29.547219413557,0.0,s2893,s2893,0.0,0.0,1,1,0.0,0.0,2.015,3.99,0.0,1,0.0,0,0.0,0,0.0,0.0,0,0.0,0,,,
122624267,RES1-1SNB,RES,0.75,S,1,2316.0,2822,389743.75503719004,194871.87751859502,88.80825,2015,X,3.81,,481576755024018,-95.731399697969,29.531623412237,0.0,s2894,s2894,0.0,0.0,1,1,0.0,0.0,11.439,0.46,0.0,1,0.0,0,0.0,0,0.0,0.0,0,0.0,0,,,
122454099,RES1-2SNB,RES,0.75,S,2,3592.0,3192,848348.2073080995,424174.10365404974,70.43277,2003,X,5.72,,481576747012005,-95.676608955904,29.565504542278,1.0,s2895,s2895,0.0,0.0,1,1,0.0,0.0,1.8,4.98,0.0,1,0.0,0,0.0,0,0.0,0.0,0,0.0,0,,,
122611806,RES1-1SNB,RES,0.75,S,1,1676.0,1765,192100.19730612112,96050.09865306056,94.235725,1979,X,4.64,,481576749004000,-95.769992105138,29.594925114546,0.0,s2896,s2896,0.0,0.0,1,1,0.0,0.0,6.249,12.86,0.0,1,0.0,0,0.0,0,0.0,0.0,0,0.0,0,,,
122451082,RES1-2SNB,RES,0.75,S,2,3005.0,2710,740493.6262656789,370246.81313283945,74.09604,1996,X,5.66,,481576739032002,-95.660184946223,29.58368240774,1.0,s2897,s2897,0.0,0.0,1,1,0.0,0.0,6.895,6.52,0.0,1,0.0,0,0.0,0,0.0,0.0,0,0.0,0,,,
122689730,RES1-1SNB,RES,0.75,S,1,5252.0,5008,1169422.1752546667,584711.0876273334,70.47293,2013,X,3.67,,481576744023000,-95.603330768068,29.545063128293,0.0,s2898,s2898,0.0,0.0,0,1,0.0,0.0,8.71,2.21,0.0,1,0.0,0,0.0,0,0.0,0.0,0,0.0,0,,,
122567994,RES1-2SNB,RES,0.75,S,2,3362.0,2693,667321.6635168896,333660.8317584448,71.90063,2004,X,5.18,,481576746041007,-95.696957977656,29.555194450609,1.0,s2899,s2899,0.0,0.0,1,1,0.0,0.0,8.915,2.86,0.0,1,0.0,0,0.0,0,0.0,0.0,0,0.0,0,,,
122589165,RES1-1SNB,RES,0.75,S,1,1210.0,1721,235209.9299534952,117604.9649767476,81.27997,1989,X,4.13,,481576746033021,-95.699127338477,29.540192676332,0.0,s2900,s2900,0.0,0.0,1,1,0.0,0.0,7.675,4.9,0.0,1,0.0,0,0.0,0,0.0,0.0,0,0.0,0,,,
122484398,RES1-1SNB,RES,0.75,S,1,1908.0,2334,198543.0008438074,99271.5004219037,98.703186,2008,X,4.49,,481576751011001,-95.777851284147,29.55239244221,0.0,s2901,s2901,0.0,0.0,1,1,0.0,0.0,6.802,4.77,0.0,1,0.0,0,0.0,0,0.0,0.0,0,0.0,0,,,
122622431,AGR1,COM,0.25,S,1,2295.0,2295,257963.02212048037,374046.38207469654,81.09049,2015,X,0.1,,481576755031033,-95.733429955488,29.507285083823,0.0,s2902,s2902,0.0,0.0,0,1,0.0,0.0,1.48,0.92,0.0,1,0.0,0,0.0,0,0.0,0.0,0,0.0,0,,,
122712012,RES1-1SNB,RES,0.75,S,1,3776.0,3164,935409.0324193696,467704.5162096848,67.686295,2013,X,0.15,,481576744024016,-95.613966903054,29.537612510832,1.0,s2903,s2903,0.0,0.0,0,1,0.0,0.0,8.504,17.47,0.0,1,0.048,0,0.0,0,0.0,0.0,0,0.0,0,,,
122597970,RES1-2SNB,RES,0.75,S,2,3006.0,2168,452905.7977013905,226452.89885069526,89.65979,2015,X,5.6,,481576755023015,-95.739868799569,29.536878776877,0.0,s2904,s2904,0.0,0.0,1,1,0.0,0.0,10.097,1.26,0.0,1,0.0,0,0.0,0,0.0,0.0,0,0.0,0,,,
122597241,RES1-1SNB,RES,0.75,S,1,1633.0,2188,322043.36813446425,161021.68406723213,77.95204,1997,X,4.61,,481576738022004,-95.688297458462,29.600083549525,0.0,s2905,s2905,0.0,0.0,1,1,0.0,0.0,7.517,6.15,0.0,1,0.0,0,0.0,0,0.0,0.0,0,0.0,0,,,
122490886,RES1-2SNB,RES,0.75,S,2,2149.0,2542,532273.023504854,266136.511752427,90.59639,2010,X,5.6,,481576734013018,-95.802151881062,29.592450891316,0.0,s2906,s2906,0.0,0.0,1,1,0.0005,0.0,5.372,3.37,0.0,1,0.0,0,0.0,0,0.0,0.0,0,0.0,0,,,
122481156,RES1-1SNB,RES,0.75,S,1,3435.0,2863,875036.5979404502,437518.2989702251,85.07438,2012,AE,4.45,,481576734042004,-95.76099908858,29.634948736443,0.0,s2907,s2907,0.0,0.0,0,1,0.0,0.0,1.904,0.18,0.0,1,0.0,0,0.0,0,0.0,0.0,0,0.0,0,,,
122454607,RES1-2SNB,RES,0.75,S,2,3181.0,2516,531833.409838296,265916.704919148,79.32278,2005,X,5.99,,481576728021000,-95.675173105969,29.608296693626,0.0,s2908,s2908,0.0,0.0,1,1,0.1201,0.0,5.634,0.62,0.0,1,0.0,0,0.0,0,0.0,0.0,0,0.0,0,,,
122612753,RES1-2SNB,RES,0.75,S,2,3058.0,2850,742965.9902219194,371482.9951109597,70.83753,1993,X,4.49,,481576742004000,-95.626636065429,29.573383981252,1.0,s2909,s2909,0.0,0.0,1,1,0.0,0.0,6.891,3.32,0.0,1,0.0,0,0.0,0,0.0,0.0,0,0.0,0,,,
122668615,RES1-1SNB,RES,0.75,S,1,3010.0,3656,777956.1205146955,388978.06025734777,69.55651,2013,X,4.27,,481576744024019,-95.619082528311,29.543847563929,1.0,s2910,s2910,0.0,0.0,0,1,0.0,0.0,18.913,5.27,0.0,1,0.0,0,0.0,0,0.0,0.0,0,0.0,0,,,
122484347,RES1-1SNB,RES,0.75,S,1,2112.0,2540,205210.50235894517,102605.25117947259,99.511925,2008,X,4.17,,481576751011001,-95.776329087936,29.551982085397,0.0,s2911,s2911,0.0,0.0,1,1,0.0,0.0,6.683,3.33,0.0,1,0.0,0,0.0,0,0.0,0.0,0,0.0,0,,,
122460641,RES1-1SNB,RES,0.75,S,1,2517.0,2843,706757.476036851,353378.7380184255,80.92039,2015,X,0.05,,481576729012070,-95.697405045736,29.625223376027,0.0,s2912,s2912,0.0,0.0,0,1,0.0,0.0,12.036,6.54,0.0,1,0.0,0,0.0,0,0.0,0.0,0,0.0,0,,,
122668869,RES1-2SNB,RES,0.75,S,2,4684.0,4549,1008693.0655627216,504346.5327813608,70.53997,1993,X,4.73,,481576742003018,-95.618141689017,29.572816833128,1.0,s2913,s2913,0.0,0.0,1,1,0.0,0.0,12.1,6.37,0.0,1,0.0,0,0.0,0,0.0,0.0,0,0.0,0,,,
122451140,RES1-1SNB,RES,0.75,S,1,2482.0,3164,667800.0204302014,333900.0102151007,71.86982,2009,X,4.32,,481576739022023,-95.661226471519,29.57973977999,0.0,s2914,s2914,0.0,0.0,1,1,0.0,0.0,8.753,4.05,0.0,1,0.0,0,0.0,0,0.0,0.0,0,0.0,0,,,
122465912,RES1-1SNB,RES,0.75,S,1,2142.0,2463,496260.9916743411,248130.49583717054,80.13876,2004,X,5.19,,481576746042017,-95.705018407347,29.549235821627,0.0,s2915,s2915,0.0,0.0,1,1,0.0,0.0,19.455,8.61,0.0,1,0.0,0,0.0,0,0.0,0.0,0,0.0,0,,,
122468841,RES1-2SNB,RES,0.75,S,2,3014.0,1624,577261.0204201468,288630.5102100734,81.499626,1987,X,5.47,,481576736002007,-95.724319184959,29.624561002876,0.0,s2916,s2916,0.0,0.0,1,1,0.0,0.0,12.047,8.02,0.0,1,0.0,0,0.0,0,0.0,0.0,0,0.0,0,,,
122690954,RES1-2SNB,RES,0.75,S,2,3106.0,2704,745821.1600077557,372910.58000387787,69.70925,1987,X,4.64,,481576740011022,-95.622846867985,29.579094042825,1.0,s2917,s2917,0.0,0.0,1,1,0.0,0.0,6.959,4.75,0.0,1,0.0,0,0.0,0,0.0,0.0,0,0.0,0,,,
122552013,RES1-1SNB,RES,0.75,S,1,2209.0,2506,393629.0303455849,196814.51517279245,77.58077,1997,X,5.19,,481576738022003,-95.689326704367,29.598963773547,1.0,s2918,s2918,0.0,0.0,1,1,0.0,0.0,2.802,7.14,0.0,1,0.0,0,0.0,0,0.0,0.0,0,0.0,0,,,
122622573,RES1-1SNB,RES,0.75,S,1,3024.0,2248,470759.21848660836,235379.60924330418,86.44083,2015,X,4.87,,481576755022006,-95.714735289704,29.533374485844,0.0,s2919,s2919,0.0,0.0,1,1,0.0,0.0,8.774,1.4,0.0,1,0.0,0,0.0,0,0.0,0.0,0,0.0,0,,,
122481547,RES1-1SNB,RES,0.75,S,1,2401.0,2132,682748.8395514669,341374.41977573343,86.54021,2012,AE,2.23,,481576734042004,-95.766612517967,29.639463260108,0.0,s2920,s2920,0.0,0.0,0,1,0.0,0.0,9.796,0.44,0.0,1,0.0,0,0.0,0,0.0,0.0,0,0.0,0,,,
122585526,RES3A,RES,0.5,S,2,14140.0,7070,1802046.7179569216,630716.3512849224,98.15265,2008,X,7.16,,481576751012010,-95.771420196293,29.549757377187,0.0,s2921,s2921,0.0,0.0,1,1,0.0,0.0,6.405,5.48,0.0,1,0.0,0,0.0,0,0.0,0.0,0,0.0,0,,,
122681337,RES1-2SNB,RES,0.75,S,2,2398.0,1735,292633.30539314856,146316.65269657428,65.503235,1984,X,4.87,,481576741001002,-95.604743451107,29.584991793344,1.0,s2922,s2922,0.0,0.0,1,1,0.0,0.0,11.021,0.97,0.0,1,0.0,0,0.0,0,0.0,0.0,0,0.0,0,,,
122620869,RES1-1SNB,RES,0.75,S,1,1638.0,3363,291169.98116563156,145584.99058281578,87.53361,2015,X,3.96,,481576755024008,-95.74329851048,29.530133065789,0.0,s2923,s2923,0.0,0.0,1,1,0.0,0.0,12.628,2.23,0.0,1,0.0,0,0.0,0,0.0,0.0,0,0.0,0,,,
122597130,RES1-2SNB,RES,0.75,S,2,3352.0,3194,796384.3652182248,398192.1826091124,70.673325,1988,X,5.28,,481576746011003,-95.673179654846,29.56268194,1.0,s2924,s2924,0.0,0.0,1,1,0.0,0.0,6.949,3.22,0.0,1,0.0,0,0.0,0,0.0,0.0,0,0.0,0,,,
122552230,RES1-2SNB,RES,0.75,S,2,2831.0,2103,735963.9366470528,367981.9683235264,83.47589,2015,X,6.16,,481576729012058,-95.68563873869,29.621704737977,0.0,s2925,s2925,0.0,0.0,1,1,0.0,0.0,10.401,9.46,0.0,1,0.0,0,0.0,0,0.0,0.0,0,0.0,1,,,
122615479,RES1-1SNB,RES,0.75,S,1,2283.0,2591,600289.7917920293,300144.89589601464,73.377014,1988,X,0.0,37650388,481576746012014,-95.688876303522,29.551249114768,1.0,s2926,s2926,0.0,0.0,1,1,0.0,0.0,3.001,3.16,0.0,1,0.0,0,0.0,0,0.0,0.0,0,0.0,0,,,
122689941,RES1-1SNB,RES,0.75,S,1,3329.0,2828,836469.5260094875,418234.7630047437,67.30739,2013,X,0.99,,481576744021004,-95.605060479937,29.540265715078,1.0,s2927,s2927,0.0,0.0,1,1,0.0,0.0,6.537,0.49,0.0,1,0.0,0,0.0,0,0.0,0.0,0,0.0,0,,,
122456802,RES1-1SNB,RES,0.75,S,1,2058.0,2285,569048.4616087318,284524.2308043659,75.2183,2002,X,4.45,,481576746023030,-95.682604870046,29.542603275447,1.0,s2928,s2928,0.0,0.0,1,1,0.0,0.0,17.153,6.77,0.0,1,0.0,0,0.0,0,0.0,0.0,0,0.0,0,,,
122531621,RES1-2SNB,RES,0.75,S,2,2400.0,1625,495819.10274976835,247909.55137488418,81.63583,1987,X,5.23,,481576736003003,-95.739395693493,29.618626146338,0.0,s2929,s2929,0.0,0.0,1,1,0.0,0.0,14.333,1.08,0.0,1,0.0,0,0.0,0,0.0,0.0,0,0.0,0,,,
122489164,RES3A,RES,0.5,S,1,520.0,2716,78567.60609967104,27498.662134884864,95.94995,1981,X,3.92,,481576752004005,-95.799613159219,29.537830605511,0.0,s2930,s2930,0.0,0.0,1,1,0.0,0.0,1.294,5.58,0.0,1,0.0,0,0.0,0,0.0,0.0,0,0.0,0,,,
122474162,RES1-2SNB,RES,0.75,S,2,5042.0,3933,865866.6013620738,432933.3006810369,82.50673,1987,AE,4.38,,481576736003012,-95.742063520367,29.602307894682,1.0,s2931,s2931,0.0,0.0,1,1,0.0,0.0,8.965,7.15,0.0,1,0.0,0,0.0,0,0.0,0.0,0,0.0,0,,,
122578416,RES1-1SNB,RES,0.75,S,1,3276.0,2486,712164.6936360815,356082.34681804077,85.12142,2010,AE,2.82,,481576734011022,-95.74441740645,29.600896595268,1.0,s2932,s2932,0.0,0.0,1,1,0.0,0.0,2.635,3.39,0.0,1,0.0,0,0.0,0,0.0,0.0,0,0.0,0,,,
122521955,RES1-2SNB,RES,0.75,S,2,3614.0,3519,862142.0600224565,431071.0300112282,70.33918,2002,X,5.56,,481576746022017,-95.668184760498,29.551646813919,1.0,s2933,s2933,0.0,0.0,1,1,0.0,0.0,2.878,4.76,0.0,1,0.0,0,0.0,0,0.0,0.0,0,0.0,0,,,
122590320,COM1,COM,0.25,S,1,975.78,1484,133999.44165000002,167499.30206250004,89.98126,1979,X,1.3,,481576749003018,-95.768392230549,29.59358755267,0.0,s2934,s2934,0.0,0.0,1,1,0.0,0.0,3.611,9.97,0.0,1,0.0,0,0.0,0,0.0,0.0,0,0.0,0,,,
122627733,RES1-1SNB,RES,0.75,S,1,1738.0,2393,345708.33839290624,172854.16919645312,88.124985,2015,X,0.0,,481576755021018,-95.753590550862,29.528975647723,0.0,s2935,s2935,0.0,0.0,0,1,0.0,0.0,1.625,3.59,0.0,1,0.0,0,0.0,0,0.0,0.0,0,0.0,0,,,
122620657,RES1-1SNB,RES,2.0,C,1,1560.0,1676,168359.33685000002,84179.66842500001,98.981186,1983,X,2.68,,481576750002019,-95.802366380808,29.566025109775,0.0,s2936,s2936,0.0,0.0,1,1,0.0,0.0,43.551,17.01,0.0,1,0.0,0,0.0,0,0.0,0.0,0,0.0,1,,,
122690357,RES1-2SNB,RES,0.75,S,2,3788.0,3263,931973.6580682059,465986.82903410296,68.35052,2013,X,5.01,,481576744024012,-95.6138612946,29.540727455543,1.0,s2937,s2937,0.0,0.0,1,1,0.0,0.0,7.882,3.4,0.0,1,0.0,0,0.0,0,0.0,0.0,0,0.0,0,,,
122469925,RES1-1SNB,RES,0.75,S,1,2560.0,3174,565910.3934820745,282955.19674103725,83.00701,1992,X,4.86,,481576735021000,-95.732339018623,29.632608713387,0.0,s2938,s2938,0.0,0.0,1,1,0.0,0.0,1.718,6.47,0.0,1,0.0,0,0.0,0,0.0,0.0,0,0.0,0,,,
122532503,RES1-2SNB,RES,0.75,S,2,6787.0,5897,1326963.6537949953,663481.8268974976,87.098045,2012,X,5.73,,481576734042011,-95.752374017192,29.63581880772,0.0,s2939,s2939,0.0,0.0,1,1,0.0,0.0,15.72,2.38,0.0,1,0.0,0,0.0,0,0.0,0.0,0,0.0,0,,,
122449033,RES1-2SNB,RES,0.75,S,2,3375.0,3215,826344.0689180436,413172.0344590218,74.98523,2009,X,4.17,,481576739023030,-95.656607041008,29.595067570825,0.0,s2940,s2940,0.0,0.0,1,1,0.0,0.0,3.473,3.7,0.0,1,0.0,0,0.0,0,0.0,0.0,0,0.0,0,,,
122459237,RES1-1SNB,RES,0.75,S,1,2136.0,2668,583309.6212031094,291654.8106015547,74.65924,2003,X,5.03,,481576747011006,-95.689287267234,29.570533179874,1.0,s2941,s2941,0.0,0.0,1,1,0.0,0.0,14.522,4.15,0.0,1,0.0,0,0.0,0,0.0,0.0,0,0.0,0,,,
122531838,RES1-1SNB,RES,0.75,S,1,1605.0,1999,309923.3103382454,154961.6551691227,92.47058,2015,X,5.37,,481576755023001,-95.731218517952,29.540666946378,0.0,s2942,s2942,0.0,0.0,1,1,0.0,0.0,13.912,7.48,0.0,1,0.0,0,0.0,0,0.0,0.0,0,0.0,0,,,
122536681,RES1-1SNB,RES,0.75,S,1,1640.0,2101,187645.40416554862,93822.70208277431,98.99257,2008,X,5.2,,481576751012016,-95.776270889729,29.554904218338,0.0,s2943,s2943,0.0,0.0,1,1,0.0,0.0,7.281,0.93,0.0,1,0.0,0,0.0,0,0.0,0.0,0,0.0,0,,,
122457295,RES1-1SNB,RES,0.75,S,1,2381.0,2654,635476.2092881612,317738.1046440806,76.474014,2003,X,5.06,,481576747011001,-95.691452125379,29.571020220198,1.0,s2944,s2944,0.0,0.0,0,1,0.0,0.0,29.693,15.65,0.0,1,0.0,0,0.0,0,0.0,0.0,0,0.0,1,,,
122622322,RES1-1SNB,RES,0.75,S,1,2397.0,2824,586595.6549166269,293297.82745831343,79.21669,2015,X,0.0,,481576755031033,-95.731080448143,29.51160886142,1.0,s2945,s2945,0.0,0.0,0,1,0.0,0.0,13.524,1.75,0.0,1,0.0,0,0.0,0,0.0,0.0,0,0.0,0,,,
122525014,RES1-2SNB,RES,0.75,S,2,2402.0,2025,415874.2258892573,207937.11294462864,74.87804,1997,X,6.11,,481576738021006,-95.690981256105,29.591786100257,1.0,s2946,s2946,0.0,0.0,1,1,0.0,0.0,3.233,2.18,0.0,1,0.0,0,0.0,0,0.0,0.0,0,0.0,0,,,
122519513,RES1-2SNB,RES,0.75,S,2,2997.0,2029,729431.7099990692,364715.8549995346,70.32529,1993,X,6.01,,481576742002000,-95.636884714983,29.573294189512,1.0,s2947,s2947,0.0,0.0,1,1,0.0,0.0,26.605,3.64,0.0,1,0.0,0,0.0,0,0.0,0.0,0,0.0,0,,,
122636794,AGR1,COM,0.25,S,1,2556.0,2556,283313.0944685874,410803.9869794517,92.010414,2015,X,0.06,,481576755021051,-95.768418099441,29.527904748954,0.0,s2948,s2948,0.0,0.0,0,1,0.0,0.0,16.227,1.33,0.0,1,0.0,0,0.0,0,0.0,0.0,0,0.0,0,,,
122552908,RES1-2SNB,RES,0.75,S,2,2516.0,1824,428376.4259854627,214188.21299273134,75.12821,1997,X,4.81,,481576738022015,-95.69583534677,29.59146914134,1.0,s2949,s2949,0.0,0.0,1,1,0.0,0.0,5.734,4.55,0.0,1,0.0,0,0.0,0,0.0,0.0,0,0.0,0,,,
122541744,RES1-1SNB,RES,0.75,S,1,2630.0,1948,741601.6229446848,370800.8114723424,94.18946,2013,AE,0.05,,481576734022021,-95.817293105624,29.634952605771,0.0,s2950,s2950,0.0,0.0,0,1,0.0,0.0,2.429,2.85,0.0,1,0.0,0,0.0,0,0.0,0.0,0,0.0,0,,,
122610510,RES1-2SNB,RES,0.75,S,2,3742.0,2108,858019.4643477211,429009.73217386054,68.8014,1987,X,5.96,,481576740011018,-95.620943077686,29.578967334142,1.0,s2951,s2951,0.0,0.0,1,1,0.0,0.0,5.786,0.95,0.0,1,0.0,0,0.0,0,0.0,0.0,0,0.0,0,,,
122586360,RES1-2SNB,RES,0.75,S,2,1120.0,837,132418.14075000002,66209.07037500001,87.61778,1983,AE,4.05,,481576750002008,-95.801880326118,29.567259035182,1.0,s2952,s2952,0.0,0.0,1,1,0.1107,0.0,33.426,19.23,0.0,1,0.0,0,0.0,0,0.0,0.0,0,0.0,1,,,
122679767,RES1-2SNB,RES,0.75,S,2,9039.0,5665,1753706.696322192,876853.348161096,68.124535,1993,X,6.75,,481576742003000,-95.605533990092,29.567581699665,1.0,s2953,s2953,0.0,0.0,1,1,0.0,0.0,4.352,3.05,0.0,1,0.0,0,0.0,0,0.0,0.0,0,0.0,0,,,
122454445,RES1-2SNB,RES,0.75,S,2,3287.0,2946,537726.280716682,268863.140358341,79.489136,2005,X,7.13,,481576728021000,-95.677725889759,29.607175866559,0.0,s2954,s2954,0.0,0.0,1,1,0.1358,0.0,9.667,1.14,0.0,1,0.0,0,0.0,0,0.0,0.0,0,0.0,0,,,
122473809,RES1-1SWB,RES,2.0,B,1,2093.0,2732,459656.09896098,229828.04948049,78.16687,2013,X,4.2,,481576747024011,-95.741473396996,29.560964630447,1.0,s2955,s2955,0.0,0.0,1,1,0.0,0.0,6.836,1.93,0.0,1,0.0,0,0.0,0,0.0,0.0,0,0.0,0,,,
122613442,RES1-2SNB,RES,0.75,S,2,4052.0,2494,387500.888235319,193750.4441176595,96.10564,2008,X,5.43,,481576751013016,-95.763887424147,29.550238599647,0.0,s2956,s2956,0.0,0.0,1,1,0.0,0.0,1.852,2.23,0.0,1,0.0,0,0.0,0,0.0,0.0,0,0.0,0,,,
122531102,RES1-1SNB,RES,0.75,S,1,2613.0,3607,389558.1281130604,194779.0640565302,78.09642,2013,X,4.68,,481576747024029,-95.735987230338,29.557611928416,1.0,s2957,s2957,0.0,0.0,1,1,0.1993,0.0,6.456,1.61,0.0,1,0.0,0,0.0,0,0.0,0.0,0,0.0,0,,,
122519032,RES1-2SNB,RES,0.75,S,2,3894.0,2782,904659.5379111288,452329.7689555644,70.59641,1998,X,6.17,,481576744012009,-95.631423629642,29.560852642337,0.0,s2958,s2958,0.0,0.0,1,1,0.1731,0.0,3.282,0.07,0.0,1,0.0,0,0.0,0,0.0,0.0,0,0.0,1,,,
122635646,RES1-2SNB,RES,0.75,S,2,2663.0,1930,603042.729981907,301521.3649909535,87.40914,2015,X,5.25,,481576755031020,-95.74961185082,29.516913029044,0.0,s2959,s2959,0.0,0.0,1,1,0.0,0.0,3.488,0.85,0.0,1,0.0,0,0.0,0,0.0,0.0,0,0.0,0,,,
122450869,RES1-2SNB,RES,0.75,S,2,5415.0,4178,1144858.3417969728,572429.1708984864,69.26214,2002,X,5.54,,481576746022008,-95.660520112759,29.553588024637,1.0,s2960,s2960,0.0,0.0,1,1,0.0,0.0,13.384,8.61,0.0,1,0.0,0,0.0,0,0.0,0.0,0,0.0,0,,,
122586043,RES1-1SNB,RES,2.0,C,1,1224.0,3612,175460.7414,87730.3707,98.77374,1981,X,2.82,,481576751022024,-95.793164813583,29.547938448042,0.0,s2961,s2961,0.0,0.0,1,1,0.0,0.0,2.797,4.95,0.0,1,0.0,0,0.0,0,0.0,0.0,0,0.0,0,,,
122623399,RES1-2SNB,RES,0.75,S,2,3517.0,2885,732808.4040958089,366404.20204790443,82.59988,2015,X,7.09,,481576755031007,-95.730441332786,29.513842079138,1.0,s2962,s2962,0.0,0.0,0,1,0.0,0.0,15.052,1.92,0.0,1,0.0,0,0.0,0,0.0,0.0,0,0.0,0,,,
122541683,RES1-1SNB,RES,0.75,S,1,2035.0,1312,607388.0000439277,303694.00002196385,93.96364,2013,X,0.03,,481576734022021,-95.816020971368,29.63498740321,0.0,s2963,s2963,0.0,0.0,0,1,0.0,0.0,3.831,2.39,0.0,1,0.0,0,0.0,0,0.0,0.0,0,0.0,0,,,
122487753,RES1-1SNB,RES,2.0,C,1,900.0,1116,109150.01055,54575.005275,100.265335,1983,X,3.46,,481576750001022,-95.796544416007,29.559758095829,0.0,s2964,s2964,0.0,0.0,1,1,0.0,0.0,4.355,7.81,0.0,1,0.0,0,0.0,0,0.0,0.0,0,0.0,0,,,
122461102,RES1-2SNB,RES,0.75,S,2,2846.0,2492,465620.99047279585,232810.49523639792,75.28057,1997,X,5.59,,481576738022008,-95.694123181518,29.586737462838,1.0,s2965,s2965,0.0,0.0,1,1,0.0,0.0,19.33,6.28,0.0,1,0.0,0,0.0,0,0.0,0.0,0,0.0,0,,,
122494014,RES1-1SNB,RES,0.75,S,1,1363.0,1363,402465.53296507744,201232.76648253872,87.301476,2008,AE,2.09,,481576733001067,-95.814590488854,29.578155877085,1.0,s2966,s2966,0.0,0.0,0,1,0.1127,0.0,1.048,17.01,0.0,1,0.0,0,0.0,0,0.0,0.0,0,0.0,0,,,
122536862,RES1-1SNB,RES,0.75,S,1,1418.0,1860,156059.02574686657,78029.51287343328,97.00421,2008,X,4.2,,481576751011007,-95.776321445839,29.550491977526,0.0,s2967,s2967,0.0,0.0,1,1,0.0,0.0,4.572,3.42,0.0,1,0.0,0,0.0,0,0.0,0.0,0,0.0,0,,,
122532953,RES1-1SNB,RES,0.75,S,1,1689.0,2188,442682.74754691,221341.373773455,88.504585,2010,AE,4.65,,481576734011008,-95.746915291981,29.608064637895,1.0,s2968,s2968,0.0,0.0,1,1,0.0,0.0,5.888,6.58,0.0,1,0.0,0,0.0,0,0.0,0.0,0,0.0,0,,,
122680105,RES1-1SNB,RES,0.75,S,1,2324.0,3154,289122.38985597127,144561.19492798563,66.38702,1984,X,3.92,,481576741004008,-95.600070880378,29.571952818594,1.0,s2969,s2969,0.0,0.0,1,1,0.0,0.0,13.406,1.46,0.0,1,0.0,0,0.0,0,0.0,0.0,0,0.0,0,,,
122536347,RES1-2SNB,RES,0.75,S,2,4761.0,3653,1102494.4507807996,551247.2253903998,93.92213,2012,X,5.23,,481576734043003,-95.776190856093,29.650772480741,0.0,s2970,s2970,0.0,0.0,1,1,0.0,0.0,13.999,3.22,0.0,1,0.0,0,0.0,0,0.0,0.0,0,0.0,0,,,
122583226,COM1,COM,0.25,S,1,5512.0,5512,863900.2098123066,1079875.2622653833,73.3124,1996,X,3.73,,481576739032011,-95.675483403354,29.588458559695,1.0,s2971,s2971,0.0,0.0,1,1,0.0,0.0,14.461,3.27,0.0,1,0.0,0,0.0,0,0.0,0.0,0,0.0,0,,,
122743647,RES1-1SNB,RES,0.75,S,1,2336.0,1500,151989.5162,75994.7581,99.456955,1978,X,0.0,,481576748001017,-95.775144126831,29.567799999778,0.0,s2972,s2972,0.0,0.0,1,1,0.0,0.0,1.551,9.58,0.0,1,0.0,0,0.0,0,0.0,0.0,0,0.0,0,,,
122665761,RES1-2SNB,RES,0.75,S,2,2929.0,1715,728425.3482982214,364212.6741491107,69.66407,1998,X,5.84,,481576744015000,-95.610839707939,29.55191226992,0.0,s2973,s2973,0.0,0.0,1,1,0.0,0.0,11.801,0.83,0.0,1,0.0,0,0.0,0,0.0,0.0,0,0.0,0,,,
122454093,RES1-2SNB,RES,0.75,S,2,3209.0,2576,803196.8848707804,401598.4424353902,72.604256,2003,X,5.41,,481576747012005,-95.673909315386,29.571742085505,1.0,s2974,s2974,0.0,0.0,1,1,0.0,0.0,24.748,19.81,0.0,1,0.0,0,0.0,0,0.0,0.0,0,0.0,0,,,
122714179,RES1-2SNB,RES,0.75,S,2,4587.0,3623,1064934.4052787386,532467.2026393693,68.527054,2013,X,5.47,,481576744024015,-95.611756200875,29.536781160069,1.0,s2975,s2975,0.0,0.0,0,1,0.0,0.0,7.486,9.7,0.0,1,0.0,0,0.0,0,0.0,0.0,0,0.0,0,,,
122695704,RES1-1SNB,RES,0.75,S,1,4457.0,4458,1040304.6404258638,520152.3202129319,68.72673,2013,X,3.99,,481576744023002,-95.611248089751,29.546018944444,1.0,s2976,s2976,0.0,0.0,1,1,0.0,0.0,7.693,2.83,0.0,1,0.0,0,0.0,0,0.0,0.0,0,0.0,0,,,
122473555,RES1-1SNB,RES,2.0,C,1,1534.0,3070,274660.0304108074,137330.0152054037,75.067375,2013,X,0.0,,481576747024011,-95.745657764202,29.564301241066,1.0,s2977,s2977,0.0,0.0,0,1,0.0,0.0,9.528,4.0,0.0,1,0.0,0,0.0,0,0.0,0.0,0,0.0,0,,,
122744046,RES3A,RES,2.0,C,2,3000.0,1500,490611.57017795905,171714.04956228565,73.170715,2002,X,0.0,,481576746023031,-95.677450963942,29.542707265641,1.0,s2978,s2978,0.0,0.0,0,1,0.0,0.0,12.731,0.63,0.0,1,0.0,0,0.0,0,0.0,0.0,0,0.0,0,,,
122622931,RES1-1SNB,RES,0.75,S,1,2709.0,2411,450810.3981512255,225405.19907561276,84.61117,2015,X,0.56,,481576755022017,-95.724388454461,29.523105215864,0.0,s2979,s2979,0.0,0.0,0,1,0.0,0.0,18.621,1.5,0.0,1,0.0,0,0.0,0,0.0,0.0,0,0.0,0,,,
122531625,RES1-2SNB,RES,0.75,S,2,3269.0,2777,611932.5673128449,305966.28365642246,81.893196,1987,X,4.1,,481576736003003,-95.740169182954,29.620370350734,0.0,s2980,s2980,0.0,0.0,1,1,0.0,0.0,13.088,2.21,0.0,1,0.0,0,0.0,0,0.0,0.0,0,0.0,0,,,
122480638,RES1-1SNB,RES,2.0,C,1,1984.0,1984,309502.4719266519,154751.23596332595,82.851555,2013,X,4.73,,481576747022049,-95.757716395484,29.577319150206,1.0,s2981,s2981,0.0,0.0,1,1,0.0,0.0,8.947,3.84,0.0,1,0.0,0,0.0,0,0.0,0.0,0,0.0,0,,,
122565160,RES1-1SNB,RES,0.75,S,1,2389.0,3065,629329.921170541,314664.9605852705,71.57092,1993,X,5.24,,481576742001004,-95.636958838745,29.584068369899,1.0,s2982,s2982,0.0,0.0,1,1,0.0,0.0,13.248,6.96,0.0,1,0.0,0,0.0,0,0.0,0.0,0,0.0,1,,,
122709420,RES1-2SNB,RES,0.75,S,2,2451.0,2439,297231.7461749996,148615.8730874998,67.3044,1984,X,5.1,,481576741001010,-95.606222423318,29.576769694522,1.0,s2983,s2983,0.0,0.0,1,1,0.0,0.0,15.147,3.84,0.0,1,0.0,0,0.0,0,0.0,0.0,0,0.0,0,,,
122597881,RES1-1SNB,RES,0.75,S,1,3634.0,3013,477021.64440260036,238510.82220130018,78.1144,2013,X,4.93,,481576747024041,-95.730424145292,29.565772636849,1.0,s2984,s2984,0.0,0.0,1,1,0.0,0.0,12.443,1.18,0.0,1,0.0,0,0.0,0,0.0,0.0,0,0.0,0,,,
122578017,RES1-2SNB,RES,0.75,S,2,2620.0,1885,566438.707798603,283219.3538993015,81.55948,1992,X,5.82,,481576735023005,-95.730378480999,29.627615721339,0.0,s2985,s2985,0.0,0.0,1,1,0.0,0.0,9.339,9.37,0.0,1,0.0,0,0.0,0,0.0,0.0,0,0.0,0,,,
122613482,RES1-1SNB,RES,2.0,C,1,1242.0,1331,209176.25563799997,104588.12781899999,78.63026,2013,X,3.0,,481576747022052,-95.757780516989,29.575727209583,1.0,s2986,s2986,0.0,0.0,1,1,0.0,0.0,3.788,0.01,0.0,1,0.0,0,0.0,0,0.0,0.0,0,0.0,0,,,
122570968,COM3,COM,0.25,S,1,7843.5,20916,1214801.2476530024,1822201.8714795036,85.46282,2010,AE,3.02,,481576734014000,-95.772132484909,29.625426868028,1.0,s2987,s2987,0.0,0.0,1,1,0.0,0.0,10.936,2.84,0.0,1,0.0,0,0.0,0,0.0,0.0,0,0.0,0,,,
122616011,RES1-1SNB,RES,5.25,P,1,1232.0,1176,213059.25462836868,106529.62731418434,81.92263,2013,X,4.13,,481576747022053,-95.761006981636,29.575807473822,1.0,s2988,s2988,0.0,0.0,1,1,0.0,0.0,7.204,2.97,0.0,1,0.0,0,0.0,0,0.0,0.0,0,0.0,0,,,
122578180,RES1-2SNB,RES,0.75,S,2,3987.0,2911,759739.7116280787,379869.85581403936,84.40429,1992,X,6.21,,481576735022008,-95.737408965656,29.631996361192,0.0,s2989,s2989,0.0,0.0,1,1,0.0,0.0,3.212,1.87,0.0,1,0.0,0,0.0,0,0.0,0.0,0,0.0,0,,,
122531690,RES1-1SNB,RES,0.75,S,1,3105.0,3377,483713.63886350376,241856.81943175188,89.8288,2015,X,0.06,,481576755023001,-95.73106450481,29.538167047234,0.0,s2990,s2990,0.0,0.0,0,1,0.0,0.0,12.044,3.85,0.0,1,0.0,0,0.0,0,0.0,0.0,0,0.0,0,,,
122446604,RES1-2SNB,RES,0.75,S,2,5098.0,3762,1122234.7171359535,561117.3585679767,73.167755,2009,X,5.87,,481576739023001,-95.642079105601,29.601673006445,0.0,s2991,s2991,0.0,0.0,1,1,0.0,0.0,20.667,1.57,0.0,1,0.0,0,0.0,0,0.0,0.0,0,0.0,0,,,
122490345,RES1-1SNB,RES,0.75,S,1,4423.0,3288,876192.7114867383,438096.35574336915,92.330055,2010,AE,4.53,,481576734014005,-95.80327638891,29.618948422589,0.0,s2992,s2992,0.0,0.0,1,1,0.0,0.0,8.033,0.06,0.0,1,0.0,0,0.0,0,0.0,0.0,0,0.0,0,,,
122626766,RES1-1SNB,RES,0.75,S,1,2029.0,2452,499279.4868035111,249639.74340175555,87.05815,2015,X,0.77,,481576755031019,-95.748363222434,29.514586101674,0.0,s2993,s2993,0.0,0.0,1,1,0.0,0.0,16.986,1.65,0.0,1,0.0,0,0.0,0,0.0,0.0,0,0.0,0,,,
122490784,RES2,RES,2.0,C,1,1267.0,1294,65311.260496268216,65311.260496268216,97.77976,1981,AE,1.35,,481576752003012,-95.803897878865,29.54507696599,0.0,s2994,s2994,0.0,0.0,1,1,0.0,0.0,1.778,0.17,0.0,1,0.0,0,0.0,0,0.0,0.0,0,0.0,0,,,
122540213,RES1-1SNB,RES,5.25,P,1,2578.0,2578,592784.2771772105,296392.1385886053,90.330475,2010,X,0.44,,481576734013001,-95.804119572368,29.597375403797,0.0,s2995,s2995,0.0,0.0,0,1,0.0,0.0,7.441,2.7,0.0,1,0.0,0,0.0,0,0.0,0.0,0,0.0,0,,,
122625530,AGR1,COM,0.25,S,1,2842.0,2842,313328.2478024931,454325.959313615,84.01793,2015,X,0.0,,481576755024011,-95.739650188158,29.519511025432,0.0,s2996,s2996,0.0,0.0,0,1,0.0,0.0,8.046,1.57,0.0,1,0.0,0,0.0,0,0.0,0.0,0,0.0,0,,,
122548963,RES1-2SNB,RES,0.75,S,2,4460.0,3050,986575.1298156999,493287.56490784994,71.91655,1993,X,4.51,,481576742001008,-95.635692896994,29.578134138539,1.0,s2997,s2997,0.0,0.0,1,1,0.0,0.0,23.804,0.9,0.0,1,0.0,0,0.0,0,0.0,0.0,0,0.0,0,,,
122474141,RES1-1SNB,RES,2.0,C,1,1671.0,1671,375879.479808,187939.739904,81.10448,1987,AE,4.21,,481576736003012,-95.736776865427,29.597330617309,1.0,s2998,s2998,0.0,0.0,0,1,0.0,0.0,5.557,5.91,0.0,1,0.0,0,0.0,0,0.0,0.0,0,0.0,0,,,
