property_id,address,pct_flooded,max_depth_ft,depth_lower_ft,depth_upper_ft,depth_ci_ft,impact_class,confidence_score,recommended_action,adjuster_note,urban_flag,optical_available,optical_water_pct,confidence_factors,ensemble_disagreement,ensemble_note,ensemble_votes
HARV-00001,"1516 Pech Road, Houston, TX",0.0,0.0,0.0,0.0,0.0,Remote-Deny,81,Deny remotely — no significant flooding detected by satellite,Satellite data at 1516 Pech Road indicates 0.0ft depth; remote-deny per 81% confidence.,1,1,0.0,"[{""factor"": ""SAR recency"", ""delta"": 8, ""reason"": ""Imagery 3d post-event \u2014 fresh""}, {""factor"": ""Depth certainty"", ""delta"": 10, ""reason"": ""Near-zero depth \u2014 confidently not flooded""}, {""factor"": ""Coverage coherence"", ""delta"": 7, ""reason"": ""0% coverage \u2014 confidently dry""}, {""factor"": ""Urban SAR shadow"", ""delta"": -15, ""reason"": ""Dense urban area \u2014 radar shadow can mimic water""}, {""factor"": ""Optical cross-check"", ""delta"": 6, ""reason"": ""Sentinel-2 confirms dry ground \u2014 sensors agree""}]",0,,"{""sar"": ""dry"", ""optical"": ""dry"", ""dem_hydrology"": ""flood""}"
HARV-00002,"4001 Stanford Street, Houston, TX, 77006",0.0,0.0,0.0,0.0,0.0,Remote-Deny,81,Deny remotely — no significant flooding detected by satellite,Satellite data at 4001 Stanford Street indicates 0.0ft depth; remote-deny per 81% confidence.,1,1,0.0,"[{""factor"": ""SAR recency"", ""delta"": 8, ""reason"": ""Imagery 3d post-event \u2014 fresh""}, {""factor"": ""Depth certainty"", ""delta"": 10, ""reason"": ""Near-zero depth \u2014 confidently not flooded""}, {""factor"": ""Coverage coherence"", ""delta"": 7, ""reason"": ""0% coverage \u2014 confidently dry""}, {""factor"": ""Urban SAR shadow"", ""delta"": -15, ""reason"": ""Dense urban area \u2014 radar shadow can mimic water""}, {""factor"": ""Optical cross-check"", ""delta"": 6, ""reason"": ""Sentinel-2 confirms dry ground \u2014 sensors agree""}]",0,,"{""sar"": ""dry"", ""optical"": ""dry"", ""dem_hydrology"": ""flood""}"
HARV-00003,"5314 Dashwood Drive, Houston, 77081",0.0,0.0,0.0,0.0,0.0,Review,75,Flag for manual review — borderline measurements or low confidence,Satellite data at 5314 Dashwood Drive indicates 0.0ft depth; review per 75% confidence.,1,1,0.2309,"[{""factor"": ""SAR recency"", ""delta"": 8, ""reason"": ""Imagery 3d post-event \u2014 fresh""}, {""factor"": ""Depth certainty"", ""delta"": 10, ""reason"": ""Near-zero depth \u2014 confidently not flooded""}, {""factor"": ""Coverage coherence"", ""delta"": 7, ""reason"": ""0% coverage \u2014 confidently dry""}, {""factor"": ""Urban SAR shadow"", ""delta"": -15, ""reason"": ""Dense urban area \u2014 radar shadow can mimic water""}]",1,"Sensors disagree: optical, DEM-hydrology indicate flooding while SAR indicate dry/implausible — routed to manual review.","{""sar"": ""dry"", ""optical"": ""flood"", ""dem_hydrology"": ""flood""}"
HARV-00004,"1300 Binz Street, Houston, TX, 77004",0.0,0.0,0.0,0.0,0.0,Remote-Deny,81,Deny remotely — no significant flooding detected by satellite,Satellite data at 1300 Binz Street indicates 0.0ft depth; remote-deny per 81% confidence.,1,1,0.0,"[{""factor"": ""SAR recency"", ""delta"": 8, ""reason"": ""Imagery 3d post-event \u2014 fresh""}, {""factor"": ""Depth certainty"", ""delta"": 10, ""reason"": ""Near-zero depth \u2014 confidently not flooded""}, {""factor"": ""Coverage coherence"", ""delta"": 7, ""reason"": ""0% coverage \u2014 confidently dry""}, {""factor"": ""Urban SAR shadow"", ""delta"": -15, ""reason"": ""Dense urban area \u2014 radar shadow can mimic water""}, {""factor"": ""Optical cross-check"", ""delta"": 6, ""reason"": ""Sentinel-2 confirms dry ground \u2014 sensors agree""}]",0,,"{""sar"": ""dry"", ""optical"": ""dry"", ""dem_hydrology"": ""flood""}"
HARV-00005,"7887 Beechnut Street, Houston, 77074",0.0,0.0,0.0,0.0,0.0,Remote-Deny,81,Deny remotely — no significant flooding detected by satellite,Satellite data at 7887 Beechnut Street indicates 0.0ft depth; remote-deny per 81% confidence.,1,1,0.0,"[{""factor"": ""SAR recency"", ""delta"": 8, ""reason"": ""Imagery 3d post-event \u2014 fresh""}, {""factor"": ""Depth certainty"", ""delta"": 10, ""reason"": ""Near-zero depth \u2014 confidently not flooded""}, {""factor"": ""Coverage coherence"", ""delta"": 7, ""reason"": ""0% coverage \u2014 confidently dry""}, {""factor"": ""Urban SAR shadow"", ""delta"": -15, ""reason"": ""Dense urban area \u2014 radar shadow can mimic water""}, {""factor"": ""Optical cross-check"", ""delta"": 6, ""reason"": ""Sentinel-2 confirms dry ground \u2014 sensors agree""}]",0,,"{""sar"": ""dry"", ""optical"": ""dry"", ""dem_hydrology"": ""flood""}"
HARV-00006,2025 West 11th Street,0.0,0.0,0.0,0.0,0.0,Remote-Deny,81,Deny remotely — no significant flooding detected by satellite,Satellite data at 2025 West 11th Street indicates 0.0ft depth; remote-deny per 81% confidence.,1,1,0.0,"[{""factor"": ""SAR recency"", ""delta"": 8, ""reason"": ""Imagery 3d post-event \u2014 fresh""}, {""factor"": ""Depth certainty"", ""delta"": 10, ""reason"": ""Near-zero depth \u2014 confidently not flooded""}, {""factor"": ""Coverage coherence"", ""delta"": 7, ""reason"": ""0% coverage \u2014 confidently dry""}, {""factor"": ""Urban SAR shadow"", ""delta"": -15, ""reason"": ""Dense urban area \u2014 radar shadow can mimic water""}, {""factor"": ""Optical cross-check"", ""delta"": 6, ""reason"": ""Sentinel-2 confirms dry ground \u2014 sensors agree""}]",0,,"{""sar"": ""dry"", ""optical"": ""dry"", ""dem_hydrology"": ""dry""}"
HARV-00007,"1500 Sunset Boulevard, Houston, TX, 77005",0.0,0.0,0.0,0.0,0.0,Remote-Deny,81,Deny remotely — no significant flooding detected by satellite,Satellite data at 1500 Sunset Boulevard indicates 0.0ft depth; remote-deny per 81% confidence.,1,1,0.0,"[{""factor"": ""SAR recency"", ""delta"": 8, ""reason"": ""Imagery 3d post-event \u2014 fresh""}, {""factor"": ""Depth certainty"", ""delta"": 10, ""reason"": ""Near-zero depth \u2014 confidently not flooded""}, {""factor"": ""Coverage coherence"", ""delta"": 7, ""reason"": ""0% coverage \u2014 confidently dry""}, {""factor"": ""Urban SAR shadow"", ""delta"": -15, ""reason"": ""Dense urban area \u2014 radar shadow can mimic water""}, {""factor"": ""Optical cross-check"", ""delta"": 6, ""reason"": ""Sentinel-2 confirms dry ground \u2014 sensors agree""}]",0,,"{""sar"": ""dry"", ""optical"": ""dry"", ""dem_hydrology"": ""flood""}"
HARV-00008,"8393 Westview Drive, Houston, 77055",0.0,0.0,0.0,0.0,0.0,Remote-Deny,96,Deny remotely — no significant flooding detected by satellite,Satellite data at 8393 Westview Drive indicates 0.0ft depth; remote-deny per 96% confidence.,0,1,0.0,"[{""factor"": ""SAR recency"", ""delta"": 8, ""reason"": ""Imagery 3d post-event \u2014 fresh""}, {""factor"": ""Depth certainty"", ""delta"": 10, ""reason"": ""Near-zero depth \u2014 confidently not flooded""}, {""factor"": ""Coverage coherence"", ""delta"": 7, ""reason"": ""0% coverage \u2014 confidently dry""}, {""factor"": ""Optical cross-check"", ""delta"": 6, ""reason"": ""Sentinel-2 confirms dry ground \u2014 sensors agree""}]",0,,"{""sar"": ""dry"", ""optical"": ""dry"", ""dem_hydrology"": ""abstain""}"
HARV-00009,"4417 Bellaire Boulevard, Bellaire, 77401",0.0,0.0,0.0,0.0,0.0,Review,75,Flag for manual review — borderline measurements or low confidence,Satellite data at 4417 Bellaire Boulevard indicates 0.0ft depth; review per 75% confidence.,1,1,0.2187,"[{""factor"": ""SAR recency"", ""delta"": 8, ""reason"": ""Imagery 3d post-event \u2014 fresh""}, {""factor"": ""Depth certainty"", ""delta"": 10, ""reason"": ""Near-zero depth \u2014 confidently not flooded""}, {""factor"": ""Coverage coherence"", ""delta"": 7, ""reason"": ""0% coverage \u2014 confidently dry""}, {""factor"": ""Urban SAR shadow"", ""delta"": -15, ""reason"": ""Dense urban area \u2014 radar shadow can mimic water""}]",1,"Sensors disagree: optical, DEM-hydrology indicate flooding while SAR indicate dry/implausible — routed to manual review.","{""sar"": ""dry"", ""optical"": ""flood"", ""dem_hydrology"": ""flood""}"
HARV-00010,"7000 Bellaire Boulevard, Houston, TX",0.0,0.0,0.0,0.0,0.0,Remote-Deny,81,Deny remotely — no significant flooding detected by satellite,Satellite data at 7000 Bellaire Boulevard indicates 0.0ft depth; remote-deny per 81% confidence.,1,1,0.0,"[{""factor"": ""SAR recency"", ""delta"": 8, ""reason"": ""Imagery 3d post-event \u2014 fresh""}, {""factor"": ""Depth certainty"", ""delta"": 10, ""reason"": ""Near-zero depth \u2014 confidently not flooded""}, {""factor"": ""Coverage coherence"", ""delta"": 7, ""reason"": ""0% coverage \u2014 confidently dry""}, {""factor"": ""Urban SAR shadow"", ""delta"": -15, ""reason"": ""Dense urban area \u2014 radar shadow can mimic water""}, {""factor"": ""Optical cross-check"", ""delta"": 6, ""reason"": ""Sentinel-2 confirms dry ground \u2014 sensors agree""}]",0,,"{""sar"": ""dry"", ""optical"": ""dry"", ""dem_hydrology"": ""flood""}"
HARV-00011,"4610 Bellaire Boulevard, Bellaire, TX, 77401",0.0,0.0,0.0,0.0,0.0,Remote-Deny,81,Deny remotely — no significant flooding detected by satellite,Satellite data at 4610 Bellaire Boulevard indicates 0.0ft depth; remote-deny per 81% confidence.,1,1,0.0,"[{""factor"": ""SAR recency"", ""delta"": 8, ""reason"": ""Imagery 3d post-event \u2014 fresh""}, {""factor"": ""Depth certainty"", ""delta"": 10, ""reason"": ""Near-zero depth \u2014 confidently not flooded""}, {""factor"": ""Coverage coherence"", ""delta"": 7, ""reason"": ""0% coverage \u2014 confidently dry""}, {""factor"": ""Urban SAR shadow"", ""delta"": -15, ""reason"": ""Dense urban area \u2014 radar shadow can mimic water""}, {""factor"": ""Optical cross-check"", ""delta"": 6, ""reason"": ""Sentinel-2 confirms dry ground \u2014 sensors agree""}]",0,,"{""sar"": ""dry"", ""optical"": ""dry"", ""dem_hydrology"": ""flood""}"
HARV-00012,"2727 Gramercy Street, Houston, 77025",0.0,0.0,0.0,0.0,0.0,Remote-Deny,81,Deny remotely — no significant flooding detected by satellite,Satellite data at 2727 Gramercy Street indicates 0.0ft depth; remote-deny per 81% confidence.,1,1,0.0,"[{""factor"": ""SAR recency"", ""delta"": 8, ""reason"": ""Imagery 3d post-event \u2014 fresh""}, {""factor"": ""Depth certainty"", ""delta"": 10, ""reason"": ""Near-zero depth \u2014 confidently not flooded""}, {""factor"": ""Coverage coherence"", ""delta"": 7, ""reason"": ""0% coverage \u2014 confidently dry""}, {""factor"": ""Urban SAR shadow"", ""delta"": -15, ""reason"": ""Dense urban area \u2014 radar shadow can mimic water""}, {""factor"": ""Optical cross-check"", ""delta"": 6, ""reason"": ""Sentinel-2 confirms dry ground \u2014 sensors agree""}]",0,,"{""sar"": ""dry"", ""optical"": ""dry"", ""dem_hydrology"": ""flood""}"
HARV-00013,"7000 Fannin Street, Houston, TX, 77030",0.0,0.0,0.0,0.0,0.0,Review,75,Flag for manual review — borderline measurements or low confidence,Satellite data at 7000 Fannin Street indicates 0.0ft depth; review per 75% confidence.,1,1,0.5772,"[{""factor"": ""SAR recency"", ""delta"": 8, ""reason"": ""Imagery 3d post-event \u2014 fresh""}, {""factor"": ""Depth certainty"", ""delta"": 10, ""reason"": ""Near-zero depth \u2014 confidently not flooded""}, {""factor"": ""Coverage coherence"", ""delta"": 7, ""reason"": ""0% coverage \u2014 confidently dry""}, {""factor"": ""Urban SAR shadow"", ""delta"": -15, ""reason"": ""Dense urban area \u2014 radar shadow can mimic water""}]",1,"Sensors disagree: optical indicate flooding while SAR, DEM-hydrology indicate dry/implausible — routed to manual review.","{""sar"": ""dry"", ""optical"": ""flood"", ""dem_hydrology"": ""dry""}"
HARV-00014,"1504 Wirt Road, Houston, 77055",0.0,0.0,0.0,0.0,0.0,Remote-Deny,81,Deny remotely — no significant flooding detected by satellite,Satellite data at 1504 Wirt Road indicates 0.0ft depth; remote-deny per 81% confidence.,1,1,0.0,"[{""factor"": ""SAR recency"", ""delta"": 8, ""reason"": ""Imagery 3d post-event \u2014 fresh""}, {""factor"": ""Depth certainty"", ""delta"": 10, ""reason"": ""Near-zero depth \u2014 confidently not flooded""}, {""factor"": ""Coverage coherence"", ""delta"": 7, ""reason"": ""0% coverage \u2014 confidently dry""}, {""factor"": ""Urban SAR shadow"", ""delta"": -15, ""reason"": ""Dense urban area \u2014 radar shadow can mimic water""}, {""factor"": ""Optical cross-check"", ""delta"": 6, ""reason"": ""Sentinel-2 confirms dry ground \u2014 sensors agree""}]",0,,"{""sar"": ""dry"", ""optical"": ""dry"", ""dem_hydrology"": ""flood""}"
HARV-00015,"3945 Greenbriar Drive, Stafford, 77477",0.0,0.0,0.0,0.0,0.0,Review,75,Flag for manual review — borderline measurements or low confidence,Satellite data at 3945 Greenbriar Drive indicates 0.0ft depth; review per 75% confidence.,1,1,0.1629,"[{""factor"": ""SAR recency"", ""delta"": 8, ""reason"": ""Imagery 3d post-event \u2014 fresh""}, {""factor"": ""Depth certainty"", ""delta"": 10, ""reason"": ""Near-zero depth \u2014 confidently not flooded""}, {""factor"": ""Coverage coherence"", ""delta"": 7, ""reason"": ""0% coverage \u2014 confidently dry""}, {""factor"": ""Urban SAR shadow"", ""delta"": -15, ""reason"": ""Dense urban area \u2014 radar shadow can mimic water""}]",1,"Sensors disagree: optical, DEM-hydrology indicate flooding while SAR indicate dry/implausible — routed to manual review.","{""sar"": ""dry"", ""optical"": ""flood"", ""dem_hydrology"": ""flood""}"
HARV-00016,"13913 South Post Oak Road, Houston, TX, 77045",0.0,0.0,0.0,0.0,0.0,Review,75,Flag for manual review — borderline measurements or low confidence,Satellite data at 13913 South Post Oak Road indicates 0.0ft depth; review per 75% confidence.,1,1,0.1014,"[{""factor"": ""SAR recency"", ""delta"": 8, ""reason"": ""Imagery 3d post-event \u2014 fresh""}, {""factor"": ""Depth certainty"", ""delta"": 10, ""reason"": ""Near-zero depth \u2014 confidently not flooded""}, {""factor"": ""Coverage coherence"", ""delta"": 7, ""reason"": ""0% coverage \u2014 confidently dry""}, {""factor"": ""Urban SAR shadow"", ""delta"": -15, ""reason"": ""Dense urban area \u2014 radar shadow can mimic water""}]",1,"Sensors disagree: optical, DEM-hydrology indicate flooding while SAR indicate dry/implausible — routed to manual review.","{""sar"": ""dry"", ""optical"": ""flood"", ""dem_hydrology"": ""flood""}"
HARV-00017,"7887 Beechnut Street, Houston",0.0,0.0,0.0,0.0,0.0,Remote-Deny,81,Deny remotely — no significant flooding detected by satellite,Satellite data at 7887 Beechnut Street indicates 0.0ft depth; remote-deny per 81% confidence.,1,1,0.0,"[{""factor"": ""SAR recency"", ""delta"": 8, ""reason"": ""Imagery 3d post-event \u2014 fresh""}, {""factor"": ""Depth certainty"", ""delta"": 10, ""reason"": ""Near-zero depth \u2014 confidently not flooded""}, {""factor"": ""Coverage coherence"", ""delta"": 7, ""reason"": ""0% coverage \u2014 confidently dry""}, {""factor"": ""Urban SAR shadow"", ""delta"": -15, ""reason"": ""Dense urban area \u2014 radar shadow can mimic water""}, {""factor"": ""Optical cross-check"", ""delta"": 6, ""reason"": ""Sentinel-2 confirms dry ground \u2014 sensors agree""}]",0,,"{""sar"": ""dry"", ""optical"": ""dry"", ""dem_hydrology"": ""flood""}"
HARV-00018,"2305 Dunlavy Street, Houston, TX",0.0,0.0,0.0,0.0,0.0,Remote-Deny,81,Deny remotely — no significant flooding detected by satellite,Satellite data at 2305 Dunlavy Street indicates 0.0ft depth; remote-deny per 81% confidence.,1,1,0.0,"[{""factor"": ""SAR recency"", ""delta"": 8, ""reason"": ""Imagery 3d post-event \u2014 fresh""}, {""factor"": ""Depth certainty"", ""delta"": 10, ""reason"": ""Near-zero depth \u2014 confidently not flooded""}, {""factor"": ""Coverage coherence"", ""delta"": 7, ""reason"": ""0% coverage \u2014 confidently dry""}, {""factor"": ""Urban SAR shadow"", ""delta"": -15, ""reason"": ""Dense urban area \u2014 radar shadow can mimic water""}, {""factor"": ""Optical cross-check"", ""delta"": 6, ""reason"": ""Sentinel-2 confirms dry ground \u2014 sensors agree""}]",0,,"{""sar"": ""dry"", ""optical"": ""dry"", ""dem_hydrology"": ""flood""}"
HARV-00019,"3402 Washington Avenue, Houston, TX, 77007",0.0,0.0,0.0,0.0,0.0,Remote-Deny,81,Deny remotely — no significant flooding detected by satellite,Satellite data at 3402 Washington Avenue indicates 0.0ft depth; remote-deny per 81% confidence.,1,1,0.0,"[{""factor"": ""SAR recency"", ""delta"": 8, ""reason"": ""Imagery 3d post-event \u2014 fresh""}, {""factor"": ""Depth certainty"", ""delta"": 10, ""reason"": ""Near-zero depth \u2014 confidently not flooded""}, {""factor"": ""Coverage coherence"", ""delta"": 7, ""reason"": ""0% coverage \u2014 confidently dry""}, {""factor"": ""Urban SAR shadow"", ""delta"": -15, ""reason"": ""Dense urban area \u2014 radar shadow can mimic water""}, {""factor"": ""Optical cross-check"", ""delta"": 6, ""reason"": ""Sentinel-2 confirms dry ground \u2014 sensors agree""}]",0,,"{""sar"": ""dry"", ""optical"": ""dry"", ""dem_hydrology"": ""flood""}"
HARV-00020,"7502 Fondren Road, Houston, 77074",0.0,0.0,0.0,0.0,0.0,Remote-Deny,81,Deny remotely — no significant flooding detected by satellite,Satellite data at 7502 Fondren Road indicates 0.0ft depth; remote-deny per 81% confidence.,1,1,0.0,"[{""factor"": ""SAR recency"", ""delta"": 8, ""reason"": ""Imagery 3d post-event \u2014 fresh""}, {""factor"": ""Depth certainty"", ""delta"": 10, ""reason"": ""Near-zero depth \u2014 confidently not flooded""}, {""factor"": ""Coverage coherence"", ""delta"": 7, ""reason"": ""0% coverage \u2014 confidently dry""}, {""factor"": ""Urban SAR shadow"", ""delta"": -15, ""reason"": ""Dense urban area \u2014 radar shadow can mimic water""}, {""factor"": ""Optical cross-check"", ""delta"": 6, ""reason"": ""Sentinel-2 confirms dry ground \u2014 sensors agree""}]",0,,"{""sar"": ""dry"", ""optical"": ""dry"", ""dem_hydrology"": ""abstain""}"
HARV-00021,"6100 Main Street, Houston, TX",0.0,0.0,0.0,0.0,0.0,Remote-Deny,81,Deny remotely — no significant flooding detected by satellite,Satellite data at 6100 Main Street indicates 0.0ft depth; remote-deny per 81% confidence.,1,1,0.0,"[{""factor"": ""SAR recency"", ""delta"": 8, ""reason"": ""Imagery 3d post-event \u2014 fresh""}, {""factor"": ""Depth certainty"", ""delta"": 10, ""reason"": ""Near-zero depth \u2014 confidently not flooded""}, {""factor"": ""Coverage coherence"", ""delta"": 7, ""reason"": ""0% coverage \u2014 confidently dry""}, {""factor"": ""Urban SAR shadow"", ""delta"": -15, ""reason"": ""Dense urban area \u2014 radar shadow can mimic water""}, {""factor"": ""Optical cross-check"", ""delta"": 6, ""reason"": ""Sentinel-2 confirms dry ground \u2014 sensors agree""}]",0,,"{""sar"": ""dry"", ""optical"": ""dry"", ""dem_hydrology"": ""flood""}"
HARV-00022,"440 Wilchester Boulevard, Houston, TX, 77079",0.0,0.0,0.0,0.0,0.0,Remote-Deny,96,Deny remotely — no significant flooding detected by satellite,Satellite data at 440 Wilchester Boulevard indicates 0.0ft depth; remote-deny per 96% confidence.,0,1,0.0,"[{""factor"": ""SAR recency"", ""delta"": 8, ""reason"": ""Imagery 3d post-event \u2014 fresh""}, {""factor"": ""Depth certainty"", ""delta"": 10, ""reason"": ""Near-zero depth \u2014 confidently not flooded""}, {""factor"": ""Coverage coherence"", ""delta"": 7, ""reason"": ""0% coverage \u2014 confidently dry""}, {""factor"": ""Optical cross-check"", ""delta"": 6, ""reason"": ""Sentinel-2 confirms dry ground \u2014 sensors agree""}]",0,,"{""sar"": ""dry"", ""optical"": ""dry"", ""dem_hydrology"": ""dry""}"
HARV-00023,"5509 Richmond Avenue, Houston, 77056",0.0,0.0,0.0,0.0,0.0,Remote-Deny,81,Deny remotely — no significant flooding detected by satellite,Satellite data at 5509 Richmond Avenue indicates 0.0ft depth; remote-deny per 81% confidence.,1,1,0.0,"[{""factor"": ""SAR recency"", ""delta"": 8, ""reason"": ""Imagery 3d post-event \u2014 fresh""}, {""factor"": ""Depth certainty"", ""delta"": 10, ""reason"": ""Near-zero depth \u2014 confidently not flooded""}, {""factor"": ""Coverage coherence"", ""delta"": 7, ""reason"": ""0% coverage \u2014 confidently dry""}, {""factor"": ""Urban SAR shadow"", ""delta"": -15, ""reason"": ""Dense urban area \u2014 radar shadow can mimic water""}, {""factor"": ""Optical cross-check"", ""delta"": 6, ""reason"": ""Sentinel-2 confirms dry ground \u2014 sensors agree""}]",0,,"{""sar"": ""dry"", ""optical"": ""dry"", ""dem_hydrology"": ""flood""}"
HARV-00024,"5513 Richmond Avenue, Houston, 77056",0.0,0.0,0.0,0.0,0.0,Remote-Deny,81,Deny remotely — no significant flooding detected by satellite,Satellite data at 5513 Richmond Avenue indicates 0.0ft depth; remote-deny per 81% confidence.,1,1,0.0,"[{""factor"": ""SAR recency"", ""delta"": 8, ""reason"": ""Imagery 3d post-event \u2014 fresh""}, {""factor"": ""Depth certainty"", ""delta"": 10, ""reason"": ""Near-zero depth \u2014 confidently not flooded""}, {""factor"": ""Coverage coherence"", ""delta"": 7, ""reason"": ""0% coverage \u2014 confidently dry""}, {""factor"": ""Urban SAR shadow"", ""delta"": -15, ""reason"": ""Dense urban area \u2014 radar shadow can mimic water""}, {""factor"": ""Optical cross-check"", ""delta"": 6, ""reason"": ""Sentinel-2 confirms dry ground \u2014 sensors agree""}]",0,,"{""sar"": ""dry"", ""optical"": ""dry"", ""dem_hydrology"": ""flood""}"
HARV-00025,"4040 West Bellfort Street, Houston, TX",0.0,0.0,0.0,0.0,0.0,Remote-Deny,81,Deny remotely — no significant flooding detected by satellite,Satellite data at 4040 West Bellfort Street indicates 0.0ft depth; remote-deny per 81% confidence.,1,1,0.0,"[{""factor"": ""SAR recency"", ""delta"": 8, ""reason"": ""Imagery 3d post-event \u2014 fresh""}, {""factor"": ""Depth certainty"", ""delta"": 10, ""reason"": ""Near-zero depth \u2014 confidently not flooded""}, {""factor"": ""Coverage coherence"", ""delta"": 7, ""reason"": ""0% coverage \u2014 confidently dry""}, {""factor"": ""Urban SAR shadow"", ""delta"": -15, ""reason"": ""Dense urban area \u2014 radar shadow can mimic water""}, {""factor"": ""Optical cross-check"", ""delta"": 6, ""reason"": ""Sentinel-2 confirms dry ground \u2014 sensors agree""}]",0,,"{""sar"": ""dry"", ""optical"": ""dry"", ""dem_hydrology"": ""flood""}"
HARV-00026,"2521 Post Oak Boulevard, Houston, TX, 77056",0.0,0.0,0.0,0.0,0.0,Remote-Deny,81,Deny remotely — no significant flooding detected by satellite,Satellite data at 2521 Post Oak Boulevard indicates 0.0ft depth; remote-deny per 81% confidence.,1,1,0.0,"[{""factor"": ""SAR recency"", ""delta"": 8, ""reason"": ""Imagery 3d post-event \u2014 fresh""}, {""factor"": ""Depth certainty"", ""delta"": 10, ""reason"": ""Near-zero depth \u2014 confidently not flooded""}, {""factor"": ""Coverage coherence"", ""delta"": 7, ""reason"": ""0% coverage \u2014 confidently dry""}, {""factor"": ""Urban SAR shadow"", ""delta"": -15, ""reason"": ""Dense urban area \u2014 radar shadow can mimic water""}, {""factor"": ""Optical cross-check"", ""delta"": 6, ""reason"": ""Sentinel-2 confirms dry ground \u2014 sensors agree""}]",0,,"{""sar"": ""dry"", ""optical"": ""dry"", ""dem_hydrology"": ""abstain""}"
HARV-00027,"322 Westheimer Road, Houston, TX, 77006",0.0,0.0,0.0,0.0,0.0,Remote-Deny,81,Deny remotely — no significant flooding detected by satellite,Satellite data at 322 Westheimer Road indicates 0.0ft depth; remote-deny per 81% confidence.,1,1,0.0,"[{""factor"": ""SAR recency"", ""delta"": 8, ""reason"": ""Imagery 3d post-event \u2014 fresh""}, {""factor"": ""Depth certainty"", ""delta"": 10, ""reason"": ""Near-zero depth \u2014 confidently not flooded""}, {""factor"": ""Coverage coherence"", ""delta"": 7, ""reason"": ""0% coverage \u2014 confidently dry""}, {""factor"": ""Urban SAR shadow"", ""delta"": -15, ""reason"": ""Dense urban area \u2014 radar shadow can mimic water""}, {""factor"": ""Optical cross-check"", ""delta"": 6, ""reason"": ""Sentinel-2 confirms dry ground \u2014 sensors agree""}]",0,,"{""sar"": ""dry"", ""optical"": ""dry"", ""dem_hydrology"": ""flood""}"
HARV-00028,"6001 Fannin Street, Houston, TX, 77030",0.0,0.0,0.0,0.0,0.0,Remote-Deny,96,Deny remotely — no significant flooding detected by satellite,Satellite data at 6001 Fannin Street indicates 0.0ft depth; remote-deny per 96% confidence.,0,1,0.0,"[{""factor"": ""SAR recency"", ""delta"": 8, ""reason"": ""Imagery 3d post-event \u2014 fresh""}, {""factor"": ""Depth certainty"", ""delta"": 10, ""reason"": ""Near-zero depth \u2014 confidently not flooded""}, {""factor"": ""Coverage coherence"", ""delta"": 7, ""reason"": ""0% coverage \u2014 confidently dry""}, {""factor"": ""Optical cross-check"", ""delta"": 6, ""reason"": ""Sentinel-2 confirms dry ground \u2014 sensors agree""}]",0,,"{""sar"": ""dry"", ""optical"": ""dry"", ""dem_hydrology"": ""abstain""}"
HARV-00029,"1422 West Gray Street, Houston, TX",0.0,0.0,0.0,0.0,0.0,Remote-Deny,81,Deny remotely — no significant flooding detected by satellite,Satellite data at 1422 West Gray Street indicates 0.0ft depth; remote-deny per 81% confidence.,1,1,0.0,"[{""factor"": ""SAR recency"", ""delta"": 8, ""reason"": ""Imagery 3d post-event \u2014 fresh""}, {""factor"": ""Depth certainty"", ""delta"": 10, ""reason"": ""Near-zero depth \u2014 confidently not flooded""}, {""factor"": ""Coverage coherence"", ""delta"": 7, ""reason"": ""0% coverage \u2014 confidently dry""}, {""factor"": ""Urban SAR shadow"", ""delta"": -15, ""reason"": ""Dense urban area \u2014 radar shadow can mimic water""}, {""factor"": ""Optical cross-check"", ""delta"": 6, ""reason"": ""Sentinel-2 confirms dry ground \u2014 sensors agree""}]",0,,"{""sar"": ""dry"", ""optical"": ""dry"", ""dem_hydrology"": ""flood""}"
HARV-00030,"2029 West Gray Street, Houston, TX",0.0,0.0,0.0,0.0,0.0,Remote-Deny,81,Deny remotely — no significant flooding detected by satellite,Satellite data at 2029 West Gray Street indicates 0.0ft depth; remote-deny per 81% confidence.,1,1,0.0,"[{""factor"": ""SAR recency"", ""delta"": 8, ""reason"": ""Imagery 3d post-event \u2014 fresh""}, {""factor"": ""Depth certainty"", ""delta"": 10, ""reason"": ""Near-zero depth \u2014 confidently not flooded""}, {""factor"": ""Coverage coherence"", ""delta"": 7, ""reason"": ""0% coverage \u2014 confidently dry""}, {""factor"": ""Urban SAR shadow"", ""delta"": -15, ""reason"": ""Dense urban area \u2014 radar shadow can mimic water""}, {""factor"": ""Optical cross-check"", ""delta"": 6, ""reason"": ""Sentinel-2 confirms dry ground \u2014 sensors agree""}]",0,,"{""sar"": ""dry"", ""optical"": ""dry"", ""dem_hydrology"": ""flood""}"
HARV-00031,"2009 West Gray Street, Houston, TX, 77019",0.0,0.0,0.0,0.0,0.0,Remote-Deny,81,Deny remotely — no significant flooding detected by satellite,Satellite data at 2009 West Gray Street indicates 0.0ft depth; remote-deny per 81% confidence.,1,1,0.0,"[{""factor"": ""SAR recency"", ""delta"": 8, ""reason"": ""Imagery 3d post-event \u2014 fresh""}, {""factor"": ""Depth certainty"", ""delta"": 10, ""reason"": ""Near-zero depth \u2014 confidently not flooded""}, {""factor"": ""Coverage coherence"", ""delta"": 7, ""reason"": ""0% coverage \u2014 confidently dry""}, {""factor"": ""Urban SAR shadow"", ""delta"": -15, ""reason"": ""Dense urban area \u2014 radar shadow can mimic water""}, {""factor"": ""Optical cross-check"", ""delta"": 6, ""reason"": ""Sentinel-2 confirms dry ground \u2014 sensors agree""}]",0,,"{""sar"": ""dry"", ""optical"": ""dry"", ""dem_hydrology"": ""flood""}"
HARV-00032,"2006 Peden Street, Houston, TX, 77019",0.0,0.0,0.0,0.0,0.0,Remote-Deny,81,Deny remotely — no significant flooding detected by satellite,Satellite data at 2006 Peden Street indicates 0.0ft depth; remote-deny per 81% confidence.,1,1,0.0,"[{""factor"": ""SAR recency"", ""delta"": 8, ""reason"": ""Imagery 3d post-event \u2014 fresh""}, {""factor"": ""Depth certainty"", ""delta"": 10, ""reason"": ""Near-zero depth \u2014 confidently not flooded""}, {""factor"": ""Coverage coherence"", ""delta"": 7, ""reason"": ""0% coverage \u2014 confidently dry""}, {""factor"": ""Urban SAR shadow"", ""delta"": -15, ""reason"": ""Dense urban area \u2014 radar shadow can mimic water""}, {""factor"": ""Optical cross-check"", ""delta"": 6, ""reason"": ""Sentinel-2 confirms dry ground \u2014 sensors agree""}]",0,,"{""sar"": ""dry"", ""optical"": ""dry"", ""dem_hydrology"": ""flood""}"
HARV-00033,"2047 West Gray Street, Houston, TX, 77019",0.0,0.0,0.0,0.0,0.0,Remote-Deny,81,Deny remotely — no significant flooding detected by satellite,Satellite data at 2047 West Gray Street indicates 0.0ft depth; remote-deny per 81% confidence.,1,1,0.0,"[{""factor"": ""SAR recency"", ""delta"": 8, ""reason"": ""Imagery 3d post-event \u2014 fresh""}, {""factor"": ""Depth certainty"", ""delta"": 10, ""reason"": ""Near-zero depth \u2014 confidently not flooded""}, {""factor"": ""Coverage coherence"", ""delta"": 7, ""reason"": ""0% coverage \u2014 confidently dry""}, {""factor"": ""Urban SAR shadow"", ""delta"": -15, ""reason"": ""Dense urban area \u2014 radar shadow can mimic water""}, {""factor"": ""Optical cross-check"", ""delta"": 6, ""reason"": ""Sentinel-2 confirms dry ground \u2014 sensors agree""}]",0,,"{""sar"": ""dry"", ""optical"": ""dry"", ""dem_hydrology"": ""flood""}"
HARV-00034,"2002 West Gray Street, Houston, TX, 77019",0.0,0.0,0.0,0.0,0.0,Review,75,Flag for manual review — borderline measurements or low confidence,Satellite data at 2002 West Gray Street indicates 0.0ft depth; review per 75% confidence.,1,1,0.0502,"[{""factor"": ""SAR recency"", ""delta"": 8, ""reason"": ""Imagery 3d post-event \u2014 fresh""}, {""factor"": ""Depth certainty"", ""delta"": 10, ""reason"": ""Near-zero depth \u2014 confidently not flooded""}, {""factor"": ""Coverage coherence"", ""delta"": 7, ""reason"": ""0% coverage \u2014 confidently dry""}, {""factor"": ""Urban SAR shadow"", ""delta"": -15, ""reason"": ""Dense urban area \u2014 radar shadow can mimic water""}]",0,,"{""sar"": ""dry"", ""optical"": ""abstain"", ""dem_hydrology"": ""flood""}"
HARV-00035,"12448 Memorial Drive, Houston, TX, 77024",0.0,0.0,0.0,0.0,0.0,Review,75,Flag for manual review — borderline measurements or low confidence,Satellite data at 12448 Memorial Drive indicates 0.0ft depth; review per 75% confidence.,1,1,0.1162,"[{""factor"": ""SAR recency"", ""delta"": 8, ""reason"": ""Imagery 3d post-event \u2014 fresh""}, {""factor"": ""Depth certainty"", ""delta"": 10, ""reason"": ""Near-zero depth \u2014 confidently not flooded""}, {""factor"": ""Coverage coherence"", ""delta"": 7, ""reason"": ""0% coverage \u2014 confidently dry""}, {""factor"": ""Urban SAR shadow"", ""delta"": -15, ""reason"": ""Dense urban area \u2014 radar shadow can mimic water""}]",1,"Sensors disagree: optical, DEM-hydrology indicate flooding while SAR indicate dry/implausible — routed to manual review.","{""sar"": ""dry"", ""optical"": ""flood"", ""dem_hydrology"": ""flood""}"
HARV-00036,"12500 Memorial Drive, Lantern Lane, TX, 77024",0.0,0.0,0.0,0.0,0.0,Remote-Deny,81,Deny remotely — no significant flooding detected by satellite,Satellite data at 12500 Memorial Drive indicates 0.0ft depth; remote-deny per 81% confidence.,1,1,0.0356,"[{""factor"": ""SAR recency"", ""delta"": 8, ""reason"": ""Imagery 3d post-event \u2014 fresh""}, {""factor"": ""Depth certainty"", ""delta"": 10, ""reason"": ""Near-zero depth \u2014 confidently not flooded""}, {""factor"": ""Coverage coherence"", ""delta"": 7, ""reason"": ""0% coverage \u2014 confidently dry""}, {""factor"": ""Urban SAR shadow"", ""delta"": -15, ""reason"": ""Dense urban area \u2014 radar shadow can mimic water""}, {""factor"": ""Optical cross-check"", ""delta"": 6, ""reason"": ""Sentinel-2 confirms dry ground \u2014 sensors agree""}]",0,,"{""sar"": ""dry"", ""optical"": ""dry"", ""dem_hydrology"": ""flood""}"
HARV-00037,"12516 Memorial Drive, Houston, TX, 77024",0.0,0.0,0.0,0.0,0.0,Review,75,Flag for manual review — borderline measurements or low confidence,Satellite data at 12516 Memorial Drive indicates 0.0ft depth; review per 75% confidence.,1,1,0.7203,"[{""factor"": ""SAR recency"", ""delta"": 8, ""reason"": ""Imagery 3d post-event \u2014 fresh""}, {""factor"": ""Depth certainty"", ""delta"": 10, ""reason"": ""Near-zero depth \u2014 confidently not flooded""}, {""factor"": ""Coverage coherence"", ""delta"": 7, ""reason"": ""0% coverage \u2014 confidently dry""}, {""factor"": ""Urban SAR shadow"", ""delta"": -15, ""reason"": ""Dense urban area \u2014 radar shadow can mimic water""}]",1,Sensors disagree: optical indicate flooding while SAR indicate dry/implausible — routed to manual review.,"{""sar"": ""dry"", ""optical"": ""flood"", ""dem_hydrology"": ""abstain""}"
HARV-00038,"3111 Chimney Rock Road, Houston, TX, 77056",0.0,0.0,0.0,0.0,0.0,Remote-Deny,81,Deny remotely — no significant flooding detected by satellite,Satellite data at 3111 Chimney Rock Road indicates 0.0ft depth; remote-deny per 81% confidence.,1,1,0.0,"[{""factor"": ""SAR recency"", ""delta"": 8, ""reason"": ""Imagery 3d post-event \u2014 fresh""}, {""factor"": ""Depth certainty"", ""delta"": 10, ""reason"": ""Near-zero depth \u2014 confidently not flooded""}, {""factor"": ""Coverage coherence"", ""delta"": 7, ""reason"": ""0% coverage \u2014 confidently dry""}, {""factor"": ""Urban SAR shadow"", ""delta"": -15, ""reason"": ""Dense urban area \u2014 radar shadow can mimic water""}, {""factor"": ""Optical cross-check"", ""delta"": 6, ""reason"": ""Sentinel-2 confirms dry ground \u2014 sensors agree""}]",0,,"{""sar"": ""dry"", ""optical"": ""dry"", ""dem_hydrology"": ""flood""}"
HARV-00039,"9600 Westheimer Road, Houston",0.0,0.0,0.0,0.0,0.0,Review,75,Flag for manual review — borderline measurements or low confidence,Satellite data at 9600 Westheimer Road indicates 0.0ft depth; review per 75% confidence.,1,1,0.3898,"[{""factor"": ""SAR recency"", ""delta"": 8, ""reason"": ""Imagery 3d post-event \u2014 fresh""}, {""factor"": ""Depth certainty"", ""delta"": 10, ""reason"": ""Near-zero depth \u2014 confidently not flooded""}, {""factor"": ""Coverage coherence"", ""delta"": 7, ""reason"": ""0% coverage \u2014 confidently dry""}, {""factor"": ""Urban SAR shadow"", ""delta"": -15, ""reason"": ""Dense urban area \u2014 radar shadow can mimic water""}]",1,"Sensors disagree: optical, DEM-hydrology indicate flooding while SAR indicate dry/implausible — routed to manual review.","{""sar"": ""dry"", ""optical"": ""flood"", ""dem_hydrology"": ""flood""}"
HARV-00040,"4040 Bissonnet, Houston, TX, 77005",0.0,0.0,0.0,0.0,0.0,Remote-Deny,81,Deny remotely — no significant flooding detected by satellite,Satellite data at 4040 Bissonnet indicates 0.0ft depth; remote-deny per 81% confidence.,1,1,0.0,"[{""factor"": ""SAR recency"", ""delta"": 8, ""reason"": ""Imagery 3d post-event \u2014 fresh""}, {""factor"": ""Depth certainty"", ""delta"": 10, ""reason"": ""Near-zero depth \u2014 confidently not flooded""}, {""factor"": ""Coverage coherence"", ""delta"": 7, ""reason"": ""0% coverage \u2014 confidently dry""}, {""factor"": ""Urban SAR shadow"", ""delta"": -15, ""reason"": ""Dense urban area \u2014 radar shadow can mimic water""}, {""factor"": ""Optical cross-check"", ""delta"": 6, ""reason"": ""Sentinel-2 confirms dry ground \u2014 sensors agree""}]",0,,"{""sar"": ""dry"", ""optical"": ""dry"", ""dem_hydrology"": ""flood""}"
HARV-00041,"4080 Bissonnet Street, Houston, TX, 77005",0.0,0.0,0.0,0.0,0.0,Remote-Deny,81,Deny remotely — no significant flooding detected by satellite,Satellite data at 4080 Bissonnet Street indicates 0.0ft depth; remote-deny per 81% confidence.,1,1,0.0,"[{""factor"": ""SAR recency"", ""delta"": 8, ""reason"": ""Imagery 3d post-event \u2014 fresh""}, {""factor"": ""Depth certainty"", ""delta"": 10, ""reason"": ""Near-zero depth \u2014 confidently not flooded""}, {""factor"": ""Coverage coherence"", ""delta"": 7, ""reason"": ""0% coverage \u2014 confidently dry""}, {""factor"": ""Urban SAR shadow"", ""delta"": -15, ""reason"": ""Dense urban area \u2014 radar shadow can mimic water""}, {""factor"": ""Optical cross-check"", ""delta"": 6, ""reason"": ""Sentinel-2 confirms dry ground \u2014 sensors agree""}]",0,,"{""sar"": ""dry"", ""optical"": ""dry"", ""dem_hydrology"": ""flood""}"
HARV-00042,"9369 Richmond Avenue, Houston, TX, 77063",0.0,0.0,0.0,0.0,0.0,Remote-Deny,81,Deny remotely — no significant flooding detected by satellite,Satellite data at 9369 Richmond Avenue indicates 0.0ft depth; remote-deny per 81% confidence.,1,1,0.015,"[{""factor"": ""SAR recency"", ""delta"": 8, ""reason"": ""Imagery 3d post-event \u2014 fresh""}, {""factor"": ""Depth certainty"", ""delta"": 10, ""reason"": ""Near-zero depth \u2014 confidently not flooded""}, {""factor"": ""Coverage coherence"", ""delta"": 7, ""reason"": ""0% coverage \u2014 confidently dry""}, {""factor"": ""Urban SAR shadow"", ""delta"": -15, ""reason"": ""Dense urban area \u2014 radar shadow can mimic water""}, {""factor"": ""Optical cross-check"", ""delta"": 6, ""reason"": ""Sentinel-2 confirms dry ground \u2014 sensors agree""}]",0,,"{""sar"": ""dry"", ""optical"": ""dry"", ""dem_hydrology"": ""flood""}"
HARV-00043,"5767 Woodway Drive, Houston, TX, 77057",0.0,0.0,0.0,0.0,0.0,Remote-Deny,81,Deny remotely — no significant flooding detected by satellite,Satellite data at 5767 Woodway Drive indicates 0.0ft depth; remote-deny per 81% confidence.,1,1,0.0,"[{""factor"": ""SAR recency"", ""delta"": 8, ""reason"": ""Imagery 3d post-event \u2014 fresh""}, {""factor"": ""Depth certainty"", ""delta"": 10, ""reason"": ""Near-zero depth \u2014 confidently not flooded""}, {""factor"": ""Coverage coherence"", ""delta"": 7, ""reason"": ""0% coverage \u2014 confidently dry""}, {""factor"": ""Urban SAR shadow"", ""delta"": -15, ""reason"": ""Dense urban area \u2014 radar shadow can mimic water""}, {""factor"": ""Optical cross-check"", ""delta"": 6, ""reason"": ""Sentinel-2 confirms dry ground \u2014 sensors agree""}]",0,,"{""sar"": ""dry"", ""optical"": ""dry"", ""dem_hydrology"": ""flood""}"
HARV-00044,5818 Memorial Drive,0.0,0.0,0.0,0.0,0.0,Remote-Deny,81,Deny remotely — no significant flooding detected by satellite,Satellite data at 5818 Memorial Drive indicates 0.0ft depth; remote-deny per 81% confidence.,1,1,0.0,"[{""factor"": ""SAR recency"", ""delta"": 8, ""reason"": ""Imagery 3d post-event \u2014 fresh""}, {""factor"": ""Depth certainty"", ""delta"": 10, ""reason"": ""Near-zero depth \u2014 confidently not flooded""}, {""factor"": ""Coverage coherence"", ""delta"": 7, ""reason"": ""0% coverage \u2014 confidently dry""}, {""factor"": ""Urban SAR shadow"", ""delta"": -15, ""reason"": ""Dense urban area \u2014 radar shadow can mimic water""}, {""factor"": ""Optical cross-check"", ""delta"": 6, ""reason"": ""Sentinel-2 confirms dry ground \u2014 sensors agree""}]",0,,"{""sar"": ""dry"", ""optical"": ""dry"", ""dem_hydrology"": ""dry""}"
HARV-00045,"5535 Memorial Drive, Houston, TX, 77007",0.0,0.0,0.0,0.0,0.0,Remote-Deny,81,Deny remotely — no significant flooding detected by satellite,Satellite data at 5535 Memorial Drive indicates 0.0ft depth; remote-deny per 81% confidence.,1,1,0.0,"[{""factor"": ""SAR recency"", ""delta"": 8, ""reason"": ""Imagery 3d post-event \u2014 fresh""}, {""factor"": ""Depth certainty"", ""delta"": 10, ""reason"": ""Near-zero depth \u2014 confidently not flooded""}, {""factor"": ""Coverage coherence"", ""delta"": 7, ""reason"": ""0% coverage \u2014 confidently dry""}, {""factor"": ""Urban SAR shadow"", ""delta"": -15, ""reason"": ""Dense urban area \u2014 radar shadow can mimic water""}, {""factor"": ""Optical cross-check"", ""delta"": 6, ""reason"": ""Sentinel-2 confirms dry ground \u2014 sensors agree""}]",0,,"{""sar"": ""dry"", ""optical"": ""dry"", ""dem_hydrology"": ""dry""}"
HARV-00046,5814 Memorial Drive,0.0,0.0,0.0,0.0,0.0,Remote-Deny,81,Deny remotely — no significant flooding detected by satellite,Satellite data at 5814 Memorial Drive indicates 0.0ft depth; remote-deny per 81% confidence.,1,1,0.0,"[{""factor"": ""SAR recency"", ""delta"": 8, ""reason"": ""Imagery 3d post-event \u2014 fresh""}, {""factor"": ""Depth certainty"", ""delta"": 10, ""reason"": ""Near-zero depth \u2014 confidently not flooded""}, {""factor"": ""Coverage coherence"", ""delta"": 7, ""reason"": ""0% coverage \u2014 confidently dry""}, {""factor"": ""Urban SAR shadow"", ""delta"": -15, ""reason"": ""Dense urban area \u2014 radar shadow can mimic water""}, {""factor"": ""Optical cross-check"", ""delta"": 6, ""reason"": ""Sentinel-2 confirms dry ground \u2014 sensors agree""}]",0,,"{""sar"": ""dry"", ""optical"": ""dry"", ""dem_hydrology"": ""dry""}"
HARV-00047,"645 East 11th Street, Houston, TX",0.0,0.0,0.0,0.0,0.0,Remote-Deny,81,Deny remotely — no significant flooding detected by satellite,Satellite data at 645 East 11th Street indicates 0.0ft depth; remote-deny per 81% confidence.,1,1,0.0,"[{""factor"": ""SAR recency"", ""delta"": 8, ""reason"": ""Imagery 3d post-event \u2014 fresh""}, {""factor"": ""Depth certainty"", ""delta"": 10, ""reason"": ""Near-zero depth \u2014 confidently not flooded""}, {""factor"": ""Coverage coherence"", ""delta"": 7, ""reason"": ""0% coverage \u2014 confidently dry""}, {""factor"": ""Urban SAR shadow"", ""delta"": -15, ""reason"": ""Dense urban area \u2014 radar shadow can mimic water""}, {""factor"": ""Optical cross-check"", ""delta"": 6, ""reason"": ""Sentinel-2 confirms dry ground \u2014 sensors agree""}]",0,,"{""sar"": ""dry"", ""optical"": ""dry"", ""dem_hydrology"": ""flood""}"
HARV-00048,"933 Studewood Street, Houston, TX, 77009",0.0,0.0,0.0,0.0,0.0,Remote-Deny,81,Deny remotely — no significant flooding detected by satellite,Satellite data at 933 Studewood Street indicates 0.0ft depth; remote-deny per 81% confidence.,1,1,0.0,"[{""factor"": ""SAR recency"", ""delta"": 8, ""reason"": ""Imagery 3d post-event \u2014 fresh""}, {""factor"": ""Depth certainty"", ""delta"": 10, ""reason"": ""Near-zero depth \u2014 confidently not flooded""}, {""factor"": ""Coverage coherence"", ""delta"": 7, ""reason"": ""0% coverage \u2014 confidently dry""}, {""factor"": ""Urban SAR shadow"", ""delta"": -15, ""reason"": ""Dense urban area \u2014 radar shadow can mimic water""}, {""factor"": ""Optical cross-check"", ""delta"": 6, ""reason"": ""Sentinel-2 confirms dry ground \u2014 sensors agree""}]",0,,"{""sar"": ""dry"", ""optical"": ""dry"", ""dem_hydrology"": ""flood""}"
HARV-00049,"643 East 11th Street, Houston, TX",0.0,0.0,0.0,0.0,0.0,Remote-Deny,81,Deny remotely — no significant flooding detected by satellite,Satellite data at 643 East 11th Street indicates 0.0ft depth; remote-deny per 81% confidence.,1,1,0.0,"[{""factor"": ""SAR recency"", ""delta"": 8, ""reason"": ""Imagery 3d post-event \u2014 fresh""}, {""factor"": ""Depth certainty"", ""delta"": 10, ""reason"": ""Near-zero depth \u2014 confidently not flooded""}, {""factor"": ""Coverage coherence"", ""delta"": 7, ""reason"": ""0% coverage \u2014 confidently dry""}, {""factor"": ""Urban SAR shadow"", ""delta"": -15, ""reason"": ""Dense urban area \u2014 radar shadow can mimic water""}, {""factor"": ""Optical cross-check"", ""delta"": 6, ""reason"": ""Sentinel-2 confirms dry ground \u2014 sensors agree""}]",0,,"{""sar"": ""dry"", ""optical"": ""dry"", ""dem_hydrology"": ""flood""}"
HARV-00050,"570 Waugh Drive, Houston, TX, 77019",0.0,0.0,0.0,0.0,0.0,Remote-Deny,81,Deny remotely — no significant flooding detected by satellite,Satellite data at 570 Waugh Drive indicates 0.0ft depth; remote-deny per 81% confidence.,1,1,0.0,"[{""factor"": ""SAR recency"", ""delta"": 8, ""reason"": ""Imagery 3d post-event \u2014 fresh""}, {""factor"": ""Depth certainty"", ""delta"": 10, ""reason"": ""Near-zero depth \u2014 confidently not flooded""}, {""factor"": ""Coverage coherence"", ""delta"": 7, ""reason"": ""0% coverage \u2014 confidently dry""}, {""factor"": ""Urban SAR shadow"", ""delta"": -15, ""reason"": ""Dense urban area \u2014 radar shadow can mimic water""}, {""factor"": ""Optical cross-check"", ""delta"": 6, ""reason"": ""Sentinel-2 confirms dry ground \u2014 sensors agree""}]",0,,"{""sar"": ""dry"", ""optical"": ""dry"", ""dem_hydrology"": ""dry""}"
HARV-00051,"10424 Hillcroft Avenue, Houston, 77096",0.0,0.0,0.0,0.0,0.0,Remote-Deny,81,Deny remotely — no significant flooding detected by satellite,Satellite data at 10424 Hillcroft Avenue indicates 0.0ft depth; remote-deny per 81% confidence.,1,1,0.0,"[{""factor"": ""SAR recency"", ""delta"": 8, ""reason"": ""Imagery 3d post-event \u2014 fresh""}, {""factor"": ""Depth certainty"", ""delta"": 10, ""reason"": ""Near-zero depth \u2014 confidently not flooded""}, {""factor"": ""Coverage coherence"", ""delta"": 7, ""reason"": ""0% coverage \u2014 confidently dry""}, {""factor"": ""Urban SAR shadow"", ""delta"": -15, ""reason"": ""Dense urban area \u2014 radar shadow can mimic water""}, {""factor"": ""Optical cross-check"", ""delta"": 6, ""reason"": ""Sentinel-2 confirms dry ground \u2014 sensors agree""}]",0,,"{""sar"": ""dry"", ""optical"": ""dry"", ""dem_hydrology"": ""flood""}"
HARV-00052,"818 Town & Country Boulevard, Houston, TX",0.0,0.0,0.0,0.0,0.0,Remote-Deny,81,Deny remotely — no significant flooding detected by satellite,Satellite data at 818 Town & Country Boulevard indicates 0.0ft depth; remote-deny per 81% confidence.,1,1,0.0,"[{""factor"": ""SAR recency"", ""delta"": 8, ""reason"": ""Imagery 3d post-event \u2014 fresh""}, {""factor"": ""Depth certainty"", ""delta"": 10, ""reason"": ""Near-zero depth \u2014 confidently not flooded""}, {""factor"": ""Coverage coherence"", ""delta"": 7, ""reason"": ""0% coverage \u2014 confidently dry""}, {""factor"": ""Urban SAR shadow"", ""delta"": -15, ""reason"": ""Dense urban area \u2014 radar shadow can mimic water""}, {""factor"": ""Optical cross-check"", ""delta"": 6, ""reason"": ""Sentinel-2 confirms dry ground \u2014 sensors agree""}]",0,,"{""sar"": ""dry"", ""optical"": ""dry"", ""dem_hydrology"": ""abstain""}"
HARV-00053,"5016 San Felipe Street, Houston, TX, 77056",0.0,0.0,0.0,0.0,0.0,Review,75,Flag for manual review — borderline measurements or low confidence,Satellite data at 5016 San Felipe Street indicates 0.0ft depth; review per 75% confidence.,1,1,0.3182,"[{""factor"": ""SAR recency"", ""delta"": 8, ""reason"": ""Imagery 3d post-event \u2014 fresh""}, {""factor"": ""Depth certainty"", ""delta"": 10, ""reason"": ""Near-zero depth \u2014 confidently not flooded""}, {""factor"": ""Coverage coherence"", ""delta"": 7, ""reason"": ""0% coverage \u2014 confidently dry""}, {""factor"": ""Urban SAR shadow"", ""delta"": -15, ""reason"": ""Dense urban area \u2014 radar shadow can mimic water""}]",1,Sensors disagree: optical indicate flooding while SAR indicate dry/implausible — routed to manual review.,"{""sar"": ""dry"", ""optical"": ""flood"", ""dem_hydrology"": ""abstain""}"
HARV-00054,"3747 Westheimer Road, Houston, TX, 77027",0.0,0.0,0.0,0.0,0.0,Review,75,Flag for manual review — borderline measurements or low confidence,Satellite data at 3747 Westheimer Road indicates 0.0ft depth; review per 75% confidence.,1,1,0.0792,"[{""factor"": ""SAR recency"", ""delta"": 8, ""reason"": ""Imagery 3d post-event \u2014 fresh""}, {""factor"": ""Depth certainty"", ""delta"": 10, ""reason"": ""Near-zero depth \u2014 confidently not flooded""}, {""factor"": ""Coverage coherence"", ""delta"": 7, ""reason"": ""0% coverage \u2014 confidently dry""}, {""factor"": ""Urban SAR shadow"", ""delta"": -15, ""reason"": ""Dense urban area \u2014 radar shadow can mimic water""}]",0,,"{""sar"": ""dry"", ""optical"": ""abstain"", ""dem_hydrology"": ""flood""}"
HARV-00055,"5330 Weslayan Street, 77005",0.0,0.0,0.0,0.0,0.0,Remote-Deny,81,Deny remotely — no significant flooding detected by satellite,Satellite data at 5330 Weslayan Street indicates 0.0ft depth; remote-deny per 81% confidence.,1,1,0.0,"[{""factor"": ""SAR recency"", ""delta"": 8, ""reason"": ""Imagery 3d post-event \u2014 fresh""}, {""factor"": ""Depth certainty"", ""delta"": 10, ""reason"": ""Near-zero depth \u2014 confidently not flooded""}, {""factor"": ""Coverage coherence"", ""delta"": 7, ""reason"": ""0% coverage \u2014 confidently dry""}, {""factor"": ""Urban SAR shadow"", ""delta"": -15, ""reason"": ""Dense urban area \u2014 radar shadow can mimic water""}, {""factor"": ""Optical cross-check"", ""delta"": 6, ""reason"": ""Sentinel-2 confirms dry ground \u2014 sensors agree""}]",0,,"{""sar"": ""dry"", ""optical"": ""dry"", ""dem_hydrology"": ""flood""}"
HARV-00056,"3641 Westheimer Road, 77027",0.0,0.0,0.0,0.0,0.0,Remote-Deny,81,Deny remotely — no significant flooding detected by satellite,Satellite data at 3641 Westheimer Road indicates 0.0ft depth; remote-deny per 81% confidence.,1,1,0.0,"[{""factor"": ""SAR recency"", ""delta"": 8, ""reason"": ""Imagery 3d post-event \u2014 fresh""}, {""factor"": ""Depth certainty"", ""delta"": 10, ""reason"": ""Near-zero depth \u2014 confidently not flooded""}, {""factor"": ""Coverage coherence"", ""delta"": 7, ""reason"": ""0% coverage \u2014 confidently dry""}, {""factor"": ""Urban SAR shadow"", ""delta"": -15, ""reason"": ""Dense urban area \u2014 radar shadow can mimic water""}, {""factor"": ""Optical cross-check"", ""delta"": 6, ""reason"": ""Sentinel-2 confirms dry ground \u2014 sensors agree""}]",0,,"{""sar"": ""dry"", ""optical"": ""dry"", ""dem_hydrology"": ""flood""}"
HARV-00057,"3703 Westheimer Road, Houston, TX, 77027",0.0,0.0,0.0,0.0,0.0,Remote-Deny,81,Deny remotely — no significant flooding detected by satellite,Satellite data at 3703 Westheimer Road indicates 0.0ft depth; remote-deny per 81% confidence.,1,1,0.0,"[{""factor"": ""SAR recency"", ""delta"": 8, ""reason"": ""Imagery 3d post-event \u2014 fresh""}, {""factor"": ""Depth certainty"", ""delta"": 10, ""reason"": ""Near-zero depth \u2014 confidently not flooded""}, {""factor"": ""Coverage coherence"", ""delta"": 7, ""reason"": ""0% coverage \u2014 confidently dry""}, {""factor"": ""Urban SAR shadow"", ""delta"": -15, ""reason"": ""Dense urban area \u2014 radar shadow can mimic water""}, {""factor"": ""Optical cross-check"", ""delta"": 6, ""reason"": ""Sentinel-2 confirms dry ground \u2014 sensors agree""}]",0,,"{""sar"": ""dry"", ""optical"": ""dry"", ""dem_hydrology"": ""flood""}"
HARV-00058,"3747 Westheimer Road, TX, 77027",0.0,0.0,0.0,0.0,0.0,Review,75,Flag for manual review — borderline measurements or low confidence,Satellite data at 3747 Westheimer Road indicates 0.0ft depth; review per 75% confidence.,1,1,0.075,"[{""factor"": ""SAR recency"", ""delta"": 8, ""reason"": ""Imagery 3d post-event \u2014 fresh""}, {""factor"": ""Depth certainty"", ""delta"": 10, ""reason"": ""Near-zero depth \u2014 confidently not flooded""}, {""factor"": ""Coverage coherence"", ""delta"": 7, ""reason"": ""0% coverage \u2014 confidently dry""}, {""factor"": ""Urban SAR shadow"", ""delta"": -15, ""reason"": ""Dense urban area \u2014 radar shadow can mimic water""}]",0,,"{""sar"": ""dry"", ""optical"": ""abstain"", ""dem_hydrology"": ""flood""}"
HARV-00059,"6600 Fannin Street, Houston, TX, 77030",0.0,0.0,0.0,0.0,0.0,Review,75,Flag for manual review — borderline measurements or low confidence,Satellite data at 6600 Fannin Street indicates 0.0ft depth; review per 75% confidence.,1,1,0.0502,"[{""factor"": ""SAR recency"", ""delta"": 8, ""reason"": ""Imagery 3d post-event \u2014 fresh""}, {""factor"": ""Depth certainty"", ""delta"": 10, ""reason"": ""Near-zero depth \u2014 confidently not flooded""}, {""factor"": ""Coverage coherence"", ""delta"": 7, ""reason"": ""0% coverage \u2014 confidently dry""}, {""factor"": ""Urban SAR shadow"", ""delta"": -15, ""reason"": ""Dense urban area \u2014 radar shadow can mimic water""}]",0,,"{""sar"": ""dry"", ""optical"": ""abstain"", ""dem_hydrology"": ""abstain""}"
HARV-00060,"6605 Main Street, Houston, TX, 77030",0.0,0.0,0.0,0.0,0.0,Remote-Deny,81,Deny remotely — no significant flooding detected by satellite,Satellite data at 6605 Main Street indicates 0.0ft depth; remote-deny per 81% confidence.,1,1,0.0,"[{""factor"": ""SAR recency"", ""delta"": 8, ""reason"": ""Imagery 3d post-event \u2014 fresh""}, {""factor"": ""Depth certainty"", ""delta"": 10, ""reason"": ""Near-zero depth \u2014 confidently not flooded""}, {""factor"": ""Coverage coherence"", ""delta"": 7, ""reason"": ""0% coverage \u2014 confidently dry""}, {""factor"": ""Urban SAR shadow"", ""delta"": -15, ""reason"": ""Dense urban area \u2014 radar shadow can mimic water""}, {""factor"": ""Optical cross-check"", ""delta"": 6, ""reason"": ""Sentinel-2 confirms dry ground \u2014 sensors agree""}]",0,,"{""sar"": ""dry"", ""optical"": ""dry"", ""dem_hydrology"": ""abstain""}"
HARV-00061,"1709 Dryden Road, Houston, TX, 77030",0.0,0.0,0.0,0.0,0.0,Review,75,Flag for manual review — borderline measurements or low confidence,Satellite data at 1709 Dryden Road indicates 0.0ft depth; review per 75% confidence.,1,1,0.052,"[{""factor"": ""SAR recency"", ""delta"": 8, ""reason"": ""Imagery 3d post-event \u2014 fresh""}, {""factor"": ""Depth certainty"", ""delta"": 10, ""reason"": ""Near-zero depth \u2014 confidently not flooded""}, {""factor"": ""Coverage coherence"", ""delta"": 7, ""reason"": ""0% coverage \u2014 confidently dry""}, {""factor"": ""Urban SAR shadow"", ""delta"": -15, ""reason"": ""Dense urban area \u2014 radar shadow can mimic water""}]",0,,"{""sar"": ""dry"", ""optical"": ""abstain"", ""dem_hydrology"": ""abstain""}"
HARV-00062,"6622 Fannin Street, Houston, TX, 77030",0.0,0.0,0.0,0.0,0.0,Remote-Deny,81,Deny remotely — no significant flooding detected by satellite,Satellite data at 6622 Fannin Street indicates 0.0ft depth; remote-deny per 81% confidence.,1,1,0.0,"[{""factor"": ""SAR recency"", ""delta"": 8, ""reason"": ""Imagery 3d post-event \u2014 fresh""}, {""factor"": ""Depth certainty"", ""delta"": 10, ""reason"": ""Near-zero depth \u2014 confidently not flooded""}, {""factor"": ""Coverage coherence"", ""delta"": 7, ""reason"": ""0% coverage \u2014 confidently dry""}, {""factor"": ""Urban SAR shadow"", ""delta"": -15, ""reason"": ""Dense urban area \u2014 radar shadow can mimic water""}, {""factor"": ""Optical cross-check"", ""delta"": 6, ""reason"": ""Sentinel-2 confirms dry ground \u2014 sensors agree""}]",0,,"{""sar"": ""dry"", ""optical"": ""dry"", ""dem_hydrology"": ""abstain""}"
HARV-00063,"6609 Main Street, Houston, TX, 77030",0.0,0.0,0.0,0.0,0.0,Remote-Deny,81,Deny remotely — no significant flooding detected by satellite,Satellite data at 6609 Main Street indicates 0.0ft depth; remote-deny per 81% confidence.,1,1,0.0,"[{""factor"": ""SAR recency"", ""delta"": 8, ""reason"": ""Imagery 3d post-event \u2014 fresh""}, {""factor"": ""Depth certainty"", ""delta"": 10, ""reason"": ""Near-zero depth \u2014 confidently not flooded""}, {""factor"": ""Coverage coherence"", ""delta"": 7, ""reason"": ""0% coverage \u2014 confidently dry""}, {""factor"": ""Urban SAR shadow"", ""delta"": -15, ""reason"": ""Dense urban area \u2014 radar shadow can mimic water""}, {""factor"": ""Optical cross-check"", ""delta"": 6, ""reason"": ""Sentinel-2 confirms dry ground \u2014 sensors agree""}]",0,,"{""sar"": ""dry"", ""optical"": ""dry"", ""dem_hydrology"": ""abstain""}"
HARV-00064,"6601 Main Street, Houston, TX, 77030",0.0,0.0,0.0,0.0,0.0,Remote-Deny,81,Deny remotely — no significant flooding detected by satellite,Satellite data at 6601 Main Street indicates 0.0ft depth; remote-deny per 81% confidence.,1,1,0.0,"[{""factor"": ""SAR recency"", ""delta"": 8, ""reason"": ""Imagery 3d post-event \u2014 fresh""}, {""factor"": ""Depth certainty"", ""delta"": 10, ""reason"": ""Near-zero depth \u2014 confidently not flooded""}, {""factor"": ""Coverage coherence"", ""delta"": 7, ""reason"": ""0% coverage \u2014 confidently dry""}, {""factor"": ""Urban SAR shadow"", ""delta"": -15, ""reason"": ""Dense urban area \u2014 radar shadow can mimic water""}, {""factor"": ""Optical cross-check"", ""delta"": 6, ""reason"": ""Sentinel-2 confirms dry ground \u2014 sensors agree""}]",0,,"{""sar"": ""dry"", ""optical"": ""dry"", ""dem_hydrology"": ""abstain""}"
HARV-00065,"6770 Bertner Avenue, Houston, TX, 77030",0.0,0.0,0.0,0.0,0.0,Review,75,Flag for manual review — borderline measurements or low confidence,Satellite data at 6770 Bertner Avenue indicates 0.0ft depth; review per 75% confidence.,1,1,0.1161,"[{""factor"": ""SAR recency"", ""delta"": 8, ""reason"": ""Imagery 3d post-event \u2014 fresh""}, {""factor"": ""Depth certainty"", ""delta"": 10, ""reason"": ""Near-zero depth \u2014 confidently not flooded""}, {""factor"": ""Coverage coherence"", ""delta"": 7, ""reason"": ""0% coverage \u2014 confidently dry""}, {""factor"": ""Urban SAR shadow"", ""delta"": -15, ""reason"": ""Dense urban area \u2014 radar shadow can mimic water""}]",1,Sensors disagree: optical indicate flooding while SAR indicate dry/implausible — routed to manual review.,"{""sar"": ""dry"", ""optical"": ""flood"", ""dem_hydrology"": ""abstain""}"
HARV-00066,"8130 Kirby Drive, Houston, TX, 77054",0.0,0.0,0.0,0.0,0.0,Remote-Deny,81,Deny remotely — no significant flooding detected by satellite,Satellite data at 8130 Kirby Drive indicates 0.0ft depth; remote-deny per 81% confidence.,1,1,0.0,"[{""factor"": ""SAR recency"", ""delta"": 8, ""reason"": ""Imagery 3d post-event \u2014 fresh""}, {""factor"": ""Depth certainty"", ""delta"": 10, ""reason"": ""Near-zero depth \u2014 confidently not flooded""}, {""factor"": ""Coverage coherence"", ""delta"": 7, ""reason"": ""0% coverage \u2014 confidently dry""}, {""factor"": ""Urban SAR shadow"", ""delta"": -15, ""reason"": ""Dense urban area \u2014 radar shadow can mimic water""}, {""factor"": ""Optical cross-check"", ""delta"": 6, ""reason"": ""Sentinel-2 confirms dry ground \u2014 sensors agree""}]",0,,"{""sar"": ""dry"", ""optical"": ""dry"", ""dem_hydrology"": ""abstain""}"
HARV-00067,"8202 Kirby Drive, Houston, TX, 77054",0.0,0.0,0.0,0.0,0.0,Remote-Deny,81,Deny remotely — no significant flooding detected by satellite,Satellite data at 8202 Kirby Drive indicates 0.0ft depth; remote-deny per 81% confidence.,1,1,0.0,"[{""factor"": ""SAR recency"", ""delta"": 8, ""reason"": ""Imagery 3d post-event \u2014 fresh""}, {""factor"": ""Depth certainty"", ""delta"": 10, ""reason"": ""Near-zero depth \u2014 confidently not flooded""}, {""factor"": ""Coverage coherence"", ""delta"": 7, ""reason"": ""0% coverage \u2014 confidently dry""}, {""factor"": ""Urban SAR shadow"", ""delta"": -15, ""reason"": ""Dense urban area \u2014 radar shadow can mimic water""}, {""factor"": ""Optical cross-check"", ""delta"": 6, ""reason"": ""Sentinel-2 confirms dry ground \u2014 sensors agree""}]",0,,"{""sar"": ""dry"", ""optical"": ""dry"", ""dem_hydrology"": ""abstain""}"
HARV-00068,"2116 West Holcombe Boulevard, Houston, TX, 77030-3304",0.0,0.0,0.0,0.0,0.0,Remote-Deny,81,Deny remotely — no significant flooding detected by satellite,Satellite data at 2116 West Holcombe Boulevard indicates 0.0ft depth; remote-deny per 81% confidence.,1,1,0.0,"[{""factor"": ""SAR recency"", ""delta"": 8, ""reason"": ""Imagery 3d post-event \u2014 fresh""}, {""factor"": ""Depth certainty"", ""delta"": 10, ""reason"": ""Near-zero depth \u2014 confidently not flooded""}, {""factor"": ""Coverage coherence"", ""delta"": 7, ""reason"": ""0% coverage \u2014 confidently dry""}, {""factor"": ""Urban SAR shadow"", ""delta"": -15, ""reason"": ""Dense urban area \u2014 radar shadow can mimic water""}, {""factor"": ""Optical cross-check"", ""delta"": 6, ""reason"": ""Sentinel-2 confirms dry ground \u2014 sensors agree""}]",0,,"{""sar"": ""dry"", ""optical"": ""dry"", ""dem_hydrology"": ""dry""}"
HARV-00069,"1600 Holcombe Boulevard, Houston, TX, 77030",0.0,0.0,0.0,0.0,0.0,Remote-Deny,81,Deny remotely — no significant flooding detected by satellite,Satellite data at 1600 Holcombe Boulevard indicates 0.0ft depth; remote-deny per 81% confidence.,1,1,0.0,"[{""factor"": ""SAR recency"", ""delta"": 8, ""reason"": ""Imagery 3d post-event \u2014 fresh""}, {""factor"": ""Depth certainty"", ""delta"": 10, ""reason"": ""Near-zero depth \u2014 confidently not flooded""}, {""factor"": ""Coverage coherence"", ""delta"": 7, ""reason"": ""0% coverage \u2014 confidently dry""}, {""factor"": ""Urban SAR shadow"", ""delta"": -15, ""reason"": ""Dense urban area \u2014 radar shadow can mimic water""}, {""factor"": ""Optical cross-check"", ""delta"": 6, ""reason"": ""Sentinel-2 confirms dry ground \u2014 sensors agree""}]",0,,"{""sar"": ""dry"", ""optical"": ""dry"", ""dem_hydrology"": ""abstain""}"
HARV-00070,"1133 John Freeman Boulevard, Houston, TX, 77030",0.0,0.0,0.0,0.0,0.0,Remote-Deny,81,Deny remotely — no significant flooding detected by satellite,Satellite data at 1133 John Freeman Boulevard indicates 0.0ft depth; remote-deny per 81% confidence.,1,1,0.0,"[{""factor"": ""SAR recency"", ""delta"": 8, ""reason"": ""Imagery 3d post-event \u2014 fresh""}, {""factor"": ""Depth certainty"", ""delta"": 10, ""reason"": ""Near-zero depth \u2014 confidently not flooded""}, {""factor"": ""Coverage coherence"", ""delta"": 7, ""reason"": ""0% coverage \u2014 confidently dry""}, {""factor"": ""Urban SAR shadow"", ""delta"": -15, ""reason"": ""Dense urban area \u2014 radar shadow can mimic water""}, {""factor"": ""Optical cross-check"", ""delta"": 6, ""reason"": ""Sentinel-2 confirms dry ground \u2014 sensors agree""}]",0,,"{""sar"": ""dry"", ""optical"": ""dry"", ""dem_hydrology"": ""abstain""}"
HARV-00071,"4814 Imogene Street, Houston, TX, 77096",0.0,0.0,0.0,0.0,0.0,Remote-Deny,81,Deny remotely — no significant flooding detected by satellite,Satellite data at 4814 Imogene Street indicates 0.0ft depth; remote-deny per 81% confidence.,1,1,0.0,"[{""factor"": ""SAR recency"", ""delta"": 8, ""reason"": ""Imagery 3d post-event \u2014 fresh""}, {""factor"": ""Depth certainty"", ""delta"": 10, ""reason"": ""Near-zero depth \u2014 confidently not flooded""}, {""factor"": ""Coverage coherence"", ""delta"": 7, ""reason"": ""0% coverage \u2014 confidently dry""}, {""factor"": ""Urban SAR shadow"", ""delta"": -15, ""reason"": ""Dense urban area \u2014 radar shadow can mimic water""}, {""factor"": ""Optical cross-check"", ""delta"": 6, ""reason"": ""Sentinel-2 confirms dry ground \u2014 sensors agree""}]",0,,"{""sar"": ""dry"", ""optical"": ""dry"", ""dem_hydrology"": ""abstain""}"
HARV-00072,"710 Meyerland Plaza, Houston, TX, 77096",0.0,0.0,0.0,0.0,0.0,Remote-Deny,81,Deny remotely — no significant flooding detected by satellite,Satellite data at 710 Meyerland Plaza indicates 0.0ft depth; remote-deny per 81% confidence.,1,1,0.0,"[{""factor"": ""SAR recency"", ""delta"": 8, ""reason"": ""Imagery 3d post-event \u2014 fresh""}, {""factor"": ""Depth certainty"", ""delta"": 10, ""reason"": ""Near-zero depth \u2014 confidently not flooded""}, {""factor"": ""Coverage coherence"", ""delta"": 7, ""reason"": ""0% coverage \u2014 confidently dry""}, {""factor"": ""Urban SAR shadow"", ""delta"": -15, ""reason"": ""Dense urban area \u2014 radar shadow can mimic water""}, {""factor"": ""Optical cross-check"", ""delta"": 6, ""reason"": ""Sentinel-2 confirms dry ground \u2014 sensors agree""}]",0,,"{""sar"": ""dry"", ""optical"": ""dry"", ""dem_hydrology"": ""abstain""}"
HARV-00073,"708 Meyerland Plaza, Houston, TX, 77096",0.0,0.0,0.0,0.0,0.0,Remote-Deny,81,Deny remotely — no significant flooding detected by satellite,Satellite data at 708 Meyerland Plaza indicates 0.0ft depth; remote-deny per 81% confidence.,1,1,0.0,"[{""factor"": ""SAR recency"", ""delta"": 8, ""reason"": ""Imagery 3d post-event \u2014 fresh""}, {""factor"": ""Depth certainty"", ""delta"": 10, ""reason"": ""Near-zero depth \u2014 confidently not flooded""}, {""factor"": ""Coverage coherence"", ""delta"": 7, ""reason"": ""0% coverage \u2014 confidently dry""}, {""factor"": ""Urban SAR shadow"", ""delta"": -15, ""reason"": ""Dense urban area \u2014 radar shadow can mimic water""}, {""factor"": ""Optical cross-check"", ""delta"": 6, ""reason"": ""Sentinel-2 confirms dry ground \u2014 sensors agree""}]",0,,"{""sar"": ""dry"", ""optical"": ""dry"", ""dem_hydrology"": ""abstain""}"
HARV-00074,"4807 Jason Street, Houston, TX, 77096",0.0,0.0,0.0,0.0,0.0,Remote-Deny,81,Deny remotely — no significant flooding detected by satellite,Satellite data at 4807 Jason Street indicates 0.0ft depth; remote-deny per 81% confidence.,1,1,0.0,"[{""factor"": ""SAR recency"", ""delta"": 8, ""reason"": ""Imagery 3d post-event \u2014 fresh""}, {""factor"": ""Depth certainty"", ""delta"": 10, ""reason"": ""Near-zero depth \u2014 confidently not flooded""}, {""factor"": ""Coverage coherence"", ""delta"": 7, ""reason"": ""0% coverage \u2014 confidently dry""}, {""factor"": ""Urban SAR shadow"", ""delta"": -15, ""reason"": ""Dense urban area \u2014 radar shadow can mimic water""}, {""factor"": ""Optical cross-check"", ""delta"": 6, ""reason"": ""Sentinel-2 confirms dry ground \u2014 sensors agree""}]",0,,"{""sar"": ""dry"", ""optical"": ""dry"", ""dem_hydrology"": ""abstain""}"
HARV-00075,"8926 Sager Drive, Houston, TX, 77096",0.0,0.0,0.0,0.0,0.0,Remote-Deny,81,Deny remotely — no significant flooding detected by satellite,Satellite data at 8926 Sager Drive indicates 0.0ft depth; remote-deny per 81% confidence.,1,1,0.0,"[{""factor"": ""SAR recency"", ""delta"": 8, ""reason"": ""Imagery 3d post-event \u2014 fresh""}, {""factor"": ""Depth certainty"", ""delta"": 10, ""reason"": ""Near-zero depth \u2014 confidently not flooded""}, {""factor"": ""Coverage coherence"", ""delta"": 7, ""reason"": ""0% coverage \u2014 confidently dry""}, {""factor"": ""Urban SAR shadow"", ""delta"": -15, ""reason"": ""Dense urban area \u2014 radar shadow can mimic water""}, {""factor"": ""Optical cross-check"", ""delta"": 6, ""reason"": ""Sentinel-2 confirms dry ground \u2014 sensors agree""}]",0,,"{""sar"": ""dry"", ""optical"": ""dry"", ""dem_hydrology"": ""dry""}"
HARV-00076,"4827 Braesvalley Drive, Houston, TX, 77096",0.0,0.0,0.0,0.0,0.0,Remote-Deny,81,Deny remotely — no significant flooding detected by satellite,Satellite data at 4827 Braesvalley Drive indicates 0.0ft depth; remote-deny per 81% confidence.,1,1,0.0,"[{""factor"": ""SAR recency"", ""delta"": 8, ""reason"": ""Imagery 3d post-event \u2014 fresh""}, {""factor"": ""Depth certainty"", ""delta"": 10, ""reason"": ""Near-zero depth \u2014 confidently not flooded""}, {""factor"": ""Coverage coherence"", ""delta"": 7, ""reason"": ""0% coverage \u2014 confidently dry""}, {""factor"": ""Urban SAR shadow"", ""delta"": -15, ""reason"": ""Dense urban area \u2014 radar shadow can mimic water""}, {""factor"": ""Optical cross-check"", ""delta"": 6, ""reason"": ""Sentinel-2 confirms dry ground \u2014 sensors agree""}]",0,,"{""sar"": ""dry"", ""optical"": ""dry"", ""dem_hydrology"": ""dry""}"
HARV-00077,"8918 Sager Drive, Houston, TX, 77096",0.0,0.0,0.0,0.0,0.0,Remote-Deny,81,Deny remotely — no significant flooding detected by satellite,Satellite data at 8918 Sager Drive indicates 0.0ft depth; remote-deny per 81% confidence.,1,1,0.0,"[{""factor"": ""SAR recency"", ""delta"": 8, ""reason"": ""Imagery 3d post-event \u2014 fresh""}, {""factor"": ""Depth certainty"", ""delta"": 10, ""reason"": ""Near-zero depth \u2014 confidently not flooded""}, {""factor"": ""Coverage coherence"", ""delta"": 7, ""reason"": ""0% coverage \u2014 confidently dry""}, {""factor"": ""Urban SAR shadow"", ""delta"": -15, ""reason"": ""Dense urban area \u2014 radar shadow can mimic water""}, {""factor"": ""Optical cross-check"", ""delta"": 6, ""reason"": ""Sentinel-2 confirms dry ground \u2014 sensors agree""}]",0,,"{""sar"": ""dry"", ""optical"": ""dry"", ""dem_hydrology"": ""dry""}"
HARV-00078,"4815 Braesvalley Drive, Houston, TX, 77096",0.0,0.0,0.0,0.0,0.0,Remote-Deny,81,Deny remotely — no significant flooding detected by satellite,Satellite data at 4815 Braesvalley Drive indicates 0.0ft depth; remote-deny per 81% confidence.,1,1,0.0,"[{""factor"": ""SAR recency"", ""delta"": 8, ""reason"": ""Imagery 3d post-event \u2014 fresh""}, {""factor"": ""Depth certainty"", ""delta"": 10, ""reason"": ""Near-zero depth \u2014 confidently not flooded""}, {""factor"": ""Coverage coherence"", ""delta"": 7, ""reason"": ""0% coverage \u2014 confidently dry""}, {""factor"": ""Urban SAR shadow"", ""delta"": -15, ""reason"": ""Dense urban area \u2014 radar shadow can mimic water""}, {""factor"": ""Optical cross-check"", ""delta"": 6, ""reason"": ""Sentinel-2 confirms dry ground \u2014 sensors agree""}]",0,,"{""sar"": ""dry"", ""optical"": ""dry"", ""dem_hydrology"": ""dry""}"
HARV-00079,"4707 Braesvalley Drive, Houston, TX, 77096",0.0,0.0,0.0,0.0,0.0,Remote-Deny,81,Deny remotely — no significant flooding detected by satellite,Satellite data at 4707 Braesvalley Drive indicates 0.0ft depth; remote-deny per 81% confidence.,1,1,0.0,"[{""factor"": ""SAR recency"", ""delta"": 8, ""reason"": ""Imagery 3d post-event \u2014 fresh""}, {""factor"": ""Depth certainty"", ""delta"": 10, ""reason"": ""Near-zero depth \u2014 confidently not flooded""}, {""factor"": ""Coverage coherence"", ""delta"": 7, ""reason"": ""0% coverage \u2014 confidently dry""}, {""factor"": ""Urban SAR shadow"", ""delta"": -15, ""reason"": ""Dense urban area \u2014 radar shadow can mimic water""}, {""factor"": ""Optical cross-check"", ""delta"": 6, ""reason"": ""Sentinel-2 confirms dry ground \u2014 sensors agree""}]",0,,"{""sar"": ""dry"", ""optical"": ""dry"", ""dem_hydrology"": ""dry""}"
HARV-00080,"5002 Braesvalley Drive, Houston, TX, 77096",0.0,0.0,0.0,0.0,0.0,Remote-Deny,81,Deny remotely — no significant flooding detected by satellite,Satellite data at 5002 Braesvalley Drive indicates 0.0ft depth; remote-deny per 81% confidence.,1,1,0.0,"[{""factor"": ""SAR recency"", ""delta"": 8, ""reason"": ""Imagery 3d post-event \u2014 fresh""}, {""factor"": ""Depth certainty"", ""delta"": 10, ""reason"": ""Near-zero depth \u2014 confidently not flooded""}, {""factor"": ""Coverage coherence"", ""delta"": 7, ""reason"": ""0% coverage \u2014 confidently dry""}, {""factor"": ""Urban SAR shadow"", ""delta"": -15, ""reason"": ""Dense urban area \u2014 radar shadow can mimic water""}, {""factor"": ""Optical cross-check"", ""delta"": 6, ""reason"": ""Sentinel-2 confirms dry ground \u2014 sensors agree""}]",0,,"{""sar"": ""dry"", ""optical"": ""dry"", ""dem_hydrology"": ""dry""}"
HARV-00081,"5015 Braesvalley Drive, Houston, TX, 77096",0.0,0.0,0.0,0.0,0.0,Remote-Deny,81,Deny remotely — no significant flooding detected by satellite,Satellite data at 5015 Braesvalley Drive indicates 0.0ft depth; remote-deny per 81% confidence.,1,1,0.0,"[{""factor"": ""SAR recency"", ""delta"": 8, ""reason"": ""Imagery 3d post-event \u2014 fresh""}, {""factor"": ""Depth certainty"", ""delta"": 10, ""reason"": ""Near-zero depth \u2014 confidently not flooded""}, {""factor"": ""Coverage coherence"", ""delta"": 7, ""reason"": ""0% coverage \u2014 confidently dry""}, {""factor"": ""Urban SAR shadow"", ""delta"": -15, ""reason"": ""Dense urban area \u2014 radar shadow can mimic water""}, {""factor"": ""Optical cross-check"", ""delta"": 6, ""reason"": ""Sentinel-2 confirms dry ground \u2014 sensors agree""}]",0,,"{""sar"": ""dry"", ""optical"": ""dry"", ""dem_hydrology"": ""dry""}"
HARV-00082,"5031 Braesvalley Drive, Houston, TX, 77096",0.0,0.0,0.0,0.0,0.0,Remote-Deny,81,Deny remotely — no significant flooding detected by satellite,Satellite data at 5031 Braesvalley Drive indicates 0.0ft depth; remote-deny per 81% confidence.,1,1,0.0,"[{""factor"": ""SAR recency"", ""delta"": 8, ""reason"": ""Imagery 3d post-event \u2014 fresh""}, {""factor"": ""Depth certainty"", ""delta"": 10, ""reason"": ""Near-zero depth \u2014 confidently not flooded""}, {""factor"": ""Coverage coherence"", ""delta"": 7, ""reason"": ""0% coverage \u2014 confidently dry""}, {""factor"": ""Urban SAR shadow"", ""delta"": -15, ""reason"": ""Dense urban area \u2014 radar shadow can mimic water""}, {""factor"": ""Optical cross-check"", ""delta"": 6, ""reason"": ""Sentinel-2 confirms dry ground \u2014 sensors agree""}]",0,,"{""sar"": ""dry"", ""optical"": ""dry"", ""dem_hydrology"": ""dry""}"
HARV-00083,"8715 West Loop South, Houston, TX, 77096",0.0,0.0,0.0,0.0,0.0,Review,75,Flag for manual review — borderline measurements or low confidence,Satellite data at 8715 West Loop South indicates 0.0ft depth; review per 75% confidence.,1,1,0.171,"[{""factor"": ""SAR recency"", ""delta"": 8, ""reason"": ""Imagery 3d post-event \u2014 fresh""}, {""factor"": ""Depth certainty"", ""delta"": 10, ""reason"": ""Near-zero depth \u2014 confidently not flooded""}, {""factor"": ""Coverage coherence"", ""delta"": 7, ""reason"": ""0% coverage \u2014 confidently dry""}, {""factor"": ""Urban SAR shadow"", ""delta"": -15, ""reason"": ""Dense urban area \u2014 radar shadow can mimic water""}]",1,Sensors disagree: optical indicate flooding while SAR indicate dry/implausible — routed to manual review.,"{""sar"": ""dry"", ""optical"": ""flood"", ""dem_hydrology"": ""abstain""}"
HARV-00084,"202 Tuam Street, Houston, TX, 77006",0.0,0.0,0.0,0.0,0.0,Remote-Deny,81,Deny remotely — no significant flooding detected by satellite,Satellite data at 202 Tuam Street indicates 0.0ft depth; remote-deny per 81% confidence.,1,1,0.0,"[{""factor"": ""SAR recency"", ""delta"": 8, ""reason"": ""Imagery 3d post-event \u2014 fresh""}, {""factor"": ""Depth certainty"", ""delta"": 10, ""reason"": ""Near-zero depth \u2014 confidently not flooded""}, {""factor"": ""Coverage coherence"", ""delta"": 7, ""reason"": ""0% coverage \u2014 confidently dry""}, {""factor"": ""Urban SAR shadow"", ""delta"": -15, ""reason"": ""Dense urban area \u2014 radar shadow can mimic water""}, {""factor"": ""Optical cross-check"", ""delta"": 6, ""reason"": ""Sentinel-2 confirms dry ground \u2014 sensors agree""}]",0,,"{""sar"": ""dry"", ""optical"": ""dry"", ""dem_hydrology"": ""flood""}"
HARV-00085,"1953 West Gray Street, Houston, TX, 77019",0.0,0.0,0.0,0.0,0.0,Review,75,Flag for manual review — borderline measurements or low confidence,Satellite data at 1953 West Gray Street indicates 0.0ft depth; review per 75% confidence.,1,1,0.1163,"[{""factor"": ""SAR recency"", ""delta"": 8, ""reason"": ""Imagery 3d post-event \u2014 fresh""}, {""factor"": ""Depth certainty"", ""delta"": 10, ""reason"": ""Near-zero depth \u2014 confidently not flooded""}, {""factor"": ""Coverage coherence"", ""delta"": 7, ""reason"": ""0% coverage \u2014 confidently dry""}, {""factor"": ""Urban SAR shadow"", ""delta"": -15, ""reason"": ""Dense urban area \u2014 radar shadow can mimic water""}]",1,"Sensors disagree: optical, DEM-hydrology indicate flooding while SAR indicate dry/implausible — routed to manual review.","{""sar"": ""dry"", ""optical"": ""flood"", ""dem_hydrology"": ""flood""}"
HARV-00086,"5034 Jackwood Street, Houston, TX, 77096",0.0,0.0,0.0,0.0,0.0,Remote-Deny,81,Deny remotely — no significant flooding detected by satellite,Satellite data at 5034 Jackwood Street indicates 0.0ft depth; remote-deny per 81% confidence.,1,1,0.0,"[{""factor"": ""SAR recency"", ""delta"": 8, ""reason"": ""Imagery 3d post-event \u2014 fresh""}, {""factor"": ""Depth certainty"", ""delta"": 10, ""reason"": ""Near-zero depth \u2014 confidently not flooded""}, {""factor"": ""Coverage coherence"", ""delta"": 7, ""reason"": ""0% coverage \u2014 confidently dry""}, {""factor"": ""Urban SAR shadow"", ""delta"": -15, ""reason"": ""Dense urban area \u2014 radar shadow can mimic water""}, {""factor"": ""Optical cross-check"", ""delta"": 6, ""reason"": ""Sentinel-2 confirms dry ground \u2014 sensors agree""}]",0,,"{""sar"": ""dry"", ""optical"": ""dry"", ""dem_hydrology"": ""abstain""}"
HARV-00087,"1770 Saint James Place, Houston, TX, 77056",0.0,0.0,0.0,0.0,0.0,Remote-Deny,81,Deny remotely — no significant flooding detected by satellite,Satellite data at 1770 Saint James Place indicates 0.0ft depth; remote-deny per 81% confidence.,1,1,0.0,"[{""factor"": ""SAR recency"", ""delta"": 8, ""reason"": ""Imagery 3d post-event \u2014 fresh""}, {""factor"": ""Depth certainty"", ""delta"": 10, ""reason"": ""Near-zero depth \u2014 confidently not flooded""}, {""factor"": ""Coverage coherence"", ""delta"": 7, ""reason"": ""0% coverage \u2014 confidently dry""}, {""factor"": ""Urban SAR shadow"", ""delta"": -15, ""reason"": ""Dense urban area \u2014 radar shadow can mimic water""}, {""factor"": ""Optical cross-check"", ""delta"": 6, ""reason"": ""Sentinel-2 confirms dry ground \u2014 sensors agree""}]",0,,"{""sar"": ""dry"", ""optical"": ""dry"", ""dem_hydrology"": ""abstain""}"
HARV-00088,"2922 South Shepherd Drive, Houston, TX, 77098",0.0,0.0,0.0,0.0,0.0,Review,75,Flag for manual review — borderline measurements or low confidence,Satellite data at 2922 South Shepherd Drive indicates 0.0ft depth; review per 75% confidence.,1,1,0.1163,"[{""factor"": ""SAR recency"", ""delta"": 8, ""reason"": ""Imagery 3d post-event \u2014 fresh""}, {""factor"": ""Depth certainty"", ""delta"": 10, ""reason"": ""Near-zero depth \u2014 confidently not flooded""}, {""factor"": ""Coverage coherence"", ""delta"": 7, ""reason"": ""0% coverage \u2014 confidently dry""}, {""factor"": ""Urban SAR shadow"", ""delta"": -15, ""reason"": ""Dense urban area \u2014 radar shadow can mimic water""}]",1,"Sensors disagree: optical, DEM-hydrology indicate flooding while SAR indicate dry/implausible — routed to manual review.","{""sar"": ""dry"", ""optical"": ""flood"", ""dem_hydrology"": ""flood""}"
HARV-00089,5020 Montrose Boulevard,0.0,0.0,0.0,0.0,0.0,Review,75,Flag for manual review — borderline measurements or low confidence,Satellite data at 5020 Montrose Boulevard indicates 0.0ft depth; review per 75% confidence.,1,1,0.097,"[{""factor"": ""SAR recency"", ""delta"": 8, ""reason"": ""Imagery 3d post-event \u2014 fresh""}, {""factor"": ""Depth certainty"", ""delta"": 10, ""reason"": ""Near-zero depth \u2014 confidently not flooded""}, {""factor"": ""Coverage coherence"", ""delta"": 7, ""reason"": ""0% coverage \u2014 confidently dry""}, {""factor"": ""Urban SAR shadow"", ""delta"": -15, ""reason"": ""Dense urban area \u2014 radar shadow can mimic water""}]",0,,"{""sar"": ""dry"", ""optical"": ""abstain"", ""dem_hydrology"": ""dry""}"
HARV-00090,"5109 Bellaire Boulevard, Bellaire, TX, 77401",0.0,0.0,0.0,0.0,0.0,Review,75,Flag for manual review — borderline measurements or low confidence,Satellite data at 5109 Bellaire Boulevard indicates 0.0ft depth; review per 75% confidence.,1,1,0.1161,"[{""factor"": ""SAR recency"", ""delta"": 8, ""reason"": ""Imagery 3d post-event \u2014 fresh""}, {""factor"": ""Depth certainty"", ""delta"": 10, ""reason"": ""Near-zero depth \u2014 confidently not flooded""}, {""factor"": ""Coverage coherence"", ""delta"": 7, ""reason"": ""0% coverage \u2014 confidently dry""}, {""factor"": ""Urban SAR shadow"", ""delta"": -15, ""reason"": ""Dense urban area \u2014 radar shadow can mimic water""}]",1,"Sensors disagree: optical, DEM-hydrology indicate flooding while SAR indicate dry/implausible — routed to manual review.","{""sar"": ""dry"", ""optical"": ""flood"", ""dem_hydrology"": ""flood""}"
HARV-00091,"2902 South Shepherd Drive, Houston, TX, 77098",0.0,0.0,0.0,0.0,0.0,Review,75,Flag for manual review — borderline measurements or low confidence,Satellite data at 2902 South Shepherd Drive indicates 0.0ft depth; review per 75% confidence.,1,1,0.116,"[{""factor"": ""SAR recency"", ""delta"": 8, ""reason"": ""Imagery 3d post-event \u2014 fresh""}, {""factor"": ""Depth certainty"", ""delta"": 10, ""reason"": ""Near-zero depth \u2014 confidently not flooded""}, {""factor"": ""Coverage coherence"", ""delta"": 7, ""reason"": ""0% coverage \u2014 confidently dry""}, {""factor"": ""Urban SAR shadow"", ""delta"": -15, ""reason"": ""Dense urban area \u2014 radar shadow can mimic water""}]",1,"Sensors disagree: optical, DEM-hydrology indicate flooding while SAR indicate dry/implausible — routed to manual review.","{""sar"": ""dry"", ""optical"": ""flood"", ""dem_hydrology"": ""flood""}"
HARV-00092,"2934 South Shepherd Drive, Houston, TX, 77098",0.0,0.0,0.0,0.0,0.0,Remote-Deny,81,Deny remotely — no significant flooding detected by satellite,Satellite data at 2934 South Shepherd Drive indicates 0.0ft depth; remote-deny per 81% confidence.,1,1,0.0,"[{""factor"": ""SAR recency"", ""delta"": 8, ""reason"": ""Imagery 3d post-event \u2014 fresh""}, {""factor"": ""Depth certainty"", ""delta"": 10, ""reason"": ""Near-zero depth \u2014 confidently not flooded""}, {""factor"": ""Coverage coherence"", ""delta"": 7, ""reason"": ""0% coverage \u2014 confidently dry""}, {""factor"": ""Urban SAR shadow"", ""delta"": -15, ""reason"": ""Dense urban area \u2014 radar shadow can mimic water""}, {""factor"": ""Optical cross-check"", ""delta"": 6, ""reason"": ""Sentinel-2 confirms dry ground \u2014 sensors agree""}]",0,,"{""sar"": ""dry"", ""optical"": ""dry"", ""dem_hydrology"": ""flood""}"
HARV-00093,"1946 West Gray Street, Houston, TX",0.0,0.0,0.0,0.0,0.0,Remote-Deny,81,Deny remotely — no significant flooding detected by satellite,Satellite data at 1946 West Gray Street indicates 0.0ft depth; remote-deny per 81% confidence.,1,1,0.0,"[{""factor"": ""SAR recency"", ""delta"": 8, ""reason"": ""Imagery 3d post-event \u2014 fresh""}, {""factor"": ""Depth certainty"", ""delta"": 10, ""reason"": ""Near-zero depth \u2014 confidently not flooded""}, {""factor"": ""Coverage coherence"", ""delta"": 7, ""reason"": ""0% coverage \u2014 confidently dry""}, {""factor"": ""Urban SAR shadow"", ""delta"": -15, ""reason"": ""Dense urban area \u2014 radar shadow can mimic water""}, {""factor"": ""Optical cross-check"", ""delta"": 6, ""reason"": ""Sentinel-2 confirms dry ground \u2014 sensors agree""}]",0,,"{""sar"": ""dry"", ""optical"": ""dry"", ""dem_hydrology"": ""flood""}"
HARV-00094,"2071 Westheimer Road, Houston, TX, 77098",0.0,0.0,0.0,0.0,0.0,Remote-Deny,81,Deny remotely — no significant flooding detected by satellite,Satellite data at 2071 Westheimer Road indicates 0.0ft depth; remote-deny per 81% confidence.,1,1,0.0,"[{""factor"": ""SAR recency"", ""delta"": 8, ""reason"": ""Imagery 3d post-event \u2014 fresh""}, {""factor"": ""Depth certainty"", ""delta"": 10, ""reason"": ""Near-zero depth \u2014 confidently not flooded""}, {""factor"": ""Coverage coherence"", ""delta"": 7, ""reason"": ""0% coverage \u2014 confidently dry""}, {""factor"": ""Urban SAR shadow"", ""delta"": -15, ""reason"": ""Dense urban area \u2014 radar shadow can mimic water""}, {""factor"": ""Optical cross-check"", ""delta"": 6, ""reason"": ""Sentinel-2 confirms dry ground \u2014 sensors agree""}]",0,,"{""sar"": ""dry"", ""optical"": ""dry"", ""dem_hydrology"": ""flood""}"
HARV-00095,"2810 Westheimer Road, Houston, TX, 77098",0.0,0.0,0.0,0.0,0.0,Remote-Deny,81,Deny remotely — no significant flooding detected by satellite,Satellite data at 2810 Westheimer Road indicates 0.0ft depth; remote-deny per 81% confidence.,1,1,0.0,"[{""factor"": ""SAR recency"", ""delta"": 8, ""reason"": ""Imagery 3d post-event \u2014 fresh""}, {""factor"": ""Depth certainty"", ""delta"": 10, ""reason"": ""Near-zero depth \u2014 confidently not flooded""}, {""factor"": ""Coverage coherence"", ""delta"": 7, ""reason"": ""0% coverage \u2014 confidently dry""}, {""factor"": ""Urban SAR shadow"", ""delta"": -15, ""reason"": ""Dense urban area \u2014 radar shadow can mimic water""}, {""factor"": ""Optical cross-check"", ""delta"": 6, ""reason"": ""Sentinel-2 confirms dry ground \u2014 sensors agree""}]",0,,"{""sar"": ""dry"", ""optical"": ""dry"", ""dem_hydrology"": ""flood""}"
HARV-00096,"3902 Bissonnet Street, Houston",0.0,0.0,0.0,0.0,0.0,Remote-Deny,81,Deny remotely — no significant flooding detected by satellite,Satellite data at 3902 Bissonnet Street indicates 0.0ft depth; remote-deny per 81% confidence.,1,1,0.0,"[{""factor"": ""SAR recency"", ""delta"": 8, ""reason"": ""Imagery 3d post-event \u2014 fresh""}, {""factor"": ""Depth certainty"", ""delta"": 10, ""reason"": ""Near-zero depth \u2014 confidently not flooded""}, {""factor"": ""Coverage coherence"", ""delta"": 7, ""reason"": ""0% coverage \u2014 confidently dry""}, {""factor"": ""Urban SAR shadow"", ""delta"": -15, ""reason"": ""Dense urban area \u2014 radar shadow can mimic water""}, {""factor"": ""Optical cross-check"", ""delta"": 6, ""reason"": ""Sentinel-2 confirms dry ground \u2014 sensors agree""}]",0,,"{""sar"": ""dry"", ""optical"": ""dry"", ""dem_hydrology"": ""flood""}"
HARV-00097,"3900 Bissonnet Street, Houston",0.0,0.0,0.0,0.0,0.0,Remote-Deny,81,Deny remotely — no significant flooding detected by satellite,Satellite data at 3900 Bissonnet Street indicates 0.0ft depth; remote-deny per 81% confidence.,1,1,0.0,"[{""factor"": ""SAR recency"", ""delta"": 8, ""reason"": ""Imagery 3d post-event \u2014 fresh""}, {""factor"": ""Depth certainty"", ""delta"": 10, ""reason"": ""Near-zero depth \u2014 confidently not flooded""}, {""factor"": ""Coverage coherence"", ""delta"": 7, ""reason"": ""0% coverage \u2014 confidently dry""}, {""factor"": ""Urban SAR shadow"", ""delta"": -15, ""reason"": ""Dense urban area \u2014 radar shadow can mimic water""}, {""factor"": ""Optical cross-check"", ""delta"": 6, ""reason"": ""Sentinel-2 confirms dry ground \u2014 sensors agree""}]",0,,"{""sar"": ""dry"", ""optical"": ""dry"", ""dem_hydrology"": ""flood""}"
HARV-00098,4056 Bellaire Boulevard,0.0,0.0,0.0,0.0,0.0,Remote-Deny,81,Deny remotely — no significant flooding detected by satellite,Satellite data at 4056 Bellaire Boulevard indicates 0.0ft depth; remote-deny per 81% confidence.,1,1,0.0,"[{""factor"": ""SAR recency"", ""delta"": 8, ""reason"": ""Imagery 3d post-event \u2014 fresh""}, {""factor"": ""Depth certainty"", ""delta"": 10, ""reason"": ""Near-zero depth \u2014 confidently not flooded""}, {""factor"": ""Coverage coherence"", ""delta"": 7, ""reason"": ""0% coverage \u2014 confidently dry""}, {""factor"": ""Urban SAR shadow"", ""delta"": -15, ""reason"": ""Dense urban area \u2014 radar shadow can mimic water""}, {""factor"": ""Optical cross-check"", ""delta"": 6, ""reason"": ""Sentinel-2 confirms dry ground \u2014 sensors agree""}]",0,,"{""sar"": ""dry"", ""optical"": ""dry"", ""dem_hydrology"": ""flood""}"
HARV-00099,4050 Bellaire Boulevard,0.0,0.0,0.0,0.0,0.0,Remote-Deny,81,Deny remotely — no significant flooding detected by satellite,Satellite data at 4050 Bellaire Boulevard indicates 0.0ft depth; remote-deny per 81% confidence.,1,1,0.0,"[{""factor"": ""SAR recency"", ""delta"": 8, ""reason"": ""Imagery 3d post-event \u2014 fresh""}, {""factor"": ""Depth certainty"", ""delta"": 10, ""reason"": ""Near-zero depth \u2014 confidently not flooded""}, {""factor"": ""Coverage coherence"", ""delta"": 7, ""reason"": ""0% coverage \u2014 confidently dry""}, {""factor"": ""Urban SAR shadow"", ""delta"": -15, ""reason"": ""Dense urban area \u2014 radar shadow can mimic water""}, {""factor"": ""Optical cross-check"", ""delta"": 6, ""reason"": ""Sentinel-2 confirms dry ground \u2014 sensors agree""}]",0,,"{""sar"": ""dry"", ""optical"": ""dry"", ""dem_hydrology"": ""flood""}"
HARV-00100,"4715 Westheimer Road, Houston, TX",0.0,0.0,0.0,0.0,0.0,Remote-Deny,81,Deny remotely — no significant flooding detected by satellite,Satellite data at 4715 Westheimer Road indicates 0.0ft depth; remote-deny per 81% confidence.,1,1,0.0,"[{""factor"": ""SAR recency"", ""delta"": 8, ""reason"": ""Imagery 3d post-event \u2014 fresh""}, {""factor"": ""Depth certainty"", ""delta"": 10, ""reason"": ""Near-zero depth \u2014 confidently not flooded""}, {""factor"": ""Coverage coherence"", ""delta"": 7, ""reason"": ""0% coverage \u2014 confidently dry""}, {""factor"": ""Urban SAR shadow"", ""delta"": -15, ""reason"": ""Dense urban area \u2014 radar shadow can mimic water""}, {""factor"": ""Optical cross-check"", ""delta"": 6, ""reason"": ""Sentinel-2 confirms dry ground \u2014 sensors agree""}]",0,,"{""sar"": ""dry"", ""optical"": ""dry"", ""dem_hydrology"": ""flood""}"
HARV-00101,"3131 Eastside Street, Houston, TX",0.0,0.0,0.0,0.0,0.0,Remote-Deny,81,Deny remotely — no significant flooding detected by satellite,Satellite data at 3131 Eastside Street indicates 0.0ft depth; remote-deny per 81% confidence.,1,1,0.0,"[{""factor"": ""SAR recency"", ""delta"": 8, ""reason"": ""Imagery 3d post-event \u2014 fresh""}, {""factor"": ""Depth certainty"", ""delta"": 10, ""reason"": ""Near-zero depth \u2014 confidently not flooded""}, {""factor"": ""Coverage coherence"", ""delta"": 7, ""reason"": ""0% coverage \u2014 confidently dry""}, {""factor"": ""Urban SAR shadow"", ""delta"": -15, ""reason"": ""Dense urban area \u2014 radar shadow can mimic water""}, {""factor"": ""Optical cross-check"", ""delta"": 6, ""reason"": ""Sentinel-2 confirms dry ground \u2014 sensors agree""}]",0,,"{""sar"": ""dry"", ""optical"": ""dry"", ""dem_hydrology"": ""flood""}"
HARV-00102,"3310 Eastside Street, Houston, TX",0.0,0.0,0.0,0.0,0.0,Review,75,Flag for manual review — borderline measurements or low confidence,Satellite data at 3310 Eastside Street indicates 0.0ft depth; review per 75% confidence.,1,1,0.1164,"[{""factor"": ""SAR recency"", ""delta"": 8, ""reason"": ""Imagery 3d post-event \u2014 fresh""}, {""factor"": ""Depth certainty"", ""delta"": 10, ""reason"": ""Near-zero depth \u2014 confidently not flooded""}, {""factor"": ""Coverage coherence"", ""delta"": 7, ""reason"": ""0% coverage \u2014 confidently dry""}, {""factor"": ""Urban SAR shadow"", ""delta"": -15, ""reason"": ""Dense urban area \u2014 radar shadow can mimic water""}]",1,"Sensors disagree: optical, DEM-hydrology indicate flooding while SAR indicate dry/implausible — routed to manual review.","{""sar"": ""dry"", ""optical"": ""flood"", ""dem_hydrology"": ""flood""}"
HARV-00103,"4946 Beechnut Street, Houston, TX",0.0,0.0,0.0,0.0,0.0,Remote-Deny,81,Deny remotely — no significant flooding detected by satellite,Satellite data at 4946 Beechnut Street indicates 0.0ft depth; remote-deny per 81% confidence.,1,1,0.0,"[{""factor"": ""SAR recency"", ""delta"": 8, ""reason"": ""Imagery 3d post-event \u2014 fresh""}, {""factor"": ""Depth certainty"", ""delta"": 10, ""reason"": ""Near-zero depth \u2014 confidently not flooded""}, {""factor"": ""Coverage coherence"", ""delta"": 7, ""reason"": ""0% coverage \u2014 confidently dry""}, {""factor"": ""Urban SAR shadow"", ""delta"": -15, ""reason"": ""Dense urban area \u2014 radar shadow can mimic water""}, {""factor"": ""Optical cross-check"", ""delta"": 6, ""reason"": ""Sentinel-2 confirms dry ground \u2014 sensors agree""}]",0,,"{""sar"": ""dry"", ""optical"": ""dry"", ""dem_hydrology"": ""flood""}"
HARV-00104,"5475 West Loop South, Houston, TX, 77081",0.0,0.0,0.0,0.0,0.0,Remote-Deny,81,Deny remotely — no significant flooding detected by satellite,Satellite data at 5475 West Loop South indicates 0.0ft depth; remote-deny per 81% confidence.,1,1,0.0,"[{""factor"": ""SAR recency"", ""delta"": 8, ""reason"": ""Imagery 3d post-event \u2014 fresh""}, {""factor"": ""Depth certainty"", ""delta"": 10, ""reason"": ""Near-zero depth \u2014 confidently not flooded""}, {""factor"": ""Coverage coherence"", ""delta"": 7, ""reason"": ""0% coverage \u2014 confidently dry""}, {""factor"": ""Urban SAR shadow"", ""delta"": -15, ""reason"": ""Dense urban area \u2014 radar shadow can mimic water""}, {""factor"": ""Optical cross-check"", ""delta"": 6, ""reason"": ""Sentinel-2 confirms dry ground \u2014 sensors agree""}]",0,,"{""sar"": ""dry"", ""optical"": ""dry"", ""dem_hydrology"": ""flood""}"
HARV-00105,"4001 Coleridge Street, West University Place",0.0,0.0,0.0,0.0,0.0,Remote-Deny,81,Deny remotely — no significant flooding detected by satellite,Satellite data at 4001 Coleridge Street indicates 0.0ft depth; remote-deny per 81% confidence.,1,1,0.0,"[{""factor"": ""SAR recency"", ""delta"": 8, ""reason"": ""Imagery 3d post-event \u2014 fresh""}, {""factor"": ""Depth certainty"", ""delta"": 10, ""reason"": ""Near-zero depth \u2014 confidently not flooded""}, {""factor"": ""Coverage coherence"", ""delta"": 7, ""reason"": ""0% coverage \u2014 confidently dry""}, {""factor"": ""Urban SAR shadow"", ""delta"": -15, ""reason"": ""Dense urban area \u2014 radar shadow can mimic water""}, {""factor"": ""Optical cross-check"", ""delta"": 6, ""reason"": ""Sentinel-2 confirms dry ground \u2014 sensors agree""}]",0,,"{""sar"": ""dry"", ""optical"": ""dry"", ""dem_hydrology"": ""flood""}"
HARV-00106,"3933 University Boulevard, West University",0.0,0.0,0.0,0.0,0.0,Remote-Deny,81,Deny remotely — no significant flooding detected by satellite,Satellite data at 3933 University Boulevard indicates 0.0ft depth; remote-deny per 81% confidence.,1,1,0.0,"[{""factor"": ""SAR recency"", ""delta"": 8, ""reason"": ""Imagery 3d post-event \u2014 fresh""}, {""factor"": ""Depth certainty"", ""delta"": 10, ""reason"": ""Near-zero depth \u2014 confidently not flooded""}, {""factor"": ""Coverage coherence"", ""delta"": 7, ""reason"": ""0% coverage \u2014 confidently dry""}, {""factor"": ""Urban SAR shadow"", ""delta"": -15, ""reason"": ""Dense urban area \u2014 radar shadow can mimic water""}, {""factor"": ""Optical cross-check"", ""delta"": 6, ""reason"": ""Sentinel-2 confirms dry ground \u2014 sensors agree""}]",0,,"{""sar"": ""dry"", ""optical"": ""dry"", ""dem_hydrology"": ""flood""}"
HARV-00107,"6719 Weslayan Street, Houston, TX, 77005",0.0,0.0,0.0,0.0,0.0,Remote-Deny,81,Deny remotely — no significant flooding detected by satellite,Satellite data at 6719 Weslayan Street indicates 0.0ft depth; remote-deny per 81% confidence.,1,1,0.0,"[{""factor"": ""SAR recency"", ""delta"": 8, ""reason"": ""Imagery 3d post-event \u2014 fresh""}, {""factor"": ""Depth certainty"", ""delta"": 10, ""reason"": ""Near-zero depth \u2014 confidently not flooded""}, {""factor"": ""Coverage coherence"", ""delta"": 7, ""reason"": ""0% coverage \u2014 confidently dry""}, {""factor"": ""Urban SAR shadow"", ""delta"": -15, ""reason"": ""Dense urban area \u2014 radar shadow can mimic water""}, {""factor"": ""Optical cross-check"", ""delta"": 6, ""reason"": ""Sentinel-2 confirms dry ground \u2014 sensors agree""}]",0,,"{""sar"": ""dry"", ""optical"": ""dry"", ""dem_hydrology"": ""flood""}"
HARV-00108,"4668 Beechnut Street, Houston, TX, 77096",0.0,0.0,0.0,0.0,0.0,Remote-Deny,81,Deny remotely — no significant flooding detected by satellite,Satellite data at 4668 Beechnut Street indicates 0.0ft depth; remote-deny per 81% confidence.,1,1,0.0,"[{""factor"": ""SAR recency"", ""delta"": 8, ""reason"": ""Imagery 3d post-event \u2014 fresh""}, {""factor"": ""Depth certainty"", ""delta"": 10, ""reason"": ""Near-zero depth \u2014 confidently not flooded""}, {""factor"": ""Coverage coherence"", ""delta"": 7, ""reason"": ""0% coverage \u2014 confidently dry""}, {""factor"": ""Urban SAR shadow"", ""delta"": -15, ""reason"": ""Dense urban area \u2014 radar shadow can mimic water""}, {""factor"": ""Optical cross-check"", ""delta"": 6, ""reason"": ""Sentinel-2 confirms dry ground \u2014 sensors agree""}]",0,,"{""sar"": ""dry"", ""optical"": ""dry"", ""dem_hydrology"": ""flood""}"
HARV-00109,"700 Meyerland Plaza Mall, Houston, TX, 77096",0.0,0.0,0.0,0.0,0.0,Remote-Deny,81,Deny remotely — no significant flooding detected by satellite,Satellite data at 700 Meyerland Plaza Mall indicates 0.0ft depth; remote-deny per 81% confidence.,1,1,0.0,"[{""factor"": ""SAR recency"", ""delta"": 8, ""reason"": ""Imagery 3d post-event \u2014 fresh""}, {""factor"": ""Depth certainty"", ""delta"": 10, ""reason"": ""Near-zero depth \u2014 confidently not flooded""}, {""factor"": ""Coverage coherence"", ""delta"": 7, ""reason"": ""0% coverage \u2014 confidently dry""}, {""factor"": ""Urban SAR shadow"", ""delta"": -15, ""reason"": ""Dense urban area \u2014 radar shadow can mimic water""}, {""factor"": ""Optical cross-check"", ""delta"": 6, ""reason"": ""Sentinel-2 confirms dry ground \u2014 sensors agree""}]",0,,"{""sar"": ""dry"", ""optical"": ""dry"", ""dem_hydrology"": ""abstain""}"
HARV-00110,"3651 Weslayan, Houston, TX, 77046",0.0,0.0,0.0,0.0,0.0,Remote-Deny,81,Deny remotely — no significant flooding detected by satellite,Satellite data at 3651 Weslayan indicates 0.0ft depth; remote-deny per 81% confidence.,1,1,0.0,"[{""factor"": ""SAR recency"", ""delta"": 8, ""reason"": ""Imagery 3d post-event \u2014 fresh""}, {""factor"": ""Depth certainty"", ""delta"": 10, ""reason"": ""Near-zero depth \u2014 confidently not flooded""}, {""factor"": ""Coverage coherence"", ""delta"": 7, ""reason"": ""0% coverage \u2014 confidently dry""}, {""factor"": ""Urban SAR shadow"", ""delta"": -15, ""reason"": ""Dense urban area \u2014 radar shadow can mimic water""}, {""factor"": ""Optical cross-check"", ""delta"": 6, ""reason"": ""Sentinel-2 confirms dry ground \u2014 sensors agree""}]",0,,"{""sar"": ""dry"", ""optical"": ""dry"", ""dem_hydrology"": ""flood""}"
HARV-00111,"4001 Richmond Avenue, Houston, TX, 77027",0.0,0.0,0.0,0.0,0.0,Review,75,Flag for manual review — borderline measurements or low confidence,Satellite data at 4001 Richmond Avenue indicates 0.0ft depth; review per 75% confidence.,1,1,0.1287,"[{""factor"": ""SAR recency"", ""delta"": 8, ""reason"": ""Imagery 3d post-event \u2014 fresh""}, {""factor"": ""Depth certainty"", ""delta"": 10, ""reason"": ""Near-zero depth \u2014 confidently not flooded""}, {""factor"": ""Coverage coherence"", ""delta"": 7, ""reason"": ""0% coverage \u2014 confidently dry""}, {""factor"": ""Urban SAR shadow"", ""delta"": -15, ""reason"": ""Dense urban area \u2014 radar shadow can mimic water""}]",1,"Sensors disagree: optical, DEM-hydrology indicate flooding while SAR indicate dry/implausible — routed to manual review.","{""sar"": ""dry"", ""optical"": ""flood"", ""dem_hydrology"": ""flood""}"
HARV-00112,"3995 Richmond Avenue, Houston, TX",0.0,0.0,0.0,0.0,0.0,Remote-Deny,81,Deny remotely — no significant flooding detected by satellite,Satellite data at 3995 Richmond Avenue indicates 0.0ft depth; remote-deny per 81% confidence.,1,1,0.0128,"[{""factor"": ""SAR recency"", ""delta"": 8, ""reason"": ""Imagery 3d post-event \u2014 fresh""}, {""factor"": ""Depth certainty"", ""delta"": 10, ""reason"": ""Near-zero depth \u2014 confidently not flooded""}, {""factor"": ""Coverage coherence"", ""delta"": 7, ""reason"": ""0% coverage \u2014 confidently dry""}, {""factor"": ""Urban SAR shadow"", ""delta"": -15, ""reason"": ""Dense urban area \u2014 radar shadow can mimic water""}, {""factor"": ""Optical cross-check"", ""delta"": 6, ""reason"": ""Sentinel-2 confirms dry ground \u2014 sensors agree""}]",0,,"{""sar"": ""dry"", ""optical"": ""dry"", ""dem_hydrology"": ""flood""}"
HARV-00113,"4831 Jason Street, Houston, TX, 77096",0.0,0.0,0.0,0.0,0.0,Remote-Deny,81,Deny remotely — no significant flooding detected by satellite,Satellite data at 4831 Jason Street indicates 0.0ft depth; remote-deny per 81% confidence.,1,1,0.0,"[{""factor"": ""SAR recency"", ""delta"": 8, ""reason"": ""Imagery 3d post-event \u2014 fresh""}, {""factor"": ""Depth certainty"", ""delta"": 10, ""reason"": ""Near-zero depth \u2014 confidently not flooded""}, {""factor"": ""Coverage coherence"", ""delta"": 7, ""reason"": ""0% coverage \u2014 confidently dry""}, {""factor"": ""Urban SAR shadow"", ""delta"": -15, ""reason"": ""Dense urban area \u2014 radar shadow can mimic water""}, {""factor"": ""Optical cross-check"", ""delta"": 6, ""reason"": ""Sentinel-2 confirms dry ground \u2014 sensors agree""}]",0,,"{""sar"": ""dry"", ""optical"": ""dry"", ""dem_hydrology"": ""flood""}"
HARV-00114,"1151 Uptown Park Boulevard, Houston, TX, 77056",0.0,0.0,0.0,0.0,0.0,Remote-Deny,81,Deny remotely — no significant flooding detected by satellite,Satellite data at 1151 Uptown Park Boulevard indicates 0.0ft depth; remote-deny per 81% confidence.,1,1,0.0,"[{""factor"": ""SAR recency"", ""delta"": 8, ""reason"": ""Imagery 3d post-event \u2014 fresh""}, {""factor"": ""Depth certainty"", ""delta"": 10, ""reason"": ""Near-zero depth \u2014 confidently not flooded""}, {""factor"": ""Coverage coherence"", ""delta"": 7, ""reason"": ""0% coverage \u2014 confidently dry""}, {""factor"": ""Urban SAR shadow"", ""delta"": -15, ""reason"": ""Dense urban area \u2014 radar shadow can mimic water""}, {""factor"": ""Optical cross-check"", ""delta"": 6, ""reason"": ""Sentinel-2 confirms dry ground \u2014 sensors agree""}]",0,,"{""sar"": ""dry"", ""optical"": ""dry"", ""dem_hydrology"": ""abstain""}"
HARV-00115,"1001 West Loop South, Houston",0.0,0.0,0.0,0.0,0.0,Remote-Deny,81,Deny remotely — no significant flooding detected by satellite,Satellite data at 1001 West Loop South indicates 0.0ft depth; remote-deny per 81% confidence.,1,1,0.0223,"[{""factor"": ""SAR recency"", ""delta"": 8, ""reason"": ""Imagery 3d post-event \u2014 fresh""}, {""factor"": ""Depth certainty"", ""delta"": 10, ""reason"": ""Near-zero depth \u2014 confidently not flooded""}, {""factor"": ""Coverage coherence"", ""delta"": 7, ""reason"": ""0% coverage \u2014 confidently dry""}, {""factor"": ""Urban SAR shadow"", ""delta"": -15, ""reason"": ""Dense urban area \u2014 radar shadow can mimic water""}, {""factor"": ""Optical cross-check"", ""delta"": 6, ""reason"": ""Sentinel-2 confirms dry ground \u2014 sensors agree""}]",0,,"{""sar"": ""dry"", ""optical"": ""dry"", ""dem_hydrology"": ""dry""}"
HARV-00116,"2515 Post Oak Boulevard, Houston, TX, 77056",0.0,0.0,0.0,0.0,0.0,Remote-Deny,81,Deny remotely — no significant flooding detected by satellite,Satellite data at 2515 Post Oak Boulevard indicates 0.0ft depth; remote-deny per 81% confidence.,1,1,0.0,"[{""factor"": ""SAR recency"", ""delta"": 8, ""reason"": ""Imagery 3d post-event \u2014 fresh""}, {""factor"": ""Depth certainty"", ""delta"": 10, ""reason"": ""Near-zero depth \u2014 confidently not flooded""}, {""factor"": ""Coverage coherence"", ""delta"": 7, ""reason"": ""0% coverage \u2014 confidently dry""}, {""factor"": ""Urban SAR shadow"", ""delta"": -15, ""reason"": ""Dense urban area \u2014 radar shadow can mimic water""}, {""factor"": ""Optical cross-check"", ""delta"": 6, ""reason"": ""Sentinel-2 confirms dry ground \u2014 sensors agree""}]",0,,"{""sar"": ""dry"", ""optical"": ""dry"", ""dem_hydrology"": ""abstain""}"
HARV-00117,"4708 Holt Street, Bellaire, 77401",0.0,0.0,0.0,0.0,0.0,Remote-Deny,81,Deny remotely — no significant flooding detected by satellite,Satellite data at 4708 Holt Street indicates 0.0ft depth; remote-deny per 81% confidence.,1,1,0.0,"[{""factor"": ""SAR recency"", ""delta"": 8, ""reason"": ""Imagery 3d post-event \u2014 fresh""}, {""factor"": ""Depth certainty"", ""delta"": 10, ""reason"": ""Near-zero depth \u2014 confidently not flooded""}, {""factor"": ""Coverage coherence"", ""delta"": 7, ""reason"": ""0% coverage \u2014 confidently dry""}, {""factor"": ""Urban SAR shadow"", ""delta"": -15, ""reason"": ""Dense urban area \u2014 radar shadow can mimic water""}, {""factor"": ""Optical cross-check"", ""delta"": 6, ""reason"": ""Sentinel-2 confirms dry ground \u2014 sensors agree""}]",0,,"{""sar"": ""dry"", ""optical"": ""dry"", ""dem_hydrology"": ""flood""}"
HARV-00118,"5710 Memorial Drive, Houston, TX",0.0,0.0,0.0,0.0,0.0,Remote-Deny,81,Deny remotely — no significant flooding detected by satellite,Satellite data at 5710 Memorial Drive indicates 0.0ft depth; remote-deny per 81% confidence.,1,1,0.0,"[{""factor"": ""SAR recency"", ""delta"": 8, ""reason"": ""Imagery 3d post-event \u2014 fresh""}, {""factor"": ""Depth certainty"", ""delta"": 10, ""reason"": ""Near-zero depth \u2014 confidently not flooded""}, {""factor"": ""Coverage coherence"", ""delta"": 7, ""reason"": ""0% coverage \u2014 confidently dry""}, {""factor"": ""Urban SAR shadow"", ""delta"": -15, ""reason"": ""Dense urban area \u2014 radar shadow can mimic water""}, {""factor"": ""Optical cross-check"", ""delta"": 6, ""reason"": ""Sentinel-2 confirms dry ground \u2014 sensors agree""}]",0,,"{""sar"": ""dry"", ""optical"": ""dry"", ""dem_hydrology"": ""dry""}"
HARV-00119,1131 Uptown Park Boulevard,0.0,0.0,0.0,0.0,0.0,Review,75,Flag for manual review — borderline measurements or low confidence,Satellite data at 1131 Uptown Park Boulevard indicates 0.0ft depth; review per 75% confidence.,1,1,0.2813,"[{""factor"": ""SAR recency"", ""delta"": 8, ""reason"": ""Imagery 3d post-event \u2014 fresh""}, {""factor"": ""Depth certainty"", ""delta"": 10, ""reason"": ""Near-zero depth \u2014 confidently not flooded""}, {""factor"": ""Coverage coherence"", ""delta"": 7, ""reason"": ""0% coverage \u2014 confidently dry""}, {""factor"": ""Urban SAR shadow"", ""delta"": -15, ""reason"": ""Dense urban area \u2014 radar shadow can mimic water""}]",1,"Sensors disagree: optical indicate flooding while SAR, DEM-hydrology indicate dry/implausible — routed to manual review.","{""sar"": ""dry"", ""optical"": ""flood"", ""dem_hydrology"": ""dry""}"
HARV-00120,1101 Uptown Park Boulevard,0.0,0.0,0.0,0.0,0.0,Remote-Deny,81,Deny remotely — no significant flooding detected by satellite,Satellite data at 1101 Uptown Park Boulevard indicates 0.0ft depth; remote-deny per 81% confidence.,1,1,0.0,"[{""factor"": ""SAR recency"", ""delta"": 8, ""reason"": ""Imagery 3d post-event \u2014 fresh""}, {""factor"": ""Depth certainty"", ""delta"": 10, ""reason"": ""Near-zero depth \u2014 confidently not flooded""}, {""factor"": ""Coverage coherence"", ""delta"": 7, ""reason"": ""0% coverage \u2014 confidently dry""}, {""factor"": ""Urban SAR shadow"", ""delta"": -15, ""reason"": ""Dense urban area \u2014 radar shadow can mimic water""}, {""factor"": ""Optical cross-check"", ""delta"": 6, ""reason"": ""Sentinel-2 confirms dry ground \u2014 sensors agree""}]",0,,"{""sar"": ""dry"", ""optical"": ""dry"", ""dem_hydrology"": ""dry""}"
HARV-00121,"4001 Bellaire Boulevard, Houston, TX, 77025",0.0,0.0,0.0,0.0,0.0,Review,75,Flag for manual review — borderline measurements or low confidence,Satellite data at 4001 Bellaire Boulevard indicates 0.0ft depth; review per 75% confidence.,1,1,0.1853,"[{""factor"": ""SAR recency"", ""delta"": 8, ""reason"": ""Imagery 3d post-event \u2014 fresh""}, {""factor"": ""Depth certainty"", ""delta"": 10, ""reason"": ""Near-zero depth \u2014 confidently not flooded""}, {""factor"": ""Coverage coherence"", ""delta"": 7, ""reason"": ""0% coverage \u2014 confidently dry""}, {""factor"": ""Urban SAR shadow"", ""delta"": -15, ""reason"": ""Dense urban area \u2014 radar shadow can mimic water""}]",1,"Sensors disagree: optical, DEM-hydrology indicate flooding while SAR indicate dry/implausible — routed to manual review.","{""sar"": ""dry"", ""optical"": ""flood"", ""dem_hydrology"": ""flood""}"
HARV-00122,"4326B Scotland Street, Houston, TX, 77007",0.0,0.0,0.0,0.0,0.0,Remote-Deny,81,Deny remotely — no significant flooding detected by satellite,Satellite data at 4326B Scotland Street indicates 0.0ft depth; remote-deny per 81% confidence.,1,1,0.0,"[{""factor"": ""SAR recency"", ""delta"": 8, ""reason"": ""Imagery 3d post-event \u2014 fresh""}, {""factor"": ""Depth certainty"", ""delta"": 10, ""reason"": ""Near-zero depth \u2014 confidently not flooded""}, {""factor"": ""Coverage coherence"", ""delta"": 7, ""reason"": ""0% coverage \u2014 confidently dry""}, {""factor"": ""Urban SAR shadow"", ""delta"": -15, ""reason"": ""Dense urban area \u2014 radar shadow can mimic water""}, {""factor"": ""Optical cross-check"", ""delta"": 6, ""reason"": ""Sentinel-2 confirms dry ground \u2014 sensors agree""}]",0,,"{""sar"": ""dry"", ""optical"": ""dry"", ""dem_hydrology"": ""dry""}"
HARV-00123,"4326A Scotland Street, Houston, TX, 77007",0.0,0.0,0.0,0.0,0.0,Remote-Deny,81,Deny remotely — no significant flooding detected by satellite,Satellite data at 4326A Scotland Street indicates 0.0ft depth; remote-deny per 81% confidence.,1,1,0.0,"[{""factor"": ""SAR recency"", ""delta"": 8, ""reason"": ""Imagery 3d post-event \u2014 fresh""}, {""factor"": ""Depth certainty"", ""delta"": 10, ""reason"": ""Near-zero depth \u2014 confidently not flooded""}, {""factor"": ""Coverage coherence"", ""delta"": 7, ""reason"": ""0% coverage \u2014 confidently dry""}, {""factor"": ""Urban SAR shadow"", ""delta"": -15, ""reason"": ""Dense urban area \u2014 radar shadow can mimic water""}, {""factor"": ""Optical cross-check"", ""delta"": 6, ""reason"": ""Sentinel-2 confirms dry ground \u2014 sensors agree""}]",0,,"{""sar"": ""dry"", ""optical"": ""dry"", ""dem_hydrology"": ""dry""}"
HARV-00124,"6028 Memorial Drive, Houston",0.0,0.0,0.0,0.0,0.0,Remote-Deny,81,Deny remotely — no significant flooding detected by satellite,Satellite data at 6028 Memorial Drive indicates 0.0ft depth; remote-deny per 81% confidence.,1,1,0.0,"[{""factor"": ""SAR recency"", ""delta"": 8, ""reason"": ""Imagery 3d post-event \u2014 fresh""}, {""factor"": ""Depth certainty"", ""delta"": 10, ""reason"": ""Near-zero depth \u2014 confidently not flooded""}, {""factor"": ""Coverage coherence"", ""delta"": 7, ""reason"": ""0% coverage \u2014 confidently dry""}, {""factor"": ""Urban SAR shadow"", ""delta"": -15, ""reason"": ""Dense urban area \u2014 radar shadow can mimic water""}, {""factor"": ""Optical cross-check"", ""delta"": 6, ""reason"": ""Sentinel-2 confirms dry ground \u2014 sensors agree""}]",0,,"{""sar"": ""dry"", ""optical"": ""dry"", ""dem_hydrology"": ""dry""}"
HARV-00125,1121 Uptown Park Boulevard,0.0,0.0,0.0,0.0,0.0,Remote-Deny,81,Deny remotely — no significant flooding detected by satellite,Satellite data at 1121 Uptown Park Boulevard indicates 0.0ft depth; remote-deny per 81% confidence.,1,1,0.0005,"[{""factor"": ""SAR recency"", ""delta"": 8, ""reason"": ""Imagery 3d post-event \u2014 fresh""}, {""factor"": ""Depth certainty"", ""delta"": 10, ""reason"": ""Near-zero depth \u2014 confidently not flooded""}, {""factor"": ""Coverage coherence"", ""delta"": 7, ""reason"": ""0% coverage \u2014 confidently dry""}, {""factor"": ""Urban SAR shadow"", ""delta"": -15, ""reason"": ""Dense urban area \u2014 radar shadow can mimic water""}, {""factor"": ""Optical cross-check"", ""delta"": 6, ""reason"": ""Sentinel-2 confirms dry ground \u2014 sensors agree""}]",0,,"{""sar"": ""dry"", ""optical"": ""dry"", ""dem_hydrology"": ""dry""}"
HARV-00126,"2900 Richmond Avenue, Houston, TX",0.0,0.0,0.0,0.0,0.0,Remote-Deny,81,Deny remotely — no significant flooding detected by satellite,Satellite data at 2900 Richmond Avenue indicates 0.0ft depth; remote-deny per 81% confidence.,1,1,0.0,"[{""factor"": ""SAR recency"", ""delta"": 8, ""reason"": ""Imagery 3d post-event \u2014 fresh""}, {""factor"": ""Depth certainty"", ""delta"": 10, ""reason"": ""Near-zero depth \u2014 confidently not flooded""}, {""factor"": ""Coverage coherence"", ""delta"": 7, ""reason"": ""0% coverage \u2014 confidently dry""}, {""factor"": ""Urban SAR shadow"", ""delta"": -15, ""reason"": ""Dense urban area \u2014 radar shadow can mimic water""}, {""factor"": ""Optical cross-check"", ""delta"": 6, ""reason"": ""Sentinel-2 confirms dry ground \u2014 sensors agree""}]",0,,"{""sar"": ""dry"", ""optical"": ""dry"", ""dem_hydrology"": ""flood""}"
HARV-00127,"5022 North Braeswood Boulevard, Houston, TX, 77096",0.0,0.0,0.0,0.0,0.0,Remote-Deny,96,Deny remotely — no significant flooding detected by satellite,Satellite data at 5022 North Braeswood Boulevard indicates 0.0ft depth; remote-deny per 96% confidence.,0,1,0.0,"[{""factor"": ""SAR recency"", ""delta"": 8, ""reason"": ""Imagery 3d post-event \u2014 fresh""}, {""factor"": ""Depth certainty"", ""delta"": 10, ""reason"": ""Near-zero depth \u2014 confidently not flooded""}, {""factor"": ""Coverage coherence"", ""delta"": 7, ""reason"": ""0% coverage \u2014 confidently dry""}, {""factor"": ""Optical cross-check"", ""delta"": 6, ""reason"": ""Sentinel-2 confirms dry ground \u2014 sensors agree""}]",0,,"{""sar"": ""dry"", ""optical"": ""dry"", ""dem_hydrology"": ""dry""}"
HARV-00128,5130 North Braeswood Boulevard,0.0,0.0,0.0,0.0,0.0,Remote-Deny,81,Deny remotely — no significant flooding detected by satellite,Satellite data at 5130 North Braeswood Boulevard indicates 0.0ft depth; remote-deny per 81% confidence.,1,1,0.0,"[{""factor"": ""SAR recency"", ""delta"": 8, ""reason"": ""Imagery 3d post-event \u2014 fresh""}, {""factor"": ""Depth certainty"", ""delta"": 10, ""reason"": ""Near-zero depth \u2014 confidently not flooded""}, {""factor"": ""Coverage coherence"", ""delta"": 7, ""reason"": ""0% coverage \u2014 confidently dry""}, {""factor"": ""Urban SAR shadow"", ""delta"": -15, ""reason"": ""Dense urban area \u2014 radar shadow can mimic water""}, {""factor"": ""Optical cross-check"", ""delta"": 6, ""reason"": ""Sentinel-2 confirms dry ground \u2014 sensors agree""}]",0,,"{""sar"": ""dry"", ""optical"": ""dry"", ""dem_hydrology"": ""dry""}"
HARV-00129,"5230 North Braeswood Boulevard, Houston, TX, 77096",0.0,0.0,0.0,0.0,0.0,Remote-Deny,81,Deny remotely — no significant flooding detected by satellite,Satellite data at 5230 North Braeswood Boulevard indicates 0.0ft depth; remote-deny per 81% confidence.,1,1,0.0,"[{""factor"": ""SAR recency"", ""delta"": 8, ""reason"": ""Imagery 3d post-event \u2014 fresh""}, {""factor"": ""Depth certainty"", ""delta"": 10, ""reason"": ""Near-zero depth \u2014 confidently not flooded""}, {""factor"": ""Coverage coherence"", ""delta"": 7, ""reason"": ""0% coverage \u2014 confidently dry""}, {""factor"": ""Urban SAR shadow"", ""delta"": -15, ""reason"": ""Dense urban area \u2014 radar shadow can mimic water""}, {""factor"": ""Optical cross-check"", ""delta"": 6, ""reason"": ""Sentinel-2 confirms dry ground \u2014 sensors agree""}]",0,,"{""sar"": ""dry"", ""optical"": ""dry"", ""dem_hydrology"": ""dry""}"
HARV-00130,"5202 North Braeswood Boulevard, Houston, TX, 77096",0.0,0.0,0.0,0.0,0.0,Remote-Deny,96,Deny remotely — no significant flooding detected by satellite,Satellite data at 5202 North Braeswood Boulevard indicates 0.0ft depth; remote-deny per 96% confidence.,0,1,0.0,"[{""factor"": ""SAR recency"", ""delta"": 8, ""reason"": ""Imagery 3d post-event \u2014 fresh""}, {""factor"": ""Depth certainty"", ""delta"": 10, ""reason"": ""Near-zero depth \u2014 confidently not flooded""}, {""factor"": ""Coverage coherence"", ""delta"": 7, ""reason"": ""0% coverage \u2014 confidently dry""}, {""factor"": ""Optical cross-check"", ""delta"": 6, ""reason"": ""Sentinel-2 confirms dry ground \u2014 sensors agree""}]",0,,"{""sar"": ""dry"", ""optical"": ""dry"", ""dem_hydrology"": ""dry""}"
HARV-00131,"5258 North Braeswood Boulevard, Houston, TX, 77096",0.0,0.0,0.0,0.0,0.0,Remote-Deny,96,Deny remotely — no significant flooding detected by satellite,Satellite data at 5258 North Braeswood Boulevard indicates 0.0ft depth; remote-deny per 96% confidence.,0,1,0.0,"[{""factor"": ""SAR recency"", ""delta"": 8, ""reason"": ""Imagery 3d post-event \u2014 fresh""}, {""factor"": ""Depth certainty"", ""delta"": 10, ""reason"": ""Near-zero depth \u2014 confidently not flooded""}, {""factor"": ""Coverage coherence"", ""delta"": 7, ""reason"": ""0% coverage \u2014 confidently dry""}, {""factor"": ""Optical cross-check"", ""delta"": 6, ""reason"": ""Sentinel-2 confirms dry ground \u2014 sensors agree""}]",0,,"{""sar"": ""dry"", ""optical"": ""dry"", ""dem_hydrology"": ""dry""}"
HARV-00132,"10825 Craighead Drive, Houston",0.0,0.0,0.0,0.0,0.0,Remote-Deny,81,Deny remotely — no significant flooding detected by satellite,Satellite data at 10825 Craighead Drive indicates 0.0ft depth; remote-deny per 81% confidence.,1,1,0.0,"[{""factor"": ""SAR recency"", ""delta"": 8, ""reason"": ""Imagery 3d post-event \u2014 fresh""}, {""factor"": ""Depth certainty"", ""delta"": 10, ""reason"": ""Near-zero depth \u2014 confidently not flooded""}, {""factor"": ""Coverage coherence"", ""delta"": 7, ""reason"": ""0% coverage \u2014 confidently dry""}, {""factor"": ""Urban SAR shadow"", ""delta"": -15, ""reason"": ""Dense urban area \u2014 radar shadow can mimic water""}, {""factor"": ""Optical cross-check"", ""delta"": 6, ""reason"": ""Sentinel-2 confirms dry ground \u2014 sensors agree""}]",0,,"{""sar"": ""dry"", ""optical"": ""dry"", ""dem_hydrology"": ""flood""}"
HARV-00133,"5014 North Braeswood Boulevard, Houston, TX, 77096",0.0,0.0,0.0,0.0,0.0,Remote-Deny,81,Deny remotely — no significant flooding detected by satellite,Satellite data at 5014 North Braeswood Boulevard indicates 0.0ft depth; remote-deny per 81% confidence.,1,1,0.0,"[{""factor"": ""SAR recency"", ""delta"": 8, ""reason"": ""Imagery 3d post-event \u2014 fresh""}, {""factor"": ""Depth certainty"", ""delta"": 10, ""reason"": ""Near-zero depth \u2014 confidently not flooded""}, {""factor"": ""Coverage coherence"", ""delta"": 7, ""reason"": ""0% coverage \u2014 confidently dry""}, {""factor"": ""Urban SAR shadow"", ""delta"": -15, ""reason"": ""Dense urban area \u2014 radar shadow can mimic water""}, {""factor"": ""Optical cross-check"", ""delta"": 6, ""reason"": ""Sentinel-2 confirms dry ground \u2014 sensors agree""}]",0,,"{""sar"": ""dry"", ""optical"": ""dry"", ""dem_hydrology"": ""dry""}"
HARV-00134,"4910 North Braeswood Boulevard, Houston, TX, 77096",0.0,0.0,0.0,0.0,0.0,Remote-Deny,96,Deny remotely — no significant flooding detected by satellite,Satellite data at 4910 North Braeswood Boulevard indicates 0.0ft depth; remote-deny per 96% confidence.,0,1,0.0,"[{""factor"": ""SAR recency"", ""delta"": 8, ""reason"": ""Imagery 3d post-event \u2014 fresh""}, {""factor"": ""Depth certainty"", ""delta"": 10, ""reason"": ""Near-zero depth \u2014 confidently not flooded""}, {""factor"": ""Coverage coherence"", ""delta"": 7, ""reason"": ""0% coverage \u2014 confidently dry""}, {""factor"": ""Optical cross-check"", ""delta"": 6, ""reason"": ""Sentinel-2 confirms dry ground \u2014 sensors agree""}]",0,,"{""sar"": ""dry"", ""optical"": ""dry"", ""dem_hydrology"": ""dry""}"
HARV-00135,"4906 North Braeswood Boulevard, Houston, TX, 77096",0.0,0.0,0.0,0.0,0.0,Remote-Deny,96,Deny remotely — no significant flooding detected by satellite,Satellite data at 4906 North Braeswood Boulevard indicates 0.0ft depth; remote-deny per 96% confidence.,0,1,0.0,"[{""factor"": ""SAR recency"", ""delta"": 8, ""reason"": ""Imagery 3d post-event \u2014 fresh""}, {""factor"": ""Depth certainty"", ""delta"": 10, ""reason"": ""Near-zero depth \u2014 confidently not flooded""}, {""factor"": ""Coverage coherence"", ""delta"": 7, ""reason"": ""0% coverage \u2014 confidently dry""}, {""factor"": ""Optical cross-check"", ""delta"": 6, ""reason"": ""Sentinel-2 confirms dry ground \u2014 sensors agree""}]",0,,"{""sar"": ""dry"", ""optical"": ""dry"", ""dem_hydrology"": ""dry""}"
HARV-00136,"4774 Beechnut Street, Houston, TX",0.0,0.0,0.0,0.0,0.0,Review,75,Flag for manual review — borderline measurements or low confidence,Satellite data at 4774 Beechnut Street indicates 0.0ft depth; review per 75% confidence.,1,1,0.1163,"[{""factor"": ""SAR recency"", ""delta"": 8, ""reason"": ""Imagery 3d post-event \u2014 fresh""}, {""factor"": ""Depth certainty"", ""delta"": 10, ""reason"": ""Near-zero depth \u2014 confidently not flooded""}, {""factor"": ""Coverage coherence"", ""delta"": 7, ""reason"": ""0% coverage \u2014 confidently dry""}, {""factor"": ""Urban SAR shadow"", ""delta"": -15, ""reason"": ""Dense urban area \u2014 radar shadow can mimic water""}]",1,"Sensors disagree: optical, DEM-hydrology indicate flooding while SAR indicate dry/implausible — routed to manual review.","{""sar"": ""dry"", ""optical"": ""flood"", ""dem_hydrology"": ""flood""}"
HARV-00137,"4782 Beechnut Street, Houston, TX",0.0,0.0,0.0,0.0,0.0,Review,75,Flag for manual review — borderline measurements or low confidence,Satellite data at 4782 Beechnut Street indicates 0.0ft depth; review per 75% confidence.,1,1,0.0511,"[{""factor"": ""SAR recency"", ""delta"": 8, ""reason"": ""Imagery 3d post-event \u2014 fresh""}, {""factor"": ""Depth certainty"", ""delta"": 10, ""reason"": ""Near-zero depth \u2014 confidently not flooded""}, {""factor"": ""Coverage coherence"", ""delta"": 7, ""reason"": ""0% coverage \u2014 confidently dry""}, {""factor"": ""Urban SAR shadow"", ""delta"": -15, ""reason"": ""Dense urban area \u2014 radar shadow can mimic water""}]",0,,"{""sar"": ""dry"", ""optical"": ""abstain"", ""dem_hydrology"": ""flood""}"
HARV-00138,"4834 Beechnut Street, Houston, TX",0.0,0.0,0.0,0.0,0.0,Remote-Deny,81,Deny remotely — no significant flooding detected by satellite,Satellite data at 4834 Beechnut Street indicates 0.0ft depth; remote-deny per 81% confidence.,1,1,0.0,"[{""factor"": ""SAR recency"", ""delta"": 8, ""reason"": ""Imagery 3d post-event \u2014 fresh""}, {""factor"": ""Depth certainty"", ""delta"": 10, ""reason"": ""Near-zero depth \u2014 confidently not flooded""}, {""factor"": ""Coverage coherence"", ""delta"": 7, ""reason"": ""0% coverage \u2014 confidently dry""}, {""factor"": ""Urban SAR shadow"", ""delta"": -15, ""reason"": ""Dense urban area \u2014 radar shadow can mimic water""}, {""factor"": ""Optical cross-check"", ""delta"": 6, ""reason"": ""Sentinel-2 confirms dry ground \u2014 sensors agree""}]",0,,"{""sar"": ""dry"", ""optical"": ""dry"", ""dem_hydrology"": ""flood""}"
HARV-00139,"4798 Beechnut Street, Houston, TX",0.0,0.0,0.0,0.0,0.0,Remote-Deny,81,Deny remotely — no significant flooding detected by satellite,Satellite data at 4798 Beechnut Street indicates 0.0ft depth; remote-deny per 81% confidence.,1,1,0.0242,"[{""factor"": ""SAR recency"", ""delta"": 8, ""reason"": ""Imagery 3d post-event \u2014 fresh""}, {""factor"": ""Depth certainty"", ""delta"": 10, ""reason"": ""Near-zero depth \u2014 confidently not flooded""}, {""factor"": ""Coverage coherence"", ""delta"": 7, ""reason"": ""0% coverage \u2014 confidently dry""}, {""factor"": ""Urban SAR shadow"", ""delta"": -15, ""reason"": ""Dense urban area \u2014 radar shadow can mimic water""}, {""factor"": ""Optical cross-check"", ""delta"": 6, ""reason"": ""Sentinel-2 confirms dry ground \u2014 sensors agree""}]",0,,"{""sar"": ""dry"", ""optical"": ""dry"", ""dem_hydrology"": ""flood""}"
HARV-00140,"4934 Beechnut Street, Houston, TX",0.0,0.0,0.0,0.0,0.0,Remote-Deny,81,Deny remotely — no significant flooding detected by satellite,Satellite data at 4934 Beechnut Street indicates 0.0ft depth; remote-deny per 81% confidence.,1,1,0.0,"[{""factor"": ""SAR recency"", ""delta"": 8, ""reason"": ""Imagery 3d post-event \u2014 fresh""}, {""factor"": ""Depth certainty"", ""delta"": 10, ""reason"": ""Near-zero depth \u2014 confidently not flooded""}, {""factor"": ""Coverage coherence"", ""delta"": 7, ""reason"": ""0% coverage \u2014 confidently dry""}, {""factor"": ""Urban SAR shadow"", ""delta"": -15, ""reason"": ""Dense urban area \u2014 radar shadow can mimic water""}, {""factor"": ""Optical cross-check"", ""delta"": 6, ""reason"": ""Sentinel-2 confirms dry ground \u2014 sensors agree""}]",0,,"{""sar"": ""dry"", ""optical"": ""dry"", ""dem_hydrology"": ""abstain""}"
HARV-00141,"4990 Beechnut Street, Houston, TX",0.0,0.0,0.0,0.0,0.0,Remote-Deny,81,Deny remotely — no significant flooding detected by satellite,Satellite data at 4990 Beechnut Street indicates 0.0ft depth; remote-deny per 81% confidence.,1,1,0.0,"[{""factor"": ""SAR recency"", ""delta"": 8, ""reason"": ""Imagery 3d post-event \u2014 fresh""}, {""factor"": ""Depth certainty"", ""delta"": 10, ""reason"": ""Near-zero depth \u2014 confidently not flooded""}, {""factor"": ""Coverage coherence"", ""delta"": 7, ""reason"": ""0% coverage \u2014 confidently dry""}, {""factor"": ""Urban SAR shadow"", ""delta"": -15, ""reason"": ""Dense urban area \u2014 radar shadow can mimic water""}, {""factor"": ""Optical cross-check"", ""delta"": 6, ""reason"": ""Sentinel-2 confirms dry ground \u2014 sensors agree""}]",0,,"{""sar"": ""dry"", ""optical"": ""dry"", ""dem_hydrology"": ""flood""}"
HARV-00142,"5006 Westheimer Road, Houston, TX",0.0,0.0,0.0,0.0,0.0,Remote-Deny,81,Deny remotely — no significant flooding detected by satellite,Satellite data at 5006 Westheimer Road indicates 0.0ft depth; remote-deny per 81% confidence.,1,1,0.0,"[{""factor"": ""SAR recency"", ""delta"": 8, ""reason"": ""Imagery 3d post-event \u2014 fresh""}, {""factor"": ""Depth certainty"", ""delta"": 10, ""reason"": ""Near-zero depth \u2014 confidently not flooded""}, {""factor"": ""Coverage coherence"", ""delta"": 7, ""reason"": ""0% coverage \u2014 confidently dry""}, {""factor"": ""Urban SAR shadow"", ""delta"": -15, ""reason"": ""Dense urban area \u2014 radar shadow can mimic water""}, {""factor"": ""Optical cross-check"", ""delta"": 6, ""reason"": ""Sentinel-2 confirms dry ground \u2014 sensors agree""}]",0,,"{""sar"": ""dry"", ""optical"": ""dry"", ""dem_hydrology"": ""abstain""}"
HARV-00143,"11880 Bissonnet Street, Houston, 77099",0.0,0.0,0.0,0.0,0.0,Remote-Deny,81,Deny remotely — no significant flooding detected by satellite,Satellite data at 11880 Bissonnet Street indicates 0.0ft depth; remote-deny per 81% confidence.,1,1,0.0,"[{""factor"": ""SAR recency"", ""delta"": 8, ""reason"": ""Imagery 3d post-event \u2014 fresh""}, {""factor"": ""Depth certainty"", ""delta"": 10, ""reason"": ""Near-zero depth \u2014 confidently not flooded""}, {""factor"": ""Coverage coherence"", ""delta"": 7, ""reason"": ""0% coverage \u2014 confidently dry""}, {""factor"": ""Urban SAR shadow"", ""delta"": -15, ""reason"": ""Dense urban area \u2014 radar shadow can mimic water""}, {""factor"": ""Optical cross-check"", ""delta"": 6, ""reason"": ""Sentinel-2 confirms dry ground \u2014 sensors agree""}]",0,,"{""sar"": ""dry"", ""optical"": ""dry"", ""dem_hydrology"": ""flood""}"
HARV-00144,"5070 Richmond Avenue, Houston, TX, 77056",0.0,0.0,0.0,0.0,0.0,Remote-Deny,81,Deny remotely — no significant flooding detected by satellite,Satellite data at 5070 Richmond Avenue indicates 0.0ft depth; remote-deny per 81% confidence.,1,1,0.0,"[{""factor"": ""SAR recency"", ""delta"": 8, ""reason"": ""Imagery 3d post-event \u2014 fresh""}, {""factor"": ""Depth certainty"", ""delta"": 10, ""reason"": ""Near-zero depth \u2014 confidently not flooded""}, {""factor"": ""Coverage coherence"", ""delta"": 7, ""reason"": ""0% coverage \u2014 confidently dry""}, {""factor"": ""Urban SAR shadow"", ""delta"": -15, ""reason"": ""Dense urban area \u2014 radar shadow can mimic water""}, {""factor"": ""Optical cross-check"", ""delta"": 6, ""reason"": ""Sentinel-2 confirms dry ground \u2014 sensors agree""}]",0,,"{""sar"": ""dry"", ""optical"": ""dry"", ""dem_hydrology"": ""flood""}"
HARV-00145,"4061 Bellaire Boulevard, Houston, TX, 77025",0.0,0.0,0.0,0.0,0.0,Remote-Deny,81,Deny remotely — no significant flooding detected by satellite,Satellite data at 4061 Bellaire Boulevard indicates 0.0ft depth; remote-deny per 81% confidence.,1,1,0.0223,"[{""factor"": ""SAR recency"", ""delta"": 8, ""reason"": ""Imagery 3d post-event \u2014 fresh""}, {""factor"": ""Depth certainty"", ""delta"": 10, ""reason"": ""Near-zero depth \u2014 confidently not flooded""}, {""factor"": ""Coverage coherence"", ""delta"": 7, ""reason"": ""0% coverage \u2014 confidently dry""}, {""factor"": ""Urban SAR shadow"", ""delta"": -15, ""reason"": ""Dense urban area \u2014 radar shadow can mimic water""}, {""factor"": ""Optical cross-check"", ""delta"": 6, ""reason"": ""Sentinel-2 confirms dry ground \u2014 sensors agree""}]",0,,"{""sar"": ""dry"", ""optical"": ""dry"", ""dem_hydrology"": ""flood""}"
HARV-00146,"8401 Westheimer Road, Houston, TX, 77063",0.0,0.0,0.0,0.0,0.0,Remote-Deny,81,Deny remotely — no significant flooding detected by satellite,Satellite data at 8401 Westheimer Road indicates 0.0ft depth; remote-deny per 81% confidence.,1,1,0.0,"[{""factor"": ""SAR recency"", ""delta"": 8, ""reason"": ""Imagery 3d post-event \u2014 fresh""}, {""factor"": ""Depth certainty"", ""delta"": 10, ""reason"": ""Near-zero depth \u2014 confidently not flooded""}, {""factor"": ""Coverage coherence"", ""delta"": 7, ""reason"": ""0% coverage \u2014 confidently dry""}, {""factor"": ""Urban SAR shadow"", ""delta"": -15, ""reason"": ""Dense urban area \u2014 radar shadow can mimic water""}, {""factor"": ""Optical cross-check"", ""delta"": 6, ""reason"": ""Sentinel-2 confirms dry ground \u2014 sensors agree""}]",0,,"{""sar"": ""dry"", ""optical"": ""dry"", ""dem_hydrology"": ""flood""}"
HARV-00147,"6001 Hillcroft Avenue, Houston, TX, 77081",0.0,0.0,0.0,0.0,0.0,Remote-Deny,81,Deny remotely — no significant flooding detected by satellite,Satellite data at 6001 Hillcroft Avenue indicates 0.0ft depth; remote-deny per 81% confidence.,1,1,0.0,"[{""factor"": ""SAR recency"", ""delta"": 8, ""reason"": ""Imagery 3d post-event \u2014 fresh""}, {""factor"": ""Depth certainty"", ""delta"": 10, ""reason"": ""Near-zero depth \u2014 confidently not flooded""}, {""factor"": ""Coverage coherence"", ""delta"": 7, ""reason"": ""0% coverage \u2014 confidently dry""}, {""factor"": ""Urban SAR shadow"", ""delta"": -15, ""reason"": ""Dense urban area \u2014 radar shadow can mimic water""}, {""factor"": ""Optical cross-check"", ""delta"": 6, ""reason"": ""Sentinel-2 confirms dry ground \u2014 sensors agree""}]",0,,"{""sar"": ""dry"", ""optical"": ""dry"", ""dem_hydrology"": ""flood""}"
HARV-00148,"5902 Hillcroft Avenue, Houston, TX, 77036",0.0,0.0,0.0,0.0,0.0,Remote-Deny,81,Deny remotely — no significant flooding detected by satellite,Satellite data at 5902 Hillcroft Avenue indicates 0.0ft depth; remote-deny per 81% confidence.,1,1,0.0,"[{""factor"": ""SAR recency"", ""delta"": 8, ""reason"": ""Imagery 3d post-event \u2014 fresh""}, {""factor"": ""Depth certainty"", ""delta"": 10, ""reason"": ""Near-zero depth \u2014 confidently not flooded""}, {""factor"": ""Coverage coherence"", ""delta"": 7, ""reason"": ""0% coverage \u2014 confidently dry""}, {""factor"": ""Urban SAR shadow"", ""delta"": -15, ""reason"": ""Dense urban area \u2014 radar shadow can mimic water""}, {""factor"": ""Optical cross-check"", ""delta"": 6, ""reason"": ""Sentinel-2 confirms dry ground \u2014 sensors agree""}]",0,,"{""sar"": ""dry"", ""optical"": ""dry"", ""dem_hydrology"": ""flood""}"
HARV-00149,"9123 Stella Link Road, Houston, 77025",0.0,0.0,0.0,0.0,0.0,Remote-Deny,81,Deny remotely — no significant flooding detected by satellite,Satellite data at 9123 Stella Link Road indicates 0.0ft depth; remote-deny per 81% confidence.,1,1,0.0,"[{""factor"": ""SAR recency"", ""delta"": 8, ""reason"": ""Imagery 3d post-event \u2014 fresh""}, {""factor"": ""Depth certainty"", ""delta"": 10, ""reason"": ""Near-zero depth \u2014 confidently not flooded""}, {""factor"": ""Coverage coherence"", ""delta"": 7, ""reason"": ""0% coverage \u2014 confidently dry""}, {""factor"": ""Urban SAR shadow"", ""delta"": -15, ""reason"": ""Dense urban area \u2014 radar shadow can mimic water""}, {""factor"": ""Optical cross-check"", ""delta"": 6, ""reason"": ""Sentinel-2 confirms dry ground \u2014 sensors agree""}]",0,,"{""sar"": ""dry"", ""optical"": ""dry"", ""dem_hydrology"": ""flood""}"
HARV-00150,"2912 White Oak Drive, Houston, TX, 77007",0.0,0.0,0.0,0.0,0.0,Remote-Deny,81,Deny remotely — no significant flooding detected by satellite,Satellite data at 2912 White Oak Drive indicates 0.0ft depth; remote-deny per 81% confidence.,1,1,0.0,"[{""factor"": ""SAR recency"", ""delta"": 8, ""reason"": ""Imagery 3d post-event \u2014 fresh""}, {""factor"": ""Depth certainty"", ""delta"": 10, ""reason"": ""Near-zero depth \u2014 confidently not flooded""}, {""factor"": ""Coverage coherence"", ""delta"": 7, ""reason"": ""0% coverage \u2014 confidently dry""}, {""factor"": ""Urban SAR shadow"", ""delta"": -15, ""reason"": ""Dense urban area \u2014 radar shadow can mimic water""}, {""factor"": ""Optical cross-check"", ""delta"": 6, ""reason"": ""Sentinel-2 confirms dry ground \u2014 sensors agree""}]",0,,"{""sar"": ""dry"", ""optical"": ""dry"", ""dem_hydrology"": ""dry""}"
HARV-00151,"5115 Bellaire Boulevard, Bellaire, TX, 77401",0.0,0.0,0.0,0.0,0.0,Review,75,Flag for manual review — borderline measurements or low confidence,Satellite data at 5115 Bellaire Boulevard indicates 0.0ft depth; review per 75% confidence.,1,1,0.0833,"[{""factor"": ""SAR recency"", ""delta"": 8, ""reason"": ""Imagery 3d post-event \u2014 fresh""}, {""factor"": ""Depth certainty"", ""delta"": 10, ""reason"": ""Near-zero depth \u2014 confidently not flooded""}, {""factor"": ""Coverage coherence"", ""delta"": 7, ""reason"": ""0% coverage \u2014 confidently dry""}, {""factor"": ""Urban SAR shadow"", ""delta"": -15, ""reason"": ""Dense urban area \u2014 radar shadow can mimic water""}]",0,,"{""sar"": ""dry"", ""optical"": ""abstain"", ""dem_hydrology"": ""flood""}"
HARV-00152,"5587 Richmond Avenue, Houston, 77056",0.0,0.0,0.0,0.0,0.0,Remote-Deny,81,Deny remotely — no significant flooding detected by satellite,Satellite data at 5587 Richmond Avenue indicates 0.0ft depth; remote-deny per 81% confidence.,1,1,0.0,"[{""factor"": ""SAR recency"", ""delta"": 8, ""reason"": ""Imagery 3d post-event \u2014 fresh""}, {""factor"": ""Depth certainty"", ""delta"": 10, ""reason"": ""Near-zero depth \u2014 confidently not flooded""}, {""factor"": ""Coverage coherence"", ""delta"": 7, ""reason"": ""0% coverage \u2014 confidently dry""}, {""factor"": ""Urban SAR shadow"", ""delta"": -15, ""reason"": ""Dense urban area \u2014 radar shadow can mimic water""}, {""factor"": ""Optical cross-check"", ""delta"": 6, ""reason"": ""Sentinel-2 confirms dry ground \u2014 sensors agree""}]",0,,"{""sar"": ""dry"", ""optical"": ""dry"", ""dem_hydrology"": ""flood""}"
HARV-00153,"5216 Richmond Avenue, Houston, 77056",0.0,0.0,0.0,0.0,0.0,Remote-Deny,81,Deny remotely — no significant flooding detected by satellite,Satellite data at 5216 Richmond Avenue indicates 0.0ft depth; remote-deny per 81% confidence.,1,1,0.0,"[{""factor"": ""SAR recency"", ""delta"": 8, ""reason"": ""Imagery 3d post-event \u2014 fresh""}, {""factor"": ""Depth certainty"", ""delta"": 10, ""reason"": ""Near-zero depth \u2014 confidently not flooded""}, {""factor"": ""Coverage coherence"", ""delta"": 7, ""reason"": ""0% coverage \u2014 confidently dry""}, {""factor"": ""Urban SAR shadow"", ""delta"": -15, ""reason"": ""Dense urban area \u2014 radar shadow can mimic water""}, {""factor"": ""Optical cross-check"", ""delta"": 6, ""reason"": ""Sentinel-2 confirms dry ground \u2014 sensors agree""}]",0,,"{""sar"": ""dry"", ""optical"": ""dry"", ""dem_hydrology"": ""flood""}"
HARV-00154,"5115 Buffalo Speedway, Houston, TX, 77005",0.0,0.0,0.0,0.0,0.0,Remote-Deny,96,Deny remotely — no significant flooding detected by satellite,Satellite data at 5115 Buffalo Speedway indicates 0.0ft depth; remote-deny per 96% confidence.,0,1,0.0,"[{""factor"": ""SAR recency"", ""delta"": 8, ""reason"": ""Imagery 3d post-event \u2014 fresh""}, {""factor"": ""Depth certainty"", ""delta"": 10, ""reason"": ""Near-zero depth \u2014 confidently not flooded""}, {""factor"": ""Coverage coherence"", ""delta"": 7, ""reason"": ""0% coverage \u2014 confidently dry""}, {""factor"": ""Optical cross-check"", ""delta"": 6, ""reason"": ""Sentinel-2 confirms dry ground \u2014 sensors agree""}]",0,,"{""sar"": ""dry"", ""optical"": ""dry"", ""dem_hydrology"": ""flood""}"
HARV-00155,"3963 Kirby Drive, Houston, TX",0.0,0.0,0.0,0.0,0.0,Remote-Deny,81,Deny remotely — no significant flooding detected by satellite,Satellite data at 3963 Kirby Drive indicates 0.0ft depth; remote-deny per 81% confidence.,1,1,0.0,"[{""factor"": ""SAR recency"", ""delta"": 8, ""reason"": ""Imagery 3d post-event \u2014 fresh""}, {""factor"": ""Depth certainty"", ""delta"": 10, ""reason"": ""Near-zero depth \u2014 confidently not flooded""}, {""factor"": ""Coverage coherence"", ""delta"": 7, ""reason"": ""0% coverage \u2014 confidently dry""}, {""factor"": ""Urban SAR shadow"", ""delta"": -15, ""reason"": ""Dense urban area \u2014 radar shadow can mimic water""}, {""factor"": ""Optical cross-check"", ""delta"": 6, ""reason"": ""Sentinel-2 confirms dry ground \u2014 sensors agree""}]",0,,"{""sar"": ""dry"", ""optical"": ""dry"", ""dem_hydrology"": ""flood""}"
HARV-00156,"3745 Greenbriar Drive, Houston, TX, 77098",0.0,0.0,0.0,0.0,0.0,Remote-Deny,81,Deny remotely — no significant flooding detected by satellite,Satellite data at 3745 Greenbriar Drive indicates 0.0ft depth; remote-deny per 81% confidence.,1,1,0.0,"[{""factor"": ""SAR recency"", ""delta"": 8, ""reason"": ""Imagery 3d post-event \u2014 fresh""}, {""factor"": ""Depth certainty"", ""delta"": 10, ""reason"": ""Near-zero depth \u2014 confidently not flooded""}, {""factor"": ""Coverage coherence"", ""delta"": 7, ""reason"": ""0% coverage \u2014 confidently dry""}, {""factor"": ""Urban SAR shadow"", ""delta"": -15, ""reason"": ""Dense urban area \u2014 radar shadow can mimic water""}, {""factor"": ""Optical cross-check"", ""delta"": 6, ""reason"": ""Sentinel-2 confirms dry ground \u2014 sensors agree""}]",0,,"{""sar"": ""dry"", ""optical"": ""dry"", ""dem_hydrology"": ""flood""}"
HARV-00157,"4001 Bellaire Boulevard, Houston, TX",0.0,0.0,0.0,0.0,0.0,Remote-Deny,81,Deny remotely — no significant flooding detected by satellite,Satellite data at 4001 Bellaire Boulevard indicates 0.0ft depth; remote-deny per 81% confidence.,1,1,0.0109,"[{""factor"": ""SAR recency"", ""delta"": 8, ""reason"": ""Imagery 3d post-event \u2014 fresh""}, {""factor"": ""Depth certainty"", ""delta"": 10, ""reason"": ""Near-zero depth \u2014 confidently not flooded""}, {""factor"": ""Coverage coherence"", ""delta"": 7, ""reason"": ""0% coverage \u2014 confidently dry""}, {""factor"": ""Urban SAR shadow"", ""delta"": -15, ""reason"": ""Dense urban area \u2014 radar shadow can mimic water""}, {""factor"": ""Optical cross-check"", ""delta"": 6, ""reason"": ""Sentinel-2 confirms dry ground \u2014 sensors agree""}]",0,,"{""sar"": ""dry"", ""optical"": ""dry"", ""dem_hydrology"": ""flood""}"
HARV-00158,"3191 West Holcombe Boulevard, Houston",0.0,0.0,0.0,0.0,0.0,Remote-Deny,81,Deny remotely — no significant flooding detected by satellite,Satellite data at 3191 West Holcombe Boulevard indicates 0.0ft depth; remote-deny per 81% confidence.,1,1,0.0,"[{""factor"": ""SAR recency"", ""delta"": 8, ""reason"": ""Imagery 3d post-event \u2014 fresh""}, {""factor"": ""Depth certainty"", ""delta"": 10, ""reason"": ""Near-zero depth \u2014 confidently not flooded""}, {""factor"": ""Coverage coherence"", ""delta"": 7, ""reason"": ""0% coverage \u2014 confidently dry""}, {""factor"": ""Urban SAR shadow"", ""delta"": -15, ""reason"": ""Dense urban area \u2014 radar shadow can mimic water""}, {""factor"": ""Optical cross-check"", ""delta"": 6, ""reason"": ""Sentinel-2 confirms dry ground \u2014 sensors agree""}]",0,,"{""sar"": ""dry"", ""optical"": ""dry"", ""dem_hydrology"": ""abstain""}"
HARV-00159,"1816 Thompson Street, Houston, TX, 77007",0.0,0.0,0.0,0.0,0.0,Remote-Deny,81,Deny remotely — no significant flooding detected by satellite,Satellite data at 1816 Thompson Street indicates 0.0ft depth; remote-deny per 81% confidence.,1,1,0.0,"[{""factor"": ""SAR recency"", ""delta"": 8, ""reason"": ""Imagery 3d post-event \u2014 fresh""}, {""factor"": ""Depth certainty"", ""delta"": 10, ""reason"": ""Near-zero depth \u2014 confidently not flooded""}, {""factor"": ""Coverage coherence"", ""delta"": 7, ""reason"": ""0% coverage \u2014 confidently dry""}, {""factor"": ""Urban SAR shadow"", ""delta"": -15, ""reason"": ""Dense urban area \u2014 radar shadow can mimic water""}, {""factor"": ""Optical cross-check"", ""delta"": 6, ""reason"": ""Sentinel-2 confirms dry ground \u2014 sensors agree""}]",0,,"{""sar"": ""dry"", ""optical"": ""dry"", ""dem_hydrology"": ""dry""}"
HARV-00160,"1996 West Gray Street, Houston, TX, 77019",0.0,0.0,0.0,0.0,0.0,Remote-Deny,81,Deny remotely — no significant flooding detected by satellite,Satellite data at 1996 West Gray Street indicates 0.0ft depth; remote-deny per 81% confidence.,1,1,0.0,"[{""factor"": ""SAR recency"", ""delta"": 8, ""reason"": ""Imagery 3d post-event \u2014 fresh""}, {""factor"": ""Depth certainty"", ""delta"": 10, ""reason"": ""Near-zero depth \u2014 confidently not flooded""}, {""factor"": ""Coverage coherence"", ""delta"": 7, ""reason"": ""0% coverage \u2014 confidently dry""}, {""factor"": ""Urban SAR shadow"", ""delta"": -15, ""reason"": ""Dense urban area \u2014 radar shadow can mimic water""}, {""factor"": ""Optical cross-check"", ""delta"": 6, ""reason"": ""Sentinel-2 confirms dry ground \u2014 sensors agree""}]",0,,"{""sar"": ""dry"", ""optical"": ""dry"", ""dem_hydrology"": ""flood""}"
HARV-00161,"1997 West Gray Street, Houston, TX",0.0,0.0,0.0,0.0,0.0,Remote-Deny,81,Deny remotely — no significant flooding detected by satellite,Satellite data at 1997 West Gray Street indicates 0.0ft depth; remote-deny per 81% confidence.,1,1,0.0,"[{""factor"": ""SAR recency"", ""delta"": 8, ""reason"": ""Imagery 3d post-event \u2014 fresh""}, {""factor"": ""Depth certainty"", ""delta"": 10, ""reason"": ""Near-zero depth \u2014 confidently not flooded""}, {""factor"": ""Coverage coherence"", ""delta"": 7, ""reason"": ""0% coverage \u2014 confidently dry""}, {""factor"": ""Urban SAR shadow"", ""delta"": -15, ""reason"": ""Dense urban area \u2014 radar shadow can mimic water""}, {""factor"": ""Optical cross-check"", ""delta"": 6, ""reason"": ""Sentinel-2 confirms dry ground \u2014 sensors agree""}]",0,,"{""sar"": ""dry"", ""optical"": ""dry"", ""dem_hydrology"": ""flood""}"
HARV-00162,"9774 Katy Freeway, Houston, 77055",0.0,0.0,0.0,0.0,0.0,Remote-Deny,81,Deny remotely — no significant flooding detected by satellite,Satellite data at 9774 Katy Freeway indicates 0.0ft depth; remote-deny per 81% confidence.,1,1,0.0,"[{""factor"": ""SAR recency"", ""delta"": 8, ""reason"": ""Imagery 3d post-event \u2014 fresh""}, {""factor"": ""Depth certainty"", ""delta"": 10, ""reason"": ""Near-zero depth \u2014 confidently not flooded""}, {""factor"": ""Coverage coherence"", ""delta"": 7, ""reason"": ""0% coverage \u2014 confidently dry""}, {""factor"": ""Urban SAR shadow"", ""delta"": -15, ""reason"": ""Dense urban area \u2014 radar shadow can mimic water""}, {""factor"": ""Optical cross-check"", ""delta"": 6, ""reason"": ""Sentinel-2 confirms dry ground \u2014 sensors agree""}]",0,,"{""sar"": ""dry"", ""optical"": ""dry"", ""dem_hydrology"": ""flood""}"
HARV-00163,"3821 Richmond Avenue, Houston, TX",0.0,0.0,0.0,0.0,0.0,Remote-Deny,81,Deny remotely — no significant flooding detected by satellite,Satellite data at 3821 Richmond Avenue indicates 0.0ft depth; remote-deny per 81% confidence.,1,1,0.0,"[{""factor"": ""SAR recency"", ""delta"": 8, ""reason"": ""Imagery 3d post-event \u2014 fresh""}, {""factor"": ""Depth certainty"", ""delta"": 10, ""reason"": ""Near-zero depth \u2014 confidently not flooded""}, {""factor"": ""Coverage coherence"", ""delta"": 7, ""reason"": ""0% coverage \u2014 confidently dry""}, {""factor"": ""Urban SAR shadow"", ""delta"": -15, ""reason"": ""Dense urban area \u2014 radar shadow can mimic water""}, {""factor"": ""Optical cross-check"", ""delta"": 6, ""reason"": ""Sentinel-2 confirms dry ground \u2014 sensors agree""}]",0,,"{""sar"": ""dry"", ""optical"": ""dry"", ""dem_hydrology"": ""flood""}"
HARV-00164,"3819 Richmond Avenue, Houston, TX, 77027",0.0,0.0,0.0,0.0,0.0,Remote-Deny,81,Deny remotely — no significant flooding detected by satellite,Satellite data at 3819 Richmond Avenue indicates 0.0ft depth; remote-deny per 81% confidence.,1,1,0.0,"[{""factor"": ""SAR recency"", ""delta"": 8, ""reason"": ""Imagery 3d post-event \u2014 fresh""}, {""factor"": ""Depth certainty"", ""delta"": 10, ""reason"": ""Near-zero depth \u2014 confidently not flooded""}, {""factor"": ""Coverage coherence"", ""delta"": 7, ""reason"": ""0% coverage \u2014 confidently dry""}, {""factor"": ""Urban SAR shadow"", ""delta"": -15, ""reason"": ""Dense urban area \u2014 radar shadow can mimic water""}, {""factor"": ""Optical cross-check"", ""delta"": 6, ""reason"": ""Sentinel-2 confirms dry ground \u2014 sensors agree""}]",0,,"{""sar"": ""dry"", ""optical"": ""dry"", ""dem_hydrology"": ""flood""}"
HARV-00165,"2646 South Shepherd Drive, Houston, TX",0.0,0.0,0.0,0.0,0.0,Remote-Deny,81,Deny remotely — no significant flooding detected by satellite,Satellite data at 2646 South Shepherd Drive indicates 0.0ft depth; remote-deny per 81% confidence.,1,1,0.0,"[{""factor"": ""SAR recency"", ""delta"": 8, ""reason"": ""Imagery 3d post-event \u2014 fresh""}, {""factor"": ""Depth certainty"", ""delta"": 10, ""reason"": ""Near-zero depth \u2014 confidently not flooded""}, {""factor"": ""Coverage coherence"", ""delta"": 7, ""reason"": ""0% coverage \u2014 confidently dry""}, {""factor"": ""Urban SAR shadow"", ""delta"": -15, ""reason"": ""Dense urban area \u2014 radar shadow can mimic water""}, {""factor"": ""Optical cross-check"", ""delta"": 6, ""reason"": ""Sentinel-2 confirms dry ground \u2014 sensors agree""}]",0,,"{""sar"": ""dry"", ""optical"": ""dry"", ""dem_hydrology"": ""flood""}"
HARV-00166,"2621 South Shepherd Drive, Houston, TX",0.0,0.0,0.0,0.0,0.0,Remote-Deny,81,Deny remotely — no significant flooding detected by satellite,Satellite data at 2621 South Shepherd Drive indicates 0.0ft depth; remote-deny per 81% confidence.,1,1,0.0,"[{""factor"": ""SAR recency"", ""delta"": 8, ""reason"": ""Imagery 3d post-event \u2014 fresh""}, {""factor"": ""Depth certainty"", ""delta"": 10, ""reason"": ""Near-zero depth \u2014 confidently not flooded""}, {""factor"": ""Coverage coherence"", ""delta"": 7, ""reason"": ""0% coverage \u2014 confidently dry""}, {""factor"": ""Urban SAR shadow"", ""delta"": -15, ""reason"": ""Dense urban area \u2014 radar shadow can mimic water""}, {""factor"": ""Optical cross-check"", ""delta"": 6, ""reason"": ""Sentinel-2 confirms dry ground \u2014 sensors agree""}]",0,,"{""sar"": ""dry"", ""optical"": ""dry"", ""dem_hydrology"": ""flood""}"
HARV-00167,"8205 Braesmain Drive, Houston, TX, 77025",0.0,0.0,0.0,0.0,0.0,Remote-Deny,81,Deny remotely — no significant flooding detected by satellite,Satellite data at 8205 Braesmain Drive indicates 0.0ft depth; remote-deny per 81% confidence.,1,1,0.0,"[{""factor"": ""SAR recency"", ""delta"": 8, ""reason"": ""Imagery 3d post-event \u2014 fresh""}, {""factor"": ""Depth certainty"", ""delta"": 10, ""reason"": ""Near-zero depth \u2014 confidently not flooded""}, {""factor"": ""Coverage coherence"", ""delta"": 7, ""reason"": ""0% coverage \u2014 confidently dry""}, {""factor"": ""Urban SAR shadow"", ""delta"": -15, ""reason"": ""Dense urban area \u2014 radar shadow can mimic water""}, {""factor"": ""Optical cross-check"", ""delta"": 6, ""reason"": ""Sentinel-2 confirms dry ground \u2014 sensors agree""}]",0,,"{""sar"": ""dry"", ""optical"": ""dry"", ""dem_hydrology"": ""dry""}"
HARV-00168,"10511 Chatterton Drive, Houston, 77043",0.0,0.0,0.0,0.0,0.0,Remote-Deny,81,Deny remotely — no significant flooding detected by satellite,Satellite data at 10511 Chatterton Drive indicates 0.0ft depth; remote-deny per 81% confidence.,1,1,0.0,"[{""factor"": ""SAR recency"", ""delta"": 8, ""reason"": ""Imagery 3d post-event \u2014 fresh""}, {""factor"": ""Depth certainty"", ""delta"": 10, ""reason"": ""Near-zero depth \u2014 confidently not flooded""}, {""factor"": ""Coverage coherence"", ""delta"": 7, ""reason"": ""0% coverage \u2014 confidently dry""}, {""factor"": ""Urban SAR shadow"", ""delta"": -15, ""reason"": ""Dense urban area \u2014 radar shadow can mimic water""}, {""factor"": ""Optical cross-check"", ""delta"": 6, ""reason"": ""Sentinel-2 confirms dry ground \u2014 sensors agree""}]",0,,"{""sar"": ""dry"", ""optical"": ""dry"", ""dem_hydrology"": ""flood""}"
HARV-00169,"1963 West Gray Street, Houston, TX",0.0,0.0,0.0,0.0,0.0,Remote-Deny,81,Deny remotely — no significant flooding detected by satellite,Satellite data at 1963 West Gray Street indicates 0.0ft depth; remote-deny per 81% confidence.,1,1,0.0397,"[{""factor"": ""SAR recency"", ""delta"": 8, ""reason"": ""Imagery 3d post-event \u2014 fresh""}, {""factor"": ""Depth certainty"", ""delta"": 10, ""reason"": ""Near-zero depth \u2014 confidently not flooded""}, {""factor"": ""Coverage coherence"", ""delta"": 7, ""reason"": ""0% coverage \u2014 confidently dry""}, {""factor"": ""Urban SAR shadow"", ""delta"": -15, ""reason"": ""Dense urban area \u2014 radar shadow can mimic water""}, {""factor"": ""Optical cross-check"", ""delta"": 6, ""reason"": ""Sentinel-2 confirms dry ground \u2014 sensors agree""}]",0,,"{""sar"": ""dry"", ""optical"": ""dry"", ""dem_hydrology"": ""flood""}"
HARV-00170,"1992 West Gray Street, Houston, TX, 77019",0.0,0.0,0.0,0.0,0.0,Remote-Deny,81,Deny remotely — no significant flooding detected by satellite,Satellite data at 1992 West Gray Street indicates 0.0ft depth; remote-deny per 81% confidence.,1,1,0.0,"[{""factor"": ""SAR recency"", ""delta"": 8, ""reason"": ""Imagery 3d post-event \u2014 fresh""}, {""factor"": ""Depth certainty"", ""delta"": 10, ""reason"": ""Near-zero depth \u2014 confidently not flooded""}, {""factor"": ""Coverage coherence"", ""delta"": 7, ""reason"": ""0% coverage \u2014 confidently dry""}, {""factor"": ""Urban SAR shadow"", ""delta"": -15, ""reason"": ""Dense urban area \u2014 radar shadow can mimic water""}, {""factor"": ""Optical cross-check"", ""delta"": 6, ""reason"": ""Sentinel-2 confirms dry ground \u2014 sensors agree""}]",0,,"{""sar"": ""dry"", ""optical"": ""dry"", ""dem_hydrology"": ""flood""}"
HARV-00171,"1984 West Gray Street, Houston, TX, 77019",0.0,0.0,0.0,0.0,0.0,Remote-Deny,81,Deny remotely — no significant flooding detected by satellite,Satellite data at 1984 West Gray Street indicates 0.0ft depth; remote-deny per 81% confidence.,1,1,0.0,"[{""factor"": ""SAR recency"", ""delta"": 8, ""reason"": ""Imagery 3d post-event \u2014 fresh""}, {""factor"": ""Depth certainty"", ""delta"": 10, ""reason"": ""Near-zero depth \u2014 confidently not flooded""}, {""factor"": ""Coverage coherence"", ""delta"": 7, ""reason"": ""0% coverage \u2014 confidently dry""}, {""factor"": ""Urban SAR shadow"", ""delta"": -15, ""reason"": ""Dense urban area \u2014 radar shadow can mimic water""}, {""factor"": ""Optical cross-check"", ""delta"": 6, ""reason"": ""Sentinel-2 confirms dry ground \u2014 sensors agree""}]",0,,"{""sar"": ""dry"", ""optical"": ""dry"", ""dem_hydrology"": ""flood""}"
HARV-00172,"2501 Post Oak Boulevard, Houston, TX",0.0,0.0,0.0,0.0,0.0,Remote-Deny,81,Deny remotely — no significant flooding detected by satellite,Satellite data at 2501 Post Oak Boulevard indicates 0.0ft depth; remote-deny per 81% confidence.,1,1,0.0,"[{""factor"": ""SAR recency"", ""delta"": 8, ""reason"": ""Imagery 3d post-event \u2014 fresh""}, {""factor"": ""Depth certainty"", ""delta"": 10, ""reason"": ""Near-zero depth \u2014 confidently not flooded""}, {""factor"": ""Coverage coherence"", ""delta"": 7, ""reason"": ""0% coverage \u2014 confidently dry""}, {""factor"": ""Urban SAR shadow"", ""delta"": -15, ""reason"": ""Dense urban area \u2014 radar shadow can mimic water""}, {""factor"": ""Optical cross-check"", ""delta"": 6, ""reason"": ""Sentinel-2 confirms dry ground \u2014 sensors agree""}]",0,,"{""sar"": ""dry"", ""optical"": ""dry"", ""dem_hydrology"": ""flood""}"
HARV-00173,"10150 Southwest Freeway, Houston, 77074",0.0,0.0,0.0,0.0,0.0,Review,75,Flag for manual review — borderline measurements or low confidence,Satellite data at 10150 Southwest Freeway indicates 0.0ft depth; review per 75% confidence.,1,1,0.1159,"[{""factor"": ""SAR recency"", ""delta"": 8, ""reason"": ""Imagery 3d post-event \u2014 fresh""}, {""factor"": ""Depth certainty"", ""delta"": 10, ""reason"": ""Near-zero depth \u2014 confidently not flooded""}, {""factor"": ""Coverage coherence"", ""delta"": 7, ""reason"": ""0% coverage \u2014 confidently dry""}, {""factor"": ""Urban SAR shadow"", ""delta"": -15, ""reason"": ""Dense urban area \u2014 radar shadow can mimic water""}]",1,"Sensors disagree: optical, DEM-hydrology indicate flooding while SAR indicate dry/implausible — routed to manual review.","{""sar"": ""dry"", ""optical"": ""flood"", ""dem_hydrology"": ""flood""}"
HARV-00174,"10002 Southwest Freeway, Houston, 77074",0.0,0.0,0.0,0.0,0.0,Remote-Deny,81,Deny remotely — no significant flooding detected by satellite,Satellite data at 10002 Southwest Freeway indicates 0.0ft depth; remote-deny per 81% confidence.,1,1,0.0128,"[{""factor"": ""SAR recency"", ""delta"": 8, ""reason"": ""Imagery 3d post-event \u2014 fresh""}, {""factor"": ""Depth certainty"", ""delta"": 10, ""reason"": ""Near-zero depth \u2014 confidently not flooded""}, {""factor"": ""Coverage coherence"", ""delta"": 7, ""reason"": ""0% coverage \u2014 confidently dry""}, {""factor"": ""Urban SAR shadow"", ""delta"": -15, ""reason"": ""Dense urban area \u2014 radar shadow can mimic water""}, {""factor"": ""Optical cross-check"", ""delta"": 6, ""reason"": ""Sentinel-2 confirms dry ground \u2014 sensors agree""}]",0,,"{""sar"": ""dry"", ""optical"": ""dry"", ""dem_hydrology"": ""abstain""}"
HARV-00175,"5900 Memorial Drive, Houston",0.0,0.0,0.0,0.0,0.0,Remote-Deny,81,Deny remotely — no significant flooding detected by satellite,Satellite data at 5900 Memorial Drive indicates 0.0ft depth; remote-deny per 81% confidence.,1,1,0.0,"[{""factor"": ""SAR recency"", ""delta"": 8, ""reason"": ""Imagery 3d post-event \u2014 fresh""}, {""factor"": ""Depth certainty"", ""delta"": 10, ""reason"": ""Near-zero depth \u2014 confidently not flooded""}, {""factor"": ""Coverage coherence"", ""delta"": 7, ""reason"": ""0% coverage \u2014 confidently dry""}, {""factor"": ""Urban SAR shadow"", ""delta"": -15, ""reason"": ""Dense urban area \u2014 radar shadow can mimic water""}, {""factor"": ""Optical cross-check"", ""delta"": 6, ""reason"": ""Sentinel-2 confirms dry ground \u2014 sensors agree""}]",0,,"{""sar"": ""dry"", ""optical"": ""dry"", ""dem_hydrology"": ""dry""}"
HARV-00176,"929 Gessner Road, Houston, TX, 77024",0.0,0.0,0.0,0.0,0.0,Review,75,Flag for manual review — borderline measurements or low confidence,Satellite data at 929 Gessner Road indicates 0.0ft depth; review per 75% confidence.,1,1,0.4874,"[{""factor"": ""SAR recency"", ""delta"": 8, ""reason"": ""Imagery 3d post-event \u2014 fresh""}, {""factor"": ""Depth certainty"", ""delta"": 10, ""reason"": ""Near-zero depth \u2014 confidently not flooded""}, {""factor"": ""Coverage coherence"", ""delta"": 7, ""reason"": ""0% coverage \u2014 confidently dry""}, {""factor"": ""Urban SAR shadow"", ""delta"": -15, ""reason"": ""Dense urban area \u2014 radar shadow can mimic water""}]",1,"Sensors disagree: optical, DEM-hydrology indicate flooding while SAR indicate dry/implausible — routed to manual review.","{""sar"": ""dry"", ""optical"": ""flood"", ""dem_hydrology"": ""flood""}"
HARV-00177,"5003 Holly Street, Bellaire, 77401",0.0,0.0,0.0,0.0,0.0,Remote-Deny,81,Deny remotely — no significant flooding detected by satellite,Satellite data at 5003 Holly Street indicates 0.0ft depth; remote-deny per 81% confidence.,1,1,0.0,"[{""factor"": ""SAR recency"", ""delta"": 8, ""reason"": ""Imagery 3d post-event \u2014 fresh""}, {""factor"": ""Depth certainty"", ""delta"": 10, ""reason"": ""Near-zero depth \u2014 confidently not flooded""}, {""factor"": ""Coverage coherence"", ""delta"": 7, ""reason"": ""0% coverage \u2014 confidently dry""}, {""factor"": ""Urban SAR shadow"", ""delta"": -15, ""reason"": ""Dense urban area \u2014 radar shadow can mimic water""}, {""factor"": ""Optical cross-check"", ""delta"": 6, ""reason"": ""Sentinel-2 confirms dry ground \u2014 sensors agree""}]",0,,"{""sar"": ""dry"", ""optical"": ""dry"", ""dem_hydrology"": ""flood""}"
HARV-00178,"5001 Holly Street, Bellaire, 77401",0.0,0.0,0.0,0.0,0.0,Remote-Deny,81,Deny remotely — no significant flooding detected by satellite,Satellite data at 5001 Holly Street indicates 0.0ft depth; remote-deny per 81% confidence.,1,1,0.0,"[{""factor"": ""SAR recency"", ""delta"": 8, ""reason"": ""Imagery 3d post-event \u2014 fresh""}, {""factor"": ""Depth certainty"", ""delta"": 10, ""reason"": ""Near-zero depth \u2014 confidently not flooded""}, {""factor"": ""Coverage coherence"", ""delta"": 7, ""reason"": ""0% coverage \u2014 confidently dry""}, {""factor"": ""Urban SAR shadow"", ""delta"": -15, ""reason"": ""Dense urban area \u2014 radar shadow can mimic water""}, {""factor"": ""Optical cross-check"", ""delta"": 6, ""reason"": ""Sentinel-2 confirms dry ground \u2014 sensors agree""}]",0,,"{""sar"": ""dry"", ""optical"": ""dry"", ""dem_hydrology"": ""flood""}"
HARV-00179,"4903 Holly Street, Bellaire, 77401",0.0,0.0,0.0,0.0,0.0,Remote-Deny,81,Deny remotely — no significant flooding detected by satellite,Satellite data at 4903 Holly Street indicates 0.0ft depth; remote-deny per 81% confidence.,1,1,0.0,"[{""factor"": ""SAR recency"", ""delta"": 8, ""reason"": ""Imagery 3d post-event \u2014 fresh""}, {""factor"": ""Depth certainty"", ""delta"": 10, ""reason"": ""Near-zero depth \u2014 confidently not flooded""}, {""factor"": ""Coverage coherence"", ""delta"": 7, ""reason"": ""0% coverage \u2014 confidently dry""}, {""factor"": ""Urban SAR shadow"", ""delta"": -15, ""reason"": ""Dense urban area \u2014 radar shadow can mimic water""}, {""factor"": ""Optical cross-check"", ""delta"": 6, ""reason"": ""Sentinel-2 confirms dry ground \u2014 sensors agree""}]",0,,"{""sar"": ""dry"", ""optical"": ""dry"", ""dem_hydrology"": ""flood""}"
HARV-00180,"4901 Holly Street, Bellaire, 77401",0.0,0.0,0.0,0.0,0.0,Remote-Deny,81,Deny remotely — no significant flooding detected by satellite,Satellite data at 4901 Holly Street indicates 0.0ft depth; remote-deny per 81% confidence.,1,1,0.0,"[{""factor"": ""SAR recency"", ""delta"": 8, ""reason"": ""Imagery 3d post-event \u2014 fresh""}, {""factor"": ""Depth certainty"", ""delta"": 10, ""reason"": ""Near-zero depth \u2014 confidently not flooded""}, {""factor"": ""Coverage coherence"", ""delta"": 7, ""reason"": ""0% coverage \u2014 confidently dry""}, {""factor"": ""Urban SAR shadow"", ""delta"": -15, ""reason"": ""Dense urban area \u2014 radar shadow can mimic water""}, {""factor"": ""Optical cross-check"", ""delta"": 6, ""reason"": ""Sentinel-2 confirms dry ground \u2014 sensors agree""}]",0,,"{""sar"": ""dry"", ""optical"": ""dry"", ""dem_hydrology"": ""flood""}"
HARV-00181,"4900 Holly Street, Bellaire, 77401",0.0,0.0,0.0,0.0,0.0,Remote-Deny,81,Deny remotely — no significant flooding detected by satellite,Satellite data at 4900 Holly Street indicates 0.0ft depth; remote-deny per 81% confidence.,1,1,0.0,"[{""factor"": ""SAR recency"", ""delta"": 8, ""reason"": ""Imagery 3d post-event \u2014 fresh""}, {""factor"": ""Depth certainty"", ""delta"": 10, ""reason"": ""Near-zero depth \u2014 confidently not flooded""}, {""factor"": ""Coverage coherence"", ""delta"": 7, ""reason"": ""0% coverage \u2014 confidently dry""}, {""factor"": ""Urban SAR shadow"", ""delta"": -15, ""reason"": ""Dense urban area \u2014 radar shadow can mimic water""}, {""factor"": ""Optical cross-check"", ""delta"": 6, ""reason"": ""Sentinel-2 confirms dry ground \u2014 sensors agree""}]",0,,"{""sar"": ""dry"", ""optical"": ""dry"", ""dem_hydrology"": ""flood""}"
HARV-00182,"4809 Holly Street, Bellaire, 77401",0.0,0.0,0.0,0.0,0.0,Remote-Deny,81,Deny remotely — no significant flooding detected by satellite,Satellite data at 4809 Holly Street indicates 0.0ft depth; remote-deny per 81% confidence.,1,1,0.0,"[{""factor"": ""SAR recency"", ""delta"": 8, ""reason"": ""Imagery 3d post-event \u2014 fresh""}, {""factor"": ""Depth certainty"", ""delta"": 10, ""reason"": ""Near-zero depth \u2014 confidently not flooded""}, {""factor"": ""Coverage coherence"", ""delta"": 7, ""reason"": ""0% coverage \u2014 confidently dry""}, {""factor"": ""Urban SAR shadow"", ""delta"": -15, ""reason"": ""Dense urban area \u2014 radar shadow can mimic water""}, {""factor"": ""Optical cross-check"", ""delta"": 6, ""reason"": ""Sentinel-2 confirms dry ground \u2014 sensors agree""}]",0,,"{""sar"": ""dry"", ""optical"": ""dry"", ""dem_hydrology"": ""flood""}"
HARV-00183,"4805 Holly Street, Bellaire, 77401",0.0,0.0,0.0,0.0,0.0,Remote-Deny,81,Deny remotely — no significant flooding detected by satellite,Satellite data at 4805 Holly Street indicates 0.0ft depth; remote-deny per 81% confidence.,1,1,0.0,"[{""factor"": ""SAR recency"", ""delta"": 8, ""reason"": ""Imagery 3d post-event \u2014 fresh""}, {""factor"": ""Depth certainty"", ""delta"": 10, ""reason"": ""Near-zero depth \u2014 confidently not flooded""}, {""factor"": ""Coverage coherence"", ""delta"": 7, ""reason"": ""0% coverage \u2014 confidently dry""}, {""factor"": ""Urban SAR shadow"", ""delta"": -15, ""reason"": ""Dense urban area \u2014 radar shadow can mimic water""}, {""factor"": ""Optical cross-check"", ""delta"": 6, ""reason"": ""Sentinel-2 confirms dry ground \u2014 sensors agree""}]",0,,"{""sar"": ""dry"", ""optical"": ""dry"", ""dem_hydrology"": ""flood""}"
HARV-00184,"4801 Holly Street, Bellaire, 77401",0.0,0.0,0.0,0.0,0.0,Remote-Deny,81,Deny remotely — no significant flooding detected by satellite,Satellite data at 4801 Holly Street indicates 0.0ft depth; remote-deny per 81% confidence.,1,1,0.0,"[{""factor"": ""SAR recency"", ""delta"": 8, ""reason"": ""Imagery 3d post-event \u2014 fresh""}, {""factor"": ""Depth certainty"", ""delta"": 10, ""reason"": ""Near-zero depth \u2014 confidently not flooded""}, {""factor"": ""Coverage coherence"", ""delta"": 7, ""reason"": ""0% coverage \u2014 confidently dry""}, {""factor"": ""Urban SAR shadow"", ""delta"": -15, ""reason"": ""Dense urban area \u2014 radar shadow can mimic water""}, {""factor"": ""Optical cross-check"", ""delta"": 6, ""reason"": ""Sentinel-2 confirms dry ground \u2014 sensors agree""}]",0,,"{""sar"": ""dry"", ""optical"": ""dry"", ""dem_hydrology"": ""flood""}"
HARV-00185,"4701 Holly Street, Bellaire, 77401",0.0,0.0,0.0,0.0,0.0,Remote-Deny,81,Deny remotely — no significant flooding detected by satellite,Satellite data at 4701 Holly Street indicates 0.0ft depth; remote-deny per 81% confidence.,1,1,0.0,"[{""factor"": ""SAR recency"", ""delta"": 8, ""reason"": ""Imagery 3d post-event \u2014 fresh""}, {""factor"": ""Depth certainty"", ""delta"": 10, ""reason"": ""Near-zero depth \u2014 confidently not flooded""}, {""factor"": ""Coverage coherence"", ""delta"": 7, ""reason"": ""0% coverage \u2014 confidently dry""}, {""factor"": ""Urban SAR shadow"", ""delta"": -15, ""reason"": ""Dense urban area \u2014 radar shadow can mimic water""}, {""factor"": ""Optical cross-check"", ""delta"": 6, ""reason"": ""Sentinel-2 confirms dry ground \u2014 sensors agree""}]",0,,"{""sar"": ""dry"", ""optical"": ""dry"", ""dem_hydrology"": ""flood""}"
HARV-00186,"4703 Holly Street, Bellaire, 77401",0.0,0.0,0.0,0.0,0.0,Remote-Deny,81,Deny remotely — no significant flooding detected by satellite,Satellite data at 4703 Holly Street indicates 0.0ft depth; remote-deny per 81% confidence.,1,1,0.0,"[{""factor"": ""SAR recency"", ""delta"": 8, ""reason"": ""Imagery 3d post-event \u2014 fresh""}, {""factor"": ""Depth certainty"", ""delta"": 10, ""reason"": ""Near-zero depth \u2014 confidently not flooded""}, {""factor"": ""Coverage coherence"", ""delta"": 7, ""reason"": ""0% coverage \u2014 confidently dry""}, {""factor"": ""Urban SAR shadow"", ""delta"": -15, ""reason"": ""Dense urban area \u2014 radar shadow can mimic water""}, {""factor"": ""Optical cross-check"", ""delta"": 6, ""reason"": ""Sentinel-2 confirms dry ground \u2014 sensors agree""}]",0,,"{""sar"": ""dry"", ""optical"": ""dry"", ""dem_hydrology"": ""flood""}"
HARV-00187,"4705 Holly Street, Bellaire, 77401",0.0,0.0,0.0,0.0,0.0,Remote-Deny,81,Deny remotely — no significant flooding detected by satellite,Satellite data at 4705 Holly Street indicates 0.0ft depth; remote-deny per 81% confidence.,1,1,0.0,"[{""factor"": ""SAR recency"", ""delta"": 8, ""reason"": ""Imagery 3d post-event \u2014 fresh""}, {""factor"": ""Depth certainty"", ""delta"": 10, ""reason"": ""Near-zero depth \u2014 confidently not flooded""}, {""factor"": ""Coverage coherence"", ""delta"": 7, ""reason"": ""0% coverage \u2014 confidently dry""}, {""factor"": ""Urban SAR shadow"", ""delta"": -15, ""reason"": ""Dense urban area \u2014 radar shadow can mimic water""}, {""factor"": ""Optical cross-check"", ""delta"": 6, ""reason"": ""Sentinel-2 confirms dry ground \u2014 sensors agree""}]",0,,"{""sar"": ""dry"", ""optical"": ""dry"", ""dem_hydrology"": ""flood""}"
HARV-00188,"4707 Holly Street, Bellaire, 77401",0.0,0.0,0.0,0.0,0.0,Remote-Deny,81,Deny remotely — no significant flooding detected by satellite,Satellite data at 4707 Holly Street indicates 0.0ft depth; remote-deny per 81% confidence.,1,1,0.0,"[{""factor"": ""SAR recency"", ""delta"": 8, ""reason"": ""Imagery 3d post-event \u2014 fresh""}, {""factor"": ""Depth certainty"", ""delta"": 10, ""reason"": ""Near-zero depth \u2014 confidently not flooded""}, {""factor"": ""Coverage coherence"", ""delta"": 7, ""reason"": ""0% coverage \u2014 confidently dry""}, {""factor"": ""Urban SAR shadow"", ""delta"": -15, ""reason"": ""Dense urban area \u2014 radar shadow can mimic water""}, {""factor"": ""Optical cross-check"", ""delta"": 6, ""reason"": ""Sentinel-2 confirms dry ground \u2014 sensors agree""}]",0,,"{""sar"": ""dry"", ""optical"": ""dry"", ""dem_hydrology"": ""flood""}"
HARV-00189,"4711 Holly Street, Bellaire, 77401",0.0,0.0,0.0,0.0,0.0,Remote-Deny,81,Deny remotely — no significant flooding detected by satellite,Satellite data at 4711 Holly Street indicates 0.0ft depth; remote-deny per 81% confidence.,1,1,0.0,"[{""factor"": ""SAR recency"", ""delta"": 8, ""reason"": ""Imagery 3d post-event \u2014 fresh""}, {""factor"": ""Depth certainty"", ""delta"": 10, ""reason"": ""Near-zero depth \u2014 confidently not flooded""}, {""factor"": ""Coverage coherence"", ""delta"": 7, ""reason"": ""0% coverage \u2014 confidently dry""}, {""factor"": ""Urban SAR shadow"", ""delta"": -15, ""reason"": ""Dense urban area \u2014 radar shadow can mimic water""}, {""factor"": ""Optical cross-check"", ""delta"": 6, ""reason"": ""Sentinel-2 confirms dry ground \u2014 sensors agree""}]",0,,"{""sar"": ""dry"", ""optical"": ""dry"", ""dem_hydrology"": ""flood""}"
HARV-00190,"4713 Holly Street, Bellaire, 77401",0.0,0.0,0.0,0.0,0.0,Remote-Deny,81,Deny remotely — no significant flooding detected by satellite,Satellite data at 4713 Holly Street indicates 0.0ft depth; remote-deny per 81% confidence.,1,1,0.0,"[{""factor"": ""SAR recency"", ""delta"": 8, ""reason"": ""Imagery 3d post-event \u2014 fresh""}, {""factor"": ""Depth certainty"", ""delta"": 10, ""reason"": ""Near-zero depth \u2014 confidently not flooded""}, {""factor"": ""Coverage coherence"", ""delta"": 7, ""reason"": ""0% coverage \u2014 confidently dry""}, {""factor"": ""Urban SAR shadow"", ""delta"": -15, ""reason"": ""Dense urban area \u2014 radar shadow can mimic water""}, {""factor"": ""Optical cross-check"", ""delta"": 6, ""reason"": ""Sentinel-2 confirms dry ground \u2014 sensors agree""}]",0,,"{""sar"": ""dry"", ""optical"": ""dry"", ""dem_hydrology"": ""flood""}"
HARV-00191,"4715 Holly Street, Bellaire, 77401",0.0,0.0,0.0,0.0,0.0,Remote-Deny,81,Deny remotely — no significant flooding detected by satellite,Satellite data at 4715 Holly Street indicates 0.0ft depth; remote-deny per 81% confidence.,1,1,0.0,"[{""factor"": ""SAR recency"", ""delta"": 8, ""reason"": ""Imagery 3d post-event \u2014 fresh""}, {""factor"": ""Depth certainty"", ""delta"": 10, ""reason"": ""Near-zero depth \u2014 confidently not flooded""}, {""factor"": ""Coverage coherence"", ""delta"": 7, ""reason"": ""0% coverage \u2014 confidently dry""}, {""factor"": ""Urban SAR shadow"", ""delta"": -15, ""reason"": ""Dense urban area \u2014 radar shadow can mimic water""}, {""factor"": ""Optical cross-check"", ""delta"": 6, ""reason"": ""Sentinel-2 confirms dry ground \u2014 sensors agree""}]",0,,"{""sar"": ""dry"", ""optical"": ""dry"", ""dem_hydrology"": ""flood""}"
HARV-00192,"4904 Holly Street, Bellaire, 77401",0.0,0.0,0.0,0.0,0.0,Remote-Deny,81,Deny remotely — no significant flooding detected by satellite,Satellite data at 4904 Holly Street indicates 0.0ft depth; remote-deny per 81% confidence.,1,1,0.0,"[{""factor"": ""SAR recency"", ""delta"": 8, ""reason"": ""Imagery 3d post-event \u2014 fresh""}, {""factor"": ""Depth certainty"", ""delta"": 10, ""reason"": ""Near-zero depth \u2014 confidently not flooded""}, {""factor"": ""Coverage coherence"", ""delta"": 7, ""reason"": ""0% coverage \u2014 confidently dry""}, {""factor"": ""Urban SAR shadow"", ""delta"": -15, ""reason"": ""Dense urban area \u2014 radar shadow can mimic water""}, {""factor"": ""Optical cross-check"", ""delta"": 6, ""reason"": ""Sentinel-2 confirms dry ground \u2014 sensors agree""}]",0,,"{""sar"": ""dry"", ""optical"": ""dry"", ""dem_hydrology"": ""flood""}"
HARV-00193,"4906 Holly Street, Bellaire, 77401",0.0,0.0,0.0,0.0,0.0,Remote-Deny,81,Deny remotely — no significant flooding detected by satellite,Satellite data at 4906 Holly Street indicates 0.0ft depth; remote-deny per 81% confidence.,1,1,0.0,"[{""factor"": ""SAR recency"", ""delta"": 8, ""reason"": ""Imagery 3d post-event \u2014 fresh""}, {""factor"": ""Depth certainty"", ""delta"": 10, ""reason"": ""Near-zero depth \u2014 confidently not flooded""}, {""factor"": ""Coverage coherence"", ""delta"": 7, ""reason"": ""0% coverage \u2014 confidently dry""}, {""factor"": ""Urban SAR shadow"", ""delta"": -15, ""reason"": ""Dense urban area \u2014 radar shadow can mimic water""}, {""factor"": ""Optical cross-check"", ""delta"": 6, ""reason"": ""Sentinel-2 confirms dry ground \u2014 sensors agree""}]",0,,"{""sar"": ""dry"", ""optical"": ""dry"", ""dem_hydrology"": ""flood""}"
HARV-00194,"4908 Holly Street, Bellaire, 77401",0.0,0.0,0.0,0.0,0.0,Remote-Deny,81,Deny remotely — no significant flooding detected by satellite,Satellite data at 4908 Holly Street indicates 0.0ft depth; remote-deny per 81% confidence.,1,1,0.0,"[{""factor"": ""SAR recency"", ""delta"": 8, ""reason"": ""Imagery 3d post-event \u2014 fresh""}, {""factor"": ""Depth certainty"", ""delta"": 10, ""reason"": ""Near-zero depth \u2014 confidently not flooded""}, {""factor"": ""Coverage coherence"", ""delta"": 7, ""reason"": ""0% coverage \u2014 confidently dry""}, {""factor"": ""Urban SAR shadow"", ""delta"": -15, ""reason"": ""Dense urban area \u2014 radar shadow can mimic water""}, {""factor"": ""Optical cross-check"", ""delta"": 6, ""reason"": ""Sentinel-2 confirms dry ground \u2014 sensors agree""}]",0,,"{""sar"": ""dry"", ""optical"": ""dry"", ""dem_hydrology"": ""flood""}"
HARV-00195,"4910 Holly Street, Bellaire, 77401",0.0,0.0,0.0,0.0,0.0,Remote-Deny,81,Deny remotely — no significant flooding detected by satellite,Satellite data at 4910 Holly Street indicates 0.0ft depth; remote-deny per 81% confidence.,1,1,0.0,"[{""factor"": ""SAR recency"", ""delta"": 8, ""reason"": ""Imagery 3d post-event \u2014 fresh""}, {""factor"": ""Depth certainty"", ""delta"": 10, ""reason"": ""Near-zero depth \u2014 confidently not flooded""}, {""factor"": ""Coverage coherence"", ""delta"": 7, ""reason"": ""0% coverage \u2014 confidently dry""}, {""factor"": ""Urban SAR shadow"", ""delta"": -15, ""reason"": ""Dense urban area \u2014 radar shadow can mimic water""}, {""factor"": ""Optical cross-check"", ""delta"": 6, ""reason"": ""Sentinel-2 confirms dry ground \u2014 sensors agree""}]",0,,"{""sar"": ""dry"", ""optical"": ""dry"", ""dem_hydrology"": ""flood""}"
HARV-00196,"4912 Holly Street, Bellaire, 77401",0.0,0.0,0.0,0.0,0.0,Remote-Deny,81,Deny remotely — no significant flooding detected by satellite,Satellite data at 4912 Holly Street indicates 0.0ft depth; remote-deny per 81% confidence.,1,1,0.0,"[{""factor"": ""SAR recency"", ""delta"": 8, ""reason"": ""Imagery 3d post-event \u2014 fresh""}, {""factor"": ""Depth certainty"", ""delta"": 10, ""reason"": ""Near-zero depth \u2014 confidently not flooded""}, {""factor"": ""Coverage coherence"", ""delta"": 7, ""reason"": ""0% coverage \u2014 confidently dry""}, {""factor"": ""Urban SAR shadow"", ""delta"": -15, ""reason"": ""Dense urban area \u2014 radar shadow can mimic water""}, {""factor"": ""Optical cross-check"", ""delta"": 6, ""reason"": ""Sentinel-2 confirms dry ground \u2014 sensors agree""}]",0,,"{""sar"": ""dry"", ""optical"": ""dry"", ""dem_hydrology"": ""flood""}"
HARV-00197,"4914 Holly Street, Bellaire, 77401",0.0,0.0,0.0,0.0,0.0,Remote-Deny,81,Deny remotely — no significant flooding detected by satellite,Satellite data at 4914 Holly Street indicates 0.0ft depth; remote-deny per 81% confidence.,1,1,0.0,"[{""factor"": ""SAR recency"", ""delta"": 8, ""reason"": ""Imagery 3d post-event \u2014 fresh""}, {""factor"": ""Depth certainty"", ""delta"": 10, ""reason"": ""Near-zero depth \u2014 confidently not flooded""}, {""factor"": ""Coverage coherence"", ""delta"": 7, ""reason"": ""0% coverage \u2014 confidently dry""}, {""factor"": ""Urban SAR shadow"", ""delta"": -15, ""reason"": ""Dense urban area \u2014 radar shadow can mimic water""}, {""factor"": ""Optical cross-check"", ""delta"": 6, ""reason"": ""Sentinel-2 confirms dry ground \u2014 sensors agree""}]",0,,"{""sar"": ""dry"", ""optical"": ""dry"", ""dem_hydrology"": ""flood""}"
HARV-00198,"4916 Holly Street, Bellaire, 77401",0.0,0.0,0.0,0.0,0.0,Remote-Deny,81,Deny remotely — no significant flooding detected by satellite,Satellite data at 4916 Holly Street indicates 0.0ft depth; remote-deny per 81% confidence.,1,1,0.0,"[{""factor"": ""SAR recency"", ""delta"": 8, ""reason"": ""Imagery 3d post-event \u2014 fresh""}, {""factor"": ""Depth certainty"", ""delta"": 10, ""reason"": ""Near-zero depth \u2014 confidently not flooded""}, {""factor"": ""Coverage coherence"", ""delta"": 7, ""reason"": ""0% coverage \u2014 confidently dry""}, {""factor"": ""Urban SAR shadow"", ""delta"": -15, ""reason"": ""Dense urban area \u2014 radar shadow can mimic water""}, {""factor"": ""Optical cross-check"", ""delta"": 6, ""reason"": ""Sentinel-2 confirms dry ground \u2014 sensors agree""}]",0,,"{""sar"": ""dry"", ""optical"": ""dry"", ""dem_hydrology"": ""flood""}"
HARV-00199,"4918 Holly Street, Bellaire, 77401",0.0,0.0,0.0,0.0,0.0,Remote-Deny,81,Deny remotely — no significant flooding detected by satellite,Satellite data at 4918 Holly Street indicates 0.0ft depth; remote-deny per 81% confidence.,1,1,0.0,"[{""factor"": ""SAR recency"", ""delta"": 8, ""reason"": ""Imagery 3d post-event \u2014 fresh""}, {""factor"": ""Depth certainty"", ""delta"": 10, ""reason"": ""Near-zero depth \u2014 confidently not flooded""}, {""factor"": ""Coverage coherence"", ""delta"": 7, ""reason"": ""0% coverage \u2014 confidently dry""}, {""factor"": ""Urban SAR shadow"", ""delta"": -15, ""reason"": ""Dense urban area \u2014 radar shadow can mimic water""}, {""factor"": ""Optical cross-check"", ""delta"": 6, ""reason"": ""Sentinel-2 confirms dry ground \u2014 sensors agree""}]",0,,"{""sar"": ""dry"", ""optical"": ""dry"", ""dem_hydrology"": ""flood""}"
HARV-00200,"4920 Holly Street, Bellaire, 77401",0.0,0.0,0.0,0.0,0.0,Remote-Deny,81,Deny remotely — no significant flooding detected by satellite,Satellite data at 4920 Holly Street indicates 0.0ft depth; remote-deny per 81% confidence.,1,1,0.0,"[{""factor"": ""SAR recency"", ""delta"": 8, ""reason"": ""Imagery 3d post-event \u2014 fresh""}, {""factor"": ""Depth certainty"", ""delta"": 10, ""reason"": ""Near-zero depth \u2014 confidently not flooded""}, {""factor"": ""Coverage coherence"", ""delta"": 7, ""reason"": ""0% coverage \u2014 confidently dry""}, {""factor"": ""Urban SAR shadow"", ""delta"": -15, ""reason"": ""Dense urban area \u2014 radar shadow can mimic water""}, {""factor"": ""Optical cross-check"", ""delta"": 6, ""reason"": ""Sentinel-2 confirms dry ground \u2014 sensors agree""}]",0,,"{""sar"": ""dry"", ""optical"": ""dry"", ""dem_hydrology"": ""flood""}"
HARV-00201,"4922 Holly Street, Bellaire, 77401",0.0,0.0,0.0,0.0,0.0,Remote-Deny,81,Deny remotely — no significant flooding detected by satellite,Satellite data at 4922 Holly Street indicates 0.0ft depth; remote-deny per 81% confidence.,1,1,0.0,"[{""factor"": ""SAR recency"", ""delta"": 8, ""reason"": ""Imagery 3d post-event \u2014 fresh""}, {""factor"": ""Depth certainty"", ""delta"": 10, ""reason"": ""Near-zero depth \u2014 confidently not flooded""}, {""factor"": ""Coverage coherence"", ""delta"": 7, ""reason"": ""0% coverage \u2014 confidently dry""}, {""factor"": ""Urban SAR shadow"", ""delta"": -15, ""reason"": ""Dense urban area \u2014 radar shadow can mimic water""}, {""factor"": ""Optical cross-check"", ""delta"": 6, ""reason"": ""Sentinel-2 confirms dry ground \u2014 sensors agree""}]",0,,"{""sar"": ""dry"", ""optical"": ""dry"", ""dem_hydrology"": ""flood""}"
HARV-00202,"4924 Holly Street, Bellaire, 77401",0.0,0.0,0.0,0.0,0.0,Remote-Deny,81,Deny remotely — no significant flooding detected by satellite,Satellite data at 4924 Holly Street indicates 0.0ft depth; remote-deny per 81% confidence.,1,1,0.0,"[{""factor"": ""SAR recency"", ""delta"": 8, ""reason"": ""Imagery 3d post-event \u2014 fresh""}, {""factor"": ""Depth certainty"", ""delta"": 10, ""reason"": ""Near-zero depth \u2014 confidently not flooded""}, {""factor"": ""Coverage coherence"", ""delta"": 7, ""reason"": ""0% coverage \u2014 confidently dry""}, {""factor"": ""Urban SAR shadow"", ""delta"": -15, ""reason"": ""Dense urban area \u2014 radar shadow can mimic water""}, {""factor"": ""Optical cross-check"", ""delta"": 6, ""reason"": ""Sentinel-2 confirms dry ground \u2014 sensors agree""}]",0,,"{""sar"": ""dry"", ""optical"": ""dry"", ""dem_hydrology"": ""flood""}"
HARV-00203,"4926 Holly Street, Bellaire, 77401",0.0,0.0,0.0,0.0,0.0,Remote-Deny,81,Deny remotely — no significant flooding detected by satellite,Satellite data at 4926 Holly Street indicates 0.0ft depth; remote-deny per 81% confidence.,1,1,0.0,"[{""factor"": ""SAR recency"", ""delta"": 8, ""reason"": ""Imagery 3d post-event \u2014 fresh""}, {""factor"": ""Depth certainty"", ""delta"": 10, ""reason"": ""Near-zero depth \u2014 confidently not flooded""}, {""factor"": ""Coverage coherence"", ""delta"": 7, ""reason"": ""0% coverage \u2014 confidently dry""}, {""factor"": ""Urban SAR shadow"", ""delta"": -15, ""reason"": ""Dense urban area \u2014 radar shadow can mimic water""}, {""factor"": ""Optical cross-check"", ""delta"": 6, ""reason"": ""Sentinel-2 confirms dry ground \u2014 sensors agree""}]",0,,"{""sar"": ""dry"", ""optical"": ""dry"", ""dem_hydrology"": ""flood""}"
HARV-00204,"4930 Holly Street, Bellaire, 77401",0.0,0.0,0.0,0.0,0.0,Remote-Deny,81,Deny remotely — no significant flooding detected by satellite,Satellite data at 4930 Holly Street indicates 0.0ft depth; remote-deny per 81% confidence.,1,1,0.0,"[{""factor"": ""SAR recency"", ""delta"": 8, ""reason"": ""Imagery 3d post-event \u2014 fresh""}, {""factor"": ""Depth certainty"", ""delta"": 10, ""reason"": ""Near-zero depth \u2014 confidently not flooded""}, {""factor"": ""Coverage coherence"", ""delta"": 7, ""reason"": ""0% coverage \u2014 confidently dry""}, {""factor"": ""Urban SAR shadow"", ""delta"": -15, ""reason"": ""Dense urban area \u2014 radar shadow can mimic water""}, {""factor"": ""Optical cross-check"", ""delta"": 6, ""reason"": ""Sentinel-2 confirms dry ground \u2014 sensors agree""}]",0,,"{""sar"": ""dry"", ""optical"": ""dry"", ""dem_hydrology"": ""flood""}"
HARV-00205,"4700 Holly Street, Bellaire, 77401",0.0,0.0,0.0,0.0,0.0,Remote-Deny,81,Deny remotely — no significant flooding detected by satellite,Satellite data at 4700 Holly Street indicates 0.0ft depth; remote-deny per 81% confidence.,1,1,0.0,"[{""factor"": ""SAR recency"", ""delta"": 8, ""reason"": ""Imagery 3d post-event \u2014 fresh""}, {""factor"": ""Depth certainty"", ""delta"": 10, ""reason"": ""Near-zero depth \u2014 confidently not flooded""}, {""factor"": ""Coverage coherence"", ""delta"": 7, ""reason"": ""0% coverage \u2014 confidently dry""}, {""factor"": ""Urban SAR shadow"", ""delta"": -15, ""reason"": ""Dense urban area \u2014 radar shadow can mimic water""}, {""factor"": ""Optical cross-check"", ""delta"": 6, ""reason"": ""Sentinel-2 confirms dry ground \u2014 sensors agree""}]",0,,"{""sar"": ""dry"", ""optical"": ""dry"", ""dem_hydrology"": ""flood""}"
HARV-00206,"4702 Holly Street, Bellaire, 77401",0.0,0.0,0.0,0.0,0.0,Remote-Deny,81,Deny remotely — no significant flooding detected by satellite,Satellite data at 4702 Holly Street indicates 0.0ft depth; remote-deny per 81% confidence.,1,1,0.0,"[{""factor"": ""SAR recency"", ""delta"": 8, ""reason"": ""Imagery 3d post-event \u2014 fresh""}, {""factor"": ""Depth certainty"", ""delta"": 10, ""reason"": ""Near-zero depth \u2014 confidently not flooded""}, {""factor"": ""Coverage coherence"", ""delta"": 7, ""reason"": ""0% coverage \u2014 confidently dry""}, {""factor"": ""Urban SAR shadow"", ""delta"": -15, ""reason"": ""Dense urban area \u2014 radar shadow can mimic water""}, {""factor"": ""Optical cross-check"", ""delta"": 6, ""reason"": ""Sentinel-2 confirms dry ground \u2014 sensors agree""}]",0,,"{""sar"": ""dry"", ""optical"": ""dry"", ""dem_hydrology"": ""flood""}"
HARV-00207,"4704 Holly Street, Bellaire, 77401",0.0,0.0,0.0,0.0,0.0,Remote-Deny,81,Deny remotely — no significant flooding detected by satellite,Satellite data at 4704 Holly Street indicates 0.0ft depth; remote-deny per 81% confidence.,1,1,0.0,"[{""factor"": ""SAR recency"", ""delta"": 8, ""reason"": ""Imagery 3d post-event \u2014 fresh""}, {""factor"": ""Depth certainty"", ""delta"": 10, ""reason"": ""Near-zero depth \u2014 confidently not flooded""}, {""factor"": ""Coverage coherence"", ""delta"": 7, ""reason"": ""0% coverage \u2014 confidently dry""}, {""factor"": ""Urban SAR shadow"", ""delta"": -15, ""reason"": ""Dense urban area \u2014 radar shadow can mimic water""}, {""factor"": ""Optical cross-check"", ""delta"": 6, ""reason"": ""Sentinel-2 confirms dry ground \u2014 sensors agree""}]",0,,"{""sar"": ""dry"", ""optical"": ""dry"", ""dem_hydrology"": ""flood""}"
HARV-00208,"4706 Holly Street, Bellaire, 77401",0.0,0.0,0.0,0.0,0.0,Remote-Deny,81,Deny remotely — no significant flooding detected by satellite,Satellite data at 4706 Holly Street indicates 0.0ft depth; remote-deny per 81% confidence.,1,1,0.0,"[{""factor"": ""SAR recency"", ""delta"": 8, ""reason"": ""Imagery 3d post-event \u2014 fresh""}, {""factor"": ""Depth certainty"", ""delta"": 10, ""reason"": ""Near-zero depth \u2014 confidently not flooded""}, {""factor"": ""Coverage coherence"", ""delta"": 7, ""reason"": ""0% coverage \u2014 confidently dry""}, {""factor"": ""Urban SAR shadow"", ""delta"": -15, ""reason"": ""Dense urban area \u2014 radar shadow can mimic water""}, {""factor"": ""Optical cross-check"", ""delta"": 6, ""reason"": ""Sentinel-2 confirms dry ground \u2014 sensors agree""}]",0,,"{""sar"": ""dry"", ""optical"": ""dry"", ""dem_hydrology"": ""flood""}"
HARV-00209,"4712 Holly Street, Bellaire, 77401",0.0,0.0,0.0,0.0,0.0,Remote-Deny,81,Deny remotely — no significant flooding detected by satellite,Satellite data at 4712 Holly Street indicates 0.0ft depth; remote-deny per 81% confidence.,1,1,0.0,"[{""factor"": ""SAR recency"", ""delta"": 8, ""reason"": ""Imagery 3d post-event \u2014 fresh""}, {""factor"": ""Depth certainty"", ""delta"": 10, ""reason"": ""Near-zero depth \u2014 confidently not flooded""}, {""factor"": ""Coverage coherence"", ""delta"": 7, ""reason"": ""0% coverage \u2014 confidently dry""}, {""factor"": ""Urban SAR shadow"", ""delta"": -15, ""reason"": ""Dense urban area \u2014 radar shadow can mimic water""}, {""factor"": ""Optical cross-check"", ""delta"": 6, ""reason"": ""Sentinel-2 confirms dry ground \u2014 sensors agree""}]",0,,"{""sar"": ""dry"", ""optical"": ""dry"", ""dem_hydrology"": ""flood""}"
HARV-00210,"4714 Holly Street, Bellaire, 77401",0.0,0.0,0.0,0.0,0.0,Remote-Deny,81,Deny remotely — no significant flooding detected by satellite,Satellite data at 4714 Holly Street indicates 0.0ft depth; remote-deny per 81% confidence.,1,1,0.0,"[{""factor"": ""SAR recency"", ""delta"": 8, ""reason"": ""Imagery 3d post-event \u2014 fresh""}, {""factor"": ""Depth certainty"", ""delta"": 10, ""reason"": ""Near-zero depth \u2014 confidently not flooded""}, {""factor"": ""Coverage coherence"", ""delta"": 7, ""reason"": ""0% coverage \u2014 confidently dry""}, {""factor"": ""Urban SAR shadow"", ""delta"": -15, ""reason"": ""Dense urban area \u2014 radar shadow can mimic water""}, {""factor"": ""Optical cross-check"", ""delta"": 6, ""reason"": ""Sentinel-2 confirms dry ground \u2014 sensors agree""}]",0,,"{""sar"": ""dry"", ""optical"": ""dry"", ""dem_hydrology"": ""flood""}"
HARV-00211,"4800 Holly Street, Bellaire, 77401",0.0,0.0,0.0,0.0,0.0,Remote-Deny,81,Deny remotely — no significant flooding detected by satellite,Satellite data at 4800 Holly Street indicates 0.0ft depth; remote-deny per 81% confidence.,1,1,0.0,"[{""factor"": ""SAR recency"", ""delta"": 8, ""reason"": ""Imagery 3d post-event \u2014 fresh""}, {""factor"": ""Depth certainty"", ""delta"": 10, ""reason"": ""Near-zero depth \u2014 confidently not flooded""}, {""factor"": ""Coverage coherence"", ""delta"": 7, ""reason"": ""0% coverage \u2014 confidently dry""}, {""factor"": ""Urban SAR shadow"", ""delta"": -15, ""reason"": ""Dense urban area \u2014 radar shadow can mimic water""}, {""factor"": ""Optical cross-check"", ""delta"": 6, ""reason"": ""Sentinel-2 confirms dry ground \u2014 sensors agree""}]",0,,"{""sar"": ""dry"", ""optical"": ""dry"", ""dem_hydrology"": ""flood""}"
HARV-00212,"4802 Holly Street, Bellaire, 77401",0.0,0.0,0.0,0.0,0.0,Remote-Deny,81,Deny remotely — no significant flooding detected by satellite,Satellite data at 4802 Holly Street indicates 0.0ft depth; remote-deny per 81% confidence.,1,1,0.0,"[{""factor"": ""SAR recency"", ""delta"": 8, ""reason"": ""Imagery 3d post-event \u2014 fresh""}, {""factor"": ""Depth certainty"", ""delta"": 10, ""reason"": ""Near-zero depth \u2014 confidently not flooded""}, {""factor"": ""Coverage coherence"", ""delta"": 7, ""reason"": ""0% coverage \u2014 confidently dry""}, {""factor"": ""Urban SAR shadow"", ""delta"": -15, ""reason"": ""Dense urban area \u2014 radar shadow can mimic water""}, {""factor"": ""Optical cross-check"", ""delta"": 6, ""reason"": ""Sentinel-2 confirms dry ground \u2014 sensors agree""}]",0,,"{""sar"": ""dry"", ""optical"": ""dry"", ""dem_hydrology"": ""flood""}"
HARV-00213,"4804 Holly Street, Bellaire, 77401",0.0,0.0,0.0,0.0,0.0,Remote-Deny,81,Deny remotely — no significant flooding detected by satellite,Satellite data at 4804 Holly Street indicates 0.0ft depth; remote-deny per 81% confidence.,1,1,0.0,"[{""factor"": ""SAR recency"", ""delta"": 8, ""reason"": ""Imagery 3d post-event \u2014 fresh""}, {""factor"": ""Depth certainty"", ""delta"": 10, ""reason"": ""Near-zero depth \u2014 confidently not flooded""}, {""factor"": ""Coverage coherence"", ""delta"": 7, ""reason"": ""0% coverage \u2014 confidently dry""}, {""factor"": ""Urban SAR shadow"", ""delta"": -15, ""reason"": ""Dense urban area \u2014 radar shadow can mimic water""}, {""factor"": ""Optical cross-check"", ""delta"": 6, ""reason"": ""Sentinel-2 confirms dry ground \u2014 sensors agree""}]",0,,"{""sar"": ""dry"", ""optical"": ""dry"", ""dem_hydrology"": ""flood""}"
HARV-00214,"4806 Holly Street, Bellaire, 77401",0.0,0.0,0.0,0.0,0.0,Remote-Deny,81,Deny remotely — no significant flooding detected by satellite,Satellite data at 4806 Holly Street indicates 0.0ft depth; remote-deny per 81% confidence.,1,1,0.0,"[{""factor"": ""SAR recency"", ""delta"": 8, ""reason"": ""Imagery 3d post-event \u2014 fresh""}, {""factor"": ""Depth certainty"", ""delta"": 10, ""reason"": ""Near-zero depth \u2014 confidently not flooded""}, {""factor"": ""Coverage coherence"", ""delta"": 7, ""reason"": ""0% coverage \u2014 confidently dry""}, {""factor"": ""Urban SAR shadow"", ""delta"": -15, ""reason"": ""Dense urban area \u2014 radar shadow can mimic water""}, {""factor"": ""Optical cross-check"", ""delta"": 6, ""reason"": ""Sentinel-2 confirms dry ground \u2014 sensors agree""}]",0,,"{""sar"": ""dry"", ""optical"": ""dry"", ""dem_hydrology"": ""flood""}"
HARV-00215,"4808 Holly Street, Bellaire, 77401",0.0,0.0,0.0,0.0,0.0,Remote-Deny,81,Deny remotely — no significant flooding detected by satellite,Satellite data at 4808 Holly Street indicates 0.0ft depth; remote-deny per 81% confidence.,1,1,0.0,"[{""factor"": ""SAR recency"", ""delta"": 8, ""reason"": ""Imagery 3d post-event \u2014 fresh""}, {""factor"": ""Depth certainty"", ""delta"": 10, ""reason"": ""Near-zero depth \u2014 confidently not flooded""}, {""factor"": ""Coverage coherence"", ""delta"": 7, ""reason"": ""0% coverage \u2014 confidently dry""}, {""factor"": ""Urban SAR shadow"", ""delta"": -15, ""reason"": ""Dense urban area \u2014 radar shadow can mimic water""}, {""factor"": ""Optical cross-check"", ""delta"": 6, ""reason"": ""Sentinel-2 confirms dry ground \u2014 sensors agree""}]",0,,"{""sar"": ""dry"", ""optical"": ""dry"", ""dem_hydrology"": ""flood""}"
HARV-00216,"4810 Holly Street, Bellaire, 77401",0.0,0.0,0.0,0.0,0.0,Remote-Deny,81,Deny remotely — no significant flooding detected by satellite,Satellite data at 4810 Holly Street indicates 0.0ft depth; remote-deny per 81% confidence.,1,1,0.0,"[{""factor"": ""SAR recency"", ""delta"": 8, ""reason"": ""Imagery 3d post-event \u2014 fresh""}, {""factor"": ""Depth certainty"", ""delta"": 10, ""reason"": ""Near-zero depth \u2014 confidently not flooded""}, {""factor"": ""Coverage coherence"", ""delta"": 7, ""reason"": ""0% coverage \u2014 confidently dry""}, {""factor"": ""Urban SAR shadow"", ""delta"": -15, ""reason"": ""Dense urban area \u2014 radar shadow can mimic water""}, {""factor"": ""Optical cross-check"", ""delta"": 6, ""reason"": ""Sentinel-2 confirms dry ground \u2014 sensors agree""}]",0,,"{""sar"": ""dry"", ""optical"": ""dry"", ""dem_hydrology"": ""flood""}"
HARV-00217,"4812 Holly Street, Bellaire, 77401",0.0,0.0,0.0,0.0,0.0,Remote-Deny,81,Deny remotely — no significant flooding detected by satellite,Satellite data at 4812 Holly Street indicates 0.0ft depth; remote-deny per 81% confidence.,1,1,0.0,"[{""factor"": ""SAR recency"", ""delta"": 8, ""reason"": ""Imagery 3d post-event \u2014 fresh""}, {""factor"": ""Depth certainty"", ""delta"": 10, ""reason"": ""Near-zero depth \u2014 confidently not flooded""}, {""factor"": ""Coverage coherence"", ""delta"": 7, ""reason"": ""0% coverage \u2014 confidently dry""}, {""factor"": ""Urban SAR shadow"", ""delta"": -15, ""reason"": ""Dense urban area \u2014 radar shadow can mimic water""}, {""factor"": ""Optical cross-check"", ""delta"": 6, ""reason"": ""Sentinel-2 confirms dry ground \u2014 sensors agree""}]",0,,"{""sar"": ""dry"", ""optical"": ""dry"", ""dem_hydrology"": ""flood""}"
HARV-00218,"4814 Holly Street, Bellaire, 77401",0.0,0.0,0.0,0.0,0.0,Remote-Deny,81,Deny remotely — no significant flooding detected by satellite,Satellite data at 4814 Holly Street indicates 0.0ft depth; remote-deny per 81% confidence.,1,1,0.0,"[{""factor"": ""SAR recency"", ""delta"": 8, ""reason"": ""Imagery 3d post-event \u2014 fresh""}, {""factor"": ""Depth certainty"", ""delta"": 10, ""reason"": ""Near-zero depth \u2014 confidently not flooded""}, {""factor"": ""Coverage coherence"", ""delta"": 7, ""reason"": ""0% coverage \u2014 confidently dry""}, {""factor"": ""Urban SAR shadow"", ""delta"": -15, ""reason"": ""Dense urban area \u2014 radar shadow can mimic water""}, {""factor"": ""Optical cross-check"", ""delta"": 6, ""reason"": ""Sentinel-2 confirms dry ground \u2014 sensors agree""}]",0,,"{""sar"": ""dry"", ""optical"": ""dry"", ""dem_hydrology"": ""flood""}"
HARV-00219,"4907 Holly Street, Bellaire, 77401",0.0,0.0,0.0,0.0,0.0,Remote-Deny,81,Deny remotely — no significant flooding detected by satellite,Satellite data at 4907 Holly Street indicates 0.0ft depth; remote-deny per 81% confidence.,1,1,0.0,"[{""factor"": ""SAR recency"", ""delta"": 8, ""reason"": ""Imagery 3d post-event \u2014 fresh""}, {""factor"": ""Depth certainty"", ""delta"": 10, ""reason"": ""Near-zero depth \u2014 confidently not flooded""}, {""factor"": ""Coverage coherence"", ""delta"": 7, ""reason"": ""0% coverage \u2014 confidently dry""}, {""factor"": ""Urban SAR shadow"", ""delta"": -15, ""reason"": ""Dense urban area \u2014 radar shadow can mimic water""}, {""factor"": ""Optical cross-check"", ""delta"": 6, ""reason"": ""Sentinel-2 confirms dry ground \u2014 sensors agree""}]",0,,"{""sar"": ""dry"", ""optical"": ""dry"", ""dem_hydrology"": ""flood""}"
HARV-00220,"4909 Holly Street, Bellaire, 77401",0.0,0.0,0.0,0.0,0.0,Remote-Deny,81,Deny remotely — no significant flooding detected by satellite,Satellite data at 4909 Holly Street indicates 0.0ft depth; remote-deny per 81% confidence.,1,1,0.0,"[{""factor"": ""SAR recency"", ""delta"": 8, ""reason"": ""Imagery 3d post-event \u2014 fresh""}, {""factor"": ""Depth certainty"", ""delta"": 10, ""reason"": ""Near-zero depth \u2014 confidently not flooded""}, {""factor"": ""Coverage coherence"", ""delta"": 7, ""reason"": ""0% coverage \u2014 confidently dry""}, {""factor"": ""Urban SAR shadow"", ""delta"": -15, ""reason"": ""Dense urban area \u2014 radar shadow can mimic water""}, {""factor"": ""Optical cross-check"", ""delta"": 6, ""reason"": ""Sentinel-2 confirms dry ground \u2014 sensors agree""}]",0,,"{""sar"": ""dry"", ""optical"": ""dry"", ""dem_hydrology"": ""flood""}"
HARV-00221,"4911 Holly Street, Bellaire, 77401",0.0,0.0,0.0,0.0,0.0,Remote-Deny,81,Deny remotely — no significant flooding detected by satellite,Satellite data at 4911 Holly Street indicates 0.0ft depth; remote-deny per 81% confidence.,1,1,0.0,"[{""factor"": ""SAR recency"", ""delta"": 8, ""reason"": ""Imagery 3d post-event \u2014 fresh""}, {""factor"": ""Depth certainty"", ""delta"": 10, ""reason"": ""Near-zero depth \u2014 confidently not flooded""}, {""factor"": ""Coverage coherence"", ""delta"": 7, ""reason"": ""0% coverage \u2014 confidently dry""}, {""factor"": ""Urban SAR shadow"", ""delta"": -15, ""reason"": ""Dense urban area \u2014 radar shadow can mimic water""}, {""factor"": ""Optical cross-check"", ""delta"": 6, ""reason"": ""Sentinel-2 confirms dry ground \u2014 sensors agree""}]",0,,"{""sar"": ""dry"", ""optical"": ""dry"", ""dem_hydrology"": ""flood""}"
HARV-00222,"4913 Holly Street, Bellaire, 77401",0.0,0.0,0.0,0.0,0.0,Remote-Deny,81,Deny remotely — no significant flooding detected by satellite,Satellite data at 4913 Holly Street indicates 0.0ft depth; remote-deny per 81% confidence.,1,1,0.0,"[{""factor"": ""SAR recency"", ""delta"": 8, ""reason"": ""Imagery 3d post-event \u2014 fresh""}, {""factor"": ""Depth certainty"", ""delta"": 10, ""reason"": ""Near-zero depth \u2014 confidently not flooded""}, {""factor"": ""Coverage coherence"", ""delta"": 7, ""reason"": ""0% coverage \u2014 confidently dry""}, {""factor"": ""Urban SAR shadow"", ""delta"": -15, ""reason"": ""Dense urban area \u2014 radar shadow can mimic water""}, {""factor"": ""Optical cross-check"", ""delta"": 6, ""reason"": ""Sentinel-2 confirms dry ground \u2014 sensors agree""}]",0,,"{""sar"": ""dry"", ""optical"": ""dry"", ""dem_hydrology"": ""flood""}"
HARV-00223,"4915 Holly Street, Bellaire, 77401",0.0,0.0,0.0,0.0,0.0,Remote-Deny,81,Deny remotely — no significant flooding detected by satellite,Satellite data at 4915 Holly Street indicates 0.0ft depth; remote-deny per 81% confidence.,1,1,0.0,"[{""factor"": ""SAR recency"", ""delta"": 8, ""reason"": ""Imagery 3d post-event \u2014 fresh""}, {""factor"": ""Depth certainty"", ""delta"": 10, ""reason"": ""Near-zero depth \u2014 confidently not flooded""}, {""factor"": ""Coverage coherence"", ""delta"": 7, ""reason"": ""0% coverage \u2014 confidently dry""}, {""factor"": ""Urban SAR shadow"", ""delta"": -15, ""reason"": ""Dense urban area \u2014 radar shadow can mimic water""}, {""factor"": ""Optical cross-check"", ""delta"": 6, ""reason"": ""Sentinel-2 confirms dry ground \u2014 sensors agree""}]",0,,"{""sar"": ""dry"", ""optical"": ""dry"", ""dem_hydrology"": ""flood""}"
HARV-00224,"4917 Holly Street, Bellaire, 77401",0.0,0.0,0.0,0.0,0.0,Remote-Deny,81,Deny remotely — no significant flooding detected by satellite,Satellite data at 4917 Holly Street indicates 0.0ft depth; remote-deny per 81% confidence.,1,1,0.0,"[{""factor"": ""SAR recency"", ""delta"": 8, ""reason"": ""Imagery 3d post-event \u2014 fresh""}, {""factor"": ""Depth certainty"", ""delta"": 10, ""reason"": ""Near-zero depth \u2014 confidently not flooded""}, {""factor"": ""Coverage coherence"", ""delta"": 7, ""reason"": ""0% coverage \u2014 confidently dry""}, {""factor"": ""Urban SAR shadow"", ""delta"": -15, ""reason"": ""Dense urban area \u2014 radar shadow can mimic water""}, {""factor"": ""Optical cross-check"", ""delta"": 6, ""reason"": ""Sentinel-2 confirms dry ground \u2014 sensors agree""}]",0,,"{""sar"": ""dry"", ""optical"": ""dry"", ""dem_hydrology"": ""flood""}"
HARV-00225,"4919 Holly Street, Bellaire, 77401",0.0,0.0,0.0,0.0,0.0,Remote-Deny,81,Deny remotely — no significant flooding detected by satellite,Satellite data at 4919 Holly Street indicates 0.0ft depth; remote-deny per 81% confidence.,1,1,0.0,"[{""factor"": ""SAR recency"", ""delta"": 8, ""reason"": ""Imagery 3d post-event \u2014 fresh""}, {""factor"": ""Depth certainty"", ""delta"": 10, ""reason"": ""Near-zero depth \u2014 confidently not flooded""}, {""factor"": ""Coverage coherence"", ""delta"": 7, ""reason"": ""0% coverage \u2014 confidently dry""}, {""factor"": ""Urban SAR shadow"", ""delta"": -15, ""reason"": ""Dense urban area \u2014 radar shadow can mimic water""}, {""factor"": ""Optical cross-check"", ""delta"": 6, ""reason"": ""Sentinel-2 confirms dry ground \u2014 sensors agree""}]",0,,"{""sar"": ""dry"", ""optical"": ""dry"", ""dem_hydrology"": ""flood""}"
HARV-00226,"4923 Holly Street, Bellaire, 77401",0.0,0.0,0.0,0.0,0.0,Remote-Deny,81,Deny remotely — no significant flooding detected by satellite,Satellite data at 4923 Holly Street indicates 0.0ft depth; remote-deny per 81% confidence.,1,1,0.0,"[{""factor"": ""SAR recency"", ""delta"": 8, ""reason"": ""Imagery 3d post-event \u2014 fresh""}, {""factor"": ""Depth certainty"", ""delta"": 10, ""reason"": ""Near-zero depth \u2014 confidently not flooded""}, {""factor"": ""Coverage coherence"", ""delta"": 7, ""reason"": ""0% coverage \u2014 confidently dry""}, {""factor"": ""Urban SAR shadow"", ""delta"": -15, ""reason"": ""Dense urban area \u2014 radar shadow can mimic water""}, {""factor"": ""Optical cross-check"", ""delta"": 6, ""reason"": ""Sentinel-2 confirms dry ground \u2014 sensors agree""}]",0,,"{""sar"": ""dry"", ""optical"": ""dry"", ""dem_hydrology"": ""flood""}"
HARV-00227,"4925 Holly Street, Bellaire, 77401",0.0,0.0,0.0,0.0,0.0,Remote-Deny,81,Deny remotely — no significant flooding detected by satellite,Satellite data at 4925 Holly Street indicates 0.0ft depth; remote-deny per 81% confidence.,1,1,0.0,"[{""factor"": ""SAR recency"", ""delta"": 8, ""reason"": ""Imagery 3d post-event \u2014 fresh""}, {""factor"": ""Depth certainty"", ""delta"": 10, ""reason"": ""Near-zero depth \u2014 confidently not flooded""}, {""factor"": ""Coverage coherence"", ""delta"": 7, ""reason"": ""0% coverage \u2014 confidently dry""}, {""factor"": ""Urban SAR shadow"", ""delta"": -15, ""reason"": ""Dense urban area \u2014 radar shadow can mimic water""}, {""factor"": ""Optical cross-check"", ""delta"": 6, ""reason"": ""Sentinel-2 confirms dry ground \u2014 sensors agree""}]",0,,"{""sar"": ""dry"", ""optical"": ""dry"", ""dem_hydrology"": ""flood""}"
HARV-00228,"4927 Holly Street, Bellaire, 77401",0.0,0.0,0.0,0.0,0.0,Remote-Deny,81,Deny remotely — no significant flooding detected by satellite,Satellite data at 4927 Holly Street indicates 0.0ft depth; remote-deny per 81% confidence.,1,1,0.0,"[{""factor"": ""SAR recency"", ""delta"": 8, ""reason"": ""Imagery 3d post-event \u2014 fresh""}, {""factor"": ""Depth certainty"", ""delta"": 10, ""reason"": ""Near-zero depth \u2014 confidently not flooded""}, {""factor"": ""Coverage coherence"", ""delta"": 7, ""reason"": ""0% coverage \u2014 confidently dry""}, {""factor"": ""Urban SAR shadow"", ""delta"": -15, ""reason"": ""Dense urban area \u2014 radar shadow can mimic water""}, {""factor"": ""Optical cross-check"", ""delta"": 6, ""reason"": ""Sentinel-2 confirms dry ground \u2014 sensors agree""}]",0,,"{""sar"": ""dry"", ""optical"": ""dry"", ""dem_hydrology"": ""flood""}"
HARV-00229,"4929 Holly Street, Bellaire, 77401",0.0,0.0,0.0,0.0,0.0,Remote-Deny,81,Deny remotely — no significant flooding detected by satellite,Satellite data at 4929 Holly Street indicates 0.0ft depth; remote-deny per 81% confidence.,1,1,0.0,"[{""factor"": ""SAR recency"", ""delta"": 8, ""reason"": ""Imagery 3d post-event \u2014 fresh""}, {""factor"": ""Depth certainty"", ""delta"": 10, ""reason"": ""Near-zero depth \u2014 confidently not flooded""}, {""factor"": ""Coverage coherence"", ""delta"": 7, ""reason"": ""0% coverage \u2014 confidently dry""}, {""factor"": ""Urban SAR shadow"", ""delta"": -15, ""reason"": ""Dense urban area \u2014 radar shadow can mimic water""}, {""factor"": ""Optical cross-check"", ""delta"": 6, ""reason"": ""Sentinel-2 confirms dry ground \u2014 sensors agree""}]",0,,"{""sar"": ""dry"", ""optical"": ""dry"", ""dem_hydrology"": ""flood""}"
HARV-00230,"2630 Westheimer Road, Houston, TX",0.0,0.0,0.0,0.0,0.0,Review,75,Flag for manual review — borderline measurements or low confidence,Satellite data at 2630 Westheimer Road indicates 0.0ft depth; review per 75% confidence.,1,1,0.0986,"[{""factor"": ""SAR recency"", ""delta"": 8, ""reason"": ""Imagery 3d post-event \u2014 fresh""}, {""factor"": ""Depth certainty"", ""delta"": 10, ""reason"": ""Near-zero depth \u2014 confidently not flooded""}, {""factor"": ""Coverage coherence"", ""delta"": 7, ""reason"": ""0% coverage \u2014 confidently dry""}, {""factor"": ""Urban SAR shadow"", ""delta"": -15, ""reason"": ""Dense urban area \u2014 radar shadow can mimic water""}]",0,,"{""sar"": ""dry"", ""optical"": ""abstain"", ""dem_hydrology"": ""abstain""}"
HARV-00231,"2611 South Shepherd Drive, Houston, TX, 77098",0.0,0.0,0.0,0.0,0.0,Remote-Deny,81,Deny remotely — no significant flooding detected by satellite,Satellite data at 2611 South Shepherd Drive indicates 0.0ft depth; remote-deny per 81% confidence.,1,1,0.0,"[{""factor"": ""SAR recency"", ""delta"": 8, ""reason"": ""Imagery 3d post-event \u2014 fresh""}, {""factor"": ""Depth certainty"", ""delta"": 10, ""reason"": ""Near-zero depth \u2014 confidently not flooded""}, {""factor"": ""Coverage coherence"", ""delta"": 7, ""reason"": ""0% coverage \u2014 confidently dry""}, {""factor"": ""Urban SAR shadow"", ""delta"": -15, ""reason"": ""Dense urban area \u2014 radar shadow can mimic water""}, {""factor"": ""Optical cross-check"", ""delta"": 6, ""reason"": ""Sentinel-2 confirms dry ground \u2014 sensors agree""}]",0,,"{""sar"": ""dry"", ""optical"": ""dry"", ""dem_hydrology"": ""flood""}"
HARV-00232,"2071 Westheimer Road, Houston, TX",0.0,0.0,0.0,0.0,0.0,Remote-Deny,81,Deny remotely — no significant flooding detected by satellite,Satellite data at 2071 Westheimer Road indicates 0.0ft depth; remote-deny per 81% confidence.,1,1,0.0,"[{""factor"": ""SAR recency"", ""delta"": 8, ""reason"": ""Imagery 3d post-event \u2014 fresh""}, {""factor"": ""Depth certainty"", ""delta"": 10, ""reason"": ""Near-zero depth \u2014 confidently not flooded""}, {""factor"": ""Coverage coherence"", ""delta"": 7, ""reason"": ""0% coverage \u2014 confidently dry""}, {""factor"": ""Urban SAR shadow"", ""delta"": -15, ""reason"": ""Dense urban area \u2014 radar shadow can mimic water""}, {""factor"": ""Optical cross-check"", ""delta"": 6, ""reason"": ""Sentinel-2 confirms dry ground \u2014 sensors agree""}]",0,,"{""sar"": ""dry"", ""optical"": ""dry"", ""dem_hydrology"": ""flood""}"
HARV-00233,1665 Westheimer Road,0.0,0.0,0.0,0.0,0.0,Remote-Deny,81,Deny remotely — no significant flooding detected by satellite,Satellite data at 1665 Westheimer Road indicates 0.0ft depth; remote-deny per 81% confidence.,1,1,0.0,"[{""factor"": ""SAR recency"", ""delta"": 8, ""reason"": ""Imagery 3d post-event \u2014 fresh""}, {""factor"": ""Depth certainty"", ""delta"": 10, ""reason"": ""Near-zero depth \u2014 confidently not flooded""}, {""factor"": ""Coverage coherence"", ""delta"": 7, ""reason"": ""0% coverage \u2014 confidently dry""}, {""factor"": ""Urban SAR shadow"", ""delta"": -15, ""reason"": ""Dense urban area \u2014 radar shadow can mimic water""}, {""factor"": ""Optical cross-check"", ""delta"": 6, ""reason"": ""Sentinel-2 confirms dry ground \u2014 sensors agree""}]",0,,"{""sar"": ""dry"", ""optical"": ""dry"", ""dem_hydrology"": ""flood""}"
HARV-00234,"3518 South Shepherd Drive, Houston, TX, 77098",0.0,0.0,0.0,0.0,0.0,Remote-Deny,81,Deny remotely — no significant flooding detected by satellite,Satellite data at 3518 South Shepherd Drive indicates 0.0ft depth; remote-deny per 81% confidence.,1,1,0.0,"[{""factor"": ""SAR recency"", ""delta"": 8, ""reason"": ""Imagery 3d post-event \u2014 fresh""}, {""factor"": ""Depth certainty"", ""delta"": 10, ""reason"": ""Near-zero depth \u2014 confidently not flooded""}, {""factor"": ""Coverage coherence"", ""delta"": 7, ""reason"": ""0% coverage \u2014 confidently dry""}, {""factor"": ""Urban SAR shadow"", ""delta"": -15, ""reason"": ""Dense urban area \u2014 radar shadow can mimic water""}, {""factor"": ""Optical cross-check"", ""delta"": 6, ""reason"": ""Sentinel-2 confirms dry ground \u2014 sensors agree""}]",0,,"{""sar"": ""dry"", ""optical"": ""dry"", ""dem_hydrology"": ""flood""}"
HARV-00235,"3514 South Shepherd Drive, Houston, TX, 77098",0.0,0.0,0.0,0.0,0.0,Remote-Deny,81,Deny remotely — no significant flooding detected by satellite,Satellite data at 3514 South Shepherd Drive indicates 0.0ft depth; remote-deny per 81% confidence.,1,1,0.0,"[{""factor"": ""SAR recency"", ""delta"": 8, ""reason"": ""Imagery 3d post-event \u2014 fresh""}, {""factor"": ""Depth certainty"", ""delta"": 10, ""reason"": ""Near-zero depth \u2014 confidently not flooded""}, {""factor"": ""Coverage coherence"", ""delta"": 7, ""reason"": ""0% coverage \u2014 confidently dry""}, {""factor"": ""Urban SAR shadow"", ""delta"": -15, ""reason"": ""Dense urban area \u2014 radar shadow can mimic water""}, {""factor"": ""Optical cross-check"", ""delta"": 6, ""reason"": ""Sentinel-2 confirms dry ground \u2014 sensors agree""}]",0,,"{""sar"": ""dry"", ""optical"": ""dry"", ""dem_hydrology"": ""flood""}"
HARV-00236,"2107 Richmond Avenue, Houston, TX, 77098",0.0,0.0,0.0,0.0,0.0,Remote-Deny,81,Deny remotely — no significant flooding detected by satellite,Satellite data at 2107 Richmond Avenue indicates 0.0ft depth; remote-deny per 81% confidence.,1,1,0.0,"[{""factor"": ""SAR recency"", ""delta"": 8, ""reason"": ""Imagery 3d post-event \u2014 fresh""}, {""factor"": ""Depth certainty"", ""delta"": 10, ""reason"": ""Near-zero depth \u2014 confidently not flooded""}, {""factor"": ""Coverage coherence"", ""delta"": 7, ""reason"": ""0% coverage \u2014 confidently dry""}, {""factor"": ""Urban SAR shadow"", ""delta"": -15, ""reason"": ""Dense urban area \u2014 radar shadow can mimic water""}, {""factor"": ""Optical cross-check"", ""delta"": 6, ""reason"": ""Sentinel-2 confirms dry ground \u2014 sensors agree""}]",0,,"{""sar"": ""dry"", ""optical"": ""dry"", ""dem_hydrology"": ""flood""}"
HARV-00237,"9630 Westheimer Road, Houston, TX, 77063",0.0,0.0,0.0,0.0,0.0,Review,75,Flag for manual review — borderline measurements or low confidence,Satellite data at 9630 Westheimer Road indicates 0.0ft depth; review per 75% confidence.,1,1,0.4696,"[{""factor"": ""SAR recency"", ""delta"": 8, ""reason"": ""Imagery 3d post-event \u2014 fresh""}, {""factor"": ""Depth certainty"", ""delta"": 10, ""reason"": ""Near-zero depth \u2014 confidently not flooded""}, {""factor"": ""Coverage coherence"", ""delta"": 7, ""reason"": ""0% coverage \u2014 confidently dry""}, {""factor"": ""Urban SAR shadow"", ""delta"": -15, ""reason"": ""Dense urban area \u2014 radar shadow can mimic water""}]",1,"Sensors disagree: optical, DEM-hydrology indicate flooding while SAR indicate dry/implausible — routed to manual review.","{""sar"": ""dry"", ""optical"": ""flood"", ""dem_hydrology"": ""flood""}"
HARV-00238,"5003 Loch Lomond Drive, Houston, TX, 77096",0.0,0.0,0.0,0.0,0.0,Remote-Deny,81,Deny remotely — no significant flooding detected by satellite,Satellite data at 5003 Loch Lomond Drive indicates 0.0ft depth; remote-deny per 81% confidence.,1,1,0.0,"[{""factor"": ""SAR recency"", ""delta"": 8, ""reason"": ""Imagery 3d post-event \u2014 fresh""}, {""factor"": ""Depth certainty"", ""delta"": 10, ""reason"": ""Near-zero depth \u2014 confidently not flooded""}, {""factor"": ""Coverage coherence"", ""delta"": 7, ""reason"": ""0% coverage \u2014 confidently dry""}, {""factor"": ""Urban SAR shadow"", ""delta"": -15, ""reason"": ""Dense urban area \u2014 radar shadow can mimic water""}, {""factor"": ""Optical cross-check"", ""delta"": 6, ""reason"": ""Sentinel-2 confirms dry ground \u2014 sensors agree""}]",0,,"{""sar"": ""dry"", ""optical"": ""dry"", ""dem_hydrology"": ""dry""}"
HARV-00239,"5014 Loch Lomond Drive, Houston, TX, 77096",0.0,0.0,0.0,0.0,0.0,Remote-Deny,81,Deny remotely — no significant flooding detected by satellite,Satellite data at 5014 Loch Lomond Drive indicates 0.0ft depth; remote-deny per 81% confidence.,1,1,0.0,"[{""factor"": ""SAR recency"", ""delta"": 8, ""reason"": ""Imagery 3d post-event \u2014 fresh""}, {""factor"": ""Depth certainty"", ""delta"": 10, ""reason"": ""Near-zero depth \u2014 confidently not flooded""}, {""factor"": ""Coverage coherence"", ""delta"": 7, ""reason"": ""0% coverage \u2014 confidently dry""}, {""factor"": ""Urban SAR shadow"", ""delta"": -15, ""reason"": ""Dense urban area \u2014 radar shadow can mimic water""}, {""factor"": ""Optical cross-check"", ""delta"": 6, ""reason"": ""Sentinel-2 confirms dry ground \u2014 sensors agree""}]",0,,"{""sar"": ""dry"", ""optical"": ""dry"", ""dem_hydrology"": ""abstain""}"
HARV-00240,"8230 Kirby Drive, Houston, TX, 77054",0.0,0.0,0.0,0.0,0.0,Review,75,Flag for manual review — borderline measurements or low confidence,Satellite data at 8230 Kirby Drive indicates 0.0ft depth; review per 75% confidence.,1,1,0.4392,"[{""factor"": ""SAR recency"", ""delta"": 8, ""reason"": ""Imagery 3d post-event \u2014 fresh""}, {""factor"": ""Depth certainty"", ""delta"": 10, ""reason"": ""Near-zero depth \u2014 confidently not flooded""}, {""factor"": ""Coverage coherence"", ""delta"": 7, ""reason"": ""0% coverage \u2014 confidently dry""}, {""factor"": ""Urban SAR shadow"", ""delta"": -15, ""reason"": ""Dense urban area \u2014 radar shadow can mimic water""}]",1,Sensors disagree: optical indicate flooding while SAR indicate dry/implausible — routed to manual review.,"{""sar"": ""dry"", ""optical"": ""flood"", ""dem_hydrology"": ""abstain""}"
HARV-00241,"3246 South Loop West, Houston, TX, 77025",0.0,0.0,0.0,0.0,0.0,Remote-Deny,96,Deny remotely — no significant flooding detected by satellite,Satellite data at 3246 South Loop West indicates 0.0ft depth; remote-deny per 96% confidence.,0,1,0.0,"[{""factor"": ""SAR recency"", ""delta"": 8, ""reason"": ""Imagery 3d post-event \u2014 fresh""}, {""factor"": ""Depth certainty"", ""delta"": 10, ""reason"": ""Near-zero depth \u2014 confidently not flooded""}, {""factor"": ""Coverage coherence"", ""delta"": 7, ""reason"": ""0% coverage \u2014 confidently dry""}, {""factor"": ""Optical cross-check"", ""delta"": 6, ""reason"": ""Sentinel-2 confirms dry ground \u2014 sensors agree""}]",0,,"{""sar"": ""dry"", ""optical"": ""dry"", ""dem_hydrology"": ""flood""}"
HARV-00242,"4814 North Braeswood Boulevard, Houston, TX, 77096",0.0,0.0,0.0,0.0,0.0,Remote-Deny,96,Deny remotely — no significant flooding detected by satellite,Satellite data at 4814 North Braeswood Boulevard indicates 0.0ft depth; remote-deny per 96% confidence.,0,1,0.0,"[{""factor"": ""SAR recency"", ""delta"": 8, ""reason"": ""Imagery 3d post-event \u2014 fresh""}, {""factor"": ""Depth certainty"", ""delta"": 10, ""reason"": ""Near-zero depth \u2014 confidently not flooded""}, {""factor"": ""Coverage coherence"", ""delta"": 7, ""reason"": ""0% coverage \u2014 confidently dry""}, {""factor"": ""Optical cross-check"", ""delta"": 6, ""reason"": ""Sentinel-2 confirms dry ground \u2014 sensors agree""}]",0,,"{""sar"": ""dry"", ""optical"": ""dry"", ""dem_hydrology"": ""dry""}"
HARV-00243,"4903 Jason Street, Houston, TX, 77096",0.0,0.0,0.0,0.0,0.0,Remote-Deny,81,Deny remotely — no significant flooding detected by satellite,Satellite data at 4903 Jason Street indicates 0.0ft depth; remote-deny per 81% confidence.,1,1,0.0,"[{""factor"": ""SAR recency"", ""delta"": 8, ""reason"": ""Imagery 3d post-event \u2014 fresh""}, {""factor"": ""Depth certainty"", ""delta"": 10, ""reason"": ""Near-zero depth \u2014 confidently not flooded""}, {""factor"": ""Coverage coherence"", ""delta"": 7, ""reason"": ""0% coverage \u2014 confidently dry""}, {""factor"": ""Urban SAR shadow"", ""delta"": -15, ""reason"": ""Dense urban area \u2014 radar shadow can mimic water""}, {""factor"": ""Optical cross-check"", ""delta"": 6, ""reason"": ""Sentinel-2 confirms dry ground \u2014 sensors agree""}]",0,,"{""sar"": ""dry"", ""optical"": ""dry"", ""dem_hydrology"": ""flood""}"
HARV-00244,"4907 Jason Street, Houston, TX, 77096",0.0,0.0,0.0,0.0,0.0,Remote-Deny,81,Deny remotely — no significant flooding detected by satellite,Satellite data at 4907 Jason Street indicates 0.0ft depth; remote-deny per 81% confidence.,1,1,0.0,"[{""factor"": ""SAR recency"", ""delta"": 8, ""reason"": ""Imagery 3d post-event \u2014 fresh""}, {""factor"": ""Depth certainty"", ""delta"": 10, ""reason"": ""Near-zero depth \u2014 confidently not flooded""}, {""factor"": ""Coverage coherence"", ""delta"": 7, ""reason"": ""0% coverage \u2014 confidently dry""}, {""factor"": ""Urban SAR shadow"", ""delta"": -15, ""reason"": ""Dense urban area \u2014 radar shadow can mimic water""}, {""factor"": ""Optical cross-check"", ""delta"": 6, ""reason"": ""Sentinel-2 confirms dry ground \u2014 sensors agree""}]",0,,"{""sar"": ""dry"", ""optical"": ""dry"", ""dem_hydrology"": ""flood""}"
HARV-00245,"4922 Jason Street, Houston, TX, 77096",0.0,0.0,0.0,0.0,0.0,Remote-Deny,81,Deny remotely — no significant flooding detected by satellite,Satellite data at 4922 Jason Street indicates 0.0ft depth; remote-deny per 81% confidence.,1,1,0.0,"[{""factor"": ""SAR recency"", ""delta"": 8, ""reason"": ""Imagery 3d post-event \u2014 fresh""}, {""factor"": ""Depth certainty"", ""delta"": 10, ""reason"": ""Near-zero depth \u2014 confidently not flooded""}, {""factor"": ""Coverage coherence"", ""delta"": 7, ""reason"": ""0% coverage \u2014 confidently dry""}, {""factor"": ""Urban SAR shadow"", ""delta"": -15, ""reason"": ""Dense urban area \u2014 radar shadow can mimic water""}, {""factor"": ""Optical cross-check"", ""delta"": 6, ""reason"": ""Sentinel-2 confirms dry ground \u2014 sensors agree""}]",0,,"{""sar"": ""dry"", ""optical"": ""dry"", ""dem_hydrology"": ""flood""}"
HARV-00246,"5006 Jason Street, Houston, TX, 77096",0.0,0.0,0.0,0.0,0.0,Remote-Deny,81,Deny remotely — no significant flooding detected by satellite,Satellite data at 5006 Jason Street indicates 0.0ft depth; remote-deny per 81% confidence.,1,1,0.0,"[{""factor"": ""SAR recency"", ""delta"": 8, ""reason"": ""Imagery 3d post-event \u2014 fresh""}, {""factor"": ""Depth certainty"", ""delta"": 10, ""reason"": ""Near-zero depth \u2014 confidently not flooded""}, {""factor"": ""Coverage coherence"", ""delta"": 7, ""reason"": ""0% coverage \u2014 confidently dry""}, {""factor"": ""Urban SAR shadow"", ""delta"": -15, ""reason"": ""Dense urban area \u2014 radar shadow can mimic water""}, {""factor"": ""Optical cross-check"", ""delta"": 6, ""reason"": ""Sentinel-2 confirms dry ground \u2014 sensors agree""}]",0,,"{""sar"": ""dry"", ""optical"": ""dry"", ""dem_hydrology"": ""abstain""}"
HARV-00247,"5015 Grape Street, Houston, TX, 77096",0.0,0.0,0.0,0.0,0.0,Remote-Deny,81,Deny remotely — no significant flooding detected by satellite,Satellite data at 5015 Grape Street indicates 0.0ft depth; remote-deny per 81% confidence.,1,1,0.0,"[{""factor"": ""SAR recency"", ""delta"": 8, ""reason"": ""Imagery 3d post-event \u2014 fresh""}, {""factor"": ""Depth certainty"", ""delta"": 10, ""reason"": ""Near-zero depth \u2014 confidently not flooded""}, {""factor"": ""Coverage coherence"", ""delta"": 7, ""reason"": ""0% coverage \u2014 confidently dry""}, {""factor"": ""Urban SAR shadow"", ""delta"": -15, ""reason"": ""Dense urban area \u2014 radar shadow can mimic water""}, {""factor"": ""Optical cross-check"", ""delta"": 6, ""reason"": ""Sentinel-2 confirms dry ground \u2014 sensors agree""}]",0,,"{""sar"": ""dry"", ""optical"": ""dry"", ""dem_hydrology"": ""abstain""}"
HARV-00248,"5022 Jason Street, Houston, TX, 77096",0.0,0.0,0.0,0.0,0.0,Remote-Deny,81,Deny remotely — no significant flooding detected by satellite,Satellite data at 5022 Jason Street indicates 0.0ft depth; remote-deny per 81% confidence.,1,1,0.0,"[{""factor"": ""SAR recency"", ""delta"": 8, ""reason"": ""Imagery 3d post-event \u2014 fresh""}, {""factor"": ""Depth certainty"", ""delta"": 10, ""reason"": ""Near-zero depth \u2014 confidently not flooded""}, {""factor"": ""Coverage coherence"", ""delta"": 7, ""reason"": ""0% coverage \u2014 confidently dry""}, {""factor"": ""Urban SAR shadow"", ""delta"": -15, ""reason"": ""Dense urban area \u2014 radar shadow can mimic water""}, {""factor"": ""Optical cross-check"", ""delta"": 6, ""reason"": ""Sentinel-2 confirms dry ground \u2014 sensors agree""}]",0,,"{""sar"": ""dry"", ""optical"": ""dry"", ""dem_hydrology"": ""abstain""}"
HARV-00249,"6600 South Rice, Bellaire, TX, 77401",0.0,0.0,0.0,0.0,0.0,Remote-Deny,81,Deny remotely — no significant flooding detected by satellite,Satellite data at 6600 South Rice indicates 0.0ft depth; remote-deny per 81% confidence.,1,1,0.0,"[{""factor"": ""SAR recency"", ""delta"": 8, ""reason"": ""Imagery 3d post-event \u2014 fresh""}, {""factor"": ""Depth certainty"", ""delta"": 10, ""reason"": ""Near-zero depth \u2014 confidently not flooded""}, {""factor"": ""Coverage coherence"", ""delta"": 7, ""reason"": ""0% coverage \u2014 confidently dry""}, {""factor"": ""Urban SAR shadow"", ""delta"": -15, ""reason"": ""Dense urban area \u2014 radar shadow can mimic water""}, {""factor"": ""Optical cross-check"", ""delta"": 6, ""reason"": ""Sentinel-2 confirms dry ground \u2014 sensors agree""}]",0,,"{""sar"": ""dry"", ""optical"": ""dry"", ""dem_hydrology"": ""flood""}"
HARV-00250,"403 Jackson Hill Street, Houston, TX, 77007",0.0,0.0,0.0,0.0,0.0,Remote-Deny,81,Deny remotely — no significant flooding detected by satellite,Satellite data at 403 Jackson Hill Street indicates 0.0ft depth; remote-deny per 81% confidence.,1,1,0.0,"[{""factor"": ""SAR recency"", ""delta"": 8, ""reason"": ""Imagery 3d post-event \u2014 fresh""}, {""factor"": ""Depth certainty"", ""delta"": 10, ""reason"": ""Near-zero depth \u2014 confidently not flooded""}, {""factor"": ""Coverage coherence"", ""delta"": 7, ""reason"": ""0% coverage \u2014 confidently dry""}, {""factor"": ""Urban SAR shadow"", ""delta"": -15, ""reason"": ""Dense urban area \u2014 radar shadow can mimic water""}, {""factor"": ""Optical cross-check"", ""delta"": 6, ""reason"": ""Sentinel-2 confirms dry ground \u2014 sensors agree""}]",0,,"{""sar"": ""dry"", ""optical"": ""dry"", ""dem_hydrology"": ""dry""}"
HARV-00251,"405 Jackson Hill Street, Houston, TX, 77007",0.0,0.0,0.0,0.0,0.0,Remote-Deny,81,Deny remotely — no significant flooding detected by satellite,Satellite data at 405 Jackson Hill Street indicates 0.0ft depth; remote-deny per 81% confidence.,1,1,0.0,"[{""factor"": ""SAR recency"", ""delta"": 8, ""reason"": ""Imagery 3d post-event \u2014 fresh""}, {""factor"": ""Depth certainty"", ""delta"": 10, ""reason"": ""Near-zero depth \u2014 confidently not flooded""}, {""factor"": ""Coverage coherence"", ""delta"": 7, ""reason"": ""0% coverage \u2014 confidently dry""}, {""factor"": ""Urban SAR shadow"", ""delta"": -15, ""reason"": ""Dense urban area \u2014 radar shadow can mimic water""}, {""factor"": ""Optical cross-check"", ""delta"": 6, ""reason"": ""Sentinel-2 confirms dry ground \u2014 sensors agree""}]",0,,"{""sar"": ""dry"", ""optical"": ""dry"", ""dem_hydrology"": ""dry""}"
HARV-00252,"407 Jackson Hill Street, Houston, TX, 77007",0.0,0.0,0.0,0.0,0.0,Remote-Deny,81,Deny remotely — no significant flooding detected by satellite,Satellite data at 407 Jackson Hill Street indicates 0.0ft depth; remote-deny per 81% confidence.,1,1,0.0,"[{""factor"": ""SAR recency"", ""delta"": 8, ""reason"": ""Imagery 3d post-event \u2014 fresh""}, {""factor"": ""Depth certainty"", ""delta"": 10, ""reason"": ""Near-zero depth \u2014 confidently not flooded""}, {""factor"": ""Coverage coherence"", ""delta"": 7, ""reason"": ""0% coverage \u2014 confidently dry""}, {""factor"": ""Urban SAR shadow"", ""delta"": -15, ""reason"": ""Dense urban area \u2014 radar shadow can mimic water""}, {""factor"": ""Optical cross-check"", ""delta"": 6, ""reason"": ""Sentinel-2 confirms dry ground \u2014 sensors agree""}]",0,,"{""sar"": ""dry"", ""optical"": ""dry"", ""dem_hydrology"": ""dry""}"
HARV-00253,"409 Jackson Hill Street, Houston, TX, 77007",0.0,0.0,0.0,0.0,0.0,Remote-Deny,81,Deny remotely — no significant flooding detected by satellite,Satellite data at 409 Jackson Hill Street indicates 0.0ft depth; remote-deny per 81% confidence.,1,1,0.0,"[{""factor"": ""SAR recency"", ""delta"": 8, ""reason"": ""Imagery 3d post-event \u2014 fresh""}, {""factor"": ""Depth certainty"", ""delta"": 10, ""reason"": ""Near-zero depth \u2014 confidently not flooded""}, {""factor"": ""Coverage coherence"", ""delta"": 7, ""reason"": ""0% coverage \u2014 confidently dry""}, {""factor"": ""Urban SAR shadow"", ""delta"": -15, ""reason"": ""Dense urban area \u2014 radar shadow can mimic water""}, {""factor"": ""Optical cross-check"", ""delta"": 6, ""reason"": ""Sentinel-2 confirms dry ground \u2014 sensors agree""}]",0,,"{""sar"": ""dry"", ""optical"": ""dry"", ""dem_hydrology"": ""dry""}"
HARV-00254,"411 Jackson Hill Street, Houston, TX, 77007",0.0,0.0,0.0,0.0,0.0,Remote-Deny,81,Deny remotely — no significant flooding detected by satellite,Satellite data at 411 Jackson Hill Street indicates 0.0ft depth; remote-deny per 81% confidence.,1,1,0.0,"[{""factor"": ""SAR recency"", ""delta"": 8, ""reason"": ""Imagery 3d post-event \u2014 fresh""}, {""factor"": ""Depth certainty"", ""delta"": 10, ""reason"": ""Near-zero depth \u2014 confidently not flooded""}, {""factor"": ""Coverage coherence"", ""delta"": 7, ""reason"": ""0% coverage \u2014 confidently dry""}, {""factor"": ""Urban SAR shadow"", ""delta"": -15, ""reason"": ""Dense urban area \u2014 radar shadow can mimic water""}, {""factor"": ""Optical cross-check"", ""delta"": 6, ""reason"": ""Sentinel-2 confirms dry ground \u2014 sensors agree""}]",0,,"{""sar"": ""dry"", ""optical"": ""dry"", ""dem_hydrology"": ""dry""}"
HARV-00255,"413 Jackson Hill Street, Houston, TX, 77007",0.0,0.0,0.0,0.0,0.0,Remote-Deny,81,Deny remotely — no significant flooding detected by satellite,Satellite data at 413 Jackson Hill Street indicates 0.0ft depth; remote-deny per 81% confidence.,1,1,0.0,"[{""factor"": ""SAR recency"", ""delta"": 8, ""reason"": ""Imagery 3d post-event \u2014 fresh""}, {""factor"": ""Depth certainty"", ""delta"": 10, ""reason"": ""Near-zero depth \u2014 confidently not flooded""}, {""factor"": ""Coverage coherence"", ""delta"": 7, ""reason"": ""0% coverage \u2014 confidently dry""}, {""factor"": ""Urban SAR shadow"", ""delta"": -15, ""reason"": ""Dense urban area \u2014 radar shadow can mimic water""}, {""factor"": ""Optical cross-check"", ""delta"": 6, ""reason"": ""Sentinel-2 confirms dry ground \u2014 sensors agree""}]",0,,"{""sar"": ""dry"", ""optical"": ""dry"", ""dem_hydrology"": ""dry""}"
HARV-00256,"5025 Jason Street, Houston, TX, 77096",0.0,0.0,0.0,0.0,0.0,Remote-Deny,81,Deny remotely — no significant flooding detected by satellite,Satellite data at 5025 Jason Street indicates 0.0ft depth; remote-deny per 81% confidence.,1,1,0.0,"[{""factor"": ""SAR recency"", ""delta"": 8, ""reason"": ""Imagery 3d post-event \u2014 fresh""}, {""factor"": ""Depth certainty"", ""delta"": 10, ""reason"": ""Near-zero depth \u2014 confidently not flooded""}, {""factor"": ""Coverage coherence"", ""delta"": 7, ""reason"": ""0% coverage \u2014 confidently dry""}, {""factor"": ""Urban SAR shadow"", ""delta"": -15, ""reason"": ""Dense urban area \u2014 radar shadow can mimic water""}, {""factor"": ""Optical cross-check"", ""delta"": 6, ""reason"": ""Sentinel-2 confirms dry ground \u2014 sensors agree""}]",0,,"{""sar"": ""dry"", ""optical"": ""dry"", ""dem_hydrology"": ""abstain""}"
HARV-00257,"8823 South Rice Avenue, Houston, TX, 77096",0.0,0.0,0.0,0.0,0.0,Remote-Deny,81,Deny remotely — no significant flooding detected by satellite,Satellite data at 8823 South Rice Avenue indicates 0.0ft depth; remote-deny per 81% confidence.,1,1,0.0,"[{""factor"": ""SAR recency"", ""delta"": 8, ""reason"": ""Imagery 3d post-event \u2014 fresh""}, {""factor"": ""Depth certainty"", ""delta"": 10, ""reason"": ""Near-zero depth \u2014 confidently not flooded""}, {""factor"": ""Coverage coherence"", ""delta"": 7, ""reason"": ""0% coverage \u2014 confidently dry""}, {""factor"": ""Urban SAR shadow"", ""delta"": -15, ""reason"": ""Dense urban area \u2014 radar shadow can mimic water""}, {""factor"": ""Optical cross-check"", ""delta"": 6, ""reason"": ""Sentinel-2 confirms dry ground \u2014 sensors agree""}]",0,,"{""sar"": ""dry"", ""optical"": ""dry"", ""dem_hydrology"": ""abstain""}"
HARV-00258,"5747 South Braeswood Boulevard, Houston",0.0,0.0,0.0,0.0,0.0,Remote-Deny,81,Deny remotely — no significant flooding detected by satellite,Satellite data at 5747 South Braeswood Boulevard indicates 0.0ft depth; remote-deny per 81% confidence.,1,1,0.0,"[{""factor"": ""SAR recency"", ""delta"": 8, ""reason"": ""Imagery 3d post-event \u2014 fresh""}, {""factor"": ""Depth certainty"", ""delta"": 10, ""reason"": ""Near-zero depth \u2014 confidently not flooded""}, {""factor"": ""Coverage coherence"", ""delta"": 7, ""reason"": ""0% coverage \u2014 confidently dry""}, {""factor"": ""Urban SAR shadow"", ""delta"": -15, ""reason"": ""Dense urban area \u2014 radar shadow can mimic water""}, {""factor"": ""Optical cross-check"", ""delta"": 6, ""reason"": ""Sentinel-2 confirms dry ground \u2014 sensors agree""}]",0,,"{""sar"": ""dry"", ""optical"": ""dry"", ""dem_hydrology"": ""dry""}"
HARV-00259,"5879 Braesheather Drive, Houston",0.0,0.0,0.0,0.0,0.0,Remote-Deny,81,Deny remotely — no significant flooding detected by satellite,Satellite data at 5879 Braesheather Drive indicates 0.0ft depth; remote-deny per 81% confidence.,1,1,0.0,"[{""factor"": ""SAR recency"", ""delta"": 8, ""reason"": ""Imagery 3d post-event \u2014 fresh""}, {""factor"": ""Depth certainty"", ""delta"": 10, ""reason"": ""Near-zero depth \u2014 confidently not flooded""}, {""factor"": ""Coverage coherence"", ""delta"": 7, ""reason"": ""0% coverage \u2014 confidently dry""}, {""factor"": ""Urban SAR shadow"", ""delta"": -15, ""reason"": ""Dense urban area \u2014 radar shadow can mimic water""}, {""factor"": ""Optical cross-check"", ""delta"": 6, ""reason"": ""Sentinel-2 confirms dry ground \u2014 sensors agree""}]",0,,"{""sar"": ""dry"", ""optical"": ""dry"", ""dem_hydrology"": ""dry""}"
HARV-00260,"5234 North Braeswood Boulevard, Houston, TX, 77096",0.0,0.0,0.0,0.0,0.0,Remote-Deny,81,Deny remotely — no significant flooding detected by satellite,Satellite data at 5234 North Braeswood Boulevard indicates 0.0ft depth; remote-deny per 81% confidence.,1,1,0.0,"[{""factor"": ""SAR recency"", ""delta"": 8, ""reason"": ""Imagery 3d post-event \u2014 fresh""}, {""factor"": ""Depth certainty"", ""delta"": 10, ""reason"": ""Near-zero depth \u2014 confidently not flooded""}, {""factor"": ""Coverage coherence"", ""delta"": 7, ""reason"": ""0% coverage \u2014 confidently dry""}, {""factor"": ""Urban SAR shadow"", ""delta"": -15, ""reason"": ""Dense urban area \u2014 radar shadow can mimic water""}, {""factor"": ""Optical cross-check"", ""delta"": 6, ""reason"": ""Sentinel-2 confirms dry ground \u2014 sensors agree""}]",0,,"{""sar"": ""dry"", ""optical"": ""dry"", ""dem_hydrology"": ""dry""}"
HARV-00261,"5238 North Braeswood Boulevard, Houston, TX, 77096",0.0,0.0,0.0,0.0,0.0,Remote-Deny,81,Deny remotely — no significant flooding detected by satellite,Satellite data at 5238 North Braeswood Boulevard indicates 0.0ft depth; remote-deny per 81% confidence.,1,1,0.0,"[{""factor"": ""SAR recency"", ""delta"": 8, ""reason"": ""Imagery 3d post-event \u2014 fresh""}, {""factor"": ""Depth certainty"", ""delta"": 10, ""reason"": ""Near-zero depth \u2014 confidently not flooded""}, {""factor"": ""Coverage coherence"", ""delta"": 7, ""reason"": ""0% coverage \u2014 confidently dry""}, {""factor"": ""Urban SAR shadow"", ""delta"": -15, ""reason"": ""Dense urban area \u2014 radar shadow can mimic water""}, {""factor"": ""Optical cross-check"", ""delta"": 6, ""reason"": ""Sentinel-2 confirms dry ground \u2014 sensors agree""}]",0,,"{""sar"": ""dry"", ""optical"": ""dry"", ""dem_hydrology"": ""dry""}"
HARV-00262,"5242 North Braeswood Boulevard, Houston, TX, 77096",0.0,0.0,0.0,0.0,0.0,Remote-Deny,96,Deny remotely — no significant flooding detected by satellite,Satellite data at 5242 North Braeswood Boulevard indicates 0.0ft depth; remote-deny per 96% confidence.,0,1,0.0,"[{""factor"": ""SAR recency"", ""delta"": 8, ""reason"": ""Imagery 3d post-event \u2014 fresh""}, {""factor"": ""Depth certainty"", ""delta"": 10, ""reason"": ""Near-zero depth \u2014 confidently not flooded""}, {""factor"": ""Coverage coherence"", ""delta"": 7, ""reason"": ""0% coverage \u2014 confidently dry""}, {""factor"": ""Optical cross-check"", ""delta"": 6, ""reason"": ""Sentinel-2 confirms dry ground \u2014 sensors agree""}]",0,,"{""sar"": ""dry"", ""optical"": ""dry"", ""dem_hydrology"": ""dry""}"
HARV-00263,"5246 North Braeswood Boulevard, Houston, TX, 77096",0.0,0.0,0.0,0.0,0.0,Remote-Deny,96,Deny remotely — no significant flooding detected by satellite,Satellite data at 5246 North Braeswood Boulevard indicates 0.0ft depth; remote-deny per 96% confidence.,0,1,0.0,"[{""factor"": ""SAR recency"", ""delta"": 8, ""reason"": ""Imagery 3d post-event \u2014 fresh""}, {""factor"": ""Depth certainty"", ""delta"": 10, ""reason"": ""Near-zero depth \u2014 confidently not flooded""}, {""factor"": ""Coverage coherence"", ""delta"": 7, ""reason"": ""0% coverage \u2014 confidently dry""}, {""factor"": ""Optical cross-check"", ""delta"": 6, ""reason"": ""Sentinel-2 confirms dry ground \u2014 sensors agree""}]",0,,"{""sar"": ""dry"", ""optical"": ""dry"", ""dem_hydrology"": ""dry""}"
HARV-00264,"5250 North Braeswood Boulevard, Houston, TX, 77096",0.0,0.0,0.0,0.0,0.0,Remote-Deny,96,Deny remotely — no significant flooding detected by satellite,Satellite data at 5250 North Braeswood Boulevard indicates 0.0ft depth; remote-deny per 96% confidence.,0,1,0.0,"[{""factor"": ""SAR recency"", ""delta"": 8, ""reason"": ""Imagery 3d post-event \u2014 fresh""}, {""factor"": ""Depth certainty"", ""delta"": 10, ""reason"": ""Near-zero depth \u2014 confidently not flooded""}, {""factor"": ""Coverage coherence"", ""delta"": 7, ""reason"": ""0% coverage \u2014 confidently dry""}, {""factor"": ""Optical cross-check"", ""delta"": 6, ""reason"": ""Sentinel-2 confirms dry ground \u2014 sensors agree""}]",0,,"{""sar"": ""dry"", ""optical"": ""dry"", ""dem_hydrology"": ""dry""}"
HARV-00265,"5254 North Braeswood Boulevard, Houston, TX, 77096",0.0,0.0,0.0,0.0,0.0,Remote-Deny,96,Deny remotely — no significant flooding detected by satellite,Satellite data at 5254 North Braeswood Boulevard indicates 0.0ft depth; remote-deny per 96% confidence.,0,1,0.0,"[{""factor"": ""SAR recency"", ""delta"": 8, ""reason"": ""Imagery 3d post-event \u2014 fresh""}, {""factor"": ""Depth certainty"", ""delta"": 10, ""reason"": ""Near-zero depth \u2014 confidently not flooded""}, {""factor"": ""Coverage coherence"", ""delta"": 7, ""reason"": ""0% coverage \u2014 confidently dry""}, {""factor"": ""Optical cross-check"", ""delta"": 6, ""reason"": ""Sentinel-2 confirms dry ground \u2014 sensors agree""}]",0,,"{""sar"": ""dry"", ""optical"": ""dry"", ""dem_hydrology"": ""dry""}"
HARV-00266,"5142 Jackwood Street, 77096",0.0,0.0,0.0,0.0,0.0,Review,75,Flag for manual review — borderline measurements or low confidence,Satellite data at 5142 Jackwood Street indicates 0.0ft depth; review per 75% confidence.,1,1,0.1159,"[{""factor"": ""SAR recency"", ""delta"": 8, ""reason"": ""Imagery 3d post-event \u2014 fresh""}, {""factor"": ""Depth certainty"", ""delta"": 10, ""reason"": ""Near-zero depth \u2014 confidently not flooded""}, {""factor"": ""Coverage coherence"", ""delta"": 7, ""reason"": ""0% coverage \u2014 confidently dry""}, {""factor"": ""Urban SAR shadow"", ""delta"": -15, ""reason"": ""Dense urban area \u2014 radar shadow can mimic water""}]",1,"Sensors disagree: optical, DEM-hydrology indicate flooding while SAR indicate dry/implausible — routed to manual review.","{""sar"": ""dry"", ""optical"": ""flood"", ""dem_hydrology"": ""flood""}"
HARV-00267,"5035 Jackwood Street, Houston, TX, 77096",0.0,0.0,0.0,0.0,0.0,Remote-Deny,81,Deny remotely — no significant flooding detected by satellite,Satellite data at 5035 Jackwood Street indicates 0.0ft depth; remote-deny per 81% confidence.,1,1,0.0,"[{""factor"": ""SAR recency"", ""delta"": 8, ""reason"": ""Imagery 3d post-event \u2014 fresh""}, {""factor"": ""Depth certainty"", ""delta"": 10, ""reason"": ""Near-zero depth \u2014 confidently not flooded""}, {""factor"": ""Coverage coherence"", ""delta"": 7, ""reason"": ""0% coverage \u2014 confidently dry""}, {""factor"": ""Urban SAR shadow"", ""delta"": -15, ""reason"": ""Dense urban area \u2014 radar shadow can mimic water""}, {""factor"": ""Optical cross-check"", ""delta"": 6, ""reason"": ""Sentinel-2 confirms dry ground \u2014 sensors agree""}]",0,,"{""sar"": ""dry"", ""optical"": ""dry"", ""dem_hydrology"": ""abstain""}"
HARV-00268,"5106 Jackwood Street, Houston, TX, 77096",0.0,0.0,0.0,0.0,0.0,Remote-Deny,81,Deny remotely — no significant flooding detected by satellite,Satellite data at 5106 Jackwood Street indicates 0.0ft depth; remote-deny per 81% confidence.,1,1,0.0,"[{""factor"": ""SAR recency"", ""delta"": 8, ""reason"": ""Imagery 3d post-event \u2014 fresh""}, {""factor"": ""Depth certainty"", ""delta"": 10, ""reason"": ""Near-zero depth \u2014 confidently not flooded""}, {""factor"": ""Coverage coherence"", ""delta"": 7, ""reason"": ""0% coverage \u2014 confidently dry""}, {""factor"": ""Urban SAR shadow"", ""delta"": -15, ""reason"": ""Dense urban area \u2014 radar shadow can mimic water""}, {""factor"": ""Optical cross-check"", ""delta"": 6, ""reason"": ""Sentinel-2 confirms dry ground \u2014 sensors agree""}]",0,,"{""sar"": ""dry"", ""optical"": ""dry"", ""dem_hydrology"": ""abstain""}"
HARV-00269,"5119 Indigo Street, Houston, TX, 77096",0.0,0.0,0.0,0.0,0.0,Remote-Deny,81,Deny remotely — no significant flooding detected by satellite,Satellite data at 5119 Indigo Street indicates 0.0ft depth; remote-deny per 81% confidence.,1,1,0.0,"[{""factor"": ""SAR recency"", ""delta"": 8, ""reason"": ""Imagery 3d post-event \u2014 fresh""}, {""factor"": ""Depth certainty"", ""delta"": 10, ""reason"": ""Near-zero depth \u2014 confidently not flooded""}, {""factor"": ""Coverage coherence"", ""delta"": 7, ""reason"": ""0% coverage \u2014 confidently dry""}, {""factor"": ""Urban SAR shadow"", ""delta"": -15, ""reason"": ""Dense urban area \u2014 radar shadow can mimic water""}, {""factor"": ""Optical cross-check"", ""delta"": 6, ""reason"": ""Sentinel-2 confirms dry ground \u2014 sensors agree""}]",0,,"{""sar"": ""dry"", ""optical"": ""dry"", ""dem_hydrology"": ""abstain""}"
HARV-00270,"5127 Indigo Street, Houston, TX, 77096",0.0,0.0,0.0,0.0,0.0,Remote-Deny,81,Deny remotely — no significant flooding detected by satellite,Satellite data at 5127 Indigo Street indicates 0.0ft depth; remote-deny per 81% confidence.,1,1,0.0,"[{""factor"": ""SAR recency"", ""delta"": 8, ""reason"": ""Imagery 3d post-event \u2014 fresh""}, {""factor"": ""Depth certainty"", ""delta"": 10, ""reason"": ""Near-zero depth \u2014 confidently not flooded""}, {""factor"": ""Coverage coherence"", ""delta"": 7, ""reason"": ""0% coverage \u2014 confidently dry""}, {""factor"": ""Urban SAR shadow"", ""delta"": -15, ""reason"": ""Dense urban area \u2014 radar shadow can mimic water""}, {""factor"": ""Optical cross-check"", ""delta"": 6, ""reason"": ""Sentinel-2 confirms dry ground \u2014 sensors agree""}]",0,,"{""sar"": ""dry"", ""optical"": ""dry"", ""dem_hydrology"": ""abstain""}"
HARV-00271,"5102 Indigo Street, Houston, TX, 77096",0.0,0.0,0.0,0.0,0.0,Remote-Deny,81,Deny remotely — no significant flooding detected by satellite,Satellite data at 5102 Indigo Street indicates 0.0ft depth; remote-deny per 81% confidence.,1,1,0.0,"[{""factor"": ""SAR recency"", ""delta"": 8, ""reason"": ""Imagery 3d post-event \u2014 fresh""}, {""factor"": ""Depth certainty"", ""delta"": 10, ""reason"": ""Near-zero depth \u2014 confidently not flooded""}, {""factor"": ""Coverage coherence"", ""delta"": 7, ""reason"": ""0% coverage \u2014 confidently dry""}, {""factor"": ""Urban SAR shadow"", ""delta"": -15, ""reason"": ""Dense urban area \u2014 radar shadow can mimic water""}, {""factor"": ""Optical cross-check"", ""delta"": 6, ""reason"": ""Sentinel-2 confirms dry ground \u2014 sensors agree""}]",0,,"{""sar"": ""dry"", ""optical"": ""dry"", ""dem_hydrology"": ""abstain""}"
HARV-00272,"5007 Jackwood Street, Houston, TX, 77096",0.0,0.0,0.0,0.0,0.0,Remote-Deny,81,Deny remotely — no significant flooding detected by satellite,Satellite data at 5007 Jackwood Street indicates 0.0ft depth; remote-deny per 81% confidence.,1,1,0.0,"[{""factor"": ""SAR recency"", ""delta"": 8, ""reason"": ""Imagery 3d post-event \u2014 fresh""}, {""factor"": ""Depth certainty"", ""delta"": 10, ""reason"": ""Near-zero depth \u2014 confidently not flooded""}, {""factor"": ""Coverage coherence"", ""delta"": 7, ""reason"": ""0% coverage \u2014 confidently dry""}, {""factor"": ""Urban SAR shadow"", ""delta"": -15, ""reason"": ""Dense urban area \u2014 radar shadow can mimic water""}, {""factor"": ""Optical cross-check"", ""delta"": 6, ""reason"": ""Sentinel-2 confirms dry ground \u2014 sensors agree""}]",0,,"{""sar"": ""dry"", ""optical"": ""dry"", ""dem_hydrology"": ""abstain""}"
HARV-00273,"5154 Jackwood Street, Houston, TX, 77096",0.0,0.0,0.0,0.0,0.0,Remote-Deny,81,Deny remotely — no significant flooding detected by satellite,Satellite data at 5154 Jackwood Street indicates 0.0ft depth; remote-deny per 81% confidence.,1,1,0.0469,"[{""factor"": ""SAR recency"", ""delta"": 8, ""reason"": ""Imagery 3d post-event \u2014 fresh""}, {""factor"": ""Depth certainty"", ""delta"": 10, ""reason"": ""Near-zero depth \u2014 confidently not flooded""}, {""factor"": ""Coverage coherence"", ""delta"": 7, ""reason"": ""0% coverage \u2014 confidently dry""}, {""factor"": ""Urban SAR shadow"", ""delta"": -15, ""reason"": ""Dense urban area \u2014 radar shadow can mimic water""}, {""factor"": ""Optical cross-check"", ""delta"": 6, ""reason"": ""Sentinel-2 confirms dry ground \u2014 sensors agree""}]",0,,"{""sar"": ""dry"", ""optical"": ""dry"", ""dem_hydrology"": ""flood""}"
HARV-00274,"4802 North Braeswood Boulevard, Houston, TX, 77096",0.0,0.0,0.0,0.0,0.0,Remote-Deny,81,Deny remotely — no significant flooding detected by satellite,Satellite data at 4802 North Braeswood Boulevard indicates 0.0ft depth; remote-deny per 81% confidence.,1,1,0.0,"[{""factor"": ""SAR recency"", ""delta"": 8, ""reason"": ""Imagery 3d post-event \u2014 fresh""}, {""factor"": ""Depth certainty"", ""delta"": 10, ""reason"": ""Near-zero depth \u2014 confidently not flooded""}, {""factor"": ""Coverage coherence"", ""delta"": 7, ""reason"": ""0% coverage \u2014 confidently dry""}, {""factor"": ""Urban SAR shadow"", ""delta"": -15, ""reason"": ""Dense urban area \u2014 radar shadow can mimic water""}, {""factor"": ""Optical cross-check"", ""delta"": 6, ""reason"": ""Sentinel-2 confirms dry ground \u2014 sensors agree""}]",0,,"{""sar"": ""dry"", ""optical"": ""dry"", ""dem_hydrology"": ""dry""}"
HARV-00275,"900 Richmond Avenue, Houston, TX",0.0,0.0,0.0,0.0,0.0,Remote-Deny,81,Deny remotely — no significant flooding detected by satellite,Satellite data at 900 Richmond Avenue indicates 0.0ft depth; remote-deny per 81% confidence.,1,1,0.0,"[{""factor"": ""SAR recency"", ""delta"": 8, ""reason"": ""Imagery 3d post-event \u2014 fresh""}, {""factor"": ""Depth certainty"", ""delta"": 10, ""reason"": ""Near-zero depth \u2014 confidently not flooded""}, {""factor"": ""Coverage coherence"", ""delta"": 7, ""reason"": ""0% coverage \u2014 confidently dry""}, {""factor"": ""Urban SAR shadow"", ""delta"": -15, ""reason"": ""Dense urban area \u2014 radar shadow can mimic water""}, {""factor"": ""Optical cross-check"", ""delta"": 6, ""reason"": ""Sentinel-2 confirms dry ground \u2014 sensors agree""}]",0,,"{""sar"": ""dry"", ""optical"": ""dry"", ""dem_hydrology"": ""abstain""}"
HARV-00276,"2120 Southwest Freeway, Houston, TX",0.0,0.0,0.0,0.0,0.0,Remote-Deny,81,Deny remotely — no significant flooding detected by satellite,Satellite data at 2120 Southwest Freeway indicates 0.0ft depth; remote-deny per 81% confidence.,1,1,0.0,"[{""factor"": ""SAR recency"", ""delta"": 8, ""reason"": ""Imagery 3d post-event \u2014 fresh""}, {""factor"": ""Depth certainty"", ""delta"": 10, ""reason"": ""Near-zero depth \u2014 confidently not flooded""}, {""factor"": ""Coverage coherence"", ""delta"": 7, ""reason"": ""0% coverage \u2014 confidently dry""}, {""factor"": ""Urban SAR shadow"", ""delta"": -15, ""reason"": ""Dense urban area \u2014 radar shadow can mimic water""}, {""factor"": ""Optical cross-check"", ""delta"": 6, ""reason"": ""Sentinel-2 confirms dry ground \u2014 sensors agree""}]",0,,"{""sar"": ""dry"", ""optical"": ""dry"", ""dem_hydrology"": ""flood""}"
HARV-00277,"3120 Southwest Freeway, Houston",0.0,0.0,0.0,0.0,0.0,Remote-Deny,81,Deny remotely — no significant flooding detected by satellite,Satellite data at 3120 Southwest Freeway indicates 0.0ft depth; remote-deny per 81% confidence.,1,1,0.0,"[{""factor"": ""SAR recency"", ""delta"": 8, ""reason"": ""Imagery 3d post-event \u2014 fresh""}, {""factor"": ""Depth certainty"", ""delta"": 10, ""reason"": ""Near-zero depth \u2014 confidently not flooded""}, {""factor"": ""Coverage coherence"", ""delta"": 7, ""reason"": ""0% coverage \u2014 confidently dry""}, {""factor"": ""Urban SAR shadow"", ""delta"": -15, ""reason"": ""Dense urban area \u2014 radar shadow can mimic water""}, {""factor"": ""Optical cross-check"", ""delta"": 6, ""reason"": ""Sentinel-2 confirms dry ground \u2014 sensors agree""}]",0,,"{""sar"": ""dry"", ""optical"": ""dry"", ""dem_hydrology"": ""flood""}"
HARV-00278,"3904 Bissonnet Street, Houston, TX, 77005-1143",0.0,0.0,0.0,0.0,0.0,Remote-Deny,81,Deny remotely — no significant flooding detected by satellite,Satellite data at 3904 Bissonnet Street indicates 0.0ft depth; remote-deny per 81% confidence.,1,1,0.0,"[{""factor"": ""SAR recency"", ""delta"": 8, ""reason"": ""Imagery 3d post-event \u2014 fresh""}, {""factor"": ""Depth certainty"", ""delta"": 10, ""reason"": ""Near-zero depth \u2014 confidently not flooded""}, {""factor"": ""Coverage coherence"", ""delta"": 7, ""reason"": ""0% coverage \u2014 confidently dry""}, {""factor"": ""Urban SAR shadow"", ""delta"": -15, ""reason"": ""Dense urban area \u2014 radar shadow can mimic water""}, {""factor"": ""Optical cross-check"", ""delta"": 6, ""reason"": ""Sentinel-2 confirms dry ground \u2014 sensors agree""}]",0,,"{""sar"": ""dry"", ""optical"": ""dry"", ""dem_hydrology"": ""flood""}"
HARV-00279,"3908 Bissonnet Street, Houston, TX, 77005",0.0,0.0,0.0,0.0,0.0,Remote-Deny,81,Deny remotely — no significant flooding detected by satellite,Satellite data at 3908 Bissonnet Street indicates 0.0ft depth; remote-deny per 81% confidence.,1,1,0.0,"[{""factor"": ""SAR recency"", ""delta"": 8, ""reason"": ""Imagery 3d post-event \u2014 fresh""}, {""factor"": ""Depth certainty"", ""delta"": 10, ""reason"": ""Near-zero depth \u2014 confidently not flooded""}, {""factor"": ""Coverage coherence"", ""delta"": 7, ""reason"": ""0% coverage \u2014 confidently dry""}, {""factor"": ""Urban SAR shadow"", ""delta"": -15, ""reason"": ""Dense urban area \u2014 radar shadow can mimic water""}, {""factor"": ""Optical cross-check"", ""delta"": 6, ""reason"": ""Sentinel-2 confirms dry ground \u2014 sensors agree""}]",0,,"{""sar"": ""dry"", ""optical"": ""dry"", ""dem_hydrology"": ""flood""}"
HARV-00280,"5339 Weslayan Street, Houston, TX, 77005",0.0,0.0,0.0,0.0,0.0,Remote-Deny,81,Deny remotely — no significant flooding detected by satellite,Satellite data at 5339 Weslayan Street indicates 0.0ft depth; remote-deny per 81% confidence.,1,1,0.0,"[{""factor"": ""SAR recency"", ""delta"": 8, ""reason"": ""Imagery 3d post-event \u2014 fresh""}, {""factor"": ""Depth certainty"", ""delta"": 10, ""reason"": ""Near-zero depth \u2014 confidently not flooded""}, {""factor"": ""Coverage coherence"", ""delta"": 7, ""reason"": ""0% coverage \u2014 confidently dry""}, {""factor"": ""Urban SAR shadow"", ""delta"": -15, ""reason"": ""Dense urban area \u2014 radar shadow can mimic water""}, {""factor"": ""Optical cross-check"", ""delta"": 6, ""reason"": ""Sentinel-2 confirms dry ground \u2014 sensors agree""}]",0,,"{""sar"": ""dry"", ""optical"": ""dry"", ""dem_hydrology"": ""flood""}"
HARV-00281,"2518 Mandell Street, Houston, TX",0.0,0.0,0.0,0.0,0.0,Remote-Deny,81,Deny remotely — no significant flooding detected by satellite,Satellite data at 2518 Mandell Street indicates 0.0ft depth; remote-deny per 81% confidence.,1,1,0.0,"[{""factor"": ""SAR recency"", ""delta"": 8, ""reason"": ""Imagery 3d post-event \u2014 fresh""}, {""factor"": ""Depth certainty"", ""delta"": 10, ""reason"": ""Near-zero depth \u2014 confidently not flooded""}, {""factor"": ""Coverage coherence"", ""delta"": 7, ""reason"": ""0% coverage \u2014 confidently dry""}, {""factor"": ""Urban SAR shadow"", ""delta"": -15, ""reason"": ""Dense urban area \u2014 radar shadow can mimic water""}, {""factor"": ""Optical cross-check"", ""delta"": 6, ""reason"": ""Sentinel-2 confirms dry ground \u2014 sensors agree""}]",0,,"{""sar"": ""dry"", ""optical"": ""dry"", ""dem_hydrology"": ""flood""}"
HARV-00282,"5427 Newcastle Drive, Bellaire",0.0,0.0,0.0,0.0,0.0,Remote-Deny,81,Deny remotely — no significant flooding detected by satellite,Satellite data at 5427 Newcastle Drive indicates 0.0ft depth; remote-deny per 81% confidence.,1,1,0.0,"[{""factor"": ""SAR recency"", ""delta"": 8, ""reason"": ""Imagery 3d post-event \u2014 fresh""}, {""factor"": ""Depth certainty"", ""delta"": 10, ""reason"": ""Near-zero depth \u2014 confidently not flooded""}, {""factor"": ""Coverage coherence"", ""delta"": 7, ""reason"": ""0% coverage \u2014 confidently dry""}, {""factor"": ""Urban SAR shadow"", ""delta"": -15, ""reason"": ""Dense urban area \u2014 radar shadow can mimic water""}, {""factor"": ""Optical cross-check"", ""delta"": 6, ""reason"": ""Sentinel-2 confirms dry ground \u2014 sensors agree""}]",0,,"{""sar"": ""dry"", ""optical"": ""dry"", ""dem_hydrology"": ""flood""}"
HARV-00283,"5501 Newcastle Drive, Bellaire",0.0,0.0,0.0,0.0,0.0,Remote-Deny,81,Deny remotely — no significant flooding detected by satellite,Satellite data at 5501 Newcastle Drive indicates 0.0ft depth; remote-deny per 81% confidence.,1,1,0.0,"[{""factor"": ""SAR recency"", ""delta"": 8, ""reason"": ""Imagery 3d post-event \u2014 fresh""}, {""factor"": ""Depth certainty"", ""delta"": 10, ""reason"": ""Near-zero depth \u2014 confidently not flooded""}, {""factor"": ""Coverage coherence"", ""delta"": 7, ""reason"": ""0% coverage \u2014 confidently dry""}, {""factor"": ""Urban SAR shadow"", ""delta"": -15, ""reason"": ""Dense urban area \u2014 radar shadow can mimic water""}, {""factor"": ""Optical cross-check"", ""delta"": 6, ""reason"": ""Sentinel-2 confirms dry ground \u2014 sensors agree""}]",0,,"{""sar"": ""dry"", ""optical"": ""dry"", ""dem_hydrology"": ""flood""}"
HARV-00284,"4907 Maple Street, Bellaire",0.0,0.0,0.0,0.0,0.0,Remote-Deny,81,Deny remotely — no significant flooding detected by satellite,Satellite data at 4907 Maple Street indicates 0.0ft depth; remote-deny per 81% confidence.,1,1,0.0456,"[{""factor"": ""SAR recency"", ""delta"": 8, ""reason"": ""Imagery 3d post-event \u2014 fresh""}, {""factor"": ""Depth certainty"", ""delta"": 10, ""reason"": ""Near-zero depth \u2014 confidently not flooded""}, {""factor"": ""Coverage coherence"", ""delta"": 7, ""reason"": ""0% coverage \u2014 confidently dry""}, {""factor"": ""Urban SAR shadow"", ""delta"": -15, ""reason"": ""Dense urban area \u2014 radar shadow can mimic water""}, {""factor"": ""Optical cross-check"", ""delta"": 6, ""reason"": ""Sentinel-2 confirms dry ground \u2014 sensors agree""}]",0,,"{""sar"": ""dry"", ""optical"": ""dry"", ""dem_hydrology"": ""abstain""}"
HARV-00285,"5009 Maple Street, Bellaire, 77401",0.0,0.0,0.0,0.0,0.0,Remote-Deny,81,Deny remotely — no significant flooding detected by satellite,Satellite data at 5009 Maple Street indicates 0.0ft depth; remote-deny per 81% confidence.,1,1,0.0,"[{""factor"": ""SAR recency"", ""delta"": 8, ""reason"": ""Imagery 3d post-event \u2014 fresh""}, {""factor"": ""Depth certainty"", ""delta"": 10, ""reason"": ""Near-zero depth \u2014 confidently not flooded""}, {""factor"": ""Coverage coherence"", ""delta"": 7, ""reason"": ""0% coverage \u2014 confidently dry""}, {""factor"": ""Urban SAR shadow"", ""delta"": -15, ""reason"": ""Dense urban area \u2014 radar shadow can mimic water""}, {""factor"": ""Optical cross-check"", ""delta"": 6, ""reason"": ""Sentinel-2 confirms dry ground \u2014 sensors agree""}]",0,,"{""sar"": ""dry"", ""optical"": ""dry"", ""dem_hydrology"": ""abstain""}"
HARV-00286,"5035 Carew Street, Houston, TX, 77096",0.0,0.0,0.0,0.0,0.0,Remote-Deny,81,Deny remotely — no significant flooding detected by satellite,Satellite data at 5035 Carew Street indicates 0.0ft depth; remote-deny per 81% confidence.,1,1,0.0,"[{""factor"": ""SAR recency"", ""delta"": 8, ""reason"": ""Imagery 3d post-event \u2014 fresh""}, {""factor"": ""Depth certainty"", ""delta"": 10, ""reason"": ""Near-zero depth \u2014 confidently not flooded""}, {""factor"": ""Coverage coherence"", ""delta"": 7, ""reason"": ""0% coverage \u2014 confidently dry""}, {""factor"": ""Urban SAR shadow"", ""delta"": -15, ""reason"": ""Dense urban area \u2014 radar shadow can mimic water""}, {""factor"": ""Optical cross-check"", ""delta"": 6, ""reason"": ""Sentinel-2 confirms dry ground \u2014 sensors agree""}]",0,,"{""sar"": ""dry"", ""optical"": ""dry"", ""dem_hydrology"": ""abstain""}"
HARV-00287,"5200 Valerie Street, Bellaire, 77401",0.0,0.0,0.0,0.0,0.0,Remote-Deny,81,Deny remotely — no significant flooding detected by satellite,Satellite data at 5200 Valerie Street indicates 0.0ft depth; remote-deny per 81% confidence.,1,1,0.0,"[{""factor"": ""SAR recency"", ""delta"": 8, ""reason"": ""Imagery 3d post-event \u2014 fresh""}, {""factor"": ""Depth certainty"", ""delta"": 10, ""reason"": ""Near-zero depth \u2014 confidently not flooded""}, {""factor"": ""Coverage coherence"", ""delta"": 7, ""reason"": ""0% coverage \u2014 confidently dry""}, {""factor"": ""Urban SAR shadow"", ""delta"": -15, ""reason"": ""Dense urban area \u2014 radar shadow can mimic water""}, {""factor"": ""Optical cross-check"", ""delta"": 6, ""reason"": ""Sentinel-2 confirms dry ground \u2014 sensors agree""}]",0,,"{""sar"": ""dry"", ""optical"": ""dry"", ""dem_hydrology"": ""flood""}"
HARV-00288,"5215 Jackwood Street, Houston, TX, 77096",0.0,0.0,0.0,0.0,0.0,Remote-Deny,81,Deny remotely — no significant flooding detected by satellite,Satellite data at 5215 Jackwood Street indicates 0.0ft depth; remote-deny per 81% confidence.,1,1,0.0,"[{""factor"": ""SAR recency"", ""delta"": 8, ""reason"": ""Imagery 3d post-event \u2014 fresh""}, {""factor"": ""Depth certainty"", ""delta"": 10, ""reason"": ""Near-zero depth \u2014 confidently not flooded""}, {""factor"": ""Coverage coherence"", ""delta"": 7, ""reason"": ""0% coverage \u2014 confidently dry""}, {""factor"": ""Urban SAR shadow"", ""delta"": -15, ""reason"": ""Dense urban area \u2014 radar shadow can mimic water""}, {""factor"": ""Optical cross-check"", ""delta"": 6, ""reason"": ""Sentinel-2 confirms dry ground \u2014 sensors agree""}]",0,,"{""sar"": ""dry"", ""optical"": ""dry"", ""dem_hydrology"": ""flood""}"
HARV-00289,"8711 Manhattan Drive, Houston, TX, 77096",0.0,0.0,0.0,0.0,0.0,Remote-Deny,81,Deny remotely — no significant flooding detected by satellite,Satellite data at 8711 Manhattan Drive indicates 0.0ft depth; remote-deny per 81% confidence.,1,1,0.0,"[{""factor"": ""SAR recency"", ""delta"": 8, ""reason"": ""Imagery 3d post-event \u2014 fresh""}, {""factor"": ""Depth certainty"", ""delta"": 10, ""reason"": ""Near-zero depth \u2014 confidently not flooded""}, {""factor"": ""Coverage coherence"", ""delta"": 7, ""reason"": ""0% coverage \u2014 confidently dry""}, {""factor"": ""Urban SAR shadow"", ""delta"": -15, ""reason"": ""Dense urban area \u2014 radar shadow can mimic water""}, {""factor"": ""Optical cross-check"", ""delta"": 6, ""reason"": ""Sentinel-2 confirms dry ground \u2014 sensors agree""}]",0,,"{""sar"": ""dry"", ""optical"": ""dry"", ""dem_hydrology"": ""flood""}"
HARV-00290,"11815 Westheimer Road, Houston, TX, 77077",0.0,0.0,0.0,0.0,0.0,Remote-Deny,81,Deny remotely — no significant flooding detected by satellite,Satellite data at 11815 Westheimer Road indicates 0.0ft depth; remote-deny per 81% confidence.,1,1,0.0,"[{""factor"": ""SAR recency"", ""delta"": 8, ""reason"": ""Imagery 3d post-event \u2014 fresh""}, {""factor"": ""Depth certainty"", ""delta"": 10, ""reason"": ""Near-zero depth \u2014 confidently not flooded""}, {""factor"": ""Coverage coherence"", ""delta"": 7, ""reason"": ""0% coverage \u2014 confidently dry""}, {""factor"": ""Urban SAR shadow"", ""delta"": -15, ""reason"": ""Dense urban area \u2014 radar shadow can mimic water""}, {""factor"": ""Optical cross-check"", ""delta"": 6, ""reason"": ""Sentinel-2 confirms dry ground \u2014 sensors agree""}]",0,,"{""sar"": ""dry"", ""optical"": ""dry"", ""dem_hydrology"": ""flood""}"
HARV-00291,"10100 Beechnut Street, Houston, TX, 77072",0.0,0.0,0.0,0.0,0.0,Remote-Deny,81,Deny remotely — no significant flooding detected by satellite,Satellite data at 10100 Beechnut Street indicates 0.0ft depth; remote-deny per 81% confidence.,1,1,0.0,"[{""factor"": ""SAR recency"", ""delta"": 8, ""reason"": ""Imagery 3d post-event \u2014 fresh""}, {""factor"": ""Depth certainty"", ""delta"": 10, ""reason"": ""Near-zero depth \u2014 confidently not flooded""}, {""factor"": ""Coverage coherence"", ""delta"": 7, ""reason"": ""0% coverage \u2014 confidently dry""}, {""factor"": ""Urban SAR shadow"", ""delta"": -15, ""reason"": ""Dense urban area \u2014 radar shadow can mimic water""}, {""factor"": ""Optical cross-check"", ""delta"": 6, ""reason"": ""Sentinel-2 confirms dry ground \u2014 sensors agree""}]",0,,"{""sar"": ""dry"", ""optical"": ""dry"", ""dem_hydrology"": ""dry""}"
HARV-00292,"5225 Buffalo Speedway, Houston, TX, 77005",0.0,0.0,0.0,0.0,0.0,Review,75,Flag for manual review — borderline measurements or low confidence,Satellite data at 5225 Buffalo Speedway indicates 0.0ft depth; review per 75% confidence.,1,1,0.1602,"[{""factor"": ""SAR recency"", ""delta"": 8, ""reason"": ""Imagery 3d post-event \u2014 fresh""}, {""factor"": ""Depth certainty"", ""delta"": 10, ""reason"": ""Near-zero depth \u2014 confidently not flooded""}, {""factor"": ""Coverage coherence"", ""delta"": 7, ""reason"": ""0% coverage \u2014 confidently dry""}, {""factor"": ""Urban SAR shadow"", ""delta"": -15, ""reason"": ""Dense urban area \u2014 radar shadow can mimic water""}]",1,"Sensors disagree: optical, DEM-hydrology indicate flooding while SAR indicate dry/implausible — routed to manual review.","{""sar"": ""dry"", ""optical"": ""flood"", ""dem_hydrology"": ""flood""}"
HARV-00293,"9710 Katy Freeway, Houston, TX, 77055",0.0,0.0,0.0,0.0,0.0,Review,75,Flag for manual review — borderline measurements or low confidence,Satellite data at 9710 Katy Freeway indicates 0.0ft depth; review per 75% confidence.,1,1,0.3768,"[{""factor"": ""SAR recency"", ""delta"": 8, ""reason"": ""Imagery 3d post-event \u2014 fresh""}, {""factor"": ""Depth certainty"", ""delta"": 10, ""reason"": ""Near-zero depth \u2014 confidently not flooded""}, {""factor"": ""Coverage coherence"", ""delta"": 7, ""reason"": ""0% coverage \u2014 confidently dry""}, {""factor"": ""Urban SAR shadow"", ""delta"": -15, ""reason"": ""Dense urban area \u2014 radar shadow can mimic water""}]",1,Sensors disagree: optical indicate flooding while SAR indicate dry/implausible — routed to manual review.,"{""sar"": ""dry"", ""optical"": ""flood"", ""dem_hydrology"": ""abstain""}"
HARV-00294,"1701 West Alabama Street, Houston, TX, 77098",0.0,0.0,0.0,0.0,0.0,Remote-Deny,81,Deny remotely — no significant flooding detected by satellite,Satellite data at 1701 West Alabama Street indicates 0.0ft depth; remote-deny per 81% confidence.,1,1,0.0118,"[{""factor"": ""SAR recency"", ""delta"": 8, ""reason"": ""Imagery 3d post-event \u2014 fresh""}, {""factor"": ""Depth certainty"", ""delta"": 10, ""reason"": ""Near-zero depth \u2014 confidently not flooded""}, {""factor"": ""Coverage coherence"", ""delta"": 7, ""reason"": ""0% coverage \u2014 confidently dry""}, {""factor"": ""Urban SAR shadow"", ""delta"": -15, ""reason"": ""Dense urban area \u2014 radar shadow can mimic water""}, {""factor"": ""Optical cross-check"", ""delta"": 6, ""reason"": ""Sentinel-2 confirms dry ground \u2014 sensors agree""}]",0,,"{""sar"": ""dry"", ""optical"": ""dry"", ""dem_hydrology"": ""flood""}"
HARV-00295,"5206 Beechnut Street, Houston, TX",0.0,0.0,0.0,0.0,0.0,Remote-Deny,81,Deny remotely — no significant flooding detected by satellite,Satellite data at 5206 Beechnut Street indicates 0.0ft depth; remote-deny per 81% confidence.,1,1,0.0,"[{""factor"": ""SAR recency"", ""delta"": 8, ""reason"": ""Imagery 3d post-event \u2014 fresh""}, {""factor"": ""Depth certainty"", ""delta"": 10, ""reason"": ""Near-zero depth \u2014 confidently not flooded""}, {""factor"": ""Coverage coherence"", ""delta"": 7, ""reason"": ""0% coverage \u2014 confidently dry""}, {""factor"": ""Urban SAR shadow"", ""delta"": -15, ""reason"": ""Dense urban area \u2014 radar shadow can mimic water""}, {""factor"": ""Optical cross-check"", ""delta"": 6, ""reason"": ""Sentinel-2 confirms dry ground \u2014 sensors agree""}]",0,,"{""sar"": ""dry"", ""optical"": ""dry"", ""dem_hydrology"": ""flood""}"
HARV-00296,"5246 Beechnut Street, Houston, TX",0.0,0.0,0.0,0.0,0.0,Remote-Deny,81,Deny remotely — no significant flooding detected by satellite,Satellite data at 5246 Beechnut Street indicates 0.0ft depth; remote-deny per 81% confidence.,1,1,0.0,"[{""factor"": ""SAR recency"", ""delta"": 8, ""reason"": ""Imagery 3d post-event \u2014 fresh""}, {""factor"": ""Depth certainty"", ""delta"": 10, ""reason"": ""Near-zero depth \u2014 confidently not flooded""}, {""factor"": ""Coverage coherence"", ""delta"": 7, ""reason"": ""0% coverage \u2014 confidently dry""}, {""factor"": ""Urban SAR shadow"", ""delta"": -15, ""reason"": ""Dense urban area \u2014 radar shadow can mimic water""}, {""factor"": ""Optical cross-check"", ""delta"": 6, ""reason"": ""Sentinel-2 confirms dry ground \u2014 sensors agree""}]",0,,"{""sar"": ""dry"", ""optical"": ""dry"", ""dem_hydrology"": ""abstain""}"
HARV-00297,"5235 Mimosa Drive, Bellaire, 77401",0.0,0.0,0.0,0.0,0.0,Remote-Deny,81,Deny remotely — no significant flooding detected by satellite,Satellite data at 5235 Mimosa Drive indicates 0.0ft depth; remote-deny per 81% confidence.,1,1,0.0,"[{""factor"": ""SAR recency"", ""delta"": 8, ""reason"": ""Imagery 3d post-event \u2014 fresh""}, {""factor"": ""Depth certainty"", ""delta"": 10, ""reason"": ""Near-zero depth \u2014 confidently not flooded""}, {""factor"": ""Coverage coherence"", ""delta"": 7, ""reason"": ""0% coverage \u2014 confidently dry""}, {""factor"": ""Urban SAR shadow"", ""delta"": -15, ""reason"": ""Dense urban area \u2014 radar shadow can mimic water""}, {""factor"": ""Optical cross-check"", ""delta"": 6, ""reason"": ""Sentinel-2 confirms dry ground \u2014 sensors agree""}]",0,,"{""sar"": ""dry"", ""optical"": ""dry"", ""dem_hydrology"": ""abstain""}"
HARV-00298,"5201 Mimosa Drive, Bellaire, 77401",0.0,0.0,0.0,0.0,0.0,Remote-Deny,81,Deny remotely — no significant flooding detected by satellite,Satellite data at 5201 Mimosa Drive indicates 0.0ft depth; remote-deny per 81% confidence.,1,1,0.0,"[{""factor"": ""SAR recency"", ""delta"": 8, ""reason"": ""Imagery 3d post-event \u2014 fresh""}, {""factor"": ""Depth certainty"", ""delta"": 10, ""reason"": ""Near-zero depth \u2014 confidently not flooded""}, {""factor"": ""Coverage coherence"", ""delta"": 7, ""reason"": ""0% coverage \u2014 confidently dry""}, {""factor"": ""Urban SAR shadow"", ""delta"": -15, ""reason"": ""Dense urban area \u2014 radar shadow can mimic water""}, {""factor"": ""Optical cross-check"", ""delta"": 6, ""reason"": ""Sentinel-2 confirms dry ground \u2014 sensors agree""}]",0,,"{""sar"": ""dry"", ""optical"": ""dry"", ""dem_hydrology"": ""flood""}"
HARV-00299,"4938 Beechnut Street, Houston, TX",0.0,0.0,0.0,0.0,0.0,Remote-Deny,81,Deny remotely — no significant flooding detected by satellite,Satellite data at 4938 Beechnut Street indicates 0.0ft depth; remote-deny per 81% confidence.,1,1,0.0,"[{""factor"": ""SAR recency"", ""delta"": 8, ""reason"": ""Imagery 3d post-event \u2014 fresh""}, {""factor"": ""Depth certainty"", ""delta"": 10, ""reason"": ""Near-zero depth \u2014 confidently not flooded""}, {""factor"": ""Coverage coherence"", ""delta"": 7, ""reason"": ""0% coverage \u2014 confidently dry""}, {""factor"": ""Urban SAR shadow"", ""delta"": -15, ""reason"": ""Dense urban area \u2014 radar shadow can mimic water""}, {""factor"": ""Optical cross-check"", ""delta"": 6, ""reason"": ""Sentinel-2 confirms dry ground \u2014 sensors agree""}]",0,,"{""sar"": ""dry"", ""optical"": ""dry"", ""dem_hydrology"": ""abstain""}"
HARV-00300,"4950 Beechnut Street, Houston, TX",0.0,0.0,0.0,0.0,0.0,Remote-Deny,81,Deny remotely — no significant flooding detected by satellite,Satellite data at 4950 Beechnut Street indicates 0.0ft depth; remote-deny per 81% confidence.,1,1,0.0,"[{""factor"": ""SAR recency"", ""delta"": 8, ""reason"": ""Imagery 3d post-event \u2014 fresh""}, {""factor"": ""Depth certainty"", ""delta"": 10, ""reason"": ""Near-zero depth \u2014 confidently not flooded""}, {""factor"": ""Coverage coherence"", ""delta"": 7, ""reason"": ""0% coverage \u2014 confidently dry""}, {""factor"": ""Urban SAR shadow"", ""delta"": -15, ""reason"": ""Dense urban area \u2014 radar shadow can mimic water""}, {""factor"": ""Optical cross-check"", ""delta"": 6, ""reason"": ""Sentinel-2 confirms dry ground \u2014 sensors agree""}]",0,,"{""sar"": ""dry"", ""optical"": ""dry"", ""dem_hydrology"": ""flood""}"
HARV-00301,"4960 Beechnut Street, Houston, TX",0.0,0.0,0.0,0.0,0.0,Remote-Deny,81,Deny remotely — no significant flooding detected by satellite,Satellite data at 4960 Beechnut Street indicates 0.0ft depth; remote-deny per 81% confidence.,1,1,0.0,"[{""factor"": ""SAR recency"", ""delta"": 8, ""reason"": ""Imagery 3d post-event \u2014 fresh""}, {""factor"": ""Depth certainty"", ""delta"": 10, ""reason"": ""Near-zero depth \u2014 confidently not flooded""}, {""factor"": ""Coverage coherence"", ""delta"": 7, ""reason"": ""0% coverage \u2014 confidently dry""}, {""factor"": ""Urban SAR shadow"", ""delta"": -15, ""reason"": ""Dense urban area \u2014 radar shadow can mimic water""}, {""factor"": ""Optical cross-check"", ""delta"": 6, ""reason"": ""Sentinel-2 confirms dry ground \u2014 sensors agree""}]",0,,"{""sar"": ""dry"", ""optical"": ""dry"", ""dem_hydrology"": ""flood""}"
HARV-00302,"5316 Bellaire Boulevard, Bellaire",0.0,0.0,0.0,0.0,0.0,Review,75,Flag for manual review — borderline measurements or low confidence,Satellite data at 5316 Bellaire Boulevard indicates 0.0ft depth; review per 75% confidence.,1,1,0.1176,"[{""factor"": ""SAR recency"", ""delta"": 8, ""reason"": ""Imagery 3d post-event \u2014 fresh""}, {""factor"": ""Depth certainty"", ""delta"": 10, ""reason"": ""Near-zero depth \u2014 confidently not flooded""}, {""factor"": ""Coverage coherence"", ""delta"": 7, ""reason"": ""0% coverage \u2014 confidently dry""}, {""factor"": ""Urban SAR shadow"", ""delta"": -15, ""reason"": ""Dense urban area \u2014 radar shadow can mimic water""}]",1,"Sensors disagree: optical, DEM-hydrology indicate flooding while SAR indicate dry/implausible — routed to manual review.","{""sar"": ""dry"", ""optical"": ""flood"", ""dem_hydrology"": ""flood""}"
HARV-00303,"5016 Imperial Street, Bellaire, TX",0.0,0.0,0.0,0.0,0.0,Remote-Deny,81,Deny remotely — no significant flooding detected by satellite,Satellite data at 5016 Imperial Street indicates 0.0ft depth; remote-deny per 81% confidence.,1,1,0.0,"[{""factor"": ""SAR recency"", ""delta"": 8, ""reason"": ""Imagery 3d post-event \u2014 fresh""}, {""factor"": ""Depth certainty"", ""delta"": 10, ""reason"": ""Near-zero depth \u2014 confidently not flooded""}, {""factor"": ""Coverage coherence"", ""delta"": 7, ""reason"": ""0% coverage \u2014 confidently dry""}, {""factor"": ""Urban SAR shadow"", ""delta"": -15, ""reason"": ""Dense urban area \u2014 radar shadow can mimic water""}, {""factor"": ""Optical cross-check"", ""delta"": 6, ""reason"": ""Sentinel-2 confirms dry ground \u2014 sensors agree""}]",0,,"{""sar"": ""dry"", ""optical"": ""dry"", ""dem_hydrology"": ""flood""}"
HARV-00304,"2626 Richmond Avenue, Houston, TX",0.0,0.0,0.0,0.0,0.0,Remote-Deny,81,Deny remotely — no significant flooding detected by satellite,Satellite data at 2626 Richmond Avenue indicates 0.0ft depth; remote-deny per 81% confidence.,1,1,0.0,"[{""factor"": ""SAR recency"", ""delta"": 8, ""reason"": ""Imagery 3d post-event \u2014 fresh""}, {""factor"": ""Depth certainty"", ""delta"": 10, ""reason"": ""Near-zero depth \u2014 confidently not flooded""}, {""factor"": ""Coverage coherence"", ""delta"": 7, ""reason"": ""0% coverage \u2014 confidently dry""}, {""factor"": ""Urban SAR shadow"", ""delta"": -15, ""reason"": ""Dense urban area \u2014 radar shadow can mimic water""}, {""factor"": ""Optical cross-check"", ""delta"": 6, ""reason"": ""Sentinel-2 confirms dry ground \u2014 sensors agree""}]",0,,"{""sar"": ""dry"", ""optical"": ""dry"", ""dem_hydrology"": ""flood""}"
HARV-00305,"3228 Eastside Street, Houston, TX",0.0,0.0,0.0,0.0,0.0,Review,75,Flag for manual review — borderline measurements or low confidence,Satellite data at 3228 Eastside Street indicates 0.0ft depth; review per 75% confidence.,1,1,0.0557,"[{""factor"": ""SAR recency"", ""delta"": 8, ""reason"": ""Imagery 3d post-event \u2014 fresh""}, {""factor"": ""Depth certainty"", ""delta"": 10, ""reason"": ""Near-zero depth \u2014 confidently not flooded""}, {""factor"": ""Coverage coherence"", ""delta"": 7, ""reason"": ""0% coverage \u2014 confidently dry""}, {""factor"": ""Urban SAR shadow"", ""delta"": -15, ""reason"": ""Dense urban area \u2014 radar shadow can mimic water""}]",0,,"{""sar"": ""dry"", ""optical"": ""abstain"", ""dem_hydrology"": ""flood""}"
HARV-00306,"3100 West Alabama Street, Houston, TX",0.0,0.0,0.0,0.0,0.0,Remote-Deny,81,Deny remotely — no significant flooding detected by satellite,Satellite data at 3100 West Alabama Street indicates 0.0ft depth; remote-deny per 81% confidence.,1,1,0.0,"[{""factor"": ""SAR recency"", ""delta"": 8, ""reason"": ""Imagery 3d post-event \u2014 fresh""}, {""factor"": ""Depth certainty"", ""delta"": 10, ""reason"": ""Near-zero depth \u2014 confidently not flooded""}, {""factor"": ""Coverage coherence"", ""delta"": 7, ""reason"": ""0% coverage \u2014 confidently dry""}, {""factor"": ""Urban SAR shadow"", ""delta"": -15, ""reason"": ""Dense urban area \u2014 radar shadow can mimic water""}, {""factor"": ""Optical cross-check"", ""delta"": 6, ""reason"": ""Sentinel-2 confirms dry ground \u2014 sensors agree""}]",0,,"{""sar"": ""dry"", ""optical"": ""dry"", ""dem_hydrology"": ""flood""}"
HARV-00307,"3772 Richmond Avenue, Houston",0.0,0.0,0.0,0.0,0.0,Remote-Deny,81,Deny remotely — no significant flooding detected by satellite,Satellite data at 3772 Richmond Avenue indicates 0.0ft depth; remote-deny per 81% confidence.,1,1,0.0,"[{""factor"": ""SAR recency"", ""delta"": 8, ""reason"": ""Imagery 3d post-event \u2014 fresh""}, {""factor"": ""Depth certainty"", ""delta"": 10, ""reason"": ""Near-zero depth \u2014 confidently not flooded""}, {""factor"": ""Coverage coherence"", ""delta"": 7, ""reason"": ""0% coverage \u2014 confidently dry""}, {""factor"": ""Urban SAR shadow"", ""delta"": -15, ""reason"": ""Dense urban area \u2014 radar shadow can mimic water""}, {""factor"": ""Optical cross-check"", ""delta"": 6, ""reason"": ""Sentinel-2 confirms dry ground \u2014 sensors agree""}]",0,,"{""sar"": ""dry"", ""optical"": ""dry"", ""dem_hydrology"": ""abstain""}"
HARV-00308,"3730 Kirby Drive, Houston, TX, 77098",0.0,0.0,0.0,0.0,0.0,Review,75,Flag for manual review — borderline measurements or low confidence,Satellite data at 3730 Kirby Drive indicates 0.0ft depth; review per 75% confidence.,1,1,0.0561,"[{""factor"": ""SAR recency"", ""delta"": 8, ""reason"": ""Imagery 3d post-event \u2014 fresh""}, {""factor"": ""Depth certainty"", ""delta"": 10, ""reason"": ""Near-zero depth \u2014 confidently not flooded""}, {""factor"": ""Coverage coherence"", ""delta"": 7, ""reason"": ""0% coverage \u2014 confidently dry""}, {""factor"": ""Urban SAR shadow"", ""delta"": -15, ""reason"": ""Dense urban area \u2014 radar shadow can mimic water""}]",0,,"{""sar"": ""dry"", ""optical"": ""abstain"", ""dem_hydrology"": ""flood""}"
HARV-00309,"2901 South Loop West, Houston, TX, 77054",0.0,0.0,0.0,0.0,0.0,Remote-Deny,81,Deny remotely — no significant flooding detected by satellite,Satellite data at 2901 South Loop West indicates 0.0ft depth; remote-deny per 81% confidence.,1,1,0.0,"[{""factor"": ""SAR recency"", ""delta"": 8, ""reason"": ""Imagery 3d post-event \u2014 fresh""}, {""factor"": ""Depth certainty"", ""delta"": 10, ""reason"": ""Near-zero depth \u2014 confidently not flooded""}, {""factor"": ""Coverage coherence"", ""delta"": 7, ""reason"": ""0% coverage \u2014 confidently dry""}, {""factor"": ""Urban SAR shadow"", ""delta"": -15, ""reason"": ""Dense urban area \u2014 radar shadow can mimic water""}, {""factor"": ""Optical cross-check"", ""delta"": 6, ""reason"": ""Sentinel-2 confirms dry ground \u2014 sensors agree""}]",0,,"{""sar"": ""dry"", ""optical"": ""dry"", ""dem_hydrology"": ""dry""}"
HARV-00310,"4553 Bellaire Boulevard, Bellaire, 77401",0.0,0.0,0.0,0.0,0.0,Remote-Deny,81,Deny remotely — no significant flooding detected by satellite,Satellite data at 4553 Bellaire Boulevard indicates 0.0ft depth; remote-deny per 81% confidence.,1,1,0.0337,"[{""factor"": ""SAR recency"", ""delta"": 8, ""reason"": ""Imagery 3d post-event \u2014 fresh""}, {""factor"": ""Depth certainty"", ""delta"": 10, ""reason"": ""Near-zero depth \u2014 confidently not flooded""}, {""factor"": ""Coverage coherence"", ""delta"": 7, ""reason"": ""0% coverage \u2014 confidently dry""}, {""factor"": ""Urban SAR shadow"", ""delta"": -15, ""reason"": ""Dense urban area \u2014 radar shadow can mimic water""}, {""factor"": ""Optical cross-check"", ""delta"": 6, ""reason"": ""Sentinel-2 confirms dry ground \u2014 sensors agree""}]",0,,"{""sar"": ""dry"", ""optical"": ""dry"", ""dem_hydrology"": ""flood""}"
HARV-00311,"4055 Underwood Street, Houston",0.0,0.0,0.0,0.0,0.0,Remote-Deny,81,Deny remotely — no significant flooding detected by satellite,Satellite data at 4055 Underwood Street indicates 0.0ft depth; remote-deny per 81% confidence.,1,1,0.0,"[{""factor"": ""SAR recency"", ""delta"": 8, ""reason"": ""Imagery 3d post-event \u2014 fresh""}, {""factor"": ""Depth certainty"", ""delta"": 10, ""reason"": ""Near-zero depth \u2014 confidently not flooded""}, {""factor"": ""Coverage coherence"", ""delta"": 7, ""reason"": ""0% coverage \u2014 confidently dry""}, {""factor"": ""Urban SAR shadow"", ""delta"": -15, ""reason"": ""Dense urban area \u2014 radar shadow can mimic water""}, {""factor"": ""Optical cross-check"", ""delta"": 6, ""reason"": ""Sentinel-2 confirms dry ground \u2014 sensors agree""}]",0,,"{""sar"": ""dry"", ""optical"": ""dry"", ""dem_hydrology"": ""flood""}"
HARV-00312,"4819 Jessamine Street, Bellaire, 77401",0.0,0.0,0.0,0.0,0.0,Remote-Deny,81,Deny remotely — no significant flooding detected by satellite,Satellite data at 4819 Jessamine Street indicates 0.0ft depth; remote-deny per 81% confidence.,1,1,0.0,"[{""factor"": ""SAR recency"", ""delta"": 8, ""reason"": ""Imagery 3d post-event \u2014 fresh""}, {""factor"": ""Depth certainty"", ""delta"": 10, ""reason"": ""Near-zero depth \u2014 confidently not flooded""}, {""factor"": ""Coverage coherence"", ""delta"": 7, ""reason"": ""0% coverage \u2014 confidently dry""}, {""factor"": ""Urban SAR shadow"", ""delta"": -15, ""reason"": ""Dense urban area \u2014 radar shadow can mimic water""}, {""factor"": ""Optical cross-check"", ""delta"": 6, ""reason"": ""Sentinel-2 confirms dry ground \u2014 sensors agree""}]",0,,"{""sar"": ""dry"", ""optical"": ""dry"", ""dem_hydrology"": ""flood""}"
HARV-00313,"5115 Linden Street, Bellaire, 77401",0.0,0.0,0.0,0.0,0.0,Remote-Deny,81,Deny remotely — no significant flooding detected by satellite,Satellite data at 5115 Linden Street indicates 0.0ft depth; remote-deny per 81% confidence.,1,1,0.0,"[{""factor"": ""SAR recency"", ""delta"": 8, ""reason"": ""Imagery 3d post-event \u2014 fresh""}, {""factor"": ""Depth certainty"", ""delta"": 10, ""reason"": ""Near-zero depth \u2014 confidently not flooded""}, {""factor"": ""Coverage coherence"", ""delta"": 7, ""reason"": ""0% coverage \u2014 confidently dry""}, {""factor"": ""Urban SAR shadow"", ""delta"": -15, ""reason"": ""Dense urban area \u2014 radar shadow can mimic water""}, {""factor"": ""Optical cross-check"", ""delta"": 6, ""reason"": ""Sentinel-2 confirms dry ground \u2014 sensors agree""}]",0,,"{""sar"": ""dry"", ""optical"": ""dry"", ""dem_hydrology"": ""flood""}"
HARV-00314,"5117 Linden Street, Bellaire, 77401",0.0,0.0,0.0,0.0,0.0,Remote-Deny,81,Deny remotely — no significant flooding detected by satellite,Satellite data at 5117 Linden Street indicates 0.0ft depth; remote-deny per 81% confidence.,1,1,0.0,"[{""factor"": ""SAR recency"", ""delta"": 8, ""reason"": ""Imagery 3d post-event \u2014 fresh""}, {""factor"": ""Depth certainty"", ""delta"": 10, ""reason"": ""Near-zero depth \u2014 confidently not flooded""}, {""factor"": ""Coverage coherence"", ""delta"": 7, ""reason"": ""0% coverage \u2014 confidently dry""}, {""factor"": ""Urban SAR shadow"", ""delta"": -15, ""reason"": ""Dense urban area \u2014 radar shadow can mimic water""}, {""factor"": ""Optical cross-check"", ""delta"": 6, ""reason"": ""Sentinel-2 confirms dry ground \u2014 sensors agree""}]",0,,"{""sar"": ""dry"", ""optical"": ""dry"", ""dem_hydrology"": ""flood""}"
HARV-00315,"5121 Linden Street, Bellaire, 77401",0.0,0.0,0.0,0.0,0.0,Remote-Deny,81,Deny remotely — no significant flooding detected by satellite,Satellite data at 5121 Linden Street indicates 0.0ft depth; remote-deny per 81% confidence.,1,1,0.0,"[{""factor"": ""SAR recency"", ""delta"": 8, ""reason"": ""Imagery 3d post-event \u2014 fresh""}, {""factor"": ""Depth certainty"", ""delta"": 10, ""reason"": ""Near-zero depth \u2014 confidently not flooded""}, {""factor"": ""Coverage coherence"", ""delta"": 7, ""reason"": ""0% coverage \u2014 confidently dry""}, {""factor"": ""Urban SAR shadow"", ""delta"": -15, ""reason"": ""Dense urban area \u2014 radar shadow can mimic water""}, {""factor"": ""Optical cross-check"", ""delta"": 6, ""reason"": ""Sentinel-2 confirms dry ground \u2014 sensors agree""}]",0,,"{""sar"": ""dry"", ""optical"": ""dry"", ""dem_hydrology"": ""flood""}"
HARV-00316,"5202 Linden Street, Bellaire, 77401",0.0,0.0,0.0,0.0,0.0,Remote-Deny,81,Deny remotely — no significant flooding detected by satellite,Satellite data at 5202 Linden Street indicates 0.0ft depth; remote-deny per 81% confidence.,1,1,0.0,"[{""factor"": ""SAR recency"", ""delta"": 8, ""reason"": ""Imagery 3d post-event \u2014 fresh""}, {""factor"": ""Depth certainty"", ""delta"": 10, ""reason"": ""Near-zero depth \u2014 confidently not flooded""}, {""factor"": ""Coverage coherence"", ""delta"": 7, ""reason"": ""0% coverage \u2014 confidently dry""}, {""factor"": ""Urban SAR shadow"", ""delta"": -15, ""reason"": ""Dense urban area \u2014 radar shadow can mimic water""}, {""factor"": ""Optical cross-check"", ""delta"": 6, ""reason"": ""Sentinel-2 confirms dry ground \u2014 sensors agree""}]",0,,"{""sar"": ""dry"", ""optical"": ""dry"", ""dem_hydrology"": ""flood""}"
HARV-00317,"510 Bolivar Street, Bellaire, 77401",0.0,0.0,0.0,0.0,0.0,Remote-Deny,81,Deny remotely — no significant flooding detected by satellite,Satellite data at 510 Bolivar Street indicates 0.0ft depth; remote-deny per 81% confidence.,1,1,0.0,"[{""factor"": ""SAR recency"", ""delta"": 8, ""reason"": ""Imagery 3d post-event \u2014 fresh""}, {""factor"": ""Depth certainty"", ""delta"": 10, ""reason"": ""Near-zero depth \u2014 confidently not flooded""}, {""factor"": ""Coverage coherence"", ""delta"": 7, ""reason"": ""0% coverage \u2014 confidently dry""}, {""factor"": ""Urban SAR shadow"", ""delta"": -15, ""reason"": ""Dense urban area \u2014 radar shadow can mimic water""}, {""factor"": ""Optical cross-check"", ""delta"": 6, ""reason"": ""Sentinel-2 confirms dry ground \u2014 sensors agree""}]",0,,"{""sar"": ""dry"", ""optical"": ""dry"", ""dem_hydrology"": ""flood""}"
HARV-00318,"5200 Holly Street, Bellaire, 77401",0.0,0.0,0.0,0.0,0.0,Remote-Deny,81,Deny remotely — no significant flooding detected by satellite,Satellite data at 5200 Holly Street indicates 0.0ft depth; remote-deny per 81% confidence.,1,1,0.0,"[{""factor"": ""SAR recency"", ""delta"": 8, ""reason"": ""Imagery 3d post-event \u2014 fresh""}, {""factor"": ""Depth certainty"", ""delta"": 10, ""reason"": ""Near-zero depth \u2014 confidently not flooded""}, {""factor"": ""Coverage coherence"", ""delta"": 7, ""reason"": ""0% coverage \u2014 confidently dry""}, {""factor"": ""Urban SAR shadow"", ""delta"": -15, ""reason"": ""Dense urban area \u2014 radar shadow can mimic water""}, {""factor"": ""Optical cross-check"", ""delta"": 6, ""reason"": ""Sentinel-2 confirms dry ground \u2014 sensors agree""}]",0,,"{""sar"": ""dry"", ""optical"": ""dry"", ""dem_hydrology"": ""flood""}"
HARV-00319,"5330 Imogene Street, Houston, TX",0.0,0.0,0.0,0.0,0.0,Remote-Deny,81,Deny remotely — no significant flooding detected by satellite,Satellite data at 5330 Imogene Street indicates 0.0ft depth; remote-deny per 81% confidence.,1,1,0.0,"[{""factor"": ""SAR recency"", ""delta"": 8, ""reason"": ""Imagery 3d post-event \u2014 fresh""}, {""factor"": ""Depth certainty"", ""delta"": 10, ""reason"": ""Near-zero depth \u2014 confidently not flooded""}, {""factor"": ""Coverage coherence"", ""delta"": 7, ""reason"": ""0% coverage \u2014 confidently dry""}, {""factor"": ""Urban SAR shadow"", ""delta"": -15, ""reason"": ""Dense urban area \u2014 radar shadow can mimic water""}, {""factor"": ""Optical cross-check"", ""delta"": 6, ""reason"": ""Sentinel-2 confirms dry ground \u2014 sensors agree""}]",0,,"{""sar"": ""dry"", ""optical"": ""dry"", ""dem_hydrology"": ""flood""}"
HARV-00320,"5330 Jason Street, Houston, TX",0.0,0.0,0.0,0.0,0.0,Remote-Deny,81,Deny remotely — no significant flooding detected by satellite,Satellite data at 5330 Jason Street indicates 0.0ft depth; remote-deny per 81% confidence.,1,1,0.0,"[{""factor"": ""SAR recency"", ""delta"": 8, ""reason"": ""Imagery 3d post-event \u2014 fresh""}, {""factor"": ""Depth certainty"", ""delta"": 10, ""reason"": ""Near-zero depth \u2014 confidently not flooded""}, {""factor"": ""Coverage coherence"", ""delta"": 7, ""reason"": ""0% coverage \u2014 confidently dry""}, {""factor"": ""Urban SAR shadow"", ""delta"": -15, ""reason"": ""Dense urban area \u2014 radar shadow can mimic water""}, {""factor"": ""Optical cross-check"", ""delta"": 6, ""reason"": ""Sentinel-2 confirms dry ground \u2014 sensors agree""}]",0,,"{""sar"": ""dry"", ""optical"": ""dry"", ""dem_hydrology"": ""abstain""}"
HARV-00321,"9430 Katy Freeway, Houston, TX",0.0,0.0,0.0,0.0,0.0,Remote-Deny,81,Deny remotely — no significant flooding detected by satellite,Satellite data at 9430 Katy Freeway indicates 0.0ft depth; remote-deny per 81% confidence.,1,1,0.0,"[{""factor"": ""SAR recency"", ""delta"": 8, ""reason"": ""Imagery 3d post-event \u2014 fresh""}, {""factor"": ""Depth certainty"", ""delta"": 10, ""reason"": ""Near-zero depth \u2014 confidently not flooded""}, {""factor"": ""Coverage coherence"", ""delta"": 7, ""reason"": ""0% coverage \u2014 confidently dry""}, {""factor"": ""Urban SAR shadow"", ""delta"": -15, ""reason"": ""Dense urban area \u2014 radar shadow can mimic water""}, {""factor"": ""Optical cross-check"", ""delta"": 6, ""reason"": ""Sentinel-2 confirms dry ground \u2014 sensors agree""}]",0,,"{""sar"": ""dry"", ""optical"": ""dry"", ""dem_hydrology"": ""abstain""}"
HARV-00322,"788 West Sam Houston Parkway North, Houston, TX",0.0,0.0,0.0,0.0,0.0,Remote-Deny,81,Deny remotely — no significant flooding detected by satellite,Satellite data at 788 West Sam Houston Parkway North indicates 0.0ft depth; remote-deny per 81% confidence.,1,1,0.0,"[{""factor"": ""SAR recency"", ""delta"": 8, ""reason"": ""Imagery 3d post-event \u2014 fresh""}, {""factor"": ""Depth certainty"", ""delta"": 10, ""reason"": ""Near-zero depth \u2014 confidently not flooded""}, {""factor"": ""Coverage coherence"", ""delta"": 7, ""reason"": ""0% coverage \u2014 confidently dry""}, {""factor"": ""Urban SAR shadow"", ""delta"": -15, ""reason"": ""Dense urban area \u2014 radar shadow can mimic water""}, {""factor"": ""Optical cross-check"", ""delta"": 6, ""reason"": ""Sentinel-2 confirms dry ground \u2014 sensors agree""}]",0,,"{""sar"": ""dry"", ""optical"": ""dry"", ""dem_hydrology"": ""dry""}"
HARV-00323,"700 West Sam Houston Parkway North, Houston, TX",0.0,0.0,0.0,0.0,0.0,Remote-Deny,81,Deny remotely — no significant flooding detected by satellite,Satellite data at 700 West Sam Houston Parkway North indicates 0.0ft depth; remote-deny per 81% confidence.,1,1,0.0,"[{""factor"": ""SAR recency"", ""delta"": 8, ""reason"": ""Imagery 3d post-event \u2014 fresh""}, {""factor"": ""Depth certainty"", ""delta"": 10, ""reason"": ""Near-zero depth \u2014 confidently not flooded""}, {""factor"": ""Coverage coherence"", ""delta"": 7, ""reason"": ""0% coverage \u2014 confidently dry""}, {""factor"": ""Urban SAR shadow"", ""delta"": -15, ""reason"": ""Dense urban area \u2014 radar shadow can mimic water""}, {""factor"": ""Optical cross-check"", ""delta"": 6, ""reason"": ""Sentinel-2 confirms dry ground \u2014 sensors agree""}]",0,,"{""sar"": ""dry"", ""optical"": ""dry"", ""dem_hydrology"": ""dry""}"
HARV-00324,"1201 West Sam Houston Parkway North, Houston, TX, 77043",0.0,0.0,0.0,0.0,0.0,Remote-Deny,81,Deny remotely — no significant flooding detected by satellite,Satellite data at 1201 West Sam Houston Parkway North indicates 0.0ft depth; remote-deny per 81% confidence.,1,1,0.0,"[{""factor"": ""SAR recency"", ""delta"": 8, ""reason"": ""Imagery 3d post-event \u2014 fresh""}, {""factor"": ""Depth certainty"", ""delta"": 10, ""reason"": ""Near-zero depth \u2014 confidently not flooded""}, {""factor"": ""Coverage coherence"", ""delta"": 7, ""reason"": ""0% coverage \u2014 confidently dry""}, {""factor"": ""Urban SAR shadow"", ""delta"": -15, ""reason"": ""Dense urban area \u2014 radar shadow can mimic water""}, {""factor"": ""Optical cross-check"", ""delta"": 6, ""reason"": ""Sentinel-2 confirms dry ground \u2014 sensors agree""}]",0,,"{""sar"": ""dry"", ""optical"": ""dry"", ""dem_hydrology"": ""flood""}"
HARV-00325,"11999 Katy Freeway, Houston, TX",0.0,0.0,0.0,0.0,0.0,Remote-Deny,81,Deny remotely — no significant flooding detected by satellite,Satellite data at 11999 Katy Freeway indicates 0.0ft depth; remote-deny per 81% confidence.,1,1,0.0,"[{""factor"": ""SAR recency"", ""delta"": 8, ""reason"": ""Imagery 3d post-event \u2014 fresh""}, {""factor"": ""Depth certainty"", ""delta"": 10, ""reason"": ""Near-zero depth \u2014 confidently not flooded""}, {""factor"": ""Coverage coherence"", ""delta"": 7, ""reason"": ""0% coverage \u2014 confidently dry""}, {""factor"": ""Urban SAR shadow"", ""delta"": -15, ""reason"": ""Dense urban area \u2014 radar shadow can mimic water""}, {""factor"": ""Optical cross-check"", ""delta"": 6, ""reason"": ""Sentinel-2 confirms dry ground \u2014 sensors agree""}]",0,,"{""sar"": ""dry"", ""optical"": ""dry"", ""dem_hydrology"": ""flood""}"
HARV-00326,"8955 Katy Freeway, Houston, TX",0.0,0.0,0.0,0.0,0.0,Remote-Deny,81,Deny remotely — no significant flooding detected by satellite,Satellite data at 8955 Katy Freeway indicates 0.0ft depth; remote-deny per 81% confidence.,1,1,0.0,"[{""factor"": ""SAR recency"", ""delta"": 8, ""reason"": ""Imagery 3d post-event \u2014 fresh""}, {""factor"": ""Depth certainty"", ""delta"": 10, ""reason"": ""Near-zero depth \u2014 confidently not flooded""}, {""factor"": ""Coverage coherence"", ""delta"": 7, ""reason"": ""0% coverage \u2014 confidently dry""}, {""factor"": ""Urban SAR shadow"", ""delta"": -15, ""reason"": ""Dense urban area \u2014 radar shadow can mimic water""}, {""factor"": ""Optical cross-check"", ""delta"": 6, ""reason"": ""Sentinel-2 confirms dry ground \u2014 sensors agree""}]",0,,"{""sar"": ""dry"", ""optical"": ""dry"", ""dem_hydrology"": ""abstain""}"
HARV-00327,"4318 Cheena Drive, Houston",0.0,0.0,0.0,0.0,0.0,Remote-Deny,81,Deny remotely — no significant flooding detected by satellite,Satellite data at 4318 Cheena Drive indicates 0.0ft depth; remote-deny per 81% confidence.,1,1,0.0,"[{""factor"": ""SAR recency"", ""delta"": 8, ""reason"": ""Imagery 3d post-event \u2014 fresh""}, {""factor"": ""Depth certainty"", ""delta"": 10, ""reason"": ""Near-zero depth \u2014 confidently not flooded""}, {""factor"": ""Coverage coherence"", ""delta"": 7, ""reason"": ""0% coverage \u2014 confidently dry""}, {""factor"": ""Urban SAR shadow"", ""delta"": -15, ""reason"": ""Dense urban area \u2014 radar shadow can mimic water""}, {""factor"": ""Optical cross-check"", ""delta"": 6, ""reason"": ""Sentinel-2 confirms dry ground \u2014 sensors agree""}]",0,,"{""sar"": ""dry"", ""optical"": ""dry"", ""dem_hydrology"": ""flood""}"
HARV-00328,"9903 Greenwillow Drive, Houston",0.0,0.0,0.0,0.0,0.0,Remote-Deny,81,Deny remotely — no significant flooding detected by satellite,Satellite data at 9903 Greenwillow Drive indicates 0.0ft depth; remote-deny per 81% confidence.,1,1,0.0,"[{""factor"": ""SAR recency"", ""delta"": 8, ""reason"": ""Imagery 3d post-event \u2014 fresh""}, {""factor"": ""Depth certainty"", ""delta"": 10, ""reason"": ""Near-zero depth \u2014 confidently not flooded""}, {""factor"": ""Coverage coherence"", ""delta"": 7, ""reason"": ""0% coverage \u2014 confidently dry""}, {""factor"": ""Urban SAR shadow"", ""delta"": -15, ""reason"": ""Dense urban area \u2014 radar shadow can mimic water""}, {""factor"": ""Optical cross-check"", ""delta"": 6, ""reason"": ""Sentinel-2 confirms dry ground \u2014 sensors agree""}]",0,,"{""sar"": ""dry"", ""optical"": ""dry"", ""dem_hydrology"": ""flood""}"
HARV-00329,"4605 Greenwillow Drive, Houston",0.0,0.0,0.0,0.0,0.0,Remote-Deny,81,Deny remotely — no significant flooding detected by satellite,Satellite data at 4605 Greenwillow Drive indicates 0.0ft depth; remote-deny per 81% confidence.,1,1,0.0,"[{""factor"": ""SAR recency"", ""delta"": 8, ""reason"": ""Imagery 3d post-event \u2014 fresh""}, {""factor"": ""Depth certainty"", ""delta"": 10, ""reason"": ""Near-zero depth \u2014 confidently not flooded""}, {""factor"": ""Coverage coherence"", ""delta"": 7, ""reason"": ""0% coverage \u2014 confidently dry""}, {""factor"": ""Urban SAR shadow"", ""delta"": -15, ""reason"": ""Dense urban area \u2014 radar shadow can mimic water""}, {""factor"": ""Optical cross-check"", ""delta"": 6, ""reason"": ""Sentinel-2 confirms dry ground \u2014 sensors agree""}]",0,,"{""sar"": ""dry"", ""optical"": ""dry"", ""dem_hydrology"": ""flood""}"
HARV-00330,"4603 Greenwillow Drive, Houston",0.0,0.0,0.0,0.0,0.0,Remote-Deny,96,Deny remotely — no significant flooding detected by satellite,Satellite data at 4603 Greenwillow Drive indicates 0.0ft depth; remote-deny per 96% confidence.,0,1,0.0,"[{""factor"": ""SAR recency"", ""delta"": 8, ""reason"": ""Imagery 3d post-event \u2014 fresh""}, {""factor"": ""Depth certainty"", ""delta"": 10, ""reason"": ""Near-zero depth \u2014 confidently not flooded""}, {""factor"": ""Coverage coherence"", ""delta"": 7, ""reason"": ""0% coverage \u2014 confidently dry""}, {""factor"": ""Optical cross-check"", ""delta"": 6, ""reason"": ""Sentinel-2 confirms dry ground \u2014 sensors agree""}]",0,,"{""sar"": ""dry"", ""optical"": ""dry"", ""dem_hydrology"": ""abstain""}"
HARV-00331,"1620 South Loop West, Houston, TX, 77054-4815",0.0,0.0,0.0,0.0,0.0,Remote-Deny,81,Deny remotely — no significant flooding detected by satellite,Satellite data at 1620 South Loop West indicates 0.0ft depth; remote-deny per 81% confidence.,1,1,0.0,"[{""factor"": ""SAR recency"", ""delta"": 8, ""reason"": ""Imagery 3d post-event \u2014 fresh""}, {""factor"": ""Depth certainty"", ""delta"": 10, ""reason"": ""Near-zero depth \u2014 confidently not flooded""}, {""factor"": ""Coverage coherence"", ""delta"": 7, ""reason"": ""0% coverage \u2014 confidently dry""}, {""factor"": ""Urban SAR shadow"", ""delta"": -15, ""reason"": ""Dense urban area \u2014 radar shadow can mimic water""}, {""factor"": ""Optical cross-check"", ""delta"": 6, ""reason"": ""Sentinel-2 confirms dry ground \u2014 sensors agree""}]",0,,"{""sar"": ""dry"", ""optical"": ""dry"", ""dem_hydrology"": ""abstain""}"
HARV-00332,"3815 South Braeswood Boulevard, Houston",0.0,0.0,0.0,0.0,0.0,Remote-Deny,81,Deny remotely — no significant flooding detected by satellite,Satellite data at 3815 South Braeswood Boulevard indicates 0.0ft depth; remote-deny per 81% confidence.,1,1,0.0,"[{""factor"": ""SAR recency"", ""delta"": 8, ""reason"": ""Imagery 3d post-event \u2014 fresh""}, {""factor"": ""Depth certainty"", ""delta"": 10, ""reason"": ""Near-zero depth \u2014 confidently not flooded""}, {""factor"": ""Coverage coherence"", ""delta"": 7, ""reason"": ""0% coverage \u2014 confidently dry""}, {""factor"": ""Urban SAR shadow"", ""delta"": -15, ""reason"": ""Dense urban area \u2014 radar shadow can mimic water""}, {""factor"": ""Optical cross-check"", ""delta"": 6, ""reason"": ""Sentinel-2 confirms dry ground \u2014 sensors agree""}]",0,,"{""sar"": ""dry"", ""optical"": ""dry"", ""dem_hydrology"": ""dry""}"
HARV-00333,"3819 South Braeswood Boulevard, Houston",0.0,0.0,0.0,0.0,0.0,Remote-Deny,81,Deny remotely — no significant flooding detected by satellite,Satellite data at 3819 South Braeswood Boulevard indicates 0.0ft depth; remote-deny per 81% confidence.,1,1,0.0,"[{""factor"": ""SAR recency"", ""delta"": 8, ""reason"": ""Imagery 3d post-event \u2014 fresh""}, {""factor"": ""Depth certainty"", ""delta"": 10, ""reason"": ""Near-zero depth \u2014 confidently not flooded""}, {""factor"": ""Coverage coherence"", ""delta"": 7, ""reason"": ""0% coverage \u2014 confidently dry""}, {""factor"": ""Urban SAR shadow"", ""delta"": -15, ""reason"": ""Dense urban area \u2014 radar shadow can mimic water""}, {""factor"": ""Optical cross-check"", ""delta"": 6, ""reason"": ""Sentinel-2 confirms dry ground \u2014 sensors agree""}]",0,,"{""sar"": ""dry"", ""optical"": ""dry"", ""dem_hydrology"": ""dry""}"
HARV-00334,"5006 Indigo Street, Houston, TX, 77096",0.0,0.0,0.0,0.0,0.0,Remote-Deny,81,Deny remotely — no significant flooding detected by satellite,Satellite data at 5006 Indigo Street indicates 0.0ft depth; remote-deny per 81% confidence.,1,1,0.0,"[{""factor"": ""SAR recency"", ""delta"": 8, ""reason"": ""Imagery 3d post-event \u2014 fresh""}, {""factor"": ""Depth certainty"", ""delta"": 10, ""reason"": ""Near-zero depth \u2014 confidently not flooded""}, {""factor"": ""Coverage coherence"", ""delta"": 7, ""reason"": ""0% coverage \u2014 confidently dry""}, {""factor"": ""Urban SAR shadow"", ""delta"": -15, ""reason"": ""Dense urban area \u2014 radar shadow can mimic water""}, {""factor"": ""Optical cross-check"", ""delta"": 6, ""reason"": ""Sentinel-2 confirms dry ground \u2014 sensors agree""}]",0,,"{""sar"": ""dry"", ""optical"": ""dry"", ""dem_hydrology"": ""abstain""}"
HARV-00335,"5014 Indigo Street, Houston, TX, 77096",0.0,0.0,0.0,0.0,0.0,Remote-Deny,81,Deny remotely — no significant flooding detected by satellite,Satellite data at 5014 Indigo Street indicates 0.0ft depth; remote-deny per 81% confidence.,1,1,0.0,"[{""factor"": ""SAR recency"", ""delta"": 8, ""reason"": ""Imagery 3d post-event \u2014 fresh""}, {""factor"": ""Depth certainty"", ""delta"": 10, ""reason"": ""Near-zero depth \u2014 confidently not flooded""}, {""factor"": ""Coverage coherence"", ""delta"": 7, ""reason"": ""0% coverage \u2014 confidently dry""}, {""factor"": ""Urban SAR shadow"", ""delta"": -15, ""reason"": ""Dense urban area \u2014 radar shadow can mimic water""}, {""factor"": ""Optical cross-check"", ""delta"": 6, ""reason"": ""Sentinel-2 confirms dry ground \u2014 sensors agree""}]",0,,"{""sar"": ""dry"", ""optical"": ""dry"", ""dem_hydrology"": ""abstain""}"
HARV-00336,"5018 Indigo Street, Houston, TX, 77096",0.0,0.0,0.0,0.0,0.0,Remote-Deny,81,Deny remotely — no significant flooding detected by satellite,Satellite data at 5018 Indigo Street indicates 0.0ft depth; remote-deny per 81% confidence.,1,1,0.0,"[{""factor"": ""SAR recency"", ""delta"": 8, ""reason"": ""Imagery 3d post-event \u2014 fresh""}, {""factor"": ""Depth certainty"", ""delta"": 10, ""reason"": ""Near-zero depth \u2014 confidently not flooded""}, {""factor"": ""Coverage coherence"", ""delta"": 7, ""reason"": ""0% coverage \u2014 confidently dry""}, {""factor"": ""Urban SAR shadow"", ""delta"": -15, ""reason"": ""Dense urban area \u2014 radar shadow can mimic water""}, {""factor"": ""Optical cross-check"", ""delta"": 6, ""reason"": ""Sentinel-2 confirms dry ground \u2014 sensors agree""}]",0,,"{""sar"": ""dry"", ""optical"": ""dry"", ""dem_hydrology"": ""abstain""}"
HARV-00337,"4004 Feagan Street, Houston, TX, 77007",0.0,0.0,0.0,0.0,0.0,Remote-Deny,81,Deny remotely — no significant flooding detected by satellite,Satellite data at 4004 Feagan Street indicates 0.0ft depth; remote-deny per 81% confidence.,1,1,0.0,"[{""factor"": ""SAR recency"", ""delta"": 8, ""reason"": ""Imagery 3d post-event \u2014 fresh""}, {""factor"": ""Depth certainty"", ""delta"": 10, ""reason"": ""Near-zero depth \u2014 confidently not flooded""}, {""factor"": ""Coverage coherence"", ""delta"": 7, ""reason"": ""0% coverage \u2014 confidently dry""}, {""factor"": ""Urban SAR shadow"", ""delta"": -15, ""reason"": ""Dense urban area \u2014 radar shadow can mimic water""}, {""factor"": ""Optical cross-check"", ""delta"": 6, ""reason"": ""Sentinel-2 confirms dry ground \u2014 sensors agree""}]",0,,"{""sar"": ""dry"", ""optical"": ""dry"", ""dem_hydrology"": ""dry""}"
HARV-00338,"4006 Feagan Street, Houston, TX, 77007",0.0,0.0,0.0,0.0,0.0,Remote-Deny,81,Deny remotely — no significant flooding detected by satellite,Satellite data at 4006 Feagan Street indicates 0.0ft depth; remote-deny per 81% confidence.,1,1,0.0,"[{""factor"": ""SAR recency"", ""delta"": 8, ""reason"": ""Imagery 3d post-event \u2014 fresh""}, {""factor"": ""Depth certainty"", ""delta"": 10, ""reason"": ""Near-zero depth \u2014 confidently not flooded""}, {""factor"": ""Coverage coherence"", ""delta"": 7, ""reason"": ""0% coverage \u2014 confidently dry""}, {""factor"": ""Urban SAR shadow"", ""delta"": -15, ""reason"": ""Dense urban area \u2014 radar shadow can mimic water""}, {""factor"": ""Optical cross-check"", ""delta"": 6, ""reason"": ""Sentinel-2 confirms dry ground \u2014 sensors agree""}]",0,,"{""sar"": ""dry"", ""optical"": ""dry"", ""dem_hydrology"": ""dry""}"
HARV-00339,"4011 Feagan Street, Houston, TX, 77007",0.0,0.0,0.0,0.0,0.0,Remote-Deny,81,Deny remotely — no significant flooding detected by satellite,Satellite data at 4011 Feagan Street indicates 0.0ft depth; remote-deny per 81% confidence.,1,1,0.0,"[{""factor"": ""SAR recency"", ""delta"": 8, ""reason"": ""Imagery 3d post-event \u2014 fresh""}, {""factor"": ""Depth certainty"", ""delta"": 10, ""reason"": ""Near-zero depth \u2014 confidently not flooded""}, {""factor"": ""Coverage coherence"", ""delta"": 7, ""reason"": ""0% coverage \u2014 confidently dry""}, {""factor"": ""Urban SAR shadow"", ""delta"": -15, ""reason"": ""Dense urban area \u2014 radar shadow can mimic water""}, {""factor"": ""Optical cross-check"", ""delta"": 6, ""reason"": ""Sentinel-2 confirms dry ground \u2014 sensors agree""}]",0,,"{""sar"": ""dry"", ""optical"": ""dry"", ""dem_hydrology"": ""dry""}"
HARV-00340,"4013 Feagan Street, Houston, TX, 77007",0.0,0.0,0.0,0.0,0.0,Remote-Deny,81,Deny remotely — no significant flooding detected by satellite,Satellite data at 4013 Feagan Street indicates 0.0ft depth; remote-deny per 81% confidence.,1,1,0.0,"[{""factor"": ""SAR recency"", ""delta"": 8, ""reason"": ""Imagery 3d post-event \u2014 fresh""}, {""factor"": ""Depth certainty"", ""delta"": 10, ""reason"": ""Near-zero depth \u2014 confidently not flooded""}, {""factor"": ""Coverage coherence"", ""delta"": 7, ""reason"": ""0% coverage \u2014 confidently dry""}, {""factor"": ""Urban SAR shadow"", ""delta"": -15, ""reason"": ""Dense urban area \u2014 radar shadow can mimic water""}, {""factor"": ""Optical cross-check"", ""delta"": 6, ""reason"": ""Sentinel-2 confirms dry ground \u2014 sensors agree""}]",0,,"{""sar"": ""dry"", ""optical"": ""dry"", ""dem_hydrology"": ""dry""}"
HARV-00341,"607 Jackson Hill Street, Houston, TX, 77007",0.0,0.0,0.0,0.0,0.0,Remote-Deny,81,Deny remotely — no significant flooding detected by satellite,Satellite data at 607 Jackson Hill Street indicates 0.0ft depth; remote-deny per 81% confidence.,1,1,0.0,"[{""factor"": ""SAR recency"", ""delta"": 8, ""reason"": ""Imagery 3d post-event \u2014 fresh""}, {""factor"": ""Depth certainty"", ""delta"": 10, ""reason"": ""Near-zero depth \u2014 confidently not flooded""}, {""factor"": ""Coverage coherence"", ""delta"": 7, ""reason"": ""0% coverage \u2014 confidently dry""}, {""factor"": ""Urban SAR shadow"", ""delta"": -15, ""reason"": ""Dense urban area \u2014 radar shadow can mimic water""}, {""factor"": ""Optical cross-check"", ""delta"": 6, ""reason"": ""Sentinel-2 confirms dry ground \u2014 sensors agree""}]",0,,"{""sar"": ""dry"", ""optical"": ""dry"", ""dem_hydrology"": ""dry""}"
HARV-00342,"609 Jackson Hill Street, Houston, TX, 77007",0.0,0.0,0.0,0.0,0.0,Remote-Deny,81,Deny remotely — no significant flooding detected by satellite,Satellite data at 609 Jackson Hill Street indicates 0.0ft depth; remote-deny per 81% confidence.,1,1,0.0,"[{""factor"": ""SAR recency"", ""delta"": 8, ""reason"": ""Imagery 3d post-event \u2014 fresh""}, {""factor"": ""Depth certainty"", ""delta"": 10, ""reason"": ""Near-zero depth \u2014 confidently not flooded""}, {""factor"": ""Coverage coherence"", ""delta"": 7, ""reason"": ""0% coverage \u2014 confidently dry""}, {""factor"": ""Urban SAR shadow"", ""delta"": -15, ""reason"": ""Dense urban area \u2014 radar shadow can mimic water""}, {""factor"": ""Optical cross-check"", ""delta"": 6, ""reason"": ""Sentinel-2 confirms dry ground \u2014 sensors agree""}]",0,,"{""sar"": ""dry"", ""optical"": ""dry"", ""dem_hydrology"": ""dry""}"
HARV-00343,"502 Jackson Hill Street, Houston, TX, 77007",0.0,0.0,0.0,0.0,0.0,Remote-Deny,81,Deny remotely — no significant flooding detected by satellite,Satellite data at 502 Jackson Hill Street indicates 0.0ft depth; remote-deny per 81% confidence.,1,1,0.0,"[{""factor"": ""SAR recency"", ""delta"": 8, ""reason"": ""Imagery 3d post-event \u2014 fresh""}, {""factor"": ""Depth certainty"", ""delta"": 10, ""reason"": ""Near-zero depth \u2014 confidently not flooded""}, {""factor"": ""Coverage coherence"", ""delta"": 7, ""reason"": ""0% coverage \u2014 confidently dry""}, {""factor"": ""Urban SAR shadow"", ""delta"": -15, ""reason"": ""Dense urban area \u2014 radar shadow can mimic water""}, {""factor"": ""Optical cross-check"", ""delta"": 6, ""reason"": ""Sentinel-2 confirms dry ground \u2014 sensors agree""}]",0,,"{""sar"": ""dry"", ""optical"": ""dry"", ""dem_hydrology"": ""dry""}"
HARV-00344,5901 Bellaire Boulevard,0.0,0.0,0.0,0.0,0.0,Review,75,Flag for manual review — borderline measurements or low confidence,Satellite data at 5901 Bellaire Boulevard indicates 0.0ft depth; review per 75% confidence.,1,1,0.2321,"[{""factor"": ""SAR recency"", ""delta"": 8, ""reason"": ""Imagery 3d post-event \u2014 fresh""}, {""factor"": ""Depth certainty"", ""delta"": 10, ""reason"": ""Near-zero depth \u2014 confidently not flooded""}, {""factor"": ""Coverage coherence"", ""delta"": 7, ""reason"": ""0% coverage \u2014 confidently dry""}, {""factor"": ""Urban SAR shadow"", ""delta"": -15, ""reason"": ""Dense urban area \u2014 radar shadow can mimic water""}]",1,"Sensors disagree: optical, DEM-hydrology indicate flooding while SAR indicate dry/implausible — routed to manual review.","{""sar"": ""dry"", ""optical"": ""flood"", ""dem_hydrology"": ""flood""}"
HARV-00345,5941 Bellaire Boulevard,0.0,0.0,0.0,0.0,0.0,Review,75,Flag for manual review — borderline measurements or low confidence,Satellite data at 5941 Bellaire Boulevard indicates 0.0ft depth; review per 75% confidence.,1,1,0.189,"[{""factor"": ""SAR recency"", ""delta"": 8, ""reason"": ""Imagery 3d post-event \u2014 fresh""}, {""factor"": ""Depth certainty"", ""delta"": 10, ""reason"": ""Near-zero depth \u2014 confidently not flooded""}, {""factor"": ""Coverage coherence"", ""delta"": 7, ""reason"": ""0% coverage \u2014 confidently dry""}, {""factor"": ""Urban SAR shadow"", ""delta"": -15, ""reason"": ""Dense urban area \u2014 radar shadow can mimic water""}]",1,"Sensors disagree: optical, DEM-hydrology indicate flooding while SAR indicate dry/implausible — routed to manual review.","{""sar"": ""dry"", ""optical"": ""flood"", ""dem_hydrology"": ""flood""}"
HARV-00346,"536 Waugh Drive, Houston, TX, 77019",0.0,0.0,0.0,0.0,0.0,Remote-Deny,81,Deny remotely — no significant flooding detected by satellite,Satellite data at 536 Waugh Drive indicates 0.0ft depth; remote-deny per 81% confidence.,1,1,0.0,"[{""factor"": ""SAR recency"", ""delta"": 8, ""reason"": ""Imagery 3d post-event \u2014 fresh""}, {""factor"": ""Depth certainty"", ""delta"": 10, ""reason"": ""Near-zero depth \u2014 confidently not flooded""}, {""factor"": ""Coverage coherence"", ""delta"": 7, ""reason"": ""0% coverage \u2014 confidently dry""}, {""factor"": ""Urban SAR shadow"", ""delta"": -15, ""reason"": ""Dense urban area \u2014 radar shadow can mimic water""}, {""factor"": ""Optical cross-check"", ""delta"": 6, ""reason"": ""Sentinel-2 confirms dry ground \u2014 sensors agree""}]",0,,"{""sar"": ""dry"", ""optical"": ""dry"", ""dem_hydrology"": ""dry""}"
HARV-00347,"4615 Bellaire Boulevard, Bellaire, 77401",0.0,0.0,0.0,0.0,0.0,Review,75,Flag for manual review — borderline measurements or low confidence,Satellite data at 4615 Bellaire Boulevard indicates 0.0ft depth; review per 75% confidence.,1,1,0.116,"[{""factor"": ""SAR recency"", ""delta"": 8, ""reason"": ""Imagery 3d post-event \u2014 fresh""}, {""factor"": ""Depth certainty"", ""delta"": 10, ""reason"": ""Near-zero depth \u2014 confidently not flooded""}, {""factor"": ""Coverage coherence"", ""delta"": 7, ""reason"": ""0% coverage \u2014 confidently dry""}, {""factor"": ""Urban SAR shadow"", ""delta"": -15, ""reason"": ""Dense urban area \u2014 radar shadow can mimic water""}]",1,"Sensors disagree: optical, DEM-hydrology indicate flooding while SAR indicate dry/implausible — routed to manual review.","{""sar"": ""dry"", ""optical"": ""flood"", ""dem_hydrology"": ""flood""}"
HARV-00348,"2820 White Oak Drive, Houston, TX, 77007",0.0,0.0,0.0,0.0,0.0,Remote-Deny,81,Deny remotely — no significant flooding detected by satellite,Satellite data at 2820 White Oak Drive indicates 0.0ft depth; remote-deny per 81% confidence.,1,1,0.0,"[{""factor"": ""SAR recency"", ""delta"": 8, ""reason"": ""Imagery 3d post-event \u2014 fresh""}, {""factor"": ""Depth certainty"", ""delta"": 10, ""reason"": ""Near-zero depth \u2014 confidently not flooded""}, {""factor"": ""Coverage coherence"", ""delta"": 7, ""reason"": ""0% coverage \u2014 confidently dry""}, {""factor"": ""Urban SAR shadow"", ""delta"": -15, ""reason"": ""Dense urban area \u2014 radar shadow can mimic water""}, {""factor"": ""Optical cross-check"", ""delta"": 6, ""reason"": ""Sentinel-2 confirms dry ground \u2014 sensors agree""}]",0,,"{""sar"": ""dry"", ""optical"": ""dry"", ""dem_hydrology"": ""dry""}"
HARV-00349,"1035 North Shepherd Drive, Houston, TX, 77008",0.0,0.0,0.0,0.0,0.0,Review,75,Flag for manual review — borderline measurements or low confidence,Satellite data at 1035 North Shepherd Drive indicates 0.0ft depth; review per 75% confidence.,1,1,0.135,"[{""factor"": ""SAR recency"", ""delta"": 8, ""reason"": ""Imagery 3d post-event \u2014 fresh""}, {""factor"": ""Depth certainty"", ""delta"": 10, ""reason"": ""Near-zero depth \u2014 confidently not flooded""}, {""factor"": ""Coverage coherence"", ""delta"": 7, ""reason"": ""0% coverage \u2014 confidently dry""}, {""factor"": ""Urban SAR shadow"", ""delta"": -15, ""reason"": ""Dense urban area \u2014 radar shadow can mimic water""}]",1,"Sensors disagree: optical, DEM-hydrology indicate flooding while SAR indicate dry/implausible — routed to manual review.","{""sar"": ""dry"", ""optical"": ""flood"", ""dem_hydrology"": ""flood""}"
HARV-00350,"602 Knox Street, Houston",0.0,0.0,0.0,0.0,0.0,Remote-Deny,81,Deny remotely — no significant flooding detected by satellite,Satellite data at 602 Knox Street indicates 0.0ft depth; remote-deny per 81% confidence.,1,1,0.0438,"[{""factor"": ""SAR recency"", ""delta"": 8, ""reason"": ""Imagery 3d post-event \u2014 fresh""}, {""factor"": ""Depth certainty"", ""delta"": 10, ""reason"": ""Near-zero depth \u2014 confidently not flooded""}, {""factor"": ""Coverage coherence"", ""delta"": 7, ""reason"": ""0% coverage \u2014 confidently dry""}, {""factor"": ""Urban SAR shadow"", ""delta"": -15, ""reason"": ""Dense urban area \u2014 radar shadow can mimic water""}, {""factor"": ""Optical cross-check"", ""delta"": 6, ""reason"": ""Sentinel-2 confirms dry ground \u2014 sensors agree""}]",0,,"{""sar"": ""dry"", ""optical"": ""dry"", ""dem_hydrology"": ""abstain""}"
HARV-00351,"4844 Allum Road, Houston, 77045",0.0,0.0,0.0,0.0,0.0,Remote-Deny,81,Deny remotely — no significant flooding detected by satellite,Satellite data at 4844 Allum Road indicates 0.0ft depth; remote-deny per 81% confidence.,1,1,0.0,"[{""factor"": ""SAR recency"", ""delta"": 8, ""reason"": ""Imagery 3d post-event \u2014 fresh""}, {""factor"": ""Depth certainty"", ""delta"": 10, ""reason"": ""Near-zero depth \u2014 confidently not flooded""}, {""factor"": ""Coverage coherence"", ""delta"": 7, ""reason"": ""0% coverage \u2014 confidently dry""}, {""factor"": ""Urban SAR shadow"", ""delta"": -15, ""reason"": ""Dense urban area \u2014 radar shadow can mimic water""}, {""factor"": ""Optical cross-check"", ""delta"": 6, ""reason"": ""Sentinel-2 confirms dry ground \u2014 sensors agree""}]",0,,"{""sar"": ""dry"", ""optical"": ""dry"", ""dem_hydrology"": ""abstain""}"
HARV-00352,"11010 Chatterton Drive, Houston, 77043",0.0,0.0,0.0,0.0,0.0,Remote-Deny,81,Deny remotely — no significant flooding detected by satellite,Satellite data at 11010 Chatterton Drive indicates 0.0ft depth; remote-deny per 81% confidence.,1,1,0.0,"[{""factor"": ""SAR recency"", ""delta"": 8, ""reason"": ""Imagery 3d post-event \u2014 fresh""}, {""factor"": ""Depth certainty"", ""delta"": 10, ""reason"": ""Near-zero depth \u2014 confidently not flooded""}, {""factor"": ""Coverage coherence"", ""delta"": 7, ""reason"": ""0% coverage \u2014 confidently dry""}, {""factor"": ""Urban SAR shadow"", ""delta"": -15, ""reason"": ""Dense urban area \u2014 radar shadow can mimic water""}, {""factor"": ""Optical cross-check"", ""delta"": 6, ""reason"": ""Sentinel-2 confirms dry ground \u2014 sensors agree""}]",0,,"{""sar"": ""dry"", ""optical"": ""dry"", ""dem_hydrology"": ""flood""}"
HARV-00353,"9600 Fondren Road, Houston, TX, 77096",0.0,0.0,0.0,0.0,0.0,Remote-Deny,81,Deny remotely — no significant flooding detected by satellite,Satellite data at 9600 Fondren Road indicates 0.0ft depth; remote-deny per 81% confidence.,1,1,0.0,"[{""factor"": ""SAR recency"", ""delta"": 8, ""reason"": ""Imagery 3d post-event \u2014 fresh""}, {""factor"": ""Depth certainty"", ""delta"": 10, ""reason"": ""Near-zero depth \u2014 confidently not flooded""}, {""factor"": ""Coverage coherence"", ""delta"": 7, ""reason"": ""0% coverage \u2014 confidently dry""}, {""factor"": ""Urban SAR shadow"", ""delta"": -15, ""reason"": ""Dense urban area \u2014 radar shadow can mimic water""}, {""factor"": ""Optical cross-check"", ""delta"": 6, ""reason"": ""Sentinel-2 confirms dry ground \u2014 sensors agree""}]",0,,"{""sar"": ""dry"", ""optical"": ""dry"", ""dem_hydrology"": ""dry""}"
HARV-00354,"4441 Effie Street, Bellaire, 77401",0.0,0.0,0.0,0.0,0.0,Remote-Deny,81,Deny remotely — no significant flooding detected by satellite,Satellite data at 4441 Effie Street indicates 0.0ft depth; remote-deny per 81% confidence.,1,1,0.0,"[{""factor"": ""SAR recency"", ""delta"": 8, ""reason"": ""Imagery 3d post-event \u2014 fresh""}, {""factor"": ""Depth certainty"", ""delta"": 10, ""reason"": ""Near-zero depth \u2014 confidently not flooded""}, {""factor"": ""Coverage coherence"", ""delta"": 7, ""reason"": ""0% coverage \u2014 confidently dry""}, {""factor"": ""Urban SAR shadow"", ""delta"": -15, ""reason"": ""Dense urban area \u2014 radar shadow can mimic water""}, {""factor"": ""Optical cross-check"", ""delta"": 6, ""reason"": ""Sentinel-2 confirms dry ground \u2014 sensors agree""}]",0,,"{""sar"": ""dry"", ""optical"": ""dry"", ""dem_hydrology"": ""flood""}"
HARV-00355,"4441 Valerie Street, Bellaire, 77401",0.0,0.0,0.0,0.0,0.0,Remote-Deny,81,Deny remotely — no significant flooding detected by satellite,Satellite data at 4441 Valerie Street indicates 0.0ft depth; remote-deny per 81% confidence.,1,1,0.0,"[{""factor"": ""SAR recency"", ""delta"": 8, ""reason"": ""Imagery 3d post-event \u2014 fresh""}, {""factor"": ""Depth certainty"", ""delta"": 10, ""reason"": ""Near-zero depth \u2014 confidently not flooded""}, {""factor"": ""Coverage coherence"", ""delta"": 7, ""reason"": ""0% coverage \u2014 confidently dry""}, {""factor"": ""Urban SAR shadow"", ""delta"": -15, ""reason"": ""Dense urban area \u2014 radar shadow can mimic water""}, {""factor"": ""Optical cross-check"", ""delta"": 6, ""reason"": ""Sentinel-2 confirms dry ground \u2014 sensors agree""}]",0,,"{""sar"": ""dry"", ""optical"": ""dry"", ""dem_hydrology"": ""flood""}"
HARV-00356,"4441 Cynthia Street, Bellaire, 77401",0.0,0.0,0.0,0.0,0.0,Remote-Deny,81,Deny remotely — no significant flooding detected by satellite,Satellite data at 4441 Cynthia Street indicates 0.0ft depth; remote-deny per 81% confidence.,1,1,0.0,"[{""factor"": ""SAR recency"", ""delta"": 8, ""reason"": ""Imagery 3d post-event \u2014 fresh""}, {""factor"": ""Depth certainty"", ""delta"": 10, ""reason"": ""Near-zero depth \u2014 confidently not flooded""}, {""factor"": ""Coverage coherence"", ""delta"": 7, ""reason"": ""0% coverage \u2014 confidently dry""}, {""factor"": ""Urban SAR shadow"", ""delta"": -15, ""reason"": ""Dense urban area \u2014 radar shadow can mimic water""}, {""factor"": ""Optical cross-check"", ""delta"": 6, ""reason"": ""Sentinel-2 confirms dry ground \u2014 sensors agree""}]",0,,"{""sar"": ""dry"", ""optical"": ""dry"", ""dem_hydrology"": ""flood""}"
HARV-00357,"4441 Dorothy Street, Bellaire, 77401",0.0,0.0,0.0,0.0,0.0,Remote-Deny,81,Deny remotely — no significant flooding detected by satellite,Satellite data at 4441 Dorothy Street indicates 0.0ft depth; remote-deny per 81% confidence.,1,1,0.0,"[{""factor"": ""SAR recency"", ""delta"": 8, ""reason"": ""Imagery 3d post-event \u2014 fresh""}, {""factor"": ""Depth certainty"", ""delta"": 10, ""reason"": ""Near-zero depth \u2014 confidently not flooded""}, {""factor"": ""Coverage coherence"", ""delta"": 7, ""reason"": ""0% coverage \u2014 confidently dry""}, {""factor"": ""Urban SAR shadow"", ""delta"": -15, ""reason"": ""Dense urban area \u2014 radar shadow can mimic water""}, {""factor"": ""Optical cross-check"", ""delta"": 6, ""reason"": ""Sentinel-2 confirms dry ground \u2014 sensors agree""}]",0,,"{""sar"": ""dry"", ""optical"": ""dry"", ""dem_hydrology"": ""abstain""}"
HARV-00358,"7431 Beechnut Street, Houston",0.0,0.0,0.0,0.0,0.0,Remote-Deny,96,Deny remotely — no significant flooding detected by satellite,Satellite data at 7431 Beechnut Street indicates 0.0ft depth; remote-deny per 96% confidence.,0,1,0.0,"[{""factor"": ""SAR recency"", ""delta"": 8, ""reason"": ""Imagery 3d post-event \u2014 fresh""}, {""factor"": ""Depth certainty"", ""delta"": 10, ""reason"": ""Near-zero depth \u2014 confidently not flooded""}, {""factor"": ""Coverage coherence"", ""delta"": 7, ""reason"": ""0% coverage \u2014 confidently dry""}, {""factor"": ""Optical cross-check"", ""delta"": 6, ""reason"": ""Sentinel-2 confirms dry ground \u2014 sensors agree""}]",0,,"{""sar"": ""dry"", ""optical"": ""dry"", ""dem_hydrology"": ""flood""}"
HARV-00359,"8306 Southwest Freeway Frontage Road, Houston, TX, 77074",0.0,0.0,0.0,0.0,0.0,Remote-Deny,81,Deny remotely — no significant flooding detected by satellite,Satellite data at 8306 Southwest Freeway Frontage Road indicates 0.0ft depth; remote-deny per 81% confidence.,1,1,0.0,"[{""factor"": ""SAR recency"", ""delta"": 8, ""reason"": ""Imagery 3d post-event \u2014 fresh""}, {""factor"": ""Depth certainty"", ""delta"": 10, ""reason"": ""Near-zero depth \u2014 confidently not flooded""}, {""factor"": ""Coverage coherence"", ""delta"": 7, ""reason"": ""0% coverage \u2014 confidently dry""}, {""factor"": ""Urban SAR shadow"", ""delta"": -15, ""reason"": ""Dense urban area \u2014 radar shadow can mimic water""}, {""factor"": ""Optical cross-check"", ""delta"": 6, ""reason"": ""Sentinel-2 confirms dry ground \u2014 sensors agree""}]",0,,"{""sar"": ""dry"", ""optical"": ""dry"", ""dem_hydrology"": ""flood""}"
HARV-00360,"8515 South Braeswood Boulevard, Houston",0.0,0.0,0.0,0.0,0.0,Remote-Deny,81,Deny remotely — no significant flooding detected by satellite,Satellite data at 8515 South Braeswood Boulevard indicates 0.0ft depth; remote-deny per 81% confidence.,1,1,0.0,"[{""factor"": ""SAR recency"", ""delta"": 8, ""reason"": ""Imagery 3d post-event \u2014 fresh""}, {""factor"": ""Depth certainty"", ""delta"": 10, ""reason"": ""Near-zero depth \u2014 confidently not flooded""}, {""factor"": ""Coverage coherence"", ""delta"": 7, ""reason"": ""0% coverage \u2014 confidently dry""}, {""factor"": ""Urban SAR shadow"", ""delta"": -15, ""reason"": ""Dense urban area \u2014 radar shadow can mimic water""}, {""factor"": ""Optical cross-check"", ""delta"": 6, ""reason"": ""Sentinel-2 confirms dry ground \u2014 sensors agree""}]",0,,"{""sar"": ""dry"", ""optical"": ""dry"", ""dem_hydrology"": ""dry""}"
HARV-00361,"8404 South Braeswood Boulevard, Houston",0.0,0.0,0.0,0.0,0.0,Remote-Deny,81,Deny remotely — no significant flooding detected by satellite,Satellite data at 8404 South Braeswood Boulevard indicates 0.0ft depth; remote-deny per 81% confidence.,1,1,0.0,"[{""factor"": ""SAR recency"", ""delta"": 8, ""reason"": ""Imagery 3d post-event \u2014 fresh""}, {""factor"": ""Depth certainty"", ""delta"": 10, ""reason"": ""Near-zero depth \u2014 confidently not flooded""}, {""factor"": ""Coverage coherence"", ""delta"": 7, ""reason"": ""0% coverage \u2014 confidently dry""}, {""factor"": ""Urban SAR shadow"", ""delta"": -15, ""reason"": ""Dense urban area \u2014 radar shadow can mimic water""}, {""factor"": ""Optical cross-check"", ""delta"": 6, ""reason"": ""Sentinel-2 confirms dry ground \u2014 sensors agree""}]",0,,"{""sar"": ""dry"", ""optical"": ""dry"", ""dem_hydrology"": ""dry""}"
HARV-00362,"7927 South Braeswood Boulevard, Houston",0.0,0.0,0.0,0.0,0.0,Remote-Deny,96,Deny remotely — no significant flooding detected by satellite,Satellite data at 7927 South Braeswood Boulevard indicates 0.0ft depth; remote-deny per 96% confidence.,0,1,0.0,"[{""factor"": ""SAR recency"", ""delta"": 8, ""reason"": ""Imagery 3d post-event \u2014 fresh""}, {""factor"": ""Depth certainty"", ""delta"": 10, ""reason"": ""Near-zero depth \u2014 confidently not flooded""}, {""factor"": ""Coverage coherence"", ""delta"": 7, ""reason"": ""0% coverage \u2014 confidently dry""}, {""factor"": ""Optical cross-check"", ""delta"": 6, ""reason"": ""Sentinel-2 confirms dry ground \u2014 sensors agree""}]",0,,"{""sar"": ""dry"", ""optical"": ""dry"", ""dem_hydrology"": ""dry""}"
HARV-00363,"6227 South Braeswood Boulevard, Houston, TX",0.0,0.0,0.0,0.0,0.0,Remote-Deny,81,Deny remotely — no significant flooding detected by satellite,Satellite data at 6227 South Braeswood Boulevard indicates 0.0ft depth; remote-deny per 81% confidence.,1,1,0.0,"[{""factor"": ""SAR recency"", ""delta"": 8, ""reason"": ""Imagery 3d post-event \u2014 fresh""}, {""factor"": ""Depth certainty"", ""delta"": 10, ""reason"": ""Near-zero depth \u2014 confidently not flooded""}, {""factor"": ""Coverage coherence"", ""delta"": 7, ""reason"": ""0% coverage \u2014 confidently dry""}, {""factor"": ""Urban SAR shadow"", ""delta"": -15, ""reason"": ""Dense urban area \u2014 radar shadow can mimic water""}, {""factor"": ""Optical cross-check"", ""delta"": 6, ""reason"": ""Sentinel-2 confirms dry ground \u2014 sensors agree""}]",0,,"{""sar"": ""dry"", ""optical"": ""dry"", ""dem_hydrology"": ""dry""}"
HARV-00364,"6103 South Braeswood Boulevard, Houston, TX",0.0,0.0,0.0,0.0,0.0,Remote-Deny,81,Deny remotely — no significant flooding detected by satellite,Satellite data at 6103 South Braeswood Boulevard indicates 0.0ft depth; remote-deny per 81% confidence.,1,1,0.0,"[{""factor"": ""SAR recency"", ""delta"": 8, ""reason"": ""Imagery 3d post-event \u2014 fresh""}, {""factor"": ""Depth certainty"", ""delta"": 10, ""reason"": ""Near-zero depth \u2014 confidently not flooded""}, {""factor"": ""Coverage coherence"", ""delta"": 7, ""reason"": ""0% coverage \u2014 confidently dry""}, {""factor"": ""Urban SAR shadow"", ""delta"": -15, ""reason"": ""Dense urban area \u2014 radar shadow can mimic water""}, {""factor"": ""Optical cross-check"", ""delta"": 6, ""reason"": ""Sentinel-2 confirms dry ground \u2014 sensors agree""}]",0,,"{""sar"": ""dry"", ""optical"": ""dry"", ""dem_hydrology"": ""dry""}"
HARV-00365,"5863 South Braeswood Boulevard, Houston",0.0,0.0,0.0,0.0,0.0,Remote-Deny,81,Deny remotely — no significant flooding detected by satellite,Satellite data at 5863 South Braeswood Boulevard indicates 0.0ft depth; remote-deny per 81% confidence.,1,1,0.0,"[{""factor"": ""SAR recency"", ""delta"": 8, ""reason"": ""Imagery 3d post-event \u2014 fresh""}, {""factor"": ""Depth certainty"", ""delta"": 10, ""reason"": ""Near-zero depth \u2014 confidently not flooded""}, {""factor"": ""Coverage coherence"", ""delta"": 7, ""reason"": ""0% coverage \u2014 confidently dry""}, {""factor"": ""Urban SAR shadow"", ""delta"": -15, ""reason"": ""Dense urban area \u2014 radar shadow can mimic water""}, {""factor"": ""Optical cross-check"", ""delta"": 6, ""reason"": ""Sentinel-2 confirms dry ground \u2014 sensors agree""}]",0,,"{""sar"": ""dry"", ""optical"": ""dry"", ""dem_hydrology"": ""dry""}"
HARV-00366,"5703 South Braeswood Boulevard, Houston",0.0,0.0,0.0,0.0,0.0,Remote-Deny,81,Deny remotely — no significant flooding detected by satellite,Satellite data at 5703 South Braeswood Boulevard indicates 0.0ft depth; remote-deny per 81% confidence.,1,1,0.0,"[{""factor"": ""SAR recency"", ""delta"": 8, ""reason"": ""Imagery 3d post-event \u2014 fresh""}, {""factor"": ""Depth certainty"", ""delta"": 10, ""reason"": ""Near-zero depth \u2014 confidently not flooded""}, {""factor"": ""Coverage coherence"", ""delta"": 7, ""reason"": ""0% coverage \u2014 confidently dry""}, {""factor"": ""Urban SAR shadow"", ""delta"": -15, ""reason"": ""Dense urban area \u2014 radar shadow can mimic water""}, {""factor"": ""Optical cross-check"", ""delta"": 6, ""reason"": ""Sentinel-2 confirms dry ground \u2014 sensors agree""}]",0,,"{""sar"": ""dry"", ""optical"": ""dry"", ""dem_hydrology"": ""dry""}"
HARV-00367,"5739 South Braeswood Boulevard, Houston",0.0,0.0,0.0,0.0,0.0,Remote-Deny,81,Deny remotely — no significant flooding detected by satellite,Satellite data at 5739 South Braeswood Boulevard indicates 0.0ft depth; remote-deny per 81% confidence.,1,1,0.0,"[{""factor"": ""SAR recency"", ""delta"": 8, ""reason"": ""Imagery 3d post-event \u2014 fresh""}, {""factor"": ""Depth certainty"", ""delta"": 10, ""reason"": ""Near-zero depth \u2014 confidently not flooded""}, {""factor"": ""Coverage coherence"", ""delta"": 7, ""reason"": ""0% coverage \u2014 confidently dry""}, {""factor"": ""Urban SAR shadow"", ""delta"": -15, ""reason"": ""Dense urban area \u2014 radar shadow can mimic water""}, {""factor"": ""Optical cross-check"", ""delta"": 6, ""reason"": ""Sentinel-2 confirms dry ground \u2014 sensors agree""}]",0,,"{""sar"": ""dry"", ""optical"": ""dry"", ""dem_hydrology"": ""dry""}"
HARV-00368,"5331 South Braeswood Boulevard, Houston, TX",0.0,0.0,0.0,0.0,0.0,Remote-Deny,96,Deny remotely — no significant flooding detected by satellite,Satellite data at 5331 South Braeswood Boulevard indicates 0.0ft depth; remote-deny per 96% confidence.,0,1,0.0023,"[{""factor"": ""SAR recency"", ""delta"": 8, ""reason"": ""Imagery 3d post-event \u2014 fresh""}, {""factor"": ""Depth certainty"", ""delta"": 10, ""reason"": ""Near-zero depth \u2014 confidently not flooded""}, {""factor"": ""Coverage coherence"", ""delta"": 7, ""reason"": ""0% coverage \u2014 confidently dry""}, {""factor"": ""Optical cross-check"", ""delta"": 6, ""reason"": ""Sentinel-2 confirms dry ground \u2014 sensors agree""}]",0,,"{""sar"": ""dry"", ""optical"": ""dry"", ""dem_hydrology"": ""dry""}"
HARV-00369,2800 Bissonnet Street,0.0,0.0,0.0,0.0,0.0,Remote-Deny,81,Deny remotely — no significant flooding detected by satellite,Satellite data at 2800 Bissonnet Street indicates 0.0ft depth; remote-deny per 81% confidence.,1,1,0.0,"[{""factor"": ""SAR recency"", ""delta"": 8, ""reason"": ""Imagery 3d post-event \u2014 fresh""}, {""factor"": ""Depth certainty"", ""delta"": 10, ""reason"": ""Near-zero depth \u2014 confidently not flooded""}, {""factor"": ""Coverage coherence"", ""delta"": 7, ""reason"": ""0% coverage \u2014 confidently dry""}, {""factor"": ""Urban SAR shadow"", ""delta"": -15, ""reason"": ""Dense urban area \u2014 radar shadow can mimic water""}, {""factor"": ""Optical cross-check"", ""delta"": 6, ""reason"": ""Sentinel-2 confirms dry ground \u2014 sensors agree""}]",0,,"{""sar"": ""dry"", ""optical"": ""dry"", ""dem_hydrology"": ""flood""}"
HARV-00370,"6100 Corporate Drive, Houston, TX, 77036-3590",0.0,0.0,0.0,0.0,0.0,Remote-Deny,81,Deny remotely — no significant flooding detected by satellite,Satellite data at 6100 Corporate Drive indicates 0.0ft depth; remote-deny per 81% confidence.,1,1,0.0,"[{""factor"": ""SAR recency"", ""delta"": 8, ""reason"": ""Imagery 3d post-event \u2014 fresh""}, {""factor"": ""Depth certainty"", ""delta"": 10, ""reason"": ""Near-zero depth \u2014 confidently not flooded""}, {""factor"": ""Coverage coherence"", ""delta"": 7, ""reason"": ""0% coverage \u2014 confidently dry""}, {""factor"": ""Urban SAR shadow"", ""delta"": -15, ""reason"": ""Dense urban area \u2014 radar shadow can mimic water""}, {""factor"": ""Optical cross-check"", ""delta"": 6, ""reason"": ""Sentinel-2 confirms dry ground \u2014 sensors agree""}]",0,,"{""sar"": ""dry"", ""optical"": ""dry"", ""dem_hydrology"": ""flood""}"
HARV-00371,4615 Southwest Freeway,0.0,0.0,0.0,0.0,0.0,Remote-Deny,81,Deny remotely — no significant flooding detected by satellite,Satellite data at 4615 Southwest Freeway indicates 0.0ft depth; remote-deny per 81% confidence.,1,1,0.0,"[{""factor"": ""SAR recency"", ""delta"": 8, ""reason"": ""Imagery 3d post-event \u2014 fresh""}, {""factor"": ""Depth certainty"", ""delta"": 10, ""reason"": ""Near-zero depth \u2014 confidently not flooded""}, {""factor"": ""Coverage coherence"", ""delta"": 7, ""reason"": ""0% coverage \u2014 confidently dry""}, {""factor"": ""Urban SAR shadow"", ""delta"": -15, ""reason"": ""Dense urban area \u2014 radar shadow can mimic water""}, {""factor"": ""Optical cross-check"", ""delta"": 6, ""reason"": ""Sentinel-2 confirms dry ground \u2014 sensors agree""}]",0,,"{""sar"": ""dry"", ""optical"": ""dry"", ""dem_hydrology"": ""abstain""}"
HARV-00372,4635 Southwest Freeway,0.0,0.0,0.0,0.0,0.0,Remote-Deny,81,Deny remotely — no significant flooding detected by satellite,Satellite data at 4635 Southwest Freeway indicates 0.0ft depth; remote-deny per 81% confidence.,1,1,0.0,"[{""factor"": ""SAR recency"", ""delta"": 8, ""reason"": ""Imagery 3d post-event \u2014 fresh""}, {""factor"": ""Depth certainty"", ""delta"": 10, ""reason"": ""Near-zero depth \u2014 confidently not flooded""}, {""factor"": ""Coverage coherence"", ""delta"": 7, ""reason"": ""0% coverage \u2014 confidently dry""}, {""factor"": ""Urban SAR shadow"", ""delta"": -15, ""reason"": ""Dense urban area \u2014 radar shadow can mimic water""}, {""factor"": ""Optical cross-check"", ""delta"": 6, ""reason"": ""Sentinel-2 confirms dry ground \u2014 sensors agree""}]",0,,"{""sar"": ""dry"", ""optical"": ""dry"", ""dem_hydrology"": ""abstain""}"
HARV-00373,4625 Southwest Freeway,0.0,0.0,0.0,0.0,0.0,Remote-Deny,81,Deny remotely — no significant flooding detected by satellite,Satellite data at 4625 Southwest Freeway indicates 0.0ft depth; remote-deny per 81% confidence.,1,1,0.0,"[{""factor"": ""SAR recency"", ""delta"": 8, ""reason"": ""Imagery 3d post-event \u2014 fresh""}, {""factor"": ""Depth certainty"", ""delta"": 10, ""reason"": ""Near-zero depth \u2014 confidently not flooded""}, {""factor"": ""Coverage coherence"", ""delta"": 7, ""reason"": ""0% coverage \u2014 confidently dry""}, {""factor"": ""Urban SAR shadow"", ""delta"": -15, ""reason"": ""Dense urban area \u2014 radar shadow can mimic water""}, {""factor"": ""Optical cross-check"", ""delta"": 6, ""reason"": ""Sentinel-2 confirms dry ground \u2014 sensors agree""}]",0,,"{""sar"": ""dry"", ""optical"": ""dry"", ""dem_hydrology"": ""abstain""}"
HARV-00374,"10005 Main Street, TX",0.0,0.0,0.0,0.0,0.0,Remote-Deny,81,Deny remotely — no significant flooding detected by satellite,Satellite data at 10005 Main Street indicates 0.0ft depth; remote-deny per 81% confidence.,1,1,0.0,"[{""factor"": ""SAR recency"", ""delta"": 8, ""reason"": ""Imagery 3d post-event \u2014 fresh""}, {""factor"": ""Depth certainty"", ""delta"": 10, ""reason"": ""Near-zero depth \u2014 confidently not flooded""}, {""factor"": ""Coverage coherence"", ""delta"": 7, ""reason"": ""0% coverage \u2014 confidently dry""}, {""factor"": ""Urban SAR shadow"", ""delta"": -15, ""reason"": ""Dense urban area \u2014 radar shadow can mimic water""}, {""factor"": ""Optical cross-check"", ""delta"": 6, ""reason"": ""Sentinel-2 confirms dry ground \u2014 sensors agree""}]",0,,"{""sar"": ""dry"", ""optical"": ""dry"", ""dem_hydrology"": ""flood""}"
HARV-00375,"10001 Westheimer Road, Houston, TX, 77042",0.0,0.0,0.0,0.0,0.0,Remote-Deny,81,Deny remotely — no significant flooding detected by satellite,Satellite data at 10001 Westheimer Road indicates 0.0ft depth; remote-deny per 81% confidence.,1,1,0.0,"[{""factor"": ""SAR recency"", ""delta"": 8, ""reason"": ""Imagery 3d post-event \u2014 fresh""}, {""factor"": ""Depth certainty"", ""delta"": 10, ""reason"": ""Near-zero depth \u2014 confidently not flooded""}, {""factor"": ""Coverage coherence"", ""delta"": 7, ""reason"": ""0% coverage \u2014 confidently dry""}, {""factor"": ""Urban SAR shadow"", ""delta"": -15, ""reason"": ""Dense urban area \u2014 radar shadow can mimic water""}, {""factor"": ""Optical cross-check"", ""delta"": 6, ""reason"": ""Sentinel-2 confirms dry ground \u2014 sensors agree""}]",0,,"{""sar"": ""dry"", ""optical"": ""dry"", ""dem_hydrology"": ""flood""}"
HARV-00376,"8200 Main Street, Houston, TX, 77025",0.0,0.0,0.0,0.0,0.0,Remote-Deny,81,Deny remotely — no significant flooding detected by satellite,Satellite data at 8200 Main Street indicates 0.0ft depth; remote-deny per 81% confidence.,1,1,0.0,"[{""factor"": ""SAR recency"", ""delta"": 8, ""reason"": ""Imagery 3d post-event \u2014 fresh""}, {""factor"": ""Depth certainty"", ""delta"": 10, ""reason"": ""Near-zero depth \u2014 confidently not flooded""}, {""factor"": ""Coverage coherence"", ""delta"": 7, ""reason"": ""0% coverage \u2014 confidently dry""}, {""factor"": ""Urban SAR shadow"", ""delta"": -15, ""reason"": ""Dense urban area \u2014 radar shadow can mimic water""}, {""factor"": ""Optical cross-check"", ""delta"": 6, ""reason"": ""Sentinel-2 confirms dry ground \u2014 sensors agree""}]",0,,"{""sar"": ""dry"", ""optical"": ""dry"", ""dem_hydrology"": ""flood""}"
HARV-00377,14925 Main Street,0.0,0.0,0.0,0.0,0.0,Remote-Deny,81,Deny remotely — no significant flooding detected by satellite,Satellite data at 14925 Main Street indicates 0.0ft depth; remote-deny per 81% confidence.,1,1,0.0,"[{""factor"": ""SAR recency"", ""delta"": 8, ""reason"": ""Imagery 3d post-event \u2014 fresh""}, {""factor"": ""Depth certainty"", ""delta"": 10, ""reason"": ""Near-zero depth \u2014 confidently not flooded""}, {""factor"": ""Coverage coherence"", ""delta"": 7, ""reason"": ""0% coverage \u2014 confidently dry""}, {""factor"": ""Urban SAR shadow"", ""delta"": -15, ""reason"": ""Dense urban area \u2014 radar shadow can mimic water""}, {""factor"": ""Optical cross-check"", ""delta"": 6, ""reason"": ""Sentinel-2 confirms dry ground \u2014 sensors agree""}]",0,,"{""sar"": ""dry"", ""optical"": ""dry"", ""dem_hydrology"": ""abstain""}"
HARV-00378,"10807 South Post Oak Road, Houston",0.0,0.0,0.0,0.0,0.0,Remote-Deny,81,Deny remotely — no significant flooding detected by satellite,Satellite data at 10807 South Post Oak Road indicates 0.0ft depth; remote-deny per 81% confidence.,1,1,0.0,"[{""factor"": ""SAR recency"", ""delta"": 8, ""reason"": ""Imagery 3d post-event \u2014 fresh""}, {""factor"": ""Depth certainty"", ""delta"": 10, ""reason"": ""Near-zero depth \u2014 confidently not flooded""}, {""factor"": ""Coverage coherence"", ""delta"": 7, ""reason"": ""0% coverage \u2014 confidently dry""}, {""factor"": ""Urban SAR shadow"", ""delta"": -15, ""reason"": ""Dense urban area \u2014 radar shadow can mimic water""}, {""factor"": ""Optical cross-check"", ""delta"": 6, ""reason"": ""Sentinel-2 confirms dry ground \u2014 sensors agree""}]",0,,"{""sar"": ""dry"", ""optical"": ""dry"", ""dem_hydrology"": ""abstain""}"
HARV-00379,"5156 Buffalo Speedway, Houston, TX, 77005",0.0,0.0,0.0,0.0,0.0,Remote-Deny,81,Deny remotely — no significant flooding detected by satellite,Satellite data at 5156 Buffalo Speedway indicates 0.0ft depth; remote-deny per 81% confidence.,1,1,0.0,"[{""factor"": ""SAR recency"", ""delta"": 8, ""reason"": ""Imagery 3d post-event \u2014 fresh""}, {""factor"": ""Depth certainty"", ""delta"": 10, ""reason"": ""Near-zero depth \u2014 confidently not flooded""}, {""factor"": ""Coverage coherence"", ""delta"": 7, ""reason"": ""0% coverage \u2014 confidently dry""}, {""factor"": ""Urban SAR shadow"", ""delta"": -15, ""reason"": ""Dense urban area \u2014 radar shadow can mimic water""}, {""factor"": ""Optical cross-check"", ""delta"": 6, ""reason"": ""Sentinel-2 confirms dry ground \u2014 sensors agree""}]",0,,"{""sar"": ""dry"", ""optical"": ""dry"", ""dem_hydrology"": ""flood""}"
HARV-00380,"2519 Skyview Point Drive, 77047",0.0,0.0,0.0,0.0,0.0,Remote-Deny,81,Deny remotely — no significant flooding detected by satellite,Satellite data at 2519 Skyview Point Drive indicates 0.0ft depth; remote-deny per 81% confidence.,1,1,0.0,"[{""factor"": ""SAR recency"", ""delta"": 8, ""reason"": ""Imagery 3d post-event \u2014 fresh""}, {""factor"": ""Depth certainty"", ""delta"": 10, ""reason"": ""Near-zero depth \u2014 confidently not flooded""}, {""factor"": ""Coverage coherence"", ""delta"": 7, ""reason"": ""0% coverage \u2014 confidently dry""}, {""factor"": ""Urban SAR shadow"", ""delta"": -15, ""reason"": ""Dense urban area \u2014 radar shadow can mimic water""}, {""factor"": ""Optical cross-check"", ""delta"": 6, ""reason"": ""Sentinel-2 confirms dry ground \u2014 sensors agree""}]",0,,"{""sar"": ""dry"", ""optical"": ""dry"", ""dem_hydrology"": ""abstain""}"
HARV-00381,"5215 Kirby Drive, Houston, TX",0.0,0.0,0.0,0.0,0.0,Remote-Deny,81,Deny remotely — no significant flooding detected by satellite,Satellite data at 5215 Kirby Drive indicates 0.0ft depth; remote-deny per 81% confidence.,1,1,0.0,"[{""factor"": ""SAR recency"", ""delta"": 8, ""reason"": ""Imagery 3d post-event \u2014 fresh""}, {""factor"": ""Depth certainty"", ""delta"": 10, ""reason"": ""Near-zero depth \u2014 confidently not flooded""}, {""factor"": ""Coverage coherence"", ""delta"": 7, ""reason"": ""0% coverage \u2014 confidently dry""}, {""factor"": ""Urban SAR shadow"", ""delta"": -15, ""reason"": ""Dense urban area \u2014 radar shadow can mimic water""}, {""factor"": ""Optical cross-check"", ""delta"": 6, ""reason"": ""Sentinel-2 confirms dry ground \u2014 sensors agree""}]",0,,"{""sar"": ""dry"", ""optical"": ""dry"", ""dem_hydrology"": ""flood""}"
HARV-00382,"1971 West Gray Street, Houston, TX, 77019",0.0,0.0,0.0,0.0,0.0,Remote-Deny,81,Deny remotely — no significant flooding detected by satellite,Satellite data at 1971 West Gray Street indicates 0.0ft depth; remote-deny per 81% confidence.,1,1,0.0,"[{""factor"": ""SAR recency"", ""delta"": 8, ""reason"": ""Imagery 3d post-event \u2014 fresh""}, {""factor"": ""Depth certainty"", ""delta"": 10, ""reason"": ""Near-zero depth \u2014 confidently not flooded""}, {""factor"": ""Coverage coherence"", ""delta"": 7, ""reason"": ""0% coverage \u2014 confidently dry""}, {""factor"": ""Urban SAR shadow"", ""delta"": -15, ""reason"": ""Dense urban area \u2014 radar shadow can mimic water""}, {""factor"": ""Optical cross-check"", ""delta"": 6, ""reason"": ""Sentinel-2 confirms dry ground \u2014 sensors agree""}]",0,,"{""sar"": ""dry"", ""optical"": ""dry"", ""dem_hydrology"": ""flood""}"
HARV-00383,"1987 West Gray Street, Houston, TX, 77019",0.0,0.0,0.0,0.0,0.0,Remote-Deny,81,Deny remotely — no significant flooding detected by satellite,Satellite data at 1987 West Gray Street indicates 0.0ft depth; remote-deny per 81% confidence.,1,1,0.0,"[{""factor"": ""SAR recency"", ""delta"": 8, ""reason"": ""Imagery 3d post-event \u2014 fresh""}, {""factor"": ""Depth certainty"", ""delta"": 10, ""reason"": ""Near-zero depth \u2014 confidently not flooded""}, {""factor"": ""Coverage coherence"", ""delta"": 7, ""reason"": ""0% coverage \u2014 confidently dry""}, {""factor"": ""Urban SAR shadow"", ""delta"": -15, ""reason"": ""Dense urban area \u2014 radar shadow can mimic water""}, {""factor"": ""Optical cross-check"", ""delta"": 6, ""reason"": ""Sentinel-2 confirms dry ground \u2014 sensors agree""}]",0,,"{""sar"": ""dry"", ""optical"": ""dry"", ""dem_hydrology"": ""flood""}"
HARV-00384,"1977 West Gray Street, Houston, TX",0.0,0.0,0.0,0.0,0.0,Remote-Deny,81,Deny remotely — no significant flooding detected by satellite,Satellite data at 1977 West Gray Street indicates 0.0ft depth; remote-deny per 81% confidence.,1,1,0.0,"[{""factor"": ""SAR recency"", ""delta"": 8, ""reason"": ""Imagery 3d post-event \u2014 fresh""}, {""factor"": ""Depth certainty"", ""delta"": 10, ""reason"": ""Near-zero depth \u2014 confidently not flooded""}, {""factor"": ""Coverage coherence"", ""delta"": 7, ""reason"": ""0% coverage \u2014 confidently dry""}, {""factor"": ""Urban SAR shadow"", ""delta"": -15, ""reason"": ""Dense urban area \u2014 radar shadow can mimic water""}, {""factor"": ""Optical cross-check"", ""delta"": 6, ""reason"": ""Sentinel-2 confirms dry ground \u2014 sensors agree""}]",0,,"{""sar"": ""dry"", ""optical"": ""dry"", ""dem_hydrology"": ""flood""}"
HARV-00385,"1962 West Gray Street, Houston, TX, 77019",0.0,0.0,0.0,0.0,0.0,Remote-Deny,81,Deny remotely — no significant flooding detected by satellite,Satellite data at 1962 West Gray Street indicates 0.0ft depth; remote-deny per 81% confidence.,1,1,0.0,"[{""factor"": ""SAR recency"", ""delta"": 8, ""reason"": ""Imagery 3d post-event \u2014 fresh""}, {""factor"": ""Depth certainty"", ""delta"": 10, ""reason"": ""Near-zero depth \u2014 confidently not flooded""}, {""factor"": ""Coverage coherence"", ""delta"": 7, ""reason"": ""0% coverage \u2014 confidently dry""}, {""factor"": ""Urban SAR shadow"", ""delta"": -15, ""reason"": ""Dense urban area \u2014 radar shadow can mimic water""}, {""factor"": ""Optical cross-check"", ""delta"": 6, ""reason"": ""Sentinel-2 confirms dry ground \u2014 sensors agree""}]",0,,"{""sar"": ""dry"", ""optical"": ""dry"", ""dem_hydrology"": ""flood""}"
HARV-00386,"2001 West Gray Street, Houston, TX, 77019",0.0,0.0,0.0,0.0,0.0,Remote-Deny,81,Deny remotely — no significant flooding detected by satellite,Satellite data at 2001 West Gray Street indicates 0.0ft depth; remote-deny per 81% confidence.,1,1,0.0,"[{""factor"": ""SAR recency"", ""delta"": 8, ""reason"": ""Imagery 3d post-event \u2014 fresh""}, {""factor"": ""Depth certainty"", ""delta"": 10, ""reason"": ""Near-zero depth \u2014 confidently not flooded""}, {""factor"": ""Coverage coherence"", ""delta"": 7, ""reason"": ""0% coverage \u2014 confidently dry""}, {""factor"": ""Urban SAR shadow"", ""delta"": -15, ""reason"": ""Dense urban area \u2014 radar shadow can mimic water""}, {""factor"": ""Optical cross-check"", ""delta"": 6, ""reason"": ""Sentinel-2 confirms dry ground \u2014 sensors agree""}]",0,,"{""sar"": ""dry"", ""optical"": ""dry"", ""dem_hydrology"": ""flood""}"
HARV-00387,"3130 Quenby Street, West University Place",0.0,0.0,0.0,0.0,0.0,Remote-Deny,81,Deny remotely — no significant flooding detected by satellite,Satellite data at 3130 Quenby Street indicates 0.0ft depth; remote-deny per 81% confidence.,1,1,0.0,"[{""factor"": ""SAR recency"", ""delta"": 8, ""reason"": ""Imagery 3d post-event \u2014 fresh""}, {""factor"": ""Depth certainty"", ""delta"": 10, ""reason"": ""Near-zero depth \u2014 confidently not flooded""}, {""factor"": ""Coverage coherence"", ""delta"": 7, ""reason"": ""0% coverage \u2014 confidently dry""}, {""factor"": ""Urban SAR shadow"", ""delta"": -15, ""reason"": ""Dense urban area \u2014 radar shadow can mimic water""}, {""factor"": ""Optical cross-check"", ""delta"": 6, ""reason"": ""Sentinel-2 confirms dry ground \u2014 sensors agree""}]",0,,"{""sar"": ""dry"", ""optical"": ""dry"", ""dem_hydrology"": ""flood""}"
HARV-00388,3122 Underwood Street,0.0,0.0,0.0,0.0,0.0,Remote-Deny,81,Deny remotely — no significant flooding detected by satellite,Satellite data at 3122 Underwood Street indicates 0.0ft depth; remote-deny per 81% confidence.,1,1,0.0,"[{""factor"": ""SAR recency"", ""delta"": 8, ""reason"": ""Imagery 3d post-event \u2014 fresh""}, {""factor"": ""Depth certainty"", ""delta"": 10, ""reason"": ""Near-zero depth \u2014 confidently not flooded""}, {""factor"": ""Coverage coherence"", ""delta"": 7, ""reason"": ""0% coverage \u2014 confidently dry""}, {""factor"": ""Urban SAR shadow"", ""delta"": -15, ""reason"": ""Dense urban area \u2014 radar shadow can mimic water""}, {""factor"": ""Optical cross-check"", ""delta"": 6, ""reason"": ""Sentinel-2 confirms dry ground \u2014 sensors agree""}]",0,,"{""sar"": ""dry"", ""optical"": ""dry"", ""dem_hydrology"": ""abstain""}"
HARV-00389,"3151 West Holcombe Boulevard, Houston, TX, 77025",0.0,0.0,0.0,0.0,0.0,Remote-Deny,81,Deny remotely — no significant flooding detected by satellite,Satellite data at 3151 West Holcombe Boulevard indicates 0.0ft depth; remote-deny per 81% confidence.,1,1,0.0,"[{""factor"": ""SAR recency"", ""delta"": 8, ""reason"": ""Imagery 3d post-event \u2014 fresh""}, {""factor"": ""Depth certainty"", ""delta"": 10, ""reason"": ""Near-zero depth \u2014 confidently not flooded""}, {""factor"": ""Coverage coherence"", ""delta"": 7, ""reason"": ""0% coverage \u2014 confidently dry""}, {""factor"": ""Urban SAR shadow"", ""delta"": -15, ""reason"": ""Dense urban area \u2014 radar shadow can mimic water""}, {""factor"": ""Optical cross-check"", ""delta"": 6, ""reason"": ""Sentinel-2 confirms dry ground \u2014 sensors agree""}]",0,,"{""sar"": ""dry"", ""optical"": ""dry"", ""dem_hydrology"": ""abstain""}"
HARV-00390,"5311 Kirby Drive, Houston, TX",0.0,0.0,0.0,0.0,0.0,Remote-Deny,81,Deny remotely — no significant flooding detected by satellite,Satellite data at 5311 Kirby Drive indicates 0.0ft depth; remote-deny per 81% confidence.,1,1,0.0,"[{""factor"": ""SAR recency"", ""delta"": 8, ""reason"": ""Imagery 3d post-event \u2014 fresh""}, {""factor"": ""Depth certainty"", ""delta"": 10, ""reason"": ""Near-zero depth \u2014 confidently not flooded""}, {""factor"": ""Coverage coherence"", ""delta"": 7, ""reason"": ""0% coverage \u2014 confidently dry""}, {""factor"": ""Urban SAR shadow"", ""delta"": -15, ""reason"": ""Dense urban area \u2014 radar shadow can mimic water""}, {""factor"": ""Optical cross-check"", ""delta"": 6, ""reason"": ""Sentinel-2 confirms dry ground \u2014 sensors agree""}]",0,,"{""sar"": ""dry"", ""optical"": ""dry"", ""dem_hydrology"": ""flood""}"
HARV-00391,"2202 West Alabama Street, Houston, TX, 77098",0.0,0.0,0.0,0.0,0.0,Remote-Deny,81,Deny remotely — no significant flooding detected by satellite,Satellite data at 2202 West Alabama Street indicates 0.0ft depth; remote-deny per 81% confidence.,1,1,0.0,"[{""factor"": ""SAR recency"", ""delta"": 8, ""reason"": ""Imagery 3d post-event \u2014 fresh""}, {""factor"": ""Depth certainty"", ""delta"": 10, ""reason"": ""Near-zero depth \u2014 confidently not flooded""}, {""factor"": ""Coverage coherence"", ""delta"": 7, ""reason"": ""0% coverage \u2014 confidently dry""}, {""factor"": ""Urban SAR shadow"", ""delta"": -15, ""reason"": ""Dense urban area \u2014 radar shadow can mimic water""}, {""factor"": ""Optical cross-check"", ""delta"": 6, ""reason"": ""Sentinel-2 confirms dry ground \u2014 sensors agree""}]",0,,"{""sar"": ""dry"", ""optical"": ""dry"", ""dem_hydrology"": ""flood""}"
HARV-00392,"5147 South Braeswood Boulevard, Houston, TX",0.0,0.0,0.0,0.0,0.0,Remote-Deny,81,Deny remotely — no significant flooding detected by satellite,Satellite data at 5147 South Braeswood Boulevard indicates 0.0ft depth; remote-deny per 81% confidence.,1,1,0.0,"[{""factor"": ""SAR recency"", ""delta"": 8, ""reason"": ""Imagery 3d post-event \u2014 fresh""}, {""factor"": ""Depth certainty"", ""delta"": 10, ""reason"": ""Near-zero depth \u2014 confidently not flooded""}, {""factor"": ""Coverage coherence"", ""delta"": 7, ""reason"": ""0% coverage \u2014 confidently dry""}, {""factor"": ""Urban SAR shadow"", ""delta"": -15, ""reason"": ""Dense urban area \u2014 radar shadow can mimic water""}, {""factor"": ""Optical cross-check"", ""delta"": 6, ""reason"": ""Sentinel-2 confirms dry ground \u2014 sensors agree""}]",0,,"{""sar"": ""dry"", ""optical"": ""dry"", ""dem_hydrology"": ""dry""}"
HARV-00393,"5203 South Braeswood Boulevard, Houston, TX",0.0,0.0,0.0,0.0,0.0,Remote-Deny,81,Deny remotely — no significant flooding detected by satellite,Satellite data at 5203 South Braeswood Boulevard indicates 0.0ft depth; remote-deny per 81% confidence.,1,1,0.0,"[{""factor"": ""SAR recency"", ""delta"": 8, ""reason"": ""Imagery 3d post-event \u2014 fresh""}, {""factor"": ""Depth certainty"", ""delta"": 10, ""reason"": ""Near-zero depth \u2014 confidently not flooded""}, {""factor"": ""Coverage coherence"", ""delta"": 7, ""reason"": ""0% coverage \u2014 confidently dry""}, {""factor"": ""Urban SAR shadow"", ""delta"": -15, ""reason"": ""Dense urban area \u2014 radar shadow can mimic water""}, {""factor"": ""Optical cross-check"", ""delta"": 6, ""reason"": ""Sentinel-2 confirms dry ground \u2014 sensors agree""}]",0,,"{""sar"": ""dry"", ""optical"": ""dry"", ""dem_hydrology"": ""dry""}"
HARV-00394,"6855 West Sam Houston Parkway South, Houston, TX, 77072",0.0,0.0,0.0,0.0,0.0,Remote-Deny,81,Deny remotely — no significant flooding detected by satellite,Satellite data at 6855 West Sam Houston Parkway South indicates 0.0ft depth; remote-deny per 81% confidence.,1,1,0.0,"[{""factor"": ""SAR recency"", ""delta"": 8, ""reason"": ""Imagery 3d post-event \u2014 fresh""}, {""factor"": ""Depth certainty"", ""delta"": 10, ""reason"": ""Near-zero depth \u2014 confidently not flooded""}, {""factor"": ""Coverage coherence"", ""delta"": 7, ""reason"": ""0% coverage \u2014 confidently dry""}, {""factor"": ""Urban SAR shadow"", ""delta"": -15, ""reason"": ""Dense urban area \u2014 radar shadow can mimic water""}, {""factor"": ""Optical cross-check"", ""delta"": 6, ""reason"": ""Sentinel-2 confirms dry ground \u2014 sensors agree""}]",0,,"{""sar"": ""dry"", ""optical"": ""dry"", ""dem_hydrology"": ""abstain""}"
HARV-00395,"798 Sorella Court, Houston, TX, 77024",0.0,0.0,0.0,0.0,0.0,Remote-Deny,81,Deny remotely — no significant flooding detected by satellite,Satellite data at 798 Sorella Court indicates 0.0ft depth; remote-deny per 81% confidence.,1,1,0.01,"[{""factor"": ""SAR recency"", ""delta"": 8, ""reason"": ""Imagery 3d post-event \u2014 fresh""}, {""factor"": ""Depth certainty"", ""delta"": 10, ""reason"": ""Near-zero depth \u2014 confidently not flooded""}, {""factor"": ""Coverage coherence"", ""delta"": 7, ""reason"": ""0% coverage \u2014 confidently dry""}, {""factor"": ""Urban SAR shadow"", ""delta"": -15, ""reason"": ""Dense urban area \u2014 radar shadow can mimic water""}, {""factor"": ""Optical cross-check"", ""delta"": 6, ""reason"": ""Sentinel-2 confirms dry ground \u2014 sensors agree""}]",0,,"{""sar"": ""dry"", ""optical"": ""dry"", ""dem_hydrology"": ""dry""}"
HARV-00396,"5858 Chimney Rock Road, Houston",0.0,0.0,0.0,0.0,0.0,Remote-Deny,81,Deny remotely — no significant flooding detected by satellite,Satellite data at 5858 Chimney Rock Road indicates 0.0ft depth; remote-deny per 81% confidence.,1,1,0.0,"[{""factor"": ""SAR recency"", ""delta"": 8, ""reason"": ""Imagery 3d post-event \u2014 fresh""}, {""factor"": ""Depth certainty"", ""delta"": 10, ""reason"": ""Near-zero depth \u2014 confidently not flooded""}, {""factor"": ""Coverage coherence"", ""delta"": 7, ""reason"": ""0% coverage \u2014 confidently dry""}, {""factor"": ""Urban SAR shadow"", ""delta"": -15, ""reason"": ""Dense urban area \u2014 radar shadow can mimic water""}, {""factor"": ""Optical cross-check"", ""delta"": 6, ""reason"": ""Sentinel-2 confirms dry ground \u2014 sensors agree""}]",0,,"{""sar"": ""dry"", ""optical"": ""dry"", ""dem_hydrology"": ""abstain""}"
HARV-00397,"3100 Chimney Rock Road, Houston, TX",0.0,0.0,0.0,0.0,0.0,Remote-Deny,81,Deny remotely — no significant flooding detected by satellite,Satellite data at 3100 Chimney Rock Road indicates 0.0ft depth; remote-deny per 81% confidence.,1,1,0.0,"[{""factor"": ""SAR recency"", ""delta"": 8, ""reason"": ""Imagery 3d post-event \u2014 fresh""}, {""factor"": ""Depth certainty"", ""delta"": 10, ""reason"": ""Near-zero depth \u2014 confidently not flooded""}, {""factor"": ""Coverage coherence"", ""delta"": 7, ""reason"": ""0% coverage \u2014 confidently dry""}, {""factor"": ""Urban SAR shadow"", ""delta"": -15, ""reason"": ""Dense urban area \u2014 radar shadow can mimic water""}, {""factor"": ""Optical cross-check"", ""delta"": 6, ""reason"": ""Sentinel-2 confirms dry ground \u2014 sensors agree""}]",0,,"{""sar"": ""dry"", ""optical"": ""dry"", ""dem_hydrology"": ""flood""}"
HARV-00398,"4520 San Felipe Street, San Felipe, TX, 77027",0.0,0.0,0.0,0.0,0.0,Review,75,Flag for manual review — borderline measurements or low confidence,Satellite data at 4520 San Felipe Street indicates 0.0ft depth; review per 75% confidence.,1,1,0.2158,"[{""factor"": ""SAR recency"", ""delta"": 8, ""reason"": ""Imagery 3d post-event \u2014 fresh""}, {""factor"": ""Depth certainty"", ""delta"": 10, ""reason"": ""Near-zero depth \u2014 confidently not flooded""}, {""factor"": ""Coverage coherence"", ""delta"": 7, ""reason"": ""0% coverage \u2014 confidently dry""}, {""factor"": ""Urban SAR shadow"", ""delta"": -15, ""reason"": ""Dense urban area \u2014 radar shadow can mimic water""}]",1,"Sensors disagree: optical, DEM-hydrology indicate flooding while SAR indicate dry/implausible — routed to manual review.","{""sar"": ""dry"", ""optical"": ""flood"", ""dem_hydrology"": ""flood""}"
HARV-00399,"2035 West Gray Street, Houston, TX, 77019",0.0,0.0,0.0,0.0,0.0,Remote-Deny,81,Deny remotely — no significant flooding detected by satellite,Satellite data at 2035 West Gray Street indicates 0.0ft depth; remote-deny per 81% confidence.,1,1,0.0,"[{""factor"": ""SAR recency"", ""delta"": 8, ""reason"": ""Imagery 3d post-event \u2014 fresh""}, {""factor"": ""Depth certainty"", ""delta"": 10, ""reason"": ""Near-zero depth \u2014 confidently not flooded""}, {""factor"": ""Coverage coherence"", ""delta"": 7, ""reason"": ""0% coverage \u2014 confidently dry""}, {""factor"": ""Urban SAR shadow"", ""delta"": -15, ""reason"": ""Dense urban area \u2014 radar shadow can mimic water""}, {""factor"": ""Optical cross-check"", ""delta"": 6, ""reason"": ""Sentinel-2 confirms dry ground \u2014 sensors agree""}]",0,,"{""sar"": ""dry"", ""optical"": ""dry"", ""dem_hydrology"": ""flood""}"
HARV-00400,"2700 South Loop West, Houston, TX, 77054",0.0,0.0,0.0,0.0,0.0,Remote-Deny,81,Deny remotely — no significant flooding detected by satellite,Satellite data at 2700 South Loop West indicates 0.0ft depth; remote-deny per 81% confidence.,1,1,0.0,"[{""factor"": ""SAR recency"", ""delta"": 8, ""reason"": ""Imagery 3d post-event \u2014 fresh""}, {""factor"": ""Depth certainty"", ""delta"": 10, ""reason"": ""Near-zero depth \u2014 confidently not flooded""}, {""factor"": ""Coverage coherence"", ""delta"": 7, ""reason"": ""0% coverage \u2014 confidently dry""}, {""factor"": ""Urban SAR shadow"", ""delta"": -15, ""reason"": ""Dense urban area \u2014 radar shadow can mimic water""}, {""factor"": ""Optical cross-check"", ""delta"": 6, ""reason"": ""Sentinel-2 confirms dry ground \u2014 sensors agree""}]",0,,"{""sar"": ""dry"", ""optical"": ""dry"", ""dem_hydrology"": ""abstain""}"
HARV-00401,"4227 Bellaire Boulevard, Houston, 77025",0.0,0.0,0.0,0.0,0.0,Remote-Deny,81,Deny remotely — no significant flooding detected by satellite,Satellite data at 4227 Bellaire Boulevard indicates 0.0ft depth; remote-deny per 81% confidence.,1,1,0.0,"[{""factor"": ""SAR recency"", ""delta"": 8, ""reason"": ""Imagery 3d post-event \u2014 fresh""}, {""factor"": ""Depth certainty"", ""delta"": 10, ""reason"": ""Near-zero depth \u2014 confidently not flooded""}, {""factor"": ""Coverage coherence"", ""delta"": 7, ""reason"": ""0% coverage \u2014 confidently dry""}, {""factor"": ""Urban SAR shadow"", ""delta"": -15, ""reason"": ""Dense urban area \u2014 radar shadow can mimic water""}, {""factor"": ""Optical cross-check"", ""delta"": 6, ""reason"": ""Sentinel-2 confirms dry ground \u2014 sensors agree""}]",0,,"{""sar"": ""dry"", ""optical"": ""dry"", ""dem_hydrology"": ""abstain""}"
HARV-00402,"920 Studemont Street, Houston, TX, 77007",0.0,0.0,0.0,0.0,0.0,Remote-Deny,81,Deny remotely — no significant flooding detected by satellite,Satellite data at 920 Studemont Street indicates 0.0ft depth; remote-deny per 81% confidence.,1,1,0.0,"[{""factor"": ""SAR recency"", ""delta"": 8, ""reason"": ""Imagery 3d post-event \u2014 fresh""}, {""factor"": ""Depth certainty"", ""delta"": 10, ""reason"": ""Near-zero depth \u2014 confidently not flooded""}, {""factor"": ""Coverage coherence"", ""delta"": 7, ""reason"": ""0% coverage \u2014 confidently dry""}, {""factor"": ""Urban SAR shadow"", ""delta"": -15, ""reason"": ""Dense urban area \u2014 radar shadow can mimic water""}, {""factor"": ""Optical cross-check"", ""delta"": 6, ""reason"": ""Sentinel-2 confirms dry ground \u2014 sensors agree""}]",0,,"{""sar"": ""dry"", ""optical"": ""dry"", ""dem_hydrology"": ""flood""}"
HARV-00403,"9888 Bellaire Boulevard, Houston, TX, 77036",0.0,0.0,0.0,0.0,0.0,Remote-Deny,81,Deny remotely — no significant flooding detected by satellite,Satellite data at 9888 Bellaire Boulevard indicates 0.0ft depth; remote-deny per 81% confidence.,1,1,0.0,"[{""factor"": ""SAR recency"", ""delta"": 8, ""reason"": ""Imagery 3d post-event \u2014 fresh""}, {""factor"": ""Depth certainty"", ""delta"": 10, ""reason"": ""Near-zero depth \u2014 confidently not flooded""}, {""factor"": ""Coverage coherence"", ""delta"": 7, ""reason"": ""0% coverage \u2014 confidently dry""}, {""factor"": ""Urban SAR shadow"", ""delta"": -15, ""reason"": ""Dense urban area \u2014 radar shadow can mimic water""}, {""factor"": ""Optical cross-check"", ""delta"": 6, ""reason"": ""Sentinel-2 confirms dry ground \u2014 sensors agree""}]",0,,"{""sar"": ""dry"", ""optical"": ""dry"", ""dem_hydrology"": ""flood""}"
HARV-00404,"7575 San Felipe Street, Houston, 77063",0.0,0.0,0.0,0.0,0.0,Remote-Deny,81,Deny remotely — no significant flooding detected by satellite,Satellite data at 7575 San Felipe Street indicates 0.0ft depth; remote-deny per 81% confidence.,1,1,0.0,"[{""factor"": ""SAR recency"", ""delta"": 8, ""reason"": ""Imagery 3d post-event \u2014 fresh""}, {""factor"": ""Depth certainty"", ""delta"": 10, ""reason"": ""Near-zero depth \u2014 confidently not flooded""}, {""factor"": ""Coverage coherence"", ""delta"": 7, ""reason"": ""0% coverage \u2014 confidently dry""}, {""factor"": ""Urban SAR shadow"", ""delta"": -15, ""reason"": ""Dense urban area \u2014 radar shadow can mimic water""}, {""factor"": ""Optical cross-check"", ""delta"": 6, ""reason"": ""Sentinel-2 confirms dry ground \u2014 sensors agree""}]",0,,"{""sar"": ""dry"", ""optical"": ""dry"", ""dem_hydrology"": ""dry""}"
HARV-00405,"3141 West Holcombe Boulevard, Houston, 77025",0.0,0.0,0.0,0.0,0.0,Remote-Deny,81,Deny remotely — no significant flooding detected by satellite,Satellite data at 3141 West Holcombe Boulevard indicates 0.0ft depth; remote-deny per 81% confidence.,1,1,0.0,"[{""factor"": ""SAR recency"", ""delta"": 8, ""reason"": ""Imagery 3d post-event \u2014 fresh""}, {""factor"": ""Depth certainty"", ""delta"": 10, ""reason"": ""Near-zero depth \u2014 confidently not flooded""}, {""factor"": ""Coverage coherence"", ""delta"": 7, ""reason"": ""0% coverage \u2014 confidently dry""}, {""factor"": ""Urban SAR shadow"", ""delta"": -15, ""reason"": ""Dense urban area \u2014 radar shadow can mimic water""}, {""factor"": ""Optical cross-check"", ""delta"": 6, ""reason"": ""Sentinel-2 confirms dry ground \u2014 sensors agree""}]",0,,"{""sar"": ""dry"", ""optical"": ""dry"", ""dem_hydrology"": ""abstain""}"
HARV-00406,"2302 Dunlavy Street, Houston, TX",0.0,0.0,0.0,0.0,0.0,Remote-Deny,81,Deny remotely — no significant flooding detected by satellite,Satellite data at 2302 Dunlavy Street indicates 0.0ft depth; remote-deny per 81% confidence.,1,1,0.0,"[{""factor"": ""SAR recency"", ""delta"": 8, ""reason"": ""Imagery 3d post-event \u2014 fresh""}, {""factor"": ""Depth certainty"", ""delta"": 10, ""reason"": ""Near-zero depth \u2014 confidently not flooded""}, {""factor"": ""Coverage coherence"", ""delta"": 7, ""reason"": ""0% coverage \u2014 confidently dry""}, {""factor"": ""Urban SAR shadow"", ""delta"": -15, ""reason"": ""Dense urban area \u2014 radar shadow can mimic water""}, {""factor"": ""Optical cross-check"", ""delta"": 6, ""reason"": ""Sentinel-2 confirms dry ground \u2014 sensors agree""}]",0,,"{""sar"": ""dry"", ""optical"": ""dry"", ""dem_hydrology"": ""flood""}"
HARV-00407,"7601 Westheimer Road, Houston, TX, 77063",0.0,0.0,0.0,0.0,0.0,Review,75,Flag for manual review — borderline measurements or low confidence,Satellite data at 7601 Westheimer Road indicates 0.0ft depth; review per 75% confidence.,1,1,0.1064,"[{""factor"": ""SAR recency"", ""delta"": 8, ""reason"": ""Imagery 3d post-event \u2014 fresh""}, {""factor"": ""Depth certainty"", ""delta"": 10, ""reason"": ""Near-zero depth \u2014 confidently not flooded""}, {""factor"": ""Coverage coherence"", ""delta"": 7, ""reason"": ""0% coverage \u2014 confidently dry""}, {""factor"": ""Urban SAR shadow"", ""delta"": -15, ""reason"": ""Dense urban area \u2014 radar shadow can mimic water""}]",1,Sensors disagree: optical indicate flooding while SAR indicate dry/implausible — routed to manual review.,"{""sar"": ""dry"", ""optical"": ""flood"", ""dem_hydrology"": ""abstain""}"
HARV-00408,"8525 Beechnut Street, Houston, TX, 77036",0.0,0.0,0.0,0.0,0.0,Remote-Deny,81,Deny remotely — no significant flooding detected by satellite,Satellite data at 8525 Beechnut Street indicates 0.0ft depth; remote-deny per 81% confidence.,1,1,0.0059,"[{""factor"": ""SAR recency"", ""delta"": 8, ""reason"": ""Imagery 3d post-event \u2014 fresh""}, {""factor"": ""Depth certainty"", ""delta"": 10, ""reason"": ""Near-zero depth \u2014 confidently not flooded""}, {""factor"": ""Coverage coherence"", ""delta"": 7, ""reason"": ""0% coverage \u2014 confidently dry""}, {""factor"": ""Urban SAR shadow"", ""delta"": -15, ""reason"": ""Dense urban area \u2014 radar shadow can mimic water""}, {""factor"": ""Optical cross-check"", ""delta"": 6, ""reason"": ""Sentinel-2 confirms dry ground \u2014 sensors agree""}]",0,,"{""sar"": ""dry"", ""optical"": ""dry"", ""dem_hydrology"": ""flood""}"
HARV-00409,"1980 Post Oak Boulevard, Houston, 77056",0.0,0.0,0.0,0.0,0.0,Remote-Deny,81,Deny remotely — no significant flooding detected by satellite,Satellite data at 1980 Post Oak Boulevard indicates 0.0ft depth; remote-deny per 81% confidence.,1,1,0.0,"[{""factor"": ""SAR recency"", ""delta"": 8, ""reason"": ""Imagery 3d post-event \u2014 fresh""}, {""factor"": ""Depth certainty"", ""delta"": 10, ""reason"": ""Near-zero depth \u2014 confidently not flooded""}, {""factor"": ""Coverage coherence"", ""delta"": 7, ""reason"": ""0% coverage \u2014 confidently dry""}, {""factor"": ""Urban SAR shadow"", ""delta"": -15, ""reason"": ""Dense urban area \u2014 radar shadow can mimic water""}, {""factor"": ""Optical cross-check"", ""delta"": 6, ""reason"": ""Sentinel-2 confirms dry ground \u2014 sensors agree""}]",0,,"{""sar"": ""dry"", ""optical"": ""dry"", ""dem_hydrology"": ""abstain""}"
HARV-00410,"207 Heights Boulevard, Houston, TX, 77007",0.0,0.0,0.0,0.0,0.0,Review,75,Flag for manual review — borderline measurements or low confidence,Satellite data at 207 Heights Boulevard indicates 0.0ft depth; review per 75% confidence.,1,1,0.2325,"[{""factor"": ""SAR recency"", ""delta"": 8, ""reason"": ""Imagery 3d post-event \u2014 fresh""}, {""factor"": ""Depth certainty"", ""delta"": 10, ""reason"": ""Near-zero depth \u2014 confidently not flooded""}, {""factor"": ""Coverage coherence"", ""delta"": 7, ""reason"": ""0% coverage \u2014 confidently dry""}, {""factor"": ""Urban SAR shadow"", ""delta"": -15, ""reason"": ""Dense urban area \u2014 radar shadow can mimic water""}]",1,"Sensors disagree: optical indicate flooding while SAR, DEM-hydrology indicate dry/implausible — routed to manual review.","{""sar"": ""dry"", ""optical"": ""flood"", ""dem_hydrology"": ""dry""}"
HARV-00411,215 Heights Boulevard,0.0,0.0,0.0,0.0,0.0,Review,75,Flag for manual review — borderline measurements or low confidence,Satellite data at 215 Heights Boulevard indicates 0.0ft depth; review per 75% confidence.,1,1,0.1835,"[{""factor"": ""SAR recency"", ""delta"": 8, ""reason"": ""Imagery 3d post-event \u2014 fresh""}, {""factor"": ""Depth certainty"", ""delta"": 10, ""reason"": ""Near-zero depth \u2014 confidently not flooded""}, {""factor"": ""Coverage coherence"", ""delta"": 7, ""reason"": ""0% coverage \u2014 confidently dry""}, {""factor"": ""Urban SAR shadow"", ""delta"": -15, ""reason"": ""Dense urban area \u2014 radar shadow can mimic water""}]",1,"Sensors disagree: optical indicate flooding while SAR, DEM-hydrology indicate dry/implausible — routed to manual review.","{""sar"": ""dry"", ""optical"": ""flood"", ""dem_hydrology"": ""dry""}"
HARV-00412,"217 Heights Boulevard, Houston, TX, 77007",0.0,0.0,0.0,0.0,0.0,Review,75,Flag for manual review — borderline measurements or low confidence,Satellite data at 217 Heights Boulevard indicates 0.0ft depth; review per 75% confidence.,1,1,0.1636,"[{""factor"": ""SAR recency"", ""delta"": 8, ""reason"": ""Imagery 3d post-event \u2014 fresh""}, {""factor"": ""Depth certainty"", ""delta"": 10, ""reason"": ""Near-zero depth \u2014 confidently not flooded""}, {""factor"": ""Coverage coherence"", ""delta"": 7, ""reason"": ""0% coverage \u2014 confidently dry""}, {""factor"": ""Urban SAR shadow"", ""delta"": -15, ""reason"": ""Dense urban area \u2014 radar shadow can mimic water""}]",1,"Sensors disagree: optical indicate flooding while SAR, DEM-hydrology indicate dry/implausible — routed to manual review.","{""sar"": ""dry"", ""optical"": ""flood"", ""dem_hydrology"": ""dry""}"
HARV-00413,"4001 Richmond Avenue, Houston, TX, 77027-6850",0.0,0.0,0.0,0.0,0.0,Review,75,Flag for manual review — borderline measurements or low confidence,Satellite data at 4001 Richmond Avenue indicates 0.0ft depth; review per 75% confidence.,1,1,0.1651,"[{""factor"": ""SAR recency"", ""delta"": 8, ""reason"": ""Imagery 3d post-event \u2014 fresh""}, {""factor"": ""Depth certainty"", ""delta"": 10, ""reason"": ""Near-zero depth \u2014 confidently not flooded""}, {""factor"": ""Coverage coherence"", ""delta"": 7, ""reason"": ""0% coverage \u2014 confidently dry""}, {""factor"": ""Urban SAR shadow"", ""delta"": -15, ""reason"": ""Dense urban area \u2014 radar shadow can mimic water""}]",1,"Sensors disagree: optical, DEM-hydrology indicate flooding while SAR indicate dry/implausible — routed to manual review.","{""sar"": ""dry"", ""optical"": ""flood"", ""dem_hydrology"": ""flood""}"
HARV-00414,"5718 Westheimer Road, Houston, TX, 77057",0.0,0.0,0.0,0.0,0.0,Remote-Deny,81,Deny remotely — no significant flooding detected by satellite,Satellite data at 5718 Westheimer Road indicates 0.0ft depth; remote-deny per 81% confidence.,1,1,0.0,"[{""factor"": ""SAR recency"", ""delta"": 8, ""reason"": ""Imagery 3d post-event \u2014 fresh""}, {""factor"": ""Depth certainty"", ""delta"": 10, ""reason"": ""Near-zero depth \u2014 confidently not flooded""}, {""factor"": ""Coverage coherence"", ""delta"": 7, ""reason"": ""0% coverage \u2014 confidently dry""}, {""factor"": ""Urban SAR shadow"", ""delta"": -15, ""reason"": ""Dense urban area \u2014 radar shadow can mimic water""}, {""factor"": ""Optical cross-check"", ""delta"": 6, ""reason"": ""Sentinel-2 confirms dry ground \u2014 sensors agree""}]",0,,"{""sar"": ""dry"", ""optical"": ""dry"", ""dem_hydrology"": ""abstain""}"
HARV-00415,"9660 Westheimer Road, Houston, TX, 77063",0.0,0.0,0.0,0.0,0.0,Remote-Deny,81,Deny remotely — no significant flooding detected by satellite,Satellite data at 9660 Westheimer Road indicates 0.0ft depth; remote-deny per 81% confidence.,1,1,0.0009,"[{""factor"": ""SAR recency"", ""delta"": 8, ""reason"": ""Imagery 3d post-event \u2014 fresh""}, {""factor"": ""Depth certainty"", ""delta"": 10, ""reason"": ""Near-zero depth \u2014 confidently not flooded""}, {""factor"": ""Coverage coherence"", ""delta"": 7, ""reason"": ""0% coverage \u2014 confidently dry""}, {""factor"": ""Urban SAR shadow"", ""delta"": -15, ""reason"": ""Dense urban area \u2014 radar shadow can mimic water""}, {""factor"": ""Optical cross-check"", ""delta"": 6, ""reason"": ""Sentinel-2 confirms dry ground \u2014 sensors agree""}]",0,,"{""sar"": ""dry"", ""optical"": ""dry"", ""dem_hydrology"": ""flood""}"
HARV-00416,"5586 Weslayan Street, Houston, TX, 77005",0.0,0.0,0.0,0.0,0.0,Remote-Deny,81,Deny remotely — no significant flooding detected by satellite,Satellite data at 5586 Weslayan Street indicates 0.0ft depth; remote-deny per 81% confidence.,1,1,0.0,"[{""factor"": ""SAR recency"", ""delta"": 8, ""reason"": ""Imagery 3d post-event \u2014 fresh""}, {""factor"": ""Depth certainty"", ""delta"": 10, ""reason"": ""Near-zero depth \u2014 confidently not flooded""}, {""factor"": ""Coverage coherence"", ""delta"": 7, ""reason"": ""0% coverage \u2014 confidently dry""}, {""factor"": ""Urban SAR shadow"", ""delta"": -15, ""reason"": ""Dense urban area \u2014 radar shadow can mimic water""}, {""factor"": ""Optical cross-check"", ""delta"": 6, ""reason"": ""Sentinel-2 confirms dry ground \u2014 sensors agree""}]",0,,"{""sar"": ""dry"", ""optical"": ""dry"", ""dem_hydrology"": ""flood""}"
HARV-00417,"5161 San Felipe Street, Houston, TX, 77056",0.0,0.0,0.0,0.0,0.0,Remote-Deny,81,Deny remotely — no significant flooding detected by satellite,Satellite data at 5161 San Felipe Street indicates 0.0ft depth; remote-deny per 81% confidence.,1,1,0.0,"[{""factor"": ""SAR recency"", ""delta"": 8, ""reason"": ""Imagery 3d post-event \u2014 fresh""}, {""factor"": ""Depth certainty"", ""delta"": 10, ""reason"": ""Near-zero depth \u2014 confidently not flooded""}, {""factor"": ""Coverage coherence"", ""delta"": 7, ""reason"": ""0% coverage \u2014 confidently dry""}, {""factor"": ""Urban SAR shadow"", ""delta"": -15, ""reason"": ""Dense urban area \u2014 radar shadow can mimic water""}, {""factor"": ""Optical cross-check"", ""delta"": 6, ""reason"": ""Sentinel-2 confirms dry ground \u2014 sensors agree""}]",0,,"{""sar"": ""dry"", ""optical"": ""dry"", ""dem_hydrology"": ""flood""}"
HARV-00418,"3131 West Holcombe Boulevard, Houston, TX, 77025",0.0,0.0,0.0,0.0,0.0,Remote-Deny,81,Deny remotely — no significant flooding detected by satellite,Satellite data at 3131 West Holcombe Boulevard indicates 0.0ft depth; remote-deny per 81% confidence.,1,1,0.0,"[{""factor"": ""SAR recency"", ""delta"": 8, ""reason"": ""Imagery 3d post-event \u2014 fresh""}, {""factor"": ""Depth certainty"", ""delta"": 10, ""reason"": ""Near-zero depth \u2014 confidently not flooded""}, {""factor"": ""Coverage coherence"", ""delta"": 7, ""reason"": ""0% coverage \u2014 confidently dry""}, {""factor"": ""Urban SAR shadow"", ""delta"": -15, ""reason"": ""Dense urban area \u2014 radar shadow can mimic water""}, {""factor"": ""Optical cross-check"", ""delta"": 6, ""reason"": ""Sentinel-2 confirms dry ground \u2014 sensors agree""}]",0,,"{""sar"": ""dry"", ""optical"": ""dry"", ""dem_hydrology"": ""abstain""}"
HARV-00419,"12850 Memorial Drive, Houston, TX, 77024",0.0,0.0,0.0,0.0,0.0,Remote-Deny,81,Deny remotely — no significant flooding detected by satellite,Satellite data at 12850 Memorial Drive indicates 0.0ft depth; remote-deny per 81% confidence.,1,1,0.0,"[{""factor"": ""SAR recency"", ""delta"": 8, ""reason"": ""Imagery 3d post-event \u2014 fresh""}, {""factor"": ""Depth certainty"", ""delta"": 10, ""reason"": ""Near-zero depth \u2014 confidently not flooded""}, {""factor"": ""Coverage coherence"", ""delta"": 7, ""reason"": ""0% coverage \u2014 confidently dry""}, {""factor"": ""Urban SAR shadow"", ""delta"": -15, ""reason"": ""Dense urban area \u2014 radar shadow can mimic water""}, {""factor"": ""Optical cross-check"", ""delta"": 6, ""reason"": ""Sentinel-2 confirms dry ground \u2014 sensors agree""}]",0,,"{""sar"": ""dry"", ""optical"": ""dry"", ""dem_hydrology"": ""flood""}"
HARV-00420,"14344 Memorial Drive, Houston, TX, 77079",0.0,0.0,0.0,0.0,0.0,Remote-Deny,81,Deny remotely — no significant flooding detected by satellite,Satellite data at 14344 Memorial Drive indicates 0.0ft depth; remote-deny per 81% confidence.,1,1,0.0,"[{""factor"": ""SAR recency"", ""delta"": 8, ""reason"": ""Imagery 3d post-event \u2014 fresh""}, {""factor"": ""Depth certainty"", ""delta"": 10, ""reason"": ""Near-zero depth \u2014 confidently not flooded""}, {""factor"": ""Coverage coherence"", ""delta"": 7, ""reason"": ""0% coverage \u2014 confidently dry""}, {""factor"": ""Urban SAR shadow"", ""delta"": -15, ""reason"": ""Dense urban area \u2014 radar shadow can mimic water""}, {""factor"": ""Optical cross-check"", ""delta"": 6, ""reason"": ""Sentinel-2 confirms dry ground \u2014 sensors agree""}]",0,,"{""sar"": ""dry"", ""optical"": ""dry"", ""dem_hydrology"": ""abstain""}"
HARV-00421,"5555 Washington Avenue, Houston, TX, 77007",0.0,0.0,0.0,0.0,0.0,Remote-Deny,81,Deny remotely — no significant flooding detected by satellite,Satellite data at 5555 Washington Avenue indicates 0.0ft depth; remote-deny per 81% confidence.,1,1,0.0,"[{""factor"": ""SAR recency"", ""delta"": 8, ""reason"": ""Imagery 3d post-event \u2014 fresh""}, {""factor"": ""Depth certainty"", ""delta"": 10, ""reason"": ""Near-zero depth \u2014 confidently not flooded""}, {""factor"": ""Coverage coherence"", ""delta"": 7, ""reason"": ""0% coverage \u2014 confidently dry""}, {""factor"": ""Urban SAR shadow"", ""delta"": -15, ""reason"": ""Dense urban area \u2014 radar shadow can mimic water""}, {""factor"": ""Optical cross-check"", ""delta"": 6, ""reason"": ""Sentinel-2 confirms dry ground \u2014 sensors agree""}]",0,,"{""sar"": ""dry"", ""optical"": ""dry"", ""dem_hydrology"": ""flood""}"
HARV-00422,107 Yale Street,0.0,0.0,0.0,0.0,0.0,Remote-Deny,81,Deny remotely — no significant flooding detected by satellite,Satellite data at 107 Yale Street indicates 0.0ft depth; remote-deny per 81% confidence.,1,1,0.0,"[{""factor"": ""SAR recency"", ""delta"": 8, ""reason"": ""Imagery 3d post-event \u2014 fresh""}, {""factor"": ""Depth certainty"", ""delta"": 10, ""reason"": ""Near-zero depth \u2014 confidently not flooded""}, {""factor"": ""Coverage coherence"", ""delta"": 7, ""reason"": ""0% coverage \u2014 confidently dry""}, {""factor"": ""Urban SAR shadow"", ""delta"": -15, ""reason"": ""Dense urban area \u2014 radar shadow can mimic water""}, {""factor"": ""Optical cross-check"", ""delta"": 6, ""reason"": ""Sentinel-2 confirms dry ground \u2014 sensors agree""}]",0,,"{""sar"": ""dry"", ""optical"": ""dry"", ""dem_hydrology"": ""dry""}"
HARV-00423,"8650 South Braeswood Boulevard, Houston, 77031",0.0,0.0,0.0,0.0,0.0,Remote-Deny,81,Deny remotely — no significant flooding detected by satellite,Satellite data at 8650 South Braeswood Boulevard indicates 0.0ft depth; remote-deny per 81% confidence.,1,1,0.0,"[{""factor"": ""SAR recency"", ""delta"": 8, ""reason"": ""Imagery 3d post-event \u2014 fresh""}, {""factor"": ""Depth certainty"", ""delta"": 10, ""reason"": ""Near-zero depth \u2014 confidently not flooded""}, {""factor"": ""Coverage coherence"", ""delta"": 7, ""reason"": ""0% coverage \u2014 confidently dry""}, {""factor"": ""Urban SAR shadow"", ""delta"": -15, ""reason"": ""Dense urban area \u2014 radar shadow can mimic water""}, {""factor"": ""Optical cross-check"", ""delta"": 6, ""reason"": ""Sentinel-2 confirms dry ground \u2014 sensors agree""}]",0,,"{""sar"": ""dry"", ""optical"": ""dry"", ""dem_hydrology"": ""dry""}"
HARV-00424,"8646 South Braeswood Boulevard, Houston, 77031",0.0,0.0,0.0,0.0,0.0,Remote-Deny,81,Deny remotely — no significant flooding detected by satellite,Satellite data at 8646 South Braeswood Boulevard indicates 0.0ft depth; remote-deny per 81% confidence.,1,1,0.0,"[{""factor"": ""SAR recency"", ""delta"": 8, ""reason"": ""Imagery 3d post-event \u2014 fresh""}, {""factor"": ""Depth certainty"", ""delta"": 10, ""reason"": ""Near-zero depth \u2014 confidently not flooded""}, {""factor"": ""Coverage coherence"", ""delta"": 7, ""reason"": ""0% coverage \u2014 confidently dry""}, {""factor"": ""Urban SAR shadow"", ""delta"": -15, ""reason"": ""Dense urban area \u2014 radar shadow can mimic water""}, {""factor"": ""Optical cross-check"", ""delta"": 6, ""reason"": ""Sentinel-2 confirms dry ground \u2014 sensors agree""}]",0,,"{""sar"": ""dry"", ""optical"": ""dry"", ""dem_hydrology"": ""dry""}"
HARV-00425,"8023 South Braeswood Boulevard, Houston",0.0,0.0,0.0,0.0,0.0,Remote-Deny,81,Deny remotely — no significant flooding detected by satellite,Satellite data at 8023 South Braeswood Boulevard indicates 0.0ft depth; remote-deny per 81% confidence.,1,1,0.0,"[{""factor"": ""SAR recency"", ""delta"": 8, ""reason"": ""Imagery 3d post-event \u2014 fresh""}, {""factor"": ""Depth certainty"", ""delta"": 10, ""reason"": ""Near-zero depth \u2014 confidently not flooded""}, {""factor"": ""Coverage coherence"", ""delta"": 7, ""reason"": ""0% coverage \u2014 confidently dry""}, {""factor"": ""Urban SAR shadow"", ""delta"": -15, ""reason"": ""Dense urban area \u2014 radar shadow can mimic water""}, {""factor"": ""Optical cross-check"", ""delta"": 6, ""reason"": ""Sentinel-2 confirms dry ground \u2014 sensors agree""}]",0,,"{""sar"": ""dry"", ""optical"": ""dry"", ""dem_hydrology"": ""dry""}"
HARV-00426,"6131 South Braeswood Boulevard, Houston, TX",0.0,0.0,0.0,0.0,0.0,Remote-Deny,81,Deny remotely — no significant flooding detected by satellite,Satellite data at 6131 South Braeswood Boulevard indicates 0.0ft depth; remote-deny per 81% confidence.,1,1,0.0,"[{""factor"": ""SAR recency"", ""delta"": 8, ""reason"": ""Imagery 3d post-event \u2014 fresh""}, {""factor"": ""Depth certainty"", ""delta"": 10, ""reason"": ""Near-zero depth \u2014 confidently not flooded""}, {""factor"": ""Coverage coherence"", ""delta"": 7, ""reason"": ""0% coverage \u2014 confidently dry""}, {""factor"": ""Urban SAR shadow"", ""delta"": -15, ""reason"": ""Dense urban area \u2014 radar shadow can mimic water""}, {""factor"": ""Optical cross-check"", ""delta"": 6, ""reason"": ""Sentinel-2 confirms dry ground \u2014 sensors agree""}]",0,,"{""sar"": ""dry"", ""optical"": ""dry"", ""dem_hydrology"": ""dry""}"
HARV-00427,"10330 Hillcroft Avenue, Houston, 77096",0.0,0.0,0.0,0.0,0.0,Remote-Deny,81,Deny remotely — no significant flooding detected by satellite,Satellite data at 10330 Hillcroft Avenue indicates 0.0ft depth; remote-deny per 81% confidence.,1,1,0.0,"[{""factor"": ""SAR recency"", ""delta"": 8, ""reason"": ""Imagery 3d post-event \u2014 fresh""}, {""factor"": ""Depth certainty"", ""delta"": 10, ""reason"": ""Near-zero depth \u2014 confidently not flooded""}, {""factor"": ""Coverage coherence"", ""delta"": 7, ""reason"": ""0% coverage \u2014 confidently dry""}, {""factor"": ""Urban SAR shadow"", ""delta"": -15, ""reason"": ""Dense urban area \u2014 radar shadow can mimic water""}, {""factor"": ""Optical cross-check"", ""delta"": 6, ""reason"": ""Sentinel-2 confirms dry ground \u2014 sensors agree""}]",0,,"{""sar"": ""dry"", ""optical"": ""dry"", ""dem_hydrology"": ""flood""}"
HARV-00428,"174 Yale Street, Houston, TX, 77007",0.0,0.0,0.0,0.0,0.0,Remote-Deny,81,Deny remotely — no significant flooding detected by satellite,Satellite data at 174 Yale Street indicates 0.0ft depth; remote-deny per 81% confidence.,1,1,0.0,"[{""factor"": ""SAR recency"", ""delta"": 8, ""reason"": ""Imagery 3d post-event \u2014 fresh""}, {""factor"": ""Depth certainty"", ""delta"": 10, ""reason"": ""Near-zero depth \u2014 confidently not flooded""}, {""factor"": ""Coverage coherence"", ""delta"": 7, ""reason"": ""0% coverage \u2014 confidently dry""}, {""factor"": ""Urban SAR shadow"", ""delta"": -15, ""reason"": ""Dense urban area \u2014 radar shadow can mimic water""}, {""factor"": ""Optical cross-check"", ""delta"": 6, ""reason"": ""Sentinel-2 confirms dry ground \u2014 sensors agree""}]",0,,"{""sar"": ""dry"", ""optical"": ""dry"", ""dem_hydrology"": ""dry""}"
HARV-00429,174 Yale Street,0.0,0.0,0.0,0.0,0.0,Remote-Deny,81,Deny remotely — no significant flooding detected by satellite,Satellite data at 174 Yale Street indicates 0.0ft depth; remote-deny per 81% confidence.,1,1,0.0,"[{""factor"": ""SAR recency"", ""delta"": 8, ""reason"": ""Imagery 3d post-event \u2014 fresh""}, {""factor"": ""Depth certainty"", ""delta"": 10, ""reason"": ""Near-zero depth \u2014 confidently not flooded""}, {""factor"": ""Coverage coherence"", ""delta"": 7, ""reason"": ""0% coverage \u2014 confidently dry""}, {""factor"": ""Urban SAR shadow"", ""delta"": -15, ""reason"": ""Dense urban area \u2014 radar shadow can mimic water""}, {""factor"": ""Optical cross-check"", ""delta"": 6, ""reason"": ""Sentinel-2 confirms dry ground \u2014 sensors agree""}]",0,,"{""sar"": ""dry"", ""optical"": ""dry"", ""dem_hydrology"": ""dry""}"
HARV-00430,"1119 Mulberry Lane, Bellaire",0.0,0.0,0.0,0.0,0.0,Remote-Deny,81,Deny remotely — no significant flooding detected by satellite,Satellite data at 1119 Mulberry Lane indicates 0.0ft depth; remote-deny per 81% confidence.,1,1,0.0,"[{""factor"": ""SAR recency"", ""delta"": 8, ""reason"": ""Imagery 3d post-event \u2014 fresh""}, {""factor"": ""Depth certainty"", ""delta"": 10, ""reason"": ""Near-zero depth \u2014 confidently not flooded""}, {""factor"": ""Coverage coherence"", ""delta"": 7, ""reason"": ""0% coverage \u2014 confidently dry""}, {""factor"": ""Urban SAR shadow"", ""delta"": -15, ""reason"": ""Dense urban area \u2014 radar shadow can mimic water""}, {""factor"": ""Optical cross-check"", ""delta"": 6, ""reason"": ""Sentinel-2 confirms dry ground \u2014 sensors agree""}]",0,,"{""sar"": ""dry"", ""optical"": ""dry"", ""dem_hydrology"": ""flood""}"
HARV-00431,"4440 Vivian Street, Bellaire, 77401",0.0,0.0,0.0,0.0,0.0,Remote-Deny,81,Deny remotely — no significant flooding detected by satellite,Satellite data at 4440 Vivian Street indicates 0.0ft depth; remote-deny per 81% confidence.,1,1,0.0,"[{""factor"": ""SAR recency"", ""delta"": 8, ""reason"": ""Imagery 3d post-event \u2014 fresh""}, {""factor"": ""Depth certainty"", ""delta"": 10, ""reason"": ""Near-zero depth \u2014 confidently not flooded""}, {""factor"": ""Coverage coherence"", ""delta"": 7, ""reason"": ""0% coverage \u2014 confidently dry""}, {""factor"": ""Urban SAR shadow"", ""delta"": -15, ""reason"": ""Dense urban area \u2014 radar shadow can mimic water""}, {""factor"": ""Optical cross-check"", ""delta"": 6, ""reason"": ""Sentinel-2 confirms dry ground \u2014 sensors agree""}]",0,,"{""sar"": ""dry"", ""optical"": ""dry"", ""dem_hydrology"": ""flood""}"
HARV-00432,"4439 Mildred Street, Bellaire, 77401",0.0,0.0,0.0,0.0,0.0,Remote-Deny,81,Deny remotely — no significant flooding detected by satellite,Satellite data at 4439 Mildred Street indicates 0.0ft depth; remote-deny per 81% confidence.,1,1,0.0,"[{""factor"": ""SAR recency"", ""delta"": 8, ""reason"": ""Imagery 3d post-event \u2014 fresh""}, {""factor"": ""Depth certainty"", ""delta"": 10, ""reason"": ""Near-zero depth \u2014 confidently not flooded""}, {""factor"": ""Coverage coherence"", ""delta"": 7, ""reason"": ""0% coverage \u2014 confidently dry""}, {""factor"": ""Urban SAR shadow"", ""delta"": -15, ""reason"": ""Dense urban area \u2014 radar shadow can mimic water""}, {""factor"": ""Optical cross-check"", ""delta"": 6, ""reason"": ""Sentinel-2 confirms dry ground \u2014 sensors agree""}]",0,,"{""sar"": ""dry"", ""optical"": ""dry"", ""dem_hydrology"": ""flood""}"
HARV-00433,"5212 Grand Lake Street, Bellaire",0.0,0.0,0.0,0.0,0.0,Remote-Deny,81,Deny remotely — no significant flooding detected by satellite,Satellite data at 5212 Grand Lake Street indicates 0.0ft depth; remote-deny per 81% confidence.,1,1,0.0,"[{""factor"": ""SAR recency"", ""delta"": 8, ""reason"": ""Imagery 3d post-event \u2014 fresh""}, {""factor"": ""Depth certainty"", ""delta"": 10, ""reason"": ""Near-zero depth \u2014 confidently not flooded""}, {""factor"": ""Coverage coherence"", ""delta"": 7, ""reason"": ""0% coverage \u2014 confidently dry""}, {""factor"": ""Urban SAR shadow"", ""delta"": -15, ""reason"": ""Dense urban area \u2014 radar shadow can mimic water""}, {""factor"": ""Optical cross-check"", ""delta"": 6, ""reason"": ""Sentinel-2 confirms dry ground \u2014 sensors agree""}]",0,,"{""sar"": ""dry"", ""optical"": ""dry"", ""dem_hydrology"": ""flood""}"
HARV-00434,"7305 South Rice Avenue, Bellaire",0.0,0.0,0.0,0.0,0.0,Remote-Deny,81,Deny remotely — no significant flooding detected by satellite,Satellite data at 7305 South Rice Avenue indicates 0.0ft depth; remote-deny per 81% confidence.,1,1,0.0,"[{""factor"": ""SAR recency"", ""delta"": 8, ""reason"": ""Imagery 3d post-event \u2014 fresh""}, {""factor"": ""Depth certainty"", ""delta"": 10, ""reason"": ""Near-zero depth \u2014 confidently not flooded""}, {""factor"": ""Coverage coherence"", ""delta"": 7, ""reason"": ""0% coverage \u2014 confidently dry""}, {""factor"": ""Urban SAR shadow"", ""delta"": -15, ""reason"": ""Dense urban area \u2014 radar shadow can mimic water""}, {""factor"": ""Optical cross-check"", ""delta"": 6, ""reason"": ""Sentinel-2 confirms dry ground \u2014 sensors agree""}]",0,,"{""sar"": ""dry"", ""optical"": ""dry"", ""dem_hydrology"": ""flood""}"
HARV-00435,"5101 Pocahontas Street, Bellaire",0.0,0.0,0.0,0.0,0.0,Remote-Deny,81,Deny remotely — no significant flooding detected by satellite,Satellite data at 5101 Pocahontas Street indicates 0.0ft depth; remote-deny per 81% confidence.,1,1,0.0,"[{""factor"": ""SAR recency"", ""delta"": 8, ""reason"": ""Imagery 3d post-event \u2014 fresh""}, {""factor"": ""Depth certainty"", ""delta"": 10, ""reason"": ""Near-zero depth \u2014 confidently not flooded""}, {""factor"": ""Coverage coherence"", ""delta"": 7, ""reason"": ""0% coverage \u2014 confidently dry""}, {""factor"": ""Urban SAR shadow"", ""delta"": -15, ""reason"": ""Dense urban area \u2014 radar shadow can mimic water""}, {""factor"": ""Optical cross-check"", ""delta"": 6, ""reason"": ""Sentinel-2 confirms dry ground \u2014 sensors agree""}]",0,,"{""sar"": ""dry"", ""optical"": ""dry"", ""dem_hydrology"": ""flood""}"
HARV-00436,"8919 Manhattan Drive, Houston, TX, 77096",0.0,0.0,0.0,0.0,0.0,Remote-Deny,81,Deny remotely — no significant flooding detected by satellite,Satellite data at 8919 Manhattan Drive indicates 0.0ft depth; remote-deny per 81% confidence.,1,1,0.0,"[{""factor"": ""SAR recency"", ""delta"": 8, ""reason"": ""Imagery 3d post-event \u2014 fresh""}, {""factor"": ""Depth certainty"", ""delta"": 10, ""reason"": ""Near-zero depth \u2014 confidently not flooded""}, {""factor"": ""Coverage coherence"", ""delta"": 7, ""reason"": ""0% coverage \u2014 confidently dry""}, {""factor"": ""Urban SAR shadow"", ""delta"": -15, ""reason"": ""Dense urban area \u2014 radar shadow can mimic water""}, {""factor"": ""Optical cross-check"", ""delta"": 6, ""reason"": ""Sentinel-2 confirms dry ground \u2014 sensors agree""}]",0,,"{""sar"": ""dry"", ""optical"": ""dry"", ""dem_hydrology"": ""abstain""}"
HARV-00437,"9015 Manhattan Drive, Houston, TX, 77096",0.0,0.0,0.0,0.0,0.0,Remote-Deny,81,Deny remotely — no significant flooding detected by satellite,Satellite data at 9015 Manhattan Drive indicates 0.0ft depth; remote-deny per 81% confidence.,1,1,0.0,"[{""factor"": ""SAR recency"", ""delta"": 8, ""reason"": ""Imagery 3d post-event \u2014 fresh""}, {""factor"": ""Depth certainty"", ""delta"": 10, ""reason"": ""Near-zero depth \u2014 confidently not flooded""}, {""factor"": ""Coverage coherence"", ""delta"": 7, ""reason"": ""0% coverage \u2014 confidently dry""}, {""factor"": ""Urban SAR shadow"", ""delta"": -15, ""reason"": ""Dense urban area \u2014 radar shadow can mimic water""}, {""factor"": ""Optical cross-check"", ""delta"": 6, ""reason"": ""Sentinel-2 confirms dry ground \u2014 sensors agree""}]",0,,"{""sar"": ""dry"", ""optical"": ""dry"", ""dem_hydrology"": ""dry""}"
HARV-00438,"5207 Braesvalley Drive, Houston, TX, 77096",0.0,0.0,0.0,0.0,0.0,Remote-Deny,81,Deny remotely — no significant flooding detected by satellite,Satellite data at 5207 Braesvalley Drive indicates 0.0ft depth; remote-deny per 81% confidence.,1,1,0.0,"[{""factor"": ""SAR recency"", ""delta"": 8, ""reason"": ""Imagery 3d post-event \u2014 fresh""}, {""factor"": ""Depth certainty"", ""delta"": 10, ""reason"": ""Near-zero depth \u2014 confidently not flooded""}, {""factor"": ""Coverage coherence"", ""delta"": 7, ""reason"": ""0% coverage \u2014 confidently dry""}, {""factor"": ""Urban SAR shadow"", ""delta"": -15, ""reason"": ""Dense urban area \u2014 radar shadow can mimic water""}, {""factor"": ""Optical cross-check"", ""delta"": 6, ""reason"": ""Sentinel-2 confirms dry ground \u2014 sensors agree""}]",0,,"{""sar"": ""dry"", ""optical"": ""dry"", ""dem_hydrology"": ""dry""}"
HARV-00439,"9007 Manhattan Drive, Houston, TX, 77096",0.0,0.0,0.0,0.0,0.0,Remote-Deny,81,Deny remotely — no significant flooding detected by satellite,Satellite data at 9007 Manhattan Drive indicates 0.0ft depth; remote-deny per 81% confidence.,1,1,0.0,"[{""factor"": ""SAR recency"", ""delta"": 8, ""reason"": ""Imagery 3d post-event \u2014 fresh""}, {""factor"": ""Depth certainty"", ""delta"": 10, ""reason"": ""Near-zero depth \u2014 confidently not flooded""}, {""factor"": ""Coverage coherence"", ""delta"": 7, ""reason"": ""0% coverage \u2014 confidently dry""}, {""factor"": ""Urban SAR shadow"", ""delta"": -15, ""reason"": ""Dense urban area \u2014 radar shadow can mimic water""}, {""factor"": ""Optical cross-check"", ""delta"": 6, ""reason"": ""Sentinel-2 confirms dry ground \u2014 sensors agree""}]",0,,"{""sar"": ""dry"", ""optical"": ""dry"", ""dem_hydrology"": ""dry""}"
HARV-00440,"5215 Braesvalley Drive, Houston, TX, 77096",0.0,0.0,0.0,0.0,0.0,Remote-Deny,81,Deny remotely — no significant flooding detected by satellite,Satellite data at 5215 Braesvalley Drive indicates 0.0ft depth; remote-deny per 81% confidence.,1,1,0.0,"[{""factor"": ""SAR recency"", ""delta"": 8, ""reason"": ""Imagery 3d post-event \u2014 fresh""}, {""factor"": ""Depth certainty"", ""delta"": 10, ""reason"": ""Near-zero depth \u2014 confidently not flooded""}, {""factor"": ""Coverage coherence"", ""delta"": 7, ""reason"": ""0% coverage \u2014 confidently dry""}, {""factor"": ""Urban SAR shadow"", ""delta"": -15, ""reason"": ""Dense urban area \u2014 radar shadow can mimic water""}, {""factor"": ""Optical cross-check"", ""delta"": 6, ""reason"": ""Sentinel-2 confirms dry ground \u2014 sensors agree""}]",0,,"{""sar"": ""dry"", ""optical"": ""dry"", ""dem_hydrology"": ""dry""}"
HARV-00441,"8923 Manhattan Drive, Houston, TX, 77096",0.0,0.0,0.0,0.0,0.0,Remote-Deny,81,Deny remotely — no significant flooding detected by satellite,Satellite data at 8923 Manhattan Drive indicates 0.0ft depth; remote-deny per 81% confidence.,1,1,0.0,"[{""factor"": ""SAR recency"", ""delta"": 8, ""reason"": ""Imagery 3d post-event \u2014 fresh""}, {""factor"": ""Depth certainty"", ""delta"": 10, ""reason"": ""Near-zero depth \u2014 confidently not flooded""}, {""factor"": ""Coverage coherence"", ""delta"": 7, ""reason"": ""0% coverage \u2014 confidently dry""}, {""factor"": ""Urban SAR shadow"", ""delta"": -15, ""reason"": ""Dense urban area \u2014 radar shadow can mimic water""}, {""factor"": ""Optical cross-check"", ""delta"": 6, ""reason"": ""Sentinel-2 confirms dry ground \u2014 sensors agree""}]",0,,"{""sar"": ""dry"", ""optical"": ""dry"", ""dem_hydrology"": ""dry""}"
HARV-00442,"5203 Braesvalley Drive, Houston, TX, 77096",0.0,0.0,0.0,0.0,0.0,Remote-Deny,81,Deny remotely — no significant flooding detected by satellite,Satellite data at 5203 Braesvalley Drive indicates 0.0ft depth; remote-deny per 81% confidence.,1,1,0.0,"[{""factor"": ""SAR recency"", ""delta"": 8, ""reason"": ""Imagery 3d post-event \u2014 fresh""}, {""factor"": ""Depth certainty"", ""delta"": 10, ""reason"": ""Near-zero depth \u2014 confidently not flooded""}, {""factor"": ""Coverage coherence"", ""delta"": 7, ""reason"": ""0% coverage \u2014 confidently dry""}, {""factor"": ""Urban SAR shadow"", ""delta"": -15, ""reason"": ""Dense urban area \u2014 radar shadow can mimic water""}, {""factor"": ""Optical cross-check"", ""delta"": 6, ""reason"": ""Sentinel-2 confirms dry ground \u2014 sensors agree""}]",0,,"{""sar"": ""dry"", ""optical"": ""dry"", ""dem_hydrology"": ""dry""}"
HARV-00443,"5211 Braesvalley Drive, Houston, TX, 77096",0.0,0.0,0.0,0.0,0.0,Remote-Deny,81,Deny remotely — no significant flooding detected by satellite,Satellite data at 5211 Braesvalley Drive indicates 0.0ft depth; remote-deny per 81% confidence.,1,1,0.0,"[{""factor"": ""SAR recency"", ""delta"": 8, ""reason"": ""Imagery 3d post-event \u2014 fresh""}, {""factor"": ""Depth certainty"", ""delta"": 10, ""reason"": ""Near-zero depth \u2014 confidently not flooded""}, {""factor"": ""Coverage coherence"", ""delta"": 7, ""reason"": ""0% coverage \u2014 confidently dry""}, {""factor"": ""Urban SAR shadow"", ""delta"": -15, ""reason"": ""Dense urban area \u2014 radar shadow can mimic water""}, {""factor"": ""Optical cross-check"", ""delta"": 6, ""reason"": ""Sentinel-2 confirms dry ground \u2014 sensors agree""}]",0,,"{""sar"": ""dry"", ""optical"": ""dry"", ""dem_hydrology"": ""dry""}"
HARV-00444,"5210 Jason Street, Houston, TX, 77096",0.0,0.0,0.0,0.0,0.0,Remote-Deny,81,Deny remotely — no significant flooding detected by satellite,Satellite data at 5210 Jason Street indicates 0.0ft depth; remote-deny per 81% confidence.,1,1,0.0,"[{""factor"": ""SAR recency"", ""delta"": 8, ""reason"": ""Imagery 3d post-event \u2014 fresh""}, {""factor"": ""Depth certainty"", ""delta"": 10, ""reason"": ""Near-zero depth \u2014 confidently not flooded""}, {""factor"": ""Coverage coherence"", ""delta"": 7, ""reason"": ""0% coverage \u2014 confidently dry""}, {""factor"": ""Urban SAR shadow"", ""delta"": -15, ""reason"": ""Dense urban area \u2014 radar shadow can mimic water""}, {""factor"": ""Optical cross-check"", ""delta"": 6, ""reason"": ""Sentinel-2 confirms dry ground \u2014 sensors agree""}]",0,,"{""sar"": ""dry"", ""optical"": ""dry"", ""dem_hydrology"": ""flood""}"
HARV-00445,"5226 Jason Street, Houston, TX, 77096",0.0,0.0,0.0,0.0,0.0,Remote-Deny,81,Deny remotely — no significant flooding detected by satellite,Satellite data at 5226 Jason Street indicates 0.0ft depth; remote-deny per 81% confidence.,1,1,0.0,"[{""factor"": ""SAR recency"", ""delta"": 8, ""reason"": ""Imagery 3d post-event \u2014 fresh""}, {""factor"": ""Depth certainty"", ""delta"": 10, ""reason"": ""Near-zero depth \u2014 confidently not flooded""}, {""factor"": ""Coverage coherence"", ""delta"": 7, ""reason"": ""0% coverage \u2014 confidently dry""}, {""factor"": ""Urban SAR shadow"", ""delta"": -15, ""reason"": ""Dense urban area \u2014 radar shadow can mimic water""}, {""factor"": ""Optical cross-check"", ""delta"": 6, ""reason"": ""Sentinel-2 confirms dry ground \u2014 sensors agree""}]",0,,"{""sar"": ""dry"", ""optical"": ""dry"", ""dem_hydrology"": ""flood""}"
HARV-00446,"5230 Jason Street, Houston, TX, 77096",0.0,0.0,0.0,0.0,0.0,Remote-Deny,81,Deny remotely — no significant flooding detected by satellite,Satellite data at 5230 Jason Street indicates 0.0ft depth; remote-deny per 81% confidence.,1,1,0.0,"[{""factor"": ""SAR recency"", ""delta"": 8, ""reason"": ""Imagery 3d post-event \u2014 fresh""}, {""factor"": ""Depth certainty"", ""delta"": 10, ""reason"": ""Near-zero depth \u2014 confidently not flooded""}, {""factor"": ""Coverage coherence"", ""delta"": 7, ""reason"": ""0% coverage \u2014 confidently dry""}, {""factor"": ""Urban SAR shadow"", ""delta"": -15, ""reason"": ""Dense urban area \u2014 radar shadow can mimic water""}, {""factor"": ""Optical cross-check"", ""delta"": 6, ""reason"": ""Sentinel-2 confirms dry ground \u2014 sensors agree""}]",0,,"{""sar"": ""dry"", ""optical"": ""dry"", ""dem_hydrology"": ""flood""}"
HARV-00447,"3131 West Bellfort Street, Houston, TX, 77054",0.0,0.0,0.0,0.0,0.0,Remote-Deny,81,Deny remotely — no significant flooding detected by satellite,Satellite data at 3131 West Bellfort Street indicates 0.0ft depth; remote-deny per 81% confidence.,1,1,0.0087,"[{""factor"": ""SAR recency"", ""delta"": 8, ""reason"": ""Imagery 3d post-event \u2014 fresh""}, {""factor"": ""Depth certainty"", ""delta"": 10, ""reason"": ""Near-zero depth \u2014 confidently not flooded""}, {""factor"": ""Coverage coherence"", ""delta"": 7, ""reason"": ""0% coverage \u2014 confidently dry""}, {""factor"": ""Urban SAR shadow"", ""delta"": -15, ""reason"": ""Dense urban area \u2014 radar shadow can mimic water""}, {""factor"": ""Optical cross-check"", ""delta"": 6, ""reason"": ""Sentinel-2 confirms dry ground \u2014 sensors agree""}]",0,,"{""sar"": ""dry"", ""optical"": ""dry"", ""dem_hydrology"": ""flood""}"
HARV-00448,"3025 Kirby Drive, Houston, TX, 77098",0.0,0.0,0.0,0.0,0.0,Review,75,Flag for manual review — borderline measurements or low confidence,Satellite data at 3025 Kirby Drive indicates 0.0ft depth; review per 75% confidence.,1,1,0.1162,"[{""factor"": ""SAR recency"", ""delta"": 8, ""reason"": ""Imagery 3d post-event \u2014 fresh""}, {""factor"": ""Depth certainty"", ""delta"": 10, ""reason"": ""Near-zero depth \u2014 confidently not flooded""}, {""factor"": ""Coverage coherence"", ""delta"": 7, ""reason"": ""0% coverage \u2014 confidently dry""}, {""factor"": ""Urban SAR shadow"", ""delta"": -15, ""reason"": ""Dense urban area \u2014 radar shadow can mimic water""}]",1,"Sensors disagree: optical indicate flooding while SAR, DEM-hydrology indicate dry/implausible — routed to manual review.","{""sar"": ""dry"", ""optical"": ""flood"", ""dem_hydrology"": ""dry""}"
HARV-00449,"9330 West Airport Boulevard, Houston, TX, 77031",0.0,0.0,0.0,0.0,0.0,Remote-Deny,81,Deny remotely — no significant flooding detected by satellite,Satellite data at 9330 West Airport Boulevard indicates 0.0ft depth; remote-deny per 81% confidence.,1,1,0.0,"[{""factor"": ""SAR recency"", ""delta"": 8, ""reason"": ""Imagery 3d post-event \u2014 fresh""}, {""factor"": ""Depth certainty"", ""delta"": 10, ""reason"": ""Near-zero depth \u2014 confidently not flooded""}, {""factor"": ""Coverage coherence"", ""delta"": 7, ""reason"": ""0% coverage \u2014 confidently dry""}, {""factor"": ""Urban SAR shadow"", ""delta"": -15, ""reason"": ""Dense urban area \u2014 radar shadow can mimic water""}, {""factor"": ""Optical cross-check"", ""delta"": 6, ""reason"": ""Sentinel-2 confirms dry ground \u2014 sensors agree""}]",0,,"{""sar"": ""dry"", ""optical"": ""dry"", ""dem_hydrology"": ""flood""}"
HARV-00450,"125 West Gray Street, Houston, TX, 77019",0.0,0.0,0.0,0.0,0.0,Remote-Deny,81,Deny remotely — no significant flooding detected by satellite,Satellite data at 125 West Gray Street indicates 0.0ft depth; remote-deny per 81% confidence.,1,1,0.0,"[{""factor"": ""SAR recency"", ""delta"": 8, ""reason"": ""Imagery 3d post-event \u2014 fresh""}, {""factor"": ""Depth certainty"", ""delta"": 10, ""reason"": ""Near-zero depth \u2014 confidently not flooded""}, {""factor"": ""Coverage coherence"", ""delta"": 7, ""reason"": ""0% coverage \u2014 confidently dry""}, {""factor"": ""Urban SAR shadow"", ""delta"": -15, ""reason"": ""Dense urban area \u2014 radar shadow can mimic water""}, {""factor"": ""Optical cross-check"", ""delta"": 6, ""reason"": ""Sentinel-2 confirms dry ground \u2014 sensors agree""}]",0,,"{""sar"": ""dry"", ""optical"": ""dry"", ""dem_hydrology"": ""flood""}"
HARV-00451,"5156 Richmond Avenue, Houston, TX, 77056",0.0,0.0,0.0,0.0,0.0,Remote-Deny,81,Deny remotely — no significant flooding detected by satellite,Satellite data at 5156 Richmond Avenue indicates 0.0ft depth; remote-deny per 81% confidence.,1,1,0.0,"[{""factor"": ""SAR recency"", ""delta"": 8, ""reason"": ""Imagery 3d post-event \u2014 fresh""}, {""factor"": ""Depth certainty"", ""delta"": 10, ""reason"": ""Near-zero depth \u2014 confidently not flooded""}, {""factor"": ""Coverage coherence"", ""delta"": 7, ""reason"": ""0% coverage \u2014 confidently dry""}, {""factor"": ""Urban SAR shadow"", ""delta"": -15, ""reason"": ""Dense urban area \u2014 radar shadow can mimic water""}, {""factor"": ""Optical cross-check"", ""delta"": 6, ""reason"": ""Sentinel-2 confirms dry ground \u2014 sensors agree""}]",0,,"{""sar"": ""dry"", ""optical"": ""dry"", ""dem_hydrology"": ""flood""}"
HARV-00452,"5140 Richmond Avenue, Houston, TX, 77056",0.0,0.0,0.0,0.0,0.0,Remote-Deny,81,Deny remotely — no significant flooding detected by satellite,Satellite data at 5140 Richmond Avenue indicates 0.0ft depth; remote-deny per 81% confidence.,1,1,0.0,"[{""factor"": ""SAR recency"", ""delta"": 8, ""reason"": ""Imagery 3d post-event \u2014 fresh""}, {""factor"": ""Depth certainty"", ""delta"": 10, ""reason"": ""Near-zero depth \u2014 confidently not flooded""}, {""factor"": ""Coverage coherence"", ""delta"": 7, ""reason"": ""0% coverage \u2014 confidently dry""}, {""factor"": ""Urban SAR shadow"", ""delta"": -15, ""reason"": ""Dense urban area \u2014 radar shadow can mimic water""}, {""factor"": ""Optical cross-check"", ""delta"": 6, ""reason"": ""Sentinel-2 confirms dry ground \u2014 sensors agree""}]",0,,"{""sar"": ""dry"", ""optical"": ""dry"", ""dem_hydrology"": ""flood""}"
HARV-00453,"701 West Alabama Street, Houston, TX, 77006",0.0,0.0,0.0,0.0,0.0,Review,75,Flag for manual review — borderline measurements or low confidence,Satellite data at 701 West Alabama Street indicates 0.0ft depth; review per 75% confidence.,1,1,0.1163,"[{""factor"": ""SAR recency"", ""delta"": 8, ""reason"": ""Imagery 3d post-event \u2014 fresh""}, {""factor"": ""Depth certainty"", ""delta"": 10, ""reason"": ""Near-zero depth \u2014 confidently not flooded""}, {""factor"": ""Coverage coherence"", ""delta"": 7, ""reason"": ""0% coverage \u2014 confidently dry""}, {""factor"": ""Urban SAR shadow"", ""delta"": -15, ""reason"": ""Dense urban area \u2014 radar shadow can mimic water""}]",1,"Sensors disagree: optical, DEM-hydrology indicate flooding while SAR indicate dry/implausible — routed to manual review.","{""sar"": ""dry"", ""optical"": ""flood"", ""dem_hydrology"": ""flood""}"
HARV-00454,"1919 Taylor Street, Houston, TX",0.0,0.0,0.0,0.0,0.0,Review,75,Flag for manual review — borderline measurements or low confidence,Satellite data at 1919 Taylor Street indicates 0.0ft depth; review per 75% confidence.,1,1,0.0601,"[{""factor"": ""SAR recency"", ""delta"": 8, ""reason"": ""Imagery 3d post-event \u2014 fresh""}, {""factor"": ""Depth certainty"", ""delta"": 10, ""reason"": ""Near-zero depth \u2014 confidently not flooded""}, {""factor"": ""Coverage coherence"", ""delta"": 7, ""reason"": ""0% coverage \u2014 confidently dry""}, {""factor"": ""Urban SAR shadow"", ""delta"": -15, ""reason"": ""Dense urban area \u2014 radar shadow can mimic water""}]",0,,"{""sar"": ""dry"", ""optical"": ""abstain"", ""dem_hydrology"": ""dry""}"
HARV-00455,"2423 Katy Freeway, Houston, TX, 77007",0.0,0.0,0.0,0.0,0.0,Remote-Deny,81,Deny remotely — no significant flooding detected by satellite,Satellite data at 2423 Katy Freeway indicates 0.0ft depth; remote-deny per 81% confidence.,1,1,0.0,"[{""factor"": ""SAR recency"", ""delta"": 8, ""reason"": ""Imagery 3d post-event \u2014 fresh""}, {""factor"": ""Depth certainty"", ""delta"": 10, ""reason"": ""Near-zero depth \u2014 confidently not flooded""}, {""factor"": ""Coverage coherence"", ""delta"": 7, ""reason"": ""0% coverage \u2014 confidently dry""}, {""factor"": ""Urban SAR shadow"", ""delta"": -15, ""reason"": ""Dense urban area \u2014 radar shadow can mimic water""}, {""factor"": ""Optical cross-check"", ""delta"": 6, ""reason"": ""Sentinel-2 confirms dry ground \u2014 sensors agree""}]",0,,"{""sar"": ""dry"", ""optical"": ""dry"", ""dem_hydrology"": ""dry""}"
HARV-00456,"1923 Taylor Street, Houston, TX",0.0,0.0,0.0,0.0,0.0,Review,75,Flag for manual review — borderline measurements or low confidence,Satellite data at 1923 Taylor Street indicates 0.0ft depth; review per 75% confidence.,1,1,0.2327,"[{""factor"": ""SAR recency"", ""delta"": 8, ""reason"": ""Imagery 3d post-event \u2014 fresh""}, {""factor"": ""Depth certainty"", ""delta"": 10, ""reason"": ""Near-zero depth \u2014 confidently not flooded""}, {""factor"": ""Coverage coherence"", ""delta"": 7, ""reason"": ""0% coverage \u2014 confidently dry""}, {""factor"": ""Urban SAR shadow"", ""delta"": -15, ""reason"": ""Dense urban area \u2014 radar shadow can mimic water""}]",1,"Sensors disagree: optical indicate flooding while SAR, DEM-hydrology indicate dry/implausible — routed to manual review.","{""sar"": ""dry"", ""optical"": ""flood"", ""dem_hydrology"": ""dry""}"
HARV-00457,"11303 Craighead Drive, Houston",0.0,0.0,0.0,0.0,0.0,Remote-Deny,81,Deny remotely — no significant flooding detected by satellite,Satellite data at 11303 Craighead Drive indicates 0.0ft depth; remote-deny per 81% confidence.,1,1,0.0,"[{""factor"": ""SAR recency"", ""delta"": 8, ""reason"": ""Imagery 3d post-event \u2014 fresh""}, {""factor"": ""Depth certainty"", ""delta"": 10, ""reason"": ""Near-zero depth \u2014 confidently not flooded""}, {""factor"": ""Coverage coherence"", ""delta"": 7, ""reason"": ""0% coverage \u2014 confidently dry""}, {""factor"": ""Urban SAR shadow"", ""delta"": -15, ""reason"": ""Dense urban area \u2014 radar shadow can mimic water""}, {""factor"": ""Optical cross-check"", ""delta"": 6, ""reason"": ""Sentinel-2 confirms dry ground \u2014 sensors agree""}]",0,,"{""sar"": ""dry"", ""optical"": ""dry"", ""dem_hydrology"": ""flood""}"
HARV-00458,"11405 Craighead Drive, Houston",0.0,0.0,0.0,0.0,0.0,Remote-Deny,81,Deny remotely — no significant flooding detected by satellite,Satellite data at 11405 Craighead Drive indicates 0.0ft depth; remote-deny per 81% confidence.,1,1,0.0,"[{""factor"": ""SAR recency"", ""delta"": 8, ""reason"": ""Imagery 3d post-event \u2014 fresh""}, {""factor"": ""Depth certainty"", ""delta"": 10, ""reason"": ""Near-zero depth \u2014 confidently not flooded""}, {""factor"": ""Coverage coherence"", ""delta"": 7, ""reason"": ""0% coverage \u2014 confidently dry""}, {""factor"": ""Urban SAR shadow"", ""delta"": -15, ""reason"": ""Dense urban area \u2014 radar shadow can mimic water""}, {""factor"": ""Optical cross-check"", ""delta"": 6, ""reason"": ""Sentinel-2 confirms dry ground \u2014 sensors agree""}]",0,,"{""sar"": ""dry"", ""optical"": ""dry"", ""dem_hydrology"": ""flood""}"
HARV-00459,"11503 Craighead Drive, Houston",0.0,0.0,0.0,0.0,0.0,Remote-Deny,81,Deny remotely — no significant flooding detected by satellite,Satellite data at 11503 Craighead Drive indicates 0.0ft depth; remote-deny per 81% confidence.,1,1,0.0,"[{""factor"": ""SAR recency"", ""delta"": 8, ""reason"": ""Imagery 3d post-event \u2014 fresh""}, {""factor"": ""Depth certainty"", ""delta"": 10, ""reason"": ""Near-zero depth \u2014 confidently not flooded""}, {""factor"": ""Coverage coherence"", ""delta"": 7, ""reason"": ""0% coverage \u2014 confidently dry""}, {""factor"": ""Urban SAR shadow"", ""delta"": -15, ""reason"": ""Dense urban area \u2014 radar shadow can mimic water""}, {""factor"": ""Optical cross-check"", ""delta"": 6, ""reason"": ""Sentinel-2 confirms dry ground \u2014 sensors agree""}]",0,,"{""sar"": ""dry"", ""optical"": ""dry"", ""dem_hydrology"": ""flood""}"
HARV-00460,"1200 Binz Street, Houston, TX, 77004",0.0,0.0,0.0,0.0,0.0,Remote-Deny,81,Deny remotely — no significant flooding detected by satellite,Satellite data at 1200 Binz Street indicates 0.0ft depth; remote-deny per 81% confidence.,1,1,0.0,"[{""factor"": ""SAR recency"", ""delta"": 8, ""reason"": ""Imagery 3d post-event \u2014 fresh""}, {""factor"": ""Depth certainty"", ""delta"": 10, ""reason"": ""Near-zero depth \u2014 confidently not flooded""}, {""factor"": ""Coverage coherence"", ""delta"": 7, ""reason"": ""0% coverage \u2014 confidently dry""}, {""factor"": ""Urban SAR shadow"", ""delta"": -15, ""reason"": ""Dense urban area \u2014 radar shadow can mimic water""}, {""factor"": ""Optical cross-check"", ""delta"": 6, ""reason"": ""Sentinel-2 confirms dry ground \u2014 sensors agree""}]",0,,"{""sar"": ""dry"", ""optical"": ""dry"", ""dem_hydrology"": ""abstain""}"
HARV-00461,"2400 Times Boulevard, Houston, TX, 77005",0.0,0.0,0.0,0.0,0.0,Remote-Deny,81,Deny remotely — no significant flooding detected by satellite,Satellite data at 2400 Times Boulevard indicates 0.0ft depth; remote-deny per 81% confidence.,1,1,0.0,"[{""factor"": ""SAR recency"", ""delta"": 8, ""reason"": ""Imagery 3d post-event \u2014 fresh""}, {""factor"": ""Depth certainty"", ""delta"": 10, ""reason"": ""Near-zero depth \u2014 confidently not flooded""}, {""factor"": ""Coverage coherence"", ""delta"": 7, ""reason"": ""0% coverage \u2014 confidently dry""}, {""factor"": ""Urban SAR shadow"", ""delta"": -15, ""reason"": ""Dense urban area \u2014 radar shadow can mimic water""}, {""factor"": ""Optical cross-check"", ""delta"": 6, ""reason"": ""Sentinel-2 confirms dry ground \u2014 sensors agree""}]",0,,"{""sar"": ""dry"", ""optical"": ""dry"", ""dem_hydrology"": ""flood""}"
HARV-00462,"7417 South Kirkwood Road, Houston, TX, 77072",0.0,0.0,0.0,0.0,0.0,Remote-Deny,81,Deny remotely — no significant flooding detected by satellite,Satellite data at 7417 South Kirkwood Road indicates 0.0ft depth; remote-deny per 81% confidence.,1,1,0.0,"[{""factor"": ""SAR recency"", ""delta"": 8, ""reason"": ""Imagery 3d post-event \u2014 fresh""}, {""factor"": ""Depth certainty"", ""delta"": 10, ""reason"": ""Near-zero depth \u2014 confidently not flooded""}, {""factor"": ""Coverage coherence"", ""delta"": 7, ""reason"": ""0% coverage \u2014 confidently dry""}, {""factor"": ""Urban SAR shadow"", ""delta"": -15, ""reason"": ""Dense urban area \u2014 radar shadow can mimic water""}, {""factor"": ""Optical cross-check"", ""delta"": 6, ""reason"": ""Sentinel-2 confirms dry ground \u2014 sensors agree""}]",0,,"{""sar"": ""dry"", ""optical"": ""dry"", ""dem_hydrology"": ""abstain""}"
HARV-00463,"9821 Katy Freeway, Houston, TX, 77024",0.0,0.0,0.0,0.0,0.0,Remote-Deny,81,Deny remotely — no significant flooding detected by satellite,Satellite data at 9821 Katy Freeway indicates 0.0ft depth; remote-deny per 81% confidence.,1,1,0.0,"[{""factor"": ""SAR recency"", ""delta"": 8, ""reason"": ""Imagery 3d post-event \u2014 fresh""}, {""factor"": ""Depth certainty"", ""delta"": 10, ""reason"": ""Near-zero depth \u2014 confidently not flooded""}, {""factor"": ""Coverage coherence"", ""delta"": 7, ""reason"": ""0% coverage \u2014 confidently dry""}, {""factor"": ""Urban SAR shadow"", ""delta"": -15, ""reason"": ""Dense urban area \u2014 radar shadow can mimic water""}, {""factor"": ""Optical cross-check"", ""delta"": 6, ""reason"": ""Sentinel-2 confirms dry ground \u2014 sensors agree""}]",0,,"{""sar"": ""dry"", ""optical"": ""dry"", ""dem_hydrology"": ""flood""}"
HARV-00464,"398 Meyerland Plaza Mall, Houston, TX, 77096",0.0,0.0,0.0,0.0,0.0,Remote-Deny,81,Deny remotely — no significant flooding detected by satellite,Satellite data at 398 Meyerland Plaza Mall indicates 0.0ft depth; remote-deny per 81% confidence.,1,1,0.0,"[{""factor"": ""SAR recency"", ""delta"": 8, ""reason"": ""Imagery 3d post-event \u2014 fresh""}, {""factor"": ""Depth certainty"", ""delta"": 10, ""reason"": ""Near-zero depth \u2014 confidently not flooded""}, {""factor"": ""Coverage coherence"", ""delta"": 7, ""reason"": ""0% coverage \u2014 confidently dry""}, {""factor"": ""Urban SAR shadow"", ""delta"": -15, ""reason"": ""Dense urban area \u2014 radar shadow can mimic water""}, {""factor"": ""Optical cross-check"", ""delta"": 6, ""reason"": ""Sentinel-2 confirms dry ground \u2014 sensors agree""}]",0,,"{""sar"": ""dry"", ""optical"": ""dry"", ""dem_hydrology"": ""flood""}"
HARV-00465,"1047 South Voss Road, Houston, TX, 75057",0.0,0.0,0.0,0.0,0.0,Review,75,Flag for manual review — borderline measurements or low confidence,Satellite data at 1047 South Voss Road indicates 0.0ft depth; review per 75% confidence.,1,1,0.2922,"[{""factor"": ""SAR recency"", ""delta"": 8, ""reason"": ""Imagery 3d post-event \u2014 fresh""}, {""factor"": ""Depth certainty"", ""delta"": 10, ""reason"": ""Near-zero depth \u2014 confidently not flooded""}, {""factor"": ""Coverage coherence"", ""delta"": 7, ""reason"": ""0% coverage \u2014 confidently dry""}, {""factor"": ""Urban SAR shadow"", ""delta"": -15, ""reason"": ""Dense urban area \u2014 radar shadow can mimic water""}]",1,"Sensors disagree: optical, DEM-hydrology indicate flooding while SAR indicate dry/implausible — routed to manual review.","{""sar"": ""dry"", ""optical"": ""flood"", ""dem_hydrology"": ""flood""}"
HARV-00466,"5777 San Felipe Street, Houston, TX, 77057",0.0,0.0,0.0,0.0,0.0,Remote-Deny,81,Deny remotely — no significant flooding detected by satellite,Satellite data at 5777 San Felipe Street indicates 0.0ft depth; remote-deny per 81% confidence.,1,1,0.0,"[{""factor"": ""SAR recency"", ""delta"": 8, ""reason"": ""Imagery 3d post-event \u2014 fresh""}, {""factor"": ""Depth certainty"", ""delta"": 10, ""reason"": ""Near-zero depth \u2014 confidently not flooded""}, {""factor"": ""Coverage coherence"", ""delta"": 7, ""reason"": ""0% coverage \u2014 confidently dry""}, {""factor"": ""Urban SAR shadow"", ""delta"": -15, ""reason"": ""Dense urban area \u2014 radar shadow can mimic water""}, {""factor"": ""Optical cross-check"", ""delta"": 6, ""reason"": ""Sentinel-2 confirms dry ground \u2014 sensors agree""}]",0,,"{""sar"": ""dry"", ""optical"": ""dry"", ""dem_hydrology"": ""flood""}"
HARV-00467,"5779 San Felipe Street, Houston, TX, 77057",0.0,0.0,0.0,0.0,0.0,Remote-Deny,81,Deny remotely — no significant flooding detected by satellite,Satellite data at 5779 San Felipe Street indicates 0.0ft depth; remote-deny per 81% confidence.,1,1,0.0,"[{""factor"": ""SAR recency"", ""delta"": 8, ""reason"": ""Imagery 3d post-event \u2014 fresh""}, {""factor"": ""Depth certainty"", ""delta"": 10, ""reason"": ""Near-zero depth \u2014 confidently not flooded""}, {""factor"": ""Coverage coherence"", ""delta"": 7, ""reason"": ""0% coverage \u2014 confidently dry""}, {""factor"": ""Urban SAR shadow"", ""delta"": -15, ""reason"": ""Dense urban area \u2014 radar shadow can mimic water""}, {""factor"": ""Optical cross-check"", ""delta"": 6, ""reason"": ""Sentinel-2 confirms dry ground \u2014 sensors agree""}]",0,,"{""sar"": ""dry"", ""optical"": ""dry"", ""dem_hydrology"": ""flood""}"
HARV-00468,"11911 Katy Freeway, Houston, TX, 77079",0.0,0.0,0.0,0.0,0.0,Remote-Deny,81,Deny remotely — no significant flooding detected by satellite,Satellite data at 11911 Katy Freeway indicates 0.0ft depth; remote-deny per 81% confidence.,1,1,0.0,"[{""factor"": ""SAR recency"", ""delta"": 8, ""reason"": ""Imagery 3d post-event \u2014 fresh""}, {""factor"": ""Depth certainty"", ""delta"": 10, ""reason"": ""Near-zero depth \u2014 confidently not flooded""}, {""factor"": ""Coverage coherence"", ""delta"": 7, ""reason"": ""0% coverage \u2014 confidently dry""}, {""factor"": ""Urban SAR shadow"", ""delta"": -15, ""reason"": ""Dense urban area \u2014 radar shadow can mimic water""}, {""factor"": ""Optical cross-check"", ""delta"": 6, ""reason"": ""Sentinel-2 confirms dry ground \u2014 sensors agree""}]",0,,"{""sar"": ""dry"", ""optical"": ""dry"", ""dem_hydrology"": ""flood""}"
HARV-00469,"5160 Richmond Avenue, Houston, TX, 77056",0.0,0.0,0.0,0.0,0.0,Remote-Deny,81,Deny remotely — no significant flooding detected by satellite,Satellite data at 5160 Richmond Avenue indicates 0.0ft depth; remote-deny per 81% confidence.,1,1,0.0,"[{""factor"": ""SAR recency"", ""delta"": 8, ""reason"": ""Imagery 3d post-event \u2014 fresh""}, {""factor"": ""Depth certainty"", ""delta"": 10, ""reason"": ""Near-zero depth \u2014 confidently not flooded""}, {""factor"": ""Coverage coherence"", ""delta"": 7, ""reason"": ""0% coverage \u2014 confidently dry""}, {""factor"": ""Urban SAR shadow"", ""delta"": -15, ""reason"": ""Dense urban area \u2014 radar shadow can mimic water""}, {""factor"": ""Optical cross-check"", ""delta"": 6, ""reason"": ""Sentinel-2 confirms dry ground \u2014 sensors agree""}]",0,,"{""sar"": ""dry"", ""optical"": ""dry"", ""dem_hydrology"": ""flood""}"
HARV-00470,"5134 Richmond Avenue, Houston, TX, 77056",0.0,0.0,0.0,0.0,0.0,Remote-Deny,81,Deny remotely — no significant flooding detected by satellite,Satellite data at 5134 Richmond Avenue indicates 0.0ft depth; remote-deny per 81% confidence.,1,1,0.0,"[{""factor"": ""SAR recency"", ""delta"": 8, ""reason"": ""Imagery 3d post-event \u2014 fresh""}, {""factor"": ""Depth certainty"", ""delta"": 10, ""reason"": ""Near-zero depth \u2014 confidently not flooded""}, {""factor"": ""Coverage coherence"", ""delta"": 7, ""reason"": ""0% coverage \u2014 confidently dry""}, {""factor"": ""Urban SAR shadow"", ""delta"": -15, ""reason"": ""Dense urban area \u2014 radar shadow can mimic water""}, {""factor"": ""Optical cross-check"", ""delta"": 6, ""reason"": ""Sentinel-2 confirms dry ground \u2014 sensors agree""}]",0,,"{""sar"": ""dry"", ""optical"": ""dry"", ""dem_hydrology"": ""flood""}"
HARV-00471,"5130 Richmond Avenue, Houston, TX, 77056",0.0,0.0,0.0,0.0,0.0,Remote-Deny,81,Deny remotely — no significant flooding detected by satellite,Satellite data at 5130 Richmond Avenue indicates 0.0ft depth; remote-deny per 81% confidence.,1,1,0.0,"[{""factor"": ""SAR recency"", ""delta"": 8, ""reason"": ""Imagery 3d post-event \u2014 fresh""}, {""factor"": ""Depth certainty"", ""delta"": 10, ""reason"": ""Near-zero depth \u2014 confidently not flooded""}, {""factor"": ""Coverage coherence"", ""delta"": 7, ""reason"": ""0% coverage \u2014 confidently dry""}, {""factor"": ""Urban SAR shadow"", ""delta"": -15, ""reason"": ""Dense urban area \u2014 radar shadow can mimic water""}, {""factor"": ""Optical cross-check"", ""delta"": 6, ""reason"": ""Sentinel-2 confirms dry ground \u2014 sensors agree""}]",0,,"{""sar"": ""dry"", ""optical"": ""dry"", ""dem_hydrology"": ""flood""}"
HARV-00472,"5152 Richmond Avenue, Houston, TX, 77056",0.0,0.0,0.0,0.0,0.0,Remote-Deny,81,Deny remotely — no significant flooding detected by satellite,Satellite data at 5152 Richmond Avenue indicates 0.0ft depth; remote-deny per 81% confidence.,1,1,0.0,"[{""factor"": ""SAR recency"", ""delta"": 8, ""reason"": ""Imagery 3d post-event \u2014 fresh""}, {""factor"": ""Depth certainty"", ""delta"": 10, ""reason"": ""Near-zero depth \u2014 confidently not flooded""}, {""factor"": ""Coverage coherence"", ""delta"": 7, ""reason"": ""0% coverage \u2014 confidently dry""}, {""factor"": ""Urban SAR shadow"", ""delta"": -15, ""reason"": ""Dense urban area \u2014 radar shadow can mimic water""}, {""factor"": ""Optical cross-check"", ""delta"": 6, ""reason"": ""Sentinel-2 confirms dry ground \u2014 sensors agree""}]",0,,"{""sar"": ""dry"", ""optical"": ""dry"", ""dem_hydrology"": ""flood""}"
HARV-00473,"5910 West Loop South, Bellaire, TX, 77401",0.0,0.0,0.0,0.0,0.0,Remote-Deny,81,Deny remotely — no significant flooding detected by satellite,Satellite data at 5910 West Loop South indicates 0.0ft depth; remote-deny per 81% confidence.,1,1,0.0,"[{""factor"": ""SAR recency"", ""delta"": 8, ""reason"": ""Imagery 3d post-event \u2014 fresh""}, {""factor"": ""Depth certainty"", ""delta"": 10, ""reason"": ""Near-zero depth \u2014 confidently not flooded""}, {""factor"": ""Coverage coherence"", ""delta"": 7, ""reason"": ""0% coverage \u2014 confidently dry""}, {""factor"": ""Urban SAR shadow"", ""delta"": -15, ""reason"": ""Dense urban area \u2014 radar shadow can mimic water""}, {""factor"": ""Optical cross-check"", ""delta"": 6, ""reason"": ""Sentinel-2 confirms dry ground \u2014 sensors agree""}]",0,,"{""sar"": ""dry"", ""optical"": ""dry"", ""dem_hydrology"": ""flood""}"
HARV-00474,"5801 Memorial Drive, Houston, TX, 77007",0.0,0.0,0.0,0.0,0.0,Remote-Deny,81,Deny remotely — no significant flooding detected by satellite,Satellite data at 5801 Memorial Drive indicates 0.0ft depth; remote-deny per 81% confidence.,1,1,0.0,"[{""factor"": ""SAR recency"", ""delta"": 8, ""reason"": ""Imagery 3d post-event \u2014 fresh""}, {""factor"": ""Depth certainty"", ""delta"": 10, ""reason"": ""Near-zero depth \u2014 confidently not flooded""}, {""factor"": ""Coverage coherence"", ""delta"": 7, ""reason"": ""0% coverage \u2014 confidently dry""}, {""factor"": ""Urban SAR shadow"", ""delta"": -15, ""reason"": ""Dense urban area \u2014 radar shadow can mimic water""}, {""factor"": ""Optical cross-check"", ""delta"": 6, ""reason"": ""Sentinel-2 confirms dry ground \u2014 sensors agree""}]",0,,"{""sar"": ""dry"", ""optical"": ""dry"", ""dem_hydrology"": ""dry""}"
HARV-00475,5401 Memorial Drive,0.0,0.0,0.0,0.0,0.0,Remote-Deny,81,Deny remotely — no significant flooding detected by satellite,Satellite data at 5401 Memorial Drive indicates 0.0ft depth; remote-deny per 81% confidence.,1,1,0.0,"[{""factor"": ""SAR recency"", ""delta"": 8, ""reason"": ""Imagery 3d post-event \u2014 fresh""}, {""factor"": ""Depth certainty"", ""delta"": 10, ""reason"": ""Near-zero depth \u2014 confidently not flooded""}, {""factor"": ""Coverage coherence"", ""delta"": 7, ""reason"": ""0% coverage \u2014 confidently dry""}, {""factor"": ""Urban SAR shadow"", ""delta"": -15, ""reason"": ""Dense urban area \u2014 radar shadow can mimic water""}, {""factor"": ""Optical cross-check"", ""delta"": 6, ""reason"": ""Sentinel-2 confirms dry ground \u2014 sensors agree""}]",0,,"{""sar"": ""dry"", ""optical"": ""dry"", ""dem_hydrology"": ""dry""}"
HARV-00476,"10300 South Wilcrest Drive, Houston, TX, 77099",0.0,0.0,0.0,0.0,0.0,Remote-Deny,81,Deny remotely — no significant flooding detected by satellite,Satellite data at 10300 South Wilcrest Drive indicates 0.0ft depth; remote-deny per 81% confidence.,1,1,0.0,"[{""factor"": ""SAR recency"", ""delta"": 8, ""reason"": ""Imagery 3d post-event \u2014 fresh""}, {""factor"": ""Depth certainty"", ""delta"": 10, ""reason"": ""Near-zero depth \u2014 confidently not flooded""}, {""factor"": ""Coverage coherence"", ""delta"": 7, ""reason"": ""0% coverage \u2014 confidently dry""}, {""factor"": ""Urban SAR shadow"", ""delta"": -15, ""reason"": ""Dense urban area \u2014 radar shadow can mimic water""}, {""factor"": ""Optical cross-check"", ""delta"": 6, ""reason"": ""Sentinel-2 confirms dry ground \u2014 sensors agree""}]",0,,"{""sar"": ""dry"", ""optical"": ""dry"", ""dem_hydrology"": ""flood""}"
HARV-00477,"9545 Katy Freeway, Houston, TX",0.0,0.0,0.0,0.0,0.0,Remote-Deny,81,Deny remotely — no significant flooding detected by satellite,Satellite data at 9545 Katy Freeway indicates 0.0ft depth; remote-deny per 81% confidence.,1,1,0.0,"[{""factor"": ""SAR recency"", ""delta"": 8, ""reason"": ""Imagery 3d post-event \u2014 fresh""}, {""factor"": ""Depth certainty"", ""delta"": 10, ""reason"": ""Near-zero depth \u2014 confidently not flooded""}, {""factor"": ""Coverage coherence"", ""delta"": 7, ""reason"": ""0% coverage \u2014 confidently dry""}, {""factor"": ""Urban SAR shadow"", ""delta"": -15, ""reason"": ""Dense urban area \u2014 radar shadow can mimic water""}, {""factor"": ""Optical cross-check"", ""delta"": 6, ""reason"": ""Sentinel-2 confirms dry ground \u2014 sensors agree""}]",0,,"{""sar"": ""dry"", ""optical"": ""dry"", ""dem_hydrology"": ""flood""}"
HARV-00478,"13739 Southwest Freeway, Sugar Land, TX, 77478",0.0,0.0,0.0,0.0,0.0,Remote-Deny,81,Deny remotely — no significant flooding detected by satellite,Satellite data at 13739 Southwest Freeway indicates 0.0ft depth; remote-deny per 81% confidence.,1,1,0.0,"[{""factor"": ""SAR recency"", ""delta"": 8, ""reason"": ""Imagery 3d post-event \u2014 fresh""}, {""factor"": ""Depth certainty"", ""delta"": 10, ""reason"": ""Near-zero depth \u2014 confidently not flooded""}, {""factor"": ""Coverage coherence"", ""delta"": 7, ""reason"": ""0% coverage \u2014 confidently dry""}, {""factor"": ""Urban SAR shadow"", ""delta"": -15, ""reason"": ""Dense urban area \u2014 radar shadow can mimic water""}, {""factor"": ""Optical cross-check"", ""delta"": 6, ""reason"": ""Sentinel-2 confirms dry ground \u2014 sensors agree""}]",0,,"{""sar"": ""dry"", ""optical"": ""dry"", ""dem_hydrology"": ""flood""}"
HARV-00479,"910 Snover Street, Houston, TX, 77008",0.0,0.0,0.0,0.0,0.0,Remote-Deny,81,Deny remotely — no significant flooding detected by satellite,Satellite data at 910 Snover Street indicates 0.0ft depth; remote-deny per 81% confidence.,1,1,0.0315,"[{""factor"": ""SAR recency"", ""delta"": 8, ""reason"": ""Imagery 3d post-event \u2014 fresh""}, {""factor"": ""Depth certainty"", ""delta"": 10, ""reason"": ""Near-zero depth \u2014 confidently not flooded""}, {""factor"": ""Coverage coherence"", ""delta"": 7, ""reason"": ""0% coverage \u2014 confidently dry""}, {""factor"": ""Urban SAR shadow"", ""delta"": -15, ""reason"": ""Dense urban area \u2014 radar shadow can mimic water""}, {""factor"": ""Optical cross-check"", ""delta"": 6, ""reason"": ""Sentinel-2 confirms dry ground \u2014 sensors agree""}]",0,,"{""sar"": ""dry"", ""optical"": ""dry"", ""dem_hydrology"": ""flood""}"
HARV-00480,"4720 Washington Avenue, Houston, TX, 77007",0.0,0.0,0.0,0.0,0.0,Remote-Deny,81,Deny remotely — no significant flooding detected by satellite,Satellite data at 4720 Washington Avenue indicates 0.0ft depth; remote-deny per 81% confidence.,1,1,0.0,"[{""factor"": ""SAR recency"", ""delta"": 8, ""reason"": ""Imagery 3d post-event \u2014 fresh""}, {""factor"": ""Depth certainty"", ""delta"": 10, ""reason"": ""Near-zero depth \u2014 confidently not flooded""}, {""factor"": ""Coverage coherence"", ""delta"": 7, ""reason"": ""0% coverage \u2014 confidently dry""}, {""factor"": ""Urban SAR shadow"", ""delta"": -15, ""reason"": ""Dense urban area \u2014 radar shadow can mimic water""}, {""factor"": ""Optical cross-check"", ""delta"": 6, ""reason"": ""Sentinel-2 confirms dry ground \u2014 sensors agree""}]",0,,"{""sar"": ""dry"", ""optical"": ""dry"", ""dem_hydrology"": ""flood""}"
HARV-00481,"4601 Washington Avenue, Houston, TX, 77007",0.0,0.0,0.0,0.0,0.0,Remote-Deny,81,Deny remotely — no significant flooding detected by satellite,Satellite data at 4601 Washington Avenue indicates 0.0ft depth; remote-deny per 81% confidence.,1,1,0.0,"[{""factor"": ""SAR recency"", ""delta"": 8, ""reason"": ""Imagery 3d post-event \u2014 fresh""}, {""factor"": ""Depth certainty"", ""delta"": 10, ""reason"": ""Near-zero depth \u2014 confidently not flooded""}, {""factor"": ""Coverage coherence"", ""delta"": 7, ""reason"": ""0% coverage \u2014 confidently dry""}, {""factor"": ""Urban SAR shadow"", ""delta"": -15, ""reason"": ""Dense urban area \u2014 radar shadow can mimic water""}, {""factor"": ""Optical cross-check"", ""delta"": 6, ""reason"": ""Sentinel-2 confirms dry ground \u2014 sensors agree""}]",0,,"{""sar"": ""dry"", ""optical"": ""dry"", ""dem_hydrology"": ""abstain""}"
HARV-00482,"3939 Washington Avenue, Houston, TX, 77007",0.0,0.0,0.0,0.0,0.0,Remote-Deny,81,Deny remotely — no significant flooding detected by satellite,Satellite data at 3939 Washington Avenue indicates 0.0ft depth; remote-deny per 81% confidence.,1,1,0.0,"[{""factor"": ""SAR recency"", ""delta"": 8, ""reason"": ""Imagery 3d post-event \u2014 fresh""}, {""factor"": ""Depth certainty"", ""delta"": 10, ""reason"": ""Near-zero depth \u2014 confidently not flooded""}, {""factor"": ""Coverage coherence"", ""delta"": 7, ""reason"": ""0% coverage \u2014 confidently dry""}, {""factor"": ""Urban SAR shadow"", ""delta"": -15, ""reason"": ""Dense urban area \u2014 radar shadow can mimic water""}, {""factor"": ""Optical cross-check"", ""delta"": 6, ""reason"": ""Sentinel-2 confirms dry ground \u2014 sensors agree""}]",0,,"{""sar"": ""dry"", ""optical"": ""dry"", ""dem_hydrology"": ""abstain""}"
HARV-00483,"33 Waugh Drive, Houston, TX, 77007",0.0,0.0,0.0,0.0,0.0,Remote-Deny,81,Deny remotely — no significant flooding detected by satellite,Satellite data at 33 Waugh Drive indicates 0.0ft depth; remote-deny per 81% confidence.,1,1,0.0,"[{""factor"": ""SAR recency"", ""delta"": 8, ""reason"": ""Imagery 3d post-event \u2014 fresh""}, {""factor"": ""Depth certainty"", ""delta"": 10, ""reason"": ""Near-zero depth \u2014 confidently not flooded""}, {""factor"": ""Coverage coherence"", ""delta"": 7, ""reason"": ""0% coverage \u2014 confidently dry""}, {""factor"": ""Urban SAR shadow"", ""delta"": -15, ""reason"": ""Dense urban area \u2014 radar shadow can mimic water""}, {""factor"": ""Optical cross-check"", ""delta"": 6, ""reason"": ""Sentinel-2 confirms dry ground \u2014 sensors agree""}]",0,,"{""sar"": ""dry"", ""optical"": ""dry"", ""dem_hydrology"": ""dry""}"
HARV-00484,"140 South Heights Boulevard, Houston, TX, 77007",0.0,0.0,0.0,0.0,0.0,Remote-Deny,81,Deny remotely — no significant flooding detected by satellite,Satellite data at 140 South Heights Boulevard indicates 0.0ft depth; remote-deny per 81% confidence.,1,1,0.0,"[{""factor"": ""SAR recency"", ""delta"": 8, ""reason"": ""Imagery 3d post-event \u2014 fresh""}, {""factor"": ""Depth certainty"", ""delta"": 10, ""reason"": ""Near-zero depth \u2014 confidently not flooded""}, {""factor"": ""Coverage coherence"", ""delta"": 7, ""reason"": ""0% coverage \u2014 confidently dry""}, {""factor"": ""Urban SAR shadow"", ""delta"": -15, ""reason"": ""Dense urban area \u2014 radar shadow can mimic water""}, {""factor"": ""Optical cross-check"", ""delta"": 6, ""reason"": ""Sentinel-2 confirms dry ground \u2014 sensors agree""}]",0,,"{""sar"": ""dry"", ""optical"": ""dry"", ""dem_hydrology"": ""dry""}"
HARV-00485,"77 Harvard Street, Houston, TX, 77007",0.0,0.0,0.0,0.0,0.0,Remote-Deny,81,Deny remotely — no significant flooding detected by satellite,Satellite data at 77 Harvard Street indicates 0.0ft depth; remote-deny per 81% confidence.,1,1,0.0,"[{""factor"": ""SAR recency"", ""delta"": 8, ""reason"": ""Imagery 3d post-event \u2014 fresh""}, {""factor"": ""Depth certainty"", ""delta"": 10, ""reason"": ""Near-zero depth \u2014 confidently not flooded""}, {""factor"": ""Coverage coherence"", ""delta"": 7, ""reason"": ""0% coverage \u2014 confidently dry""}, {""factor"": ""Urban SAR shadow"", ""delta"": -15, ""reason"": ""Dense urban area \u2014 radar shadow can mimic water""}, {""factor"": ""Optical cross-check"", ""delta"": 6, ""reason"": ""Sentinel-2 confirms dry ground \u2014 sensors agree""}]",0,,"{""sar"": ""dry"", ""optical"": ""dry"", ""dem_hydrology"": ""abstain""}"
HARV-00486,"3414 Washington Avenue, Houston, TX, 77007",0.0,0.0,0.0,0.0,0.0,Remote-Deny,81,Deny remotely — no significant flooding detected by satellite,Satellite data at 3414 Washington Avenue indicates 0.0ft depth; remote-deny per 81% confidence.,1,1,0.0,"[{""factor"": ""SAR recency"", ""delta"": 8, ""reason"": ""Imagery 3d post-event \u2014 fresh""}, {""factor"": ""Depth certainty"", ""delta"": 10, ""reason"": ""Near-zero depth \u2014 confidently not flooded""}, {""factor"": ""Coverage coherence"", ""delta"": 7, ""reason"": ""0% coverage \u2014 confidently dry""}, {""factor"": ""Urban SAR shadow"", ""delta"": -15, ""reason"": ""Dense urban area \u2014 radar shadow can mimic water""}, {""factor"": ""Optical cross-check"", ""delta"": 6, ""reason"": ""Sentinel-2 confirms dry ground \u2014 sensors agree""}]",0,,"{""sar"": ""dry"", ""optical"": ""dry"", ""dem_hydrology"": ""flood""}"
HARV-00487,"800 Sorella Court, Houston, TX, 77024",0.0,0.0,0.0,0.0,0.0,Review,75,Flag for manual review — borderline measurements or low confidence,Satellite data at 800 Sorella Court indicates 0.0ft depth; review per 75% confidence.,1,1,0.0601,"[{""factor"": ""SAR recency"", ""delta"": 8, ""reason"": ""Imagery 3d post-event \u2014 fresh""}, {""factor"": ""Depth certainty"", ""delta"": 10, ""reason"": ""Near-zero depth \u2014 confidently not flooded""}, {""factor"": ""Coverage coherence"", ""delta"": 7, ""reason"": ""0% coverage \u2014 confidently dry""}, {""factor"": ""Urban SAR shadow"", ""delta"": -15, ""reason"": ""Dense urban area \u2014 radar shadow can mimic water""}]",0,,"{""sar"": ""dry"", ""optical"": ""abstain"", ""dem_hydrology"": ""abstain""}"
HARV-00488,"904 Westheimer Road, Houston, TX, 77006",0.0,0.0,0.0,0.0,0.0,Remote-Deny,81,Deny remotely — no significant flooding detected by satellite,Satellite data at 904 Westheimer Road indicates 0.0ft depth; remote-deny per 81% confidence.,1,1,0.0073,"[{""factor"": ""SAR recency"", ""delta"": 8, ""reason"": ""Imagery 3d post-event \u2014 fresh""}, {""factor"": ""Depth certainty"", ""delta"": 10, ""reason"": ""Near-zero depth \u2014 confidently not flooded""}, {""factor"": ""Coverage coherence"", ""delta"": 7, ""reason"": ""0% coverage \u2014 confidently dry""}, {""factor"": ""Urban SAR shadow"", ""delta"": -15, ""reason"": ""Dense urban area \u2014 radar shadow can mimic water""}, {""factor"": ""Optical cross-check"", ""delta"": 6, ""reason"": ""Sentinel-2 confirms dry ground \u2014 sensors agree""}]",0,,"{""sar"": ""dry"", ""optical"": ""dry"", ""dem_hydrology"": ""flood""}"
HARV-00489,"5860 San Felipe Street, Houston, TX, 77057",0.0,0.0,0.0,0.0,0.0,Remote-Deny,81,Deny remotely — no significant flooding detected by satellite,Satellite data at 5860 San Felipe Street indicates 0.0ft depth; remote-deny per 81% confidence.,1,1,0.0,"[{""factor"": ""SAR recency"", ""delta"": 8, ""reason"": ""Imagery 3d post-event \u2014 fresh""}, {""factor"": ""Depth certainty"", ""delta"": 10, ""reason"": ""Near-zero depth \u2014 confidently not flooded""}, {""factor"": ""Coverage coherence"", ""delta"": 7, ""reason"": ""0% coverage \u2014 confidently dry""}, {""factor"": ""Urban SAR shadow"", ""delta"": -15, ""reason"": ""Dense urban area \u2014 radar shadow can mimic water""}, {""factor"": ""Optical cross-check"", ""delta"": 6, ""reason"": ""Sentinel-2 confirms dry ground \u2014 sensors agree""}]",0,,"{""sar"": ""dry"", ""optical"": ""dry"", ""dem_hydrology"": ""flood""}"
HARV-00490,"6214 Beverly Hill Street, Houston, TX, 77057",0.0,0.0,0.0,0.0,0.0,Remote-Deny,81,Deny remotely — no significant flooding detected by satellite,Satellite data at 6214 Beverly Hill Street indicates 0.0ft depth; remote-deny per 81% confidence.,1,1,0.0,"[{""factor"": ""SAR recency"", ""delta"": 8, ""reason"": ""Imagery 3d post-event \u2014 fresh""}, {""factor"": ""Depth certainty"", ""delta"": 10, ""reason"": ""Near-zero depth \u2014 confidently not flooded""}, {""factor"": ""Coverage coherence"", ""delta"": 7, ""reason"": ""0% coverage \u2014 confidently dry""}, {""factor"": ""Urban SAR shadow"", ""delta"": -15, ""reason"": ""Dense urban area \u2014 radar shadow can mimic water""}, {""factor"": ""Optical cross-check"", ""delta"": 6, ""reason"": ""Sentinel-2 confirms dry ground \u2014 sensors agree""}]",0,,"{""sar"": ""dry"", ""optical"": ""dry"", ""dem_hydrology"": ""flood""}"
HARV-00491,"11300 Katy Freeway Frontage Road, Houston, TX, 77043",0.0,0.0,0.0,0.0,0.0,Remote-Deny,81,Deny remotely — no significant flooding detected by satellite,Satellite data at 11300 Katy Freeway Frontage Road indicates 0.0ft depth; remote-deny per 81% confidence.,1,1,0.0,"[{""factor"": ""SAR recency"", ""delta"": 8, ""reason"": ""Imagery 3d post-event \u2014 fresh""}, {""factor"": ""Depth certainty"", ""delta"": 10, ""reason"": ""Near-zero depth \u2014 confidently not flooded""}, {""factor"": ""Coverage coherence"", ""delta"": 7, ""reason"": ""0% coverage \u2014 confidently dry""}, {""factor"": ""Urban SAR shadow"", ""delta"": -15, ""reason"": ""Dense urban area \u2014 radar shadow can mimic water""}, {""factor"": ""Optical cross-check"", ""delta"": 6, ""reason"": ""Sentinel-2 confirms dry ground \u2014 sensors agree""}]",0,,"{""sar"": ""dry"", ""optical"": ""dry"", ""dem_hydrology"": ""flood""}"
HARV-00492,"6965 Harwin Drive, Houston, TX, 77036",0.0,0.0,0.0,0.0,0.0,Remote-Deny,81,Deny remotely — no significant flooding detected by satellite,Satellite data at 6965 Harwin Drive indicates 0.0ft depth; remote-deny per 81% confidence.,1,1,0.0,"[{""factor"": ""SAR recency"", ""delta"": 8, ""reason"": ""Imagery 3d post-event \u2014 fresh""}, {""factor"": ""Depth certainty"", ""delta"": 10, ""reason"": ""Near-zero depth \u2014 confidently not flooded""}, {""factor"": ""Coverage coherence"", ""delta"": 7, ""reason"": ""0% coverage \u2014 confidently dry""}, {""factor"": ""Urban SAR shadow"", ""delta"": -15, ""reason"": ""Dense urban area \u2014 radar shadow can mimic water""}, {""factor"": ""Optical cross-check"", ""delta"": 6, ""reason"": ""Sentinel-2 confirms dry ground \u2014 sensors agree""}]",0,,"{""sar"": ""dry"", ""optical"": ""dry"", ""dem_hydrology"": ""flood""}"
HARV-00493,"2726 Bissonnet Street, Houston, TX, 77005",0.0,0.0,0.0,0.0,0.0,Remote-Deny,81,Deny remotely — no significant flooding detected by satellite,Satellite data at 2726 Bissonnet Street indicates 0.0ft depth; remote-deny per 81% confidence.,1,1,0.0,"[{""factor"": ""SAR recency"", ""delta"": 8, ""reason"": ""Imagery 3d post-event \u2014 fresh""}, {""factor"": ""Depth certainty"", ""delta"": 10, ""reason"": ""Near-zero depth \u2014 confidently not flooded""}, {""factor"": ""Coverage coherence"", ""delta"": 7, ""reason"": ""0% coverage \u2014 confidently dry""}, {""factor"": ""Urban SAR shadow"", ""delta"": -15, ""reason"": ""Dense urban area \u2014 radar shadow can mimic water""}, {""factor"": ""Optical cross-check"", ""delta"": 6, ""reason"": ""Sentinel-2 confirms dry ground \u2014 sensors agree""}]",0,,"{""sar"": ""dry"", ""optical"": ""dry"", ""dem_hydrology"": ""flood""}"
HARV-00494,"11606 Wilcrest Drive, Houston, TX, 77099",0.0,0.0,0.0,0.0,0.0,Remote-Deny,81,Deny remotely — no significant flooding detected by satellite,Satellite data at 11606 Wilcrest Drive indicates 0.0ft depth; remote-deny per 81% confidence.,1,1,0.0,"[{""factor"": ""SAR recency"", ""delta"": 8, ""reason"": ""Imagery 3d post-event \u2014 fresh""}, {""factor"": ""Depth certainty"", ""delta"": 10, ""reason"": ""Near-zero depth \u2014 confidently not flooded""}, {""factor"": ""Coverage coherence"", ""delta"": 7, ""reason"": ""0% coverage \u2014 confidently dry""}, {""factor"": ""Urban SAR shadow"", ""delta"": -15, ""reason"": ""Dense urban area \u2014 radar shadow can mimic water""}, {""factor"": ""Optical cross-check"", ""delta"": 6, ""reason"": ""Sentinel-2 confirms dry ground \u2014 sensors agree""}]",0,,"{""sar"": ""dry"", ""optical"": ""dry"", ""dem_hydrology"": ""abstain""}"
HARV-00495,"8210 Kirby Drive, Houston, TX, 77054",0.0,0.0,0.0,0.0,0.0,Remote-Deny,81,Deny remotely — no significant flooding detected by satellite,Satellite data at 8210 Kirby Drive indicates 0.0ft depth; remote-deny per 81% confidence.,1,1,0.0,"[{""factor"": ""SAR recency"", ""delta"": 8, ""reason"": ""Imagery 3d post-event \u2014 fresh""}, {""factor"": ""Depth certainty"", ""delta"": 10, ""reason"": ""Near-zero depth \u2014 confidently not flooded""}, {""factor"": ""Coverage coherence"", ""delta"": 7, ""reason"": ""0% coverage \u2014 confidently dry""}, {""factor"": ""Urban SAR shadow"", ""delta"": -15, ""reason"": ""Dense urban area \u2014 radar shadow can mimic water""}, {""factor"": ""Optical cross-check"", ""delta"": 6, ""reason"": ""Sentinel-2 confirms dry ground \u2014 sensors agree""}]",0,,"{""sar"": ""dry"", ""optical"": ""dry"", ""dem_hydrology"": ""abstain""}"
HARV-00496,"11320 Chimney Rock Road, Houston, TX, 77035",0.0,0.0,0.0,0.0,0.0,Remote-Deny,81,Deny remotely — no significant flooding detected by satellite,Satellite data at 11320 Chimney Rock Road indicates 0.0ft depth; remote-deny per 81% confidence.,1,1,0.0,"[{""factor"": ""SAR recency"", ""delta"": 8, ""reason"": ""Imagery 3d post-event \u2014 fresh""}, {""factor"": ""Depth certainty"", ""delta"": 10, ""reason"": ""Near-zero depth \u2014 confidently not flooded""}, {""factor"": ""Coverage coherence"", ""delta"": 7, ""reason"": ""0% coverage \u2014 confidently dry""}, {""factor"": ""Urban SAR shadow"", ""delta"": -15, ""reason"": ""Dense urban area \u2014 radar shadow can mimic water""}, {""factor"": ""Optical cross-check"", ""delta"": 6, ""reason"": ""Sentinel-2 confirms dry ground \u2014 sensors agree""}]",0,,"{""sar"": ""dry"", ""optical"": ""dry"", ""dem_hydrology"": ""abstain""}"
HARV-00497,"8236 Kirby Drive, Houston, TX, 77054",0.0,0.0,0.0,0.0,0.0,Review,90,Flag for manual review — independent sensors (SAR/optical/DEM) disagree,Satellite data at 8236 Kirby Drive indicates 0.0ft depth; review per 90% confidence.,0,1,0.1558,"[{""factor"": ""SAR recency"", ""delta"": 8, ""reason"": ""Imagery 3d post-event \u2014 fresh""}, {""factor"": ""Depth certainty"", ""delta"": 10, ""reason"": ""Near-zero depth \u2014 confidently not flooded""}, {""factor"": ""Coverage coherence"", ""delta"": 7, ""reason"": ""0% coverage \u2014 confidently dry""}]",1,Sensors disagree: optical indicate flooding while SAR indicate dry/implausible — routed to manual review.,"{""sar"": ""dry"", ""optical"": ""flood"", ""dem_hydrology"": ""abstain""}"
HARV-00498,"9619 Hillcroft Avenue, 77096",0.0,0.0,0.0,0.0,0.0,Remote-Deny,81,Deny remotely — no significant flooding detected by satellite,Satellite data at 9619 Hillcroft Avenue indicates 0.0ft depth; remote-deny per 81% confidence.,1,1,0.0,"[{""factor"": ""SAR recency"", ""delta"": 8, ""reason"": ""Imagery 3d post-event \u2014 fresh""}, {""factor"": ""Depth certainty"", ""delta"": 10, ""reason"": ""Near-zero depth \u2014 confidently not flooded""}, {""factor"": ""Coverage coherence"", ""delta"": 7, ""reason"": ""0% coverage \u2014 confidently dry""}, {""factor"": ""Urban SAR shadow"", ""delta"": -15, ""reason"": ""Dense urban area \u2014 radar shadow can mimic water""}, {""factor"": ""Optical cross-check"", ""delta"": 6, ""reason"": ""Sentinel-2 confirms dry ground \u2014 sensors agree""}]",0,,"{""sar"": ""dry"", ""optical"": ""dry"", ""dem_hydrology"": ""dry""}"
HARV-00499,"13920 Fondren Road, Missouri City, TX, 77489",0.0,0.0,0.0,0.0,0.0,Remote-Deny,81,Deny remotely — no significant flooding detected by satellite,Satellite data at 13920 Fondren Road indicates 0.0ft depth; remote-deny per 81% confidence.,1,1,0.0,"[{""factor"": ""SAR recency"", ""delta"": 8, ""reason"": ""Imagery 3d post-event \u2014 fresh""}, {""factor"": ""Depth certainty"", ""delta"": 10, ""reason"": ""Near-zero depth \u2014 confidently not flooded""}, {""factor"": ""Coverage coherence"", ""delta"": 7, ""reason"": ""0% coverage \u2014 confidently dry""}, {""factor"": ""Urban SAR shadow"", ""delta"": -15, ""reason"": ""Dense urban area \u2014 radar shadow can mimic water""}, {""factor"": ""Optical cross-check"", ""delta"": 6, ""reason"": ""Sentinel-2 confirms dry ground \u2014 sensors agree""}]",0,,"{""sar"": ""dry"", ""optical"": ""dry"", ""dem_hydrology"": ""flood""}"
HARV-00500,"8420 South Sam Houston Parkway West, Houston, TX, 77085",0.0,0.0,0.0,0.0,0.0,Remote-Deny,81,Deny remotely — no significant flooding detected by satellite,Satellite data at 8420 South Sam Houston Parkway West indicates 0.0ft depth; remote-deny per 81% confidence.,1,1,0.0,"[{""factor"": ""SAR recency"", ""delta"": 8, ""reason"": ""Imagery 3d post-event \u2014 fresh""}, {""factor"": ""Depth certainty"", ""delta"": 10, ""reason"": ""Near-zero depth \u2014 confidently not flooded""}, {""factor"": ""Coverage coherence"", ""delta"": 7, ""reason"": ""0% coverage \u2014 confidently dry""}, {""factor"": ""Urban SAR shadow"", ""delta"": -15, ""reason"": ""Dense urban area \u2014 radar shadow can mimic water""}, {""factor"": ""Optical cross-check"", ""delta"": 6, ""reason"": ""Sentinel-2 confirms dry ground \u2014 sensors agree""}]",0,,"{""sar"": ""dry"", ""optical"": ""dry"", ""dem_hydrology"": ""flood""}"
HARV-00501,"13630 Fondren Road, Houston, TX, 77085",0.0,0.0,0.0,0.0,0.0,Remote-Deny,81,Deny remotely — no significant flooding detected by satellite,Satellite data at 13630 Fondren Road indicates 0.0ft depth; remote-deny per 81% confidence.,1,1,0.0,"[{""factor"": ""SAR recency"", ""delta"": 8, ""reason"": ""Imagery 3d post-event \u2014 fresh""}, {""factor"": ""Depth certainty"", ""delta"": 10, ""reason"": ""Near-zero depth \u2014 confidently not flooded""}, {""factor"": ""Coverage coherence"", ""delta"": 7, ""reason"": ""0% coverage \u2014 confidently dry""}, {""factor"": ""Urban SAR shadow"", ""delta"": -15, ""reason"": ""Dense urban area \u2014 radar shadow can mimic water""}, {""factor"": ""Optical cross-check"", ""delta"": 6, ""reason"": ""Sentinel-2 confirms dry ground \u2014 sensors agree""}]",0,,"{""sar"": ""dry"", ""optical"": ""dry"", ""dem_hydrology"": ""abstain""}"
HARV-00502,"5236 Cedar Street, Bellaire, TX, 77401",0.0,0.0,0.0,0.0,0.0,Review,75,Flag for manual review — borderline measurements or low confidence,Satellite data at 5236 Cedar Street indicates 0.0ft depth; review per 75% confidence.,1,1,0.1164,"[{""factor"": ""SAR recency"", ""delta"": 8, ""reason"": ""Imagery 3d post-event \u2014 fresh""}, {""factor"": ""Depth certainty"", ""delta"": 10, ""reason"": ""Near-zero depth \u2014 confidently not flooded""}, {""factor"": ""Coverage coherence"", ""delta"": 7, ""reason"": ""0% coverage \u2014 confidently dry""}, {""factor"": ""Urban SAR shadow"", ""delta"": -15, ""reason"": ""Dense urban area \u2014 radar shadow can mimic water""}]",1,"Sensors disagree: optical, DEM-hydrology indicate flooding while SAR indicate dry/implausible — routed to manual review.","{""sar"": ""dry"", ""optical"": ""flood"", ""dem_hydrology"": ""flood""}"
HARV-00503,"5413 Bellaire Boulevard, Bellaire, TX, 77401",0.0,0.0,0.0,0.0,0.0,Review,75,Flag for manual review — borderline measurements or low confidence,Satellite data at 5413 Bellaire Boulevard indicates 0.0ft depth; review per 75% confidence.,1,1,0.0735,"[{""factor"": ""SAR recency"", ""delta"": 8, ""reason"": ""Imagery 3d post-event \u2014 fresh""}, {""factor"": ""Depth certainty"", ""delta"": 10, ""reason"": ""Near-zero depth \u2014 confidently not flooded""}, {""factor"": ""Coverage coherence"", ""delta"": 7, ""reason"": ""0% coverage \u2014 confidently dry""}, {""factor"": ""Urban SAR shadow"", ""delta"": -15, ""reason"": ""Dense urban area \u2014 radar shadow can mimic water""}]",0,,"{""sar"": ""dry"", ""optical"": ""abstain"", ""dem_hydrology"": ""flood""}"
HARV-00504,"5601 Main Street, Houston, TX, 77005",0.0,0.0,0.0,0.0,0.0,Remote-Deny,81,Deny remotely — no significant flooding detected by satellite,Satellite data at 5601 Main Street indicates 0.0ft depth; remote-deny per 81% confidence.,1,1,0.0,"[{""factor"": ""SAR recency"", ""delta"": 8, ""reason"": ""Imagery 3d post-event \u2014 fresh""}, {""factor"": ""Depth certainty"", ""delta"": 10, ""reason"": ""Near-zero depth \u2014 confidently not flooded""}, {""factor"": ""Coverage coherence"", ""delta"": 7, ""reason"": ""0% coverage \u2014 confidently dry""}, {""factor"": ""Urban SAR shadow"", ""delta"": -15, ""reason"": ""Dense urban area \u2014 radar shadow can mimic water""}, {""factor"": ""Optical cross-check"", ""delta"": 6, ""reason"": ""Sentinel-2 confirms dry ground \u2014 sensors agree""}]",0,,"{""sar"": ""dry"", ""optical"": ""dry"", ""dem_hydrology"": ""dry""}"
HARV-00505,"1001 Bissonnet Street, Houston, TX, 77005",0.0,0.0,0.0,0.0,0.0,Remote-Deny,81,Deny remotely — no significant flooding detected by satellite,Satellite data at 1001 Bissonnet Street indicates 0.0ft depth; remote-deny per 81% confidence.,1,1,0.0,"[{""factor"": ""SAR recency"", ""delta"": 8, ""reason"": ""Imagery 3d post-event \u2014 fresh""}, {""factor"": ""Depth certainty"", ""delta"": 10, ""reason"": ""Near-zero depth \u2014 confidently not flooded""}, {""factor"": ""Coverage coherence"", ""delta"": 7, ""reason"": ""0% coverage \u2014 confidently dry""}, {""factor"": ""Urban SAR shadow"", ""delta"": -15, ""reason"": ""Dense urban area \u2014 radar shadow can mimic water""}, {""factor"": ""Optical cross-check"", ""delta"": 6, ""reason"": ""Sentinel-2 confirms dry ground \u2014 sensors agree""}]",0,,"{""sar"": ""dry"", ""optical"": ""dry"", ""dem_hydrology"": ""dry""}"
HARV-00506,"12220 South Gessner Drive, Houston, TX, 77071",0.0,0.0,0.0,0.0,0.0,Remote-Deny,81,Deny remotely — no significant flooding detected by satellite,Satellite data at 12220 South Gessner Drive indicates 0.0ft depth; remote-deny per 81% confidence.,1,1,0.0,"[{""factor"": ""SAR recency"", ""delta"": 8, ""reason"": ""Imagery 3d post-event \u2014 fresh""}, {""factor"": ""Depth certainty"", ""delta"": 10, ""reason"": ""Near-zero depth \u2014 confidently not flooded""}, {""factor"": ""Coverage coherence"", ""delta"": 7, ""reason"": ""0% coverage \u2014 confidently dry""}, {""factor"": ""Urban SAR shadow"", ""delta"": -15, ""reason"": ""Dense urban area \u2014 radar shadow can mimic water""}, {""factor"": ""Optical cross-check"", ""delta"": 6, ""reason"": ""Sentinel-2 confirms dry ground \u2014 sensors agree""}]",0,,"{""sar"": ""dry"", ""optical"": ""dry"", ""dem_hydrology"": ""abstain""}"
HARV-00507,"303 Memorial City, Houston, TX, 77024",0.0,0.0,0.0,0.0,0.0,Review,75,Flag for manual review — borderline measurements or low confidence,Satellite data at 303 Memorial City indicates 0.0ft depth; review per 75% confidence.,1,1,0.2134,"[{""factor"": ""SAR recency"", ""delta"": 8, ""reason"": ""Imagery 3d post-event \u2014 fresh""}, {""factor"": ""Depth certainty"", ""delta"": 10, ""reason"": ""Near-zero depth \u2014 confidently not flooded""}, {""factor"": ""Coverage coherence"", ""delta"": 7, ""reason"": ""0% coverage \u2014 confidently dry""}, {""factor"": ""Urban SAR shadow"", ""delta"": -15, ""reason"": ""Dense urban area \u2014 radar shadow can mimic water""}]",1,Sensors disagree: optical indicate flooding while SAR indicate dry/implausible — routed to manual review.,"{""sar"": ""dry"", ""optical"": ""flood"", ""dem_hydrology"": ""abstain""}"
HARV-00508,"1 Baylor Plaza, Houston, TX, 77030",0.0,0.0,0.0,0.0,0.0,Remote-Deny,81,Deny remotely — no significant flooding detected by satellite,Satellite data at 1 Baylor Plaza indicates 0.0ft depth; remote-deny per 81% confidence.,1,1,0.0,"[{""factor"": ""SAR recency"", ""delta"": 8, ""reason"": ""Imagery 3d post-event \u2014 fresh""}, {""factor"": ""Depth certainty"", ""delta"": 10, ""reason"": ""Near-zero depth \u2014 confidently not flooded""}, {""factor"": ""Coverage coherence"", ""delta"": 7, ""reason"": ""0% coverage \u2014 confidently dry""}, {""factor"": ""Urban SAR shadow"", ""delta"": -15, ""reason"": ""Dense urban area \u2014 radar shadow can mimic water""}, {""factor"": ""Optical cross-check"", ""delta"": 6, ""reason"": ""Sentinel-2 confirms dry ground \u2014 sensors agree""}]",0,,"{""sar"": ""dry"", ""optical"": ""dry"", ""dem_hydrology"": ""abstain""}"
HARV-00509,"13703 Southwest Freeway, Sugar Land, TX, 77478",0.0,0.0,0.0,0.0,0.0,Remote-Deny,81,Deny remotely — no significant flooding detected by satellite,Satellite data at 13703 Southwest Freeway indicates 0.0ft depth; remote-deny per 81% confidence.,1,1,0.0,"[{""factor"": ""SAR recency"", ""delta"": 8, ""reason"": ""Imagery 3d post-event \u2014 fresh""}, {""factor"": ""Depth certainty"", ""delta"": 10, ""reason"": ""Near-zero depth \u2014 confidently not flooded""}, {""factor"": ""Coverage coherence"", ""delta"": 7, ""reason"": ""0% coverage \u2014 confidently dry""}, {""factor"": ""Urban SAR shadow"", ""delta"": -15, ""reason"": ""Dense urban area \u2014 radar shadow can mimic water""}, {""factor"": ""Optical cross-check"", ""delta"": 6, ""reason"": ""Sentinel-2 confirms dry ground \u2014 sensors agree""}]",0,,"{""sar"": ""dry"", ""optical"": ""dry"", ""dem_hydrology"": ""flood""}"
HARV-00510,"5174 Richmond Avenue, Houston, TX, 77056",0.0,0.0,0.0,0.0,0.0,Remote-Deny,96,Deny remotely — no significant flooding detected by satellite,Satellite data at 5174 Richmond Avenue indicates 0.0ft depth; remote-deny per 96% confidence.,0,1,0.0,"[{""factor"": ""SAR recency"", ""delta"": 8, ""reason"": ""Imagery 3d post-event \u2014 fresh""}, {""factor"": ""Depth certainty"", ""delta"": 10, ""reason"": ""Near-zero depth \u2014 confidently not flooded""}, {""factor"": ""Coverage coherence"", ""delta"": 7, ""reason"": ""0% coverage \u2014 confidently dry""}, {""factor"": ""Optical cross-check"", ""delta"": 6, ""reason"": ""Sentinel-2 confirms dry ground \u2014 sensors agree""}]",0,,"{""sar"": ""dry"", ""optical"": ""dry"", ""dem_hydrology"": ""flood""}"
HARV-00511,"5555 Hermann Park Drive, Houston, TX, 77030",0.0,0.0,0.0,0.0,0.0,Review,75,Flag for manual review — borderline measurements or low confidence,Satellite data at 5555 Hermann Park Drive indicates 0.0ft depth; review per 75% confidence.,1,1,0.6355,"[{""factor"": ""SAR recency"", ""delta"": 8, ""reason"": ""Imagery 3d post-event \u2014 fresh""}, {""factor"": ""Depth certainty"", ""delta"": 10, ""reason"": ""Near-zero depth \u2014 confidently not flooded""}, {""factor"": ""Coverage coherence"", ""delta"": 7, ""reason"": ""0% coverage \u2014 confidently dry""}, {""factor"": ""Urban SAR shadow"", ""delta"": -15, ""reason"": ""Dense urban area \u2014 radar shadow can mimic water""}]",1,"Sensors disagree: optical, DEM-hydrology indicate flooding while SAR indicate dry/implausible — routed to manual review.","{""sar"": ""dry"", ""optical"": ""flood"", ""dem_hydrology"": ""flood""}"
HARV-00512,"7320 Southwest Freeway, Houston, TX",0.0,0.0,0.0,0.0,0.0,Remote-Deny,81,Deny remotely — no significant flooding detected by satellite,Satellite data at 7320 Southwest Freeway indicates 0.0ft depth; remote-deny per 81% confidence.,1,1,0.0,"[{""factor"": ""SAR recency"", ""delta"": 8, ""reason"": ""Imagery 3d post-event \u2014 fresh""}, {""factor"": ""Depth certainty"", ""delta"": 10, ""reason"": ""Near-zero depth \u2014 confidently not flooded""}, {""factor"": ""Coverage coherence"", ""delta"": 7, ""reason"": ""0% coverage \u2014 confidently dry""}, {""factor"": ""Urban SAR shadow"", ""delta"": -15, ""reason"": ""Dense urban area \u2014 radar shadow can mimic water""}, {""factor"": ""Optical cross-check"", ""delta"": 6, ""reason"": ""Sentinel-2 confirms dry ground \u2014 sensors agree""}]",0,,"{""sar"": ""dry"", ""optical"": ""dry"", ""dem_hydrology"": ""flood""}"
HARV-00513,11215 Bellaire Boulevard,0.0,0.0,0.0,0.0,0.0,Review,75,Flag for manual review — borderline measurements or low confidence,Satellite data at 11215 Bellaire Boulevard indicates 0.0ft depth; review per 75% confidence.,1,1,0.3839,"[{""factor"": ""SAR recency"", ""delta"": 8, ""reason"": ""Imagery 3d post-event \u2014 fresh""}, {""factor"": ""Depth certainty"", ""delta"": 10, ""reason"": ""Near-zero depth \u2014 confidently not flooded""}, {""factor"": ""Coverage coherence"", ""delta"": 7, ""reason"": ""0% coverage \u2014 confidently dry""}, {""factor"": ""Urban SAR shadow"", ""delta"": -15, ""reason"": ""Dense urban area \u2014 radar shadow can mimic water""}]",1,Sensors disagree: optical indicate flooding while SAR indicate dry/implausible — routed to manual review.,"{""sar"": ""dry"", ""optical"": ""flood"", ""dem_hydrology"": ""abstain""}"
HARV-00514,"2531 Amherst Street, Houston, TX, 77005",0.0,0.0,0.0,0.0,0.0,Remote-Deny,81,Deny remotely — no significant flooding detected by satellite,Satellite data at 2531 Amherst Street indicates 0.0ft depth; remote-deny per 81% confidence.,1,1,0.0,"[{""factor"": ""SAR recency"", ""delta"": 8, ""reason"": ""Imagery 3d post-event \u2014 fresh""}, {""factor"": ""Depth certainty"", ""delta"": 10, ""reason"": ""Near-zero depth \u2014 confidently not flooded""}, {""factor"": ""Coverage coherence"", ""delta"": 7, ""reason"": ""0% coverage \u2014 confidently dry""}, {""factor"": ""Urban SAR shadow"", ""delta"": -15, ""reason"": ""Dense urban area \u2014 radar shadow can mimic water""}, {""factor"": ""Optical cross-check"", ""delta"": 6, ""reason"": ""Sentinel-2 confirms dry ground \u2014 sensors agree""}]",0,,"{""sar"": ""dry"", ""optical"": ""dry"", ""dem_hydrology"": ""flood""}"
HARV-00515,"170 Heights Boulevard, Houston, TX, 77007",0.0,0.0,0.0,0.0,0.0,Remote-Deny,81,Deny remotely — no significant flooding detected by satellite,Satellite data at 170 Heights Boulevard indicates 0.0ft depth; remote-deny per 81% confidence.,1,1,0.0,"[{""factor"": ""SAR recency"", ""delta"": 8, ""reason"": ""Imagery 3d post-event \u2014 fresh""}, {""factor"": ""Depth certainty"", ""delta"": 10, ""reason"": ""Near-zero depth \u2014 confidently not flooded""}, {""factor"": ""Coverage coherence"", ""delta"": 7, ""reason"": ""0% coverage \u2014 confidently dry""}, {""factor"": ""Urban SAR shadow"", ""delta"": -15, ""reason"": ""Dense urban area \u2014 radar shadow can mimic water""}, {""factor"": ""Optical cross-check"", ""delta"": 6, ""reason"": ""Sentinel-2 confirms dry ground \u2014 sensors agree""}]",0,,"{""sar"": ""dry"", ""optical"": ""dry"", ""dem_hydrology"": ""dry""}"
HARV-00516,"5555 Washington Avenue, Houston, TX",0.0,0.0,0.0,0.0,0.0,Remote-Deny,81,Deny remotely — no significant flooding detected by satellite,Satellite data at 5555 Washington Avenue indicates 0.0ft depth; remote-deny per 81% confidence.,1,1,0.0,"[{""factor"": ""SAR recency"", ""delta"": 8, ""reason"": ""Imagery 3d post-event \u2014 fresh""}, {""factor"": ""Depth certainty"", ""delta"": 10, ""reason"": ""Near-zero depth \u2014 confidently not flooded""}, {""factor"": ""Coverage coherence"", ""delta"": 7, ""reason"": ""0% coverage \u2014 confidently dry""}, {""factor"": ""Urban SAR shadow"", ""delta"": -15, ""reason"": ""Dense urban area \u2014 radar shadow can mimic water""}, {""factor"": ""Optical cross-check"", ""delta"": 6, ""reason"": ""Sentinel-2 confirms dry ground \u2014 sensors agree""}]",0,,"{""sar"": ""dry"", ""optical"": ""dry"", ""dem_hydrology"": ""flood""}"
HARV-00517,"1990 Post Oak Boulevard, Houston, TX, 77056",0.0,0.0,0.0,0.0,0.0,Remote-Deny,81,Deny remotely — no significant flooding detected by satellite,Satellite data at 1990 Post Oak Boulevard indicates 0.0ft depth; remote-deny per 81% confidence.,1,1,0.0,"[{""factor"": ""SAR recency"", ""delta"": 8, ""reason"": ""Imagery 3d post-event \u2014 fresh""}, {""factor"": ""Depth certainty"", ""delta"": 10, ""reason"": ""Near-zero depth \u2014 confidently not flooded""}, {""factor"": ""Coverage coherence"", ""delta"": 7, ""reason"": ""0% coverage \u2014 confidently dry""}, {""factor"": ""Urban SAR shadow"", ""delta"": -15, ""reason"": ""Dense urban area \u2014 radar shadow can mimic water""}, {""factor"": ""Optical cross-check"", ""delta"": 6, ""reason"": ""Sentinel-2 confirms dry ground \u2014 sensors agree""}]",0,,"{""sar"": ""dry"", ""optical"": ""dry"", ""dem_hydrology"": ""abstain""}"
HARV-00518,1515 Studemont Street,0.0,0.0,0.0,0.0,0.0,Remote-Deny,81,Deny remotely — no significant flooding detected by satellite,Satellite data at 1515 Studemont Street indicates 0.0ft depth; remote-deny per 81% confidence.,1,1,0.0,"[{""factor"": ""SAR recency"", ""delta"": 8, ""reason"": ""Imagery 3d post-event \u2014 fresh""}, {""factor"": ""Depth certainty"", ""delta"": 10, ""reason"": ""Near-zero depth \u2014 confidently not flooded""}, {""factor"": ""Coverage coherence"", ""delta"": 7, ""reason"": ""0% coverage \u2014 confidently dry""}, {""factor"": ""Urban SAR shadow"", ""delta"": -15, ""reason"": ""Dense urban area \u2014 radar shadow can mimic water""}, {""factor"": ""Optical cross-check"", ""delta"": 6, ""reason"": ""Sentinel-2 confirms dry ground \u2014 sensors agree""}]",0,,"{""sar"": ""dry"", ""optical"": ""dry"", ""dem_hydrology"": ""dry""}"
HARV-00519,"195 Yale Street, Houston, TX",0.0,0.0,0.0,0.0,0.0,Review,75,Flag for manual review — borderline measurements or low confidence,Satellite data at 195 Yale Street indicates 0.0ft depth; review per 75% confidence.,1,1,0.1916,"[{""factor"": ""SAR recency"", ""delta"": 8, ""reason"": ""Imagery 3d post-event \u2014 fresh""}, {""factor"": ""Depth certainty"", ""delta"": 10, ""reason"": ""Near-zero depth \u2014 confidently not flooded""}, {""factor"": ""Coverage coherence"", ""delta"": 7, ""reason"": ""0% coverage \u2014 confidently dry""}, {""factor"": ""Urban SAR shadow"", ""delta"": -15, ""reason"": ""Dense urban area \u2014 radar shadow can mimic water""}]",1,"Sensors disagree: optical indicate flooding while SAR, DEM-hydrology indicate dry/implausible — routed to manual review.","{""sar"": ""dry"", ""optical"": ""flood"", ""dem_hydrology"": ""dry""}"
HARV-00520,"3902 Koehler Street, Houston, TX",0.0,0.0,0.0,0.0,0.0,Remote-Deny,81,Deny remotely — no significant flooding detected by satellite,Satellite data at 3902 Koehler Street indicates 0.0ft depth; remote-deny per 81% confidence.,1,1,0.0,"[{""factor"": ""SAR recency"", ""delta"": 8, ""reason"": ""Imagery 3d post-event \u2014 fresh""}, {""factor"": ""Depth certainty"", ""delta"": 10, ""reason"": ""Near-zero depth \u2014 confidently not flooded""}, {""factor"": ""Coverage coherence"", ""delta"": 7, ""reason"": ""0% coverage \u2014 confidently dry""}, {""factor"": ""Urban SAR shadow"", ""delta"": -15, ""reason"": ""Dense urban area \u2014 radar shadow can mimic water""}, {""factor"": ""Optical cross-check"", ""delta"": 6, ""reason"": ""Sentinel-2 confirms dry ground \u2014 sensors agree""}]",0,,"{""sar"": ""dry"", ""optical"": ""dry"", ""dem_hydrology"": ""dry""}"
HARV-00521,"5401 Memorial Drive, Houston, TX",0.0,0.0,0.0,0.0,0.0,Remote-Deny,81,Deny remotely — no significant flooding detected by satellite,Satellite data at 5401 Memorial Drive indicates 0.0ft depth; remote-deny per 81% confidence.,1,1,0.0,"[{""factor"": ""SAR recency"", ""delta"": 8, ""reason"": ""Imagery 3d post-event \u2014 fresh""}, {""factor"": ""Depth certainty"", ""delta"": 10, ""reason"": ""Near-zero depth \u2014 confidently not flooded""}, {""factor"": ""Coverage coherence"", ""delta"": 7, ""reason"": ""0% coverage \u2014 confidently dry""}, {""factor"": ""Urban SAR shadow"", ""delta"": -15, ""reason"": ""Dense urban area \u2014 radar shadow can mimic water""}, {""factor"": ""Optical cross-check"", ""delta"": 6, ""reason"": ""Sentinel-2 confirms dry ground \u2014 sensors agree""}]",0,,"{""sar"": ""dry"", ""optical"": ""dry"", ""dem_hydrology"": ""dry""}"
HARV-00522,"1700 Post Oak Boulevard, Houston, TX, 77056",0.0,0.0,0.0,0.0,0.0,Review,75,Flag for manual review — borderline measurements or low confidence,Satellite data at 1700 Post Oak Boulevard indicates 0.0ft depth; review per 75% confidence.,1,1,0.3524,"[{""factor"": ""SAR recency"", ""delta"": 8, ""reason"": ""Imagery 3d post-event \u2014 fresh""}, {""factor"": ""Depth certainty"", ""delta"": 10, ""reason"": ""Near-zero depth \u2014 confidently not flooded""}, {""factor"": ""Coverage coherence"", ""delta"": 7, ""reason"": ""0% coverage \u2014 confidently dry""}, {""factor"": ""Urban SAR shadow"", ""delta"": -15, ""reason"": ""Dense urban area \u2014 radar shadow can mimic water""}]",1,"Sensors disagree: optical, DEM-hydrology indicate flooding while SAR indicate dry/implausible — routed to manual review.","{""sar"": ""dry"", ""optical"": ""flood"", ""dem_hydrology"": ""flood""}"
HARV-00523,6528 Haskell Street,0.0,0.0,0.0,0.0,0.0,Remote-Deny,96,Deny remotely — no significant flooding detected by satellite,Satellite data at 6528 Haskell Street indicates 0.0ft depth; remote-deny per 96% confidence.,0,1,0.0,"[{""factor"": ""SAR recency"", ""delta"": 8, ""reason"": ""Imagery 3d post-event \u2014 fresh""}, {""factor"": ""Depth certainty"", ""delta"": 10, ""reason"": ""Near-zero depth \u2014 confidently not flooded""}, {""factor"": ""Coverage coherence"", ""delta"": 7, ""reason"": ""0% coverage \u2014 confidently dry""}, {""factor"": ""Optical cross-check"", ""delta"": 6, ""reason"": ""Sentinel-2 confirms dry ground \u2014 sensors agree""}]",0,,"{""sar"": ""dry"", ""optical"": ""dry"", ""dem_hydrology"": ""flood""}"
HARV-00524,6525 Durford Street,0.0,0.0,0.0,0.0,0.0,Remote-Deny,96,Deny remotely — no significant flooding detected by satellite,Satellite data at 6525 Durford Street indicates 0.0ft depth; remote-deny per 96% confidence.,0,1,0.0,"[{""factor"": ""SAR recency"", ""delta"": 8, ""reason"": ""Imagery 3d post-event \u2014 fresh""}, {""factor"": ""Depth certainty"", ""delta"": 10, ""reason"": ""Near-zero depth \u2014 confidently not flooded""}, {""factor"": ""Coverage coherence"", ""delta"": 7, ""reason"": ""0% coverage \u2014 confidently dry""}, {""factor"": ""Optical cross-check"", ""delta"": 6, ""reason"": ""Sentinel-2 confirms dry ground \u2014 sensors agree""}]",0,,"{""sar"": ""dry"", ""optical"": ""dry"", ""dem_hydrology"": ""flood""}"
HARV-00525,6415 Durford Street,0.0,0.0,0.0,0.0,0.0,Remote-Deny,81,Deny remotely — no significant flooding detected by satellite,Satellite data at 6415 Durford Street indicates 0.0ft depth; remote-deny per 81% confidence.,1,1,0.0,"[{""factor"": ""SAR recency"", ""delta"": 8, ""reason"": ""Imagery 3d post-event \u2014 fresh""}, {""factor"": ""Depth certainty"", ""delta"": 10, ""reason"": ""Near-zero depth \u2014 confidently not flooded""}, {""factor"": ""Coverage coherence"", ""delta"": 7, ""reason"": ""0% coverage \u2014 confidently dry""}, {""factor"": ""Urban SAR shadow"", ""delta"": -15, ""reason"": ""Dense urban area \u2014 radar shadow can mimic water""}, {""factor"": ""Optical cross-check"", ""delta"": 6, ""reason"": ""Sentinel-2 confirms dry ground \u2014 sensors agree""}]",0,,"{""sar"": ""dry"", ""optical"": ""dry"", ""dem_hydrology"": ""flood""}"
HARV-00526,"5895 San Felipe Street, Houston, TX, 77057",0.0,0.0,0.0,0.0,0.0,Remote-Deny,81,Deny remotely — no significant flooding detected by satellite,Satellite data at 5895 San Felipe Street indicates 0.0ft depth; remote-deny per 81% confidence.,1,1,0.0,"[{""factor"": ""SAR recency"", ""delta"": 8, ""reason"": ""Imagery 3d post-event \u2014 fresh""}, {""factor"": ""Depth certainty"", ""delta"": 10, ""reason"": ""Near-zero depth \u2014 confidently not flooded""}, {""factor"": ""Coverage coherence"", ""delta"": 7, ""reason"": ""0% coverage \u2014 confidently dry""}, {""factor"": ""Urban SAR shadow"", ""delta"": -15, ""reason"": ""Dense urban area \u2014 radar shadow can mimic water""}, {""factor"": ""Optical cross-check"", ""delta"": 6, ""reason"": ""Sentinel-2 confirms dry ground \u2014 sensors agree""}]",0,,"{""sar"": ""dry"", ""optical"": ""dry"", ""dem_hydrology"": ""abstain""}"
HARV-00527,"1001 East Memorial Loop Drive, Houston, TX, 77007",0.0,0.0,0.0,0.0,0.0,Remote-Deny,96,Deny remotely — no significant flooding detected by satellite,Satellite data at 1001 East Memorial Loop Drive indicates 0.0ft depth; remote-deny per 96% confidence.,0,1,0.0,"[{""factor"": ""SAR recency"", ""delta"": 8, ""reason"": ""Imagery 3d post-event \u2014 fresh""}, {""factor"": ""Depth certainty"", ""delta"": 10, ""reason"": ""Near-zero depth \u2014 confidently not flooded""}, {""factor"": ""Coverage coherence"", ""delta"": 7, ""reason"": ""0% coverage \u2014 confidently dry""}, {""factor"": ""Optical cross-check"", ""delta"": 6, ""reason"": ""Sentinel-2 confirms dry ground \u2014 sensors agree""}]",0,,"{""sar"": ""dry"", ""optical"": ""dry"", ""dem_hydrology"": ""flood""}"
HARV-00528,"8057 Kirby Drive, Houston, TX, 77054",0.0,0.0,0.0,0.0,0.0,Remote-Deny,81,Deny remotely — no significant flooding detected by satellite,Satellite data at 8057 Kirby Drive indicates 0.0ft depth; remote-deny per 81% confidence.,1,1,0.0,"[{""factor"": ""SAR recency"", ""delta"": 8, ""reason"": ""Imagery 3d post-event \u2014 fresh""}, {""factor"": ""Depth certainty"", ""delta"": 10, ""reason"": ""Near-zero depth \u2014 confidently not flooded""}, {""factor"": ""Coverage coherence"", ""delta"": 7, ""reason"": ""0% coverage \u2014 confidently dry""}, {""factor"": ""Urban SAR shadow"", ""delta"": -15, ""reason"": ""Dense urban area \u2014 radar shadow can mimic water""}, {""factor"": ""Optical cross-check"", ""delta"": 6, ""reason"": ""Sentinel-2 confirms dry ground \u2014 sensors agree""}]",0,,"{""sar"": ""dry"", ""optical"": ""dry"", ""dem_hydrology"": ""flood""}"
HARV-00529,"5324 Elm Street, Houston, TX, 77081",0.0,0.0,0.0,0.0,0.0,Remote-Deny,81,Deny remotely — no significant flooding detected by satellite,Satellite data at 5324 Elm Street indicates 0.0ft depth; remote-deny per 81% confidence.,1,1,0.0,"[{""factor"": ""SAR recency"", ""delta"": 8, ""reason"": ""Imagery 3d post-event \u2014 fresh""}, {""factor"": ""Depth certainty"", ""delta"": 10, ""reason"": ""Near-zero depth \u2014 confidently not flooded""}, {""factor"": ""Coverage coherence"", ""delta"": 7, ""reason"": ""0% coverage \u2014 confidently dry""}, {""factor"": ""Urban SAR shadow"", ""delta"": -15, ""reason"": ""Dense urban area \u2014 radar shadow can mimic water""}, {""factor"": ""Optical cross-check"", ""delta"": 6, ""reason"": ""Sentinel-2 confirms dry ground \u2014 sensors agree""}]",0,,"{""sar"": ""dry"", ""optical"": ""dry"", ""dem_hydrology"": ""flood""}"
HARV-00530,"2015 West Gray Street, Houston, TX, 77019",0.0,0.0,0.0,0.0,0.0,Remote-Deny,81,Deny remotely — no significant flooding detected by satellite,Satellite data at 2015 West Gray Street indicates 0.0ft depth; remote-deny per 81% confidence.,1,1,0.0,"[{""factor"": ""SAR recency"", ""delta"": 8, ""reason"": ""Imagery 3d post-event \u2014 fresh""}, {""factor"": ""Depth certainty"", ""delta"": 10, ""reason"": ""Near-zero depth \u2014 confidently not flooded""}, {""factor"": ""Coverage coherence"", ""delta"": 7, ""reason"": ""0% coverage \u2014 confidently dry""}, {""factor"": ""Urban SAR shadow"", ""delta"": -15, ""reason"": ""Dense urban area \u2014 radar shadow can mimic water""}, {""factor"": ""Optical cross-check"", ""delta"": 6, ""reason"": ""Sentinel-2 confirms dry ground \u2014 sensors agree""}]",0,,"{""sar"": ""dry"", ""optical"": ""dry"", ""dem_hydrology"": ""flood""}"
HARV-00531,"3262 Westheimer Road, Houston, TX, 77098",0.0,0.0,0.0,0.0,0.0,Remote-Deny,81,Deny remotely — no significant flooding detected by satellite,Satellite data at 3262 Westheimer Road indicates 0.0ft depth; remote-deny per 81% confidence.,1,1,0.0,"[{""factor"": ""SAR recency"", ""delta"": 8, ""reason"": ""Imagery 3d post-event \u2014 fresh""}, {""factor"": ""Depth certainty"", ""delta"": 10, ""reason"": ""Near-zero depth \u2014 confidently not flooded""}, {""factor"": ""Coverage coherence"", ""delta"": 7, ""reason"": ""0% coverage \u2014 confidently dry""}, {""factor"": ""Urban SAR shadow"", ""delta"": -15, ""reason"": ""Dense urban area \u2014 radar shadow can mimic water""}, {""factor"": ""Optical cross-check"", ""delta"": 6, ""reason"": ""Sentinel-2 confirms dry ground \u2014 sensors agree""}]",0,,"{""sar"": ""dry"", ""optical"": ""dry"", ""dem_hydrology"": ""flood""}"
HARV-00532,"5 West 11th Street, Houston, TX",0.0,0.0,0.0,0.0,0.0,Remote-Deny,81,Deny remotely — no significant flooding detected by satellite,Satellite data at 5 West 11th Street indicates 0.0ft depth; remote-deny per 81% confidence.,1,1,0.0,"[{""factor"": ""SAR recency"", ""delta"": 8, ""reason"": ""Imagery 3d post-event \u2014 fresh""}, {""factor"": ""Depth certainty"", ""delta"": 10, ""reason"": ""Near-zero depth \u2014 confidently not flooded""}, {""factor"": ""Coverage coherence"", ""delta"": 7, ""reason"": ""0% coverage \u2014 confidently dry""}, {""factor"": ""Urban SAR shadow"", ""delta"": -15, ""reason"": ""Dense urban area \u2014 radar shadow can mimic water""}, {""factor"": ""Optical cross-check"", ""delta"": 6, ""reason"": ""Sentinel-2 confirms dry ground \u2014 sensors agree""}]",0,,"{""sar"": ""dry"", ""optical"": ""dry"", ""dem_hydrology"": ""dry""}"
HARV-00533,"13827 Southwest Freeway, Sugar Land, TX, 77478",0.0,0.0,0.0,0.0,0.0,Remote-Deny,81,Deny remotely — no significant flooding detected by satellite,Satellite data at 13827 Southwest Freeway indicates 0.0ft depth; remote-deny per 81% confidence.,1,1,0.0437,"[{""factor"": ""SAR recency"", ""delta"": 8, ""reason"": ""Imagery 3d post-event \u2014 fresh""}, {""factor"": ""Depth certainty"", ""delta"": 10, ""reason"": ""Near-zero depth \u2014 confidently not flooded""}, {""factor"": ""Coverage coherence"", ""delta"": 7, ""reason"": ""0% coverage \u2014 confidently dry""}, {""factor"": ""Urban SAR shadow"", ""delta"": -15, ""reason"": ""Dense urban area \u2014 radar shadow can mimic water""}, {""factor"": ""Optical cross-check"", ""delta"": 6, ""reason"": ""Sentinel-2 confirms dry ground \u2014 sensors agree""}]",0,,"{""sar"": ""dry"", ""optical"": ""dry"", ""dem_hydrology"": ""abstain""}"
HARV-00534,"13849 Southwest Freeway, Sugar Land, TX, 77478",0.0,0.0,0.0,0.0,0.0,Remote-Deny,81,Deny remotely — no significant flooding detected by satellite,Satellite data at 13849 Southwest Freeway indicates 0.0ft depth; remote-deny per 81% confidence.,1,1,0.0,"[{""factor"": ""SAR recency"", ""delta"": 8, ""reason"": ""Imagery 3d post-event \u2014 fresh""}, {""factor"": ""Depth certainty"", ""delta"": 10, ""reason"": ""Near-zero depth \u2014 confidently not flooded""}, {""factor"": ""Coverage coherence"", ""delta"": 7, ""reason"": ""0% coverage \u2014 confidently dry""}, {""factor"": ""Urban SAR shadow"", ""delta"": -15, ""reason"": ""Dense urban area \u2014 radar shadow can mimic water""}, {""factor"": ""Optical cross-check"", ""delta"": 6, ""reason"": ""Sentinel-2 confirms dry ground \u2014 sensors agree""}]",0,,"{""sar"": ""dry"", ""optical"": ""dry"", ""dem_hydrology"": ""flood""}"
HARV-00535,"13895 Southwest Freeway, Sugar Land, TX, 77478",0.0,0.0,0.0,0.0,0.0,Remote-Deny,81,Deny remotely — no significant flooding detected by satellite,Satellite data at 13895 Southwest Freeway indicates 0.0ft depth; remote-deny per 81% confidence.,1,1,0.0,"[{""factor"": ""SAR recency"", ""delta"": 8, ""reason"": ""Imagery 3d post-event \u2014 fresh""}, {""factor"": ""Depth certainty"", ""delta"": 10, ""reason"": ""Near-zero depth \u2014 confidently not flooded""}, {""factor"": ""Coverage coherence"", ""delta"": 7, ""reason"": ""0% coverage \u2014 confidently dry""}, {""factor"": ""Urban SAR shadow"", ""delta"": -15, ""reason"": ""Dense urban area \u2014 radar shadow can mimic water""}, {""factor"": ""Optical cross-check"", ""delta"": 6, ""reason"": ""Sentinel-2 confirms dry ground \u2014 sensors agree""}]",0,,"{""sar"": ""dry"", ""optical"": ""dry"", ""dem_hydrology"": ""abstain""}"
HARV-00536,"8210 South Gessner Drive, Houston, TX, 77036",0.0,0.0,0.0,0.0,0.0,Review,75,Flag for manual review — borderline measurements or low confidence,Satellite data at 8210 South Gessner Drive indicates 0.0ft depth; review per 75% confidence.,1,1,0.2201,"[{""factor"": ""SAR recency"", ""delta"": 8, ""reason"": ""Imagery 3d post-event \u2014 fresh""}, {""factor"": ""Depth certainty"", ""delta"": 10, ""reason"": ""Near-zero depth \u2014 confidently not flooded""}, {""factor"": ""Coverage coherence"", ""delta"": 7, ""reason"": ""0% coverage \u2014 confidently dry""}, {""factor"": ""Urban SAR shadow"", ""delta"": -15, ""reason"": ""Dense urban area \u2014 radar shadow can mimic water""}]",1,"Sensors disagree: optical, DEM-hydrology indicate flooding while SAR indicate dry/implausible — routed to manual review.","{""sar"": ""dry"", ""optical"": ""flood"", ""dem_hydrology"": ""flood""}"
HARV-00537,"5373 West Alabama Street, Houston, TX, 77056",0.0,0.0,0.0,0.0,0.0,Review,75,Flag for manual review — borderline measurements or low confidence,Satellite data at 5373 West Alabama Street indicates 0.0ft depth; review per 75% confidence.,1,1,0.3484,"[{""factor"": ""SAR recency"", ""delta"": 8, ""reason"": ""Imagery 3d post-event \u2014 fresh""}, {""factor"": ""Depth certainty"", ""delta"": 10, ""reason"": ""Near-zero depth \u2014 confidently not flooded""}, {""factor"": ""Coverage coherence"", ""delta"": 7, ""reason"": ""0% coverage \u2014 confidently dry""}, {""factor"": ""Urban SAR shadow"", ""delta"": -15, ""reason"": ""Dense urban area \u2014 radar shadow can mimic water""}]",1,Sensors disagree: optical indicate flooding while SAR indicate dry/implausible — routed to manual review.,"{""sar"": ""dry"", ""optical"": ""flood"", ""dem_hydrology"": ""abstain""}"
HARV-00538,"6666 Harwin Drive, Houston, TX, 77036",0.0,0.0,0.0,0.0,0.0,Remote-Deny,81,Deny remotely — no significant flooding detected by satellite,Satellite data at 6666 Harwin Drive indicates 0.0ft depth; remote-deny per 81% confidence.,1,1,0.0,"[{""factor"": ""SAR recency"", ""delta"": 8, ""reason"": ""Imagery 3d post-event \u2014 fresh""}, {""factor"": ""Depth certainty"", ""delta"": 10, ""reason"": ""Near-zero depth \u2014 confidently not flooded""}, {""factor"": ""Coverage coherence"", ""delta"": 7, ""reason"": ""0% coverage \u2014 confidently dry""}, {""factor"": ""Urban SAR shadow"", ""delta"": -15, ""reason"": ""Dense urban area \u2014 radar shadow can mimic water""}, {""factor"": ""Optical cross-check"", ""delta"": 6, ""reason"": ""Sentinel-2 confirms dry ground \u2014 sensors agree""}]",0,,"{""sar"": ""dry"", ""optical"": ""dry"", ""dem_hydrology"": ""flood""}"
HARV-00539,"2727 Fondren Road, Houston, TX, 77063",0.0,0.0,0.0,0.0,0.0,Remote-Deny,81,Deny remotely — no significant flooding detected by satellite,Satellite data at 2727 Fondren Road indicates 0.0ft depth; remote-deny per 81% confidence.,1,1,0.0,"[{""factor"": ""SAR recency"", ""delta"": 8, ""reason"": ""Imagery 3d post-event \u2014 fresh""}, {""factor"": ""Depth certainty"", ""delta"": 10, ""reason"": ""Near-zero depth \u2014 confidently not flooded""}, {""factor"": ""Coverage coherence"", ""delta"": 7, ""reason"": ""0% coverage \u2014 confidently dry""}, {""factor"": ""Urban SAR shadow"", ""delta"": -15, ""reason"": ""Dense urban area \u2014 radar shadow can mimic water""}, {""factor"": ""Optical cross-check"", ""delta"": 6, ""reason"": ""Sentinel-2 confirms dry ground \u2014 sensors agree""}]",0,,"{""sar"": ""dry"", ""optical"": ""dry"", ""dem_hydrology"": ""flood""}"
HARV-00540,"2540 Times Boulevard, 77005",0.0,0.0,0.0,0.0,0.0,Remote-Deny,81,Deny remotely — no significant flooding detected by satellite,Satellite data at 2540 Times Boulevard indicates 0.0ft depth; remote-deny per 81% confidence.,1,1,0.0,"[{""factor"": ""SAR recency"", ""delta"": 8, ""reason"": ""Imagery 3d post-event \u2014 fresh""}, {""factor"": ""Depth certainty"", ""delta"": 10, ""reason"": ""Near-zero depth \u2014 confidently not flooded""}, {""factor"": ""Coverage coherence"", ""delta"": 7, ""reason"": ""0% coverage \u2014 confidently dry""}, {""factor"": ""Urban SAR shadow"", ""delta"": -15, ""reason"": ""Dense urban area \u2014 radar shadow can mimic water""}, {""factor"": ""Optical cross-check"", ""delta"": 6, ""reason"": ""Sentinel-2 confirms dry ground \u2014 sensors agree""}]",0,,"{""sar"": ""dry"", ""optical"": ""dry"", ""dem_hydrology"": ""flood""}"
HARV-00541,"2429 Bissonnet Street, Houston, TX, 77005",0.0,0.0,0.0,0.0,0.0,Remote-Deny,81,Deny remotely — no significant flooding detected by satellite,Satellite data at 2429 Bissonnet Street indicates 0.0ft depth; remote-deny per 81% confidence.,1,1,0.0,"[{""factor"": ""SAR recency"", ""delta"": 8, ""reason"": ""Imagery 3d post-event \u2014 fresh""}, {""factor"": ""Depth certainty"", ""delta"": 10, ""reason"": ""Near-zero depth \u2014 confidently not flooded""}, {""factor"": ""Coverage coherence"", ""delta"": 7, ""reason"": ""0% coverage \u2014 confidently dry""}, {""factor"": ""Urban SAR shadow"", ""delta"": -15, ""reason"": ""Dense urban area \u2014 radar shadow can mimic water""}, {""factor"": ""Optical cross-check"", ""delta"": 6, ""reason"": ""Sentinel-2 confirms dry ground \u2014 sensors agree""}]",0,,"{""sar"": ""dry"", ""optical"": ""dry"", ""dem_hydrology"": ""flood""}"
HARV-00542,"3100 Richmond Avenue, Houston, TX, 77098",0.0,0.0,0.0,0.0,0.0,Remote-Deny,81,Deny remotely — no significant flooding detected by satellite,Satellite data at 3100 Richmond Avenue indicates 0.0ft depth; remote-deny per 81% confidence.,1,1,0.0,"[{""factor"": ""SAR recency"", ""delta"": 8, ""reason"": ""Imagery 3d post-event \u2014 fresh""}, {""factor"": ""Depth certainty"", ""delta"": 10, ""reason"": ""Near-zero depth \u2014 confidently not flooded""}, {""factor"": ""Coverage coherence"", ""delta"": 7, ""reason"": ""0% coverage \u2014 confidently dry""}, {""factor"": ""Urban SAR shadow"", ""delta"": -15, ""reason"": ""Dense urban area \u2014 radar shadow can mimic water""}, {""factor"": ""Optical cross-check"", ""delta"": 6, ""reason"": ""Sentinel-2 confirms dry ground \u2014 sensors agree""}]",0,,"{""sar"": ""dry"", ""optical"": ""dry"", ""dem_hydrology"": ""flood""}"
HARV-00543,"9601 Katy Freeway, Houston, TX, 77024",0.0,0.0,0.0,0.0,0.0,Remote-Deny,81,Deny remotely — no significant flooding detected by satellite,Satellite data at 9601 Katy Freeway indicates 0.0ft depth; remote-deny per 81% confidence.,1,1,0.0,"[{""factor"": ""SAR recency"", ""delta"": 8, ""reason"": ""Imagery 3d post-event \u2014 fresh""}, {""factor"": ""Depth certainty"", ""delta"": 10, ""reason"": ""Near-zero depth \u2014 confidently not flooded""}, {""factor"": ""Coverage coherence"", ""delta"": 7, ""reason"": ""0% coverage \u2014 confidently dry""}, {""factor"": ""Urban SAR shadow"", ""delta"": -15, ""reason"": ""Dense urban area \u2014 radar shadow can mimic water""}, {""factor"": ""Optical cross-check"", ""delta"": 6, ""reason"": ""Sentinel-2 confirms dry ground \u2014 sensors agree""}]",0,,"{""sar"": ""dry"", ""optical"": ""dry"", ""dem_hydrology"": ""flood""}"
HARV-00544,"3701 Kirby Drive, Houston, TX, 77098",0.0,0.0,0.0,0.0,0.0,Remote-Deny,81,Deny remotely — no significant flooding detected by satellite,Satellite data at 3701 Kirby Drive indicates 0.0ft depth; remote-deny per 81% confidence.,1,1,0.0,"[{""factor"": ""SAR recency"", ""delta"": 8, ""reason"": ""Imagery 3d post-event \u2014 fresh""}, {""factor"": ""Depth certainty"", ""delta"": 10, ""reason"": ""Near-zero depth \u2014 confidently not flooded""}, {""factor"": ""Coverage coherence"", ""delta"": 7, ""reason"": ""0% coverage \u2014 confidently dry""}, {""factor"": ""Urban SAR shadow"", ""delta"": -15, ""reason"": ""Dense urban area \u2014 radar shadow can mimic water""}, {""factor"": ""Optical cross-check"", ""delta"": 6, ""reason"": ""Sentinel-2 confirms dry ground \u2014 sensors agree""}]",0,,"{""sar"": ""dry"", ""optical"": ""dry"", ""dem_hydrology"": ""flood""}"
HARV-00545,"9898 Bissonnet Street, Houston, TX, 77036",0.0,0.0,0.0,0.0,0.0,Remote-Deny,81,Deny remotely — no significant flooding detected by satellite,Satellite data at 9898 Bissonnet Street indicates 0.0ft depth; remote-deny per 81% confidence.,1,1,0.0,"[{""factor"": ""SAR recency"", ""delta"": 8, ""reason"": ""Imagery 3d post-event \u2014 fresh""}, {""factor"": ""Depth certainty"", ""delta"": 10, ""reason"": ""Near-zero depth \u2014 confidently not flooded""}, {""factor"": ""Coverage coherence"", ""delta"": 7, ""reason"": ""0% coverage \u2014 confidently dry""}, {""factor"": ""Urban SAR shadow"", ""delta"": -15, ""reason"": ""Dense urban area \u2014 radar shadow can mimic water""}, {""factor"": ""Optical cross-check"", ""delta"": 6, ""reason"": ""Sentinel-2 confirms dry ground \u2014 sensors agree""}]",0,,"{""sar"": ""dry"", ""optical"": ""dry"", ""dem_hydrology"": ""flood""}"
HARV-00546,"1801 Durham Drive, Houston, TX, 77007",0.0,0.0,0.0,0.0,0.0,Remote-Deny,81,Deny remotely — no significant flooding detected by satellite,Satellite data at 1801 Durham Drive indicates 0.0ft depth; remote-deny per 81% confidence.,1,1,0.0,"[{""factor"": ""SAR recency"", ""delta"": 8, ""reason"": ""Imagery 3d post-event \u2014 fresh""}, {""factor"": ""Depth certainty"", ""delta"": 10, ""reason"": ""Near-zero depth \u2014 confidently not flooded""}, {""factor"": ""Coverage coherence"", ""delta"": 7, ""reason"": ""0% coverage \u2014 confidently dry""}, {""factor"": ""Urban SAR shadow"", ""delta"": -15, ""reason"": ""Dense urban area \u2014 radar shadow can mimic water""}, {""factor"": ""Optical cross-check"", ""delta"": 6, ""reason"": ""Sentinel-2 confirms dry ground \u2014 sensors agree""}]",0,,"{""sar"": ""dry"", ""optical"": ""dry"", ""dem_hydrology"": ""dry""}"
HARV-00547,"10649 Haddington Drive, TX, 77043",0.0,0.0,0.0,0.0,0.0,Remote-Deny,81,Deny remotely — no significant flooding detected by satellite,Satellite data at 10649 Haddington Drive indicates 0.0ft depth; remote-deny per 81% confidence.,1,1,0.0,"[{""factor"": ""SAR recency"", ""delta"": 8, ""reason"": ""Imagery 3d post-event \u2014 fresh""}, {""factor"": ""Depth certainty"", ""delta"": 10, ""reason"": ""Near-zero depth \u2014 confidently not flooded""}, {""factor"": ""Coverage coherence"", ""delta"": 7, ""reason"": ""0% coverage \u2014 confidently dry""}, {""factor"": ""Urban SAR shadow"", ""delta"": -15, ""reason"": ""Dense urban area \u2014 radar shadow can mimic water""}, {""factor"": ""Optical cross-check"", ""delta"": 6, ""reason"": ""Sentinel-2 confirms dry ground \u2014 sensors agree""}]",0,,"{""sar"": ""dry"", ""optical"": ""dry"", ""dem_hydrology"": ""flood""}"
HARV-00548,"14354 Memorial Dr, Houston, TX, 77079",0.0,0.0,0.0,0.0,0.0,Remote-Deny,81,Deny remotely — no significant flooding detected by satellite,Satellite data at 14354 Memorial Dr indicates 0.0ft depth; remote-deny per 81% confidence.,1,1,0.0,"[{""factor"": ""SAR recency"", ""delta"": 8, ""reason"": ""Imagery 3d post-event \u2014 fresh""}, {""factor"": ""Depth certainty"", ""delta"": 10, ""reason"": ""Near-zero depth \u2014 confidently not flooded""}, {""factor"": ""Coverage coherence"", ""delta"": 7, ""reason"": ""0% coverage \u2014 confidently dry""}, {""factor"": ""Urban SAR shadow"", ""delta"": -15, ""reason"": ""Dense urban area \u2014 radar shadow can mimic water""}, {""factor"": ""Optical cross-check"", ""delta"": 6, ""reason"": ""Sentinel-2 confirms dry ground \u2014 sensors agree""}]",0,,"{""sar"": ""dry"", ""optical"": ""dry"", ""dem_hydrology"": ""abstain""}"
HARV-00549,"11209 Suite C30 Bellaire Boulevard, 77072",0.0,0.0,0.0,0.0,0.0,Review,75,Flag for manual review — borderline measurements or low confidence,Satellite data at 11209 Suite C30 Bellaire Boulevard indicates 0.0ft depth; review per 75% confidence.,1,1,0.4099,"[{""factor"": ""SAR recency"", ""delta"": 8, ""reason"": ""Imagery 3d post-event \u2014 fresh""}, {""factor"": ""Depth certainty"", ""delta"": 10, ""reason"": ""Near-zero depth \u2014 confidently not flooded""}, {""factor"": ""Coverage coherence"", ""delta"": 7, ""reason"": ""0% coverage \u2014 confidently dry""}, {""factor"": ""Urban SAR shadow"", ""delta"": -15, ""reason"": ""Dense urban area \u2014 radar shadow can mimic water""}]",1,"Sensors disagree: optical, DEM-hydrology indicate flooding while SAR indicate dry/implausible — routed to manual review.","{""sar"": ""dry"", ""optical"": ""flood"", ""dem_hydrology"": ""flood""}"
HARV-00550,"6445 Westheimer Road, Houston, TX",0.0,0.0,0.0,0.0,0.0,Remote-Deny,81,Deny remotely — no significant flooding detected by satellite,Satellite data at 6445 Westheimer Road indicates 0.0ft depth; remote-deny per 81% confidence.,1,1,0.0,"[{""factor"": ""SAR recency"", ""delta"": 8, ""reason"": ""Imagery 3d post-event \u2014 fresh""}, {""factor"": ""Depth certainty"", ""delta"": 10, ""reason"": ""Near-zero depth \u2014 confidently not flooded""}, {""factor"": ""Coverage coherence"", ""delta"": 7, ""reason"": ""0% coverage \u2014 confidently dry""}, {""factor"": ""Urban SAR shadow"", ""delta"": -15, ""reason"": ""Dense urban area \u2014 radar shadow can mimic water""}, {""factor"": ""Optical cross-check"", ""delta"": 6, ""reason"": ""Sentinel-2 confirms dry ground \u2014 sensors agree""}]",0,,"{""sar"": ""dry"", ""optical"": ""dry"", ""dem_hydrology"": ""abstain""}"
HARV-00551,"713 Meyerland Plaza, Houston, TX",0.0,0.0,0.0,0.0,0.0,Remote-Deny,81,Deny remotely — no significant flooding detected by satellite,Satellite data at 713 Meyerland Plaza indicates 0.0ft depth; remote-deny per 81% confidence.,1,1,0.0,"[{""factor"": ""SAR recency"", ""delta"": 8, ""reason"": ""Imagery 3d post-event \u2014 fresh""}, {""factor"": ""Depth certainty"", ""delta"": 10, ""reason"": ""Near-zero depth \u2014 confidently not flooded""}, {""factor"": ""Coverage coherence"", ""delta"": 7, ""reason"": ""0% coverage \u2014 confidently dry""}, {""factor"": ""Urban SAR shadow"", ""delta"": -15, ""reason"": ""Dense urban area \u2014 radar shadow can mimic water""}, {""factor"": ""Optical cross-check"", ""delta"": 6, ""reason"": ""Sentinel-2 confirms dry ground \u2014 sensors agree""}]",0,,"{""sar"": ""dry"", ""optical"": ""dry"", ""dem_hydrology"": ""abstain""}"
HARV-00552,"3015 Richmond Avenue, Houston, TX, 77098",0.0,0.0,0.0,0.0,0.0,Remote-Deny,81,Deny remotely — no significant flooding detected by satellite,Satellite data at 3015 Richmond Avenue indicates 0.0ft depth; remote-deny per 81% confidence.,1,1,0.0,"[{""factor"": ""SAR recency"", ""delta"": 8, ""reason"": ""Imagery 3d post-event \u2014 fresh""}, {""factor"": ""Depth certainty"", ""delta"": 10, ""reason"": ""Near-zero depth \u2014 confidently not flooded""}, {""factor"": ""Coverage coherence"", ""delta"": 7, ""reason"": ""0% coverage \u2014 confidently dry""}, {""factor"": ""Urban SAR shadow"", ""delta"": -15, ""reason"": ""Dense urban area \u2014 radar shadow can mimic water""}, {""factor"": ""Optical cross-check"", ""delta"": 6, ""reason"": ""Sentinel-2 confirms dry ground \u2014 sensors agree""}]",0,,"{""sar"": ""dry"", ""optical"": ""dry"", ""dem_hydrology"": ""flood""}"
HARV-00553,5710 Memorial Drive,0.0,0.0,0.0,0.0,0.0,Remote-Deny,81,Deny remotely — no significant flooding detected by satellite,Satellite data at 5710 Memorial Drive indicates 0.0ft depth; remote-deny per 81% confidence.,1,1,0.0,"[{""factor"": ""SAR recency"", ""delta"": 8, ""reason"": ""Imagery 3d post-event \u2014 fresh""}, {""factor"": ""Depth certainty"", ""delta"": 10, ""reason"": ""Near-zero depth \u2014 confidently not flooded""}, {""factor"": ""Coverage coherence"", ""delta"": 7, ""reason"": ""0% coverage \u2014 confidently dry""}, {""factor"": ""Urban SAR shadow"", ""delta"": -15, ""reason"": ""Dense urban area \u2014 radar shadow can mimic water""}, {""factor"": ""Optical cross-check"", ""delta"": 6, ""reason"": ""Sentinel-2 confirms dry ground \u2014 sensors agree""}]",0,,"{""sar"": ""dry"", ""optical"": ""dry"", ""dem_hydrology"": ""dry""}"
HARV-00554,"2477 Post Oak Boulevard, Houston, TX, 77056",0.0,0.0,0.0,0.0,0.0,Remote-Deny,81,Deny remotely — no significant flooding detected by satellite,Satellite data at 2477 Post Oak Boulevard indicates 0.0ft depth; remote-deny per 81% confidence.,1,1,0.0,"[{""factor"": ""SAR recency"", ""delta"": 8, ""reason"": ""Imagery 3d post-event \u2014 fresh""}, {""factor"": ""Depth certainty"", ""delta"": 10, ""reason"": ""Near-zero depth \u2014 confidently not flooded""}, {""factor"": ""Coverage coherence"", ""delta"": 7, ""reason"": ""0% coverage \u2014 confidently dry""}, {""factor"": ""Urban SAR shadow"", ""delta"": -15, ""reason"": ""Dense urban area \u2014 radar shadow can mimic water""}, {""factor"": ""Optical cross-check"", ""delta"": 6, ""reason"": ""Sentinel-2 confirms dry ground \u2014 sensors agree""}]",0,,"{""sar"": ""dry"", ""optical"": ""dry"", ""dem_hydrology"": ""flood""}"
HARV-00555,"2411 Post Oak Boulevard, Houston, TX",0.0,0.0,0.0,0.0,0.0,Remote-Deny,81,Deny remotely — no significant flooding detected by satellite,Satellite data at 2411 Post Oak Boulevard indicates 0.0ft depth; remote-deny per 81% confidence.,1,1,0.0,"[{""factor"": ""SAR recency"", ""delta"": 8, ""reason"": ""Imagery 3d post-event \u2014 fresh""}, {""factor"": ""Depth certainty"", ""delta"": 10, ""reason"": ""Near-zero depth \u2014 confidently not flooded""}, {""factor"": ""Coverage coherence"", ""delta"": 7, ""reason"": ""0% coverage \u2014 confidently dry""}, {""factor"": ""Urban SAR shadow"", ""delta"": -15, ""reason"": ""Dense urban area \u2014 radar shadow can mimic water""}, {""factor"": ""Optical cross-check"", ""delta"": 6, ""reason"": ""Sentinel-2 confirms dry ground \u2014 sensors agree""}]",0,,"{""sar"": ""dry"", ""optical"": ""dry"", ""dem_hydrology"": ""flood""}"
HARV-00556,"2405 Post Oak Boulevard, Houston, TX",0.0,0.0,0.0,0.0,0.0,Remote-Deny,81,Deny remotely — no significant flooding detected by satellite,Satellite data at 2405 Post Oak Boulevard indicates 0.0ft depth; remote-deny per 81% confidence.,1,1,0.0,"[{""factor"": ""SAR recency"", ""delta"": 8, ""reason"": ""Imagery 3d post-event \u2014 fresh""}, {""factor"": ""Depth certainty"", ""delta"": 10, ""reason"": ""Near-zero depth \u2014 confidently not flooded""}, {""factor"": ""Coverage coherence"", ""delta"": 7, ""reason"": ""0% coverage \u2014 confidently dry""}, {""factor"": ""Urban SAR shadow"", ""delta"": -15, ""reason"": ""Dense urban area \u2014 radar shadow can mimic water""}, {""factor"": ""Optical cross-check"", ""delta"": 6, ""reason"": ""Sentinel-2 confirms dry ground \u2014 sensors agree""}]",0,,"{""sar"": ""dry"", ""optical"": ""dry"", ""dem_hydrology"": ""abstain""}"
HARV-00557,"2327 Post Oak Boulevard, Houston, TX, 77056",0.0,0.0,0.0,0.0,0.0,Remote-Deny,81,Deny remotely — no significant flooding detected by satellite,Satellite data at 2327 Post Oak Boulevard indicates 0.0ft depth; remote-deny per 81% confidence.,1,1,0.0,"[{""factor"": ""SAR recency"", ""delta"": 8, ""reason"": ""Imagery 3d post-event \u2014 fresh""}, {""factor"": ""Depth certainty"", ""delta"": 10, ""reason"": ""Near-zero depth \u2014 confidently not flooded""}, {""factor"": ""Coverage coherence"", ""delta"": 7, ""reason"": ""0% coverage \u2014 confidently dry""}, {""factor"": ""Urban SAR shadow"", ""delta"": -15, ""reason"": ""Dense urban area \u2014 radar shadow can mimic water""}, {""factor"": ""Optical cross-check"", ""delta"": 6, ""reason"": ""Sentinel-2 confirms dry ground \u2014 sensors agree""}]",0,,"{""sar"": ""dry"", ""optical"": ""dry"", ""dem_hydrology"": ""abstain""}"
HARV-00558,"2315 Post Oak Boulevard, Houston, TX",0.0,0.0,0.0,0.0,0.0,Remote-Deny,81,Deny remotely — no significant flooding detected by satellite,Satellite data at 2315 Post Oak Boulevard indicates 0.0ft depth; remote-deny per 81% confidence.,1,1,0.0,"[{""factor"": ""SAR recency"", ""delta"": 8, ""reason"": ""Imagery 3d post-event \u2014 fresh""}, {""factor"": ""Depth certainty"", ""delta"": 10, ""reason"": ""Near-zero depth \u2014 confidently not flooded""}, {""factor"": ""Coverage coherence"", ""delta"": 7, ""reason"": ""0% coverage \u2014 confidently dry""}, {""factor"": ""Urban SAR shadow"", ""delta"": -15, ""reason"": ""Dense urban area \u2014 radar shadow can mimic water""}, {""factor"": ""Optical cross-check"", ""delta"": 6, ""reason"": ""Sentinel-2 confirms dry ground \u2014 sensors agree""}]",0,,"{""sar"": ""dry"", ""optical"": ""dry"", ""dem_hydrology"": ""abstain""}"
HARV-00559,"2131 Post Oak Boulevard, Houston, TX, 77056",0.0,0.0,0.0,0.0,0.0,Remote-Deny,81,Deny remotely — no significant flooding detected by satellite,Satellite data at 2131 Post Oak Boulevard indicates 0.0ft depth; remote-deny per 81% confidence.,1,1,0.0,"[{""factor"": ""SAR recency"", ""delta"": 8, ""reason"": ""Imagery 3d post-event \u2014 fresh""}, {""factor"": ""Depth certainty"", ""delta"": 10, ""reason"": ""Near-zero depth \u2014 confidently not flooded""}, {""factor"": ""Coverage coherence"", ""delta"": 7, ""reason"": ""0% coverage \u2014 confidently dry""}, {""factor"": ""Urban SAR shadow"", ""delta"": -15, ""reason"": ""Dense urban area \u2014 radar shadow can mimic water""}, {""factor"": ""Optical cross-check"", ""delta"": 6, ""reason"": ""Sentinel-2 confirms dry ground \u2014 sensors agree""}]",0,,"{""sar"": ""dry"", ""optical"": ""dry"", ""dem_hydrology"": ""dry""}"
HARV-00560,"5000 Westheimer Road, Houston, TX, 77056",0.0,0.0,0.0,0.0,0.0,Remote-Deny,81,Deny remotely — no significant flooding detected by satellite,Satellite data at 5000 Westheimer Road indicates 0.0ft depth; remote-deny per 81% confidence.,1,1,0.0,"[{""factor"": ""SAR recency"", ""delta"": 8, ""reason"": ""Imagery 3d post-event \u2014 fresh""}, {""factor"": ""Depth certainty"", ""delta"": 10, ""reason"": ""Near-zero depth \u2014 confidently not flooded""}, {""factor"": ""Coverage coherence"", ""delta"": 7, ""reason"": ""0% coverage \u2014 confidently dry""}, {""factor"": ""Urban SAR shadow"", ""delta"": -15, ""reason"": ""Dense urban area \u2014 radar shadow can mimic water""}, {""factor"": ""Optical cross-check"", ""delta"": 6, ""reason"": ""Sentinel-2 confirms dry ground \u2014 sensors agree""}]",0,,"{""sar"": ""dry"", ""optical"": ""dry"", ""dem_hydrology"": ""dry""}"
HARV-00561,"5000 Westheimer Road, Houston, TX",0.0,0.0,0.0,0.0,0.0,Review,75,Flag for manual review — borderline measurements or low confidence,Satellite data at 5000 Westheimer Road indicates 0.0ft depth; review per 75% confidence.,1,1,0.452,"[{""factor"": ""SAR recency"", ""delta"": 8, ""reason"": ""Imagery 3d post-event \u2014 fresh""}, {""factor"": ""Depth certainty"", ""delta"": 10, ""reason"": ""Near-zero depth \u2014 confidently not flooded""}, {""factor"": ""Coverage coherence"", ""delta"": 7, ""reason"": ""0% coverage \u2014 confidently dry""}, {""factor"": ""Urban SAR shadow"", ""delta"": -15, ""reason"": ""Dense urban area \u2014 radar shadow can mimic water""}]",1,Sensors disagree: optical indicate flooding while SAR indicate dry/implausible — routed to manual review.,"{""sar"": ""dry"", ""optical"": ""flood"", ""dem_hydrology"": ""abstain""}"
HARV-00562,"5014 Westheimer Road, Houston, TX",0.0,0.0,0.0,0.0,0.0,Remote-Deny,81,Deny remotely — no significant flooding detected by satellite,Satellite data at 5014 Westheimer Road indicates 0.0ft depth; remote-deny per 81% confidence.,1,1,0.0,"[{""factor"": ""SAR recency"", ""delta"": 8, ""reason"": ""Imagery 3d post-event \u2014 fresh""}, {""factor"": ""Depth certainty"", ""delta"": 10, ""reason"": ""Near-zero depth \u2014 confidently not flooded""}, {""factor"": ""Coverage coherence"", ""delta"": 7, ""reason"": ""0% coverage \u2014 confidently dry""}, {""factor"": ""Urban SAR shadow"", ""delta"": -15, ""reason"": ""Dense urban area \u2014 radar shadow can mimic water""}, {""factor"": ""Optical cross-check"", ""delta"": 6, ""reason"": ""Sentinel-2 confirms dry ground \u2014 sensors agree""}]",0,,"{""sar"": ""dry"", ""optical"": ""dry"", ""dem_hydrology"": ""abstain""}"
HARV-00563,"5002 Westheimer Road, Houston, TX",0.0,0.0,0.0,0.0,0.0,Remote-Deny,81,Deny remotely — no significant flooding detected by satellite,Satellite data at 5002 Westheimer Road indicates 0.0ft depth; remote-deny per 81% confidence.,1,1,0.0,"[{""factor"": ""SAR recency"", ""delta"": 8, ""reason"": ""Imagery 3d post-event \u2014 fresh""}, {""factor"": ""Depth certainty"", ""delta"": 10, ""reason"": ""Near-zero depth \u2014 confidently not flooded""}, {""factor"": ""Coverage coherence"", ""delta"": 7, ""reason"": ""0% coverage \u2014 confidently dry""}, {""factor"": ""Urban SAR shadow"", ""delta"": -15, ""reason"": ""Dense urban area \u2014 radar shadow can mimic water""}, {""factor"": ""Optical cross-check"", ""delta"": 6, ""reason"": ""Sentinel-2 confirms dry ground \u2014 sensors agree""}]",0,,"{""sar"": ""dry"", ""optical"": ""dry"", ""dem_hydrology"": ""abstain""}"
HARV-00564,"2929 Allen Parkway, Houston, TX, 77019",0.0,0.0,0.0,0.0,0.0,Review,75,Flag for manual review — borderline measurements or low confidence,Satellite data at 2929 Allen Parkway indicates 0.0ft depth; review per 75% confidence.,1,1,0.1802,"[{""factor"": ""SAR recency"", ""delta"": 8, ""reason"": ""Imagery 3d post-event \u2014 fresh""}, {""factor"": ""Depth certainty"", ""delta"": 10, ""reason"": ""Near-zero depth \u2014 confidently not flooded""}, {""factor"": ""Coverage coherence"", ""delta"": 7, ""reason"": ""0% coverage \u2014 confidently dry""}, {""factor"": ""Urban SAR shadow"", ""delta"": -15, ""reason"": ""Dense urban area \u2014 radar shadow can mimic water""}]",1,"Sensors disagree: optical indicate flooding while SAR, DEM-hydrology indicate dry/implausible — routed to manual review.","{""sar"": ""dry"", ""optical"": ""flood"", ""dem_hydrology"": ""dry""}"
HARV-00565,"5230 Westpark Drive, Houston, TX, 77056",0.0,0.0,0.0,0.0,0.0,Remote-Deny,96,Deny remotely — no significant flooding detected by satellite,Satellite data at 5230 Westpark Drive indicates 0.0ft depth; remote-deny per 96% confidence.,0,1,0.0,"[{""factor"": ""SAR recency"", ""delta"": 8, ""reason"": ""Imagery 3d post-event \u2014 fresh""}, {""factor"": ""Depth certainty"", ""delta"": 10, ""reason"": ""Near-zero depth \u2014 confidently not flooded""}, {""factor"": ""Coverage coherence"", ""delta"": 7, ""reason"": ""0% coverage \u2014 confidently dry""}, {""factor"": ""Optical cross-check"", ""delta"": 6, ""reason"": ""Sentinel-2 confirms dry ground \u2014 sensors agree""}]",0,,"{""sar"": ""dry"", ""optical"": ""dry"", ""dem_hydrology"": ""abstain""}"
HARV-00566,5161 San Felipe Street,0.0,0.0,0.0,0.0,0.0,Remote-Deny,81,Deny remotely — no significant flooding detected by satellite,Satellite data at 5161 San Felipe Street indicates 0.0ft depth; remote-deny per 81% confidence.,1,1,0.0,"[{""factor"": ""SAR recency"", ""delta"": 8, ""reason"": ""Imagery 3d post-event \u2014 fresh""}, {""factor"": ""Depth certainty"", ""delta"": 10, ""reason"": ""Near-zero depth \u2014 confidently not flooded""}, {""factor"": ""Coverage coherence"", ""delta"": 7, ""reason"": ""0% coverage \u2014 confidently dry""}, {""factor"": ""Urban SAR shadow"", ""delta"": -15, ""reason"": ""Dense urban area \u2014 radar shadow can mimic water""}, {""factor"": ""Optical cross-check"", ""delta"": 6, ""reason"": ""Sentinel-2 confirms dry ground \u2014 sensors agree""}]",0,,"{""sar"": ""dry"", ""optical"": ""dry"", ""dem_hydrology"": ""flood""}"
HARV-00567,"5433 Westheimer Road, Houston, TX, 77056",0.0,0.0,0.0,0.0,0.0,Remote-Deny,81,Deny remotely — no significant flooding detected by satellite,Satellite data at 5433 Westheimer Road indicates 0.0ft depth; remote-deny per 81% confidence.,1,1,0.0,"[{""factor"": ""SAR recency"", ""delta"": 8, ""reason"": ""Imagery 3d post-event \u2014 fresh""}, {""factor"": ""Depth certainty"", ""delta"": 10, ""reason"": ""Near-zero depth \u2014 confidently not flooded""}, {""factor"": ""Coverage coherence"", ""delta"": 7, ""reason"": ""0% coverage \u2014 confidently dry""}, {""factor"": ""Urban SAR shadow"", ""delta"": -15, ""reason"": ""Dense urban area \u2014 radar shadow can mimic water""}, {""factor"": ""Optical cross-check"", ""delta"": 6, ""reason"": ""Sentinel-2 confirms dry ground \u2014 sensors agree""}]",0,,"{""sar"": ""dry"", ""optical"": ""dry"", ""dem_hydrology"": ""abstain""}"
HARV-00568,"8150 Southwest Freeway, Houston, TX, 77074",0.0,0.0,0.0,0.0,0.0,Remote-Deny,81,Deny remotely — no significant flooding detected by satellite,Satellite data at 8150 Southwest Freeway indicates 0.0ft depth; remote-deny per 81% confidence.,1,1,0.0,"[{""factor"": ""SAR recency"", ""delta"": 8, ""reason"": ""Imagery 3d post-event \u2014 fresh""}, {""factor"": ""Depth certainty"", ""delta"": 10, ""reason"": ""Near-zero depth \u2014 confidently not flooded""}, {""factor"": ""Coverage coherence"", ""delta"": 7, ""reason"": ""0% coverage \u2014 confidently dry""}, {""factor"": ""Urban SAR shadow"", ""delta"": -15, ""reason"": ""Dense urban area \u2014 radar shadow can mimic water""}, {""factor"": ""Optical cross-check"", ""delta"": 6, ""reason"": ""Sentinel-2 confirms dry ground \u2014 sensors agree""}]",0,,"{""sar"": ""dry"", ""optical"": ""dry"", ""dem_hydrology"": ""flood""}"
HARV-00569,"8410 West Bartell Drive, Houston, TX",0.0,0.0,0.0,0.0,0.0,Review,75,Flag for manual review — borderline measurements or low confidence,Satellite data at 8410 West Bartell Drive indicates 0.0ft depth; review per 75% confidence.,1,1,0.1151,"[{""factor"": ""SAR recency"", ""delta"": 8, ""reason"": ""Imagery 3d post-event \u2014 fresh""}, {""factor"": ""Depth certainty"", ""delta"": 10, ""reason"": ""Near-zero depth \u2014 confidently not flooded""}, {""factor"": ""Coverage coherence"", ""delta"": 7, ""reason"": ""0% coverage \u2014 confidently dry""}, {""factor"": ""Urban SAR shadow"", ""delta"": -15, ""reason"": ""Dense urban area \u2014 radar shadow can mimic water""}]",1,"Sensors disagree: optical, DEM-hydrology indicate flooding while SAR indicate dry/implausible — routed to manual review.","{""sar"": ""dry"", ""optical"": ""flood"", ""dem_hydrology"": ""flood""}"
HARV-00570,"3310 Katy Freeway, Houston, TX, 77007",0.0,0.0,0.0,0.0,0.0,Remote-Deny,81,Deny remotely — no significant flooding detected by satellite,Satellite data at 3310 Katy Freeway indicates 0.0ft depth; remote-deny per 81% confidence.,1,1,0.0,"[{""factor"": ""SAR recency"", ""delta"": 8, ""reason"": ""Imagery 3d post-event \u2014 fresh""}, {""factor"": ""Depth certainty"", ""delta"": 10, ""reason"": ""Near-zero depth \u2014 confidently not flooded""}, {""factor"": ""Coverage coherence"", ""delta"": 7, ""reason"": ""0% coverage \u2014 confidently dry""}, {""factor"": ""Urban SAR shadow"", ""delta"": -15, ""reason"": ""Dense urban area \u2014 radar shadow can mimic water""}, {""factor"": ""Optical cross-check"", ""delta"": 6, ""reason"": ""Sentinel-2 confirms dry ground \u2014 sensors agree""}]",0,,"{""sar"": ""dry"", ""optical"": ""dry"", ""dem_hydrology"": ""dry""}"
HARV-00571,"905 Town and Country Boulevard, Houston, TX, 77024",0.0,0.0,0.0,0.0,0.0,Remote-Deny,81,Deny remotely — no significant flooding detected by satellite,Satellite data at 905 Town and Country Boulevard indicates 0.0ft depth; remote-deny per 81% confidence.,1,1,0.0,"[{""factor"": ""SAR recency"", ""delta"": 8, ""reason"": ""Imagery 3d post-event \u2014 fresh""}, {""factor"": ""Depth certainty"", ""delta"": 10, ""reason"": ""Near-zero depth \u2014 confidently not flooded""}, {""factor"": ""Coverage coherence"", ""delta"": 7, ""reason"": ""0% coverage \u2014 confidently dry""}, {""factor"": ""Urban SAR shadow"", ""delta"": -15, ""reason"": ""Dense urban area \u2014 radar shadow can mimic water""}, {""factor"": ""Optical cross-check"", ""delta"": 6, ""reason"": ""Sentinel-2 confirms dry ground \u2014 sensors agree""}]",0,,"{""sar"": ""dry"", ""optical"": ""dry"", ""dem_hydrology"": ""abstain""}"
HARV-00572,"5901 Beverlyhill Street, TX, 77057",0.0,0.0,0.0,0.0,0.0,Remote-Deny,81,Deny remotely — no significant flooding detected by satellite,Satellite data at 5901 Beverlyhill Street indicates 0.0ft depth; remote-deny per 81% confidence.,1,1,0.0,"[{""factor"": ""SAR recency"", ""delta"": 8, ""reason"": ""Imagery 3d post-event \u2014 fresh""}, {""factor"": ""Depth certainty"", ""delta"": 10, ""reason"": ""Near-zero depth \u2014 confidently not flooded""}, {""factor"": ""Coverage coherence"", ""delta"": 7, ""reason"": ""0% coverage \u2014 confidently dry""}, {""factor"": ""Urban SAR shadow"", ""delta"": -15, ""reason"": ""Dense urban area \u2014 radar shadow can mimic water""}, {""factor"": ""Optical cross-check"", ""delta"": 6, ""reason"": ""Sentinel-2 confirms dry ground \u2014 sensors agree""}]",0,,"{""sar"": ""dry"", ""optical"": ""dry"", ""dem_hydrology"": ""flood""}"
HARV-00573,"2100 West Loop South, Houston, TX, 77027",0.0,0.0,0.0,0.0,0.0,Review,75,Flag for manual review — borderline measurements or low confidence,Satellite data at 2100 West Loop South indicates 0.0ft depth; review per 75% confidence.,1,1,0.4852,"[{""factor"": ""SAR recency"", ""delta"": 8, ""reason"": ""Imagery 3d post-event \u2014 fresh""}, {""factor"": ""Depth certainty"", ""delta"": 10, ""reason"": ""Near-zero depth \u2014 confidently not flooded""}, {""factor"": ""Coverage coherence"", ""delta"": 7, ""reason"": ""0% coverage \u2014 confidently dry""}, {""factor"": ""Urban SAR shadow"", ""delta"": -15, ""reason"": ""Dense urban area \u2014 radar shadow can mimic water""}]",1,"Sensors disagree: optical indicate flooding while SAR, DEM-hydrology indicate dry/implausible — routed to manual review.","{""sar"": ""dry"", ""optical"": ""flood"", ""dem_hydrology"": ""dry""}"
HARV-00574,"11415 Bellaire Boulevard, Houston, TX, 77072",0.0,0.0,0.0,0.0,0.0,Remote-Deny,81,Deny remotely — no significant flooding detected by satellite,Satellite data at 11415 Bellaire Boulevard indicates 0.0ft depth; remote-deny per 81% confidence.,1,1,0.0,"[{""factor"": ""SAR recency"", ""delta"": 8, ""reason"": ""Imagery 3d post-event \u2014 fresh""}, {""factor"": ""Depth certainty"", ""delta"": 10, ""reason"": ""Near-zero depth \u2014 confidently not flooded""}, {""factor"": ""Coverage coherence"", ""delta"": 7, ""reason"": ""0% coverage \u2014 confidently dry""}, {""factor"": ""Urban SAR shadow"", ""delta"": -15, ""reason"": ""Dense urban area \u2014 radar shadow can mimic water""}, {""factor"": ""Optical cross-check"", ""delta"": 6, ""reason"": ""Sentinel-2 confirms dry ground \u2014 sensors agree""}]",0,,"{""sar"": ""dry"", ""optical"": ""dry"", ""dem_hydrology"": ""flood""}"
HARV-00575,"900 Memorial City Way, Houston, TX, 77024",0.0,0.0,0.0,0.0,0.0,Remote-Deny,81,Deny remotely — no significant flooding detected by satellite,Satellite data at 900 Memorial City Way indicates 0.0ft depth; remote-deny per 81% confidence.,1,1,0.0,"[{""factor"": ""SAR recency"", ""delta"": 8, ""reason"": ""Imagery 3d post-event \u2014 fresh""}, {""factor"": ""Depth certainty"", ""delta"": 10, ""reason"": ""Near-zero depth \u2014 confidently not flooded""}, {""factor"": ""Coverage coherence"", ""delta"": 7, ""reason"": ""0% coverage \u2014 confidently dry""}, {""factor"": ""Urban SAR shadow"", ""delta"": -15, ""reason"": ""Dense urban area \u2014 radar shadow can mimic water""}, {""factor"": ""Optical cross-check"", ""delta"": 6, ""reason"": ""Sentinel-2 confirms dry ground \u2014 sensors agree""}]",0,,"{""sar"": ""dry"", ""optical"": ""dry"", ""dem_hydrology"": ""flood""}"
HARV-00576,900 Brogden Road,0.0,0.0,0.0,0.0,0.0,Remote-Deny,81,Deny remotely — no significant flooding detected by satellite,Satellite data at 900 Brogden Road indicates 0.0ft depth; remote-deny per 81% confidence.,1,1,0.0,"[{""factor"": ""SAR recency"", ""delta"": 8, ""reason"": ""Imagery 3d post-event \u2014 fresh""}, {""factor"": ""Depth certainty"", ""delta"": 10, ""reason"": ""Near-zero depth \u2014 confidently not flooded""}, {""factor"": ""Coverage coherence"", ""delta"": 7, ""reason"": ""0% coverage \u2014 confidently dry""}, {""factor"": ""Urban SAR shadow"", ""delta"": -15, ""reason"": ""Dense urban area \u2014 radar shadow can mimic water""}, {""factor"": ""Optical cross-check"", ""delta"": 6, ""reason"": ""Sentinel-2 confirms dry ground \u2014 sensors agree""}]",0,,"{""sar"": ""dry"", ""optical"": ""dry"", ""dem_hydrology"": ""dry""}"
HARV-00577,"5335 Indigo Street, 77096",0.0,0.0,0.0,0.0,0.0,Remote-Deny,81,Deny remotely — no significant flooding detected by satellite,Satellite data at 5335 Indigo Street indicates 0.0ft depth; remote-deny per 81% confidence.,1,1,0.0,"[{""factor"": ""SAR recency"", ""delta"": 8, ""reason"": ""Imagery 3d post-event \u2014 fresh""}, {""factor"": ""Depth certainty"", ""delta"": 10, ""reason"": ""Near-zero depth \u2014 confidently not flooded""}, {""factor"": ""Coverage coherence"", ""delta"": 7, ""reason"": ""0% coverage \u2014 confidently dry""}, {""factor"": ""Urban SAR shadow"", ""delta"": -15, ""reason"": ""Dense urban area \u2014 radar shadow can mimic water""}, {""factor"": ""Optical cross-check"", ""delta"": 6, ""reason"": ""Sentinel-2 confirms dry ground \u2014 sensors agree""}]",0,,"{""sar"": ""dry"", ""optical"": ""dry"", ""dem_hydrology"": ""abstain""}"
HARV-00578,"2925 Richmond Avenue, Houston, TX, 77098",0.0,0.0,0.0,0.0,0.0,Review,75,Flag for manual review — borderline measurements or low confidence,Satellite data at 2925 Richmond Avenue indicates 0.0ft depth; review per 75% confidence.,1,1,0.1164,"[{""factor"": ""SAR recency"", ""delta"": 8, ""reason"": ""Imagery 3d post-event \u2014 fresh""}, {""factor"": ""Depth certainty"", ""delta"": 10, ""reason"": ""Near-zero depth \u2014 confidently not flooded""}, {""factor"": ""Coverage coherence"", ""delta"": 7, ""reason"": ""0% coverage \u2014 confidently dry""}, {""factor"": ""Urban SAR shadow"", ""delta"": -15, ""reason"": ""Dense urban area \u2014 radar shadow can mimic water""}]",1,"Sensors disagree: optical, DEM-hydrology indicate flooding while SAR indicate dry/implausible — routed to manual review.","{""sar"": ""dry"", ""optical"": ""flood"", ""dem_hydrology"": ""flood""}"
HARV-00579,"8584 Katy Freeway, Houston, TX, 77024",0.0,0.0,0.0,0.0,0.0,Remote-Deny,81,Deny remotely — no significant flooding detected by satellite,Satellite data at 8584 Katy Freeway indicates 0.0ft depth; remote-deny per 81% confidence.,1,1,0.0,"[{""factor"": ""SAR recency"", ""delta"": 8, ""reason"": ""Imagery 3d post-event \u2014 fresh""}, {""factor"": ""Depth certainty"", ""delta"": 10, ""reason"": ""Near-zero depth \u2014 confidently not flooded""}, {""factor"": ""Coverage coherence"", ""delta"": 7, ""reason"": ""0% coverage \u2014 confidently dry""}, {""factor"": ""Urban SAR shadow"", ""delta"": -15, ""reason"": ""Dense urban area \u2014 radar shadow can mimic water""}, {""factor"": ""Optical cross-check"", ""delta"": 6, ""reason"": ""Sentinel-2 confirms dry ground \u2014 sensors agree""}]",0,,"{""sar"": ""dry"", ""optical"": ""dry"", ""dem_hydrology"": ""abstain""}"
HARV-00580,"10275 South Post Oak Road Frontage Road, Houston, TX, 77096",0.0,0.0,0.0,0.0,0.0,Remote-Deny,81,Deny remotely — no significant flooding detected by satellite,Satellite data at 10275 South Post Oak Road Frontage Road indicates 0.0ft depth; remote-deny per 81% confidence.,1,1,0.0,"[{""factor"": ""SAR recency"", ""delta"": 8, ""reason"": ""Imagery 3d post-event \u2014 fresh""}, {""factor"": ""Depth certainty"", ""delta"": 10, ""reason"": ""Near-zero depth \u2014 confidently not flooded""}, {""factor"": ""Coverage coherence"", ""delta"": 7, ""reason"": ""0% coverage \u2014 confidently dry""}, {""factor"": ""Urban SAR shadow"", ""delta"": -15, ""reason"": ""Dense urban area \u2014 radar shadow can mimic water""}, {""factor"": ""Optical cross-check"", ""delta"": 6, ""reason"": ""Sentinel-2 confirms dry ground \u2014 sensors agree""}]",0,,"{""sar"": ""dry"", ""optical"": ""dry"", ""dem_hydrology"": ""flood""}"
HARV-00581,"10455 Briar Forest Drive, Houston, TX, 77042",0.0,0.0,0.0,0.0,0.0,Review,75,Flag for manual review — borderline measurements or low confidence,Satellite data at 10455 Briar Forest Drive indicates 0.0ft depth; review per 75% confidence.,1,1,0.232,"[{""factor"": ""SAR recency"", ""delta"": 8, ""reason"": ""Imagery 3d post-event \u2014 fresh""}, {""factor"": ""Depth certainty"", ""delta"": 10, ""reason"": ""Near-zero depth \u2014 confidently not flooded""}, {""factor"": ""Coverage coherence"", ""delta"": 7, ""reason"": ""0% coverage \u2014 confidently dry""}, {""factor"": ""Urban SAR shadow"", ""delta"": -15, ""reason"": ""Dense urban area \u2014 radar shadow can mimic water""}]",1,Sensors disagree: optical indicate flooding while SAR indicate dry/implausible — routed to manual review.,"{""sar"": ""dry"", ""optical"": ""flood"", ""dem_hydrology"": ""abstain""}"
HARV-00582,"8710 Westpark Drive, Houston, TX, 77063",0.0,0.0,0.0,0.0,0.0,Remote-Deny,81,Deny remotely — no significant flooding detected by satellite,Satellite data at 8710 Westpark Drive indicates 0.0ft depth; remote-deny per 81% confidence.,1,1,0.0,"[{""factor"": ""SAR recency"", ""delta"": 8, ""reason"": ""Imagery 3d post-event \u2014 fresh""}, {""factor"": ""Depth certainty"", ""delta"": 10, ""reason"": ""Near-zero depth \u2014 confidently not flooded""}, {""factor"": ""Coverage coherence"", ""delta"": 7, ""reason"": ""0% coverage \u2014 confidently dry""}, {""factor"": ""Urban SAR shadow"", ""delta"": -15, ""reason"": ""Dense urban area \u2014 radar shadow can mimic water""}, {""factor"": ""Optical cross-check"", ""delta"": 6, ""reason"": ""Sentinel-2 confirms dry ground \u2014 sensors agree""}]",0,,"{""sar"": ""dry"", ""optical"": ""dry"", ""dem_hydrology"": ""flood""}"
HARV-00583,"120 West Sam Houston Parkway, Houston, TX",0.0,0.0,0.0,0.0,0.0,Remote-Deny,81,Deny remotely — no significant flooding detected by satellite,Satellite data at 120 West Sam Houston Parkway indicates 0.0ft depth; remote-deny per 81% confidence.,1,1,0.0,"[{""factor"": ""SAR recency"", ""delta"": 8, ""reason"": ""Imagery 3d post-event \u2014 fresh""}, {""factor"": ""Depth certainty"", ""delta"": 10, ""reason"": ""Near-zero depth \u2014 confidently not flooded""}, {""factor"": ""Coverage coherence"", ""delta"": 7, ""reason"": ""0% coverage \u2014 confidently dry""}, {""factor"": ""Urban SAR shadow"", ""delta"": -15, ""reason"": ""Dense urban area \u2014 radar shadow can mimic water""}, {""factor"": ""Optical cross-check"", ""delta"": 6, ""reason"": ""Sentinel-2 confirms dry ground \u2014 sensors agree""}]",0,,"{""sar"": ""dry"", ""optical"": ""dry"", ""dem_hydrology"": ""flood""}"
HARV-00584,"10039 Bissonnet Street, Houston, TX, 77036",0.0,0.0,0.0,0.0,0.0,Review,75,Flag for manual review — borderline measurements or low confidence,Satellite data at 10039 Bissonnet Street indicates 0.0ft depth; review per 75% confidence.,1,1,0.1401,"[{""factor"": ""SAR recency"", ""delta"": 8, ""reason"": ""Imagery 3d post-event \u2014 fresh""}, {""factor"": ""Depth certainty"", ""delta"": 10, ""reason"": ""Near-zero depth \u2014 confidently not flooded""}, {""factor"": ""Coverage coherence"", ""delta"": 7, ""reason"": ""0% coverage \u2014 confidently dry""}, {""factor"": ""Urban SAR shadow"", ""delta"": -15, ""reason"": ""Dense urban area \u2014 radar shadow can mimic water""}]",1,"Sensors disagree: optical, DEM-hydrology indicate flooding while SAR indicate dry/implausible — routed to manual review.","{""sar"": ""dry"", ""optical"": ""flood"", ""dem_hydrology"": ""flood""}"
HARV-00585,"2400 Mid Lane, Houston, TX, 77027",0.0,0.0,0.0,0.0,0.0,Remote-Deny,81,Deny remotely — no significant flooding detected by satellite,Satellite data at 2400 Mid Lane indicates 0.0ft depth; remote-deny per 81% confidence.,1,1,0.0,"[{""factor"": ""SAR recency"", ""delta"": 8, ""reason"": ""Imagery 3d post-event \u2014 fresh""}, {""factor"": ""Depth certainty"", ""delta"": 10, ""reason"": ""Near-zero depth \u2014 confidently not flooded""}, {""factor"": ""Coverage coherence"", ""delta"": 7, ""reason"": ""0% coverage \u2014 confidently dry""}, {""factor"": ""Urban SAR shadow"", ""delta"": -15, ""reason"": ""Dense urban area \u2014 radar shadow can mimic water""}, {""factor"": ""Optical cross-check"", ""delta"": 6, ""reason"": ""Sentinel-2 confirms dry ground \u2014 sensors agree""}]",0,,"{""sar"": ""dry"", ""optical"": ""dry"", ""dem_hydrology"": ""flood""}"
HARV-00586,"5301 Nolda Street, Houston, TX, 77007",0.0,0.0,0.0,0.0,0.0,Remote-Deny,81,Deny remotely — no significant flooding detected by satellite,Satellite data at 5301 Nolda Street indicates 0.0ft depth; remote-deny per 81% confidence.,1,1,0.0,"[{""factor"": ""SAR recency"", ""delta"": 8, ""reason"": ""Imagery 3d post-event \u2014 fresh""}, {""factor"": ""Depth certainty"", ""delta"": 10, ""reason"": ""Near-zero depth \u2014 confidently not flooded""}, {""factor"": ""Coverage coherence"", ""delta"": 7, ""reason"": ""0% coverage \u2014 confidently dry""}, {""factor"": ""Urban SAR shadow"", ""delta"": -15, ""reason"": ""Dense urban area \u2014 radar shadow can mimic water""}, {""factor"": ""Optical cross-check"", ""delta"": 6, ""reason"": ""Sentinel-2 confirms dry ground \u2014 sensors agree""}]",0,,"{""sar"": ""dry"", ""optical"": ""dry"", ""dem_hydrology"": ""dry""}"
HARV-00587,"2207 Washington Avenue, Houston, TX, 77007",0.0,0.0,0.0,0.0,0.0,Remote-Deny,81,Deny remotely — no significant flooding detected by satellite,Satellite data at 2207 Washington Avenue indicates 0.0ft depth; remote-deny per 81% confidence.,1,1,0.0,"[{""factor"": ""SAR recency"", ""delta"": 8, ""reason"": ""Imagery 3d post-event \u2014 fresh""}, {""factor"": ""Depth certainty"", ""delta"": 10, ""reason"": ""Near-zero depth \u2014 confidently not flooded""}, {""factor"": ""Coverage coherence"", ""delta"": 7, ""reason"": ""0% coverage \u2014 confidently dry""}, {""factor"": ""Urban SAR shadow"", ""delta"": -15, ""reason"": ""Dense urban area \u2014 radar shadow can mimic water""}, {""factor"": ""Optical cross-check"", ""delta"": 6, ""reason"": ""Sentinel-2 confirms dry ground \u2014 sensors agree""}]",0,,"{""sar"": ""dry"", ""optical"": ""dry"", ""dem_hydrology"": ""abstain""}"
HARV-00588,"2203 Washington Avenue, Houston, TX, 77007",0.0,0.0,0.0,0.0,0.0,Remote-Deny,81,Deny remotely — no significant flooding detected by satellite,Satellite data at 2203 Washington Avenue indicates 0.0ft depth; remote-deny per 81% confidence.,1,1,0.0,"[{""factor"": ""SAR recency"", ""delta"": 8, ""reason"": ""Imagery 3d post-event \u2014 fresh""}, {""factor"": ""Depth certainty"", ""delta"": 10, ""reason"": ""Near-zero depth \u2014 confidently not flooded""}, {""factor"": ""Coverage coherence"", ""delta"": 7, ""reason"": ""0% coverage \u2014 confidently dry""}, {""factor"": ""Urban SAR shadow"", ""delta"": -15, ""reason"": ""Dense urban area \u2014 radar shadow can mimic water""}, {""factor"": ""Optical cross-check"", ""delta"": 6, ""reason"": ""Sentinel-2 confirms dry ground \u2014 sensors agree""}]",0,,"{""sar"": ""dry"", ""optical"": ""dry"", ""dem_hydrology"": ""abstain""}"
HARV-00589,"2206 Edwards Street, Houston, TX, 77007",0.0,0.0,0.0,0.0,0.0,Remote-Deny,81,Deny remotely — no significant flooding detected by satellite,Satellite data at 2206 Edwards Street indicates 0.0ft depth; remote-deny per 81% confidence.,1,1,0.0,"[{""factor"": ""SAR recency"", ""delta"": 8, ""reason"": ""Imagery 3d post-event \u2014 fresh""}, {""factor"": ""Depth certainty"", ""delta"": 10, ""reason"": ""Near-zero depth \u2014 confidently not flooded""}, {""factor"": ""Coverage coherence"", ""delta"": 7, ""reason"": ""0% coverage \u2014 confidently dry""}, {""factor"": ""Urban SAR shadow"", ""delta"": -15, ""reason"": ""Dense urban area \u2014 radar shadow can mimic water""}, {""factor"": ""Optical cross-check"", ""delta"": 6, ""reason"": ""Sentinel-2 confirms dry ground \u2014 sensors agree""}]",0,,"{""sar"": ""dry"", ""optical"": ""dry"", ""dem_hydrology"": ""flood""}"
HARV-00590,"602 Fairview Street, Houston, TX, 77006",0.0,0.0,0.0,0.0,0.0,Remote-Deny,81,Deny remotely — no significant flooding detected by satellite,Satellite data at 602 Fairview Street indicates 0.0ft depth; remote-deny per 81% confidence.,1,1,0.0,"[{""factor"": ""SAR recency"", ""delta"": 8, ""reason"": ""Imagery 3d post-event \u2014 fresh""}, {""factor"": ""Depth certainty"", ""delta"": 10, ""reason"": ""Near-zero depth \u2014 confidently not flooded""}, {""factor"": ""Coverage coherence"", ""delta"": 7, ""reason"": ""0% coverage \u2014 confidently dry""}, {""factor"": ""Urban SAR shadow"", ""delta"": -15, ""reason"": ""Dense urban area \u2014 radar shadow can mimic water""}, {""factor"": ""Optical cross-check"", ""delta"": 6, ""reason"": ""Sentinel-2 confirms dry ground \u2014 sensors agree""}]",0,,"{""sar"": ""dry"", ""optical"": ""dry"", ""dem_hydrology"": ""flood""}"
HARV-00591,"604 Fairview Street, Houston, TX, 77006",0.0,0.0,0.0,0.0,0.0,Remote-Deny,81,Deny remotely — no significant flooding detected by satellite,Satellite data at 604 Fairview Street indicates 0.0ft depth; remote-deny per 81% confidence.,1,1,0.0,"[{""factor"": ""SAR recency"", ""delta"": 8, ""reason"": ""Imagery 3d post-event \u2014 fresh""}, {""factor"": ""Depth certainty"", ""delta"": 10, ""reason"": ""Near-zero depth \u2014 confidently not flooded""}, {""factor"": ""Coverage coherence"", ""delta"": 7, ""reason"": ""0% coverage \u2014 confidently dry""}, {""factor"": ""Urban SAR shadow"", ""delta"": -15, ""reason"": ""Dense urban area \u2014 radar shadow can mimic water""}, {""factor"": ""Optical cross-check"", ""delta"": 6, ""reason"": ""Sentinel-2 confirms dry ground \u2014 sensors agree""}]",0,,"{""sar"": ""dry"", ""optical"": ""dry"", ""dem_hydrology"": ""flood""}"
HARV-00592,"2802 White Oak Drive, Houston, TX, 77007",0.0,0.0,0.0,0.0,0.0,Remote-Deny,81,Deny remotely — no significant flooding detected by satellite,Satellite data at 2802 White Oak Drive indicates 0.0ft depth; remote-deny per 81% confidence.,1,1,0.0,"[{""factor"": ""SAR recency"", ""delta"": 8, ""reason"": ""Imagery 3d post-event \u2014 fresh""}, {""factor"": ""Depth certainty"", ""delta"": 10, ""reason"": ""Near-zero depth \u2014 confidently not flooded""}, {""factor"": ""Coverage coherence"", ""delta"": 7, ""reason"": ""0% coverage \u2014 confidently dry""}, {""factor"": ""Urban SAR shadow"", ""delta"": -15, ""reason"": ""Dense urban area \u2014 radar shadow can mimic water""}, {""factor"": ""Optical cross-check"", ""delta"": 6, ""reason"": ""Sentinel-2 confirms dry ground \u2014 sensors agree""}]",0,,"{""sar"": ""dry"", ""optical"": ""dry"", ""dem_hydrology"": ""dry""}"
HARV-00593,"9399 South Gessner Drive, Houston, TX, 77074",0.0,0.0,0.0,0.0,0.0,Remote-Deny,81,Deny remotely — no significant flooding detected by satellite,Satellite data at 9399 South Gessner Drive indicates 0.0ft depth; remote-deny per 81% confidence.,1,1,0.0,"[{""factor"": ""SAR recency"", ""delta"": 8, ""reason"": ""Imagery 3d post-event \u2014 fresh""}, {""factor"": ""Depth certainty"", ""delta"": 10, ""reason"": ""Near-zero depth \u2014 confidently not flooded""}, {""factor"": ""Coverage coherence"", ""delta"": 7, ""reason"": ""0% coverage \u2014 confidently dry""}, {""factor"": ""Urban SAR shadow"", ""delta"": -15, ""reason"": ""Dense urban area \u2014 radar shadow can mimic water""}, {""factor"": ""Optical cross-check"", ""delta"": 6, ""reason"": ""Sentinel-2 confirms dry ground \u2014 sensors agree""}]",0,,"{""sar"": ""dry"", ""optical"": ""dry"", ""dem_hydrology"": ""abstain""}"
HARV-00594,"13950 Hillcroft Avenue, Houston, TX, 77085",0.0,0.0,0.0,0.0,0.0,Remote-Deny,81,Deny remotely — no significant flooding detected by satellite,Satellite data at 13950 Hillcroft Avenue indicates 0.0ft depth; remote-deny per 81% confidence.,1,1,0.0,"[{""factor"": ""SAR recency"", ""delta"": 8, ""reason"": ""Imagery 3d post-event \u2014 fresh""}, {""factor"": ""Depth certainty"", ""delta"": 10, ""reason"": ""Near-zero depth \u2014 confidently not flooded""}, {""factor"": ""Coverage coherence"", ""delta"": 7, ""reason"": ""0% coverage \u2014 confidently dry""}, {""factor"": ""Urban SAR shadow"", ""delta"": -15, ""reason"": ""Dense urban area \u2014 radar shadow can mimic water""}, {""factor"": ""Optical cross-check"", ""delta"": 6, ""reason"": ""Sentinel-2 confirms dry ground \u2014 sensors agree""}]",0,,"{""sar"": ""dry"", ""optical"": ""dry"", ""dem_hydrology"": ""abstain""}"
HARV-00595,"1417 Westheimer Road, Houston, TX, 77006",0.0,0.0,0.0,0.0,0.0,Remote-Deny,81,Deny remotely — no significant flooding detected by satellite,Satellite data at 1417 Westheimer Road indicates 0.0ft depth; remote-deny per 81% confidence.,1,1,0.0,"[{""factor"": ""SAR recency"", ""delta"": 8, ""reason"": ""Imagery 3d post-event \u2014 fresh""}, {""factor"": ""Depth certainty"", ""delta"": 10, ""reason"": ""Near-zero depth \u2014 confidently not flooded""}, {""factor"": ""Coverage coherence"", ""delta"": 7, ""reason"": ""0% coverage \u2014 confidently dry""}, {""factor"": ""Urban SAR shadow"", ""delta"": -15, ""reason"": ""Dense urban area \u2014 radar shadow can mimic water""}, {""factor"": ""Optical cross-check"", ""delta"": 6, ""reason"": ""Sentinel-2 confirms dry ground \u2014 sensors agree""}]",0,,"{""sar"": ""dry"", ""optical"": ""dry"", ""dem_hydrology"": ""flood""}"
HARV-00596,"2800 Kirby Drive, Houston, TX, 77098",0.0,0.0,0.0,0.0,0.0,Review,75,Flag for manual review — borderline measurements or low confidence,Satellite data at 2800 Kirby Drive indicates 0.0ft depth; review per 75% confidence.,1,1,0.4011,"[{""factor"": ""SAR recency"", ""delta"": 8, ""reason"": ""Imagery 3d post-event \u2014 fresh""}, {""factor"": ""Depth certainty"", ""delta"": 10, ""reason"": ""Near-zero depth \u2014 confidently not flooded""}, {""factor"": ""Coverage coherence"", ""delta"": 7, ""reason"": ""0% coverage \u2014 confidently dry""}, {""factor"": ""Urban SAR shadow"", ""delta"": -15, ""reason"": ""Dense urban area \u2014 radar shadow can mimic water""}]",1,"Sensors disagree: optical indicate flooding while SAR, DEM-hydrology indicate dry/implausible — routed to manual review.","{""sar"": ""dry"", ""optical"": ""flood"", ""dem_hydrology"": ""dry""}"
HARV-00597,"1749 Richmond Avenue, Houston, TX, 77098",0.0,0.0,0.0,0.0,0.0,Remote-Deny,81,Deny remotely — no significant flooding detected by satellite,Satellite data at 1749 Richmond Avenue indicates 0.0ft depth; remote-deny per 81% confidence.,1,1,0.0,"[{""factor"": ""SAR recency"", ""delta"": 8, ""reason"": ""Imagery 3d post-event \u2014 fresh""}, {""factor"": ""Depth certainty"", ""delta"": 10, ""reason"": ""Near-zero depth \u2014 confidently not flooded""}, {""factor"": ""Coverage coherence"", ""delta"": 7, ""reason"": ""0% coverage \u2014 confidently dry""}, {""factor"": ""Urban SAR shadow"", ""delta"": -15, ""reason"": ""Dense urban area \u2014 radar shadow can mimic water""}, {""factor"": ""Optical cross-check"", ""delta"": 6, ""reason"": ""Sentinel-2 confirms dry ground \u2014 sensors agree""}]",0,,"{""sar"": ""dry"", ""optical"": ""dry"", ""dem_hydrology"": ""flood""}"
HARV-00598,"1625 Richmond Avenue, Houston, TX, 77006",0.0,0.0,0.0,0.0,0.0,Remote-Deny,81,Deny remotely — no significant flooding detected by satellite,Satellite data at 1625 Richmond Avenue indicates 0.0ft depth; remote-deny per 81% confidence.,1,1,0.0,"[{""factor"": ""SAR recency"", ""delta"": 8, ""reason"": ""Imagery 3d post-event \u2014 fresh""}, {""factor"": ""Depth certainty"", ""delta"": 10, ""reason"": ""Near-zero depth \u2014 confidently not flooded""}, {""factor"": ""Coverage coherence"", ""delta"": 7, ""reason"": ""0% coverage \u2014 confidently dry""}, {""factor"": ""Urban SAR shadow"", ""delta"": -15, ""reason"": ""Dense urban area \u2014 radar shadow can mimic water""}, {""factor"": ""Optical cross-check"", ""delta"": 6, ""reason"": ""Sentinel-2 confirms dry ground \u2014 sensors agree""}]",0,,"{""sar"": ""dry"", ""optical"": ""dry"", ""dem_hydrology"": ""flood""}"
HARV-00599,"5827 Hillcroft Avenue, Houston, TX, 77036",0.0,0.0,0.0,0.0,0.0,Remote-Deny,81,Deny remotely — no significant flooding detected by satellite,Satellite data at 5827 Hillcroft Avenue indicates 0.0ft depth; remote-deny per 81% confidence.,1,1,0.0,"[{""factor"": ""SAR recency"", ""delta"": 8, ""reason"": ""Imagery 3d post-event \u2014 fresh""}, {""factor"": ""Depth certainty"", ""delta"": 10, ""reason"": ""Near-zero depth \u2014 confidently not flooded""}, {""factor"": ""Coverage coherence"", ""delta"": 7, ""reason"": ""0% coverage \u2014 confidently dry""}, {""factor"": ""Urban SAR shadow"", ""delta"": -15, ""reason"": ""Dense urban area \u2014 radar shadow can mimic water""}, {""factor"": ""Optical cross-check"", ""delta"": 6, ""reason"": ""Sentinel-2 confirms dry ground \u2014 sensors agree""}]",0,,"{""sar"": ""dry"", ""optical"": ""dry"", ""dem_hydrology"": ""flood""}"
HARV-00600,"8121 Westglen Drive, Houston, TX, 77063",0.0,0.0,0.0,0.0,0.0,Remote-Deny,81,Deny remotely — no significant flooding detected by satellite,Satellite data at 8121 Westglen Drive indicates 0.0ft depth; remote-deny per 81% confidence.,1,1,0.0,"[{""factor"": ""SAR recency"", ""delta"": 8, ""reason"": ""Imagery 3d post-event \u2014 fresh""}, {""factor"": ""Depth certainty"", ""delta"": 10, ""reason"": ""Near-zero depth \u2014 confidently not flooded""}, {""factor"": ""Coverage coherence"", ""delta"": 7, ""reason"": ""0% coverage \u2014 confidently dry""}, {""factor"": ""Urban SAR shadow"", ""delta"": -15, ""reason"": ""Dense urban area \u2014 radar shadow can mimic water""}, {""factor"": ""Optical cross-check"", ""delta"": 6, ""reason"": ""Sentinel-2 confirms dry ground \u2014 sensors agree""}]",0,,"{""sar"": ""dry"", ""optical"": ""dry"", ""dem_hydrology"": ""flood""}"
HARV-00601,"11625 Beechnut Street, Houston, TX, 77072",0.0,0.0,0.0,0.0,0.0,Remote-Deny,81,Deny remotely — no significant flooding detected by satellite,Satellite data at 11625 Beechnut Street indicates 0.0ft depth; remote-deny per 81% confidence.,1,1,0.0,"[{""factor"": ""SAR recency"", ""delta"": 8, ""reason"": ""Imagery 3d post-event \u2014 fresh""}, {""factor"": ""Depth certainty"", ""delta"": 10, ""reason"": ""Near-zero depth \u2014 confidently not flooded""}, {""factor"": ""Coverage coherence"", ""delta"": 7, ""reason"": ""0% coverage \u2014 confidently dry""}, {""factor"": ""Urban SAR shadow"", ""delta"": -15, ""reason"": ""Dense urban area \u2014 radar shadow can mimic water""}, {""factor"": ""Optical cross-check"", ""delta"": 6, ""reason"": ""Sentinel-2 confirms dry ground \u2014 sensors agree""}]",0,,"{""sar"": ""dry"", ""optical"": ""dry"", ""dem_hydrology"": ""flood""}"
HARV-00602,"9280 Bellaire Boulevard, Houston, TX, 77036",0.0,0.0,0.0,0.0,0.0,Remote-Deny,81,Deny remotely — no significant flooding detected by satellite,Satellite data at 9280 Bellaire Boulevard indicates 0.0ft depth; remote-deny per 81% confidence.,1,1,0.0191,"[{""factor"": ""SAR recency"", ""delta"": 8, ""reason"": ""Imagery 3d post-event \u2014 fresh""}, {""factor"": ""Depth certainty"", ""delta"": 10, ""reason"": ""Near-zero depth \u2014 confidently not flooded""}, {""factor"": ""Coverage coherence"", ""delta"": 7, ""reason"": ""0% coverage \u2014 confidently dry""}, {""factor"": ""Urban SAR shadow"", ""delta"": -15, ""reason"": ""Dense urban area \u2014 radar shadow can mimic water""}, {""factor"": ""Optical cross-check"", ""delta"": 6, ""reason"": ""Sentinel-2 confirms dry ground \u2014 sensors agree""}]",0,,"{""sar"": ""dry"", ""optical"": ""dry"", ""dem_hydrology"": ""flood""}"
HARV-00603,"9380 Bellaire Boulevard, Houston, TX, 77036",0.0,0.0,0.0,0.0,0.0,Review,75,Flag for manual review — borderline measurements or low confidence,Satellite data at 9380 Bellaire Boulevard indicates 0.0ft depth; review per 75% confidence.,1,1,0.0863,"[{""factor"": ""SAR recency"", ""delta"": 8, ""reason"": ""Imagery 3d post-event \u2014 fresh""}, {""factor"": ""Depth certainty"", ""delta"": 10, ""reason"": ""Near-zero depth \u2014 confidently not flooded""}, {""factor"": ""Coverage coherence"", ""delta"": 7, ""reason"": ""0% coverage \u2014 confidently dry""}, {""factor"": ""Urban SAR shadow"", ""delta"": -15, ""reason"": ""Dense urban area \u2014 radar shadow can mimic water""}]",0,,"{""sar"": ""dry"", ""optical"": ""abstain"", ""dem_hydrology"": ""flood""}"
HARV-00604,"5753 West Alabama Street, Houston, TX, 77056",0.0,0.0,0.0,0.0,0.0,Review,75,Flag for manual review — borderline measurements or low confidence,Satellite data at 5753 West Alabama Street indicates 0.0ft depth; review per 75% confidence.,1,1,0.3125,"[{""factor"": ""SAR recency"", ""delta"": 8, ""reason"": ""Imagery 3d post-event \u2014 fresh""}, {""factor"": ""Depth certainty"", ""delta"": 10, ""reason"": ""Near-zero depth \u2014 confidently not flooded""}, {""factor"": ""Coverage coherence"", ""delta"": 7, ""reason"": ""0% coverage \u2014 confidently dry""}, {""factor"": ""Urban SAR shadow"", ""delta"": -15, ""reason"": ""Dense urban area \u2014 radar shadow can mimic water""}]",1,Sensors disagree: optical indicate flooding while SAR indicate dry/implausible — routed to manual review.,"{""sar"": ""dry"", ""optical"": ""flood"", ""dem_hydrology"": ""abstain""}"
HARV-00605,"9801 Westheimer Road, Houston, TX, 77042",0.0,0.0,0.0,0.0,0.0,Remote-Deny,81,Deny remotely — no significant flooding detected by satellite,Satellite data at 9801 Westheimer Road indicates 0.0ft depth; remote-deny per 81% confidence.,1,1,0.0,"[{""factor"": ""SAR recency"", ""delta"": 8, ""reason"": ""Imagery 3d post-event \u2014 fresh""}, {""factor"": ""Depth certainty"", ""delta"": 10, ""reason"": ""Near-zero depth \u2014 confidently not flooded""}, {""factor"": ""Coverage coherence"", ""delta"": 7, ""reason"": ""0% coverage \u2014 confidently dry""}, {""factor"": ""Urban SAR shadow"", ""delta"": -15, ""reason"": ""Dense urban area \u2014 radar shadow can mimic water""}, {""factor"": ""Optical cross-check"", ""delta"": 6, ""reason"": ""Sentinel-2 confirms dry ground \u2014 sensors agree""}]",0,,"{""sar"": ""dry"", ""optical"": ""dry"", ""dem_hydrology"": ""flood""}"
HARV-00606,"12848 Queensbury Lane, Houston, TX, 77079",0.0,0.0,0.0,0.0,0.0,Remote-Deny,81,Deny remotely — no significant flooding detected by satellite,Satellite data at 12848 Queensbury Lane indicates 0.0ft depth; remote-deny per 81% confidence.,1,1,0.0009,"[{""factor"": ""SAR recency"", ""delta"": 8, ""reason"": ""Imagery 3d post-event \u2014 fresh""}, {""factor"": ""Depth certainty"", ""delta"": 10, ""reason"": ""Near-zero depth \u2014 confidently not flooded""}, {""factor"": ""Coverage coherence"", ""delta"": 7, ""reason"": ""0% coverage \u2014 confidently dry""}, {""factor"": ""Urban SAR shadow"", ""delta"": -15, ""reason"": ""Dense urban area \u2014 radar shadow can mimic water""}, {""factor"": ""Optical cross-check"", ""delta"": 6, ""reason"": ""Sentinel-2 confirms dry ground \u2014 sensors agree""}]",0,,"{""sar"": ""dry"", ""optical"": ""dry"", ""dem_hydrology"": ""dry""}"
HARV-00607,"800 Sorella Court, Houston, TX, 77079",0.0,0.0,0.0,0.0,0.0,Review,75,Flag for manual review — borderline measurements or low confidence,Satellite data at 800 Sorella Court indicates 0.0ft depth; review per 75% confidence.,1,1,0.0737,"[{""factor"": ""SAR recency"", ""delta"": 8, ""reason"": ""Imagery 3d post-event \u2014 fresh""}, {""factor"": ""Depth certainty"", ""delta"": 10, ""reason"": ""Near-zero depth \u2014 confidently not flooded""}, {""factor"": ""Coverage coherence"", ""delta"": 7, ""reason"": ""0% coverage \u2014 confidently dry""}, {""factor"": ""Urban SAR shadow"", ""delta"": -15, ""reason"": ""Dense urban area \u2014 radar shadow can mimic water""}]",0,,"{""sar"": ""dry"", ""optical"": ""abstain"", ""dem_hydrology"": ""abstain""}"
HARV-00608,"12888 Queensbury Lane, Houston, TX, 77024",0.0,0.0,0.0,0.0,0.0,Review,75,Flag for manual review — borderline measurements or low confidence,Satellite data at 12888 Queensbury Lane indicates 0.0ft depth; review per 75% confidence.,1,1,0.0555,"[{""factor"": ""SAR recency"", ""delta"": 8, ""reason"": ""Imagery 3d post-event \u2014 fresh""}, {""factor"": ""Depth certainty"", ""delta"": 10, ""reason"": ""Near-zero depth \u2014 confidently not flooded""}, {""factor"": ""Coverage coherence"", ""delta"": 7, ""reason"": ""0% coverage \u2014 confidently dry""}, {""factor"": ""Urban SAR shadow"", ""delta"": -15, ""reason"": ""Dense urban area \u2014 radar shadow can mimic water""}]",0,,"{""sar"": ""dry"", ""optical"": ""abstain"", ""dem_hydrology"": ""dry""}"
HARV-00609,"840 West Sam Houston Parkway North, Houston, TX, 77079",0.0,0.0,0.0,0.0,0.0,Review,75,Flag for manual review — borderline measurements or low confidence,Satellite data at 840 West Sam Houston Parkway North indicates 0.0ft depth; review per 75% confidence.,1,1,0.1162,"[{""factor"": ""SAR recency"", ""delta"": 8, ""reason"": ""Imagery 3d post-event \u2014 fresh""}, {""factor"": ""Depth certainty"", ""delta"": 10, ""reason"": ""Near-zero depth \u2014 confidently not flooded""}, {""factor"": ""Coverage coherence"", ""delta"": 7, ""reason"": ""0% coverage \u2014 confidently dry""}, {""factor"": ""Urban SAR shadow"", ""delta"": -15, ""reason"": ""Dense urban area \u2014 radar shadow can mimic water""}]",1,Sensors disagree: optical indicate flooding while SAR indicate dry/implausible — routed to manual review.,"{""sar"": ""dry"", ""optical"": ""flood"", ""dem_hydrology"": ""abstain""}"
HARV-00610,"799 Town and Country Boulevard, Houston, TX, 77024",0.0,0.0,0.0,0.0,0.0,Remote-Deny,81,Deny remotely — no significant flooding detected by satellite,Satellite data at 799 Town and Country Boulevard indicates 0.0ft depth; remote-deny per 81% confidence.,1,1,0.0,"[{""factor"": ""SAR recency"", ""delta"": 8, ""reason"": ""Imagery 3d post-event \u2014 fresh""}, {""factor"": ""Depth certainty"", ""delta"": 10, ""reason"": ""Near-zero depth \u2014 confidently not flooded""}, {""factor"": ""Coverage coherence"", ""delta"": 7, ""reason"": ""0% coverage \u2014 confidently dry""}, {""factor"": ""Urban SAR shadow"", ""delta"": -15, ""reason"": ""Dense urban area \u2014 radar shadow can mimic water""}, {""factor"": ""Optical cross-check"", ""delta"": 6, ""reason"": ""Sentinel-2 confirms dry ground \u2014 sensors agree""}]",0,,"{""sar"": ""dry"", ""optical"": ""dry"", ""dem_hydrology"": ""abstain""}"
HARV-00611,"842 West Sam Houston Parkway North, Houston, TX, 77079",0.0,0.0,0.0,0.0,0.0,Remote-Deny,81,Deny remotely — no significant flooding detected by satellite,Satellite data at 842 West Sam Houston Parkway North indicates 0.0ft depth; remote-deny per 81% confidence.,1,1,0.0087,"[{""factor"": ""SAR recency"", ""delta"": 8, ""reason"": ""Imagery 3d post-event \u2014 fresh""}, {""factor"": ""Depth certainty"", ""delta"": 10, ""reason"": ""Near-zero depth \u2014 confidently not flooded""}, {""factor"": ""Coverage coherence"", ""delta"": 7, ""reason"": ""0% coverage \u2014 confidently dry""}, {""factor"": ""Urban SAR shadow"", ""delta"": -15, ""reason"": ""Dense urban area \u2014 radar shadow can mimic water""}, {""factor"": ""Optical cross-check"", ""delta"": 6, ""reason"": ""Sentinel-2 confirms dry ground \u2014 sensors agree""}]",0,,"{""sar"": ""dry"", ""optical"": ""dry"", ""dem_hydrology"": ""abstain""}"
HARV-00612,303 Memorial City,0.0,0.0,0.0,0.0,0.0,Remote-Deny,81,Deny remotely — no significant flooding detected by satellite,Satellite data at 303 Memorial City indicates 0.0ft depth; remote-deny per 81% confidence.,1,1,0.0,"[{""factor"": ""SAR recency"", ""delta"": 8, ""reason"": ""Imagery 3d post-event \u2014 fresh""}, {""factor"": ""Depth certainty"", ""delta"": 10, ""reason"": ""Near-zero depth \u2014 confidently not flooded""}, {""factor"": ""Coverage coherence"", ""delta"": 7, ""reason"": ""0% coverage \u2014 confidently dry""}, {""factor"": ""Urban SAR shadow"", ""delta"": -15, ""reason"": ""Dense urban area \u2014 radar shadow can mimic water""}, {""factor"": ""Optical cross-check"", ""delta"": 6, ""reason"": ""Sentinel-2 confirms dry ground \u2014 sensors agree""}]",0,,"{""sar"": ""dry"", ""optical"": ""dry"", ""dem_hydrology"": ""abstain""}"
HARV-00613,"10523 Katy Freeway, Houston, TX, 77024",0.0,0.0,0.0,0.0,0.0,Remote-Deny,81,Deny remotely — no significant flooding detected by satellite,Satellite data at 10523 Katy Freeway indicates 0.0ft depth; remote-deny per 81% confidence.,1,1,0.0,"[{""factor"": ""SAR recency"", ""delta"": 8, ""reason"": ""Imagery 3d post-event \u2014 fresh""}, {""factor"": ""Depth certainty"", ""delta"": 10, ""reason"": ""Near-zero depth \u2014 confidently not flooded""}, {""factor"": ""Coverage coherence"", ""delta"": 7, ""reason"": ""0% coverage \u2014 confidently dry""}, {""factor"": ""Urban SAR shadow"", ""delta"": -15, ""reason"": ""Dense urban area \u2014 radar shadow can mimic water""}, {""factor"": ""Optical cross-check"", ""delta"": 6, ""reason"": ""Sentinel-2 confirms dry ground \u2014 sensors agree""}]",0,,"{""sar"": ""dry"", ""optical"": ""dry"", ""dem_hydrology"": ""flood""}"
HARV-00614,"10521 Katy Freeway, Houston, TX, 77024",0.0,0.0,0.0,0.0,0.0,Remote-Deny,81,Deny remotely — no significant flooding detected by satellite,Satellite data at 10521 Katy Freeway indicates 0.0ft depth; remote-deny per 81% confidence.,1,1,0.0,"[{""factor"": ""SAR recency"", ""delta"": 8, ""reason"": ""Imagery 3d post-event \u2014 fresh""}, {""factor"": ""Depth certainty"", ""delta"": 10, ""reason"": ""Near-zero depth \u2014 confidently not flooded""}, {""factor"": ""Coverage coherence"", ""delta"": 7, ""reason"": ""0% coverage \u2014 confidently dry""}, {""factor"": ""Urban SAR shadow"", ""delta"": -15, ""reason"": ""Dense urban area \u2014 radar shadow can mimic water""}, {""factor"": ""Optical cross-check"", ""delta"": 6, ""reason"": ""Sentinel-2 confirms dry ground \u2014 sensors agree""}]",0,,"{""sar"": ""dry"", ""optical"": ""dry"", ""dem_hydrology"": ""flood""}"
HARV-00615,"10217 Katy Freeway, Houston, TX, 77024",0.0,0.0,0.0,0.0,0.0,Remote-Deny,81,Deny remotely — no significant flooding detected by satellite,Satellite data at 10217 Katy Freeway indicates 0.0ft depth; remote-deny per 81% confidence.,1,1,0.0,"[{""factor"": ""SAR recency"", ""delta"": 8, ""reason"": ""Imagery 3d post-event \u2014 fresh""}, {""factor"": ""Depth certainty"", ""delta"": 10, ""reason"": ""Near-zero depth \u2014 confidently not flooded""}, {""factor"": ""Coverage coherence"", ""delta"": 7, ""reason"": ""0% coverage \u2014 confidently dry""}, {""factor"": ""Urban SAR shadow"", ""delta"": -15, ""reason"": ""Dense urban area \u2014 radar shadow can mimic water""}, {""factor"": ""Optical cross-check"", ""delta"": 6, ""reason"": ""Sentinel-2 confirms dry ground \u2014 sensors agree""}]",0,,"{""sar"": ""dry"", ""optical"": ""dry"", ""dem_hydrology"": ""flood""}"
HARV-00616,"9799 Katy Freeway, Houston, TX, 77024",0.0,0.0,0.0,0.0,0.0,Remote-Deny,81,Deny remotely — no significant flooding detected by satellite,Satellite data at 9799 Katy Freeway indicates 0.0ft depth; remote-deny per 81% confidence.,1,1,0.0,"[{""factor"": ""SAR recency"", ""delta"": 8, ""reason"": ""Imagery 3d post-event \u2014 fresh""}, {""factor"": ""Depth certainty"", ""delta"": 10, ""reason"": ""Near-zero depth \u2014 confidently not flooded""}, {""factor"": ""Coverage coherence"", ""delta"": 7, ""reason"": ""0% coverage \u2014 confidently dry""}, {""factor"": ""Urban SAR shadow"", ""delta"": -15, ""reason"": ""Dense urban area \u2014 radar shadow can mimic water""}, {""factor"": ""Optical cross-check"", ""delta"": 6, ""reason"": ""Sentinel-2 confirms dry ground \u2014 sensors agree""}]",0,,"{""sar"": ""dry"", ""optical"": ""dry"", ""dem_hydrology"": ""flood""}"
HARV-00617,"7699 Katy Freeway, Houston, TX, 77024",0.0,0.0,0.0,0.0,0.0,Remote-Deny,81,Deny remotely — no significant flooding detected by satellite,Satellite data at 7699 Katy Freeway indicates 0.0ft depth; remote-deny per 81% confidence.,1,1,0.0265,"[{""factor"": ""SAR recency"", ""delta"": 8, ""reason"": ""Imagery 3d post-event \u2014 fresh""}, {""factor"": ""Depth certainty"", ""delta"": 10, ""reason"": ""Near-zero depth \u2014 confidently not flooded""}, {""factor"": ""Coverage coherence"", ""delta"": 7, ""reason"": ""0% coverage \u2014 confidently dry""}, {""factor"": ""Urban SAR shadow"", ""delta"": -15, ""reason"": ""Dense urban area \u2014 radar shadow can mimic water""}, {""factor"": ""Optical cross-check"", ""delta"": 6, ""reason"": ""Sentinel-2 confirms dry ground \u2014 sensors agree""}]",0,,"{""sar"": ""dry"", ""optical"": ""dry"", ""dem_hydrology"": ""flood""}"
HARV-00618,"9778 Katy Freeway, Houston, TX",0.0,0.0,0.0,0.0,0.0,Remote-Deny,81,Deny remotely — no significant flooding detected by satellite,Satellite data at 9778 Katy Freeway indicates 0.0ft depth; remote-deny per 81% confidence.,1,1,0.0,"[{""factor"": ""SAR recency"", ""delta"": 8, ""reason"": ""Imagery 3d post-event \u2014 fresh""}, {""factor"": ""Depth certainty"", ""delta"": 10, ""reason"": ""Near-zero depth \u2014 confidently not flooded""}, {""factor"": ""Coverage coherence"", ""delta"": 7, ""reason"": ""0% coverage \u2014 confidently dry""}, {""factor"": ""Urban SAR shadow"", ""delta"": -15, ""reason"": ""Dense urban area \u2014 radar shadow can mimic water""}, {""factor"": ""Optical cross-check"", ""delta"": 6, ""reason"": ""Sentinel-2 confirms dry ground \u2014 sensors agree""}]",0,,"{""sar"": ""dry"", ""optical"": ""dry"", ""dem_hydrology"": ""flood""}"
HARV-00619,"9778 Katy Freeway, Houston, TX, 77055",0.0,0.0,0.0,0.0,0.0,Remote-Deny,81,Deny remotely — no significant flooding detected by satellite,Satellite data at 9778 Katy Freeway indicates 0.0ft depth; remote-deny per 81% confidence.,1,1,0.0,"[{""factor"": ""SAR recency"", ""delta"": 8, ""reason"": ""Imagery 3d post-event \u2014 fresh""}, {""factor"": ""Depth certainty"", ""delta"": 10, ""reason"": ""Near-zero depth \u2014 confidently not flooded""}, {""factor"": ""Coverage coherence"", ""delta"": 7, ""reason"": ""0% coverage \u2014 confidently dry""}, {""factor"": ""Urban SAR shadow"", ""delta"": -15, ""reason"": ""Dense urban area \u2014 radar shadow can mimic water""}, {""factor"": ""Optical cross-check"", ""delta"": 6, ""reason"": ""Sentinel-2 confirms dry ground \u2014 sensors agree""}]",0,,"{""sar"": ""dry"", ""optical"": ""dry"", ""dem_hydrology"": ""flood""}"
HARV-00620,"521 Lovett Boulevard, Houston, TX, 77006",0.0,0.0,0.0,0.0,0.0,Remote-Deny,81,Deny remotely — no significant flooding detected by satellite,Satellite data at 521 Lovett Boulevard indicates 0.0ft depth; remote-deny per 81% confidence.,1,1,0.0,"[{""factor"": ""SAR recency"", ""delta"": 8, ""reason"": ""Imagery 3d post-event \u2014 fresh""}, {""factor"": ""Depth certainty"", ""delta"": 10, ""reason"": ""Near-zero depth \u2014 confidently not flooded""}, {""factor"": ""Coverage coherence"", ""delta"": 7, ""reason"": ""0% coverage \u2014 confidently dry""}, {""factor"": ""Urban SAR shadow"", ""delta"": -15, ""reason"": ""Dense urban area \u2014 radar shadow can mimic water""}, {""factor"": ""Optical cross-check"", ""delta"": 6, ""reason"": ""Sentinel-2 confirms dry ground \u2014 sensors agree""}]",0,,"{""sar"": ""dry"", ""optical"": ""dry"", ""dem_hydrology"": ""flood""}"
HARV-00621,"11709 West Airport Boulevard, Meadows Place, TX, 77477",0.0,0.0,0.0,0.0,0.0,Review,75,Flag for manual review — borderline measurements or low confidence,Satellite data at 11709 West Airport Boulevard indicates 0.0ft depth; review per 75% confidence.,1,1,0.2325,"[{""factor"": ""SAR recency"", ""delta"": 8, ""reason"": ""Imagery 3d post-event \u2014 fresh""}, {""factor"": ""Depth certainty"", ""delta"": 10, ""reason"": ""Near-zero depth \u2014 confidently not flooded""}, {""factor"": ""Coverage coherence"", ""delta"": 7, ""reason"": ""0% coverage \u2014 confidently dry""}, {""factor"": ""Urban SAR shadow"", ""delta"": -15, ""reason"": ""Dense urban area \u2014 radar shadow can mimic water""}]",1,Sensors disagree: optical indicate flooding while SAR indicate dry/implausible — routed to manual review.,"{""sar"": ""dry"", ""optical"": ""flood"", ""dem_hydrology"": ""abstain""}"
HARV-00622,"12602 Southwest Freeway, Stafford, TX, 77477",0.0,0.0,0.0,0.0,0.0,Remote-Deny,81,Deny remotely — no significant flooding detected by satellite,Satellite data at 12602 Southwest Freeway indicates 0.0ft depth; remote-deny per 81% confidence.,1,1,0.0,"[{""factor"": ""SAR recency"", ""delta"": 8, ""reason"": ""Imagery 3d post-event \u2014 fresh""}, {""factor"": ""Depth certainty"", ""delta"": 10, ""reason"": ""Near-zero depth \u2014 confidently not flooded""}, {""factor"": ""Coverage coherence"", ""delta"": 7, ""reason"": ""0% coverage \u2014 confidently dry""}, {""factor"": ""Urban SAR shadow"", ""delta"": -15, ""reason"": ""Dense urban area \u2014 radar shadow can mimic water""}, {""factor"": ""Optical cross-check"", ""delta"": 6, ""reason"": ""Sentinel-2 confirms dry ground \u2014 sensors agree""}]",0,,"{""sar"": ""dry"", ""optical"": ""dry"", ""dem_hydrology"": ""flood""}"
HARV-00623,"12661 Memorial Drive, Houston, TX, 77024",0.0,0.0,0.0,0.0,0.0,Review,75,Flag for manual review — borderline measurements or low confidence,Satellite data at 12661 Memorial Drive indicates 0.0ft depth; review per 75% confidence.,1,1,0.1305,"[{""factor"": ""SAR recency"", ""delta"": 8, ""reason"": ""Imagery 3d post-event \u2014 fresh""}, {""factor"": ""Depth certainty"", ""delta"": 10, ""reason"": ""Near-zero depth \u2014 confidently not flooded""}, {""factor"": ""Coverage coherence"", ""delta"": 7, ""reason"": ""0% coverage \u2014 confidently dry""}, {""factor"": ""Urban SAR shadow"", ""delta"": -15, ""reason"": ""Dense urban area \u2014 radar shadow can mimic water""}]",1,"Sensors disagree: optical indicate flooding while SAR, DEM-hydrology indicate dry/implausible — routed to manual review.","{""sar"": ""dry"", ""optical"": ""flood"", ""dem_hydrology"": ""dry""}"
HARV-00624,"5100 Westheimer Road, Houston, TX, 77056",0.0,0.0,0.0,0.0,0.0,Remote-Deny,81,Deny remotely — no significant flooding detected by satellite,Satellite data at 5100 Westheimer Road indicates 0.0ft depth; remote-deny per 81% confidence.,1,1,0.0,"[{""factor"": ""SAR recency"", ""delta"": 8, ""reason"": ""Imagery 3d post-event \u2014 fresh""}, {""factor"": ""Depth certainty"", ""delta"": 10, ""reason"": ""Near-zero depth \u2014 confidently not flooded""}, {""factor"": ""Coverage coherence"", ""delta"": 7, ""reason"": ""0% coverage \u2014 confidently dry""}, {""factor"": ""Urban SAR shadow"", ""delta"": -15, ""reason"": ""Dense urban area \u2014 radar shadow can mimic water""}, {""factor"": ""Optical cross-check"", ""delta"": 6, ""reason"": ""Sentinel-2 confirms dry ground \u2014 sensors agree""}]",0,,"{""sar"": ""dry"", ""optical"": ""dry"", ""dem_hydrology"": ""dry""}"
HARV-00625,"1260 Blalock Road, Houston, TX, 77055-6476",0.0,0.0,0.0,0.0,0.0,Remote-Deny,81,Deny remotely — no significant flooding detected by satellite,Satellite data at 1260 Blalock Road indicates 0.0ft depth; remote-deny per 81% confidence.,1,1,0.0,"[{""factor"": ""SAR recency"", ""delta"": 8, ""reason"": ""Imagery 3d post-event \u2014 fresh""}, {""factor"": ""Depth certainty"", ""delta"": 10, ""reason"": ""Near-zero depth \u2014 confidently not flooded""}, {""factor"": ""Coverage coherence"", ""delta"": 7, ""reason"": ""0% coverage \u2014 confidently dry""}, {""factor"": ""Urban SAR shadow"", ""delta"": -15, ""reason"": ""Dense urban area \u2014 radar shadow can mimic water""}, {""factor"": ""Optical cross-check"", ""delta"": 6, ""reason"": ""Sentinel-2 confirms dry ground \u2014 sensors agree""}]",0,,"{""sar"": ""dry"", ""optical"": ""dry"", ""dem_hydrology"": ""flood""}"
HARV-00626,"4920 San Jacinto Street, Houston, TX, 77004",0.0,0.0,0.0,0.0,0.0,Remote-Deny,81,Deny remotely — no significant flooding detected by satellite,Satellite data at 4920 San Jacinto Street indicates 0.0ft depth; remote-deny per 81% confidence.,1,1,0.0,"[{""factor"": ""SAR recency"", ""delta"": 8, ""reason"": ""Imagery 3d post-event \u2014 fresh""}, {""factor"": ""Depth certainty"", ""delta"": 10, ""reason"": ""Near-zero depth \u2014 confidently not flooded""}, {""factor"": ""Coverage coherence"", ""delta"": 7, ""reason"": ""0% coverage \u2014 confidently dry""}, {""factor"": ""Urban SAR shadow"", ""delta"": -15, ""reason"": ""Dense urban area \u2014 radar shadow can mimic water""}, {""factor"": ""Optical cross-check"", ""delta"": 6, ""reason"": ""Sentinel-2 confirms dry ground \u2014 sensors agree""}]",0,,"{""sar"": ""dry"", ""optical"": ""dry"", ""dem_hydrology"": ""flood""}"
HARV-00627,"1500 Old Spanish Trail, Houston, TX, 77054",0.0,0.0,0.0,0.0,0.0,Remote-Deny,81,Deny remotely — no significant flooding detected by satellite,Satellite data at 1500 Old Spanish Trail indicates 0.0ft depth; remote-deny per 81% confidence.,1,1,0.0,"[{""factor"": ""SAR recency"", ""delta"": 8, ""reason"": ""Imagery 3d post-event \u2014 fresh""}, {""factor"": ""Depth certainty"", ""delta"": 10, ""reason"": ""Near-zero depth \u2014 confidently not flooded""}, {""factor"": ""Coverage coherence"", ""delta"": 7, ""reason"": ""0% coverage \u2014 confidently dry""}, {""factor"": ""Urban SAR shadow"", ""delta"": -15, ""reason"": ""Dense urban area \u2014 radar shadow can mimic water""}, {""factor"": ""Optical cross-check"", ""delta"": 6, ""reason"": ""Sentinel-2 confirms dry ground \u2014 sensors agree""}]",0,,"{""sar"": ""dry"", ""optical"": ""dry"", ""dem_hydrology"": ""flood""}"
HARV-00628,"2727 West Holcombe Boulevard, Houston, 77025",0.0,0.0,0.0,0.0,0.0,Remote-Deny,81,Deny remotely — no significant flooding detected by satellite,Satellite data at 2727 West Holcombe Boulevard indicates 0.0ft depth; remote-deny per 81% confidence.,1,1,0.0,"[{""factor"": ""SAR recency"", ""delta"": 8, ""reason"": ""Imagery 3d post-event \u2014 fresh""}, {""factor"": ""Depth certainty"", ""delta"": 10, ""reason"": ""Near-zero depth \u2014 confidently not flooded""}, {""factor"": ""Coverage coherence"", ""delta"": 7, ""reason"": ""0% coverage \u2014 confidently dry""}, {""factor"": ""Urban SAR shadow"", ""delta"": -15, ""reason"": ""Dense urban area \u2014 radar shadow can mimic water""}, {""factor"": ""Optical cross-check"", ""delta"": 6, ""reason"": ""Sentinel-2 confirms dry ground \u2014 sensors agree""}]",0,,"{""sar"": ""dry"", ""optical"": ""dry"", ""dem_hydrology"": ""flood""}"
HARV-00629,"10780 Westview Drive, Houston, TX, 77043",0.0,0.0,0.0,0.0,0.0,Remote-Deny,81,Deny remotely — no significant flooding detected by satellite,Satellite data at 10780 Westview Drive indicates 0.0ft depth; remote-deny per 81% confidence.,1,1,0.0,"[{""factor"": ""SAR recency"", ""delta"": 8, ""reason"": ""Imagery 3d post-event \u2014 fresh""}, {""factor"": ""Depth certainty"", ""delta"": 10, ""reason"": ""Near-zero depth \u2014 confidently not flooded""}, {""factor"": ""Coverage coherence"", ""delta"": 7, ""reason"": ""0% coverage \u2014 confidently dry""}, {""factor"": ""Urban SAR shadow"", ""delta"": -15, ""reason"": ""Dense urban area \u2014 radar shadow can mimic water""}, {""factor"": ""Optical cross-check"", ""delta"": 6, ""reason"": ""Sentinel-2 confirms dry ground \u2014 sensors agree""}]",0,,"{""sar"": ""dry"", ""optical"": ""dry"", ""dem_hydrology"": ""abstain""}"
HARV-00630,"10414 Richmond Avenue, Houston, TX, 77042",0.0,0.0,0.0,0.0,0.0,Remote-Deny,81,Deny remotely — no significant flooding detected by satellite,Satellite data at 10414 Richmond Avenue indicates 0.0ft depth; remote-deny per 81% confidence.,1,1,0.0,"[{""factor"": ""SAR recency"", ""delta"": 8, ""reason"": ""Imagery 3d post-event \u2014 fresh""}, {""factor"": ""Depth certainty"", ""delta"": 10, ""reason"": ""Near-zero depth \u2014 confidently not flooded""}, {""factor"": ""Coverage coherence"", ""delta"": 7, ""reason"": ""0% coverage \u2014 confidently dry""}, {""factor"": ""Urban SAR shadow"", ""delta"": -15, ""reason"": ""Dense urban area \u2014 radar shadow can mimic water""}, {""factor"": ""Optical cross-check"", ""delta"": 6, ""reason"": ""Sentinel-2 confirms dry ground \u2014 sensors agree""}]",0,,"{""sar"": ""dry"", ""optical"": ""dry"", ""dem_hydrology"": ""flood""}"
HARV-00631,"9384 Bellaire Boulevard, Houston, TX, 77036",0.0,0.0,0.0,0.0,0.0,Remote-Deny,81,Deny remotely — no significant flooding detected by satellite,Satellite data at 9384 Bellaire Boulevard indicates 0.0ft depth; remote-deny per 81% confidence.,1,1,0.0406,"[{""factor"": ""SAR recency"", ""delta"": 8, ""reason"": ""Imagery 3d post-event \u2014 fresh""}, {""factor"": ""Depth certainty"", ""delta"": 10, ""reason"": ""Near-zero depth \u2014 confidently not flooded""}, {""factor"": ""Coverage coherence"", ""delta"": 7, ""reason"": ""0% coverage \u2014 confidently dry""}, {""factor"": ""Urban SAR shadow"", ""delta"": -15, ""reason"": ""Dense urban area \u2014 radar shadow can mimic water""}, {""factor"": ""Optical cross-check"", ""delta"": 6, ""reason"": ""Sentinel-2 confirms dry ground \u2014 sensors agree""}]",0,,"{""sar"": ""dry"", ""optical"": ""dry"", ""dem_hydrology"": ""flood""}"
HARV-00632,"7500 Kirby Drive, Houston, TX",0.0,0.0,0.0,0.0,0.0,Remote-Deny,81,Deny remotely — no significant flooding detected by satellite,Satellite data at 7500 Kirby Drive indicates 0.0ft depth; remote-deny per 81% confidence.,1,1,0.0,"[{""factor"": ""SAR recency"", ""delta"": 8, ""reason"": ""Imagery 3d post-event \u2014 fresh""}, {""factor"": ""Depth certainty"", ""delta"": 10, ""reason"": ""Near-zero depth \u2014 confidently not flooded""}, {""factor"": ""Coverage coherence"", ""delta"": 7, ""reason"": ""0% coverage \u2014 confidently dry""}, {""factor"": ""Urban SAR shadow"", ""delta"": -15, ""reason"": ""Dense urban area \u2014 radar shadow can mimic water""}, {""factor"": ""Optical cross-check"", ""delta"": 6, ""reason"": ""Sentinel-2 confirms dry ground \u2014 sensors agree""}]",0,,"{""sar"": ""dry"", ""optical"": ""dry"", ""dem_hydrology"": ""dry""}"
HARV-00633,"8313 Southwest Freeway, Houston, TX, 77074",0.0,0.0,0.0,0.0,0.0,Remote-Deny,81,Deny remotely — no significant flooding detected by satellite,Satellite data at 8313 Southwest Freeway indicates 0.0ft depth; remote-deny per 81% confidence.,1,1,0.0,"[{""factor"": ""SAR recency"", ""delta"": 8, ""reason"": ""Imagery 3d post-event \u2014 fresh""}, {""factor"": ""Depth certainty"", ""delta"": 10, ""reason"": ""Near-zero depth \u2014 confidently not flooded""}, {""factor"": ""Coverage coherence"", ""delta"": 7, ""reason"": ""0% coverage \u2014 confidently dry""}, {""factor"": ""Urban SAR shadow"", ""delta"": -15, ""reason"": ""Dense urban area \u2014 radar shadow can mimic water""}, {""factor"": ""Optical cross-check"", ""delta"": 6, ""reason"": ""Sentinel-2 confirms dry ground \u2014 sensors agree""}]",0,,"{""sar"": ""dry"", ""optical"": ""dry"", ""dem_hydrology"": ""flood""}"
HARV-00634,"7670 Katy Freeway, Houston, TX, 77024",0.0,0.0,0.0,0.0,0.0,Remote-Deny,81,Deny remotely — no significant flooding detected by satellite,Satellite data at 7670 Katy Freeway indicates 0.0ft depth; remote-deny per 81% confidence.,1,1,0.0,"[{""factor"": ""SAR recency"", ""delta"": 8, ""reason"": ""Imagery 3d post-event \u2014 fresh""}, {""factor"": ""Depth certainty"", ""delta"": 10, ""reason"": ""Near-zero depth \u2014 confidently not flooded""}, {""factor"": ""Coverage coherence"", ""delta"": 7, ""reason"": ""0% coverage \u2014 confidently dry""}, {""factor"": ""Urban SAR shadow"", ""delta"": -15, ""reason"": ""Dense urban area \u2014 radar shadow can mimic water""}, {""factor"": ""Optical cross-check"", ""delta"": 6, ""reason"": ""Sentinel-2 confirms dry ground \u2014 sensors agree""}]",0,,"{""sar"": ""dry"", ""optical"": ""dry"", ""dem_hydrology"": ""flood""}"
HARV-00635,"6127 Westheimer Road, Houston, TX, 77057",0.0,0.0,0.0,0.0,0.0,Remote-Deny,81,Deny remotely — no significant flooding detected by satellite,Satellite data at 6127 Westheimer Road indicates 0.0ft depth; remote-deny per 81% confidence.,1,1,0.0,"[{""factor"": ""SAR recency"", ""delta"": 8, ""reason"": ""Imagery 3d post-event \u2014 fresh""}, {""factor"": ""Depth certainty"", ""delta"": 10, ""reason"": ""Near-zero depth \u2014 confidently not flooded""}, {""factor"": ""Coverage coherence"", ""delta"": 7, ""reason"": ""0% coverage \u2014 confidently dry""}, {""factor"": ""Urban SAR shadow"", ""delta"": -15, ""reason"": ""Dense urban area \u2014 radar shadow can mimic water""}, {""factor"": ""Optical cross-check"", ""delta"": 6, ""reason"": ""Sentinel-2 confirms dry ground \u2014 sensors agree""}]",0,,"{""sar"": ""dry"", ""optical"": ""dry"", ""dem_hydrology"": ""flood""}"
HARV-00636,"9746 Katy Freeway, Houston, TX, 77055",0.0,0.0,0.0,0.0,0.0,Remote-Deny,81,Deny remotely — no significant flooding detected by satellite,Satellite data at 9746 Katy Freeway indicates 0.0ft depth; remote-deny per 81% confidence.,1,1,0.0,"[{""factor"": ""SAR recency"", ""delta"": 8, ""reason"": ""Imagery 3d post-event \u2014 fresh""}, {""factor"": ""Depth certainty"", ""delta"": 10, ""reason"": ""Near-zero depth \u2014 confidently not flooded""}, {""factor"": ""Coverage coherence"", ""delta"": 7, ""reason"": ""0% coverage \u2014 confidently dry""}, {""factor"": ""Urban SAR shadow"", ""delta"": -15, ""reason"": ""Dense urban area \u2014 radar shadow can mimic water""}, {""factor"": ""Optical cross-check"", ""delta"": 6, ""reason"": ""Sentinel-2 confirms dry ground \u2014 sensors agree""}]",0,,"{""sar"": ""dry"", ""optical"": ""dry"", ""dem_hydrology"": ""flood""}"
HARV-00637,"2024 Richmond Avenue, Houston, TX, 77098",0.0,0.0,0.0,0.0,0.0,Remote-Deny,81,Deny remotely — no significant flooding detected by satellite,Satellite data at 2024 Richmond Avenue indicates 0.0ft depth; remote-deny per 81% confidence.,1,1,0.0,"[{""factor"": ""SAR recency"", ""delta"": 8, ""reason"": ""Imagery 3d post-event \u2014 fresh""}, {""factor"": ""Depth certainty"", ""delta"": 10, ""reason"": ""Near-zero depth \u2014 confidently not flooded""}, {""factor"": ""Coverage coherence"", ""delta"": 7, ""reason"": ""0% coverage \u2014 confidently dry""}, {""factor"": ""Urban SAR shadow"", ""delta"": -15, ""reason"": ""Dense urban area \u2014 radar shadow can mimic water""}, {""factor"": ""Optical cross-check"", ""delta"": 6, ""reason"": ""Sentinel-2 confirms dry ground \u2014 sensors agree""}]",0,,"{""sar"": ""dry"", ""optical"": ""dry"", ""dem_hydrology"": ""flood""}"
HARV-00638,"8332 Southwest Freeway Frontage Road, Houston, TX, 77074",0.0,0.0,0.0,0.0,0.0,Remote-Deny,81,Deny remotely — no significant flooding detected by satellite,Satellite data at 8332 Southwest Freeway Frontage Road indicates 0.0ft depth; remote-deny per 81% confidence.,1,1,0.0,"[{""factor"": ""SAR recency"", ""delta"": 8, ""reason"": ""Imagery 3d post-event \u2014 fresh""}, {""factor"": ""Depth certainty"", ""delta"": 10, ""reason"": ""Near-zero depth \u2014 confidently not flooded""}, {""factor"": ""Coverage coherence"", ""delta"": 7, ""reason"": ""0% coverage \u2014 confidently dry""}, {""factor"": ""Urban SAR shadow"", ""delta"": -15, ""reason"": ""Dense urban area \u2014 radar shadow can mimic water""}, {""factor"": ""Optical cross-check"", ""delta"": 6, ""reason"": ""Sentinel-2 confirms dry ground \u2014 sensors agree""}]",0,,"{""sar"": ""dry"", ""optical"": ""dry"", ""dem_hydrology"": ""flood""}"
HARV-00639,"8336 Southwest Freeway Frontage Road, Houston, TX, 77054",0.0,0.0,0.0,0.0,0.0,Remote-Deny,81,Deny remotely — no significant flooding detected by satellite,Satellite data at 8336 Southwest Freeway Frontage Road indicates 0.0ft depth; remote-deny per 81% confidence.,1,1,0.0,"[{""factor"": ""SAR recency"", ""delta"": 8, ""reason"": ""Imagery 3d post-event \u2014 fresh""}, {""factor"": ""Depth certainty"", ""delta"": 10, ""reason"": ""Near-zero depth \u2014 confidently not flooded""}, {""factor"": ""Coverage coherence"", ""delta"": 7, ""reason"": ""0% coverage \u2014 confidently dry""}, {""factor"": ""Urban SAR shadow"", ""delta"": -15, ""reason"": ""Dense urban area \u2014 radar shadow can mimic water""}, {""factor"": ""Optical cross-check"", ""delta"": 6, ""reason"": ""Sentinel-2 confirms dry ground \u2014 sensors agree""}]",0,,"{""sar"": ""dry"", ""optical"": ""dry"", ""dem_hydrology"": ""flood""}"
HARV-00640,"8338 Southwest Freeway Frontage Road, Houston, TX, 77074",0.0,0.0,0.0,0.0,0.0,Remote-Deny,81,Deny remotely — no significant flooding detected by satellite,Satellite data at 8338 Southwest Freeway Frontage Road indicates 0.0ft depth; remote-deny per 81% confidence.,1,1,0.0,"[{""factor"": ""SAR recency"", ""delta"": 8, ""reason"": ""Imagery 3d post-event \u2014 fresh""}, {""factor"": ""Depth certainty"", ""delta"": 10, ""reason"": ""Near-zero depth \u2014 confidently not flooded""}, {""factor"": ""Coverage coherence"", ""delta"": 7, ""reason"": ""0% coverage \u2014 confidently dry""}, {""factor"": ""Urban SAR shadow"", ""delta"": -15, ""reason"": ""Dense urban area \u2014 radar shadow can mimic water""}, {""factor"": ""Optical cross-check"", ""delta"": 6, ""reason"": ""Sentinel-2 confirms dry ground \u2014 sensors agree""}]",0,,"{""sar"": ""dry"", ""optical"": ""dry"", ""dem_hydrology"": ""flood""}"
HARV-00641,"13503 Pike Road, Missouri City, TX, 77489",0.0,0.0,0.0,0.0,0.0,Remote-Deny,81,Deny remotely — no significant flooding detected by satellite,Satellite data at 13503 Pike Road indicates 0.0ft depth; remote-deny per 81% confidence.,1,1,0.0,"[{""factor"": ""SAR recency"", ""delta"": 8, ""reason"": ""Imagery 3d post-event \u2014 fresh""}, {""factor"": ""Depth certainty"", ""delta"": 10, ""reason"": ""Near-zero depth \u2014 confidently not flooded""}, {""factor"": ""Coverage coherence"", ""delta"": 7, ""reason"": ""0% coverage \u2014 confidently dry""}, {""factor"": ""Urban SAR shadow"", ""delta"": -15, ""reason"": ""Dense urban area \u2014 radar shadow can mimic water""}, {""factor"": ""Optical cross-check"", ""delta"": 6, ""reason"": ""Sentinel-2 confirms dry ground \u2014 sensors agree""}]",0,,"{""sar"": ""dry"", ""optical"": ""dry"", ""dem_hydrology"": ""dry""}"
HARV-00642,"7747 Kirby Drive, Houston, TX, 77030",0.0,0.0,0.0,0.0,0.0,Remote-Deny,81,Deny remotely — no significant flooding detected by satellite,Satellite data at 7747 Kirby Drive indicates 0.0ft depth; remote-deny per 81% confidence.,1,1,0.0,"[{""factor"": ""SAR recency"", ""delta"": 8, ""reason"": ""Imagery 3d post-event \u2014 fresh""}, {""factor"": ""Depth certainty"", ""delta"": 10, ""reason"": ""Near-zero depth \u2014 confidently not flooded""}, {""factor"": ""Coverage coherence"", ""delta"": 7, ""reason"": ""0% coverage \u2014 confidently dry""}, {""factor"": ""Urban SAR shadow"", ""delta"": -15, ""reason"": ""Dense urban area \u2014 radar shadow can mimic water""}, {""factor"": ""Optical cross-check"", ""delta"": 6, ""reason"": ""Sentinel-2 confirms dry ground \u2014 sensors agree""}]",0,,"{""sar"": ""dry"", ""optical"": ""dry"", ""dem_hydrology"": ""dry""}"
HARV-00643,"7811 Main Street, Houston, TX, 77030",0.0,0.0,0.0,0.0,0.0,Remote-Deny,81,Deny remotely — no significant flooding detected by satellite,Satellite data at 7811 Main Street indicates 0.0ft depth; remote-deny per 81% confidence.,1,1,0.0,"[{""factor"": ""SAR recency"", ""delta"": 8, ""reason"": ""Imagery 3d post-event \u2014 fresh""}, {""factor"": ""Depth certainty"", ""delta"": 10, ""reason"": ""Near-zero depth \u2014 confidently not flooded""}, {""factor"": ""Coverage coherence"", ""delta"": 7, ""reason"": ""0% coverage \u2014 confidently dry""}, {""factor"": ""Urban SAR shadow"", ""delta"": -15, ""reason"": ""Dense urban area \u2014 radar shadow can mimic water""}, {""factor"": ""Optical cross-check"", ""delta"": 6, ""reason"": ""Sentinel-2 confirms dry ground \u2014 sensors agree""}]",0,,"{""sar"": ""dry"", ""optical"": ""dry"", ""dem_hydrology"": ""abstain""}"
HARV-00644,"1333 Old Spanish Trail, Houston, TX, 77054",0.0,0.0,0.0,0.0,0.0,Remote-Deny,81,Deny remotely — no significant flooding detected by satellite,Satellite data at 1333 Old Spanish Trail indicates 0.0ft depth; remote-deny per 81% confidence.,1,1,0.0,"[{""factor"": ""SAR recency"", ""delta"": 8, ""reason"": ""Imagery 3d post-event \u2014 fresh""}, {""factor"": ""Depth certainty"", ""delta"": 10, ""reason"": ""Near-zero depth \u2014 confidently not flooded""}, {""factor"": ""Coverage coherence"", ""delta"": 7, ""reason"": ""0% coverage \u2014 confidently dry""}, {""factor"": ""Urban SAR shadow"", ""delta"": -15, ""reason"": ""Dense urban area \u2014 radar shadow can mimic water""}, {""factor"": ""Optical cross-check"", ""delta"": 6, ""reason"": ""Sentinel-2 confirms dry ground \u2014 sensors agree""}]",0,,"{""sar"": ""dry"", ""optical"": ""dry"", ""dem_hydrology"": ""abstain""}"
HARV-00645,"8216 Kirby Drive, Houston, TX, 77054",0.0,0.0,0.0,0.0,0.0,Remote-Deny,81,Deny remotely — no significant flooding detected by satellite,Satellite data at 8216 Kirby Drive indicates 0.0ft depth; remote-deny per 81% confidence.,1,1,0.0,"[{""factor"": ""SAR recency"", ""delta"": 8, ""reason"": ""Imagery 3d post-event \u2014 fresh""}, {""factor"": ""Depth certainty"", ""delta"": 10, ""reason"": ""Near-zero depth \u2014 confidently not flooded""}, {""factor"": ""Coverage coherence"", ""delta"": 7, ""reason"": ""0% coverage \u2014 confidently dry""}, {""factor"": ""Urban SAR shadow"", ""delta"": -15, ""reason"": ""Dense urban area \u2014 radar shadow can mimic water""}, {""factor"": ""Optical cross-check"", ""delta"": 6, ""reason"": ""Sentinel-2 confirms dry ground \u2014 sensors agree""}]",0,,"{""sar"": ""dry"", ""optical"": ""dry"", ""dem_hydrology"": ""flood""}"
HARV-00646,"8138 Kirby Drive, Houston, TX, 77054",0.0,0.0,0.0,0.0,0.0,Remote-Deny,81,Deny remotely — no significant flooding detected by satellite,Satellite data at 8138 Kirby Drive indicates 0.0ft depth; remote-deny per 81% confidence.,1,1,0.0,"[{""factor"": ""SAR recency"", ""delta"": 8, ""reason"": ""Imagery 3d post-event \u2014 fresh""}, {""factor"": ""Depth certainty"", ""delta"": 10, ""reason"": ""Near-zero depth \u2014 confidently not flooded""}, {""factor"": ""Coverage coherence"", ""delta"": 7, ""reason"": ""0% coverage \u2014 confidently dry""}, {""factor"": ""Urban SAR shadow"", ""delta"": -15, ""reason"": ""Dense urban area \u2014 radar shadow can mimic water""}, {""factor"": ""Optical cross-check"", ""delta"": 6, ""reason"": ""Sentinel-2 confirms dry ground \u2014 sensors agree""}]",0,,"{""sar"": ""dry"", ""optical"": ""dry"", ""dem_hydrology"": ""abstain""}"
HARV-00647,"8505 Main Street, Houston, TX, 77025",0.0,0.0,0.0,0.0,0.0,Remote-Deny,81,Deny remotely — no significant flooding detected by satellite,Satellite data at 8505 Main Street indicates 0.0ft depth; remote-deny per 81% confidence.,1,1,0.0,"[{""factor"": ""SAR recency"", ""delta"": 8, ""reason"": ""Imagery 3d post-event \u2014 fresh""}, {""factor"": ""Depth certainty"", ""delta"": 10, ""reason"": ""Near-zero depth \u2014 confidently not flooded""}, {""factor"": ""Coverage coherence"", ""delta"": 7, ""reason"": ""0% coverage \u2014 confidently dry""}, {""factor"": ""Urban SAR shadow"", ""delta"": -15, ""reason"": ""Dense urban area \u2014 radar shadow can mimic water""}, {""factor"": ""Optical cross-check"", ""delta"": 6, ""reason"": ""Sentinel-2 confirms dry ground \u2014 sensors agree""}]",0,,"{""sar"": ""dry"", ""optical"": ""dry"", ""dem_hydrology"": ""abstain""}"
HARV-00648,"8502 Main Street, Houston, TX, 77025",0.0,0.0,0.0,0.0,0.0,Remote-Deny,81,Deny remotely — no significant flooding detected by satellite,Satellite data at 8502 Main Street indicates 0.0ft depth; remote-deny per 81% confidence.,1,1,0.0,"[{""factor"": ""SAR recency"", ""delta"": 8, ""reason"": ""Imagery 3d post-event \u2014 fresh""}, {""factor"": ""Depth certainty"", ""delta"": 10, ""reason"": ""Near-zero depth \u2014 confidently not flooded""}, {""factor"": ""Coverage coherence"", ""delta"": 7, ""reason"": ""0% coverage \u2014 confidently dry""}, {""factor"": ""Urban SAR shadow"", ""delta"": -15, ""reason"": ""Dense urban area \u2014 radar shadow can mimic water""}, {""factor"": ""Optical cross-check"", ""delta"": 6, ""reason"": ""Sentinel-2 confirms dry ground \u2014 sensors agree""}]",0,,"{""sar"": ""dry"", ""optical"": ""dry"", ""dem_hydrology"": ""abstain""}"
HARV-00649,"8330 Main Street, Houston, TX, 77025",0.0,0.0,0.0,0.0,0.0,Remote-Deny,81,Deny remotely — no significant flooding detected by satellite,Satellite data at 8330 Main Street indicates 0.0ft depth; remote-deny per 81% confidence.,1,1,0.0,"[{""factor"": ""SAR recency"", ""delta"": 8, ""reason"": ""Imagery 3d post-event \u2014 fresh""}, {""factor"": ""Depth certainty"", ""delta"": 10, ""reason"": ""Near-zero depth \u2014 confidently not flooded""}, {""factor"": ""Coverage coherence"", ""delta"": 7, ""reason"": ""0% coverage \u2014 confidently dry""}, {""factor"": ""Urban SAR shadow"", ""delta"": -15, ""reason"": ""Dense urban area \u2014 radar shadow can mimic water""}, {""factor"": ""Optical cross-check"", ""delta"": 6, ""reason"": ""Sentinel-2 confirms dry ground \u2014 sensors agree""}]",0,,"{""sar"": ""dry"", ""optical"": ""dry"", ""dem_hydrology"": ""abstain""}"
HARV-00650,"8500 Main Street, Houston, TX, 77025",0.0,0.0,0.0,0.0,0.0,Remote-Deny,81,Deny remotely — no significant flooding detected by satellite,Satellite data at 8500 Main Street indicates 0.0ft depth; remote-deny per 81% confidence.,1,1,0.0,"[{""factor"": ""SAR recency"", ""delta"": 8, ""reason"": ""Imagery 3d post-event \u2014 fresh""}, {""factor"": ""Depth certainty"", ""delta"": 10, ""reason"": ""Near-zero depth \u2014 confidently not flooded""}, {""factor"": ""Coverage coherence"", ""delta"": 7, ""reason"": ""0% coverage \u2014 confidently dry""}, {""factor"": ""Urban SAR shadow"", ""delta"": -15, ""reason"": ""Dense urban area \u2014 radar shadow can mimic water""}, {""factor"": ""Optical cross-check"", ""delta"": 6, ""reason"": ""Sentinel-2 confirms dry ground \u2014 sensors agree""}]",0,,"{""sar"": ""dry"", ""optical"": ""dry"", ""dem_hydrology"": ""abstain""}"
HARV-00651,"2600 South Loop West, Houston, TX, 77054",0.0,0.0,0.0,0.0,0.0,Remote-Deny,81,Deny remotely — no significant flooding detected by satellite,Satellite data at 2600 South Loop West indicates 0.0ft depth; remote-deny per 81% confidence.,1,1,0.0,"[{""factor"": ""SAR recency"", ""delta"": 8, ""reason"": ""Imagery 3d post-event \u2014 fresh""}, {""factor"": ""Depth certainty"", ""delta"": 10, ""reason"": ""Near-zero depth \u2014 confidently not flooded""}, {""factor"": ""Coverage coherence"", ""delta"": 7, ""reason"": ""0% coverage \u2014 confidently dry""}, {""factor"": ""Urban SAR shadow"", ""delta"": -15, ""reason"": ""Dense urban area \u2014 radar shadow can mimic water""}, {""factor"": ""Optical cross-check"", ""delta"": 6, ""reason"": ""Sentinel-2 confirms dry ground \u2014 sensors agree""}]",0,,"{""sar"": ""dry"", ""optical"": ""dry"", ""dem_hydrology"": ""flood""}"
HARV-00652,"3830 Richmond Avenue, Houston, TX, 77027",0.0,0.0,0.0,0.0,0.0,Remote-Deny,81,Deny remotely — no significant flooding detected by satellite,Satellite data at 3830 Richmond Avenue indicates 0.0ft depth; remote-deny per 81% confidence.,1,1,0.0,"[{""factor"": ""SAR recency"", ""delta"": 8, ""reason"": ""Imagery 3d post-event \u2014 fresh""}, {""factor"": ""Depth certainty"", ""delta"": 10, ""reason"": ""Near-zero depth \u2014 confidently not flooded""}, {""factor"": ""Coverage coherence"", ""delta"": 7, ""reason"": ""0% coverage \u2014 confidently dry""}, {""factor"": ""Urban SAR shadow"", ""delta"": -15, ""reason"": ""Dense urban area \u2014 radar shadow can mimic water""}, {""factor"": ""Optical cross-check"", ""delta"": 6, ""reason"": ""Sentinel-2 confirms dry ground \u2014 sensors agree""}]",0,,"{""sar"": ""dry"", ""optical"": ""dry"", ""dem_hydrology"": ""flood""}"
HARV-00653,"9762 Katy Freeway, Houston, TX, 77055",0.0,0.0,0.0,0.0,0.0,Remote-Deny,81,Deny remotely — no significant flooding detected by satellite,Satellite data at 9762 Katy Freeway indicates 0.0ft depth; remote-deny per 81% confidence.,1,1,0.0,"[{""factor"": ""SAR recency"", ""delta"": 8, ""reason"": ""Imagery 3d post-event \u2014 fresh""}, {""factor"": ""Depth certainty"", ""delta"": 10, ""reason"": ""Near-zero depth \u2014 confidently not flooded""}, {""factor"": ""Coverage coherence"", ""delta"": 7, ""reason"": ""0% coverage \u2014 confidently dry""}, {""factor"": ""Urban SAR shadow"", ""delta"": -15, ""reason"": ""Dense urban area \u2014 radar shadow can mimic water""}, {""factor"": ""Optical cross-check"", ""delta"": 6, ""reason"": ""Sentinel-2 confirms dry ground \u2014 sensors agree""}]",0,,"{""sar"": ""dry"", ""optical"": ""dry"", ""dem_hydrology"": ""flood""}"
HARV-00654,"9446 Houston, 77058",0.0,0.0,0.0,0.0,0.0,Remote-Deny,81,Deny remotely — no significant flooding detected by satellite,Satellite data at 9446 Houston indicates 0.0ft depth; remote-deny per 81% confidence.,1,1,0.0,"[{""factor"": ""SAR recency"", ""delta"": 8, ""reason"": ""Imagery 3d post-event \u2014 fresh""}, {""factor"": ""Depth certainty"", ""delta"": 10, ""reason"": ""Near-zero depth \u2014 confidently not flooded""}, {""factor"": ""Coverage coherence"", ""delta"": 7, ""reason"": ""0% coverage \u2014 confidently dry""}, {""factor"": ""Urban SAR shadow"", ""delta"": -15, ""reason"": ""Dense urban area \u2014 radar shadow can mimic water""}, {""factor"": ""Optical cross-check"", ""delta"": 6, ""reason"": ""Sentinel-2 confirms dry ground \u2014 sensors agree""}]",0,,"{""sar"": ""dry"", ""optical"": ""dry"", ""dem_hydrology"": ""flood""}"
HARV-00655,"5850 San Felipe Street, Houston, TX, 77057",0.0,0.0,0.0,0.0,0.0,Remote-Deny,81,Deny remotely — no significant flooding detected by satellite,Satellite data at 5850 San Felipe Street indicates 0.0ft depth; remote-deny per 81% confidence.,1,1,0.0,"[{""factor"": ""SAR recency"", ""delta"": 8, ""reason"": ""Imagery 3d post-event \u2014 fresh""}, {""factor"": ""Depth certainty"", ""delta"": 10, ""reason"": ""Near-zero depth \u2014 confidently not flooded""}, {""factor"": ""Coverage coherence"", ""delta"": 7, ""reason"": ""0% coverage \u2014 confidently dry""}, {""factor"": ""Urban SAR shadow"", ""delta"": -15, ""reason"": ""Dense urban area \u2014 radar shadow can mimic water""}, {""factor"": ""Optical cross-check"", ""delta"": 6, ""reason"": ""Sentinel-2 confirms dry ground \u2014 sensors agree""}]",0,,"{""sar"": ""dry"", ""optical"": ""dry"", ""dem_hydrology"": ""flood""}"
HARV-00656,"2616 South Loop West, Houston, TX, 77054",0.0,0.0,0.0,0.0,0.0,Review,75,Flag for manual review — borderline measurements or low confidence,Satellite data at 2616 South Loop West indicates 0.0ft depth; review per 75% confidence.,1,1,0.4653,"[{""factor"": ""SAR recency"", ""delta"": 8, ""reason"": ""Imagery 3d post-event \u2014 fresh""}, {""factor"": ""Depth certainty"", ""delta"": 10, ""reason"": ""Near-zero depth \u2014 confidently not flooded""}, {""factor"": ""Coverage coherence"", ""delta"": 7, ""reason"": ""0% coverage \u2014 confidently dry""}, {""factor"": ""Urban SAR shadow"", ""delta"": -15, ""reason"": ""Dense urban area \u2014 radar shadow can mimic water""}]",1,"Sensors disagree: optical, DEM-hydrology indicate flooding while SAR indicate dry/implausible — routed to manual review.","{""sar"": ""dry"", ""optical"": ""flood"", ""dem_hydrology"": ""flood""}"
HARV-00657,9504 Long Point Road,0.0,0.0,0.0,0.0,0.0,Remote-Deny,81,Deny remotely — no significant flooding detected by satellite,Satellite data at 9504 Long Point Road indicates 0.0ft depth; remote-deny per 81% confidence.,1,1,0.0,"[{""factor"": ""SAR recency"", ""delta"": 8, ""reason"": ""Imagery 3d post-event \u2014 fresh""}, {""factor"": ""Depth certainty"", ""delta"": 10, ""reason"": ""Near-zero depth \u2014 confidently not flooded""}, {""factor"": ""Coverage coherence"", ""delta"": 7, ""reason"": ""0% coverage \u2014 confidently dry""}, {""factor"": ""Urban SAR shadow"", ""delta"": -15, ""reason"": ""Dense urban area \u2014 radar shadow can mimic water""}, {""factor"": ""Optical cross-check"", ""delta"": 6, ""reason"": ""Sentinel-2 confirms dry ground \u2014 sensors agree""}]",0,,"{""sar"": ""dry"", ""optical"": ""dry"", ""dem_hydrology"": ""flood""}"
HARV-00658,"12454 Memorial Drive, Houston, TX, 77024",0.0,0.0,0.0,0.0,0.0,Review,75,Flag for manual review — borderline measurements or low confidence,Satellite data at 12454 Memorial Drive indicates 0.0ft depth; review per 75% confidence.,1,1,0.1284,"[{""factor"": ""SAR recency"", ""delta"": 8, ""reason"": ""Imagery 3d post-event \u2014 fresh""}, {""factor"": ""Depth certainty"", ""delta"": 10, ""reason"": ""Near-zero depth \u2014 confidently not flooded""}, {""factor"": ""Coverage coherence"", ""delta"": 7, ""reason"": ""0% coverage \u2014 confidently dry""}, {""factor"": ""Urban SAR shadow"", ""delta"": -15, ""reason"": ""Dense urban area \u2014 radar shadow can mimic water""}]",1,"Sensors disagree: optical, DEM-hydrology indicate flooding while SAR indicate dry/implausible — routed to manual review.","{""sar"": ""dry"", ""optical"": ""flood"", ""dem_hydrology"": ""flood""}"
HARV-00659,6001 Washington Avenue,0.0,0.0,0.0,0.0,0.0,Remote-Deny,81,Deny remotely — no significant flooding detected by satellite,Satellite data at 6001 Washington Avenue indicates 0.0ft depth; remote-deny per 81% confidence.,1,1,0.0,"[{""factor"": ""SAR recency"", ""delta"": 8, ""reason"": ""Imagery 3d post-event \u2014 fresh""}, {""factor"": ""Depth certainty"", ""delta"": 10, ""reason"": ""Near-zero depth \u2014 confidently not flooded""}, {""factor"": ""Coverage coherence"", ""delta"": 7, ""reason"": ""0% coverage \u2014 confidently dry""}, {""factor"": ""Urban SAR shadow"", ""delta"": -15, ""reason"": ""Dense urban area \u2014 radar shadow can mimic water""}, {""factor"": ""Optical cross-check"", ""delta"": 6, ""reason"": ""Sentinel-2 confirms dry ground \u2014 sensors agree""}]",0,,"{""sar"": ""dry"", ""optical"": ""dry"", ""dem_hydrology"": ""flood""}"
HARV-00660,"415 Westheimer Road, Houston, TX, 77006",0.0,0.0,0.0,0.0,0.0,Remote-Deny,81,Deny remotely — no significant flooding detected by satellite,Satellite data at 415 Westheimer Road indicates 0.0ft depth; remote-deny per 81% confidence.,1,1,0.0,"[{""factor"": ""SAR recency"", ""delta"": 8, ""reason"": ""Imagery 3d post-event \u2014 fresh""}, {""factor"": ""Depth certainty"", ""delta"": 10, ""reason"": ""Near-zero depth \u2014 confidently not flooded""}, {""factor"": ""Coverage coherence"", ""delta"": 7, ""reason"": ""0% coverage \u2014 confidently dry""}, {""factor"": ""Urban SAR shadow"", ""delta"": -15, ""reason"": ""Dense urban area \u2014 radar shadow can mimic water""}, {""factor"": ""Optical cross-check"", ""delta"": 6, ""reason"": ""Sentinel-2 confirms dry ground \u2014 sensors agree""}]",0,,"{""sar"": ""dry"", ""optical"": ""dry"", ""dem_hydrology"": ""flood""}"
HARV-00661,"503 Westheimer Road, Houston, TX, 77006",0.0,0.0,0.0,0.0,0.0,Remote-Deny,81,Deny remotely — no significant flooding detected by satellite,Satellite data at 503 Westheimer Road indicates 0.0ft depth; remote-deny per 81% confidence.,1,1,0.0,"[{""factor"": ""SAR recency"", ""delta"": 8, ""reason"": ""Imagery 3d post-event \u2014 fresh""}, {""factor"": ""Depth certainty"", ""delta"": 10, ""reason"": ""Near-zero depth \u2014 confidently not flooded""}, {""factor"": ""Coverage coherence"", ""delta"": 7, ""reason"": ""0% coverage \u2014 confidently dry""}, {""factor"": ""Urban SAR shadow"", ""delta"": -15, ""reason"": ""Dense urban area \u2014 radar shadow can mimic water""}, {""factor"": ""Optical cross-check"", ""delta"": 6, ""reason"": ""Sentinel-2 confirms dry ground \u2014 sensors agree""}]",0,,"{""sar"": ""dry"", ""optical"": ""dry"", ""dem_hydrology"": ""flood""}"
HARV-00662,"6703 Alder Drive, Houston, TX, 77081",0.0,0.0,0.0,0.0,0.0,Remote-Deny,81,Deny remotely — no significant flooding detected by satellite,Satellite data at 6703 Alder Drive indicates 0.0ft depth; remote-deny per 81% confidence.,1,1,0.0,"[{""factor"": ""SAR recency"", ""delta"": 8, ""reason"": ""Imagery 3d post-event \u2014 fresh""}, {""factor"": ""Depth certainty"", ""delta"": 10, ""reason"": ""Near-zero depth \u2014 confidently not flooded""}, {""factor"": ""Coverage coherence"", ""delta"": 7, ""reason"": ""0% coverage \u2014 confidently dry""}, {""factor"": ""Urban SAR shadow"", ""delta"": -15, ""reason"": ""Dense urban area \u2014 radar shadow can mimic water""}, {""factor"": ""Optical cross-check"", ""delta"": 6, ""reason"": ""Sentinel-2 confirms dry ground \u2014 sensors agree""}]",0,,"{""sar"": ""dry"", ""optical"": ""dry"", ""dem_hydrology"": ""flood""}"
HARV-00663,"3601 Fondren Road, Houston, TX, 77063",0.0,0.0,0.0,0.0,0.0,Remote-Deny,81,Deny remotely — no significant flooding detected by satellite,Satellite data at 3601 Fondren Road indicates 0.0ft depth; remote-deny per 81% confidence.,1,1,0.0,"[{""factor"": ""SAR recency"", ""delta"": 8, ""reason"": ""Imagery 3d post-event \u2014 fresh""}, {""factor"": ""Depth certainty"", ""delta"": 10, ""reason"": ""Near-zero depth \u2014 confidently not flooded""}, {""factor"": ""Coverage coherence"", ""delta"": 7, ""reason"": ""0% coverage \u2014 confidently dry""}, {""factor"": ""Urban SAR shadow"", ""delta"": -15, ""reason"": ""Dense urban area \u2014 radar shadow can mimic water""}, {""factor"": ""Optical cross-check"", ""delta"": 6, ""reason"": ""Sentinel-2 confirms dry ground \u2014 sensors agree""}]",0,,"{""sar"": ""dry"", ""optical"": ""dry"", ""dem_hydrology"": ""flood""}"
HARV-00664,"777 Post Oak Boulevard, Houston, TX, 77056",0.0,0.0,0.0,0.0,0.0,Remote-Deny,81,Deny remotely — no significant flooding detected by satellite,Satellite data at 777 Post Oak Boulevard indicates 0.0ft depth; remote-deny per 81% confidence.,1,1,0.0,"[{""factor"": ""SAR recency"", ""delta"": 8, ""reason"": ""Imagery 3d post-event \u2014 fresh""}, {""factor"": ""Depth certainty"", ""delta"": 10, ""reason"": ""Near-zero depth \u2014 confidently not flooded""}, {""factor"": ""Coverage coherence"", ""delta"": 7, ""reason"": ""0% coverage \u2014 confidently dry""}, {""factor"": ""Urban SAR shadow"", ""delta"": -15, ""reason"": ""Dense urban area \u2014 radar shadow can mimic water""}, {""factor"": ""Optical cross-check"", ""delta"": 6, ""reason"": ""Sentinel-2 confirms dry ground \u2014 sensors agree""}]",0,,"{""sar"": ""dry"", ""optical"": ""dry"", ""dem_hydrology"": ""abstain""}"
HARV-00665,"2034A West Gray Street, Houston, TX, 77019",0.0,0.0,0.0,0.0,0.0,Review,75,Flag for manual review — borderline measurements or low confidence,Satellite data at 2034A West Gray Street indicates 0.0ft depth; review per 75% confidence.,1,1,0.1162,"[{""factor"": ""SAR recency"", ""delta"": 8, ""reason"": ""Imagery 3d post-event \u2014 fresh""}, {""factor"": ""Depth certainty"", ""delta"": 10, ""reason"": ""Near-zero depth \u2014 confidently not flooded""}, {""factor"": ""Coverage coherence"", ""delta"": 7, ""reason"": ""0% coverage \u2014 confidently dry""}, {""factor"": ""Urban SAR shadow"", ""delta"": -15, ""reason"": ""Dense urban area \u2014 radar shadow can mimic water""}]",1,"Sensors disagree: optical, DEM-hydrology indicate flooding while SAR indicate dry/implausible — routed to manual review.","{""sar"": ""dry"", ""optical"": ""flood"", ""dem_hydrology"": ""flood""}"
HARV-00666,"13502 Tutson Place, Houston, TX, 77085",0.0,0.0,0.0,0.0,0.0,Remote-Deny,81,Deny remotely — no significant flooding detected by satellite,Satellite data at 13502 Tutson Place indicates 0.0ft depth; remote-deny per 81% confidence.,1,1,0.0,"[{""factor"": ""SAR recency"", ""delta"": 8, ""reason"": ""Imagery 3d post-event \u2014 fresh""}, {""factor"": ""Depth certainty"", ""delta"": 10, ""reason"": ""Near-zero depth \u2014 confidently not flooded""}, {""factor"": ""Coverage coherence"", ""delta"": 7, ""reason"": ""0% coverage \u2014 confidently dry""}, {""factor"": ""Urban SAR shadow"", ""delta"": -15, ""reason"": ""Dense urban area \u2014 radar shadow can mimic water""}, {""factor"": ""Optical cross-check"", ""delta"": 6, ""reason"": ""Sentinel-2 confirms dry ground \u2014 sensors agree""}]",0,,"{""sar"": ""dry"", ""optical"": ""dry"", ""dem_hydrology"": ""flood""}"
HARV-00667,"2201 Washington Avenue, Houston, TX, 77007",0.0,0.0,0.0,0.0,0.0,Remote-Deny,81,Deny remotely — no significant flooding detected by satellite,Satellite data at 2201 Washington Avenue indicates 0.0ft depth; remote-deny per 81% confidence.,1,1,0.0,"[{""factor"": ""SAR recency"", ""delta"": 8, ""reason"": ""Imagery 3d post-event \u2014 fresh""}, {""factor"": ""Depth certainty"", ""delta"": 10, ""reason"": ""Near-zero depth \u2014 confidently not flooded""}, {""factor"": ""Coverage coherence"", ""delta"": 7, ""reason"": ""0% coverage \u2014 confidently dry""}, {""factor"": ""Urban SAR shadow"", ""delta"": -15, ""reason"": ""Dense urban area \u2014 radar shadow can mimic water""}, {""factor"": ""Optical cross-check"", ""delta"": 6, ""reason"": ""Sentinel-2 confirms dry ground \u2014 sensors agree""}]",0,,"{""sar"": ""dry"", ""optical"": ""dry"", ""dem_hydrology"": ""abstain""}"
HARV-00668,"2010 West Alabama Street, Houston, TX, 77098",0.0,0.0,0.0,0.0,0.0,Remote-Deny,81,Deny remotely — no significant flooding detected by satellite,Satellite data at 2010 West Alabama Street indicates 0.0ft depth; remote-deny per 81% confidence.,1,1,0.0,"[{""factor"": ""SAR recency"", ""delta"": 8, ""reason"": ""Imagery 3d post-event \u2014 fresh""}, {""factor"": ""Depth certainty"", ""delta"": 10, ""reason"": ""Near-zero depth \u2014 confidently not flooded""}, {""factor"": ""Coverage coherence"", ""delta"": 7, ""reason"": ""0% coverage \u2014 confidently dry""}, {""factor"": ""Urban SAR shadow"", ""delta"": -15, ""reason"": ""Dense urban area \u2014 radar shadow can mimic water""}, {""factor"": ""Optical cross-check"", ""delta"": 6, ""reason"": ""Sentinel-2 confirms dry ground \u2014 sensors agree""}]",0,,"{""sar"": ""dry"", ""optical"": ""dry"", ""dem_hydrology"": ""flood""}"
HARV-00669,"1800 Post Oak Boulevard, Houston, TX, 77056",0.0,0.0,0.0,0.0,0.0,Remote-Deny,81,Deny remotely — no significant flooding detected by satellite,Satellite data at 1800 Post Oak Boulevard indicates 0.0ft depth; remote-deny per 81% confidence.,1,1,0.0,"[{""factor"": ""SAR recency"", ""delta"": 8, ""reason"": ""Imagery 3d post-event \u2014 fresh""}, {""factor"": ""Depth certainty"", ""delta"": 10, ""reason"": ""Near-zero depth \u2014 confidently not flooded""}, {""factor"": ""Coverage coherence"", ""delta"": 7, ""reason"": ""0% coverage \u2014 confidently dry""}, {""factor"": ""Urban SAR shadow"", ""delta"": -15, ""reason"": ""Dense urban area \u2014 radar shadow can mimic water""}, {""factor"": ""Optical cross-check"", ""delta"": 6, ""reason"": ""Sentinel-2 confirms dry ground \u2014 sensors agree""}]",0,,"{""sar"": ""dry"", ""optical"": ""dry"", ""dem_hydrology"": ""abstain""}"
HARV-00670,"2019 Post Oak Boulevard, Houston, TX, 77056",0.0,0.0,0.0,0.0,0.0,Remote-Deny,81,Deny remotely — no significant flooding detected by satellite,Satellite data at 2019 Post Oak Boulevard indicates 0.0ft depth; remote-deny per 81% confidence.,1,1,0.0,"[{""factor"": ""SAR recency"", ""delta"": 8, ""reason"": ""Imagery 3d post-event \u2014 fresh""}, {""factor"": ""Depth certainty"", ""delta"": 10, ""reason"": ""Near-zero depth \u2014 confidently not flooded""}, {""factor"": ""Coverage coherence"", ""delta"": 7, ""reason"": ""0% coverage \u2014 confidently dry""}, {""factor"": ""Urban SAR shadow"", ""delta"": -15, ""reason"": ""Dense urban area \u2014 radar shadow can mimic water""}, {""factor"": ""Optical cross-check"", ""delta"": 6, ""reason"": ""Sentinel-2 confirms dry ground \u2014 sensors agree""}]",0,,"{""sar"": ""dry"", ""optical"": ""dry"", ""dem_hydrology"": ""dry""}"
HARV-00671,"1433 North Shepherd Drive, Houston, TX, 77008",0.0,0.0,0.0,0.0,0.0,Remote-Deny,81,Deny remotely — no significant flooding detected by satellite,Satellite data at 1433 North Shepherd Drive indicates 0.0ft depth; remote-deny per 81% confidence.,1,1,0.0,"[{""factor"": ""SAR recency"", ""delta"": 8, ""reason"": ""Imagery 3d post-event \u2014 fresh""}, {""factor"": ""Depth certainty"", ""delta"": 10, ""reason"": ""Near-zero depth \u2014 confidently not flooded""}, {""factor"": ""Coverage coherence"", ""delta"": 7, ""reason"": ""0% coverage \u2014 confidently dry""}, {""factor"": ""Urban SAR shadow"", ""delta"": -15, ""reason"": ""Dense urban area \u2014 radar shadow can mimic water""}, {""factor"": ""Optical cross-check"", ""delta"": 6, ""reason"": ""Sentinel-2 confirms dry ground \u2014 sensors agree""}]",0,,"{""sar"": ""dry"", ""optical"": ""dry"", ""dem_hydrology"": ""abstain""}"
HARV-00672,"3816 Farnham Street, Houston, TX, 77098",0.0,0.0,0.0,0.0,0.0,Remote-Deny,81,Deny remotely — no significant flooding detected by satellite,Satellite data at 3816 Farnham Street indicates 0.0ft depth; remote-deny per 81% confidence.,1,1,0.0,"[{""factor"": ""SAR recency"", ""delta"": 8, ""reason"": ""Imagery 3d post-event \u2014 fresh""}, {""factor"": ""Depth certainty"", ""delta"": 10, ""reason"": ""Near-zero depth \u2014 confidently not flooded""}, {""factor"": ""Coverage coherence"", ""delta"": 7, ""reason"": ""0% coverage \u2014 confidently dry""}, {""factor"": ""Urban SAR shadow"", ""delta"": -15, ""reason"": ""Dense urban area \u2014 radar shadow can mimic water""}, {""factor"": ""Optical cross-check"", ""delta"": 6, ""reason"": ""Sentinel-2 confirms dry ground \u2014 sensors agree""}]",0,,"{""sar"": ""dry"", ""optical"": ""dry"", ""dem_hydrology"": ""flood""}"
HARV-00673,"1972 Fairview Street, Houston, TX, 77019",0.0,0.0,0.0,0.0,0.0,Remote-Deny,81,Deny remotely — no significant flooding detected by satellite,Satellite data at 1972 Fairview Street indicates 0.0ft depth; remote-deny per 81% confidence.,1,1,0.0,"[{""factor"": ""SAR recency"", ""delta"": 8, ""reason"": ""Imagery 3d post-event \u2014 fresh""}, {""factor"": ""Depth certainty"", ""delta"": 10, ""reason"": ""Near-zero depth \u2014 confidently not flooded""}, {""factor"": ""Coverage coherence"", ""delta"": 7, ""reason"": ""0% coverage \u2014 confidently dry""}, {""factor"": ""Urban SAR shadow"", ""delta"": -15, ""reason"": ""Dense urban area \u2014 radar shadow can mimic water""}, {""factor"": ""Optical cross-check"", ""delta"": 6, ""reason"": ""Sentinel-2 confirms dry ground \u2014 sensors agree""}]",0,,"{""sar"": ""dry"", ""optical"": ""dry"", ""dem_hydrology"": ""flood""}"
HARV-00674,"515 Westheimer Road, Houston, TX, 77006",0.0,0.0,0.0,0.0,0.0,Remote-Deny,81,Deny remotely — no significant flooding detected by satellite,Satellite data at 515 Westheimer Road indicates 0.0ft depth; remote-deny per 81% confidence.,1,1,0.0,"[{""factor"": ""SAR recency"", ""delta"": 8, ""reason"": ""Imagery 3d post-event \u2014 fresh""}, {""factor"": ""Depth certainty"", ""delta"": 10, ""reason"": ""Near-zero depth \u2014 confidently not flooded""}, {""factor"": ""Coverage coherence"", ""delta"": 7, ""reason"": ""0% coverage \u2014 confidently dry""}, {""factor"": ""Urban SAR shadow"", ""delta"": -15, ""reason"": ""Dense urban area \u2014 radar shadow can mimic water""}, {""factor"": ""Optical cross-check"", ""delta"": 6, ""reason"": ""Sentinel-2 confirms dry ground \u2014 sensors agree""}]",0,,"{""sar"": ""dry"", ""optical"": ""dry"", ""dem_hydrology"": ""flood""}"
HARV-00675,"303 Memorial City Way, Houston, TX, 77024",0.0,0.0,0.0,0.0,0.0,Remote-Deny,81,Deny remotely — no significant flooding detected by satellite,Satellite data at 303 Memorial City Way indicates 0.0ft depth; remote-deny per 81% confidence.,1,1,0.0,"[{""factor"": ""SAR recency"", ""delta"": 8, ""reason"": ""Imagery 3d post-event \u2014 fresh""}, {""factor"": ""Depth certainty"", ""delta"": 10, ""reason"": ""Near-zero depth \u2014 confidently not flooded""}, {""factor"": ""Coverage coherence"", ""delta"": 7, ""reason"": ""0% coverage \u2014 confidently dry""}, {""factor"": ""Urban SAR shadow"", ""delta"": -15, ""reason"": ""Dense urban area \u2014 radar shadow can mimic water""}, {""factor"": ""Optical cross-check"", ""delta"": 6, ""reason"": ""Sentinel-2 confirms dry ground \u2014 sensors agree""}]",0,,"{""sar"": ""dry"", ""optical"": ""dry"", ""dem_hydrology"": ""flood""}"
HARV-00676,"14006 Memorial Drive, Houston, TX, 77079",0.0,0.0,0.0,0.0,0.0,Remote-Deny,81,Deny remotely — no significant flooding detected by satellite,Satellite data at 14006 Memorial Drive indicates 0.0ft depth; remote-deny per 81% confidence.,1,1,0.0,"[{""factor"": ""SAR recency"", ""delta"": 8, ""reason"": ""Imagery 3d post-event \u2014 fresh""}, {""factor"": ""Depth certainty"", ""delta"": 10, ""reason"": ""Near-zero depth \u2014 confidently not flooded""}, {""factor"": ""Coverage coherence"", ""delta"": 7, ""reason"": ""0% coverage \u2014 confidently dry""}, {""factor"": ""Urban SAR shadow"", ""delta"": -15, ""reason"": ""Dense urban area \u2014 radar shadow can mimic water""}, {""factor"": ""Optical cross-check"", ""delta"": 6, ""reason"": ""Sentinel-2 confirms dry ground \u2014 sensors agree""}]",0,,"{""sar"": ""dry"", ""optical"": ""dry"", ""dem_hydrology"": ""abstain""}"
HARV-00677,"14028 Memorial Drive, Houston, TX, 77079",0.0,0.0,0.0,0.0,0.0,Remote-Deny,81,Deny remotely — no significant flooding detected by satellite,Satellite data at 14028 Memorial Drive indicates 0.0ft depth; remote-deny per 81% confidence.,1,1,0.0,"[{""factor"": ""SAR recency"", ""delta"": 8, ""reason"": ""Imagery 3d post-event \u2014 fresh""}, {""factor"": ""Depth certainty"", ""delta"": 10, ""reason"": ""Near-zero depth \u2014 confidently not flooded""}, {""factor"": ""Coverage coherence"", ""delta"": 7, ""reason"": ""0% coverage \u2014 confidently dry""}, {""factor"": ""Urban SAR shadow"", ""delta"": -15, ""reason"": ""Dense urban area \u2014 radar shadow can mimic water""}, {""factor"": ""Optical cross-check"", ""delta"": 6, ""reason"": ""Sentinel-2 confirms dry ground \u2014 sensors agree""}]",0,,"{""sar"": ""dry"", ""optical"": ""dry"", ""dem_hydrology"": ""abstain""}"
HARV-00678,"14008 Memorial Drive, Houston, TX, 77079",0.0,0.0,0.0,0.0,0.0,Review,75,Flag for manual review — borderline measurements or low confidence,Satellite data at 14008 Memorial Drive indicates 0.0ft depth; review per 75% confidence.,1,1,0.1161,"[{""factor"": ""SAR recency"", ""delta"": 8, ""reason"": ""Imagery 3d post-event \u2014 fresh""}, {""factor"": ""Depth certainty"", ""delta"": 10, ""reason"": ""Near-zero depth \u2014 confidently not flooded""}, {""factor"": ""Coverage coherence"", ""delta"": 7, ""reason"": ""0% coverage \u2014 confidently dry""}, {""factor"": ""Urban SAR shadow"", ""delta"": -15, ""reason"": ""Dense urban area \u2014 radar shadow can mimic water""}]",1,Sensors disagree: optical indicate flooding while SAR indicate dry/implausible — routed to manual review.,"{""sar"": ""dry"", ""optical"": ""flood"", ""dem_hydrology"": ""abstain""}"
HARV-00679,"14005 Memorial Drive, Houston, TX, 77079",0.0,0.0,0.0,0.0,0.0,Remote-Deny,81,Deny remotely — no significant flooding detected by satellite,Satellite data at 14005 Memorial Drive indicates 0.0ft depth; remote-deny per 81% confidence.,1,1,0.0,"[{""factor"": ""SAR recency"", ""delta"": 8, ""reason"": ""Imagery 3d post-event \u2014 fresh""}, {""factor"": ""Depth certainty"", ""delta"": 10, ""reason"": ""Near-zero depth \u2014 confidently not flooded""}, {""factor"": ""Coverage coherence"", ""delta"": 7, ""reason"": ""0% coverage \u2014 confidently dry""}, {""factor"": ""Urban SAR shadow"", ""delta"": -15, ""reason"": ""Dense urban area \u2014 radar shadow can mimic water""}, {""factor"": ""Optical cross-check"", ""delta"": 6, ""reason"": ""Sentinel-2 confirms dry ground \u2014 sensors agree""}]",0,,"{""sar"": ""dry"", ""optical"": ""dry"", ""dem_hydrology"": ""abstain""}"
HARV-00680,"14021 Memorial Drive, Houston, TX, 77079",0.0,0.0,0.0,0.0,0.0,Remote-Deny,81,Deny remotely — no significant flooding detected by satellite,Satellite data at 14021 Memorial Drive indicates 0.0ft depth; remote-deny per 81% confidence.,1,1,0.0,"[{""factor"": ""SAR recency"", ""delta"": 8, ""reason"": ""Imagery 3d post-event \u2014 fresh""}, {""factor"": ""Depth certainty"", ""delta"": 10, ""reason"": ""Near-zero depth \u2014 confidently not flooded""}, {""factor"": ""Coverage coherence"", ""delta"": 7, ""reason"": ""0% coverage \u2014 confidently dry""}, {""factor"": ""Urban SAR shadow"", ""delta"": -15, ""reason"": ""Dense urban area \u2014 radar shadow can mimic water""}, {""factor"": ""Optical cross-check"", ""delta"": 6, ""reason"": ""Sentinel-2 confirms dry ground \u2014 sensors agree""}]",0,,"{""sar"": ""dry"", ""optical"": ""dry"", ""dem_hydrology"": ""abstain""}"
HARV-00681,"14072 Memorial Drive, Houston, TX, 77079",0.0,0.0,0.0,0.0,0.0,Remote-Deny,81,Deny remotely — no significant flooding detected by satellite,Satellite data at 14072 Memorial Drive indicates 0.0ft depth; remote-deny per 81% confidence.,1,1,0.0,"[{""factor"": ""SAR recency"", ""delta"": 8, ""reason"": ""Imagery 3d post-event \u2014 fresh""}, {""factor"": ""Depth certainty"", ""delta"": 10, ""reason"": ""Near-zero depth \u2014 confidently not flooded""}, {""factor"": ""Coverage coherence"", ""delta"": 7, ""reason"": ""0% coverage \u2014 confidently dry""}, {""factor"": ""Urban SAR shadow"", ""delta"": -15, ""reason"": ""Dense urban area \u2014 radar shadow can mimic water""}, {""factor"": ""Optical cross-check"", ""delta"": 6, ""reason"": ""Sentinel-2 confirms dry ground \u2014 sensors agree""}]",0,,"{""sar"": ""dry"", ""optical"": ""dry"", ""dem_hydrology"": ""abstain""}"
HARV-00682,"14054 Memorial Drive, Houston, TX, 77079",0.0,0.0,0.0,0.0,0.0,Remote-Deny,81,Deny remotely — no significant flooding detected by satellite,Satellite data at 14054 Memorial Drive indicates 0.0ft depth; remote-deny per 81% confidence.,1,1,0.0,"[{""factor"": ""SAR recency"", ""delta"": 8, ""reason"": ""Imagery 3d post-event \u2014 fresh""}, {""factor"": ""Depth certainty"", ""delta"": 10, ""reason"": ""Near-zero depth \u2014 confidently not flooded""}, {""factor"": ""Coverage coherence"", ""delta"": 7, ""reason"": ""0% coverage \u2014 confidently dry""}, {""factor"": ""Urban SAR shadow"", ""delta"": -15, ""reason"": ""Dense urban area \u2014 radar shadow can mimic water""}, {""factor"": ""Optical cross-check"", ""delta"": 6, ""reason"": ""Sentinel-2 confirms dry ground \u2014 sensors agree""}]",0,,"{""sar"": ""dry"", ""optical"": ""dry"", ""dem_hydrology"": ""abstain""}"
HARV-00683,"14040 Memorial Drive, Houston, TX, 77079",0.0,0.0,0.0,0.0,0.0,Remote-Deny,81,Deny remotely — no significant flooding detected by satellite,Satellite data at 14040 Memorial Drive indicates 0.0ft depth; remote-deny per 81% confidence.,1,1,0.0,"[{""factor"": ""SAR recency"", ""delta"": 8, ""reason"": ""Imagery 3d post-event \u2014 fresh""}, {""factor"": ""Depth certainty"", ""delta"": 10, ""reason"": ""Near-zero depth \u2014 confidently not flooded""}, {""factor"": ""Coverage coherence"", ""delta"": 7, ""reason"": ""0% coverage \u2014 confidently dry""}, {""factor"": ""Urban SAR shadow"", ""delta"": -15, ""reason"": ""Dense urban area \u2014 radar shadow can mimic water""}, {""factor"": ""Optical cross-check"", ""delta"": 6, ""reason"": ""Sentinel-2 confirms dry ground \u2014 sensors agree""}]",0,,"{""sar"": ""dry"", ""optical"": ""dry"", ""dem_hydrology"": ""abstain""}"
HARV-00684,"14027 Memorial Drive, Houston, TX, 77079",0.0,0.0,0.0,0.0,0.0,Remote-Deny,81,Deny remotely — no significant flooding detected by satellite,Satellite data at 14027 Memorial Drive indicates 0.0ft depth; remote-deny per 81% confidence.,1,1,0.0,"[{""factor"": ""SAR recency"", ""delta"": 8, ""reason"": ""Imagery 3d post-event \u2014 fresh""}, {""factor"": ""Depth certainty"", ""delta"": 10, ""reason"": ""Near-zero depth \u2014 confidently not flooded""}, {""factor"": ""Coverage coherence"", ""delta"": 7, ""reason"": ""0% coverage \u2014 confidently dry""}, {""factor"": ""Urban SAR shadow"", ""delta"": -15, ""reason"": ""Dense urban area \u2014 radar shadow can mimic water""}, {""factor"": ""Optical cross-check"", ""delta"": 6, ""reason"": ""Sentinel-2 confirms dry ground \u2014 sensors agree""}]",0,,"{""sar"": ""dry"", ""optical"": ""dry"", ""dem_hydrology"": ""abstain""}"
HARV-00685,"14045 Memorial Drive, Houston, TX, 77079",0.0,0.0,0.0,0.0,0.0,Remote-Deny,81,Deny remotely — no significant flooding detected by satellite,Satellite data at 14045 Memorial Drive indicates 0.0ft depth; remote-deny per 81% confidence.,1,1,0.0,"[{""factor"": ""SAR recency"", ""delta"": 8, ""reason"": ""Imagery 3d post-event \u2014 fresh""}, {""factor"": ""Depth certainty"", ""delta"": 10, ""reason"": ""Near-zero depth \u2014 confidently not flooded""}, {""factor"": ""Coverage coherence"", ""delta"": 7, ""reason"": ""0% coverage \u2014 confidently dry""}, {""factor"": ""Urban SAR shadow"", ""delta"": -15, ""reason"": ""Dense urban area \u2014 radar shadow can mimic water""}, {""factor"": ""Optical cross-check"", ""delta"": 6, ""reason"": ""Sentinel-2 confirms dry ground \u2014 sensors agree""}]",0,,"{""sar"": ""dry"", ""optical"": ""dry"", ""dem_hydrology"": ""abstain""}"
HARV-00686,"14015 Memorial Drive, Houston, TX, 77079",0.0,0.0,0.0,0.0,0.0,Remote-Deny,81,Deny remotely — no significant flooding detected by satellite,Satellite data at 14015 Memorial Drive indicates 0.0ft depth; remote-deny per 81% confidence.,1,1,0.0,"[{""factor"": ""SAR recency"", ""delta"": 8, ""reason"": ""Imagery 3d post-event \u2014 fresh""}, {""factor"": ""Depth certainty"", ""delta"": 10, ""reason"": ""Near-zero depth \u2014 confidently not flooded""}, {""factor"": ""Coverage coherence"", ""delta"": 7, ""reason"": ""0% coverage \u2014 confidently dry""}, {""factor"": ""Urban SAR shadow"", ""delta"": -15, ""reason"": ""Dense urban area \u2014 radar shadow can mimic water""}, {""factor"": ""Optical cross-check"", ""delta"": 6, ""reason"": ""Sentinel-2 confirms dry ground \u2014 sensors agree""}]",0,,"{""sar"": ""dry"", ""optical"": ""dry"", ""dem_hydrology"": ""abstain""}"
HARV-00687,"14090 Memorial Drive, Houston, TX, 77079",0.0,0.0,0.0,0.0,0.0,Remote-Deny,81,Deny remotely — no significant flooding detected by satellite,Satellite data at 14090 Memorial Drive indicates 0.0ft depth; remote-deny per 81% confidence.,1,1,0.0,"[{""factor"": ""SAR recency"", ""delta"": 8, ""reason"": ""Imagery 3d post-event \u2014 fresh""}, {""factor"": ""Depth certainty"", ""delta"": 10, ""reason"": ""Near-zero depth \u2014 confidently not flooded""}, {""factor"": ""Coverage coherence"", ""delta"": 7, ""reason"": ""0% coverage \u2014 confidently dry""}, {""factor"": ""Urban SAR shadow"", ""delta"": -15, ""reason"": ""Dense urban area \u2014 radar shadow can mimic water""}, {""factor"": ""Optical cross-check"", ""delta"": 6, ""reason"": ""Sentinel-2 confirms dry ground \u2014 sensors agree""}]",0,,"{""sar"": ""dry"", ""optical"": ""dry"", ""dem_hydrology"": ""abstain""}"
HARV-00688,"14096 Memorial Drive, Houston, TX, 77079",0.0,0.0,0.0,0.0,0.0,Remote-Deny,81,Deny remotely — no significant flooding detected by satellite,Satellite data at 14096 Memorial Drive indicates 0.0ft depth; remote-deny per 81% confidence.,1,1,0.0,"[{""factor"": ""SAR recency"", ""delta"": 8, ""reason"": ""Imagery 3d post-event \u2014 fresh""}, {""factor"": ""Depth certainty"", ""delta"": 10, ""reason"": ""Near-zero depth \u2014 confidently not flooded""}, {""factor"": ""Coverage coherence"", ""delta"": 7, ""reason"": ""0% coverage \u2014 confidently dry""}, {""factor"": ""Urban SAR shadow"", ""delta"": -15, ""reason"": ""Dense urban area \u2014 radar shadow can mimic water""}, {""factor"": ""Optical cross-check"", ""delta"": 6, ""reason"": ""Sentinel-2 confirms dry ground \u2014 sensors agree""}]",0,,"{""sar"": ""dry"", ""optical"": ""dry"", ""dem_hydrology"": ""abstain""}"
HARV-00689,"1111 Studewood Street, Houston, TX, 77008",0.0,0.0,0.0,0.0,0.0,Remote-Deny,81,Deny remotely — no significant flooding detected by satellite,Satellite data at 1111 Studewood Street indicates 0.0ft depth; remote-deny per 81% confidence.,1,1,0.0,"[{""factor"": ""SAR recency"", ""delta"": 8, ""reason"": ""Imagery 3d post-event \u2014 fresh""}, {""factor"": ""Depth certainty"", ""delta"": 10, ""reason"": ""Near-zero depth \u2014 confidently not flooded""}, {""factor"": ""Coverage coherence"", ""delta"": 7, ""reason"": ""0% coverage \u2014 confidently dry""}, {""factor"": ""Urban SAR shadow"", ""delta"": -15, ""reason"": ""Dense urban area \u2014 radar shadow can mimic water""}, {""factor"": ""Optical cross-check"", ""delta"": 6, ""reason"": ""Sentinel-2 confirms dry ground \u2014 sensors agree""}]",0,,"{""sar"": ""dry"", ""optical"": ""dry"", ""dem_hydrology"": ""flood""}"
HARV-00690,"5427 Bissonnet Street, Houston, TX, 77081",0.0,0.0,0.0,0.0,0.0,Remote-Deny,81,Deny remotely — no significant flooding detected by satellite,Satellite data at 5427 Bissonnet Street indicates 0.0ft depth; remote-deny per 81% confidence.,1,1,0.0,"[{""factor"": ""SAR recency"", ""delta"": 8, ""reason"": ""Imagery 3d post-event \u2014 fresh""}, {""factor"": ""Depth certainty"", ""delta"": 10, ""reason"": ""Near-zero depth \u2014 confidently not flooded""}, {""factor"": ""Coverage coherence"", ""delta"": 7, ""reason"": ""0% coverage \u2014 confidently dry""}, {""factor"": ""Urban SAR shadow"", ""delta"": -15, ""reason"": ""Dense urban area \u2014 radar shadow can mimic water""}, {""factor"": ""Optical cross-check"", ""delta"": 6, ""reason"": ""Sentinel-2 confirms dry ground \u2014 sensors agree""}]",0,,"{""sar"": ""dry"", ""optical"": ""dry"", ""dem_hydrology"": ""flood""}"
HARV-00691,"11633 Katy Freeway, Houston, TX, 77079",0.0,0.0,0.0,0.0,0.0,Remote-Deny,81,Deny remotely — no significant flooding detected by satellite,Satellite data at 11633 Katy Freeway indicates 0.0ft depth; remote-deny per 81% confidence.,1,1,0.0,"[{""factor"": ""SAR recency"", ""delta"": 8, ""reason"": ""Imagery 3d post-event \u2014 fresh""}, {""factor"": ""Depth certainty"", ""delta"": 10, ""reason"": ""Near-zero depth \u2014 confidently not flooded""}, {""factor"": ""Coverage coherence"", ""delta"": 7, ""reason"": ""0% coverage \u2014 confidently dry""}, {""factor"": ""Urban SAR shadow"", ""delta"": -15, ""reason"": ""Dense urban area \u2014 radar shadow can mimic water""}, {""factor"": ""Optical cross-check"", ""delta"": 6, ""reason"": ""Sentinel-2 confirms dry ground \u2014 sensors agree""}]",0,,"{""sar"": ""dry"", ""optical"": ""dry"", ""dem_hydrology"": ""flood""}"
HARV-00692,"10021 Main Street, Houston, TX, 77025",0.0,0.0,0.0,0.0,0.0,Remote-Deny,81,Deny remotely — no significant flooding detected by satellite,Satellite data at 10021 Main Street indicates 0.0ft depth; remote-deny per 81% confidence.,1,1,0.0,"[{""factor"": ""SAR recency"", ""delta"": 8, ""reason"": ""Imagery 3d post-event \u2014 fresh""}, {""factor"": ""Depth certainty"", ""delta"": 10, ""reason"": ""Near-zero depth \u2014 confidently not flooded""}, {""factor"": ""Coverage coherence"", ""delta"": 7, ""reason"": ""0% coverage \u2014 confidently dry""}, {""factor"": ""Urban SAR shadow"", ""delta"": -15, ""reason"": ""Dense urban area \u2014 radar shadow can mimic water""}, {""factor"": ""Optical cross-check"", ""delta"": 6, ""reason"": ""Sentinel-2 confirms dry ground \u2014 sensors agree""}]",0,,"{""sar"": ""dry"", ""optical"": ""dry"", ""dem_hydrology"": ""flood""}"
HARV-00693,"5350 Bellaire Boulevard, Bellaire, TX, 77402",0.0,0.0,0.0,0.0,0.0,Remote-Deny,81,Deny remotely — no significant flooding detected by satellite,Satellite data at 5350 Bellaire Boulevard indicates 0.0ft depth; remote-deny per 81% confidence.,1,1,0.0,"[{""factor"": ""SAR recency"", ""delta"": 8, ""reason"": ""Imagery 3d post-event \u2014 fresh""}, {""factor"": ""Depth certainty"", ""delta"": 10, ""reason"": ""Near-zero depth \u2014 confidently not flooded""}, {""factor"": ""Coverage coherence"", ""delta"": 7, ""reason"": ""0% coverage \u2014 confidently dry""}, {""factor"": ""Urban SAR shadow"", ""delta"": -15, ""reason"": ""Dense urban area \u2014 radar shadow can mimic water""}, {""factor"": ""Optical cross-check"", ""delta"": 6, ""reason"": ""Sentinel-2 confirms dry ground \u2014 sensors agree""}]",0,,"{""sar"": ""dry"", ""optical"": ""dry"", ""dem_hydrology"": ""flood""}"
HARV-00694,"186 Sharpstown Center, Houston, TX, 77036",0.0,0.0,0.0,0.0,0.0,Review,75,Flag for manual review — borderline measurements or low confidence,Satellite data at 186 Sharpstown Center indicates 0.0ft depth; review per 75% confidence.,1,1,0.9489,"[{""factor"": ""SAR recency"", ""delta"": 8, ""reason"": ""Imagery 3d post-event \u2014 fresh""}, {""factor"": ""Depth certainty"", ""delta"": 10, ""reason"": ""Near-zero depth \u2014 confidently not flooded""}, {""factor"": ""Coverage coherence"", ""delta"": 7, ""reason"": ""0% coverage \u2014 confidently dry""}, {""factor"": ""Urban SAR shadow"", ""delta"": -15, ""reason"": ""Dense urban area \u2014 radar shadow can mimic water""}]",1,"Sensors disagree: optical, DEM-hydrology indicate flooding while SAR indicate dry/implausible — routed to manual review.","{""sar"": ""dry"", ""optical"": ""flood"", ""dem_hydrology"": ""flood""}"
HARV-00695,"10101 Fondren Road, Houston, TX, 77096",0.0,0.0,0.0,0.0,0.0,Review,75,Flag for manual review — borderline measurements or low confidence,Satellite data at 10101 Fondren Road indicates 0.0ft depth; review per 75% confidence.,1,1,0.232,"[{""factor"": ""SAR recency"", ""delta"": 8, ""reason"": ""Imagery 3d post-event \u2014 fresh""}, {""factor"": ""Depth certainty"", ""delta"": 10, ""reason"": ""Near-zero depth \u2014 confidently not flooded""}, {""factor"": ""Coverage coherence"", ""delta"": 7, ""reason"": ""0% coverage \u2014 confidently dry""}, {""factor"": ""Urban SAR shadow"", ""delta"": -15, ""reason"": ""Dense urban area \u2014 radar shadow can mimic water""}]",1,"Sensors disagree: optical indicate flooding while SAR, DEM-hydrology indicate dry/implausible — routed to manual review.","{""sar"": ""dry"", ""optical"": ""flood"", ""dem_hydrology"": ""dry""}"
HARV-00696,"3764 Richmond Avenue, Houston, TX, 77046",0.0,0.0,0.0,0.0,0.0,Remote-Deny,81,Deny remotely — no significant flooding detected by satellite,Satellite data at 3764 Richmond Avenue indicates 0.0ft depth; remote-deny per 81% confidence.,1,1,0.0,"[{""factor"": ""SAR recency"", ""delta"": 8, ""reason"": ""Imagery 3d post-event \u2014 fresh""}, {""factor"": ""Depth certainty"", ""delta"": 10, ""reason"": ""Near-zero depth \u2014 confidently not flooded""}, {""factor"": ""Coverage coherence"", ""delta"": 7, ""reason"": ""0% coverage \u2014 confidently dry""}, {""factor"": ""Urban SAR shadow"", ""delta"": -15, ""reason"": ""Dense urban area \u2014 radar shadow can mimic water""}, {""factor"": ""Optical cross-check"", ""delta"": 6, ""reason"": ""Sentinel-2 confirms dry ground \u2014 sensors agree""}]",0,,"{""sar"": ""dry"", ""optical"": ""dry"", ""dem_hydrology"": ""abstain""}"
HARV-00697,"3760 Richmond Avenue, Houston, TX, 77027",0.0,0.0,0.0,0.0,0.0,Remote-Deny,81,Deny remotely — no significant flooding detected by satellite,Satellite data at 3760 Richmond Avenue indicates 0.0ft depth; remote-deny per 81% confidence.,1,1,0.0,"[{""factor"": ""SAR recency"", ""delta"": 8, ""reason"": ""Imagery 3d post-event \u2014 fresh""}, {""factor"": ""Depth certainty"", ""delta"": 10, ""reason"": ""Near-zero depth \u2014 confidently not flooded""}, {""factor"": ""Coverage coherence"", ""delta"": 7, ""reason"": ""0% coverage \u2014 confidently dry""}, {""factor"": ""Urban SAR shadow"", ""delta"": -15, ""reason"": ""Dense urban area \u2014 radar shadow can mimic water""}, {""factor"": ""Optical cross-check"", ""delta"": 6, ""reason"": ""Sentinel-2 confirms dry ground \u2014 sensors agree""}]",0,,"{""sar"": ""dry"", ""optical"": ""dry"", ""dem_hydrology"": ""abstain""}"
HARV-00698,"2420 Center Street, Houston, TX",0.0,0.0,0.0,0.0,0.0,Review,75,Flag for manual review — borderline measurements or low confidence,Satellite data at 2420 Center Street indicates 0.0ft depth; review per 75% confidence.,1,1,0.1005,"[{""factor"": ""SAR recency"", ""delta"": 8, ""reason"": ""Imagery 3d post-event \u2014 fresh""}, {""factor"": ""Depth certainty"", ""delta"": 10, ""reason"": ""Near-zero depth \u2014 confidently not flooded""}, {""factor"": ""Coverage coherence"", ""delta"": 7, ""reason"": ""0% coverage \u2014 confidently dry""}, {""factor"": ""Urban SAR shadow"", ""delta"": -15, ""reason"": ""Dense urban area \u2014 radar shadow can mimic water""}]",1,"Sensors disagree: optical indicate flooding while SAR, DEM-hydrology indicate dry/implausible — routed to manual review.","{""sar"": ""dry"", ""optical"": ""flood"", ""dem_hydrology"": ""dry""}"
HARV-00699,"6011 Washington Avenue, Houston, TX, 77007",0.0,0.0,0.0,0.0,0.0,Remote-Deny,81,Deny remotely — no significant flooding detected by satellite,Satellite data at 6011 Washington Avenue indicates 0.0ft depth; remote-deny per 81% confidence.,1,1,0.0,"[{""factor"": ""SAR recency"", ""delta"": 8, ""reason"": ""Imagery 3d post-event \u2014 fresh""}, {""factor"": ""Depth certainty"", ""delta"": 10, ""reason"": ""Near-zero depth \u2014 confidently not flooded""}, {""factor"": ""Coverage coherence"", ""delta"": 7, ""reason"": ""0% coverage \u2014 confidently dry""}, {""factor"": ""Urban SAR shadow"", ""delta"": -15, ""reason"": ""Dense urban area \u2014 radar shadow can mimic water""}, {""factor"": ""Optical cross-check"", ""delta"": 6, ""reason"": ""Sentinel-2 confirms dry ground \u2014 sensors agree""}]",0,,"{""sar"": ""dry"", ""optical"": ""dry"", ""dem_hydrology"": ""flood""}"
HARV-00700,"2027 Post Oak Boulevard, Houston, TX, 77056",0.0,0.0,0.0,0.0,0.0,Remote-Deny,81,Deny remotely — no significant flooding detected by satellite,Satellite data at 2027 Post Oak Boulevard indicates 0.0ft depth; remote-deny per 81% confidence.,1,1,0.0,"[{""factor"": ""SAR recency"", ""delta"": 8, ""reason"": ""Imagery 3d post-event \u2014 fresh""}, {""factor"": ""Depth certainty"", ""delta"": 10, ""reason"": ""Near-zero depth \u2014 confidently not flooded""}, {""factor"": ""Coverage coherence"", ""delta"": 7, ""reason"": ""0% coverage \u2014 confidently dry""}, {""factor"": ""Urban SAR shadow"", ""delta"": -15, ""reason"": ""Dense urban area \u2014 radar shadow can mimic water""}, {""factor"": ""Optical cross-check"", ""delta"": 6, ""reason"": ""Sentinel-2 confirms dry ground \u2014 sensors agree""}]",0,,"{""sar"": ""dry"", ""optical"": ""dry"", ""dem_hydrology"": ""dry""}"
HARV-00701,"5176 Richmond Avenue, Houston, TX, 77056",0.0,0.0,0.0,0.0,0.0,Remote-Deny,96,Deny remotely — no significant flooding detected by satellite,Satellite data at 5176 Richmond Avenue indicates 0.0ft depth; remote-deny per 96% confidence.,0,1,0.0,"[{""factor"": ""SAR recency"", ""delta"": 8, ""reason"": ""Imagery 3d post-event \u2014 fresh""}, {""factor"": ""Depth certainty"", ""delta"": 10, ""reason"": ""Near-zero depth \u2014 confidently not flooded""}, {""factor"": ""Coverage coherence"", ""delta"": 7, ""reason"": ""0% coverage \u2014 confidently dry""}, {""factor"": ""Optical cross-check"", ""delta"": 6, ""reason"": ""Sentinel-2 confirms dry ground \u2014 sensors agree""}]",0,,"{""sar"": ""dry"", ""optical"": ""dry"", ""dem_hydrology"": ""flood""}"
HARV-00702,"2301 Yorktown Street, Houston, TX, 77056",0.0,0.0,0.0,0.0,0.0,Remote-Deny,81,Deny remotely — no significant flooding detected by satellite,Satellite data at 2301 Yorktown Street indicates 0.0ft depth; remote-deny per 81% confidence.,1,1,0.0,"[{""factor"": ""SAR recency"", ""delta"": 8, ""reason"": ""Imagery 3d post-event \u2014 fresh""}, {""factor"": ""Depth certainty"", ""delta"": 10, ""reason"": ""Near-zero depth \u2014 confidently not flooded""}, {""factor"": ""Coverage coherence"", ""delta"": 7, ""reason"": ""0% coverage \u2014 confidently dry""}, {""factor"": ""Urban SAR shadow"", ""delta"": -15, ""reason"": ""Dense urban area \u2014 radar shadow can mimic water""}, {""factor"": ""Optical cross-check"", ""delta"": 6, ""reason"": ""Sentinel-2 confirms dry ground \u2014 sensors agree""}]",0,,"{""sar"": ""dry"", ""optical"": ""dry"", ""dem_hydrology"": ""abstain""}"
HARV-00703,5740 San Felipe Street,0.0,0.0,0.0,0.0,0.0,Remote-Deny,81,Deny remotely — no significant flooding detected by satellite,Satellite data at 5740 San Felipe Street indicates 0.0ft depth; remote-deny per 81% confidence.,1,1,0.0,"[{""factor"": ""SAR recency"", ""delta"": 8, ""reason"": ""Imagery 3d post-event \u2014 fresh""}, {""factor"": ""Depth certainty"", ""delta"": 10, ""reason"": ""Near-zero depth \u2014 confidently not flooded""}, {""factor"": ""Coverage coherence"", ""delta"": 7, ""reason"": ""0% coverage \u2014 confidently dry""}, {""factor"": ""Urban SAR shadow"", ""delta"": -15, ""reason"": ""Dense urban area \u2014 radar shadow can mimic water""}, {""factor"": ""Optical cross-check"", ""delta"": 6, ""reason"": ""Sentinel-2 confirms dry ground \u2014 sensors agree""}]",0,,"{""sar"": ""dry"", ""optical"": ""dry"", ""dem_hydrology"": ""flood""}"
HARV-00704,"5106 Bissonnet Street, Bellaire, TX, 77401",0.0,0.0,0.0,0.0,0.0,Remote-Deny,81,Deny remotely — no significant flooding detected by satellite,Satellite data at 5106 Bissonnet Street indicates 0.0ft depth; remote-deny per 81% confidence.,1,1,0.0,"[{""factor"": ""SAR recency"", ""delta"": 8, ""reason"": ""Imagery 3d post-event \u2014 fresh""}, {""factor"": ""Depth certainty"", ""delta"": 10, ""reason"": ""Near-zero depth \u2014 confidently not flooded""}, {""factor"": ""Coverage coherence"", ""delta"": 7, ""reason"": ""0% coverage \u2014 confidently dry""}, {""factor"": ""Urban SAR shadow"", ""delta"": -15, ""reason"": ""Dense urban area \u2014 radar shadow can mimic water""}, {""factor"": ""Optical cross-check"", ""delta"": 6, ""reason"": ""Sentinel-2 confirms dry ground \u2014 sensors agree""}]",0,,"{""sar"": ""dry"", ""optical"": ""dry"", ""dem_hydrology"": ""flood""}"
HARV-00705,"2322 Bissonnet Street, Houston, TX, 77005",0.0,0.0,0.0,0.0,0.0,Remote-Deny,81,Deny remotely — no significant flooding detected by satellite,Satellite data at 2322 Bissonnet Street indicates 0.0ft depth; remote-deny per 81% confidence.,1,1,0.0,"[{""factor"": ""SAR recency"", ""delta"": 8, ""reason"": ""Imagery 3d post-event \u2014 fresh""}, {""factor"": ""Depth certainty"", ""delta"": 10, ""reason"": ""Near-zero depth \u2014 confidently not flooded""}, {""factor"": ""Coverage coherence"", ""delta"": 7, ""reason"": ""0% coverage \u2014 confidently dry""}, {""factor"": ""Urban SAR shadow"", ""delta"": -15, ""reason"": ""Dense urban area \u2014 radar shadow can mimic water""}, {""factor"": ""Optical cross-check"", ""delta"": 6, ""reason"": ""Sentinel-2 confirms dry ground \u2014 sensors agree""}]",0,,"{""sar"": ""dry"", ""optical"": ""dry"", ""dem_hydrology"": ""flood""}"
HARV-00706,"1410 Brittmoore Road, Houston, TX, 77043",0.0,0.0,0.0,0.0,0.0,Remote-Deny,81,Deny remotely — no significant flooding detected by satellite,Satellite data at 1410 Brittmoore Road indicates 0.0ft depth; remote-deny per 81% confidence.,1,1,0.0,"[{""factor"": ""SAR recency"", ""delta"": 8, ""reason"": ""Imagery 3d post-event \u2014 fresh""}, {""factor"": ""Depth certainty"", ""delta"": 10, ""reason"": ""Near-zero depth \u2014 confidently not flooded""}, {""factor"": ""Coverage coherence"", ""delta"": 7, ""reason"": ""0% coverage \u2014 confidently dry""}, {""factor"": ""Urban SAR shadow"", ""delta"": -15, ""reason"": ""Dense urban area \u2014 radar shadow can mimic water""}, {""factor"": ""Optical cross-check"", ""delta"": 6, ""reason"": ""Sentinel-2 confirms dry ground \u2014 sensors agree""}]",0,,"{""sar"": ""dry"", ""optical"": ""dry"", ""dem_hydrology"": ""flood""}"
HARV-00707,"12526 Memorial Drive, Houston, TX, 77024",0.0,0.0,0.0,0.0,0.0,Review,75,Flag for manual review — borderline measurements or low confidence,Satellite data at 12526 Memorial Drive indicates 0.0ft depth; review per 75% confidence.,1,1,0.7129,"[{""factor"": ""SAR recency"", ""delta"": 8, ""reason"": ""Imagery 3d post-event \u2014 fresh""}, {""factor"": ""Depth certainty"", ""delta"": 10, ""reason"": ""Near-zero depth \u2014 confidently not flooded""}, {""factor"": ""Coverage coherence"", ""delta"": 7, ""reason"": ""0% coverage \u2014 confidently dry""}, {""factor"": ""Urban SAR shadow"", ""delta"": -15, ""reason"": ""Dense urban area \u2014 radar shadow can mimic water""}]",1,"Sensors disagree: optical indicate flooding while SAR, DEM-hydrology indicate dry/implausible — routed to manual review.","{""sar"": ""dry"", ""optical"": ""flood"", ""dem_hydrology"": ""dry""}"
HARV-00708,2910 Westheimer Road,0.0,0.0,0.0,0.0,0.0,Remote-Deny,81,Deny remotely — no significant flooding detected by satellite,Satellite data at 2910 Westheimer Road indicates 0.0ft depth; remote-deny per 81% confidence.,1,1,0.0,"[{""factor"": ""SAR recency"", ""delta"": 8, ""reason"": ""Imagery 3d post-event \u2014 fresh""}, {""factor"": ""Depth certainty"", ""delta"": 10, ""reason"": ""Near-zero depth \u2014 confidently not flooded""}, {""factor"": ""Coverage coherence"", ""delta"": 7, ""reason"": ""0% coverage \u2014 confidently dry""}, {""factor"": ""Urban SAR shadow"", ""delta"": -15, ""reason"": ""Dense urban area \u2014 radar shadow can mimic water""}, {""factor"": ""Optical cross-check"", ""delta"": 6, ""reason"": ""Sentinel-2 confirms dry ground \u2014 sensors agree""}]",0,,"{""sar"": ""dry"", ""optical"": ""dry"", ""dem_hydrology"": ""flood""}"
HARV-00709,"3620 Katy Freeway, Houston, TX, 77007",0.0,0.0,0.0,0.0,0.0,Remote-Deny,81,Deny remotely — no significant flooding detected by satellite,Satellite data at 3620 Katy Freeway indicates 0.0ft depth; remote-deny per 81% confidence.,1,1,0.0,"[{""factor"": ""SAR recency"", ""delta"": 8, ""reason"": ""Imagery 3d post-event \u2014 fresh""}, {""factor"": ""Depth certainty"", ""delta"": 10, ""reason"": ""Near-zero depth \u2014 confidently not flooded""}, {""factor"": ""Coverage coherence"", ""delta"": 7, ""reason"": ""0% coverage \u2014 confidently dry""}, {""factor"": ""Urban SAR shadow"", ""delta"": -15, ""reason"": ""Dense urban area \u2014 radar shadow can mimic water""}, {""factor"": ""Optical cross-check"", ""delta"": 6, ""reason"": ""Sentinel-2 confirms dry ground \u2014 sensors agree""}]",0,,"{""sar"": ""dry"", ""optical"": ""dry"", ""dem_hydrology"": ""dry""}"
HARV-00710,"4400 Post Oak Parkway, Houston, TX, 77027",0.0,0.0,0.0,0.0,0.0,Remote-Deny,81,Deny remotely — no significant flooding detected by satellite,Satellite data at 4400 Post Oak Parkway indicates 0.0ft depth; remote-deny per 81% confidence.,1,1,0.0,"[{""factor"": ""SAR recency"", ""delta"": 8, ""reason"": ""Imagery 3d post-event \u2014 fresh""}, {""factor"": ""Depth certainty"", ""delta"": 10, ""reason"": ""Near-zero depth \u2014 confidently not flooded""}, {""factor"": ""Coverage coherence"", ""delta"": 7, ""reason"": ""0% coverage \u2014 confidently dry""}, {""factor"": ""Urban SAR shadow"", ""delta"": -15, ""reason"": ""Dense urban area \u2014 radar shadow can mimic water""}, {""factor"": ""Optical cross-check"", ""delta"": 6, ""reason"": ""Sentinel-2 confirms dry ground \u2014 sensors agree""}]",0,,"{""sar"": ""dry"", ""optical"": ""dry"", ""dem_hydrology"": ""abstain""}"
HARV-00711,"5381 Westheimer Road, Houston, TX",0.0,0.0,0.0,0.0,0.0,Remote-Deny,81,Deny remotely — no significant flooding detected by satellite,Satellite data at 5381 Westheimer Road indicates 0.0ft depth; remote-deny per 81% confidence.,1,1,0.0,"[{""factor"": ""SAR recency"", ""delta"": 8, ""reason"": ""Imagery 3d post-event \u2014 fresh""}, {""factor"": ""Depth certainty"", ""delta"": 10, ""reason"": ""Near-zero depth \u2014 confidently not flooded""}, {""factor"": ""Coverage coherence"", ""delta"": 7, ""reason"": ""0% coverage \u2014 confidently dry""}, {""factor"": ""Urban SAR shadow"", ""delta"": -15, ""reason"": ""Dense urban area \u2014 radar shadow can mimic water""}, {""factor"": ""Optical cross-check"", ""delta"": 6, ""reason"": ""Sentinel-2 confirms dry ground \u2014 sensors agree""}]",0,,"{""sar"": ""dry"", ""optical"": ""dry"", ""dem_hydrology"": ""abstain""}"
HARV-00712,"5387 Westheimer Road, Houston, TX",0.0,0.0,0.0,0.0,0.0,Remote-Deny,81,Deny remotely — no significant flooding detected by satellite,Satellite data at 5387 Westheimer Road indicates 0.0ft depth; remote-deny per 81% confidence.,1,1,0.0,"[{""factor"": ""SAR recency"", ""delta"": 8, ""reason"": ""Imagery 3d post-event \u2014 fresh""}, {""factor"": ""Depth certainty"", ""delta"": 10, ""reason"": ""Near-zero depth \u2014 confidently not flooded""}, {""factor"": ""Coverage coherence"", ""delta"": 7, ""reason"": ""0% coverage \u2014 confidently dry""}, {""factor"": ""Urban SAR shadow"", ""delta"": -15, ""reason"": ""Dense urban area \u2014 radar shadow can mimic water""}, {""factor"": ""Optical cross-check"", ""delta"": 6, ""reason"": ""Sentinel-2 confirms dry ground \u2014 sensors agree""}]",0,,"{""sar"": ""dry"", ""optical"": ""dry"", ""dem_hydrology"": ""abstain""}"
HARV-00713,"5395 Westheimer Road, Houston, TX",0.0,0.0,0.0,0.0,0.0,Remote-Deny,81,Deny remotely — no significant flooding detected by satellite,Satellite data at 5395 Westheimer Road indicates 0.0ft depth; remote-deny per 81% confidence.,1,1,0.0,"[{""factor"": ""SAR recency"", ""delta"": 8, ""reason"": ""Imagery 3d post-event \u2014 fresh""}, {""factor"": ""Depth certainty"", ""delta"": 10, ""reason"": ""Near-zero depth \u2014 confidently not flooded""}, {""factor"": ""Coverage coherence"", ""delta"": 7, ""reason"": ""0% coverage \u2014 confidently dry""}, {""factor"": ""Urban SAR shadow"", ""delta"": -15, ""reason"": ""Dense urban area \u2014 radar shadow can mimic water""}, {""factor"": ""Optical cross-check"", ""delta"": 6, ""reason"": ""Sentinel-2 confirms dry ground \u2014 sensors agree""}]",0,,"{""sar"": ""dry"", ""optical"": ""dry"", ""dem_hydrology"": ""abstain""}"
HARV-00714,"5383 Westheimer Road, Houston, TX",0.0,0.0,0.0,0.0,0.0,Remote-Deny,81,Deny remotely — no significant flooding detected by satellite,Satellite data at 5383 Westheimer Road indicates 0.0ft depth; remote-deny per 81% confidence.,1,1,0.0,"[{""factor"": ""SAR recency"", ""delta"": 8, ""reason"": ""Imagery 3d post-event \u2014 fresh""}, {""factor"": ""Depth certainty"", ""delta"": 10, ""reason"": ""Near-zero depth \u2014 confidently not flooded""}, {""factor"": ""Coverage coherence"", ""delta"": 7, ""reason"": ""0% coverage \u2014 confidently dry""}, {""factor"": ""Urban SAR shadow"", ""delta"": -15, ""reason"": ""Dense urban area \u2014 radar shadow can mimic water""}, {""factor"": ""Optical cross-check"", ""delta"": 6, ""reason"": ""Sentinel-2 confirms dry ground \u2014 sensors agree""}]",0,,"{""sar"": ""dry"", ""optical"": ""dry"", ""dem_hydrology"": ""abstain""}"
HARV-00715,"5385 Westheimer Road, Houston, TX",0.0,0.0,0.0,0.0,0.0,Remote-Deny,81,Deny remotely — no significant flooding detected by satellite,Satellite data at 5385 Westheimer Road indicates 0.0ft depth; remote-deny per 81% confidence.,1,1,0.0,"[{""factor"": ""SAR recency"", ""delta"": 8, ""reason"": ""Imagery 3d post-event \u2014 fresh""}, {""factor"": ""Depth certainty"", ""delta"": 10, ""reason"": ""Near-zero depth \u2014 confidently not flooded""}, {""factor"": ""Coverage coherence"", ""delta"": 7, ""reason"": ""0% coverage \u2014 confidently dry""}, {""factor"": ""Urban SAR shadow"", ""delta"": -15, ""reason"": ""Dense urban area \u2014 radar shadow can mimic water""}, {""factor"": ""Optical cross-check"", ""delta"": 6, ""reason"": ""Sentinel-2 confirms dry ground \u2014 sensors agree""}]",0,,"{""sar"": ""dry"", ""optical"": ""dry"", ""dem_hydrology"": ""abstain""}"
HARV-00716,"5393B Westheimer Road, Houston, TX",0.0,0.0,0.0,0.0,0.0,Remote-Deny,81,Deny remotely — no significant flooding detected by satellite,Satellite data at 5393B Westheimer Road indicates 0.0ft depth; remote-deny per 81% confidence.,1,1,0.0,"[{""factor"": ""SAR recency"", ""delta"": 8, ""reason"": ""Imagery 3d post-event \u2014 fresh""}, {""factor"": ""Depth certainty"", ""delta"": 10, ""reason"": ""Near-zero depth \u2014 confidently not flooded""}, {""factor"": ""Coverage coherence"", ""delta"": 7, ""reason"": ""0% coverage \u2014 confidently dry""}, {""factor"": ""Urban SAR shadow"", ""delta"": -15, ""reason"": ""Dense urban area \u2014 radar shadow can mimic water""}, {""factor"": ""Optical cross-check"", ""delta"": 6, ""reason"": ""Sentinel-2 confirms dry ground \u2014 sensors agree""}]",0,,"{""sar"": ""dry"", ""optical"": ""dry"", ""dem_hydrology"": ""abstain""}"
HARV-00717,"5348 Westheimer Road, Houston, TX",0.0,0.0,0.0,0.0,0.0,Remote-Deny,81,Deny remotely — no significant flooding detected by satellite,Satellite data at 5348 Westheimer Road indicates 0.0ft depth; remote-deny per 81% confidence.,1,1,0.0,"[{""factor"": ""SAR recency"", ""delta"": 8, ""reason"": ""Imagery 3d post-event \u2014 fresh""}, {""factor"": ""Depth certainty"", ""delta"": 10, ""reason"": ""Near-zero depth \u2014 confidently not flooded""}, {""factor"": ""Coverage coherence"", ""delta"": 7, ""reason"": ""0% coverage \u2014 confidently dry""}, {""factor"": ""Urban SAR shadow"", ""delta"": -15, ""reason"": ""Dense urban area \u2014 radar shadow can mimic water""}, {""factor"": ""Optical cross-check"", ""delta"": 6, ""reason"": ""Sentinel-2 confirms dry ground \u2014 sensors agree""}]",0,,"{""sar"": ""dry"", ""optical"": ""dry"", ""dem_hydrology"": ""abstain""}"
HARV-00718,"5371 Westheimer Road, Houston, TX",0.0,0.0,0.0,0.0,0.0,Remote-Deny,81,Deny remotely — no significant flooding detected by satellite,Satellite data at 5371 Westheimer Road indicates 0.0ft depth; remote-deny per 81% confidence.,1,1,0.0,"[{""factor"": ""SAR recency"", ""delta"": 8, ""reason"": ""Imagery 3d post-event \u2014 fresh""}, {""factor"": ""Depth certainty"", ""delta"": 10, ""reason"": ""Near-zero depth \u2014 confidently not flooded""}, {""factor"": ""Coverage coherence"", ""delta"": 7, ""reason"": ""0% coverage \u2014 confidently dry""}, {""factor"": ""Urban SAR shadow"", ""delta"": -15, ""reason"": ""Dense urban area \u2014 radar shadow can mimic water""}, {""factor"": ""Optical cross-check"", ""delta"": 6, ""reason"": ""Sentinel-2 confirms dry ground \u2014 sensors agree""}]",0,,"{""sar"": ""dry"", ""optical"": ""dry"", ""dem_hydrology"": ""abstain""}"
HARV-00719,"5379 Westheimer Road, Houston, TX",0.0,0.0,0.0,0.0,0.0,Remote-Deny,81,Deny remotely — no significant flooding detected by satellite,Satellite data at 5379 Westheimer Road indicates 0.0ft depth; remote-deny per 81% confidence.,1,1,0.0,"[{""factor"": ""SAR recency"", ""delta"": 8, ""reason"": ""Imagery 3d post-event \u2014 fresh""}, {""factor"": ""Depth certainty"", ""delta"": 10, ""reason"": ""Near-zero depth \u2014 confidently not flooded""}, {""factor"": ""Coverage coherence"", ""delta"": 7, ""reason"": ""0% coverage \u2014 confidently dry""}, {""factor"": ""Urban SAR shadow"", ""delta"": -15, ""reason"": ""Dense urban area \u2014 radar shadow can mimic water""}, {""factor"": ""Optical cross-check"", ""delta"": 6, ""reason"": ""Sentinel-2 confirms dry ground \u2014 sensors agree""}]",0,,"{""sar"": ""dry"", ""optical"": ""dry"", ""dem_hydrology"": ""abstain""}"
HARV-00720,"5393 Westheimer Road, Houston, TX",0.0,0.0,0.0,0.0,0.0,Remote-Deny,81,Deny remotely — no significant flooding detected by satellite,Satellite data at 5393 Westheimer Road indicates 0.0ft depth; remote-deny per 81% confidence.,1,1,0.0,"[{""factor"": ""SAR recency"", ""delta"": 8, ""reason"": ""Imagery 3d post-event \u2014 fresh""}, {""factor"": ""Depth certainty"", ""delta"": 10, ""reason"": ""Near-zero depth \u2014 confidently not flooded""}, {""factor"": ""Coverage coherence"", ""delta"": 7, ""reason"": ""0% coverage \u2014 confidently dry""}, {""factor"": ""Urban SAR shadow"", ""delta"": -15, ""reason"": ""Dense urban area \u2014 radar shadow can mimic water""}, {""factor"": ""Optical cross-check"", ""delta"": 6, ""reason"": ""Sentinel-2 confirms dry ground \u2014 sensors agree""}]",0,,"{""sar"": ""dry"", ""optical"": ""dry"", ""dem_hydrology"": ""abstain""}"
HARV-00721,"5346 Westheimer Road, Houston, TX",0.0,0.0,0.0,0.0,0.0,Remote-Deny,81,Deny remotely — no significant flooding detected by satellite,Satellite data at 5346 Westheimer Road indicates 0.0ft depth; remote-deny per 81% confidence.,1,1,0.0,"[{""factor"": ""SAR recency"", ""delta"": 8, ""reason"": ""Imagery 3d post-event \u2014 fresh""}, {""factor"": ""Depth certainty"", ""delta"": 10, ""reason"": ""Near-zero depth \u2014 confidently not flooded""}, {""factor"": ""Coverage coherence"", ""delta"": 7, ""reason"": ""0% coverage \u2014 confidently dry""}, {""factor"": ""Urban SAR shadow"", ""delta"": -15, ""reason"": ""Dense urban area \u2014 radar shadow can mimic water""}, {""factor"": ""Optical cross-check"", ""delta"": 6, ""reason"": ""Sentinel-2 confirms dry ground \u2014 sensors agree""}]",0,,"{""sar"": ""dry"", ""optical"": ""dry"", ""dem_hydrology"": ""abstain""}"
HARV-00722,"551 North Shepherd Drive, Houston, TX",0.0,0.0,0.0,0.0,0.0,Remote-Deny,81,Deny remotely — no significant flooding detected by satellite,Satellite data at 551 North Shepherd Drive indicates 0.0ft depth; remote-deny per 81% confidence.,1,1,0.0,"[{""factor"": ""SAR recency"", ""delta"": 8, ""reason"": ""Imagery 3d post-event \u2014 fresh""}, {""factor"": ""Depth certainty"", ""delta"": 10, ""reason"": ""Near-zero depth \u2014 confidently not flooded""}, {""factor"": ""Coverage coherence"", ""delta"": 7, ""reason"": ""0% coverage \u2014 confidently dry""}, {""factor"": ""Urban SAR shadow"", ""delta"": -15, ""reason"": ""Dense urban area \u2014 radar shadow can mimic water""}, {""factor"": ""Optical cross-check"", ""delta"": 6, ""reason"": ""Sentinel-2 confirms dry ground \u2014 sensors agree""}]",0,,"{""sar"": ""dry"", ""optical"": ""dry"", ""dem_hydrology"": ""dry""}"
HARV-00723,"5010 Dincans Street, Houston, TX, 77005",0.0,0.0,0.0,0.0,0.0,Remote-Deny,81,Deny remotely — no significant flooding detected by satellite,Satellite data at 5010 Dincans Street indicates 0.0ft depth; remote-deny per 81% confidence.,1,1,0.0,"[{""factor"": ""SAR recency"", ""delta"": 8, ""reason"": ""Imagery 3d post-event \u2014 fresh""}, {""factor"": ""Depth certainty"", ""delta"": 10, ""reason"": ""Near-zero depth \u2014 confidently not flooded""}, {""factor"": ""Coverage coherence"", ""delta"": 7, ""reason"": ""0% coverage \u2014 confidently dry""}, {""factor"": ""Urban SAR shadow"", ""delta"": -15, ""reason"": ""Dense urban area \u2014 radar shadow can mimic water""}, {""factor"": ""Optical cross-check"", ""delta"": 6, ""reason"": ""Sentinel-2 confirms dry ground \u2014 sensors agree""}]",0,,"{""sar"": ""dry"", ""optical"": ""dry"", ""dem_hydrology"": ""flood""}"
HARV-00724,"10200 West Airport Boulevard, Stafford, TX, 77477",0.0,0.0,0.0,0.0,0.0,Remote-Deny,96,Deny remotely — no significant flooding detected by satellite,Satellite data at 10200 West Airport Boulevard indicates 0.0ft depth; remote-deny per 96% confidence.,0,1,0.0,"[{""factor"": ""SAR recency"", ""delta"": 8, ""reason"": ""Imagery 3d post-event \u2014 fresh""}, {""factor"": ""Depth certainty"", ""delta"": 10, ""reason"": ""Near-zero depth \u2014 confidently not flooded""}, {""factor"": ""Coverage coherence"", ""delta"": 7, ""reason"": ""0% coverage \u2014 confidently dry""}, {""factor"": ""Optical cross-check"", ""delta"": 6, ""reason"": ""Sentinel-2 confirms dry ground \u2014 sensors agree""}]",0,,"{""sar"": ""dry"", ""optical"": ""dry"", ""dem_hydrology"": ""abstain""}"
HARV-00725,"5750 Woodway Drive, Houston, TX",0.0,0.0,0.0,0.0,0.0,Remote-Deny,81,Deny remotely — no significant flooding detected by satellite,Satellite data at 5750 Woodway Drive indicates 0.0ft depth; remote-deny per 81% confidence.,1,1,0.0,"[{""factor"": ""SAR recency"", ""delta"": 8, ""reason"": ""Imagery 3d post-event \u2014 fresh""}, {""factor"": ""Depth certainty"", ""delta"": 10, ""reason"": ""Near-zero depth \u2014 confidently not flooded""}, {""factor"": ""Coverage coherence"", ""delta"": 7, ""reason"": ""0% coverage \u2014 confidently dry""}, {""factor"": ""Urban SAR shadow"", ""delta"": -15, ""reason"": ""Dense urban area \u2014 radar shadow can mimic water""}, {""factor"": ""Optical cross-check"", ""delta"": 6, ""reason"": ""Sentinel-2 confirms dry ground \u2014 sensors agree""}]",0,,"{""sar"": ""dry"", ""optical"": ""dry"", ""dem_hydrology"": ""abstain""}"
HARV-00726,"12926 South Dairy Ashford Road, Sugar Land, TX, 77478",0.0,0.0,0.0,0.0,0.0,Review,75,Flag for manual review — borderline measurements or low confidence,Satellite data at 12926 South Dairy Ashford Road indicates 0.0ft depth; review per 75% confidence.,1,1,0.1159,"[{""factor"": ""SAR recency"", ""delta"": 8, ""reason"": ""Imagery 3d post-event \u2014 fresh""}, {""factor"": ""Depth certainty"", ""delta"": 10, ""reason"": ""Near-zero depth \u2014 confidently not flooded""}, {""factor"": ""Coverage coherence"", ""delta"": 7, ""reason"": ""0% coverage \u2014 confidently dry""}, {""factor"": ""Urban SAR shadow"", ""delta"": -15, ""reason"": ""Dense urban area \u2014 radar shadow can mimic water""}]",1,Sensors disagree: optical indicate flooding while SAR indicate dry/implausible — routed to manual review.,"{""sar"": ""dry"", ""optical"": ""flood"", ""dem_hydrology"": ""abstain""}"
HARV-00727,"10545 South Post Oak Road, Houston, TX, 77035",0.0,0.0,0.0,0.0,0.0,Review,75,Flag for manual review — borderline measurements or low confidence,Satellite data at 10545 South Post Oak Road indicates 0.0ft depth; review per 75% confidence.,1,1,0.0988,"[{""factor"": ""SAR recency"", ""delta"": 8, ""reason"": ""Imagery 3d post-event \u2014 fresh""}, {""factor"": ""Depth certainty"", ""delta"": 10, ""reason"": ""Near-zero depth \u2014 confidently not flooded""}, {""factor"": ""Coverage coherence"", ""delta"": 7, ""reason"": ""0% coverage \u2014 confidently dry""}, {""factor"": ""Urban SAR shadow"", ""delta"": -15, ""reason"": ""Dense urban area \u2014 radar shadow can mimic water""}]",0,,"{""sar"": ""dry"", ""optical"": ""abstain"", ""dem_hydrology"": ""flood""}"
HARV-00728,"12126 Westheimer Road, Houston, TX, 77077",0.0,0.0,0.0,0.0,0.0,Remote-Deny,81,Deny remotely — no significant flooding detected by satellite,Satellite data at 12126 Westheimer Road indicates 0.0ft depth; remote-deny per 81% confidence.,1,1,0.0,"[{""factor"": ""SAR recency"", ""delta"": 8, ""reason"": ""Imagery 3d post-event \u2014 fresh""}, {""factor"": ""Depth certainty"", ""delta"": 10, ""reason"": ""Near-zero depth \u2014 confidently not flooded""}, {""factor"": ""Coverage coherence"", ""delta"": 7, ""reason"": ""0% coverage \u2014 confidently dry""}, {""factor"": ""Urban SAR shadow"", ""delta"": -15, ""reason"": ""Dense urban area \u2014 radar shadow can mimic water""}, {""factor"": ""Optical cross-check"", ""delta"": 6, ""reason"": ""Sentinel-2 confirms dry ground \u2014 sensors agree""}]",0,,"{""sar"": ""dry"", ""optical"": ""dry"", ""dem_hydrology"": ""flood""}"
HARV-00729,"10803 Warwana Road, Houston, TX, 77043",0.0,0.0,0.0,0.0,0.0,Remote-Deny,81,Deny remotely — no significant flooding detected by satellite,Satellite data at 10803 Warwana Road indicates 0.0ft depth; remote-deny per 81% confidence.,1,1,0.0,"[{""factor"": ""SAR recency"", ""delta"": 8, ""reason"": ""Imagery 3d post-event \u2014 fresh""}, {""factor"": ""Depth certainty"", ""delta"": 10, ""reason"": ""Near-zero depth \u2014 confidently not flooded""}, {""factor"": ""Coverage coherence"", ""delta"": 7, ""reason"": ""0% coverage \u2014 confidently dry""}, {""factor"": ""Urban SAR shadow"", ""delta"": -15, ""reason"": ""Dense urban area \u2014 radar shadow can mimic water""}, {""factor"": ""Optical cross-check"", ""delta"": 6, ""reason"": ""Sentinel-2 confirms dry ground \u2014 sensors agree""}]",0,,"{""sar"": ""dry"", ""optical"": ""dry"", ""dem_hydrology"": ""flood""}"
HARV-00730,"12288 Westheimer Road, Houston, TX, 77077",0.0,0.0,0.0,0.0,0.0,Review,75,Flag for manual review — borderline measurements or low confidence,Satellite data at 12288 Westheimer Road indicates 0.0ft depth; review per 75% confidence.,1,1,0.2726,"[{""factor"": ""SAR recency"", ""delta"": 8, ""reason"": ""Imagery 3d post-event \u2014 fresh""}, {""factor"": ""Depth certainty"", ""delta"": 10, ""reason"": ""Near-zero depth \u2014 confidently not flooded""}, {""factor"": ""Coverage coherence"", ""delta"": 7, ""reason"": ""0% coverage \u2014 confidently dry""}, {""factor"": ""Urban SAR shadow"", ""delta"": -15, ""reason"": ""Dense urban area \u2014 radar shadow can mimic water""}]",1,"Sensors disagree: optical, DEM-hydrology indicate flooding while SAR indicate dry/implausible — routed to manual review.","{""sar"": ""dry"", ""optical"": ""flood"", ""dem_hydrology"": ""flood""}"
HARV-00731,"4544 Post Oak Place Drive, Houston, TX, 77027",0.0,0.0,0.0,0.0,0.0,Remote-Deny,81,Deny remotely — no significant flooding detected by satellite,Satellite data at 4544 Post Oak Place Drive indicates 0.0ft depth; remote-deny per 81% confidence.,1,1,0.0,"[{""factor"": ""SAR recency"", ""delta"": 8, ""reason"": ""Imagery 3d post-event \u2014 fresh""}, {""factor"": ""Depth certainty"", ""delta"": 10, ""reason"": ""Near-zero depth \u2014 confidently not flooded""}, {""factor"": ""Coverage coherence"", ""delta"": 7, ""reason"": ""0% coverage \u2014 confidently dry""}, {""factor"": ""Urban SAR shadow"", ""delta"": -15, ""reason"": ""Dense urban area \u2014 radar shadow can mimic water""}, {""factor"": ""Optical cross-check"", ""delta"": 6, ""reason"": ""Sentinel-2 confirms dry ground \u2014 sensors agree""}]",0,,"{""sar"": ""dry"", ""optical"": ""dry"", ""dem_hydrology"": ""dry""}"
HARV-00732,"1574 West Gray Street, Houston, TX, 77019",0.0,0.0,0.0,0.0,0.0,Remote-Deny,81,Deny remotely — no significant flooding detected by satellite,Satellite data at 1574 West Gray Street indicates 0.0ft depth; remote-deny per 81% confidence.,1,1,0.0,"[{""factor"": ""SAR recency"", ""delta"": 8, ""reason"": ""Imagery 3d post-event \u2014 fresh""}, {""factor"": ""Depth certainty"", ""delta"": 10, ""reason"": ""Near-zero depth \u2014 confidently not flooded""}, {""factor"": ""Coverage coherence"", ""delta"": 7, ""reason"": ""0% coverage \u2014 confidently dry""}, {""factor"": ""Urban SAR shadow"", ""delta"": -15, ""reason"": ""Dense urban area \u2014 radar shadow can mimic water""}, {""factor"": ""Optical cross-check"", ""delta"": 6, ""reason"": ""Sentinel-2 confirms dry ground \u2014 sensors agree""}]",0,,"{""sar"": ""dry"", ""optical"": ""dry"", ""dem_hydrology"": ""flood""}"
HARV-00733,"11623 Katy Freeway, Houston, TX, 77079",0.0,0.0,0.0,0.0,0.0,Remote-Deny,81,Deny remotely — no significant flooding detected by satellite,Satellite data at 11623 Katy Freeway indicates 0.0ft depth; remote-deny per 81% confidence.,1,1,0.0,"[{""factor"": ""SAR recency"", ""delta"": 8, ""reason"": ""Imagery 3d post-event \u2014 fresh""}, {""factor"": ""Depth certainty"", ""delta"": 10, ""reason"": ""Near-zero depth \u2014 confidently not flooded""}, {""factor"": ""Coverage coherence"", ""delta"": 7, ""reason"": ""0% coverage \u2014 confidently dry""}, {""factor"": ""Urban SAR shadow"", ""delta"": -15, ""reason"": ""Dense urban area \u2014 radar shadow can mimic water""}, {""factor"": ""Optical cross-check"", ""delta"": 6, ""reason"": ""Sentinel-2 confirms dry ground \u2014 sensors agree""}]",0,,"{""sar"": ""dry"", ""optical"": ""dry"", ""dem_hydrology"": ""flood""}"
HARV-00734,"10703 Stancliff Road, 77099",0.0,0.0,0.0,0.0,0.0,Remote-Deny,81,Deny remotely — no significant flooding detected by satellite,Satellite data at 10703 Stancliff Road indicates 0.0ft depth; remote-deny per 81% confidence.,1,1,0.0,"[{""factor"": ""SAR recency"", ""delta"": 8, ""reason"": ""Imagery 3d post-event \u2014 fresh""}, {""factor"": ""Depth certainty"", ""delta"": 10, ""reason"": ""Near-zero depth \u2014 confidently not flooded""}, {""factor"": ""Coverage coherence"", ""delta"": 7, ""reason"": ""0% coverage \u2014 confidently dry""}, {""factor"": ""Urban SAR shadow"", ""delta"": -15, ""reason"": ""Dense urban area \u2014 radar shadow can mimic water""}, {""factor"": ""Optical cross-check"", ""delta"": 6, ""reason"": ""Sentinel-2 confirms dry ground \u2014 sensors agree""}]",0,,"{""sar"": ""dry"", ""optical"": ""dry"", ""dem_hydrology"": ""abstain""}"
HARV-00735,"5885 San Felipe Street, Houston, TX, 77057",0.0,0.0,0.0,0.0,0.0,Remote-Deny,81,Deny remotely — no significant flooding detected by satellite,Satellite data at 5885 San Felipe Street indicates 0.0ft depth; remote-deny per 81% confidence.,1,1,0.0,"[{""factor"": ""SAR recency"", ""delta"": 8, ""reason"": ""Imagery 3d post-event \u2014 fresh""}, {""factor"": ""Depth certainty"", ""delta"": 10, ""reason"": ""Near-zero depth \u2014 confidently not flooded""}, {""factor"": ""Coverage coherence"", ""delta"": 7, ""reason"": ""0% coverage \u2014 confidently dry""}, {""factor"": ""Urban SAR shadow"", ""delta"": -15, ""reason"": ""Dense urban area \u2014 radar shadow can mimic water""}, {""factor"": ""Optical cross-check"", ""delta"": 6, ""reason"": ""Sentinel-2 confirms dry ground \u2014 sensors agree""}]",0,,"{""sar"": ""dry"", ""optical"": ""dry"", ""dem_hydrology"": ""abstain""}"
HARV-00736,5885 San Felipe Street,0.0,0.0,0.0,0.0,0.0,Remote-Deny,81,Deny remotely — no significant flooding detected by satellite,Satellite data at 5885 San Felipe Street indicates 0.0ft depth; remote-deny per 81% confidence.,1,1,0.0,"[{""factor"": ""SAR recency"", ""delta"": 8, ""reason"": ""Imagery 3d post-event \u2014 fresh""}, {""factor"": ""Depth certainty"", ""delta"": 10, ""reason"": ""Near-zero depth \u2014 confidently not flooded""}, {""factor"": ""Coverage coherence"", ""delta"": 7, ""reason"": ""0% coverage \u2014 confidently dry""}, {""factor"": ""Urban SAR shadow"", ""delta"": -15, ""reason"": ""Dense urban area \u2014 radar shadow can mimic water""}, {""factor"": ""Optical cross-check"", ""delta"": 6, ""reason"": ""Sentinel-2 confirms dry ground \u2014 sensors agree""}]",0,,"{""sar"": ""dry"", ""optical"": ""dry"", ""dem_hydrology"": ""abstain""}"
HARV-00737,7620 Katy Freeway,0.0,0.0,0.0,0.0,0.0,Remote-Deny,81,Deny remotely — no significant flooding detected by satellite,Satellite data at 7620 Katy Freeway indicates 0.0ft depth; remote-deny per 81% confidence.,1,1,0.0,"[{""factor"": ""SAR recency"", ""delta"": 8, ""reason"": ""Imagery 3d post-event \u2014 fresh""}, {""factor"": ""Depth certainty"", ""delta"": 10, ""reason"": ""Near-zero depth \u2014 confidently not flooded""}, {""factor"": ""Coverage coherence"", ""delta"": 7, ""reason"": ""0% coverage \u2014 confidently dry""}, {""factor"": ""Urban SAR shadow"", ""delta"": -15, ""reason"": ""Dense urban area \u2014 radar shadow can mimic water""}, {""factor"": ""Optical cross-check"", ""delta"": 6, ""reason"": ""Sentinel-2 confirms dry ground \u2014 sensors agree""}]",0,,"{""sar"": ""dry"", ""optical"": ""dry"", ""dem_hydrology"": ""flood""}"
HARV-00738,"1800 Saint James Place, Houston, TX",0.0,0.0,0.0,0.0,0.0,Review,75,Flag for manual review — borderline measurements or low confidence,Satellite data at 1800 Saint James Place indicates 0.0ft depth; review per 75% confidence.,1,1,0.321,"[{""factor"": ""SAR recency"", ""delta"": 8, ""reason"": ""Imagery 3d post-event \u2014 fresh""}, {""factor"": ""Depth certainty"", ""delta"": 10, ""reason"": ""Near-zero depth \u2014 confidently not flooded""}, {""factor"": ""Coverage coherence"", ""delta"": 7, ""reason"": ""0% coverage \u2014 confidently dry""}, {""factor"": ""Urban SAR shadow"", ""delta"": -15, ""reason"": ""Dense urban area \u2014 radar shadow can mimic water""}]",1,Sensors disagree: optical indicate flooding while SAR indicate dry/implausible — routed to manual review.,"{""sar"": ""dry"", ""optical"": ""flood"", ""dem_hydrology"": ""abstain""}"
HARV-00739,"5721 Winsome Lane, Houston, TX, 77057",0.0,0.0,0.0,0.0,0.0,Remote-Deny,81,Deny remotely — no significant flooding detected by satellite,Satellite data at 5721 Winsome Lane indicates 0.0ft depth; remote-deny per 81% confidence.,1,1,0.0,"[{""factor"": ""SAR recency"", ""delta"": 8, ""reason"": ""Imagery 3d post-event \u2014 fresh""}, {""factor"": ""Depth certainty"", ""delta"": 10, ""reason"": ""Near-zero depth \u2014 confidently not flooded""}, {""factor"": ""Coverage coherence"", ""delta"": 7, ""reason"": ""0% coverage \u2014 confidently dry""}, {""factor"": ""Urban SAR shadow"", ""delta"": -15, ""reason"": ""Dense urban area \u2014 radar shadow can mimic water""}, {""factor"": ""Optical cross-check"", ""delta"": 6, ""reason"": ""Sentinel-2 confirms dry ground \u2014 sensors agree""}]",0,,"{""sar"": ""dry"", ""optical"": ""dry"", ""dem_hydrology"": ""flood""}"
HARV-00740,"2531 Skyview Silver Drive, Houston, TX, 77047",0.0,0.0,0.0,0.0,0.0,Remote-Deny,96,Deny remotely — no significant flooding detected by satellite,Satellite data at 2531 Skyview Silver Drive indicates 0.0ft depth; remote-deny per 96% confidence.,0,1,0.0,"[{""factor"": ""SAR recency"", ""delta"": 8, ""reason"": ""Imagery 3d post-event \u2014 fresh""}, {""factor"": ""Depth certainty"", ""delta"": 10, ""reason"": ""Near-zero depth \u2014 confidently not flooded""}, {""factor"": ""Coverage coherence"", ""delta"": 7, ""reason"": ""0% coverage \u2014 confidently dry""}, {""factor"": ""Optical cross-check"", ""delta"": 6, ""reason"": ""Sentinel-2 confirms dry ground \u2014 sensors agree""}]",0,,"{""sar"": ""dry"", ""optical"": ""dry"", ""dem_hydrology"": ""dry""}"
HARV-00741,"2530 Skyview Silver Drive, Houston, TX, 77047",0.0,0.0,0.0,0.0,0.0,Remote-Deny,96,Deny remotely — no significant flooding detected by satellite,Satellite data at 2530 Skyview Silver Drive indicates 0.0ft depth; remote-deny per 96% confidence.,0,1,0.0,"[{""factor"": ""SAR recency"", ""delta"": 8, ""reason"": ""Imagery 3d post-event \u2014 fresh""}, {""factor"": ""Depth certainty"", ""delta"": 10, ""reason"": ""Near-zero depth \u2014 confidently not flooded""}, {""factor"": ""Coverage coherence"", ""delta"": 7, ""reason"": ""0% coverage \u2014 confidently dry""}, {""factor"": ""Optical cross-check"", ""delta"": 6, ""reason"": ""Sentinel-2 confirms dry ground \u2014 sensors agree""}]",0,,"{""sar"": ""dry"", ""optical"": ""dry"", ""dem_hydrology"": ""dry""}"
HARV-00742,"2515 Skyview Silver Drive, Houston, TX, 77047",0.0,0.0,0.0,0.0,0.0,Remote-Deny,96,Deny remotely — no significant flooding detected by satellite,Satellite data at 2515 Skyview Silver Drive indicates 0.0ft depth; remote-deny per 96% confidence.,0,1,0.0,"[{""factor"": ""SAR recency"", ""delta"": 8, ""reason"": ""Imagery 3d post-event \u2014 fresh""}, {""factor"": ""Depth certainty"", ""delta"": 10, ""reason"": ""Near-zero depth \u2014 confidently not flooded""}, {""factor"": ""Coverage coherence"", ""delta"": 7, ""reason"": ""0% coverage \u2014 confidently dry""}, {""factor"": ""Optical cross-check"", ""delta"": 6, ""reason"": ""Sentinel-2 confirms dry ground \u2014 sensors agree""}]",0,,"{""sar"": ""dry"", ""optical"": ""dry"", ""dem_hydrology"": ""dry""}"
HARV-00743,"2514 Skyview Silver Drive, Houston, TX, 77047",0.0,0.0,0.0,0.0,0.0,Remote-Deny,96,Deny remotely — no significant flooding detected by satellite,Satellite data at 2514 Skyview Silver Drive indicates 0.0ft depth; remote-deny per 96% confidence.,0,1,0.0,"[{""factor"": ""SAR recency"", ""delta"": 8, ""reason"": ""Imagery 3d post-event \u2014 fresh""}, {""factor"": ""Depth certainty"", ""delta"": 10, ""reason"": ""Near-zero depth \u2014 confidently not flooded""}, {""factor"": ""Coverage coherence"", ""delta"": 7, ""reason"": ""0% coverage \u2014 confidently dry""}, {""factor"": ""Optical cross-check"", ""delta"": 6, ""reason"": ""Sentinel-2 confirms dry ground \u2014 sensors agree""}]",0,,"{""sar"": ""dry"", ""optical"": ""dry"", ""dem_hydrology"": ""dry""}"
HARV-00744,"2503 Skyview Silver Drive, Houston, TX, 77047",0.0,0.0,0.0,0.0,0.0,Remote-Deny,96,Deny remotely — no significant flooding detected by satellite,Satellite data at 2503 Skyview Silver Drive indicates 0.0ft depth; remote-deny per 96% confidence.,0,1,0.0,"[{""factor"": ""SAR recency"", ""delta"": 8, ""reason"": ""Imagery 3d post-event \u2014 fresh""}, {""factor"": ""Depth certainty"", ""delta"": 10, ""reason"": ""Near-zero depth \u2014 confidently not flooded""}, {""factor"": ""Coverage coherence"", ""delta"": 7, ""reason"": ""0% coverage \u2014 confidently dry""}, {""factor"": ""Optical cross-check"", ""delta"": 6, ""reason"": ""Sentinel-2 confirms dry ground \u2014 sensors agree""}]",0,,"{""sar"": ""dry"", ""optical"": ""dry"", ""dem_hydrology"": ""dry""}"
HARV-00745,"2502 Skyview Silver Drive, Houston, TX, 77047",0.0,0.0,0.0,0.0,0.0,Remote-Deny,96,Deny remotely — no significant flooding detected by satellite,Satellite data at 2502 Skyview Silver Drive indicates 0.0ft depth; remote-deny per 96% confidence.,0,1,0.0,"[{""factor"": ""SAR recency"", ""delta"": 8, ""reason"": ""Imagery 3d post-event \u2014 fresh""}, {""factor"": ""Depth certainty"", ""delta"": 10, ""reason"": ""Near-zero depth \u2014 confidently not flooded""}, {""factor"": ""Coverage coherence"", ""delta"": 7, ""reason"": ""0% coverage \u2014 confidently dry""}, {""factor"": ""Optical cross-check"", ""delta"": 6, ""reason"": ""Sentinel-2 confirms dry ground \u2014 sensors agree""}]",0,,"{""sar"": ""dry"", ""optical"": ""dry"", ""dem_hydrology"": ""dry""}"
HARV-00746,"2730 Skyview Silver Drive, Houston, TX, 77047",0.0,0.0,0.0,0.0,0.0,Remote-Deny,96,Deny remotely — no significant flooding detected by satellite,Satellite data at 2730 Skyview Silver Drive indicates 0.0ft depth; remote-deny per 96% confidence.,0,1,0.0,"[{""factor"": ""SAR recency"", ""delta"": 8, ""reason"": ""Imagery 3d post-event \u2014 fresh""}, {""factor"": ""Depth certainty"", ""delta"": 10, ""reason"": ""Near-zero depth \u2014 confidently not flooded""}, {""factor"": ""Coverage coherence"", ""delta"": 7, ""reason"": ""0% coverage \u2014 confidently dry""}, {""factor"": ""Optical cross-check"", ""delta"": 6, ""reason"": ""Sentinel-2 confirms dry ground \u2014 sensors agree""}]",0,,"{""sar"": ""dry"", ""optical"": ""dry"", ""dem_hydrology"": ""dry""}"
HARV-00747,"2735 Skyview Silver Drive, Houston, TX, 77047",0.0,0.0,0.0,0.0,0.0,Remote-Deny,96,Deny remotely — no significant flooding detected by satellite,Satellite data at 2735 Skyview Silver Drive indicates 0.0ft depth; remote-deny per 96% confidence.,0,1,0.0,"[{""factor"": ""SAR recency"", ""delta"": 8, ""reason"": ""Imagery 3d post-event \u2014 fresh""}, {""factor"": ""Depth certainty"", ""delta"": 10, ""reason"": ""Near-zero depth \u2014 confidently not flooded""}, {""factor"": ""Coverage coherence"", ""delta"": 7, ""reason"": ""0% coverage \u2014 confidently dry""}, {""factor"": ""Optical cross-check"", ""delta"": 6, ""reason"": ""Sentinel-2 confirms dry ground \u2014 sensors agree""}]",0,,"{""sar"": ""dry"", ""optical"": ""dry"", ""dem_hydrology"": ""dry""}"
HARV-00748,"2731 Skyview Silver Drive, Houston, TX, 77047",0.0,0.0,0.0,0.0,0.0,Remote-Deny,96,Deny remotely — no significant flooding detected by satellite,Satellite data at 2731 Skyview Silver Drive indicates 0.0ft depth; remote-deny per 96% confidence.,0,1,0.0,"[{""factor"": ""SAR recency"", ""delta"": 8, ""reason"": ""Imagery 3d post-event \u2014 fresh""}, {""factor"": ""Depth certainty"", ""delta"": 10, ""reason"": ""Near-zero depth \u2014 confidently not flooded""}, {""factor"": ""Coverage coherence"", ""delta"": 7, ""reason"": ""0% coverage \u2014 confidently dry""}, {""factor"": ""Optical cross-check"", ""delta"": 6, ""reason"": ""Sentinel-2 confirms dry ground \u2014 sensors agree""}]",0,,"{""sar"": ""dry"", ""optical"": ""dry"", ""dem_hydrology"": ""dry""}"
HARV-00749,"2726 Skyview Silver Drive, Houston, TX, 77047",0.0,0.0,0.0,0.0,0.0,Remote-Deny,96,Deny remotely — no significant flooding detected by satellite,Satellite data at 2726 Skyview Silver Drive indicates 0.0ft depth; remote-deny per 96% confidence.,0,1,0.0,"[{""factor"": ""SAR recency"", ""delta"": 8, ""reason"": ""Imagery 3d post-event \u2014 fresh""}, {""factor"": ""Depth certainty"", ""delta"": 10, ""reason"": ""Near-zero depth \u2014 confidently not flooded""}, {""factor"": ""Coverage coherence"", ""delta"": 7, ""reason"": ""0% coverage \u2014 confidently dry""}, {""factor"": ""Optical cross-check"", ""delta"": 6, ""reason"": ""Sentinel-2 confirms dry ground \u2014 sensors agree""}]",0,,"{""sar"": ""dry"", ""optical"": ""dry"", ""dem_hydrology"": ""dry""}"
HARV-00750,"2603 Skyview Silver Drive, Houston, TX, 77047",0.0,0.0,0.0,0.0,0.0,Remote-Deny,96,Deny remotely — no significant flooding detected by satellite,Satellite data at 2603 Skyview Silver Drive indicates 0.0ft depth; remote-deny per 96% confidence.,0,1,0.0,"[{""factor"": ""SAR recency"", ""delta"": 8, ""reason"": ""Imagery 3d post-event \u2014 fresh""}, {""factor"": ""Depth certainty"", ""delta"": 10, ""reason"": ""Near-zero depth \u2014 confidently not flooded""}, {""factor"": ""Coverage coherence"", ""delta"": 7, ""reason"": ""0% coverage \u2014 confidently dry""}, {""factor"": ""Optical cross-check"", ""delta"": 6, ""reason"": ""Sentinel-2 confirms dry ground \u2014 sensors agree""}]",0,,"{""sar"": ""dry"", ""optical"": ""dry"", ""dem_hydrology"": ""dry""}"
HARV-00751,"2607 Skyview Silver Drive, Houston, TX, 77047",0.0,0.0,0.0,0.0,0.0,Remote-Deny,96,Deny remotely — no significant flooding detected by satellite,Satellite data at 2607 Skyview Silver Drive indicates 0.0ft depth; remote-deny per 96% confidence.,0,1,0.0,"[{""factor"": ""SAR recency"", ""delta"": 8, ""reason"": ""Imagery 3d post-event \u2014 fresh""}, {""factor"": ""Depth certainty"", ""delta"": 10, ""reason"": ""Near-zero depth \u2014 confidently not flooded""}, {""factor"": ""Coverage coherence"", ""delta"": 7, ""reason"": ""0% coverage \u2014 confidently dry""}, {""factor"": ""Optical cross-check"", ""delta"": 6, ""reason"": ""Sentinel-2 confirms dry ground \u2014 sensors agree""}]",0,,"{""sar"": ""dry"", ""optical"": ""dry"", ""dem_hydrology"": ""dry""}"
HARV-00752,"2602 Skyview Silver Drive, Houston, TX, 77047",0.0,0.0,0.0,0.0,0.0,Remote-Deny,96,Deny remotely — no significant flooding detected by satellite,Satellite data at 2602 Skyview Silver Drive indicates 0.0ft depth; remote-deny per 96% confidence.,0,1,0.0,"[{""factor"": ""SAR recency"", ""delta"": 8, ""reason"": ""Imagery 3d post-event \u2014 fresh""}, {""factor"": ""Depth certainty"", ""delta"": 10, ""reason"": ""Near-zero depth \u2014 confidently not flooded""}, {""factor"": ""Coverage coherence"", ""delta"": 7, ""reason"": ""0% coverage \u2014 confidently dry""}, {""factor"": ""Optical cross-check"", ""delta"": 6, ""reason"": ""Sentinel-2 confirms dry ground \u2014 sensors agree""}]",0,,"{""sar"": ""dry"", ""optical"": ""dry"", ""dem_hydrology"": ""dry""}"
HARV-00753,"2606 Skyview Silver Drive, Houston, TX, 77047",0.0,0.0,0.0,0.0,0.0,Remote-Deny,96,Deny remotely — no significant flooding detected by satellite,Satellite data at 2606 Skyview Silver Drive indicates 0.0ft depth; remote-deny per 96% confidence.,0,1,0.0,"[{""factor"": ""SAR recency"", ""delta"": 8, ""reason"": ""Imagery 3d post-event \u2014 fresh""}, {""factor"": ""Depth certainty"", ""delta"": 10, ""reason"": ""Near-zero depth \u2014 confidently not flooded""}, {""factor"": ""Coverage coherence"", ""delta"": 7, ""reason"": ""0% coverage \u2014 confidently dry""}, {""factor"": ""Optical cross-check"", ""delta"": 6, ""reason"": ""Sentinel-2 confirms dry ground \u2014 sensors agree""}]",0,,"{""sar"": ""dry"", ""optical"": ""dry"", ""dem_hydrology"": ""dry""}"
HARV-00754,"2527 Skyview Silver Drive, Houston, TX, 77047",0.0,0.0,0.0,0.0,0.0,Remote-Deny,96,Deny remotely — no significant flooding detected by satellite,Satellite data at 2527 Skyview Silver Drive indicates 0.0ft depth; remote-deny per 96% confidence.,0,1,0.0,"[{""factor"": ""SAR recency"", ""delta"": 8, ""reason"": ""Imagery 3d post-event \u2014 fresh""}, {""factor"": ""Depth certainty"", ""delta"": 10, ""reason"": ""Near-zero depth \u2014 confidently not flooded""}, {""factor"": ""Coverage coherence"", ""delta"": 7, ""reason"": ""0% coverage \u2014 confidently dry""}, {""factor"": ""Optical cross-check"", ""delta"": 6, ""reason"": ""Sentinel-2 confirms dry ground \u2014 sensors agree""}]",0,,"{""sar"": ""dry"", ""optical"": ""dry"", ""dem_hydrology"": ""dry""}"
HARV-00755,"2526 Skyview Silver Drive, Houston, TX, 77047",0.0,0.0,0.0,0.0,0.0,Remote-Deny,96,Deny remotely — no significant flooding detected by satellite,Satellite data at 2526 Skyview Silver Drive indicates 0.0ft depth; remote-deny per 96% confidence.,0,1,0.0,"[{""factor"": ""SAR recency"", ""delta"": 8, ""reason"": ""Imagery 3d post-event \u2014 fresh""}, {""factor"": ""Depth certainty"", ""delta"": 10, ""reason"": ""Near-zero depth \u2014 confidently not flooded""}, {""factor"": ""Coverage coherence"", ""delta"": 7, ""reason"": ""0% coverage \u2014 confidently dry""}, {""factor"": ""Optical cross-check"", ""delta"": 6, ""reason"": ""Sentinel-2 confirms dry ground \u2014 sensors agree""}]",0,,"{""sar"": ""dry"", ""optical"": ""dry"", ""dem_hydrology"": ""dry""}"
HARV-00756,"2523 Skyview Silver Drive, Houston, TX, 77047",0.0,0.0,0.0,0.0,0.0,Remote-Deny,96,Deny remotely — no significant flooding detected by satellite,Satellite data at 2523 Skyview Silver Drive indicates 0.0ft depth; remote-deny per 96% confidence.,0,1,0.0,"[{""factor"": ""SAR recency"", ""delta"": 8, ""reason"": ""Imagery 3d post-event \u2014 fresh""}, {""factor"": ""Depth certainty"", ""delta"": 10, ""reason"": ""Near-zero depth \u2014 confidently not flooded""}, {""factor"": ""Coverage coherence"", ""delta"": 7, ""reason"": ""0% coverage \u2014 confidently dry""}, {""factor"": ""Optical cross-check"", ""delta"": 6, ""reason"": ""Sentinel-2 confirms dry ground \u2014 sensors agree""}]",0,,"{""sar"": ""dry"", ""optical"": ""dry"", ""dem_hydrology"": ""dry""}"
HARV-00757,"2522 Skyview Silver Drive, Houston, TX, 77047",0.0,0.0,0.0,0.0,0.0,Remote-Deny,96,Deny remotely — no significant flooding detected by satellite,Satellite data at 2522 Skyview Silver Drive indicates 0.0ft depth; remote-deny per 96% confidence.,0,1,0.0,"[{""factor"": ""SAR recency"", ""delta"": 8, ""reason"": ""Imagery 3d post-event \u2014 fresh""}, {""factor"": ""Depth certainty"", ""delta"": 10, ""reason"": ""Near-zero depth \u2014 confidently not flooded""}, {""factor"": ""Coverage coherence"", ""delta"": 7, ""reason"": ""0% coverage \u2014 confidently dry""}, {""factor"": ""Optical cross-check"", ""delta"": 6, ""reason"": ""Sentinel-2 confirms dry ground \u2014 sensors agree""}]",0,,"{""sar"": ""dry"", ""optical"": ""dry"", ""dem_hydrology"": ""dry""}"
HARV-00758,"2519 Skyview Silver Drive, Houston, TX, 77047",0.0,0.0,0.0,0.0,0.0,Remote-Deny,96,Deny remotely — no significant flooding detected by satellite,Satellite data at 2519 Skyview Silver Drive indicates 0.0ft depth; remote-deny per 96% confidence.,0,1,0.0,"[{""factor"": ""SAR recency"", ""delta"": 8, ""reason"": ""Imagery 3d post-event \u2014 fresh""}, {""factor"": ""Depth certainty"", ""delta"": 10, ""reason"": ""Near-zero depth \u2014 confidently not flooded""}, {""factor"": ""Coverage coherence"", ""delta"": 7, ""reason"": ""0% coverage \u2014 confidently dry""}, {""factor"": ""Optical cross-check"", ""delta"": 6, ""reason"": ""Sentinel-2 confirms dry ground \u2014 sensors agree""}]",0,,"{""sar"": ""dry"", ""optical"": ""dry"", ""dem_hydrology"": ""dry""}"
HARV-00759,"2518 Skyview Silver Drive, Houston, TX, 77047",0.0,0.0,0.0,0.0,0.0,Remote-Deny,96,Deny remotely — no significant flooding detected by satellite,Satellite data at 2518 Skyview Silver Drive indicates 0.0ft depth; remote-deny per 96% confidence.,0,1,0.0,"[{""factor"": ""SAR recency"", ""delta"": 8, ""reason"": ""Imagery 3d post-event \u2014 fresh""}, {""factor"": ""Depth certainty"", ""delta"": 10, ""reason"": ""Near-zero depth \u2014 confidently not flooded""}, {""factor"": ""Coverage coherence"", ""delta"": 7, ""reason"": ""0% coverage \u2014 confidently dry""}, {""factor"": ""Optical cross-check"", ""delta"": 6, ""reason"": ""Sentinel-2 confirms dry ground \u2014 sensors agree""}]",0,,"{""sar"": ""dry"", ""optical"": ""dry"", ""dem_hydrology"": ""dry""}"
HARV-00760,"2527 Skyview Long Drive, Houston, TX, 77047",0.0,0.0,0.0,0.0,0.0,Remote-Deny,96,Deny remotely — no significant flooding detected by satellite,Satellite data at 2527 Skyview Long Drive indicates 0.0ft depth; remote-deny per 96% confidence.,0,1,0.0,"[{""factor"": ""SAR recency"", ""delta"": 8, ""reason"": ""Imagery 3d post-event \u2014 fresh""}, {""factor"": ""Depth certainty"", ""delta"": 10, ""reason"": ""Near-zero depth \u2014 confidently not flooded""}, {""factor"": ""Coverage coherence"", ""delta"": 7, ""reason"": ""0% coverage \u2014 confidently dry""}, {""factor"": ""Optical cross-check"", ""delta"": 6, ""reason"": ""Sentinel-2 confirms dry ground \u2014 sensors agree""}]",0,,"{""sar"": ""dry"", ""optical"": ""dry"", ""dem_hydrology"": ""abstain""}"
HARV-00761,"2523 Skyview Long Drive, Houston, TX, 77047",0.0,0.0,0.0,0.0,0.0,Remote-Deny,96,Deny remotely — no significant flooding detected by satellite,Satellite data at 2523 Skyview Long Drive indicates 0.0ft depth; remote-deny per 96% confidence.,0,1,0.0,"[{""factor"": ""SAR recency"", ""delta"": 8, ""reason"": ""Imagery 3d post-event \u2014 fresh""}, {""factor"": ""Depth certainty"", ""delta"": 10, ""reason"": ""Near-zero depth \u2014 confidently not flooded""}, {""factor"": ""Coverage coherence"", ""delta"": 7, ""reason"": ""0% coverage \u2014 confidently dry""}, {""factor"": ""Optical cross-check"", ""delta"": 6, ""reason"": ""Sentinel-2 confirms dry ground \u2014 sensors agree""}]",0,,"{""sar"": ""dry"", ""optical"": ""dry"", ""dem_hydrology"": ""abstain""}"
HARV-00762,"2503 Skyview Long Drive, Houston, TX, 77047",0.0,0.0,0.0,0.0,0.0,Remote-Deny,96,Deny remotely — no significant flooding detected by satellite,Satellite data at 2503 Skyview Long Drive indicates 0.0ft depth; remote-deny per 96% confidence.,0,1,0.0,"[{""factor"": ""SAR recency"", ""delta"": 8, ""reason"": ""Imagery 3d post-event \u2014 fresh""}, {""factor"": ""Depth certainty"", ""delta"": 10, ""reason"": ""Near-zero depth \u2014 confidently not flooded""}, {""factor"": ""Coverage coherence"", ""delta"": 7, ""reason"": ""0% coverage \u2014 confidently dry""}, {""factor"": ""Optical cross-check"", ""delta"": 6, ""reason"": ""Sentinel-2 confirms dry ground \u2014 sensors agree""}]",0,,"{""sar"": ""dry"", ""optical"": ""dry"", ""dem_hydrology"": ""abstain""}"
HARV-00763,"2507 Skyview Long Drive, Houston, TX, 77047",0.0,0.0,0.0,0.0,0.0,Remote-Deny,96,Deny remotely — no significant flooding detected by satellite,Satellite data at 2507 Skyview Long Drive indicates 0.0ft depth; remote-deny per 96% confidence.,0,1,0.0,"[{""factor"": ""SAR recency"", ""delta"": 8, ""reason"": ""Imagery 3d post-event \u2014 fresh""}, {""factor"": ""Depth certainty"", ""delta"": 10, ""reason"": ""Near-zero depth \u2014 confidently not flooded""}, {""factor"": ""Coverage coherence"", ""delta"": 7, ""reason"": ""0% coverage \u2014 confidently dry""}, {""factor"": ""Optical cross-check"", ""delta"": 6, ""reason"": ""Sentinel-2 confirms dry ground \u2014 sensors agree""}]",0,,"{""sar"": ""dry"", ""optical"": ""dry"", ""dem_hydrology"": ""abstain""}"
HARV-00764,"2603 Skyview Long Drive, Houston, TX, 77047",0.0,0.0,0.0,0.0,0.0,Remote-Deny,96,Deny remotely — no significant flooding detected by satellite,Satellite data at 2603 Skyview Long Drive indicates 0.0ft depth; remote-deny per 96% confidence.,0,1,0.0,"[{""factor"": ""SAR recency"", ""delta"": 8, ""reason"": ""Imagery 3d post-event \u2014 fresh""}, {""factor"": ""Depth certainty"", ""delta"": 10, ""reason"": ""Near-zero depth \u2014 confidently not flooded""}, {""factor"": ""Coverage coherence"", ""delta"": 7, ""reason"": ""0% coverage \u2014 confidently dry""}, {""factor"": ""Optical cross-check"", ""delta"": 6, ""reason"": ""Sentinel-2 confirms dry ground \u2014 sensors agree""}]",0,,"{""sar"": ""dry"", ""optical"": ""dry"", ""dem_hydrology"": ""abstain""}"
HARV-00765,"2607 Skyview Long Drive, Houston, TX, 77047",0.0,0.0,0.0,0.0,0.0,Remote-Deny,96,Deny remotely — no significant flooding detected by satellite,Satellite data at 2607 Skyview Long Drive indicates 0.0ft depth; remote-deny per 96% confidence.,0,1,0.0,"[{""factor"": ""SAR recency"", ""delta"": 8, ""reason"": ""Imagery 3d post-event \u2014 fresh""}, {""factor"": ""Depth certainty"", ""delta"": 10, ""reason"": ""Near-zero depth \u2014 confidently not flooded""}, {""factor"": ""Coverage coherence"", ""delta"": 7, ""reason"": ""0% coverage \u2014 confidently dry""}, {""factor"": ""Optical cross-check"", ""delta"": 6, ""reason"": ""Sentinel-2 confirms dry ground \u2014 sensors agree""}]",0,,"{""sar"": ""dry"", ""optical"": ""dry"", ""dem_hydrology"": ""abstain""}"
HARV-00766,"2731 Skyview Long Drive, Houston, TX, 77047",0.0,0.0,0.0,0.0,0.0,Remote-Deny,96,Deny remotely — no significant flooding detected by satellite,Satellite data at 2731 Skyview Long Drive indicates 0.0ft depth; remote-deny per 96% confidence.,0,1,0.0,"[{""factor"": ""SAR recency"", ""delta"": 8, ""reason"": ""Imagery 3d post-event \u2014 fresh""}, {""factor"": ""Depth certainty"", ""delta"": 10, ""reason"": ""Near-zero depth \u2014 confidently not flooded""}, {""factor"": ""Coverage coherence"", ""delta"": 7, ""reason"": ""0% coverage \u2014 confidently dry""}, {""factor"": ""Optical cross-check"", ""delta"": 6, ""reason"": ""Sentinel-2 confirms dry ground \u2014 sensors agree""}]",0,,"{""sar"": ""dry"", ""optical"": ""dry"", ""dem_hydrology"": ""abstain""}"
HARV-00767,"2727 Skyview Long Drive, Houston, TX, 77047",0.0,0.0,0.0,0.0,0.0,Remote-Deny,96,Deny remotely — no significant flooding detected by satellite,Satellite data at 2727 Skyview Long Drive indicates 0.0ft depth; remote-deny per 96% confidence.,0,1,0.0,"[{""factor"": ""SAR recency"", ""delta"": 8, ""reason"": ""Imagery 3d post-event \u2014 fresh""}, {""factor"": ""Depth certainty"", ""delta"": 10, ""reason"": ""Near-zero depth \u2014 confidently not flooded""}, {""factor"": ""Coverage coherence"", ""delta"": 7, ""reason"": ""0% coverage \u2014 confidently dry""}, {""factor"": ""Optical cross-check"", ""delta"": 6, ""reason"": ""Sentinel-2 confirms dry ground \u2014 sensors agree""}]",0,,"{""sar"": ""dry"", ""optical"": ""dry"", ""dem_hydrology"": ""abstain""}"
HARV-00768,"2734 Skyview Long Drive, Houston, TX, 77047",0.0,0.0,0.0,0.0,0.0,Remote-Deny,96,Deny remotely — no significant flooding detected by satellite,Satellite data at 2734 Skyview Long Drive indicates 0.0ft depth; remote-deny per 96% confidence.,0,1,0.0,"[{""factor"": ""SAR recency"", ""delta"": 8, ""reason"": ""Imagery 3d post-event \u2014 fresh""}, {""factor"": ""Depth certainty"", ""delta"": 10, ""reason"": ""Near-zero depth \u2014 confidently not flooded""}, {""factor"": ""Coverage coherence"", ""delta"": 7, ""reason"": ""0% coverage \u2014 confidently dry""}, {""factor"": ""Optical cross-check"", ""delta"": 6, ""reason"": ""Sentinel-2 confirms dry ground \u2014 sensors agree""}]",0,,"{""sar"": ""dry"", ""optical"": ""dry"", ""dem_hydrology"": ""flood""}"
HARV-00769,"2718 Skyview Long Drive, Houston, TX, 77047",0.0,0.0,0.0,0.0,0.0,Remote-Deny,96,Deny remotely — no significant flooding detected by satellite,Satellite data at 2718 Skyview Long Drive indicates 0.0ft depth; remote-deny per 96% confidence.,0,1,0.0,"[{""factor"": ""SAR recency"", ""delta"": 8, ""reason"": ""Imagery 3d post-event \u2014 fresh""}, {""factor"": ""Depth certainty"", ""delta"": 10, ""reason"": ""Near-zero depth \u2014 confidently not flooded""}, {""factor"": ""Coverage coherence"", ""delta"": 7, ""reason"": ""0% coverage \u2014 confidently dry""}, {""factor"": ""Optical cross-check"", ""delta"": 6, ""reason"": ""Sentinel-2 confirms dry ground \u2014 sensors agree""}]",0,,"{""sar"": ""dry"", ""optical"": ""dry"", ""dem_hydrology"": ""flood""}"
HARV-00770,"2722 Skyview Long Drive, Houston, TX, 77047",0.0,0.0,0.0,0.0,0.0,Remote-Deny,96,Deny remotely — no significant flooding detected by satellite,Satellite data at 2722 Skyview Long Drive indicates 0.0ft depth; remote-deny per 96% confidence.,0,1,0.0,"[{""factor"": ""SAR recency"", ""delta"": 8, ""reason"": ""Imagery 3d post-event \u2014 fresh""}, {""factor"": ""Depth certainty"", ""delta"": 10, ""reason"": ""Near-zero depth \u2014 confidently not flooded""}, {""factor"": ""Coverage coherence"", ""delta"": 7, ""reason"": ""0% coverage \u2014 confidently dry""}, {""factor"": ""Optical cross-check"", ""delta"": 6, ""reason"": ""Sentinel-2 confirms dry ground \u2014 sensors agree""}]",0,,"{""sar"": ""dry"", ""optical"": ""dry"", ""dem_hydrology"": ""flood""}"
HARV-00771,"12235 Skyview Sentry Drive, Houston, TX, 77047",0.0,0.0,0.0,0.0,0.0,Remote-Deny,96,Deny remotely — no significant flooding detected by satellite,Satellite data at 12235 Skyview Sentry Drive indicates 0.0ft depth; remote-deny per 96% confidence.,0,1,0.0,"[{""factor"": ""SAR recency"", ""delta"": 8, ""reason"": ""Imagery 3d post-event \u2014 fresh""}, {""factor"": ""Depth certainty"", ""delta"": 10, ""reason"": ""Near-zero depth \u2014 confidently not flooded""}, {""factor"": ""Coverage coherence"", ""delta"": 7, ""reason"": ""0% coverage \u2014 confidently dry""}, {""factor"": ""Optical cross-check"", ""delta"": 6, ""reason"": ""Sentinel-2 confirms dry ground \u2014 sensors agree""}]",0,,"{""sar"": ""dry"", ""optical"": ""dry"", ""dem_hydrology"": ""abstain""}"
HARV-00772,"12231 Skyview Sentry Drive, Houston, TX, 77047",0.0,0.0,0.0,0.0,0.0,Remote-Deny,96,Deny remotely — no significant flooding detected by satellite,Satellite data at 12231 Skyview Sentry Drive indicates 0.0ft depth; remote-deny per 96% confidence.,0,1,0.0,"[{""factor"": ""SAR recency"", ""delta"": 8, ""reason"": ""Imagery 3d post-event \u2014 fresh""}, {""factor"": ""Depth certainty"", ""delta"": 10, ""reason"": ""Near-zero depth \u2014 confidently not flooded""}, {""factor"": ""Coverage coherence"", ""delta"": 7, ""reason"": ""0% coverage \u2014 confidently dry""}, {""factor"": ""Optical cross-check"", ""delta"": 6, ""reason"": ""Sentinel-2 confirms dry ground \u2014 sensors agree""}]",0,,"{""sar"": ""dry"", ""optical"": ""dry"", ""dem_hydrology"": ""abstain""}"
HARV-00773,"12203 Skyview Sentry Drive, Houston, TX, 77047",0.0,0.0,0.0,0.0,0.0,Remote-Deny,96,Deny remotely — no significant flooding detected by satellite,Satellite data at 12203 Skyview Sentry Drive indicates 0.0ft depth; remote-deny per 96% confidence.,0,1,0.0,"[{""factor"": ""SAR recency"", ""delta"": 8, ""reason"": ""Imagery 3d post-event \u2014 fresh""}, {""factor"": ""Depth certainty"", ""delta"": 10, ""reason"": ""Near-zero depth \u2014 confidently not flooded""}, {""factor"": ""Coverage coherence"", ""delta"": 7, ""reason"": ""0% coverage \u2014 confidently dry""}, {""factor"": ""Optical cross-check"", ""delta"": 6, ""reason"": ""Sentinel-2 confirms dry ground \u2014 sensors agree""}]",0,,"{""sar"": ""dry"", ""optical"": ""dry"", ""dem_hydrology"": ""dry""}"
HARV-00774,"12207 Skyview Sentry Drive, Houston, TX, 77047",0.0,0.0,0.0,0.0,0.0,Remote-Deny,96,Deny remotely — no significant flooding detected by satellite,Satellite data at 12207 Skyview Sentry Drive indicates 0.0ft depth; remote-deny per 96% confidence.,0,1,0.0,"[{""factor"": ""SAR recency"", ""delta"": 8, ""reason"": ""Imagery 3d post-event \u2014 fresh""}, {""factor"": ""Depth certainty"", ""delta"": 10, ""reason"": ""Near-zero depth \u2014 confidently not flooded""}, {""factor"": ""Coverage coherence"", ""delta"": 7, ""reason"": ""0% coverage \u2014 confidently dry""}, {""factor"": ""Optical cross-check"", ""delta"": 6, ""reason"": ""Sentinel-2 confirms dry ground \u2014 sensors agree""}]",0,,"{""sar"": ""dry"", ""optical"": ""dry"", ""dem_hydrology"": ""dry""}"
HARV-00775,"12302 Skyview Rise Court, Houston, TX, 77047",0.0,0.0,0.0,0.0,0.0,Remote-Deny,96,Deny remotely — no significant flooding detected by satellite,Satellite data at 12302 Skyview Rise Court indicates 0.0ft depth; remote-deny per 96% confidence.,0,1,0.0,"[{""factor"": ""SAR recency"", ""delta"": 8, ""reason"": ""Imagery 3d post-event \u2014 fresh""}, {""factor"": ""Depth certainty"", ""delta"": 10, ""reason"": ""Near-zero depth \u2014 confidently not flooded""}, {""factor"": ""Coverage coherence"", ""delta"": 7, ""reason"": ""0% coverage \u2014 confidently dry""}, {""factor"": ""Optical cross-check"", ""delta"": 6, ""reason"": ""Sentinel-2 confirms dry ground \u2014 sensors agree""}]",0,,"{""sar"": ""dry"", ""optical"": ""dry"", ""dem_hydrology"": ""abstain""}"
HARV-00776,"12303 Skyview Rise Court, Houston, TX, 77047",0.0,0.0,0.0,0.0,0.0,Remote-Deny,96,Deny remotely — no significant flooding detected by satellite,Satellite data at 12303 Skyview Rise Court indicates 0.0ft depth; remote-deny per 96% confidence.,0,1,0.0,"[{""factor"": ""SAR recency"", ""delta"": 8, ""reason"": ""Imagery 3d post-event \u2014 fresh""}, {""factor"": ""Depth certainty"", ""delta"": 10, ""reason"": ""Near-zero depth \u2014 confidently not flooded""}, {""factor"": ""Coverage coherence"", ""delta"": 7, ""reason"": ""0% coverage \u2014 confidently dry""}, {""factor"": ""Optical cross-check"", ""delta"": 6, ""reason"": ""Sentinel-2 confirms dry ground \u2014 sensors agree""}]",0,,"{""sar"": ""dry"", ""optical"": ""dry"", ""dem_hydrology"": ""abstain""}"
HARV-00777,"12307 Skyview Amber Court, Houston, TX, 77047",0.0,0.0,0.0,0.0,0.0,Remote-Deny,96,Deny remotely — no significant flooding detected by satellite,Satellite data at 12307 Skyview Amber Court indicates 0.0ft depth; remote-deny per 96% confidence.,0,1,0.0,"[{""factor"": ""SAR recency"", ""delta"": 8, ""reason"": ""Imagery 3d post-event \u2014 fresh""}, {""factor"": ""Depth certainty"", ""delta"": 10, ""reason"": ""Near-zero depth \u2014 confidently not flooded""}, {""factor"": ""Coverage coherence"", ""delta"": 7, ""reason"": ""0% coverage \u2014 confidently dry""}, {""factor"": ""Optical cross-check"", ""delta"": 6, ""reason"": ""Sentinel-2 confirms dry ground \u2014 sensors agree""}]",0,,"{""sar"": ""dry"", ""optical"": ""dry"", ""dem_hydrology"": ""abstain""}"
HARV-00778,"12302 Skyview Amber Court, Houston, TX, 77047",0.0,0.0,0.0,0.0,0.0,Remote-Deny,96,Deny remotely — no significant flooding detected by satellite,Satellite data at 12302 Skyview Amber Court indicates 0.0ft depth; remote-deny per 96% confidence.,0,1,0.0,"[{""factor"": ""SAR recency"", ""delta"": 8, ""reason"": ""Imagery 3d post-event \u2014 fresh""}, {""factor"": ""Depth certainty"", ""delta"": 10, ""reason"": ""Near-zero depth \u2014 confidently not flooded""}, {""factor"": ""Coverage coherence"", ""delta"": 7, ""reason"": ""0% coverage \u2014 confidently dry""}, {""factor"": ""Optical cross-check"", ""delta"": 6, ""reason"": ""Sentinel-2 confirms dry ground \u2014 sensors agree""}]",0,,"{""sar"": ""dry"", ""optical"": ""dry"", ""dem_hydrology"": ""abstain""}"
HARV-00779,"12306 Skyview Amber Court, Houston, TX, 77047",0.0,0.0,0.0,0.0,0.0,Remote-Deny,96,Deny remotely — no significant flooding detected by satellite,Satellite data at 12306 Skyview Amber Court indicates 0.0ft depth; remote-deny per 96% confidence.,0,1,0.0,"[{""factor"": ""SAR recency"", ""delta"": 8, ""reason"": ""Imagery 3d post-event \u2014 fresh""}, {""factor"": ""Depth certainty"", ""delta"": 10, ""reason"": ""Near-zero depth \u2014 confidently not flooded""}, {""factor"": ""Coverage coherence"", ""delta"": 7, ""reason"": ""0% coverage \u2014 confidently dry""}, {""factor"": ""Optical cross-check"", ""delta"": 6, ""reason"": ""Sentinel-2 confirms dry ground \u2014 sensors agree""}]",0,,"{""sar"": ""dry"", ""optical"": ""dry"", ""dem_hydrology"": ""abstain""}"
HARV-00780,"10515 Bellaire Boulevard, Houston, TX, 77072",0.0,0.0,0.0,0.0,0.0,Remote-Deny,81,Deny remotely — no significant flooding detected by satellite,Satellite data at 10515 Bellaire Boulevard indicates 0.0ft depth; remote-deny per 81% confidence.,1,1,0.0,"[{""factor"": ""SAR recency"", ""delta"": 8, ""reason"": ""Imagery 3d post-event \u2014 fresh""}, {""factor"": ""Depth certainty"", ""delta"": 10, ""reason"": ""Near-zero depth \u2014 confidently not flooded""}, {""factor"": ""Coverage coherence"", ""delta"": 7, ""reason"": ""0% coverage \u2014 confidently dry""}, {""factor"": ""Urban SAR shadow"", ""delta"": -15, ""reason"": ""Dense urban area \u2014 radar shadow can mimic water""}, {""factor"": ""Optical cross-check"", ""delta"": 6, ""reason"": ""Sentinel-2 confirms dry ground \u2014 sensors agree""}]",0,,"{""sar"": ""dry"", ""optical"": ""dry"", ""dem_hydrology"": ""dry""}"
HARV-00781,"2531 Kuester Street, Houston, TX, 77006",0.0,0.0,0.0,0.0,0.0,Remote-Deny,81,Deny remotely — no significant flooding detected by satellite,Satellite data at 2531 Kuester Street indicates 0.0ft depth; remote-deny per 81% confidence.,1,1,0.0,"[{""factor"": ""SAR recency"", ""delta"": 8, ""reason"": ""Imagery 3d post-event \u2014 fresh""}, {""factor"": ""Depth certainty"", ""delta"": 10, ""reason"": ""Near-zero depth \u2014 confidently not flooded""}, {""factor"": ""Coverage coherence"", ""delta"": 7, ""reason"": ""0% coverage \u2014 confidently dry""}, {""factor"": ""Urban SAR shadow"", ""delta"": -15, ""reason"": ""Dense urban area \u2014 radar shadow can mimic water""}, {""factor"": ""Optical cross-check"", ""delta"": 6, ""reason"": ""Sentinel-2 confirms dry ground \u2014 sensors agree""}]",0,,"{""sar"": ""dry"", ""optical"": ""dry"", ""dem_hydrology"": ""flood""}"
HARV-00782,"6200 Hermann Park Drive, Houston, TX, 77030",0.0,0.0,0.0,0.0,0.0,Remote-Deny,81,Deny remotely — no significant flooding detected by satellite,Satellite data at 6200 Hermann Park Drive indicates 0.0ft depth; remote-deny per 81% confidence.,1,1,0.0,"[{""factor"": ""SAR recency"", ""delta"": 8, ""reason"": ""Imagery 3d post-event \u2014 fresh""}, {""factor"": ""Depth certainty"", ""delta"": 10, ""reason"": ""Near-zero depth \u2014 confidently not flooded""}, {""factor"": ""Coverage coherence"", ""delta"": 7, ""reason"": ""0% coverage \u2014 confidently dry""}, {""factor"": ""Urban SAR shadow"", ""delta"": -15, ""reason"": ""Dense urban area \u2014 radar shadow can mimic water""}, {""factor"": ""Optical cross-check"", ""delta"": 6, ""reason"": ""Sentinel-2 confirms dry ground \u2014 sensors agree""}]",0,,"{""sar"": ""dry"", ""optical"": ""dry"", ""dem_hydrology"": ""dry""}"
HARV-00783,"4400 Memorial Drive, Houston, TX, 77007",0.0,0.0,0.0,0.0,0.0,Remote-Deny,81,Deny remotely — no significant flooding detected by satellite,Satellite data at 4400 Memorial Drive indicates 0.0ft depth; remote-deny per 81% confidence.,1,1,0.0,"[{""factor"": ""SAR recency"", ""delta"": 8, ""reason"": ""Imagery 3d post-event \u2014 fresh""}, {""factor"": ""Depth certainty"", ""delta"": 10, ""reason"": ""Near-zero depth \u2014 confidently not flooded""}, {""factor"": ""Coverage coherence"", ""delta"": 7, ""reason"": ""0% coverage \u2014 confidently dry""}, {""factor"": ""Urban SAR shadow"", ""delta"": -15, ""reason"": ""Dense urban area \u2014 radar shadow can mimic water""}, {""factor"": ""Optical cross-check"", ""delta"": 6, ""reason"": ""Sentinel-2 confirms dry ground \u2014 sensors agree""}]",0,,"{""sar"": ""dry"", ""optical"": ""dry"", ""dem_hydrology"": ""dry""}"
HARV-00784,"10700 Westheimer Road, Houston, TX, 77042",0.0,0.0,0.0,0.0,0.0,Review,75,Flag for manual review — borderline measurements or low confidence,Satellite data at 10700 Westheimer Road indicates 0.0ft depth; review per 75% confidence.,1,1,0.1164,"[{""factor"": ""SAR recency"", ""delta"": 8, ""reason"": ""Imagery 3d post-event \u2014 fresh""}, {""factor"": ""Depth certainty"", ""delta"": 10, ""reason"": ""Near-zero depth \u2014 confidently not flooded""}, {""factor"": ""Coverage coherence"", ""delta"": 7, ""reason"": ""0% coverage \u2014 confidently dry""}, {""factor"": ""Urban SAR shadow"", ""delta"": -15, ""reason"": ""Dense urban area \u2014 radar shadow can mimic water""}]",1,"Sensors disagree: optical, DEM-hydrology indicate flooding while SAR indicate dry/implausible — routed to manual review.","{""sar"": ""dry"", ""optical"": ""flood"", ""dem_hydrology"": ""flood""}"
HARV-00785,"5939 Kiam Street, Houston, TX",0.0,0.0,0.0,0.0,0.0,Remote-Deny,81,Deny remotely — no significant flooding detected by satellite,Satellite data at 5939 Kiam Street indicates 0.0ft depth; remote-deny per 81% confidence.,1,1,0.0,"[{""factor"": ""SAR recency"", ""delta"": 8, ""reason"": ""Imagery 3d post-event \u2014 fresh""}, {""factor"": ""Depth certainty"", ""delta"": 10, ""reason"": ""Near-zero depth \u2014 confidently not flooded""}, {""factor"": ""Coverage coherence"", ""delta"": 7, ""reason"": ""0% coverage \u2014 confidently dry""}, {""factor"": ""Urban SAR shadow"", ""delta"": -15, ""reason"": ""Dense urban area \u2014 radar shadow can mimic water""}, {""factor"": ""Optical cross-check"", ""delta"": 6, ""reason"": ""Sentinel-2 confirms dry ground \u2014 sensors agree""}]",0,,"{""sar"": ""dry"", ""optical"": ""dry"", ""dem_hydrology"": ""abstain""}"
HARV-00786,"6006 Hillcroft Avenue, Houston, TX, 77081",0.0,0.0,0.0,0.0,0.0,Remote-Deny,81,Deny remotely — no significant flooding detected by satellite,Satellite data at 6006 Hillcroft Avenue indicates 0.0ft depth; remote-deny per 81% confidence.,1,1,0.0,"[{""factor"": ""SAR recency"", ""delta"": 8, ""reason"": ""Imagery 3d post-event \u2014 fresh""}, {""factor"": ""Depth certainty"", ""delta"": 10, ""reason"": ""Near-zero depth \u2014 confidently not flooded""}, {""factor"": ""Coverage coherence"", ""delta"": 7, ""reason"": ""0% coverage \u2014 confidently dry""}, {""factor"": ""Urban SAR shadow"", ""delta"": -15, ""reason"": ""Dense urban area \u2014 radar shadow can mimic water""}, {""factor"": ""Optical cross-check"", ""delta"": 6, ""reason"": ""Sentinel-2 confirms dry ground \u2014 sensors agree""}]",0,,"{""sar"": ""dry"", ""optical"": ""dry"", ""dem_hydrology"": ""flood""}"
HARV-00787,"7525 Westheimer Road, Houston, TX",0.0,0.0,0.0,0.0,0.0,Remote-Deny,81,Deny remotely — no significant flooding detected by satellite,Satellite data at 7525 Westheimer Road indicates 0.0ft depth; remote-deny per 81% confidence.,1,1,0.0,"[{""factor"": ""SAR recency"", ""delta"": 8, ""reason"": ""Imagery 3d post-event \u2014 fresh""}, {""factor"": ""Depth certainty"", ""delta"": 10, ""reason"": ""Near-zero depth \u2014 confidently not flooded""}, {""factor"": ""Coverage coherence"", ""delta"": 7, ""reason"": ""0% coverage \u2014 confidently dry""}, {""factor"": ""Urban SAR shadow"", ""delta"": -15, ""reason"": ""Dense urban area \u2014 radar shadow can mimic water""}, {""factor"": ""Optical cross-check"", ""delta"": 6, ""reason"": ""Sentinel-2 confirms dry ground \u2014 sensors agree""}]",0,,"{""sar"": ""dry"", ""optical"": ""dry"", ""dem_hydrology"": ""abstain""}"
HARV-00788,"7639 Westheimer Road, Houston, TX",0.0,0.0,0.0,0.0,0.0,Review,75,Flag for manual review — borderline measurements or low confidence,Satellite data at 7639 Westheimer Road indicates 0.0ft depth; review per 75% confidence.,1,1,0.2328,"[{""factor"": ""SAR recency"", ""delta"": 8, ""reason"": ""Imagery 3d post-event \u2014 fresh""}, {""factor"": ""Depth certainty"", ""delta"": 10, ""reason"": ""Near-zero depth \u2014 confidently not flooded""}, {""factor"": ""Coverage coherence"", ""delta"": 7, ""reason"": ""0% coverage \u2014 confidently dry""}, {""factor"": ""Urban SAR shadow"", ""delta"": -15, ""reason"": ""Dense urban area \u2014 radar shadow can mimic water""}]",1,"Sensors disagree: optical, DEM-hydrology indicate flooding while SAR indicate dry/implausible — routed to manual review.","{""sar"": ""dry"", ""optical"": ""flood"", ""dem_hydrology"": ""flood""}"
HARV-00789,"2409 Grant Street, Houston, TX, 77006",0.0,0.0,0.0,0.0,0.0,Remote-Deny,81,Deny remotely — no significant flooding detected by satellite,Satellite data at 2409 Grant Street indicates 0.0ft depth; remote-deny per 81% confidence.,1,1,0.0,"[{""factor"": ""SAR recency"", ""delta"": 8, ""reason"": ""Imagery 3d post-event \u2014 fresh""}, {""factor"": ""Depth certainty"", ""delta"": 10, ""reason"": ""Near-zero depth \u2014 confidently not flooded""}, {""factor"": ""Coverage coherence"", ""delta"": 7, ""reason"": ""0% coverage \u2014 confidently dry""}, {""factor"": ""Urban SAR shadow"", ""delta"": -15, ""reason"": ""Dense urban area \u2014 radar shadow can mimic water""}, {""factor"": ""Optical cross-check"", ""delta"": 6, ""reason"": ""Sentinel-2 confirms dry ground \u2014 sensors agree""}]",0,,"{""sar"": ""dry"", ""optical"": ""dry"", ""dem_hydrology"": ""flood""}"
HARV-00790,"2204 Summer Street, Houston, TX",0.0,0.0,0.0,0.0,0.0,Remote-Deny,81,Deny remotely — no significant flooding detected by satellite,Satellite data at 2204 Summer Street indicates 0.0ft depth; remote-deny per 81% confidence.,1,1,0.0,"[{""factor"": ""SAR recency"", ""delta"": 8, ""reason"": ""Imagery 3d post-event \u2014 fresh""}, {""factor"": ""Depth certainty"", ""delta"": 10, ""reason"": ""Near-zero depth \u2014 confidently not flooded""}, {""factor"": ""Coverage coherence"", ""delta"": 7, ""reason"": ""0% coverage \u2014 confidently dry""}, {""factor"": ""Urban SAR shadow"", ""delta"": -15, ""reason"": ""Dense urban area \u2014 radar shadow can mimic water""}, {""factor"": ""Optical cross-check"", ""delta"": 6, ""reason"": ""Sentinel-2 confirms dry ground \u2014 sensors agree""}]",0,,"{""sar"": ""dry"", ""optical"": ""dry"", ""dem_hydrology"": ""flood""}"
HARV-00791,"6975 Portwest Drive, Houston, TX, 77024",0.0,0.0,0.0,0.0,0.0,Remote-Deny,81,Deny remotely — no significant flooding detected by satellite,Satellite data at 6975 Portwest Drive indicates 0.0ft depth; remote-deny per 81% confidence.,1,1,0.0,"[{""factor"": ""SAR recency"", ""delta"": 8, ""reason"": ""Imagery 3d post-event \u2014 fresh""}, {""factor"": ""Depth certainty"", ""delta"": 10, ""reason"": ""Near-zero depth \u2014 confidently not flooded""}, {""factor"": ""Coverage coherence"", ""delta"": 7, ""reason"": ""0% coverage \u2014 confidently dry""}, {""factor"": ""Urban SAR shadow"", ""delta"": -15, ""reason"": ""Dense urban area \u2014 radar shadow can mimic water""}, {""factor"": ""Optical cross-check"", ""delta"": 6, ""reason"": ""Sentinel-2 confirms dry ground \u2014 sensors agree""}]",0,,"{""sar"": ""dry"", ""optical"": ""dry"", ""dem_hydrology"": ""dry""}"
HARV-00792,"1505 Wirt Road, Houston, TX, 77055",0.0,0.0,0.0,0.0,0.0,Remote-Deny,81,Deny remotely — no significant flooding detected by satellite,Satellite data at 1505 Wirt Road indicates 0.0ft depth; remote-deny per 81% confidence.,1,1,0.0,"[{""factor"": ""SAR recency"", ""delta"": 8, ""reason"": ""Imagery 3d post-event \u2014 fresh""}, {""factor"": ""Depth certainty"", ""delta"": 10, ""reason"": ""Near-zero depth \u2014 confidently not flooded""}, {""factor"": ""Coverage coherence"", ""delta"": 7, ""reason"": ""0% coverage \u2014 confidently dry""}, {""factor"": ""Urban SAR shadow"", ""delta"": -15, ""reason"": ""Dense urban area \u2014 radar shadow can mimic water""}, {""factor"": ""Optical cross-check"", ""delta"": 6, ""reason"": ""Sentinel-2 confirms dry ground \u2014 sensors agree""}]",0,,"{""sar"": ""dry"", ""optical"": ""dry"", ""dem_hydrology"": ""flood""}"
HARV-00793,"9090 Katy Freeway, Houston, TX, 77055",0.0,0.0,0.0,0.0,0.0,Review,90,Flag for manual review — independent sensors (SAR/optical/DEM) disagree,Satellite data at 9090 Katy Freeway indicates 0.0ft depth; review per 90% confidence.,0,1,0.177,"[{""factor"": ""SAR recency"", ""delta"": 8, ""reason"": ""Imagery 3d post-event \u2014 fresh""}, {""factor"": ""Depth certainty"", ""delta"": 10, ""reason"": ""Near-zero depth \u2014 confidently not flooded""}, {""factor"": ""Coverage coherence"", ""delta"": 7, ""reason"": ""0% coverage \u2014 confidently dry""}]",1,"Sensors disagree: optical, DEM-hydrology indicate flooding while SAR indicate dry/implausible — routed to manual review.","{""sar"": ""dry"", ""optical"": ""flood"", ""dem_hydrology"": ""flood""}"
HARV-00794,"3800 Southwest Freeway, Houston, TX, 77046",0.0,0.0,0.0,0.0,0.0,Remote-Deny,81,Deny remotely — no significant flooding detected by satellite,Satellite data at 3800 Southwest Freeway indicates 0.0ft depth; remote-deny per 81% confidence.,1,1,0.0037,"[{""factor"": ""SAR recency"", ""delta"": 8, ""reason"": ""Imagery 3d post-event \u2014 fresh""}, {""factor"": ""Depth certainty"", ""delta"": 10, ""reason"": ""Near-zero depth \u2014 confidently not flooded""}, {""factor"": ""Coverage coherence"", ""delta"": 7, ""reason"": ""0% coverage \u2014 confidently dry""}, {""factor"": ""Urban SAR shadow"", ""delta"": -15, ""reason"": ""Dense urban area \u2014 radar shadow can mimic water""}, {""factor"": ""Optical cross-check"", ""delta"": 6, ""reason"": ""Sentinel-2 confirms dry ground \u2014 sensors agree""}]",0,,"{""sar"": ""dry"", ""optical"": ""dry"", ""dem_hydrology"": ""flood""}"
HARV-00795,"20 Greenway Plaza, Houston, TX, 77046",0.0,0.0,0.0,0.0,0.0,Remote-Deny,81,Deny remotely — no significant flooding detected by satellite,Satellite data at 20 Greenway Plaza indicates 0.0ft depth; remote-deny per 81% confidence.,1,1,0.0,"[{""factor"": ""SAR recency"", ""delta"": 8, ""reason"": ""Imagery 3d post-event \u2014 fresh""}, {""factor"": ""Depth certainty"", ""delta"": 10, ""reason"": ""Near-zero depth \u2014 confidently not flooded""}, {""factor"": ""Coverage coherence"", ""delta"": 7, ""reason"": ""0% coverage \u2014 confidently dry""}, {""factor"": ""Urban SAR shadow"", ""delta"": -15, ""reason"": ""Dense urban area \u2014 radar shadow can mimic water""}, {""factor"": ""Optical cross-check"", ""delta"": 6, ""reason"": ""Sentinel-2 confirms dry ground \u2014 sensors agree""}]",0,,"{""sar"": ""dry"", ""optical"": ""dry"", ""dem_hydrology"": ""flood""}"
HARV-00796,"1111 Studewood Street, Houston, TX",0.0,0.0,0.0,0.0,0.0,Remote-Deny,81,Deny remotely — no significant flooding detected by satellite,Satellite data at 1111 Studewood Street indicates 0.0ft depth; remote-deny per 81% confidence.,1,1,0.0,"[{""factor"": ""SAR recency"", ""delta"": 8, ""reason"": ""Imagery 3d post-event \u2014 fresh""}, {""factor"": ""Depth certainty"", ""delta"": 10, ""reason"": ""Near-zero depth \u2014 confidently not flooded""}, {""factor"": ""Coverage coherence"", ""delta"": 7, ""reason"": ""0% coverage \u2014 confidently dry""}, {""factor"": ""Urban SAR shadow"", ""delta"": -15, ""reason"": ""Dense urban area \u2014 radar shadow can mimic water""}, {""factor"": ""Optical cross-check"", ""delta"": 6, ""reason"": ""Sentinel-2 confirms dry ground \u2014 sensors agree""}]",0,,"{""sar"": ""dry"", ""optical"": ""dry"", ""dem_hydrology"": ""flood""}"
HARV-00797,"540 Waugh Drive, Houston, TX, 77019",0.0,0.0,0.0,0.0,0.0,Remote-Deny,81,Deny remotely — no significant flooding detected by satellite,Satellite data at 540 Waugh Drive indicates 0.0ft depth; remote-deny per 81% confidence.,1,1,0.0,"[{""factor"": ""SAR recency"", ""delta"": 8, ""reason"": ""Imagery 3d post-event \u2014 fresh""}, {""factor"": ""Depth certainty"", ""delta"": 10, ""reason"": ""Near-zero depth \u2014 confidently not flooded""}, {""factor"": ""Coverage coherence"", ""delta"": 7, ""reason"": ""0% coverage \u2014 confidently dry""}, {""factor"": ""Urban SAR shadow"", ""delta"": -15, ""reason"": ""Dense urban area \u2014 radar shadow can mimic water""}, {""factor"": ""Optical cross-check"", ""delta"": 6, ""reason"": ""Sentinel-2 confirms dry ground \u2014 sensors agree""}]",0,,"{""sar"": ""dry"", ""optical"": ""dry"", ""dem_hydrology"": ""dry""}"
HARV-00798,"9131 Long Point Road, Houston, TX, 77080",0.0,0.0,0.0,0.0,0.0,Remote-Deny,81,Deny remotely — no significant flooding detected by satellite,Satellite data at 9131 Long Point Road indicates 0.0ft depth; remote-deny per 81% confidence.,1,1,0.0,"[{""factor"": ""SAR recency"", ""delta"": 8, ""reason"": ""Imagery 3d post-event \u2014 fresh""}, {""factor"": ""Depth certainty"", ""delta"": 10, ""reason"": ""Near-zero depth \u2014 confidently not flooded""}, {""factor"": ""Coverage coherence"", ""delta"": 7, ""reason"": ""0% coverage \u2014 confidently dry""}, {""factor"": ""Urban SAR shadow"", ""delta"": -15, ""reason"": ""Dense urban area \u2014 radar shadow can mimic water""}, {""factor"": ""Optical cross-check"", ""delta"": 6, ""reason"": ""Sentinel-2 confirms dry ground \u2014 sensors agree""}]",0,,"{""sar"": ""dry"", ""optical"": ""dry"", ""dem_hydrology"": ""flood""}"
HARV-00799,"1001 Studewood Street, Houston, TX, 77008",0.0,0.0,0.0,0.0,0.0,Remote-Deny,81,Deny remotely — no significant flooding detected by satellite,Satellite data at 1001 Studewood Street indicates 0.0ft depth; remote-deny per 81% confidence.,1,1,0.0,"[{""factor"": ""SAR recency"", ""delta"": 8, ""reason"": ""Imagery 3d post-event \u2014 fresh""}, {""factor"": ""Depth certainty"", ""delta"": 10, ""reason"": ""Near-zero depth \u2014 confidently not flooded""}, {""factor"": ""Coverage coherence"", ""delta"": 7, ""reason"": ""0% coverage \u2014 confidently dry""}, {""factor"": ""Urban SAR shadow"", ""delta"": -15, ""reason"": ""Dense urban area \u2014 radar shadow can mimic water""}, {""factor"": ""Optical cross-check"", ""delta"": 6, ""reason"": ""Sentinel-2 confirms dry ground \u2014 sensors agree""}]",0,,"{""sar"": ""dry"", ""optical"": ""dry"", ""dem_hydrology"": ""flood""}"
HARV-00800,"10685 Hazelhurst Drive, Houston, TX, 77043",0.0,0.0,0.0,0.0,0.0,Remote-Deny,81,Deny remotely — no significant flooding detected by satellite,Satellite data at 10685 Hazelhurst Drive indicates 0.0ft depth; remote-deny per 81% confidence.,1,1,0.0,"[{""factor"": ""SAR recency"", ""delta"": 8, ""reason"": ""Imagery 3d post-event \u2014 fresh""}, {""factor"": ""Depth certainty"", ""delta"": 10, ""reason"": ""Near-zero depth \u2014 confidently not flooded""}, {""factor"": ""Coverage coherence"", ""delta"": 7, ""reason"": ""0% coverage \u2014 confidently dry""}, {""factor"": ""Urban SAR shadow"", ""delta"": -15, ""reason"": ""Dense urban area \u2014 radar shadow can mimic water""}, {""factor"": ""Optical cross-check"", ""delta"": 6, ""reason"": ""Sentinel-2 confirms dry ground \u2014 sensors agree""}]",0,,"{""sar"": ""dry"", ""optical"": ""dry"", ""dem_hydrology"": ""flood""}"
HARV-00801,"2339 University Boulevard, Houston, TX",0.0,0.0,0.0,0.0,0.0,Remote-Deny,81,Deny remotely — no significant flooding detected by satellite,Satellite data at 2339 University Boulevard indicates 0.0ft depth; remote-deny per 81% confidence.,1,1,0.0,"[{""factor"": ""SAR recency"", ""delta"": 8, ""reason"": ""Imagery 3d post-event \u2014 fresh""}, {""factor"": ""Depth certainty"", ""delta"": 10, ""reason"": ""Near-zero depth \u2014 confidently not flooded""}, {""factor"": ""Coverage coherence"", ""delta"": 7, ""reason"": ""0% coverage \u2014 confidently dry""}, {""factor"": ""Urban SAR shadow"", ""delta"": -15, ""reason"": ""Dense urban area \u2014 radar shadow can mimic water""}, {""factor"": ""Optical cross-check"", ""delta"": 6, ""reason"": ""Sentinel-2 confirms dry ground \u2014 sensors agree""}]",0,,"{""sar"": ""dry"", ""optical"": ""dry"", ""dem_hydrology"": ""flood""}"
HARV-00802,"5320 Elm Street, Houston, TX, 77081",0.0,0.0,0.0,0.0,0.0,Remote-Deny,81,Deny remotely — no significant flooding detected by satellite,Satellite data at 5320 Elm Street indicates 0.0ft depth; remote-deny per 81% confidence.,1,1,0.0,"[{""factor"": ""SAR recency"", ""delta"": 8, ""reason"": ""Imagery 3d post-event \u2014 fresh""}, {""factor"": ""Depth certainty"", ""delta"": 10, ""reason"": ""Near-zero depth \u2014 confidently not flooded""}, {""factor"": ""Coverage coherence"", ""delta"": 7, ""reason"": ""0% coverage \u2014 confidently dry""}, {""factor"": ""Urban SAR shadow"", ""delta"": -15, ""reason"": ""Dense urban area \u2014 radar shadow can mimic water""}, {""factor"": ""Optical cross-check"", ""delta"": 6, ""reason"": ""Sentinel-2 confirms dry ground \u2014 sensors agree""}]",0,,"{""sar"": ""dry"", ""optical"": ""dry"", ""dem_hydrology"": ""flood""}"
HARV-00803,4014 Westheimer Road,0.0,0.0,0.0,0.0,0.0,Remote-Deny,81,Deny remotely — no significant flooding detected by satellite,Satellite data at 4014 Westheimer Road indicates 0.0ft depth; remote-deny per 81% confidence.,1,1,0.0,"[{""factor"": ""SAR recency"", ""delta"": 8, ""reason"": ""Imagery 3d post-event \u2014 fresh""}, {""factor"": ""Depth certainty"", ""delta"": 10, ""reason"": ""Near-zero depth \u2014 confidently not flooded""}, {""factor"": ""Coverage coherence"", ""delta"": 7, ""reason"": ""0% coverage \u2014 confidently dry""}, {""factor"": ""Urban SAR shadow"", ""delta"": -15, ""reason"": ""Dense urban area \u2014 radar shadow can mimic water""}, {""factor"": ""Optical cross-check"", ""delta"": 6, ""reason"": ""Sentinel-2 confirms dry ground \u2014 sensors agree""}]",0,,"{""sar"": ""dry"", ""optical"": ""dry"", ""dem_hydrology"": ""flood""}"
HARV-00804,"9427 Katy Freeway, Houston, TX, 77024",0.0,0.0,0.0,0.0,0.0,Review,75,Flag for manual review — borderline measurements or low confidence,Satellite data at 9427 Katy Freeway indicates 0.0ft depth; review per 75% confidence.,1,1,0.7314,"[{""factor"": ""SAR recency"", ""delta"": 8, ""reason"": ""Imagery 3d post-event \u2014 fresh""}, {""factor"": ""Depth certainty"", ""delta"": 10, ""reason"": ""Near-zero depth \u2014 confidently not flooded""}, {""factor"": ""Coverage coherence"", ""delta"": 7, ""reason"": ""0% coverage \u2014 confidently dry""}, {""factor"": ""Urban SAR shadow"", ""delta"": -15, ""reason"": ""Dense urban area \u2014 radar shadow can mimic water""}]",1,"Sensors disagree: optical, DEM-hydrology indicate flooding while SAR indicate dry/implausible — routed to manual review.","{""sar"": ""dry"", ""optical"": ""flood"", ""dem_hydrology"": ""flood""}"
HARV-00805,"146 Westcott Street, Houston, TX",0.0,0.0,0.0,0.0,0.0,Remote-Deny,81,Deny remotely — no significant flooding detected by satellite,Satellite data at 146 Westcott Street indicates 0.0ft depth; remote-deny per 81% confidence.,1,1,0.0,"[{""factor"": ""SAR recency"", ""delta"": 8, ""reason"": ""Imagery 3d post-event \u2014 fresh""}, {""factor"": ""Depth certainty"", ""delta"": 10, ""reason"": ""Near-zero depth \u2014 confidently not flooded""}, {""factor"": ""Coverage coherence"", ""delta"": 7, ""reason"": ""0% coverage \u2014 confidently dry""}, {""factor"": ""Urban SAR shadow"", ""delta"": -15, ""reason"": ""Dense urban area \u2014 radar shadow can mimic water""}, {""factor"": ""Optical cross-check"", ""delta"": 6, ""reason"": ""Sentinel-2 confirms dry ground \u2014 sensors agree""}]",0,,"{""sar"": ""dry"", ""optical"": ""dry"", ""dem_hydrology"": ""dry""}"
HARV-00806,"1800 Bering Drive, Houston, TX, 77057",0.0,0.0,0.0,0.0,0.0,Remote-Deny,81,Deny remotely — no significant flooding detected by satellite,Satellite data at 1800 Bering Drive indicates 0.0ft depth; remote-deny per 81% confidence.,1,1,0.0,"[{""factor"": ""SAR recency"", ""delta"": 8, ""reason"": ""Imagery 3d post-event \u2014 fresh""}, {""factor"": ""Depth certainty"", ""delta"": 10, ""reason"": ""Near-zero depth \u2014 confidently not flooded""}, {""factor"": ""Coverage coherence"", ""delta"": 7, ""reason"": ""0% coverage \u2014 confidently dry""}, {""factor"": ""Urban SAR shadow"", ""delta"": -15, ""reason"": ""Dense urban area \u2014 radar shadow can mimic water""}, {""factor"": ""Optical cross-check"", ""delta"": 6, ""reason"": ""Sentinel-2 confirms dry ground \u2014 sensors agree""}]",0,,"{""sar"": ""dry"", ""optical"": ""dry"", ""dem_hydrology"": ""flood""}"
HARV-00807,1715 Post Oak Boulevard,0.0,0.0,0.0,0.0,0.0,Review,75,Flag for manual review — borderline measurements or low confidence,Satellite data at 1715 Post Oak Boulevard indicates 0.0ft depth; review per 75% confidence.,1,1,0.1302,"[{""factor"": ""SAR recency"", ""delta"": 8, ""reason"": ""Imagery 3d post-event \u2014 fresh""}, {""factor"": ""Depth certainty"", ""delta"": 10, ""reason"": ""Near-zero depth \u2014 confidently not flooded""}, {""factor"": ""Coverage coherence"", ""delta"": 7, ""reason"": ""0% coverage \u2014 confidently dry""}, {""factor"": ""Urban SAR shadow"", ""delta"": -15, ""reason"": ""Dense urban area \u2014 radar shadow can mimic water""}]",1,Sensors disagree: optical indicate flooding while SAR indicate dry/implausible — routed to manual review.,"{""sar"": ""dry"", ""optical"": ""flood"", ""dem_hydrology"": ""abstain""}"
HARV-00808,"1743 Post Oak Boulevard, Houston, TX, 77056",0.0,0.0,0.0,0.0,0.0,Review,75,Flag for manual review — borderline measurements or low confidence,Satellite data at 1743 Post Oak Boulevard indicates 0.0ft depth; review per 75% confidence.,1,1,0.0719,"[{""factor"": ""SAR recency"", ""delta"": 8, ""reason"": ""Imagery 3d post-event \u2014 fresh""}, {""factor"": ""Depth certainty"", ""delta"": 10, ""reason"": ""Near-zero depth \u2014 confidently not flooded""}, {""factor"": ""Coverage coherence"", ""delta"": 7, ""reason"": ""0% coverage \u2014 confidently dry""}, {""factor"": ""Urban SAR shadow"", ""delta"": -15, ""reason"": ""Dense urban area \u2014 radar shadow can mimic water""}]",0,,"{""sar"": ""dry"", ""optical"": ""abstain"", ""dem_hydrology"": ""dry""}"
HARV-00809,1707 Post Oak Boulevard,0.0,0.0,0.0,0.0,0.0,Review,75,Flag for manual review — borderline measurements or low confidence,Satellite data at 1707 Post Oak Boulevard indicates 0.0ft depth; review per 75% confidence.,1,1,0.1423,"[{""factor"": ""SAR recency"", ""delta"": 8, ""reason"": ""Imagery 3d post-event \u2014 fresh""}, {""factor"": ""Depth certainty"", ""delta"": 10, ""reason"": ""Near-zero depth \u2014 confidently not flooded""}, {""factor"": ""Coverage coherence"", ""delta"": 7, ""reason"": ""0% coverage \u2014 confidently dry""}, {""factor"": ""Urban SAR shadow"", ""delta"": -15, ""reason"": ""Dense urban area \u2014 radar shadow can mimic water""}]",1,Sensors disagree: optical indicate flooding while SAR indicate dry/implausible — routed to manual review.,"{""sar"": ""dry"", ""optical"": ""flood"", ""dem_hydrology"": ""abstain""}"
HARV-00810,"4520 San Felipe Street, Houston, TX, 77027",0.0,0.0,0.0,0.0,0.0,Review,75,Flag for manual review — borderline measurements or low confidence,Satellite data at 4520 San Felipe Street indicates 0.0ft depth; review per 75% confidence.,1,1,0.2322,"[{""factor"": ""SAR recency"", ""delta"": 8, ""reason"": ""Imagery 3d post-event \u2014 fresh""}, {""factor"": ""Depth certainty"", ""delta"": 10, ""reason"": ""Near-zero depth \u2014 confidently not flooded""}, {""factor"": ""Coverage coherence"", ""delta"": 7, ""reason"": ""0% coverage \u2014 confidently dry""}, {""factor"": ""Urban SAR shadow"", ""delta"": -15, ""reason"": ""Dense urban area \u2014 radar shadow can mimic water""}]",1,"Sensors disagree: optical, DEM-hydrology indicate flooding while SAR indicate dry/implausible — routed to manual review.","{""sar"": ""dry"", ""optical"": ""flood"", ""dem_hydrology"": ""flood""}"
HARV-00811,"7505 Fannin Street, Houston, TX, 77054",0.0,0.0,0.0,0.0,0.0,Remote-Deny,81,Deny remotely — no significant flooding detected by satellite,Satellite data at 7505 Fannin Street indicates 0.0ft depth; remote-deny per 81% confidence.,1,1,0.0,"[{""factor"": ""SAR recency"", ""delta"": 8, ""reason"": ""Imagery 3d post-event \u2014 fresh""}, {""factor"": ""Depth certainty"", ""delta"": 10, ""reason"": ""Near-zero depth \u2014 confidently not flooded""}, {""factor"": ""Coverage coherence"", ""delta"": 7, ""reason"": ""0% coverage \u2014 confidently dry""}, {""factor"": ""Urban SAR shadow"", ""delta"": -15, ""reason"": ""Dense urban area \u2014 radar shadow can mimic water""}, {""factor"": ""Optical cross-check"", ""delta"": 6, ""reason"": ""Sentinel-2 confirms dry ground \u2014 sensors agree""}]",0,,"{""sar"": ""dry"", ""optical"": ""dry"", ""dem_hydrology"": ""flood""}"
HARV-00812,"3601 South Sandman Street, Houston, TX",0.0,0.0,0.0,0.0,0.0,Remote-Deny,81,Deny remotely — no significant flooding detected by satellite,Satellite data at 3601 South Sandman Street indicates 0.0ft depth; remote-deny per 81% confidence.,1,1,0.0,"[{""factor"": ""SAR recency"", ""delta"": 8, ""reason"": ""Imagery 3d post-event \u2014 fresh""}, {""factor"": ""Depth certainty"", ""delta"": 10, ""reason"": ""Near-zero depth \u2014 confidently not flooded""}, {""factor"": ""Coverage coherence"", ""delta"": 7, ""reason"": ""0% coverage \u2014 confidently dry""}, {""factor"": ""Urban SAR shadow"", ""delta"": -15, ""reason"": ""Dense urban area \u2014 radar shadow can mimic water""}, {""factor"": ""Optical cross-check"", ""delta"": 6, ""reason"": ""Sentinel-2 confirms dry ground \u2014 sensors agree""}]",0,,"{""sar"": ""dry"", ""optical"": ""dry"", ""dem_hydrology"": ""flood""}"
HARV-00813,"3131 West Holcolmbe Road, Houston, TX, 77025",0.0,0.0,0.0,0.0,0.0,Remote-Deny,81,Deny remotely — no significant flooding detected by satellite,Satellite data at 3131 West Holcolmbe Road indicates 0.0ft depth; remote-deny per 81% confidence.,1,1,0.0,"[{""factor"": ""SAR recency"", ""delta"": 8, ""reason"": ""Imagery 3d post-event \u2014 fresh""}, {""factor"": ""Depth certainty"", ""delta"": 10, ""reason"": ""Near-zero depth \u2014 confidently not flooded""}, {""factor"": ""Coverage coherence"", ""delta"": 7, ""reason"": ""0% coverage \u2014 confidently dry""}, {""factor"": ""Urban SAR shadow"", ""delta"": -15, ""reason"": ""Dense urban area \u2014 radar shadow can mimic water""}, {""factor"": ""Optical cross-check"", ""delta"": 6, ""reason"": ""Sentinel-2 confirms dry ground \u2014 sensors agree""}]",0,,"{""sar"": ""dry"", ""optical"": ""dry"", ""dem_hydrology"": ""abstain""}"
HARV-00814,"1919 Taylor Street, Houston, TX, 77007",0.0,0.0,0.0,0.0,0.0,Review,75,Flag for manual review — borderline measurements or low confidence,Satellite data at 1919 Taylor Street indicates 0.0ft depth; review per 75% confidence.,1,1,0.1164,"[{""factor"": ""SAR recency"", ""delta"": 8, ""reason"": ""Imagery 3d post-event \u2014 fresh""}, {""factor"": ""Depth certainty"", ""delta"": 10, ""reason"": ""Near-zero depth \u2014 confidently not flooded""}, {""factor"": ""Coverage coherence"", ""delta"": 7, ""reason"": ""0% coverage \u2014 confidently dry""}, {""factor"": ""Urban SAR shadow"", ""delta"": -15, ""reason"": ""Dense urban area \u2014 radar shadow can mimic water""}]",1,"Sensors disagree: optical indicate flooding while SAR, DEM-hydrology indicate dry/implausible — routed to manual review.","{""sar"": ""dry"", ""optical"": ""flood"", ""dem_hydrology"": ""dry""}"
HARV-00815,"9939 Woodwind Drive, Houston, TX",0.0,0.0,0.0,0.0,0.0,Remote-Deny,81,Deny remotely — no significant flooding detected by satellite,Satellite data at 9939 Woodwind Drive indicates 0.0ft depth; remote-deny per 81% confidence.,1,1,0.0,"[{""factor"": ""SAR recency"", ""delta"": 8, ""reason"": ""Imagery 3d post-event \u2014 fresh""}, {""factor"": ""Depth certainty"", ""delta"": 10, ""reason"": ""Near-zero depth \u2014 confidently not flooded""}, {""factor"": ""Coverage coherence"", ""delta"": 7, ""reason"": ""0% coverage \u2014 confidently dry""}, {""factor"": ""Urban SAR shadow"", ""delta"": -15, ""reason"": ""Dense urban area \u2014 radar shadow can mimic water""}, {""factor"": ""Optical cross-check"", ""delta"": 6, ""reason"": ""Sentinel-2 confirms dry ground \u2014 sensors agree""}]",0,,"{""sar"": ""dry"", ""optical"": ""dry"", ""dem_hydrology"": ""flood""}"
HARV-00816,"5120 Woodway Drive, Houston, TX, 77056",0.0,0.0,0.0,0.0,0.0,Remote-Deny,81,Deny remotely — no significant flooding detected by satellite,Satellite data at 5120 Woodway Drive indicates 0.0ft depth; remote-deny per 81% confidence.,1,1,0.0155,"[{""factor"": ""SAR recency"", ""delta"": 8, ""reason"": ""Imagery 3d post-event \u2014 fresh""}, {""factor"": ""Depth certainty"", ""delta"": 10, ""reason"": ""Near-zero depth \u2014 confidently not flooded""}, {""factor"": ""Coverage coherence"", ""delta"": 7, ""reason"": ""0% coverage \u2014 confidently dry""}, {""factor"": ""Urban SAR shadow"", ""delta"": -15, ""reason"": ""Dense urban area \u2014 radar shadow can mimic water""}, {""factor"": ""Optical cross-check"", ""delta"": 6, ""reason"": ""Sentinel-2 confirms dry ground \u2014 sensors agree""}]",0,,"{""sar"": ""dry"", ""optical"": ""dry"", ""dem_hydrology"": ""dry""}"
HARV-00817,925 North Shepherd Drive,0.0,0.0,0.0,0.0,0.0,Remote-Deny,81,Deny remotely — no significant flooding detected by satellite,Satellite data at 925 North Shepherd Drive indicates 0.0ft depth; remote-deny per 81% confidence.,1,1,0.0,"[{""factor"": ""SAR recency"", ""delta"": 8, ""reason"": ""Imagery 3d post-event \u2014 fresh""}, {""factor"": ""Depth certainty"", ""delta"": 10, ""reason"": ""Near-zero depth \u2014 confidently not flooded""}, {""factor"": ""Coverage coherence"", ""delta"": 7, ""reason"": ""0% coverage \u2014 confidently dry""}, {""factor"": ""Urban SAR shadow"", ""delta"": -15, ""reason"": ""Dense urban area \u2014 radar shadow can mimic water""}, {""factor"": ""Optical cross-check"", ""delta"": 6, ""reason"": ""Sentinel-2 confirms dry ground \u2014 sensors agree""}]",0,,"{""sar"": ""dry"", ""optical"": ""dry"", ""dem_hydrology"": ""abstain""}"
HARV-00818,"919 North Shepherd Drive, Houston, TX, 77008",0.0,0.0,0.0,0.0,0.0,Remote-Deny,81,Deny remotely — no significant flooding detected by satellite,Satellite data at 919 North Shepherd Drive indicates 0.0ft depth; remote-deny per 81% confidence.,1,1,0.0,"[{""factor"": ""SAR recency"", ""delta"": 8, ""reason"": ""Imagery 3d post-event \u2014 fresh""}, {""factor"": ""Depth certainty"", ""delta"": 10, ""reason"": ""Near-zero depth \u2014 confidently not flooded""}, {""factor"": ""Coverage coherence"", ""delta"": 7, ""reason"": ""0% coverage \u2014 confidently dry""}, {""factor"": ""Urban SAR shadow"", ""delta"": -15, ""reason"": ""Dense urban area \u2014 radar shadow can mimic water""}, {""factor"": ""Optical cross-check"", ""delta"": 6, ""reason"": ""Sentinel-2 confirms dry ground \u2014 sensors agree""}]",0,,"{""sar"": ""dry"", ""optical"": ""dry"", ""dem_hydrology"": ""dry""}"
HARV-00819,"4007 Westheimer Road, Houston, TX",0.0,0.0,0.0,0.0,0.0,Review,75,Flag for manual review — borderline measurements or low confidence,Satellite data at 4007 Westheimer Road indicates 0.0ft depth; review per 75% confidence.,1,1,0.0646,"[{""factor"": ""SAR recency"", ""delta"": 8, ""reason"": ""Imagery 3d post-event \u2014 fresh""}, {""factor"": ""Depth certainty"", ""delta"": 10, ""reason"": ""Near-zero depth \u2014 confidently not flooded""}, {""factor"": ""Coverage coherence"", ""delta"": 7, ""reason"": ""0% coverage \u2014 confidently dry""}, {""factor"": ""Urban SAR shadow"", ""delta"": -15, ""reason"": ""Dense urban area \u2014 radar shadow can mimic water""}]",0,,"{""sar"": ""dry"", ""optical"": ""abstain"", ""dem_hydrology"": ""flood""}"
HARV-00820,"10805 Brooklet Drive, TX",0.0,0.0,0.0,0.0,0.0,Remote-Deny,81,Deny remotely — no significant flooding detected by satellite,Satellite data at 10805 Brooklet Drive indicates 0.0ft depth; remote-deny per 81% confidence.,1,1,0.0,"[{""factor"": ""SAR recency"", ""delta"": 8, ""reason"": ""Imagery 3d post-event \u2014 fresh""}, {""factor"": ""Depth certainty"", ""delta"": 10, ""reason"": ""Near-zero depth \u2014 confidently not flooded""}, {""factor"": ""Coverage coherence"", ""delta"": 7, ""reason"": ""0% coverage \u2014 confidently dry""}, {""factor"": ""Urban SAR shadow"", ""delta"": -15, ""reason"": ""Dense urban area \u2014 radar shadow can mimic water""}, {""factor"": ""Optical cross-check"", ""delta"": 6, ""reason"": ""Sentinel-2 confirms dry ground \u2014 sensors agree""}]",0,,"{""sar"": ""dry"", ""optical"": ""dry"", ""dem_hydrology"": ""flood""}"
HARV-00821,"2601 Westheimer Road, Houston, TX",0.0,0.0,0.0,0.0,0.0,Review,75,Flag for manual review — borderline measurements or low confidence,Satellite data at 2601 Westheimer Road indicates 0.0ft depth; review per 75% confidence.,1,1,0.137,"[{""factor"": ""SAR recency"", ""delta"": 8, ""reason"": ""Imagery 3d post-event \u2014 fresh""}, {""factor"": ""Depth certainty"", ""delta"": 10, ""reason"": ""Near-zero depth \u2014 confidently not flooded""}, {""factor"": ""Coverage coherence"", ""delta"": 7, ""reason"": ""0% coverage \u2014 confidently dry""}, {""factor"": ""Urban SAR shadow"", ""delta"": -15, ""reason"": ""Dense urban area \u2014 radar shadow can mimic water""}]",1,"Sensors disagree: optical indicate flooding while SAR, DEM-hydrology indicate dry/implausible — routed to manual review.","{""sar"": ""dry"", ""optical"": ""flood"", ""dem_hydrology"": ""dry""}"
HARV-00822,"515 Post Oak Boulevard, Houston, TX, 77027",0.0,0.0,0.0,0.0,0.0,Review,75,Flag for manual review — borderline measurements or low confidence,Satellite data at 515 Post Oak Boulevard indicates 0.0ft depth; review per 75% confidence.,1,1,0.1163,"[{""factor"": ""SAR recency"", ""delta"": 8, ""reason"": ""Imagery 3d post-event \u2014 fresh""}, {""factor"": ""Depth certainty"", ""delta"": 10, ""reason"": ""Near-zero depth \u2014 confidently not flooded""}, {""factor"": ""Coverage coherence"", ""delta"": 7, ""reason"": ""0% coverage \u2014 confidently dry""}, {""factor"": ""Urban SAR shadow"", ""delta"": -15, ""reason"": ""Dense urban area \u2014 radar shadow can mimic water""}]",1,"Sensors disagree: optical indicate flooding while SAR, DEM-hydrology indicate dry/implausible — routed to manual review.","{""sar"": ""dry"", ""optical"": ""flood"", ""dem_hydrology"": ""dry""}"
HARV-00823,"1426 North Post Oak Road, Houston, TX, 77055",0.0,0.0,0.0,0.0,0.0,Remote-Deny,81,Deny remotely — no significant flooding detected by satellite,Satellite data at 1426 North Post Oak Road indicates 0.0ft depth; remote-deny per 81% confidence.,1,1,0.0,"[{""factor"": ""SAR recency"", ""delta"": 8, ""reason"": ""Imagery 3d post-event \u2014 fresh""}, {""factor"": ""Depth certainty"", ""delta"": 10, ""reason"": ""Near-zero depth \u2014 confidently not flooded""}, {""factor"": ""Coverage coherence"", ""delta"": 7, ""reason"": ""0% coverage \u2014 confidently dry""}, {""factor"": ""Urban SAR shadow"", ""delta"": -15, ""reason"": ""Dense urban area \u2014 radar shadow can mimic water""}, {""factor"": ""Optical cross-check"", ""delta"": 6, ""reason"": ""Sentinel-2 confirms dry ground \u2014 sensors agree""}]",0,,"{""sar"": ""dry"", ""optical"": ""dry"", ""dem_hydrology"": ""abstain""}"
HARV-00824,"1430 North Post Oak Road, Houston, TX, 77055",0.0,0.0,0.0,0.0,0.0,Remote-Deny,81,Deny remotely — no significant flooding detected by satellite,Satellite data at 1430 North Post Oak Road indicates 0.0ft depth; remote-deny per 81% confidence.,1,1,0.0,"[{""factor"": ""SAR recency"", ""delta"": 8, ""reason"": ""Imagery 3d post-event \u2014 fresh""}, {""factor"": ""Depth certainty"", ""delta"": 10, ""reason"": ""Near-zero depth \u2014 confidently not flooded""}, {""factor"": ""Coverage coherence"", ""delta"": 7, ""reason"": ""0% coverage \u2014 confidently dry""}, {""factor"": ""Urban SAR shadow"", ""delta"": -15, ""reason"": ""Dense urban area \u2014 radar shadow can mimic water""}, {""factor"": ""Optical cross-check"", ""delta"": 6, ""reason"": ""Sentinel-2 confirms dry ground \u2014 sensors agree""}]",0,,"{""sar"": ""dry"", ""optical"": ""dry"", ""dem_hydrology"": ""flood""}"
HARV-00825,"2906 Holmes Road, Houston, TX, 77051",0.0,0.0,0.0,0.0,0.0,Remote-Deny,81,Deny remotely — no significant flooding detected by satellite,Satellite data at 2906 Holmes Road indicates 0.0ft depth; remote-deny per 81% confidence.,1,1,0.0,"[{""factor"": ""SAR recency"", ""delta"": 8, ""reason"": ""Imagery 3d post-event \u2014 fresh""}, {""factor"": ""Depth certainty"", ""delta"": 10, ""reason"": ""Near-zero depth \u2014 confidently not flooded""}, {""factor"": ""Coverage coherence"", ""delta"": 7, ""reason"": ""0% coverage \u2014 confidently dry""}, {""factor"": ""Urban SAR shadow"", ""delta"": -15, ""reason"": ""Dense urban area \u2014 radar shadow can mimic water""}, {""factor"": ""Optical cross-check"", ""delta"": 6, ""reason"": ""Sentinel-2 confirms dry ground \u2014 sensors agree""}]",0,,"{""sar"": ""dry"", ""optical"": ""dry"", ""dem_hydrology"": ""abstain""}"
HARV-00826,"4101 Coleridge Street, Houston, 77005",0.0,0.0,0.0,0.0,0.0,Remote-Deny,81,Deny remotely — no significant flooding detected by satellite,Satellite data at 4101 Coleridge Street indicates 0.0ft depth; remote-deny per 81% confidence.,1,1,0.0,"[{""factor"": ""SAR recency"", ""delta"": 8, ""reason"": ""Imagery 3d post-event \u2014 fresh""}, {""factor"": ""Depth certainty"", ""delta"": 10, ""reason"": ""Near-zero depth \u2014 confidently not flooded""}, {""factor"": ""Coverage coherence"", ""delta"": 7, ""reason"": ""0% coverage \u2014 confidently dry""}, {""factor"": ""Urban SAR shadow"", ""delta"": -15, ""reason"": ""Dense urban area \u2014 radar shadow can mimic water""}, {""factor"": ""Optical cross-check"", ""delta"": 6, ""reason"": ""Sentinel-2 confirms dry ground \u2014 sensors agree""}]",0,,"{""sar"": ""dry"", ""optical"": ""dry"", ""dem_hydrology"": ""flood""}"
HARV-00827,"2301 Watts Street, Houston, TX, 77030",0.0,0.0,0.0,0.0,0.0,Remote-Deny,81,Deny remotely — no significant flooding detected by satellite,Satellite data at 2301 Watts Street indicates 0.0ft depth; remote-deny per 81% confidence.,1,1,0.0,"[{""factor"": ""SAR recency"", ""delta"": 8, ""reason"": ""Imagery 3d post-event \u2014 fresh""}, {""factor"": ""Depth certainty"", ""delta"": 10, ""reason"": ""Near-zero depth \u2014 confidently not flooded""}, {""factor"": ""Coverage coherence"", ""delta"": 7, ""reason"": ""0% coverage \u2014 confidently dry""}, {""factor"": ""Urban SAR shadow"", ""delta"": -15, ""reason"": ""Dense urban area \u2014 radar shadow can mimic water""}, {""factor"": ""Optical cross-check"", ""delta"": 6, ""reason"": ""Sentinel-2 confirms dry ground \u2014 sensors agree""}]",0,,"{""sar"": ""dry"", ""optical"": ""dry"", ""dem_hydrology"": ""flood""}"
HARV-00828,"2401 Watts Street, Houston, TX, 77030",0.0,0.0,0.0,0.0,0.0,Remote-Deny,81,Deny remotely — no significant flooding detected by satellite,Satellite data at 2401 Watts Street indicates 0.0ft depth; remote-deny per 81% confidence.,1,1,0.0,"[{""factor"": ""SAR recency"", ""delta"": 8, ""reason"": ""Imagery 3d post-event \u2014 fresh""}, {""factor"": ""Depth certainty"", ""delta"": 10, ""reason"": ""Near-zero depth \u2014 confidently not flooded""}, {""factor"": ""Coverage coherence"", ""delta"": 7, ""reason"": ""0% coverage \u2014 confidently dry""}, {""factor"": ""Urban SAR shadow"", ""delta"": -15, ""reason"": ""Dense urban area \u2014 radar shadow can mimic water""}, {""factor"": ""Optical cross-check"", ""delta"": 6, ""reason"": ""Sentinel-2 confirms dry ground \u2014 sensors agree""}]",0,,"{""sar"": ""dry"", ""optical"": ""dry"", ""dem_hydrology"": ""flood""}"
HARV-00829,"2313 Fountain View Drive, Houston, TX, 77057",0.0,0.0,0.0,0.0,0.0,Remote-Deny,81,Deny remotely — no significant flooding detected by satellite,Satellite data at 2313 Fountain View Drive indicates 0.0ft depth; remote-deny per 81% confidence.,1,1,0.0,"[{""factor"": ""SAR recency"", ""delta"": 8, ""reason"": ""Imagery 3d post-event \u2014 fresh""}, {""factor"": ""Depth certainty"", ""delta"": 10, ""reason"": ""Near-zero depth \u2014 confidently not flooded""}, {""factor"": ""Coverage coherence"", ""delta"": 7, ""reason"": ""0% coverage \u2014 confidently dry""}, {""factor"": ""Urban SAR shadow"", ""delta"": -15, ""reason"": ""Dense urban area \u2014 radar shadow can mimic water""}, {""factor"": ""Optical cross-check"", ""delta"": 6, ""reason"": ""Sentinel-2 confirms dry ground \u2014 sensors agree""}]",0,,"{""sar"": ""dry"", ""optical"": ""dry"", ""dem_hydrology"": ""flood""}"
HARV-00830,"5911 Inwood Drive, Houston, TX, 77057",0.0,0.0,0.0,0.0,0.0,Remote-Deny,81,Deny remotely — no significant flooding detected by satellite,Satellite data at 5911 Inwood Drive indicates 0.0ft depth; remote-deny per 81% confidence.,1,1,0.0,"[{""factor"": ""SAR recency"", ""delta"": 8, ""reason"": ""Imagery 3d post-event \u2014 fresh""}, {""factor"": ""Depth certainty"", ""delta"": 10, ""reason"": ""Near-zero depth \u2014 confidently not flooded""}, {""factor"": ""Coverage coherence"", ""delta"": 7, ""reason"": ""0% coverage \u2014 confidently dry""}, {""factor"": ""Urban SAR shadow"", ""delta"": -15, ""reason"": ""Dense urban area \u2014 radar shadow can mimic water""}, {""factor"": ""Optical cross-check"", ""delta"": 6, ""reason"": ""Sentinel-2 confirms dry ground \u2014 sensors agree""}]",0,,"{""sar"": ""dry"", ""optical"": ""dry"", ""dem_hydrology"": ""flood""}"
HARV-00831,"5901 Inwood Drive, Houston, TX, 77057",0.0,0.0,0.0,0.0,0.0,Remote-Deny,81,Deny remotely — no significant flooding detected by satellite,Satellite data at 5901 Inwood Drive indicates 0.0ft depth; remote-deny per 81% confidence.,1,1,0.0,"[{""factor"": ""SAR recency"", ""delta"": 8, ""reason"": ""Imagery 3d post-event \u2014 fresh""}, {""factor"": ""Depth certainty"", ""delta"": 10, ""reason"": ""Near-zero depth \u2014 confidently not flooded""}, {""factor"": ""Coverage coherence"", ""delta"": 7, ""reason"": ""0% coverage \u2014 confidently dry""}, {""factor"": ""Urban SAR shadow"", ""delta"": -15, ""reason"": ""Dense urban area \u2014 radar shadow can mimic water""}, {""factor"": ""Optical cross-check"", ""delta"": 6, ""reason"": ""Sentinel-2 confirms dry ground \u2014 sensors agree""}]",0,,"{""sar"": ""dry"", ""optical"": ""dry"", ""dem_hydrology"": ""flood""}"
HARV-00832,"2100 Fountain View Drive, Houston, TX, 77057",0.0,0.0,0.0,0.0,0.0,Remote-Deny,81,Deny remotely — no significant flooding detected by satellite,Satellite data at 2100 Fountain View Drive indicates 0.0ft depth; remote-deny per 81% confidence.,1,1,0.0,"[{""factor"": ""SAR recency"", ""delta"": 8, ""reason"": ""Imagery 3d post-event \u2014 fresh""}, {""factor"": ""Depth certainty"", ""delta"": 10, ""reason"": ""Near-zero depth \u2014 confidently not flooded""}, {""factor"": ""Coverage coherence"", ""delta"": 7, ""reason"": ""0% coverage \u2014 confidently dry""}, {""factor"": ""Urban SAR shadow"", ""delta"": -15, ""reason"": ""Dense urban area \u2014 radar shadow can mimic water""}, {""factor"": ""Optical cross-check"", ""delta"": 6, ""reason"": ""Sentinel-2 confirms dry ground \u2014 sensors agree""}]",0,,"{""sar"": ""dry"", ""optical"": ""dry"", ""dem_hydrology"": ""flood""}"
HARV-00833,"5909 Inwood Drive, Houston, TX, 77057",0.0,0.0,0.0,0.0,0.0,Remote-Deny,81,Deny remotely — no significant flooding detected by satellite,Satellite data at 5909 Inwood Drive indicates 0.0ft depth; remote-deny per 81% confidence.,1,1,0.0,"[{""factor"": ""SAR recency"", ""delta"": 8, ""reason"": ""Imagery 3d post-event \u2014 fresh""}, {""factor"": ""Depth certainty"", ""delta"": 10, ""reason"": ""Near-zero depth \u2014 confidently not flooded""}, {""factor"": ""Coverage coherence"", ""delta"": 7, ""reason"": ""0% coverage \u2014 confidently dry""}, {""factor"": ""Urban SAR shadow"", ""delta"": -15, ""reason"": ""Dense urban area \u2014 radar shadow can mimic water""}, {""factor"": ""Optical cross-check"", ""delta"": 6, ""reason"": ""Sentinel-2 confirms dry ground \u2014 sensors agree""}]",0,,"{""sar"": ""dry"", ""optical"": ""dry"", ""dem_hydrology"": ""flood""}"
HARV-00834,"5907 Inwood Drive, Houston, TX, 77057",0.0,0.0,0.0,0.0,0.0,Remote-Deny,81,Deny remotely — no significant flooding detected by satellite,Satellite data at 5907 Inwood Drive indicates 0.0ft depth; remote-deny per 81% confidence.,1,1,0.0,"[{""factor"": ""SAR recency"", ""delta"": 8, ""reason"": ""Imagery 3d post-event \u2014 fresh""}, {""factor"": ""Depth certainty"", ""delta"": 10, ""reason"": ""Near-zero depth \u2014 confidently not flooded""}, {""factor"": ""Coverage coherence"", ""delta"": 7, ""reason"": ""0% coverage \u2014 confidently dry""}, {""factor"": ""Urban SAR shadow"", ""delta"": -15, ""reason"": ""Dense urban area \u2014 radar shadow can mimic water""}, {""factor"": ""Optical cross-check"", ""delta"": 6, ""reason"": ""Sentinel-2 confirms dry ground \u2014 sensors agree""}]",0,,"{""sar"": ""dry"", ""optical"": ""dry"", ""dem_hydrology"": ""flood""}"
HARV-00835,"5905 Inwood Drive, Houston, TX, 77057",0.0,0.0,0.0,0.0,0.0,Remote-Deny,81,Deny remotely — no significant flooding detected by satellite,Satellite data at 5905 Inwood Drive indicates 0.0ft depth; remote-deny per 81% confidence.,1,1,0.0,"[{""factor"": ""SAR recency"", ""delta"": 8, ""reason"": ""Imagery 3d post-event \u2014 fresh""}, {""factor"": ""Depth certainty"", ""delta"": 10, ""reason"": ""Near-zero depth \u2014 confidently not flooded""}, {""factor"": ""Coverage coherence"", ""delta"": 7, ""reason"": ""0% coverage \u2014 confidently dry""}, {""factor"": ""Urban SAR shadow"", ""delta"": -15, ""reason"": ""Dense urban area \u2014 radar shadow can mimic water""}, {""factor"": ""Optical cross-check"", ""delta"": 6, ""reason"": ""Sentinel-2 confirms dry ground \u2014 sensors agree""}]",0,,"{""sar"": ""dry"", ""optical"": ""dry"", ""dem_hydrology"": ""flood""}"
HARV-00836,"5903 Inwood Drive, Houston, TX, 77057",0.0,0.0,0.0,0.0,0.0,Remote-Deny,81,Deny remotely — no significant flooding detected by satellite,Satellite data at 5903 Inwood Drive indicates 0.0ft depth; remote-deny per 81% confidence.,1,1,0.0,"[{""factor"": ""SAR recency"", ""delta"": 8, ""reason"": ""Imagery 3d post-event \u2014 fresh""}, {""factor"": ""Depth certainty"", ""delta"": 10, ""reason"": ""Near-zero depth \u2014 confidently not flooded""}, {""factor"": ""Coverage coherence"", ""delta"": 7, ""reason"": ""0% coverage \u2014 confidently dry""}, {""factor"": ""Urban SAR shadow"", ""delta"": -15, ""reason"": ""Dense urban area \u2014 radar shadow can mimic water""}, {""factor"": ""Optical cross-check"", ""delta"": 6, ""reason"": ""Sentinel-2 confirms dry ground \u2014 sensors agree""}]",0,,"{""sar"": ""dry"", ""optical"": ""dry"", ""dem_hydrology"": ""flood""}"
HARV-00837,"2120 Fountain View Drive, Houston, TX, 77057",0.0,0.0,0.0,0.0,0.0,Remote-Deny,81,Deny remotely — no significant flooding detected by satellite,Satellite data at 2120 Fountain View Drive indicates 0.0ft depth; remote-deny per 81% confidence.,1,1,0.0,"[{""factor"": ""SAR recency"", ""delta"": 8, ""reason"": ""Imagery 3d post-event \u2014 fresh""}, {""factor"": ""Depth certainty"", ""delta"": 10, ""reason"": ""Near-zero depth \u2014 confidently not flooded""}, {""factor"": ""Coverage coherence"", ""delta"": 7, ""reason"": ""0% coverage \u2014 confidently dry""}, {""factor"": ""Urban SAR shadow"", ""delta"": -15, ""reason"": ""Dense urban area \u2014 radar shadow can mimic water""}, {""factor"": ""Optical cross-check"", ""delta"": 6, ""reason"": ""Sentinel-2 confirms dry ground \u2014 sensors agree""}]",0,,"{""sar"": ""dry"", ""optical"": ""dry"", ""dem_hydrology"": ""flood""}"
HARV-00838,"2200 Fountain View Drive, Houston, TX, 77057",0.0,0.0,0.0,0.0,0.0,Remote-Deny,81,Deny remotely — no significant flooding detected by satellite,Satellite data at 2200 Fountain View Drive indicates 0.0ft depth; remote-deny per 81% confidence.,1,1,0.0,"[{""factor"": ""SAR recency"", ""delta"": 8, ""reason"": ""Imagery 3d post-event \u2014 fresh""}, {""factor"": ""Depth certainty"", ""delta"": 10, ""reason"": ""Near-zero depth \u2014 confidently not flooded""}, {""factor"": ""Coverage coherence"", ""delta"": 7, ""reason"": ""0% coverage \u2014 confidently dry""}, {""factor"": ""Urban SAR shadow"", ""delta"": -15, ""reason"": ""Dense urban area \u2014 radar shadow can mimic water""}, {""factor"": ""Optical cross-check"", ""delta"": 6, ""reason"": ""Sentinel-2 confirms dry ground \u2014 sensors agree""}]",0,,"{""sar"": ""dry"", ""optical"": ""dry"", ""dem_hydrology"": ""flood""}"
HARV-00839,"2300 Fountain View Drive, Houston, TX, 77057",0.0,0.0,0.0,0.0,0.0,Remote-Deny,81,Deny remotely — no significant flooding detected by satellite,Satellite data at 2300 Fountain View Drive indicates 0.0ft depth; remote-deny per 81% confidence.,1,1,0.0,"[{""factor"": ""SAR recency"", ""delta"": 8, ""reason"": ""Imagery 3d post-event \u2014 fresh""}, {""factor"": ""Depth certainty"", ""delta"": 10, ""reason"": ""Near-zero depth \u2014 confidently not flooded""}, {""factor"": ""Coverage coherence"", ""delta"": 7, ""reason"": ""0% coverage \u2014 confidently dry""}, {""factor"": ""Urban SAR shadow"", ""delta"": -15, ""reason"": ""Dense urban area \u2014 radar shadow can mimic water""}, {""factor"": ""Optical cross-check"", ""delta"": 6, ""reason"": ""Sentinel-2 confirms dry ground \u2014 sensors agree""}]",0,,"{""sar"": ""dry"", ""optical"": ""dry"", ""dem_hydrology"": ""flood""}"
HARV-00840,"2310 Fountain View Drive, Houston, TX, 77057",0.0,0.0,0.0,0.0,0.0,Remote-Deny,81,Deny remotely — no significant flooding detected by satellite,Satellite data at 2310 Fountain View Drive indicates 0.0ft depth; remote-deny per 81% confidence.,1,1,0.0,"[{""factor"": ""SAR recency"", ""delta"": 8, ""reason"": ""Imagery 3d post-event \u2014 fresh""}, {""factor"": ""Depth certainty"", ""delta"": 10, ""reason"": ""Near-zero depth \u2014 confidently not flooded""}, {""factor"": ""Coverage coherence"", ""delta"": 7, ""reason"": ""0% coverage \u2014 confidently dry""}, {""factor"": ""Urban SAR shadow"", ""delta"": -15, ""reason"": ""Dense urban area \u2014 radar shadow can mimic water""}, {""factor"": ""Optical cross-check"", ""delta"": 6, ""reason"": ""Sentinel-2 confirms dry ground \u2014 sensors agree""}]",0,,"{""sar"": ""dry"", ""optical"": ""dry"", ""dem_hydrology"": ""flood""}"
HARV-00841,"2312 Fountain View Drive, Houston, TX, 77057",0.0,0.0,0.0,0.0,0.0,Remote-Deny,81,Deny remotely — no significant flooding detected by satellite,Satellite data at 2312 Fountain View Drive indicates 0.0ft depth; remote-deny per 81% confidence.,1,1,0.0,"[{""factor"": ""SAR recency"", ""delta"": 8, ""reason"": ""Imagery 3d post-event \u2014 fresh""}, {""factor"": ""Depth certainty"", ""delta"": 10, ""reason"": ""Near-zero depth \u2014 confidently not flooded""}, {""factor"": ""Coverage coherence"", ""delta"": 7, ""reason"": ""0% coverage \u2014 confidently dry""}, {""factor"": ""Urban SAR shadow"", ""delta"": -15, ""reason"": ""Dense urban area \u2014 radar shadow can mimic water""}, {""factor"": ""Optical cross-check"", ""delta"": 6, ""reason"": ""Sentinel-2 confirms dry ground \u2014 sensors agree""}]",0,,"{""sar"": ""dry"", ""optical"": ""dry"", ""dem_hydrology"": ""flood""}"
HARV-00842,"5900 Burgoyne Road, Houston, TX, 77057",0.0,0.0,0.0,0.0,0.0,Remote-Deny,81,Deny remotely — no significant flooding detected by satellite,Satellite data at 5900 Burgoyne Road indicates 0.0ft depth; remote-deny per 81% confidence.,1,1,0.0,"[{""factor"": ""SAR recency"", ""delta"": 8, ""reason"": ""Imagery 3d post-event \u2014 fresh""}, {""factor"": ""Depth certainty"", ""delta"": 10, ""reason"": ""Near-zero depth \u2014 confidently not flooded""}, {""factor"": ""Coverage coherence"", ""delta"": 7, ""reason"": ""0% coverage \u2014 confidently dry""}, {""factor"": ""Urban SAR shadow"", ""delta"": -15, ""reason"": ""Dense urban area \u2014 radar shadow can mimic water""}, {""factor"": ""Optical cross-check"", ""delta"": 6, ""reason"": ""Sentinel-2 confirms dry ground \u2014 sensors agree""}]",0,,"{""sar"": ""dry"", ""optical"": ""dry"", ""dem_hydrology"": ""flood""}"
HARV-00843,"5904 Burgoyne Road, Houston, TX, 77057",0.0,0.0,0.0,0.0,0.0,Remote-Deny,81,Deny remotely — no significant flooding detected by satellite,Satellite data at 5904 Burgoyne Road indicates 0.0ft depth; remote-deny per 81% confidence.,1,1,0.0,"[{""factor"": ""SAR recency"", ""delta"": 8, ""reason"": ""Imagery 3d post-event \u2014 fresh""}, {""factor"": ""Depth certainty"", ""delta"": 10, ""reason"": ""Near-zero depth \u2014 confidently not flooded""}, {""factor"": ""Coverage coherence"", ""delta"": 7, ""reason"": ""0% coverage \u2014 confidently dry""}, {""factor"": ""Urban SAR shadow"", ""delta"": -15, ""reason"": ""Dense urban area \u2014 radar shadow can mimic water""}, {""factor"": ""Optical cross-check"", ""delta"": 6, ""reason"": ""Sentinel-2 confirms dry ground \u2014 sensors agree""}]",0,,"{""sar"": ""dry"", ""optical"": ""dry"", ""dem_hydrology"": ""flood""}"
HARV-00844,"5902 Burgoyne Road, Houston, TX, 77057",0.0,0.0,0.0,0.0,0.0,Remote-Deny,81,Deny remotely — no significant flooding detected by satellite,Satellite data at 5902 Burgoyne Road indicates 0.0ft depth; remote-deny per 81% confidence.,1,1,0.0,"[{""factor"": ""SAR recency"", ""delta"": 8, ""reason"": ""Imagery 3d post-event \u2014 fresh""}, {""factor"": ""Depth certainty"", ""delta"": 10, ""reason"": ""Near-zero depth \u2014 confidently not flooded""}, {""factor"": ""Coverage coherence"", ""delta"": 7, ""reason"": ""0% coverage \u2014 confidently dry""}, {""factor"": ""Urban SAR shadow"", ""delta"": -15, ""reason"": ""Dense urban area \u2014 radar shadow can mimic water""}, {""factor"": ""Optical cross-check"", ""delta"": 6, ""reason"": ""Sentinel-2 confirms dry ground \u2014 sensors agree""}]",0,,"{""sar"": ""dry"", ""optical"": ""dry"", ""dem_hydrology"": ""flood""}"
HARV-00845,"5906 Burgoyne Road, Houston, TX, 77057",0.0,0.0,0.0,0.0,0.0,Remote-Deny,81,Deny remotely — no significant flooding detected by satellite,Satellite data at 5906 Burgoyne Road indicates 0.0ft depth; remote-deny per 81% confidence.,1,1,0.0,"[{""factor"": ""SAR recency"", ""delta"": 8, ""reason"": ""Imagery 3d post-event \u2014 fresh""}, {""factor"": ""Depth certainty"", ""delta"": 10, ""reason"": ""Near-zero depth \u2014 confidently not flooded""}, {""factor"": ""Coverage coherence"", ""delta"": 7, ""reason"": ""0% coverage \u2014 confidently dry""}, {""factor"": ""Urban SAR shadow"", ""delta"": -15, ""reason"": ""Dense urban area \u2014 radar shadow can mimic water""}, {""factor"": ""Optical cross-check"", ""delta"": 6, ""reason"": ""Sentinel-2 confirms dry ground \u2014 sensors agree""}]",0,,"{""sar"": ""dry"", ""optical"": ""dry"", ""dem_hydrology"": ""flood""}"
HARV-00846,"5910 Burgoyne Road, Houston, TX, 77057",0.0,0.0,0.0,0.0,0.0,Remote-Deny,81,Deny remotely — no significant flooding detected by satellite,Satellite data at 5910 Burgoyne Road indicates 0.0ft depth; remote-deny per 81% confidence.,1,1,0.0,"[{""factor"": ""SAR recency"", ""delta"": 8, ""reason"": ""Imagery 3d post-event \u2014 fresh""}, {""factor"": ""Depth certainty"", ""delta"": 10, ""reason"": ""Near-zero depth \u2014 confidently not flooded""}, {""factor"": ""Coverage coherence"", ""delta"": 7, ""reason"": ""0% coverage \u2014 confidently dry""}, {""factor"": ""Urban SAR shadow"", ""delta"": -15, ""reason"": ""Dense urban area \u2014 radar shadow can mimic water""}, {""factor"": ""Optical cross-check"", ""delta"": 6, ""reason"": ""Sentinel-2 confirms dry ground \u2014 sensors agree""}]",0,,"{""sar"": ""dry"", ""optical"": ""dry"", ""dem_hydrology"": ""flood""}"
HARV-00847,"5908 Burgoyne Road, Houston, TX, 77057",0.0,0.0,0.0,0.0,0.0,Remote-Deny,81,Deny remotely — no significant flooding detected by satellite,Satellite data at 5908 Burgoyne Road indicates 0.0ft depth; remote-deny per 81% confidence.,1,1,0.0,"[{""factor"": ""SAR recency"", ""delta"": 8, ""reason"": ""Imagery 3d post-event \u2014 fresh""}, {""factor"": ""Depth certainty"", ""delta"": 10, ""reason"": ""Near-zero depth \u2014 confidently not flooded""}, {""factor"": ""Coverage coherence"", ""delta"": 7, ""reason"": ""0% coverage \u2014 confidently dry""}, {""factor"": ""Urban SAR shadow"", ""delta"": -15, ""reason"": ""Dense urban area \u2014 radar shadow can mimic water""}, {""factor"": ""Optical cross-check"", ""delta"": 6, ""reason"": ""Sentinel-2 confirms dry ground \u2014 sensors agree""}]",0,,"{""sar"": ""dry"", ""optical"": ""dry"", ""dem_hydrology"": ""flood""}"
HARV-00848,"2020 Fountain View Drive, Houston, TX, 77057",0.0,0.0,0.0,0.0,0.0,Remote-Deny,81,Deny remotely — no significant flooding detected by satellite,Satellite data at 2020 Fountain View Drive indicates 0.0ft depth; remote-deny per 81% confidence.,1,1,0.0,"[{""factor"": ""SAR recency"", ""delta"": 8, ""reason"": ""Imagery 3d post-event \u2014 fresh""}, {""factor"": ""Depth certainty"", ""delta"": 10, ""reason"": ""Near-zero depth \u2014 confidently not flooded""}, {""factor"": ""Coverage coherence"", ""delta"": 7, ""reason"": ""0% coverage \u2014 confidently dry""}, {""factor"": ""Urban SAR shadow"", ""delta"": -15, ""reason"": ""Dense urban area \u2014 radar shadow can mimic water""}, {""factor"": ""Optical cross-check"", ""delta"": 6, ""reason"": ""Sentinel-2 confirms dry ground \u2014 sensors agree""}]",0,,"{""sar"": ""dry"", ""optical"": ""dry"", ""dem_hydrology"": ""flood""}"
HARV-00849,"1940 Fountain View Drive, Houston, TX, 77057",0.0,0.0,0.0,0.0,0.0,Remote-Deny,81,Deny remotely — no significant flooding detected by satellite,Satellite data at 1940 Fountain View Drive indicates 0.0ft depth; remote-deny per 81% confidence.,1,1,0.0,"[{""factor"": ""SAR recency"", ""delta"": 8, ""reason"": ""Imagery 3d post-event \u2014 fresh""}, {""factor"": ""Depth certainty"", ""delta"": 10, ""reason"": ""Near-zero depth \u2014 confidently not flooded""}, {""factor"": ""Coverage coherence"", ""delta"": 7, ""reason"": ""0% coverage \u2014 confidently dry""}, {""factor"": ""Urban SAR shadow"", ""delta"": -15, ""reason"": ""Dense urban area \u2014 radar shadow can mimic water""}, {""factor"": ""Optical cross-check"", ""delta"": 6, ""reason"": ""Sentinel-2 confirms dry ground \u2014 sensors agree""}]",0,,"{""sar"": ""dry"", ""optical"": ""dry"", ""dem_hydrology"": ""flood""}"
HARV-00850,"1920 Fountain View Drive, Houston, TX, 77057",0.0,0.0,0.0,0.0,0.0,Remote-Deny,81,Deny remotely — no significant flooding detected by satellite,Satellite data at 1920 Fountain View Drive indicates 0.0ft depth; remote-deny per 81% confidence.,1,1,0.0,"[{""factor"": ""SAR recency"", ""delta"": 8, ""reason"": ""Imagery 3d post-event \u2014 fresh""}, {""factor"": ""Depth certainty"", ""delta"": 10, ""reason"": ""Near-zero depth \u2014 confidently not flooded""}, {""factor"": ""Coverage coherence"", ""delta"": 7, ""reason"": ""0% coverage \u2014 confidently dry""}, {""factor"": ""Urban SAR shadow"", ""delta"": -15, ""reason"": ""Dense urban area \u2014 radar shadow can mimic water""}, {""factor"": ""Optical cross-check"", ""delta"": 6, ""reason"": ""Sentinel-2 confirms dry ground \u2014 sensors agree""}]",0,,"{""sar"": ""dry"", ""optical"": ""dry"", ""dem_hydrology"": ""flood""}"
HARV-00851,"1922 Fountain View Drive, Houston, TX, 77057",0.0,0.0,0.0,0.0,0.0,Remote-Deny,81,Deny remotely — no significant flooding detected by satellite,Satellite data at 1922 Fountain View Drive indicates 0.0ft depth; remote-deny per 81% confidence.,1,1,0.0,"[{""factor"": ""SAR recency"", ""delta"": 8, ""reason"": ""Imagery 3d post-event \u2014 fresh""}, {""factor"": ""Depth certainty"", ""delta"": 10, ""reason"": ""Near-zero depth \u2014 confidently not flooded""}, {""factor"": ""Coverage coherence"", ""delta"": 7, ""reason"": ""0% coverage \u2014 confidently dry""}, {""factor"": ""Urban SAR shadow"", ""delta"": -15, ""reason"": ""Dense urban area \u2014 radar shadow can mimic water""}, {""factor"": ""Optical cross-check"", ""delta"": 6, ""reason"": ""Sentinel-2 confirms dry ground \u2014 sensors agree""}]",0,,"{""sar"": ""dry"", ""optical"": ""dry"", ""dem_hydrology"": ""flood""}"
HARV-00852,"5851 Westheimer Road, Houston, TX",0.0,0.0,0.0,0.0,0.0,Remote-Deny,81,Deny remotely — no significant flooding detected by satellite,Satellite data at 5851 Westheimer Road indicates 0.0ft depth; remote-deny per 81% confidence.,1,1,0.0,"[{""factor"": ""SAR recency"", ""delta"": 8, ""reason"": ""Imagery 3d post-event \u2014 fresh""}, {""factor"": ""Depth certainty"", ""delta"": 10, ""reason"": ""Near-zero depth \u2014 confidently not flooded""}, {""factor"": ""Coverage coherence"", ""delta"": 7, ""reason"": ""0% coverage \u2014 confidently dry""}, {""factor"": ""Urban SAR shadow"", ""delta"": -15, ""reason"": ""Dense urban area \u2014 radar shadow can mimic water""}, {""factor"": ""Optical cross-check"", ""delta"": 6, ""reason"": ""Sentinel-2 confirms dry ground \u2014 sensors agree""}]",0,,"{""sar"": ""dry"", ""optical"": ""dry"", ""dem_hydrology"": ""flood""}"
HARV-00853,"4444 Westheimer Road, Houston, TX, 77027",0.0,0.0,0.0,0.0,0.0,Remote-Deny,81,Deny remotely — no significant flooding detected by satellite,Satellite data at 4444 Westheimer Road indicates 0.0ft depth; remote-deny per 81% confidence.,1,1,0.0114,"[{""factor"": ""SAR recency"", ""delta"": 8, ""reason"": ""Imagery 3d post-event \u2014 fresh""}, {""factor"": ""Depth certainty"", ""delta"": 10, ""reason"": ""Near-zero depth \u2014 confidently not flooded""}, {""factor"": ""Coverage coherence"", ""delta"": 7, ""reason"": ""0% coverage \u2014 confidently dry""}, {""factor"": ""Urban SAR shadow"", ""delta"": -15, ""reason"": ""Dense urban area \u2014 radar shadow can mimic water""}, {""factor"": ""Optical cross-check"", ""delta"": 6, ""reason"": ""Sentinel-2 confirms dry ground \u2014 sensors agree""}]",0,,"{""sar"": ""dry"", ""optical"": ""dry"", ""dem_hydrology"": ""flood""}"
HARV-00854,"10550 S. Sam Houston Parkway W., Houston, TX, 77071",0.0,0.0,0.0,0.0,0.0,Remote-Deny,81,Deny remotely — no significant flooding detected by satellite,Satellite data at 10550 S. Sam Houston Parkway W. indicates 0.0ft depth; remote-deny per 81% confidence.,1,1,0.0,"[{""factor"": ""SAR recency"", ""delta"": 8, ""reason"": ""Imagery 3d post-event \u2014 fresh""}, {""factor"": ""Depth certainty"", ""delta"": 10, ""reason"": ""Near-zero depth \u2014 confidently not flooded""}, {""factor"": ""Coverage coherence"", ""delta"": 7, ""reason"": ""0% coverage \u2014 confidently dry""}, {""factor"": ""Urban SAR shadow"", ""delta"": -15, ""reason"": ""Dense urban area \u2014 radar shadow can mimic water""}, {""factor"": ""Optical cross-check"", ""delta"": 6, ""reason"": ""Sentinel-2 confirms dry ground \u2014 sensors agree""}]",0,,"{""sar"": ""dry"", ""optical"": ""dry"", ""dem_hydrology"": ""abstain""}"
HARV-00855,"2003 West Alabama Street, Houston, TX",0.0,0.0,0.0,0.0,0.0,Remote-Deny,81,Deny remotely — no significant flooding detected by satellite,Satellite data at 2003 West Alabama Street indicates 0.0ft depth; remote-deny per 81% confidence.,1,1,0.0,"[{""factor"": ""SAR recency"", ""delta"": 8, ""reason"": ""Imagery 3d post-event \u2014 fresh""}, {""factor"": ""Depth certainty"", ""delta"": 10, ""reason"": ""Near-zero depth \u2014 confidently not flooded""}, {""factor"": ""Coverage coherence"", ""delta"": 7, ""reason"": ""0% coverage \u2014 confidently dry""}, {""factor"": ""Urban SAR shadow"", ""delta"": -15, ""reason"": ""Dense urban area \u2014 radar shadow can mimic water""}, {""factor"": ""Optical cross-check"", ""delta"": 6, ""reason"": ""Sentinel-2 confirms dry ground \u2014 sensors agree""}]",0,,"{""sar"": ""dry"", ""optical"": ""dry"", ""dem_hydrology"": ""flood""}"
HARV-00856,"1705 Post Oak Boulevard, Houston, TX, 77056",0.0,0.0,0.0,0.0,0.0,Review,75,Flag for manual review — borderline measurements or low confidence,Satellite data at 1705 Post Oak Boulevard indicates 0.0ft depth; review per 75% confidence.,1,1,0.2121,"[{""factor"": ""SAR recency"", ""delta"": 8, ""reason"": ""Imagery 3d post-event \u2014 fresh""}, {""factor"": ""Depth certainty"", ""delta"": 10, ""reason"": ""Near-zero depth \u2014 confidently not flooded""}, {""factor"": ""Coverage coherence"", ""delta"": 7, ""reason"": ""0% coverage \u2014 confidently dry""}, {""factor"": ""Urban SAR shadow"", ""delta"": -15, ""reason"": ""Dense urban area \u2014 radar shadow can mimic water""}]",1,Sensors disagree: optical indicate flooding while SAR indicate dry/implausible — routed to manual review.,"{""sar"": ""dry"", ""optical"": ""flood"", ""dem_hydrology"": ""abstain""}"
HARV-00857,"1055 West Sam Houston Parkway North, Houston, TX, 77043",0.0,0.0,0.0,0.0,0.0,Remote-Deny,81,Deny remotely — no significant flooding detected by satellite,Satellite data at 1055 West Sam Houston Parkway North indicates 0.0ft depth; remote-deny per 81% confidence.,1,1,0.0,"[{""factor"": ""SAR recency"", ""delta"": 8, ""reason"": ""Imagery 3d post-event \u2014 fresh""}, {""factor"": ""Depth certainty"", ""delta"": 10, ""reason"": ""Near-zero depth \u2014 confidently not flooded""}, {""factor"": ""Coverage coherence"", ""delta"": 7, ""reason"": ""0% coverage \u2014 confidently dry""}, {""factor"": ""Urban SAR shadow"", ""delta"": -15, ""reason"": ""Dense urban area \u2014 radar shadow can mimic water""}, {""factor"": ""Optical cross-check"", ""delta"": 6, ""reason"": ""Sentinel-2 confirms dry ground \u2014 sensors agree""}]",0,,"{""sar"": ""dry"", ""optical"": ""dry"", ""dem_hydrology"": ""dry""}"
HARV-00858,"826 East 14th Street, Houston, TX, 77008",0.0,0.0,0.0,0.0,0.0,Remote-Deny,81,Deny remotely — no significant flooding detected by satellite,Satellite data at 826 East 14th Street indicates 0.0ft depth; remote-deny per 81% confidence.,1,1,0.0,"[{""factor"": ""SAR recency"", ""delta"": 8, ""reason"": ""Imagery 3d post-event \u2014 fresh""}, {""factor"": ""Depth certainty"", ""delta"": 10, ""reason"": ""Near-zero depth \u2014 confidently not flooded""}, {""factor"": ""Coverage coherence"", ""delta"": 7, ""reason"": ""0% coverage \u2014 confidently dry""}, {""factor"": ""Urban SAR shadow"", ""delta"": -15, ""reason"": ""Dense urban area \u2014 radar shadow can mimic water""}, {""factor"": ""Optical cross-check"", ""delta"": 6, ""reason"": ""Sentinel-2 confirms dry ground \u2014 sensors agree""}]",0,,"{""sar"": ""dry"", ""optical"": ""dry"", ""dem_hydrology"": ""abstain""}"
HARV-00859,"1909a Taylor Street, Houston, TX",0.0,0.0,0.0,0.0,0.0,Review,75,Flag for manual review — borderline measurements or low confidence,Satellite data at 1909a Taylor Street indicates 0.0ft depth; review per 75% confidence.,1,1,0.1543,"[{""factor"": ""SAR recency"", ""delta"": 8, ""reason"": ""Imagery 3d post-event \u2014 fresh""}, {""factor"": ""Depth certainty"", ""delta"": 10, ""reason"": ""Near-zero depth \u2014 confidently not flooded""}, {""factor"": ""Coverage coherence"", ""delta"": 7, ""reason"": ""0% coverage \u2014 confidently dry""}, {""factor"": ""Urban SAR shadow"", ""delta"": -15, ""reason"": ""Dense urban area \u2014 radar shadow can mimic water""}]",1,Sensors disagree: optical indicate flooding while SAR indicate dry/implausible — routed to manual review.,"{""sar"": ""dry"", ""optical"": ""flood"", ""dem_hydrology"": ""abstain""}"
HARV-00860,"1909b Taylor Street, Houston, TX",0.0,0.0,0.0,0.0,0.0,Review,75,Flag for manual review — borderline measurements or low confidence,Satellite data at 1909b Taylor Street indicates 0.0ft depth; review per 75% confidence.,1,1,0.1633,"[{""factor"": ""SAR recency"", ""delta"": 8, ""reason"": ""Imagery 3d post-event \u2014 fresh""}, {""factor"": ""Depth certainty"", ""delta"": 10, ""reason"": ""Near-zero depth \u2014 confidently not flooded""}, {""factor"": ""Coverage coherence"", ""delta"": 7, ""reason"": ""0% coverage \u2014 confidently dry""}, {""factor"": ""Urban SAR shadow"", ""delta"": -15, ""reason"": ""Dense urban area \u2014 radar shadow can mimic water""}]",1,Sensors disagree: optical indicate flooding while SAR indicate dry/implausible — routed to manual review.,"{""sar"": ""dry"", ""optical"": ""flood"", ""dem_hydrology"": ""abstain""}"
HARV-00861,"1911d Taylor Street, Houston, TX",0.0,0.0,0.0,0.0,0.0,Review,75,Flag for manual review — borderline measurements or low confidence,Satellite data at 1911d Taylor Street indicates 0.0ft depth; review per 75% confidence.,1,1,0.1162,"[{""factor"": ""SAR recency"", ""delta"": 8, ""reason"": ""Imagery 3d post-event \u2014 fresh""}, {""factor"": ""Depth certainty"", ""delta"": 10, ""reason"": ""Near-zero depth \u2014 confidently not flooded""}, {""factor"": ""Coverage coherence"", ""delta"": 7, ""reason"": ""0% coverage \u2014 confidently dry""}, {""factor"": ""Urban SAR shadow"", ""delta"": -15, ""reason"": ""Dense urban area \u2014 radar shadow can mimic water""}]",1,Sensors disagree: optical indicate flooding while SAR indicate dry/implausible — routed to manual review.,"{""sar"": ""dry"", ""optical"": ""flood"", ""dem_hydrology"": ""abstain""}"
HARV-00862,"1911b Taylor Street, Houston, TX",0.0,0.0,0.0,0.0,0.0,Review,75,Flag for manual review — borderline measurements or low confidence,Satellite data at 1911b Taylor Street indicates 0.0ft depth; review per 75% confidence.,1,1,0.116,"[{""factor"": ""SAR recency"", ""delta"": 8, ""reason"": ""Imagery 3d post-event \u2014 fresh""}, {""factor"": ""Depth certainty"", ""delta"": 10, ""reason"": ""Near-zero depth \u2014 confidently not flooded""}, {""factor"": ""Coverage coherence"", ""delta"": 7, ""reason"": ""0% coverage \u2014 confidently dry""}, {""factor"": ""Urban SAR shadow"", ""delta"": -15, ""reason"": ""Dense urban area \u2014 radar shadow can mimic water""}]",1,"Sensors disagree: optical indicate flooding while SAR, DEM-hydrology indicate dry/implausible — routed to manual review.","{""sar"": ""dry"", ""optical"": ""flood"", ""dem_hydrology"": ""dry""}"
HARV-00863,"1911e Taylor Street, Houston, TX",0.0,0.0,0.0,0.0,0.0,Review,75,Flag for manual review — borderline measurements or low confidence,Satellite data at 1911e Taylor Street indicates 0.0ft depth; review per 75% confidence.,1,1,0.1164,"[{""factor"": ""SAR recency"", ""delta"": 8, ""reason"": ""Imagery 3d post-event \u2014 fresh""}, {""factor"": ""Depth certainty"", ""delta"": 10, ""reason"": ""Near-zero depth \u2014 confidently not flooded""}, {""factor"": ""Coverage coherence"", ""delta"": 7, ""reason"": ""0% coverage \u2014 confidently dry""}, {""factor"": ""Urban SAR shadow"", ""delta"": -15, ""reason"": ""Dense urban area \u2014 radar shadow can mimic water""}]",1,Sensors disagree: optical indicate flooding while SAR indicate dry/implausible — routed to manual review.,"{""sar"": ""dry"", ""optical"": ""flood"", ""dem_hydrology"": ""abstain""}"
HARV-00864,"1911c Taylor Street, Houston, TX",0.0,0.0,0.0,0.0,0.0,Review,75,Flag for manual review — borderline measurements or low confidence,Satellite data at 1911c Taylor Street indicates 0.0ft depth; review per 75% confidence.,1,1,0.1164,"[{""factor"": ""SAR recency"", ""delta"": 8, ""reason"": ""Imagery 3d post-event \u2014 fresh""}, {""factor"": ""Depth certainty"", ""delta"": 10, ""reason"": ""Near-zero depth \u2014 confidently not flooded""}, {""factor"": ""Coverage coherence"", ""delta"": 7, ""reason"": ""0% coverage \u2014 confidently dry""}, {""factor"": ""Urban SAR shadow"", ""delta"": -15, ""reason"": ""Dense urban area \u2014 radar shadow can mimic water""}]",1,"Sensors disagree: optical indicate flooding while SAR, DEM-hydrology indicate dry/implausible — routed to manual review.","{""sar"": ""dry"", ""optical"": ""flood"", ""dem_hydrology"": ""dry""}"
HARV-00865,"6611 Kirby Drive, Houston, TX",0.0,0.0,0.0,0.0,0.0,Remote-Deny,81,Deny remotely — no significant flooding detected by satellite,Satellite data at 6611 Kirby Drive indicates 0.0ft depth; remote-deny per 81% confidence.,1,1,0.0,"[{""factor"": ""SAR recency"", ""delta"": 8, ""reason"": ""Imagery 3d post-event \u2014 fresh""}, {""factor"": ""Depth certainty"", ""delta"": 10, ""reason"": ""Near-zero depth \u2014 confidently not flooded""}, {""factor"": ""Coverage coherence"", ""delta"": 7, ""reason"": ""0% coverage \u2014 confidently dry""}, {""factor"": ""Urban SAR shadow"", ""delta"": -15, ""reason"": ""Dense urban area \u2014 radar shadow can mimic water""}, {""factor"": ""Optical cross-check"", ""delta"": 6, ""reason"": ""Sentinel-2 confirms dry ground \u2014 sensors agree""}]",0,,"{""sar"": ""dry"", ""optical"": ""dry"", ""dem_hydrology"": ""flood""}"
HARV-00866,"6609 Kirby Drive, Houston, TX",0.0,0.0,0.0,0.0,0.0,Remote-Deny,81,Deny remotely — no significant flooding detected by satellite,Satellite data at 6609 Kirby Drive indicates 0.0ft depth; remote-deny per 81% confidence.,1,1,0.0,"[{""factor"": ""SAR recency"", ""delta"": 8, ""reason"": ""Imagery 3d post-event \u2014 fresh""}, {""factor"": ""Depth certainty"", ""delta"": 10, ""reason"": ""Near-zero depth \u2014 confidently not flooded""}, {""factor"": ""Coverage coherence"", ""delta"": 7, ""reason"": ""0% coverage \u2014 confidently dry""}, {""factor"": ""Urban SAR shadow"", ""delta"": -15, ""reason"": ""Dense urban area \u2014 radar shadow can mimic water""}, {""factor"": ""Optical cross-check"", ""delta"": 6, ""reason"": ""Sentinel-2 confirms dry ground \u2014 sensors agree""}]",0,,"{""sar"": ""dry"", ""optical"": ""dry"", ""dem_hydrology"": ""flood""}"
HARV-00867,"6607 Kirby Drive, Houston, TX",0.0,0.0,0.0,0.0,0.0,Remote-Deny,81,Deny remotely — no significant flooding detected by satellite,Satellite data at 6607 Kirby Drive indicates 0.0ft depth; remote-deny per 81% confidence.,1,1,0.0,"[{""factor"": ""SAR recency"", ""delta"": 8, ""reason"": ""Imagery 3d post-event \u2014 fresh""}, {""factor"": ""Depth certainty"", ""delta"": 10, ""reason"": ""Near-zero depth \u2014 confidently not flooded""}, {""factor"": ""Coverage coherence"", ""delta"": 7, ""reason"": ""0% coverage \u2014 confidently dry""}, {""factor"": ""Urban SAR shadow"", ""delta"": -15, ""reason"": ""Dense urban area \u2014 radar shadow can mimic water""}, {""factor"": ""Optical cross-check"", ""delta"": 6, ""reason"": ""Sentinel-2 confirms dry ground \u2014 sensors agree""}]",0,,"{""sar"": ""dry"", ""optical"": ""dry"", ""dem_hydrology"": ""flood""}"
HARV-00868,"6603b Kirby Drive, Houston, TX",0.0,0.0,0.0,0.0,0.0,Remote-Deny,81,Deny remotely — no significant flooding detected by satellite,Satellite data at 6603b Kirby Drive indicates 0.0ft depth; remote-deny per 81% confidence.,1,1,0.0,"[{""factor"": ""SAR recency"", ""delta"": 8, ""reason"": ""Imagery 3d post-event \u2014 fresh""}, {""factor"": ""Depth certainty"", ""delta"": 10, ""reason"": ""Near-zero depth \u2014 confidently not flooded""}, {""factor"": ""Coverage coherence"", ""delta"": 7, ""reason"": ""0% coverage \u2014 confidently dry""}, {""factor"": ""Urban SAR shadow"", ""delta"": -15, ""reason"": ""Dense urban area \u2014 radar shadow can mimic water""}, {""factor"": ""Optical cross-check"", ""delta"": 6, ""reason"": ""Sentinel-2 confirms dry ground \u2014 sensors agree""}]",0,,"{""sar"": ""dry"", ""optical"": ""dry"", ""dem_hydrology"": ""flood""}"
HARV-00869,"6601 Kirby Drive, Houston, TX",0.0,0.0,0.0,0.0,0.0,Remote-Deny,81,Deny remotely — no significant flooding detected by satellite,Satellite data at 6601 Kirby Drive indicates 0.0ft depth; remote-deny per 81% confidence.,1,1,0.0,"[{""factor"": ""SAR recency"", ""delta"": 8, ""reason"": ""Imagery 3d post-event \u2014 fresh""}, {""factor"": ""Depth certainty"", ""delta"": 10, ""reason"": ""Near-zero depth \u2014 confidently not flooded""}, {""factor"": ""Coverage coherence"", ""delta"": 7, ""reason"": ""0% coverage \u2014 confidently dry""}, {""factor"": ""Urban SAR shadow"", ""delta"": -15, ""reason"": ""Dense urban area \u2014 radar shadow can mimic water""}, {""factor"": ""Optical cross-check"", ""delta"": 6, ""reason"": ""Sentinel-2 confirms dry ground \u2014 sensors agree""}]",0,,"{""sar"": ""dry"", ""optical"": ""dry"", ""dem_hydrology"": ""flood""}"
HARV-00870,"6750 West Loop South, Bellaire, TX, 77401",0.0,0.0,0.0,0.0,0.0,Remote-Deny,81,Deny remotely — no significant flooding detected by satellite,Satellite data at 6750 West Loop South indicates 0.0ft depth; remote-deny per 81% confidence.,1,1,0.0,"[{""factor"": ""SAR recency"", ""delta"": 8, ""reason"": ""Imagery 3d post-event \u2014 fresh""}, {""factor"": ""Depth certainty"", ""delta"": 10, ""reason"": ""Near-zero depth \u2014 confidently not flooded""}, {""factor"": ""Coverage coherence"", ""delta"": 7, ""reason"": ""0% coverage \u2014 confidently dry""}, {""factor"": ""Urban SAR shadow"", ""delta"": -15, ""reason"": ""Dense urban area \u2014 radar shadow can mimic water""}, {""factor"": ""Optical cross-check"", ""delta"": 6, ""reason"": ""Sentinel-2 confirms dry ground \u2014 sensors agree""}]",0,,"{""sar"": ""dry"", ""optical"": ""dry"", ""dem_hydrology"": ""flood""}"
HARV-00871,"7457 Southwest Freeway, Houston, TX, 77074",0.0,0.0,0.0,0.0,0.0,Review,75,Flag for manual review — borderline measurements or low confidence,Satellite data at 7457 Southwest Freeway indicates 0.0ft depth; review per 75% confidence.,1,1,0.2303,"[{""factor"": ""SAR recency"", ""delta"": 8, ""reason"": ""Imagery 3d post-event \u2014 fresh""}, {""factor"": ""Depth certainty"", ""delta"": 10, ""reason"": ""Near-zero depth \u2014 confidently not flooded""}, {""factor"": ""Coverage coherence"", ""delta"": 7, ""reason"": ""0% coverage \u2014 confidently dry""}, {""factor"": ""Urban SAR shadow"", ""delta"": -15, ""reason"": ""Dense urban area \u2014 radar shadow can mimic water""}]",1,"Sensors disagree: optical, DEM-hydrology indicate flooding while SAR indicate dry/implausible — routed to manual review.","{""sar"": ""dry"", ""optical"": ""flood"", ""dem_hydrology"": ""flood""}"
HARV-00872,"7459 Southwest Freeway, Houston, TX",0.0,0.0,0.0,0.0,0.0,Review,75,Flag for manual review — borderline measurements or low confidence,Satellite data at 7459 Southwest Freeway indicates 0.0ft depth; review per 75% confidence.,1,1,0.2427,"[{""factor"": ""SAR recency"", ""delta"": 8, ""reason"": ""Imagery 3d post-event \u2014 fresh""}, {""factor"": ""Depth certainty"", ""delta"": 10, ""reason"": ""Near-zero depth \u2014 confidently not flooded""}, {""factor"": ""Coverage coherence"", ""delta"": 7, ""reason"": ""0% coverage \u2014 confidently dry""}, {""factor"": ""Urban SAR shadow"", ""delta"": -15, ""reason"": ""Dense urban area \u2014 radar shadow can mimic water""}]",1,"Sensors disagree: optical, DEM-hydrology indicate flooding while SAR indicate dry/implausible — routed to manual review.","{""sar"": ""dry"", ""optical"": ""flood"", ""dem_hydrology"": ""flood""}"
HARV-00873,"7457 Southwest Freeway, Houston, TX",0.0,0.0,0.0,0.0,0.0,Review,75,Flag for manual review — borderline measurements or low confidence,Satellite data at 7457 Southwest Freeway indicates 0.0ft depth; review per 75% confidence.,1,1,0.1911,"[{""factor"": ""SAR recency"", ""delta"": 8, ""reason"": ""Imagery 3d post-event \u2014 fresh""}, {""factor"": ""Depth certainty"", ""delta"": 10, ""reason"": ""Near-zero depth \u2014 confidently not flooded""}, {""factor"": ""Coverage coherence"", ""delta"": 7, ""reason"": ""0% coverage \u2014 confidently dry""}, {""factor"": ""Urban SAR shadow"", ""delta"": -15, ""reason"": ""Dense urban area \u2014 radar shadow can mimic water""}]",1,"Sensors disagree: optical, DEM-hydrology indicate flooding while SAR indicate dry/implausible — routed to manual review.","{""sar"": ""dry"", ""optical"": ""flood"", ""dem_hydrology"": ""flood""}"
HARV-00874,"7505 Southwest Freeway, Houston, TX",0.0,0.0,0.0,0.0,0.0,Review,75,Flag for manual review — borderline measurements or low confidence,Satellite data at 7505 Southwest Freeway indicates 0.0ft depth; review per 75% confidence.,1,1,0.1274,"[{""factor"": ""SAR recency"", ""delta"": 8, ""reason"": ""Imagery 3d post-event \u2014 fresh""}, {""factor"": ""Depth certainty"", ""delta"": 10, ""reason"": ""Near-zero depth \u2014 confidently not flooded""}, {""factor"": ""Coverage coherence"", ""delta"": 7, ""reason"": ""0% coverage \u2014 confidently dry""}, {""factor"": ""Urban SAR shadow"", ""delta"": -15, ""reason"": ""Dense urban area \u2014 radar shadow can mimic water""}]",1,"Sensors disagree: optical, DEM-hydrology indicate flooding while SAR indicate dry/implausible — routed to manual review.","{""sar"": ""dry"", ""optical"": ""flood"", ""dem_hydrology"": ""flood""}"
HARV-00875,"6603a Kirby Drive, Houston, TX",0.0,0.0,0.0,0.0,0.0,Remote-Deny,81,Deny remotely — no significant flooding detected by satellite,Satellite data at 6603a Kirby Drive indicates 0.0ft depth; remote-deny per 81% confidence.,1,1,0.0,"[{""factor"": ""SAR recency"", ""delta"": 8, ""reason"": ""Imagery 3d post-event \u2014 fresh""}, {""factor"": ""Depth certainty"", ""delta"": 10, ""reason"": ""Near-zero depth \u2014 confidently not flooded""}, {""factor"": ""Coverage coherence"", ""delta"": 7, ""reason"": ""0% coverage \u2014 confidently dry""}, {""factor"": ""Urban SAR shadow"", ""delta"": -15, ""reason"": ""Dense urban area \u2014 radar shadow can mimic water""}, {""factor"": ""Optical cross-check"", ""delta"": 6, ""reason"": ""Sentinel-2 confirms dry ground \u2014 sensors agree""}]",0,,"{""sar"": ""dry"", ""optical"": ""dry"", ""dem_hydrology"": ""flood""}"
HARV-00876,2431 Summer Street,0.0,0.0,0.0,0.0,0.0,Remote-Deny,81,Deny remotely — no significant flooding detected by satellite,Satellite data at 2431 Summer Street indicates 0.0ft depth; remote-deny per 81% confidence.,1,1,0.0487,"[{""factor"": ""SAR recency"", ""delta"": 8, ""reason"": ""Imagery 3d post-event \u2014 fresh""}, {""factor"": ""Depth certainty"", ""delta"": 10, ""reason"": ""Near-zero depth \u2014 confidently not flooded""}, {""factor"": ""Coverage coherence"", ""delta"": 7, ""reason"": ""0% coverage \u2014 confidently dry""}, {""factor"": ""Urban SAR shadow"", ""delta"": -15, ""reason"": ""Dense urban area \u2014 radar shadow can mimic water""}, {""factor"": ""Optical cross-check"", ""delta"": 6, ""reason"": ""Sentinel-2 confirms dry ground \u2014 sensors agree""}]",0,,"{""sar"": ""dry"", ""optical"": ""dry"", ""dem_hydrology"": ""flood""}"
HARV-00877,"3663 Washington Avenue, Houston, TX, 77007",0.0,0.0,0.0,0.0,0.0,Remote-Deny,81,Deny remotely — no significant flooding detected by satellite,Satellite data at 3663 Washington Avenue indicates 0.0ft depth; remote-deny per 81% confidence.,1,1,0.0,"[{""factor"": ""SAR recency"", ""delta"": 8, ""reason"": ""Imagery 3d post-event \u2014 fresh""}, {""factor"": ""Depth certainty"", ""delta"": 10, ""reason"": ""Near-zero depth \u2014 confidently not flooded""}, {""factor"": ""Coverage coherence"", ""delta"": 7, ""reason"": ""0% coverage \u2014 confidently dry""}, {""factor"": ""Urban SAR shadow"", ""delta"": -15, ""reason"": ""Dense urban area \u2014 radar shadow can mimic water""}, {""factor"": ""Optical cross-check"", ""delta"": 6, ""reason"": ""Sentinel-2 confirms dry ground \u2014 sensors agree""}]",0,,"{""sar"": ""dry"", ""optical"": ""dry"", ""dem_hydrology"": ""flood""}"
HARV-00878,"3902 Koehler Street, Houston, TX, 77007",0.0,0.0,0.0,0.0,0.0,Remote-Deny,81,Deny remotely — no significant flooding detected by satellite,Satellite data at 3902 Koehler Street indicates 0.0ft depth; remote-deny per 81% confidence.,1,1,0.0,"[{""factor"": ""SAR recency"", ""delta"": 8, ""reason"": ""Imagery 3d post-event \u2014 fresh""}, {""factor"": ""Depth certainty"", ""delta"": 10, ""reason"": ""Near-zero depth \u2014 confidently not flooded""}, {""factor"": ""Coverage coherence"", ""delta"": 7, ""reason"": ""0% coverage \u2014 confidently dry""}, {""factor"": ""Urban SAR shadow"", ""delta"": -15, ""reason"": ""Dense urban area \u2014 radar shadow can mimic water""}, {""factor"": ""Optical cross-check"", ""delta"": 6, ""reason"": ""Sentinel-2 confirms dry ground \u2014 sensors agree""}]",0,,"{""sar"": ""dry"", ""optical"": ""dry"", ""dem_hydrology"": ""dry""}"
HARV-00879,209b Heights Boulevard,0.0,0.0,0.0,0.0,0.0,Review,75,Flag for manual review — borderline measurements or low confidence,Satellite data at 209b Heights Boulevard indicates 0.0ft depth; review per 75% confidence.,1,1,0.2326,"[{""factor"": ""SAR recency"", ""delta"": 8, ""reason"": ""Imagery 3d post-event \u2014 fresh""}, {""factor"": ""Depth certainty"", ""delta"": 10, ""reason"": ""Near-zero depth \u2014 confidently not flooded""}, {""factor"": ""Coverage coherence"", ""delta"": 7, ""reason"": ""0% coverage \u2014 confidently dry""}, {""factor"": ""Urban SAR shadow"", ""delta"": -15, ""reason"": ""Dense urban area \u2014 radar shadow can mimic water""}]",1,"Sensors disagree: optical indicate flooding while SAR, DEM-hydrology indicate dry/implausible — routed to manual review.","{""sar"": ""dry"", ""optical"": ""flood"", ""dem_hydrology"": ""dry""}"
HARV-00880,"211 Heights Boulevard, Houston, TX, 77007",0.0,0.0,0.0,0.0,0.0,Review,75,Flag for manual review — borderline measurements or low confidence,Satellite data at 211 Heights Boulevard indicates 0.0ft depth; review per 75% confidence.,1,1,0.2323,"[{""factor"": ""SAR recency"", ""delta"": 8, ""reason"": ""Imagery 3d post-event \u2014 fresh""}, {""factor"": ""Depth certainty"", ""delta"": 10, ""reason"": ""Near-zero depth \u2014 confidently not flooded""}, {""factor"": ""Coverage coherence"", ""delta"": 7, ""reason"": ""0% coverage \u2014 confidently dry""}, {""factor"": ""Urban SAR shadow"", ""delta"": -15, ""reason"": ""Dense urban area \u2014 radar shadow can mimic water""}]",1,"Sensors disagree: optical indicate flooding while SAR, DEM-hydrology indicate dry/implausible — routed to manual review.","{""sar"": ""dry"", ""optical"": ""flood"", ""dem_hydrology"": ""dry""}"
HARV-00881,213 Heights Boulevard,0.0,0.0,0.0,0.0,0.0,Review,75,Flag for manual review — borderline measurements or low confidence,Satellite data at 213 Heights Boulevard indicates 0.0ft depth; review per 75% confidence.,1,1,0.2221,"[{""factor"": ""SAR recency"", ""delta"": 8, ""reason"": ""Imagery 3d post-event \u2014 fresh""}, {""factor"": ""Depth certainty"", ""delta"": 10, ""reason"": ""Near-zero depth \u2014 confidently not flooded""}, {""factor"": ""Coverage coherence"", ""delta"": 7, ""reason"": ""0% coverage \u2014 confidently dry""}, {""factor"": ""Urban SAR shadow"", ""delta"": -15, ""reason"": ""Dense urban area \u2014 radar shadow can mimic water""}]",1,"Sensors disagree: optical indicate flooding while SAR, DEM-hydrology indicate dry/implausible — routed to manual review.","{""sar"": ""dry"", ""optical"": ""flood"", ""dem_hydrology"": ""dry""}"
HARV-00882,209 Heights Boulevard,0.0,0.0,0.0,0.0,0.0,Review,75,Flag for manual review — borderline measurements or low confidence,Satellite data at 209 Heights Boulevard indicates 0.0ft depth; review per 75% confidence.,1,1,0.2325,"[{""factor"": ""SAR recency"", ""delta"": 8, ""reason"": ""Imagery 3d post-event \u2014 fresh""}, {""factor"": ""Depth certainty"", ""delta"": 10, ""reason"": ""Near-zero depth \u2014 confidently not flooded""}, {""factor"": ""Coverage coherence"", ""delta"": 7, ""reason"": ""0% coverage \u2014 confidently dry""}, {""factor"": ""Urban SAR shadow"", ""delta"": -15, ""reason"": ""Dense urban area \u2014 radar shadow can mimic water""}]",1,"Sensors disagree: optical indicate flooding while SAR, DEM-hydrology indicate dry/implausible — routed to manual review.","{""sar"": ""dry"", ""optical"": ""flood"", ""dem_hydrology"": ""dry""}"
HARV-00883,"1756A Westheimer Road, Houston, TX",0.0,0.0,0.0,0.0,0.0,Remote-Deny,81,Deny remotely — no significant flooding detected by satellite,Satellite data at 1756A Westheimer Road indicates 0.0ft depth; remote-deny per 81% confidence.,1,1,0.0,"[{""factor"": ""SAR recency"", ""delta"": 8, ""reason"": ""Imagery 3d post-event \u2014 fresh""}, {""factor"": ""Depth certainty"", ""delta"": 10, ""reason"": ""Near-zero depth \u2014 confidently not flooded""}, {""factor"": ""Coverage coherence"", ""delta"": 7, ""reason"": ""0% coverage \u2014 confidently dry""}, {""factor"": ""Urban SAR shadow"", ""delta"": -15, ""reason"": ""Dense urban area \u2014 radar shadow can mimic water""}, {""factor"": ""Optical cross-check"", ""delta"": 6, ""reason"": ""Sentinel-2 confirms dry ground \u2014 sensors agree""}]",0,,"{""sar"": ""dry"", ""optical"": ""dry"", ""dem_hydrology"": ""flood""}"
HARV-00884,"1756 Westheimer Road, Houston, TX",0.0,0.0,0.0,0.0,0.0,Remote-Deny,81,Deny remotely — no significant flooding detected by satellite,Satellite data at 1756 Westheimer Road indicates 0.0ft depth; remote-deny per 81% confidence.,1,1,0.0,"[{""factor"": ""SAR recency"", ""delta"": 8, ""reason"": ""Imagery 3d post-event \u2014 fresh""}, {""factor"": ""Depth certainty"", ""delta"": 10, ""reason"": ""Near-zero depth \u2014 confidently not flooded""}, {""factor"": ""Coverage coherence"", ""delta"": 7, ""reason"": ""0% coverage \u2014 confidently dry""}, {""factor"": ""Urban SAR shadow"", ""delta"": -15, ""reason"": ""Dense urban area \u2014 radar shadow can mimic water""}, {""factor"": ""Optical cross-check"", ""delta"": 6, ""reason"": ""Sentinel-2 confirms dry ground \u2014 sensors agree""}]",0,,"{""sar"": ""dry"", ""optical"": ""dry"", ""dem_hydrology"": ""flood""}"
HARV-00885,"6223 South Braeswood Boulevard, Houston, TX",0.0,0.0,0.0,0.0,0.0,Remote-Deny,96,Deny remotely — no significant flooding detected by satellite,Satellite data at 6223 South Braeswood Boulevard indicates 0.0ft depth; remote-deny per 96% confidence.,0,1,0.0,"[{""factor"": ""SAR recency"", ""delta"": 8, ""reason"": ""Imagery 3d post-event \u2014 fresh""}, {""factor"": ""Depth certainty"", ""delta"": 10, ""reason"": ""Near-zero depth \u2014 confidently not flooded""}, {""factor"": ""Coverage coherence"", ""delta"": 7, ""reason"": ""0% coverage \u2014 confidently dry""}, {""factor"": ""Optical cross-check"", ""delta"": 6, ""reason"": ""Sentinel-2 confirms dry ground \u2014 sensors agree""}]",0,,"{""sar"": ""dry"", ""optical"": ""dry"", ""dem_hydrology"": ""dry""}"
HARV-00886,"6219 South Braeswood Boulevard, Houston, TX",0.0,0.0,0.0,0.0,0.0,Remote-Deny,81,Deny remotely — no significant flooding detected by satellite,Satellite data at 6219 South Braeswood Boulevard indicates 0.0ft depth; remote-deny per 81% confidence.,1,1,0.0,"[{""factor"": ""SAR recency"", ""delta"": 8, ""reason"": ""Imagery 3d post-event \u2014 fresh""}, {""factor"": ""Depth certainty"", ""delta"": 10, ""reason"": ""Near-zero depth \u2014 confidently not flooded""}, {""factor"": ""Coverage coherence"", ""delta"": 7, ""reason"": ""0% coverage \u2014 confidently dry""}, {""factor"": ""Urban SAR shadow"", ""delta"": -15, ""reason"": ""Dense urban area \u2014 radar shadow can mimic water""}, {""factor"": ""Optical cross-check"", ""delta"": 6, ""reason"": ""Sentinel-2 confirms dry ground \u2014 sensors agree""}]",0,,"{""sar"": ""dry"", ""optical"": ""dry"", ""dem_hydrology"": ""dry""}"
HARV-00887,"6215 South Braeswood Boulevard, Houston, TX",0.0,0.0,0.0,0.0,0.0,Remote-Deny,81,Deny remotely — no significant flooding detected by satellite,Satellite data at 6215 South Braeswood Boulevard indicates 0.0ft depth; remote-deny per 81% confidence.,1,1,0.0,"[{""factor"": ""SAR recency"", ""delta"": 8, ""reason"": ""Imagery 3d post-event \u2014 fresh""}, {""factor"": ""Depth certainty"", ""delta"": 10, ""reason"": ""Near-zero depth \u2014 confidently not flooded""}, {""factor"": ""Coverage coherence"", ""delta"": 7, ""reason"": ""0% coverage \u2014 confidently dry""}, {""factor"": ""Urban SAR shadow"", ""delta"": -15, ""reason"": ""Dense urban area \u2014 radar shadow can mimic water""}, {""factor"": ""Optical cross-check"", ""delta"": 6, ""reason"": ""Sentinel-2 confirms dry ground \u2014 sensors agree""}]",0,,"{""sar"": ""dry"", ""optical"": ""dry"", ""dem_hydrology"": ""dry""}"
HARV-00888,"6211 South Braeswood Boulevard, Houston, TX",0.0,0.0,0.0,0.0,0.0,Remote-Deny,81,Deny remotely — no significant flooding detected by satellite,Satellite data at 6211 South Braeswood Boulevard indicates 0.0ft depth; remote-deny per 81% confidence.,1,1,0.0,"[{""factor"": ""SAR recency"", ""delta"": 8, ""reason"": ""Imagery 3d post-event \u2014 fresh""}, {""factor"": ""Depth certainty"", ""delta"": 10, ""reason"": ""Near-zero depth \u2014 confidently not flooded""}, {""factor"": ""Coverage coherence"", ""delta"": 7, ""reason"": ""0% coverage \u2014 confidently dry""}, {""factor"": ""Urban SAR shadow"", ""delta"": -15, ""reason"": ""Dense urban area \u2014 radar shadow can mimic water""}, {""factor"": ""Optical cross-check"", ""delta"": 6, ""reason"": ""Sentinel-2 confirms dry ground \u2014 sensors agree""}]",0,,"{""sar"": ""dry"", ""optical"": ""dry"", ""dem_hydrology"": ""dry""}"
HARV-00889,"6207 South Braeswood Boulevard, Houston, TX",0.0,0.0,0.0,0.0,0.0,Remote-Deny,81,Deny remotely — no significant flooding detected by satellite,Satellite data at 6207 South Braeswood Boulevard indicates 0.0ft depth; remote-deny per 81% confidence.,1,1,0.0,"[{""factor"": ""SAR recency"", ""delta"": 8, ""reason"": ""Imagery 3d post-event \u2014 fresh""}, {""factor"": ""Depth certainty"", ""delta"": 10, ""reason"": ""Near-zero depth \u2014 confidently not flooded""}, {""factor"": ""Coverage coherence"", ""delta"": 7, ""reason"": ""0% coverage \u2014 confidently dry""}, {""factor"": ""Urban SAR shadow"", ""delta"": -15, ""reason"": ""Dense urban area \u2014 radar shadow can mimic water""}, {""factor"": ""Optical cross-check"", ""delta"": 6, ""reason"": ""Sentinel-2 confirms dry ground \u2014 sensors agree""}]",0,,"{""sar"": ""dry"", ""optical"": ""dry"", ""dem_hydrology"": ""dry""}"
HARV-00890,"6203 South Braeswood Boulevard, Houston, TX",0.0,0.0,0.0,0.0,0.0,Remote-Deny,81,Deny remotely — no significant flooding detected by satellite,Satellite data at 6203 South Braeswood Boulevard indicates 0.0ft depth; remote-deny per 81% confidence.,1,1,0.0,"[{""factor"": ""SAR recency"", ""delta"": 8, ""reason"": ""Imagery 3d post-event \u2014 fresh""}, {""factor"": ""Depth certainty"", ""delta"": 10, ""reason"": ""Near-zero depth \u2014 confidently not flooded""}, {""factor"": ""Coverage coherence"", ""delta"": 7, ""reason"": ""0% coverage \u2014 confidently dry""}, {""factor"": ""Urban SAR shadow"", ""delta"": -15, ""reason"": ""Dense urban area \u2014 radar shadow can mimic water""}, {""factor"": ""Optical cross-check"", ""delta"": 6, ""reason"": ""Sentinel-2 confirms dry ground \u2014 sensors agree""}]",0,,"{""sar"": ""dry"", ""optical"": ""dry"", ""dem_hydrology"": ""dry""}"
HARV-00891,"6143 South Braeswood Boulevard, Houston, TX",0.0,0.0,0.0,0.0,0.0,Remote-Deny,81,Deny remotely — no significant flooding detected by satellite,Satellite data at 6143 South Braeswood Boulevard indicates 0.0ft depth; remote-deny per 81% confidence.,1,1,0.0,"[{""factor"": ""SAR recency"", ""delta"": 8, ""reason"": ""Imagery 3d post-event \u2014 fresh""}, {""factor"": ""Depth certainty"", ""delta"": 10, ""reason"": ""Near-zero depth \u2014 confidently not flooded""}, {""factor"": ""Coverage coherence"", ""delta"": 7, ""reason"": ""0% coverage \u2014 confidently dry""}, {""factor"": ""Urban SAR shadow"", ""delta"": -15, ""reason"": ""Dense urban area \u2014 radar shadow can mimic water""}, {""factor"": ""Optical cross-check"", ""delta"": 6, ""reason"": ""Sentinel-2 confirms dry ground \u2014 sensors agree""}]",0,,"{""sar"": ""dry"", ""optical"": ""dry"", ""dem_hydrology"": ""dry""}"
HARV-00892,"6139 South Braeswood Boulevard, Houston, TX",0.0,0.0,0.0,0.0,0.0,Remote-Deny,81,Deny remotely — no significant flooding detected by satellite,Satellite data at 6139 South Braeswood Boulevard indicates 0.0ft depth; remote-deny per 81% confidence.,1,1,0.0,"[{""factor"": ""SAR recency"", ""delta"": 8, ""reason"": ""Imagery 3d post-event \u2014 fresh""}, {""factor"": ""Depth certainty"", ""delta"": 10, ""reason"": ""Near-zero depth \u2014 confidently not flooded""}, {""factor"": ""Coverage coherence"", ""delta"": 7, ""reason"": ""0% coverage \u2014 confidently dry""}, {""factor"": ""Urban SAR shadow"", ""delta"": -15, ""reason"": ""Dense urban area \u2014 radar shadow can mimic water""}, {""factor"": ""Optical cross-check"", ""delta"": 6, ""reason"": ""Sentinel-2 confirms dry ground \u2014 sensors agree""}]",0,,"{""sar"": ""dry"", ""optical"": ""dry"", ""dem_hydrology"": ""dry""}"
HARV-00893,"6135 South Braeswood Boulevard, Houston, TX",0.0,0.0,0.0,0.0,0.0,Remote-Deny,81,Deny remotely — no significant flooding detected by satellite,Satellite data at 6135 South Braeswood Boulevard indicates 0.0ft depth; remote-deny per 81% confidence.,1,1,0.0,"[{""factor"": ""SAR recency"", ""delta"": 8, ""reason"": ""Imagery 3d post-event \u2014 fresh""}, {""factor"": ""Depth certainty"", ""delta"": 10, ""reason"": ""Near-zero depth \u2014 confidently not flooded""}, {""factor"": ""Coverage coherence"", ""delta"": 7, ""reason"": ""0% coverage \u2014 confidently dry""}, {""factor"": ""Urban SAR shadow"", ""delta"": -15, ""reason"": ""Dense urban area \u2014 radar shadow can mimic water""}, {""factor"": ""Optical cross-check"", ""delta"": 6, ""reason"": ""Sentinel-2 confirms dry ground \u2014 sensors agree""}]",0,,"{""sar"": ""dry"", ""optical"": ""dry"", ""dem_hydrology"": ""dry""}"
HARV-00894,"6127 South Braeswood Boulevard, Houston, TX",0.0,0.0,0.0,0.0,0.0,Remote-Deny,81,Deny remotely — no significant flooding detected by satellite,Satellite data at 6127 South Braeswood Boulevard indicates 0.0ft depth; remote-deny per 81% confidence.,1,1,0.0,"[{""factor"": ""SAR recency"", ""delta"": 8, ""reason"": ""Imagery 3d post-event \u2014 fresh""}, {""factor"": ""Depth certainty"", ""delta"": 10, ""reason"": ""Near-zero depth \u2014 confidently not flooded""}, {""factor"": ""Coverage coherence"", ""delta"": 7, ""reason"": ""0% coverage \u2014 confidently dry""}, {""factor"": ""Urban SAR shadow"", ""delta"": -15, ""reason"": ""Dense urban area \u2014 radar shadow can mimic water""}, {""factor"": ""Optical cross-check"", ""delta"": 6, ""reason"": ""Sentinel-2 confirms dry ground \u2014 sensors agree""}]",0,,"{""sar"": ""dry"", ""optical"": ""dry"", ""dem_hydrology"": ""dry""}"
HARV-00895,"6123 South Braeswood Boulevard, Houston, TX",0.0,0.0,0.0,0.0,0.0,Remote-Deny,81,Deny remotely — no significant flooding detected by satellite,Satellite data at 6123 South Braeswood Boulevard indicates 0.0ft depth; remote-deny per 81% confidence.,1,1,0.0,"[{""factor"": ""SAR recency"", ""delta"": 8, ""reason"": ""Imagery 3d post-event \u2014 fresh""}, {""factor"": ""Depth certainty"", ""delta"": 10, ""reason"": ""Near-zero depth \u2014 confidently not flooded""}, {""factor"": ""Coverage coherence"", ""delta"": 7, ""reason"": ""0% coverage \u2014 confidently dry""}, {""factor"": ""Urban SAR shadow"", ""delta"": -15, ""reason"": ""Dense urban area \u2014 radar shadow can mimic water""}, {""factor"": ""Optical cross-check"", ""delta"": 6, ""reason"": ""Sentinel-2 confirms dry ground \u2014 sensors agree""}]",0,,"{""sar"": ""dry"", ""optical"": ""dry"", ""dem_hydrology"": ""dry""}"
HARV-00896,"6119 South Braeswood Boulevard, Houston, TX",0.0,0.0,0.0,0.0,0.0,Remote-Deny,81,Deny remotely — no significant flooding detected by satellite,Satellite data at 6119 South Braeswood Boulevard indicates 0.0ft depth; remote-deny per 81% confidence.,1,1,0.0,"[{""factor"": ""SAR recency"", ""delta"": 8, ""reason"": ""Imagery 3d post-event \u2014 fresh""}, {""factor"": ""Depth certainty"", ""delta"": 10, ""reason"": ""Near-zero depth \u2014 confidently not flooded""}, {""factor"": ""Coverage coherence"", ""delta"": 7, ""reason"": ""0% coverage \u2014 confidently dry""}, {""factor"": ""Urban SAR shadow"", ""delta"": -15, ""reason"": ""Dense urban area \u2014 radar shadow can mimic water""}, {""factor"": ""Optical cross-check"", ""delta"": 6, ""reason"": ""Sentinel-2 confirms dry ground \u2014 sensors agree""}]",0,,"{""sar"": ""dry"", ""optical"": ""dry"", ""dem_hydrology"": ""dry""}"
HARV-00897,"6115 South Braeswood Boulevard, Houston, TX",0.0,0.0,0.0,0.0,0.0,Remote-Deny,81,Deny remotely — no significant flooding detected by satellite,Satellite data at 6115 South Braeswood Boulevard indicates 0.0ft depth; remote-deny per 81% confidence.,1,1,0.0,"[{""factor"": ""SAR recency"", ""delta"": 8, ""reason"": ""Imagery 3d post-event \u2014 fresh""}, {""factor"": ""Depth certainty"", ""delta"": 10, ""reason"": ""Near-zero depth \u2014 confidently not flooded""}, {""factor"": ""Coverage coherence"", ""delta"": 7, ""reason"": ""0% coverage \u2014 confidently dry""}, {""factor"": ""Urban SAR shadow"", ""delta"": -15, ""reason"": ""Dense urban area \u2014 radar shadow can mimic water""}, {""factor"": ""Optical cross-check"", ""delta"": 6, ""reason"": ""Sentinel-2 confirms dry ground \u2014 sensors agree""}]",0,,"{""sar"": ""dry"", ""optical"": ""dry"", ""dem_hydrology"": ""dry""}"
HARV-00898,"6111 South Braeswood Boulevard, Houston, TX",0.0,0.0,0.0,0.0,0.0,Remote-Deny,81,Deny remotely — no significant flooding detected by satellite,Satellite data at 6111 South Braeswood Boulevard indicates 0.0ft depth; remote-deny per 81% confidence.,1,1,0.0,"[{""factor"": ""SAR recency"", ""delta"": 8, ""reason"": ""Imagery 3d post-event \u2014 fresh""}, {""factor"": ""Depth certainty"", ""delta"": 10, ""reason"": ""Near-zero depth \u2014 confidently not flooded""}, {""factor"": ""Coverage coherence"", ""delta"": 7, ""reason"": ""0% coverage \u2014 confidently dry""}, {""factor"": ""Urban SAR shadow"", ""delta"": -15, ""reason"": ""Dense urban area \u2014 radar shadow can mimic water""}, {""factor"": ""Optical cross-check"", ""delta"": 6, ""reason"": ""Sentinel-2 confirms dry ground \u2014 sensors agree""}]",0,,"{""sar"": ""dry"", ""optical"": ""dry"", ""dem_hydrology"": ""dry""}"
HARV-00899,"6107 South Braeswood Boulevard, Houston, TX",0.0,0.0,0.0,0.0,0.0,Remote-Deny,81,Deny remotely — no significant flooding detected by satellite,Satellite data at 6107 South Braeswood Boulevard indicates 0.0ft depth; remote-deny per 81% confidence.,1,1,0.0,"[{""factor"": ""SAR recency"", ""delta"": 8, ""reason"": ""Imagery 3d post-event \u2014 fresh""}, {""factor"": ""Depth certainty"", ""delta"": 10, ""reason"": ""Near-zero depth \u2014 confidently not flooded""}, {""factor"": ""Coverage coherence"", ""delta"": 7, ""reason"": ""0% coverage \u2014 confidently dry""}, {""factor"": ""Urban SAR shadow"", ""delta"": -15, ""reason"": ""Dense urban area \u2014 radar shadow can mimic water""}, {""factor"": ""Optical cross-check"", ""delta"": 6, ""reason"": ""Sentinel-2 confirms dry ground \u2014 sensors agree""}]",0,,"{""sar"": ""dry"", ""optical"": ""dry"", ""dem_hydrology"": ""dry""}"
HARV-00900,"3140 Richmond Avenue, Houston, TX, 77098",0.0,0.0,0.0,0.0,0.0,Remote-Deny,81,Deny remotely — no significant flooding detected by satellite,Satellite data at 3140 Richmond Avenue indicates 0.0ft depth; remote-deny per 81% confidence.,1,1,0.0,"[{""factor"": ""SAR recency"", ""delta"": 8, ""reason"": ""Imagery 3d post-event \u2014 fresh""}, {""factor"": ""Depth certainty"", ""delta"": 10, ""reason"": ""Near-zero depth \u2014 confidently not flooded""}, {""factor"": ""Coverage coherence"", ""delta"": 7, ""reason"": ""0% coverage \u2014 confidently dry""}, {""factor"": ""Urban SAR shadow"", ""delta"": -15, ""reason"": ""Dense urban area \u2014 radar shadow can mimic water""}, {""factor"": ""Optical cross-check"", ""delta"": 6, ""reason"": ""Sentinel-2 confirms dry ground \u2014 sensors agree""}]",0,,"{""sar"": ""dry"", ""optical"": ""dry"", ""dem_hydrology"": ""flood""}"
HARV-00901,"5718 Westheimer Road, Houston, TX",0.0,0.0,0.0,0.0,0.0,Remote-Deny,81,Deny remotely — no significant flooding detected by satellite,Satellite data at 5718 Westheimer Road indicates 0.0ft depth; remote-deny per 81% confidence.,1,1,0.0,"[{""factor"": ""SAR recency"", ""delta"": 8, ""reason"": ""Imagery 3d post-event \u2014 fresh""}, {""factor"": ""Depth certainty"", ""delta"": 10, ""reason"": ""Near-zero depth \u2014 confidently not flooded""}, {""factor"": ""Coverage coherence"", ""delta"": 7, ""reason"": ""0% coverage \u2014 confidently dry""}, {""factor"": ""Urban SAR shadow"", ""delta"": -15, ""reason"": ""Dense urban area \u2014 radar shadow can mimic water""}, {""factor"": ""Optical cross-check"", ""delta"": 6, ""reason"": ""Sentinel-2 confirms dry ground \u2014 sensors agree""}]",0,,"{""sar"": ""dry"", ""optical"": ""dry"", ""dem_hydrology"": ""abstain""}"
HARV-00902,"5791 Woodway Drive, Houston, TX",0.0,0.0,0.0,0.0,0.0,Remote-Deny,81,Deny remotely — no significant flooding detected by satellite,Satellite data at 5791 Woodway Drive indicates 0.0ft depth; remote-deny per 81% confidence.,1,1,0.0,"[{""factor"": ""SAR recency"", ""delta"": 8, ""reason"": ""Imagery 3d post-event \u2014 fresh""}, {""factor"": ""Depth certainty"", ""delta"": 10, ""reason"": ""Near-zero depth \u2014 confidently not flooded""}, {""factor"": ""Coverage coherence"", ""delta"": 7, ""reason"": ""0% coverage \u2014 confidently dry""}, {""factor"": ""Urban SAR shadow"", ""delta"": -15, ""reason"": ""Dense urban area \u2014 radar shadow can mimic water""}, {""factor"": ""Optical cross-check"", ""delta"": 6, ""reason"": ""Sentinel-2 confirms dry ground \u2014 sensors agree""}]",0,,"{""sar"": ""dry"", ""optical"": ""dry"", ""dem_hydrology"": ""flood""}"
HARV-00903,5795 Woodway Drive,0.0,0.0,0.0,0.0,0.0,Remote-Deny,81,Deny remotely — no significant flooding detected by satellite,Satellite data at 5795 Woodway Drive indicates 0.0ft depth; remote-deny per 81% confidence.,1,1,0.0,"[{""factor"": ""SAR recency"", ""delta"": 8, ""reason"": ""Imagery 3d post-event \u2014 fresh""}, {""factor"": ""Depth certainty"", ""delta"": 10, ""reason"": ""Near-zero depth \u2014 confidently not flooded""}, {""factor"": ""Coverage coherence"", ""delta"": 7, ""reason"": ""0% coverage \u2014 confidently dry""}, {""factor"": ""Urban SAR shadow"", ""delta"": -15, ""reason"": ""Dense urban area \u2014 radar shadow can mimic water""}, {""factor"": ""Optical cross-check"", ""delta"": 6, ""reason"": ""Sentinel-2 confirms dry ground \u2014 sensors agree""}]",0,,"{""sar"": ""dry"", ""optical"": ""dry"", ""dem_hydrology"": ""flood""}"
HARV-00904,"10638 West Bellfort, Houston, TX, 77099-4747",0.0,0.0,0.0,0.0,0.0,Remote-Deny,81,Deny remotely — no significant flooding detected by satellite,Satellite data at 10638 West Bellfort indicates 0.0ft depth; remote-deny per 81% confidence.,1,1,0.0,"[{""factor"": ""SAR recency"", ""delta"": 8, ""reason"": ""Imagery 3d post-event \u2014 fresh""}, {""factor"": ""Depth certainty"", ""delta"": 10, ""reason"": ""Near-zero depth \u2014 confidently not flooded""}, {""factor"": ""Coverage coherence"", ""delta"": 7, ""reason"": ""0% coverage \u2014 confidently dry""}, {""factor"": ""Urban SAR shadow"", ""delta"": -15, ""reason"": ""Dense urban area \u2014 radar shadow can mimic water""}, {""factor"": ""Optical cross-check"", ""delta"": 6, ""reason"": ""Sentinel-2 confirms dry ground \u2014 sensors agree""}]",0,,"{""sar"": ""dry"", ""optical"": ""dry"", ""dem_hydrology"": ""abstain""}"
HARV-00905,"10890 South Sam Houston West Parkway, Houston, TX, 77031",0.0,0.0,0.0,0.0,0.0,Remote-Deny,96,Deny remotely — no significant flooding detected by satellite,Satellite data at 10890 South Sam Houston West Parkway indicates 0.0ft depth; remote-deny per 96% confidence.,0,1,0.0,"[{""factor"": ""SAR recency"", ""delta"": 8, ""reason"": ""Imagery 3d post-event \u2014 fresh""}, {""factor"": ""Depth certainty"", ""delta"": 10, ""reason"": ""Near-zero depth \u2014 confidently not flooded""}, {""factor"": ""Coverage coherence"", ""delta"": 7, ""reason"": ""0% coverage \u2014 confidently dry""}, {""factor"": ""Optical cross-check"", ""delta"": 6, ""reason"": ""Sentinel-2 confirms dry ground \u2014 sensors agree""}]",0,,"{""sar"": ""dry"", ""optical"": ""dry"", ""dem_hydrology"": ""flood""}"
HARV-00906,5816 Memorial Drive,0.0,0.0,0.0,0.0,0.0,Remote-Deny,81,Deny remotely — no significant flooding detected by satellite,Satellite data at 5816 Memorial Drive indicates 0.0ft depth; remote-deny per 81% confidence.,1,1,0.0,"[{""factor"": ""SAR recency"", ""delta"": 8, ""reason"": ""Imagery 3d post-event \u2014 fresh""}, {""factor"": ""Depth certainty"", ""delta"": 10, ""reason"": ""Near-zero depth \u2014 confidently not flooded""}, {""factor"": ""Coverage coherence"", ""delta"": 7, ""reason"": ""0% coverage \u2014 confidently dry""}, {""factor"": ""Urban SAR shadow"", ""delta"": -15, ""reason"": ""Dense urban area \u2014 radar shadow can mimic water""}, {""factor"": ""Optical cross-check"", ""delta"": 6, ""reason"": ""Sentinel-2 confirms dry ground \u2014 sensors agree""}]",0,,"{""sar"": ""dry"", ""optical"": ""dry"", ""dem_hydrology"": ""dry""}"
HARV-00907,"3941 Fondren Road, Houston, TX, 77063",0.0,0.0,0.0,0.0,0.0,Remote-Deny,96,Deny remotely — no significant flooding detected by satellite,Satellite data at 3941 Fondren Road indicates 0.0ft depth; remote-deny per 96% confidence.,0,1,0.0,"[{""factor"": ""SAR recency"", ""delta"": 8, ""reason"": ""Imagery 3d post-event \u2014 fresh""}, {""factor"": ""Depth certainty"", ""delta"": 10, ""reason"": ""Near-zero depth \u2014 confidently not flooded""}, {""factor"": ""Coverage coherence"", ""delta"": 7, ""reason"": ""0% coverage \u2014 confidently dry""}, {""factor"": ""Optical cross-check"", ""delta"": 6, ""reason"": ""Sentinel-2 confirms dry ground \u2014 sensors agree""}]",0,,"{""sar"": ""dry"", ""optical"": ""dry"", ""dem_hydrology"": ""flood""}"
HARV-00908,"2736 Virginia Street, Houston, TX, 77098",0.0,0.0,0.0,0.0,0.0,Remote-Deny,81,Deny remotely — no significant flooding detected by satellite,Satellite data at 2736 Virginia Street indicates 0.0ft depth; remote-deny per 81% confidence.,1,1,0.0,"[{""factor"": ""SAR recency"", ""delta"": 8, ""reason"": ""Imagery 3d post-event \u2014 fresh""}, {""factor"": ""Depth certainty"", ""delta"": 10, ""reason"": ""Near-zero depth \u2014 confidently not flooded""}, {""factor"": ""Coverage coherence"", ""delta"": 7, ""reason"": ""0% coverage \u2014 confidently dry""}, {""factor"": ""Urban SAR shadow"", ""delta"": -15, ""reason"": ""Dense urban area \u2014 radar shadow can mimic water""}, {""factor"": ""Optical cross-check"", ""delta"": 6, ""reason"": ""Sentinel-2 confirms dry ground \u2014 sensors agree""}]",0,,"{""sar"": ""dry"", ""optical"": ""dry"", ""dem_hydrology"": ""dry""}"
HARV-00909,1703 Post Oak Boulevard,0.0,0.0,0.0,0.0,0.0,Review,75,Flag for manual review — borderline measurements or low confidence,Satellite data at 1703 Post Oak Boulevard indicates 0.0ft depth; review per 75% confidence.,1,1,0.2247,"[{""factor"": ""SAR recency"", ""delta"": 8, ""reason"": ""Imagery 3d post-event \u2014 fresh""}, {""factor"": ""Depth certainty"", ""delta"": 10, ""reason"": ""Near-zero depth \u2014 confidently not flooded""}, {""factor"": ""Coverage coherence"", ""delta"": 7, ""reason"": ""0% coverage \u2014 confidently dry""}, {""factor"": ""Urban SAR shadow"", ""delta"": -15, ""reason"": ""Dense urban area \u2014 radar shadow can mimic water""}]",1,Sensors disagree: optical indicate flooding while SAR indicate dry/implausible — routed to manual review.,"{""sar"": ""dry"", ""optical"": ""flood"", ""dem_hydrology"": ""abstain""}"
HARV-00910,1709 Post Oak Boulevard,0.0,0.0,0.0,0.0,0.0,Review,75,Flag for manual review — borderline measurements or low confidence,Satellite data at 1709 Post Oak Boulevard indicates 0.0ft depth; review per 75% confidence.,1,1,0.232,"[{""factor"": ""SAR recency"", ""delta"": 8, ""reason"": ""Imagery 3d post-event \u2014 fresh""}, {""factor"": ""Depth certainty"", ""delta"": 10, ""reason"": ""Near-zero depth \u2014 confidently not flooded""}, {""factor"": ""Coverage coherence"", ""delta"": 7, ""reason"": ""0% coverage \u2014 confidently dry""}, {""factor"": ""Urban SAR shadow"", ""delta"": -15, ""reason"": ""Dense urban area \u2014 radar shadow can mimic water""}]",1,Sensors disagree: optical indicate flooding while SAR indicate dry/implausible — routed to manual review.,"{""sar"": ""dry"", ""optical"": ""flood"", ""dem_hydrology"": ""abstain""}"
HARV-00911,1713 Post Oak Boulevard,0.0,0.0,0.0,0.0,0.0,Review,75,Flag for manual review — borderline measurements or low confidence,Satellite data at 1713 Post Oak Boulevard indicates 0.0ft depth; review per 75% confidence.,1,1,0.2327,"[{""factor"": ""SAR recency"", ""delta"": 8, ""reason"": ""Imagery 3d post-event \u2014 fresh""}, {""factor"": ""Depth certainty"", ""delta"": 10, ""reason"": ""Near-zero depth \u2014 confidently not flooded""}, {""factor"": ""Coverage coherence"", ""delta"": 7, ""reason"": ""0% coverage \u2014 confidently dry""}, {""factor"": ""Urban SAR shadow"", ""delta"": -15, ""reason"": ""Dense urban area \u2014 radar shadow can mimic water""}]",1,Sensors disagree: optical indicate flooding while SAR indicate dry/implausible — routed to manual review.,"{""sar"": ""dry"", ""optical"": ""flood"", ""dem_hydrology"": ""abstain""}"
HARV-00912,1707½ Post Oak Boulevard,0.0,0.0,0.0,0.0,0.0,Review,75,Flag for manual review — borderline measurements or low confidence,Satellite data at 1707½ Post Oak Boulevard indicates 0.0ft depth; review per 75% confidence.,1,1,0.2056,"[{""factor"": ""SAR recency"", ""delta"": 8, ""reason"": ""Imagery 3d post-event \u2014 fresh""}, {""factor"": ""Depth certainty"", ""delta"": 10, ""reason"": ""Near-zero depth \u2014 confidently not flooded""}, {""factor"": ""Coverage coherence"", ""delta"": 7, ""reason"": ""0% coverage \u2014 confidently dry""}, {""factor"": ""Urban SAR shadow"", ""delta"": -15, ""reason"": ""Dense urban area \u2014 radar shadow can mimic water""}]",1,Sensors disagree: optical indicate flooding while SAR indicate dry/implausible — routed to manual review.,"{""sar"": ""dry"", ""optical"": ""flood"", ""dem_hydrology"": ""abstain""}"
HARV-00913,1711 Post Oak Boulevard,0.0,0.0,0.0,0.0,0.0,Review,75,Flag for manual review — borderline measurements or low confidence,Satellite data at 1711 Post Oak Boulevard indicates 0.0ft depth; review per 75% confidence.,1,1,0.2326,"[{""factor"": ""SAR recency"", ""delta"": 8, ""reason"": ""Imagery 3d post-event \u2014 fresh""}, {""factor"": ""Depth certainty"", ""delta"": 10, ""reason"": ""Near-zero depth \u2014 confidently not flooded""}, {""factor"": ""Coverage coherence"", ""delta"": 7, ""reason"": ""0% coverage \u2014 confidently dry""}, {""factor"": ""Urban SAR shadow"", ""delta"": -15, ""reason"": ""Dense urban area \u2014 radar shadow can mimic water""}]",1,Sensors disagree: optical indicate flooding while SAR indicate dry/implausible — routed to manual review.,"{""sar"": ""dry"", ""optical"": ""flood"", ""dem_hydrology"": ""abstain""}"
HARV-00914,"4322 O Reilly Street, Houston, TX, 77007",0.0,0.0,0.0,0.0,0.0,Remote-Deny,81,Deny remotely — no significant flooding detected by satellite,Satellite data at 4322 O Reilly Street indicates 0.0ft depth; remote-deny per 81% confidence.,1,1,0.0,"[{""factor"": ""SAR recency"", ""delta"": 8, ""reason"": ""Imagery 3d post-event \u2014 fresh""}, {""factor"": ""Depth certainty"", ""delta"": 10, ""reason"": ""Near-zero depth \u2014 confidently not flooded""}, {""factor"": ""Coverage coherence"", ""delta"": 7, ""reason"": ""0% coverage \u2014 confidently dry""}, {""factor"": ""Urban SAR shadow"", ""delta"": -15, ""reason"": ""Dense urban area \u2014 radar shadow can mimic water""}, {""factor"": ""Optical cross-check"", ""delta"": 6, ""reason"": ""Sentinel-2 confirms dry ground \u2014 sensors agree""}]",0,,"{""sar"": ""dry"", ""optical"": ""dry"", ""dem_hydrology"": ""dry""}"
HARV-00915,"4318 O Reilly Street, Houston, TX, 77007",0.0,0.0,0.0,0.0,0.0,Remote-Deny,81,Deny remotely — no significant flooding detected by satellite,Satellite data at 4318 O Reilly Street indicates 0.0ft depth; remote-deny per 81% confidence.,1,1,0.0,"[{""factor"": ""SAR recency"", ""delta"": 8, ""reason"": ""Imagery 3d post-event \u2014 fresh""}, {""factor"": ""Depth certainty"", ""delta"": 10, ""reason"": ""Near-zero depth \u2014 confidently not flooded""}, {""factor"": ""Coverage coherence"", ""delta"": 7, ""reason"": ""0% coverage \u2014 confidently dry""}, {""factor"": ""Urban SAR shadow"", ""delta"": -15, ""reason"": ""Dense urban area \u2014 radar shadow can mimic water""}, {""factor"": ""Optical cross-check"", ""delta"": 6, ""reason"": ""Sentinel-2 confirms dry ground \u2014 sensors agree""}]",0,,"{""sar"": ""dry"", ""optical"": ""dry"", ""dem_hydrology"": ""dry""}"
HARV-00916,"510 Chimney Rock Road, Houston, TX, 77056",0.0,0.0,0.0,0.0,0.0,Remote-Deny,81,Deny remotely — no significant flooding detected by satellite,Satellite data at 510 Chimney Rock Road indicates 0.0ft depth; remote-deny per 81% confidence.,1,1,0.0,"[{""factor"": ""SAR recency"", ""delta"": 8, ""reason"": ""Imagery 3d post-event \u2014 fresh""}, {""factor"": ""Depth certainty"", ""delta"": 10, ""reason"": ""Near-zero depth \u2014 confidently not flooded""}, {""factor"": ""Coverage coherence"", ""delta"": 7, ""reason"": ""0% coverage \u2014 confidently dry""}, {""factor"": ""Urban SAR shadow"", ""delta"": -15, ""reason"": ""Dense urban area \u2014 radar shadow can mimic water""}, {""factor"": ""Optical cross-check"", ""delta"": 6, ""reason"": ""Sentinel-2 confirms dry ground \u2014 sensors agree""}]",0,,"{""sar"": ""dry"", ""optical"": ""dry"", ""dem_hydrology"": ""abstain""}"
HARV-00917,1603 South Post Oak Lane,0.0,0.0,0.0,0.0,0.0,Review,75,Flag for manual review — borderline measurements or low confidence,Satellite data at 1603 South Post Oak Lane indicates 0.0ft depth; review per 75% confidence.,1,1,0.2472,"[{""factor"": ""SAR recency"", ""delta"": 8, ""reason"": ""Imagery 3d post-event \u2014 fresh""}, {""factor"": ""Depth certainty"", ""delta"": 10, ""reason"": ""Near-zero depth \u2014 confidently not flooded""}, {""factor"": ""Coverage coherence"", ""delta"": 7, ""reason"": ""0% coverage \u2014 confidently dry""}, {""factor"": ""Urban SAR shadow"", ""delta"": -15, ""reason"": ""Dense urban area \u2014 radar shadow can mimic water""}]",1,Sensors disagree: optical indicate flooding while SAR indicate dry/implausible — routed to manual review.,"{""sar"": ""dry"", ""optical"": ""flood"", ""dem_hydrology"": ""abstain""}"
HARV-00918,"3425 South Shepherd Drive, Houston, TX",0.0,0.0,0.0,0.0,0.0,Remote-Deny,81,Deny remotely — no significant flooding detected by satellite,Satellite data at 3425 South Shepherd Drive indicates 0.0ft depth; remote-deny per 81% confidence.,1,1,0.0,"[{""factor"": ""SAR recency"", ""delta"": 8, ""reason"": ""Imagery 3d post-event \u2014 fresh""}, {""factor"": ""Depth certainty"", ""delta"": 10, ""reason"": ""Near-zero depth \u2014 confidently not flooded""}, {""factor"": ""Coverage coherence"", ""delta"": 7, ""reason"": ""0% coverage \u2014 confidently dry""}, {""factor"": ""Urban SAR shadow"", ""delta"": -15, ""reason"": ""Dense urban area \u2014 radar shadow can mimic water""}, {""factor"": ""Optical cross-check"", ""delta"": 6, ""reason"": ""Sentinel-2 confirms dry ground \u2014 sensors agree""}]",0,,"{""sar"": ""dry"", ""optical"": ""dry"", ""dem_hydrology"": ""flood""}"
HARV-00919,12534 Memorial Drive,0.0,0.0,0.0,0.0,0.0,Review,75,Flag for manual review — borderline measurements or low confidence,Satellite data at 12534 Memorial Drive indicates 0.0ft depth; review per 75% confidence.,1,1,0.37,"[{""factor"": ""SAR recency"", ""delta"": 8, ""reason"": ""Imagery 3d post-event \u2014 fresh""}, {""factor"": ""Depth certainty"", ""delta"": 10, ""reason"": ""Near-zero depth \u2014 confidently not flooded""}, {""factor"": ""Coverage coherence"", ""delta"": 7, ""reason"": ""0% coverage \u2014 confidently dry""}, {""factor"": ""Urban SAR shadow"", ""delta"": -15, ""reason"": ""Dense urban area \u2014 radar shadow can mimic water""}]",1,"Sensors disagree: optical indicate flooding while SAR, DEM-hydrology indicate dry/implausible — routed to manual review.","{""sar"": ""dry"", ""optical"": ""flood"", ""dem_hydrology"": ""dry""}"
HARV-00920,5240 Buffalo Speedway,0.0,0.0,0.0,0.0,0.0,Remote-Deny,81,Deny remotely — no significant flooding detected by satellite,Satellite data at 5240 Buffalo Speedway indicates 0.0ft depth; remote-deny per 81% confidence.,1,1,0.0,"[{""factor"": ""SAR recency"", ""delta"": 8, ""reason"": ""Imagery 3d post-event \u2014 fresh""}, {""factor"": ""Depth certainty"", ""delta"": 10, ""reason"": ""Near-zero depth \u2014 confidently not flooded""}, {""factor"": ""Coverage coherence"", ""delta"": 7, ""reason"": ""0% coverage \u2014 confidently dry""}, {""factor"": ""Urban SAR shadow"", ""delta"": -15, ""reason"": ""Dense urban area \u2014 radar shadow can mimic water""}, {""factor"": ""Optical cross-check"", ""delta"": 6, ""reason"": ""Sentinel-2 confirms dry ground \u2014 sensors agree""}]",0,,"{""sar"": ""dry"", ""optical"": ""dry"", ""dem_hydrology"": ""flood""}"
HARV-00921,"2432 West Holcombe Boulevard, Houston, TX",0.0,0.0,0.0,0.0,0.0,Remote-Deny,81,Deny remotely — no significant flooding detected by satellite,Satellite data at 2432 West Holcombe Boulevard indicates 0.0ft depth; remote-deny per 81% confidence.,1,1,0.0,"[{""factor"": ""SAR recency"", ""delta"": 8, ""reason"": ""Imagery 3d post-event \u2014 fresh""}, {""factor"": ""Depth certainty"", ""delta"": 10, ""reason"": ""Near-zero depth \u2014 confidently not flooded""}, {""factor"": ""Coverage coherence"", ""delta"": 7, ""reason"": ""0% coverage \u2014 confidently dry""}, {""factor"": ""Urban SAR shadow"", ""delta"": -15, ""reason"": ""Dense urban area \u2014 radar shadow can mimic water""}, {""factor"": ""Optical cross-check"", ""delta"": 6, ""reason"": ""Sentinel-2 confirms dry ground \u2014 sensors agree""}]",0,,"{""sar"": ""dry"", ""optical"": ""dry"", ""dem_hydrology"": ""flood""}"
HARV-00922,"5311 Bellaire Boulevard, Bellaire, TX",0.0,0.0,0.0,0.0,0.0,Remote-Deny,81,Deny remotely — no significant flooding detected by satellite,Satellite data at 5311 Bellaire Boulevard indicates 0.0ft depth; remote-deny per 81% confidence.,1,1,0.0,"[{""factor"": ""SAR recency"", ""delta"": 8, ""reason"": ""Imagery 3d post-event \u2014 fresh""}, {""factor"": ""Depth certainty"", ""delta"": 10, ""reason"": ""Near-zero depth \u2014 confidently not flooded""}, {""factor"": ""Coverage coherence"", ""delta"": 7, ""reason"": ""0% coverage \u2014 confidently dry""}, {""factor"": ""Urban SAR shadow"", ""delta"": -15, ""reason"": ""Dense urban area \u2014 radar shadow can mimic water""}, {""factor"": ""Optical cross-check"", ""delta"": 6, ""reason"": ""Sentinel-2 confirms dry ground \u2014 sensors agree""}]",0,,"{""sar"": ""dry"", ""optical"": ""dry"", ""dem_hydrology"": ""flood""}"
HARV-00923,"7680 Katy Freeway, Houston, TX, 77024",0.0,0.0,0.0,0.0,0.0,Remote-Deny,81,Deny remotely — no significant flooding detected by satellite,Satellite data at 7680 Katy Freeway indicates 0.0ft depth; remote-deny per 81% confidence.,1,1,0.0,"[{""factor"": ""SAR recency"", ""delta"": 8, ""reason"": ""Imagery 3d post-event \u2014 fresh""}, {""factor"": ""Depth certainty"", ""delta"": 10, ""reason"": ""Near-zero depth \u2014 confidently not flooded""}, {""factor"": ""Coverage coherence"", ""delta"": 7, ""reason"": ""0% coverage \u2014 confidently dry""}, {""factor"": ""Urban SAR shadow"", ""delta"": -15, ""reason"": ""Dense urban area \u2014 radar shadow can mimic water""}, {""factor"": ""Optical cross-check"", ""delta"": 6, ""reason"": ""Sentinel-2 confirms dry ground \u2014 sensors agree""}]",0,,"{""sar"": ""dry"", ""optical"": ""dry"", ""dem_hydrology"": ""flood""}"
HARV-00924,1106 Silber Road,0.0,0.0,0.0,0.0,0.0,Remote-Deny,81,Deny remotely — no significant flooding detected by satellite,Satellite data at 1106 Silber Road indicates 0.0ft depth; remote-deny per 81% confidence.,1,1,0.0,"[{""factor"": ""SAR recency"", ""delta"": 8, ""reason"": ""Imagery 3d post-event \u2014 fresh""}, {""factor"": ""Depth certainty"", ""delta"": 10, ""reason"": ""Near-zero depth \u2014 confidently not flooded""}, {""factor"": ""Coverage coherence"", ""delta"": 7, ""reason"": ""0% coverage \u2014 confidently dry""}, {""factor"": ""Urban SAR shadow"", ""delta"": -15, ""reason"": ""Dense urban area \u2014 radar shadow can mimic water""}, {""factor"": ""Optical cross-check"", ""delta"": 6, ""reason"": ""Sentinel-2 confirms dry ground \u2014 sensors agree""}]",0,,"{""sar"": ""dry"", ""optical"": ""dry"", ""dem_hydrology"": ""flood""}"
HARV-00925,7670 Katy Freeway,0.0,0.0,0.0,0.0,0.0,Remote-Deny,81,Deny remotely — no significant flooding detected by satellite,Satellite data at 7670 Katy Freeway indicates 0.0ft depth; remote-deny per 81% confidence.,1,1,0.0,"[{""factor"": ""SAR recency"", ""delta"": 8, ""reason"": ""Imagery 3d post-event \u2014 fresh""}, {""factor"": ""Depth certainty"", ""delta"": 10, ""reason"": ""Near-zero depth \u2014 confidently not flooded""}, {""factor"": ""Coverage coherence"", ""delta"": 7, ""reason"": ""0% coverage \u2014 confidently dry""}, {""factor"": ""Urban SAR shadow"", ""delta"": -15, ""reason"": ""Dense urban area \u2014 radar shadow can mimic water""}, {""factor"": ""Optical cross-check"", ""delta"": 6, ""reason"": ""Sentinel-2 confirms dry ground \u2014 sensors agree""}]",0,,"{""sar"": ""dry"", ""optical"": ""dry"", ""dem_hydrology"": ""flood""}"
HARV-00926,7680 Katy Freeway,0.0,0.0,0.0,0.0,0.0,Remote-Deny,81,Deny remotely — no significant flooding detected by satellite,Satellite data at 7680 Katy Freeway indicates 0.0ft depth; remote-deny per 81% confidence.,1,1,0.0,"[{""factor"": ""SAR recency"", ""delta"": 8, ""reason"": ""Imagery 3d post-event \u2014 fresh""}, {""factor"": ""Depth certainty"", ""delta"": 10, ""reason"": ""Near-zero depth \u2014 confidently not flooded""}, {""factor"": ""Coverage coherence"", ""delta"": 7, ""reason"": ""0% coverage \u2014 confidently dry""}, {""factor"": ""Urban SAR shadow"", ""delta"": -15, ""reason"": ""Dense urban area \u2014 radar shadow can mimic water""}, {""factor"": ""Optical cross-check"", ""delta"": 6, ""reason"": ""Sentinel-2 confirms dry ground \u2014 sensors agree""}]",0,,"{""sar"": ""dry"", ""optical"": ""dry"", ""dem_hydrology"": ""flood""}"
HARV-00927,"1106 Silber Road, Houston, TX, 77055",0.0,0.0,0.0,0.0,0.0,Remote-Deny,81,Deny remotely — no significant flooding detected by satellite,Satellite data at 1106 Silber Road indicates 0.0ft depth; remote-deny per 81% confidence.,1,1,0.0,"[{""factor"": ""SAR recency"", ""delta"": 8, ""reason"": ""Imagery 3d post-event \u2014 fresh""}, {""factor"": ""Depth certainty"", ""delta"": 10, ""reason"": ""Near-zero depth \u2014 confidently not flooded""}, {""factor"": ""Coverage coherence"", ""delta"": 7, ""reason"": ""0% coverage \u2014 confidently dry""}, {""factor"": ""Urban SAR shadow"", ""delta"": -15, ""reason"": ""Dense urban area \u2014 radar shadow can mimic water""}, {""factor"": ""Optical cross-check"", ""delta"": 6, ""reason"": ""Sentinel-2 confirms dry ground \u2014 sensors agree""}]",0,,"{""sar"": ""dry"", ""optical"": ""dry"", ""dem_hydrology"": ""flood""}"
HARV-00928,"2313 Edwards Street, Houston, TX",0.0,0.0,0.0,0.0,0.0,Remote-Deny,81,Deny remotely — no significant flooding detected by satellite,Satellite data at 2313 Edwards Street indicates 0.0ft depth; remote-deny per 81% confidence.,1,1,0.0,"[{""factor"": ""SAR recency"", ""delta"": 8, ""reason"": ""Imagery 3d post-event \u2014 fresh""}, {""factor"": ""Depth certainty"", ""delta"": 10, ""reason"": ""Near-zero depth \u2014 confidently not flooded""}, {""factor"": ""Coverage coherence"", ""delta"": 7, ""reason"": ""0% coverage \u2014 confidently dry""}, {""factor"": ""Urban SAR shadow"", ""delta"": -15, ""reason"": ""Dense urban area \u2014 radar shadow can mimic water""}, {""factor"": ""Optical cross-check"", ""delta"": 6, ""reason"": ""Sentinel-2 confirms dry ground \u2014 sensors agree""}]",0,,"{""sar"": ""dry"", ""optical"": ""dry"", ""dem_hydrology"": ""abstain""}"
HARV-00929,"2313 Edwards Street, Houston, TX, 77007",0.0,0.0,0.0,0.0,0.0,Remote-Deny,81,Deny remotely — no significant flooding detected by satellite,Satellite data at 2313 Edwards Street indicates 0.0ft depth; remote-deny per 81% confidence.,1,1,0.0,"[{""factor"": ""SAR recency"", ""delta"": 8, ""reason"": ""Imagery 3d post-event \u2014 fresh""}, {""factor"": ""Depth certainty"", ""delta"": 10, ""reason"": ""Near-zero depth \u2014 confidently not flooded""}, {""factor"": ""Coverage coherence"", ""delta"": 7, ""reason"": ""0% coverage \u2014 confidently dry""}, {""factor"": ""Urban SAR shadow"", ""delta"": -15, ""reason"": ""Dense urban area \u2014 radar shadow can mimic water""}, {""factor"": ""Optical cross-check"", ""delta"": 6, ""reason"": ""Sentinel-2 confirms dry ground \u2014 sensors agree""}]",0,,"{""sar"": ""dry"", ""optical"": ""dry"", ""dem_hydrology"": ""abstain""}"
HARV-00930,5749 San Felipe Street,0.0,0.0,0.0,0.0,0.0,Remote-Deny,81,Deny remotely — no significant flooding detected by satellite,Satellite data at 5749 San Felipe Street indicates 0.0ft depth; remote-deny per 81% confidence.,1,1,0.0,"[{""factor"": ""SAR recency"", ""delta"": 8, ""reason"": ""Imagery 3d post-event \u2014 fresh""}, {""factor"": ""Depth certainty"", ""delta"": 10, ""reason"": ""Near-zero depth \u2014 confidently not flooded""}, {""factor"": ""Coverage coherence"", ""delta"": 7, ""reason"": ""0% coverage \u2014 confidently dry""}, {""factor"": ""Urban SAR shadow"", ""delta"": -15, ""reason"": ""Dense urban area \u2014 radar shadow can mimic water""}, {""factor"": ""Optical cross-check"", ""delta"": 6, ""reason"": ""Sentinel-2 confirms dry ground \u2014 sensors agree""}]",0,,"{""sar"": ""dry"", ""optical"": ""dry"", ""dem_hydrology"": ""flood""}"
HARV-00931,5761 San Felipe Street,0.0,0.0,0.0,0.0,0.0,Remote-Deny,81,Deny remotely — no significant flooding detected by satellite,Satellite data at 5761 San Felipe Street indicates 0.0ft depth; remote-deny per 81% confidence.,1,1,0.0,"[{""factor"": ""SAR recency"", ""delta"": 8, ""reason"": ""Imagery 3d post-event \u2014 fresh""}, {""factor"": ""Depth certainty"", ""delta"": 10, ""reason"": ""Near-zero depth \u2014 confidently not flooded""}, {""factor"": ""Coverage coherence"", ""delta"": 7, ""reason"": ""0% coverage \u2014 confidently dry""}, {""factor"": ""Urban SAR shadow"", ""delta"": -15, ""reason"": ""Dense urban area \u2014 radar shadow can mimic water""}, {""factor"": ""Optical cross-check"", ""delta"": 6, ""reason"": ""Sentinel-2 confirms dry ground \u2014 sensors agree""}]",0,,"{""sar"": ""dry"", ""optical"": ""dry"", ""dem_hydrology"": ""flood""}"
HARV-00932,5763 San Felipe Street,0.0,0.0,0.0,0.0,0.0,Remote-Deny,81,Deny remotely — no significant flooding detected by satellite,Satellite data at 5763 San Felipe Street indicates 0.0ft depth; remote-deny per 81% confidence.,1,1,0.0,"[{""factor"": ""SAR recency"", ""delta"": 8, ""reason"": ""Imagery 3d post-event \u2014 fresh""}, {""factor"": ""Depth certainty"", ""delta"": 10, ""reason"": ""Near-zero depth \u2014 confidently not flooded""}, {""factor"": ""Coverage coherence"", ""delta"": 7, ""reason"": ""0% coverage \u2014 confidently dry""}, {""factor"": ""Urban SAR shadow"", ""delta"": -15, ""reason"": ""Dense urban area \u2014 radar shadow can mimic water""}, {""factor"": ""Optical cross-check"", ""delta"": 6, ""reason"": ""Sentinel-2 confirms dry ground \u2014 sensors agree""}]",0,,"{""sar"": ""dry"", ""optical"": ""dry"", ""dem_hydrology"": ""flood""}"
HARV-00933,5767 San Felipe Street,0.0,0.0,0.0,0.0,0.0,Remote-Deny,81,Deny remotely — no significant flooding detected by satellite,Satellite data at 5767 San Felipe Street indicates 0.0ft depth; remote-deny per 81% confidence.,1,1,0.0,"[{""factor"": ""SAR recency"", ""delta"": 8, ""reason"": ""Imagery 3d post-event \u2014 fresh""}, {""factor"": ""Depth certainty"", ""delta"": 10, ""reason"": ""Near-zero depth \u2014 confidently not flooded""}, {""factor"": ""Coverage coherence"", ""delta"": 7, ""reason"": ""0% coverage \u2014 confidently dry""}, {""factor"": ""Urban SAR shadow"", ""delta"": -15, ""reason"": ""Dense urban area \u2014 radar shadow can mimic water""}, {""factor"": ""Optical cross-check"", ""delta"": 6, ""reason"": ""Sentinel-2 confirms dry ground \u2014 sensors agree""}]",0,,"{""sar"": ""dry"", ""optical"": ""dry"", ""dem_hydrology"": ""flood""}"
HARV-00934,5771 San Felipe Street,0.0,0.0,0.0,0.0,0.0,Remote-Deny,81,Deny remotely — no significant flooding detected by satellite,Satellite data at 5771 San Felipe Street indicates 0.0ft depth; remote-deny per 81% confidence.,1,1,0.0,"[{""factor"": ""SAR recency"", ""delta"": 8, ""reason"": ""Imagery 3d post-event \u2014 fresh""}, {""factor"": ""Depth certainty"", ""delta"": 10, ""reason"": ""Near-zero depth \u2014 confidently not flooded""}, {""factor"": ""Coverage coherence"", ""delta"": 7, ""reason"": ""0% coverage \u2014 confidently dry""}, {""factor"": ""Urban SAR shadow"", ""delta"": -15, ""reason"": ""Dense urban area \u2014 radar shadow can mimic water""}, {""factor"": ""Optical cross-check"", ""delta"": 6, ""reason"": ""Sentinel-2 confirms dry ground \u2014 sensors agree""}]",0,,"{""sar"": ""dry"", ""optical"": ""dry"", ""dem_hydrology"": ""flood""}"
HARV-00935,5781 San Felipe Street,0.0,0.0,0.0,0.0,0.0,Remote-Deny,81,Deny remotely — no significant flooding detected by satellite,Satellite data at 5781 San Felipe Street indicates 0.0ft depth; remote-deny per 81% confidence.,1,1,0.0,"[{""factor"": ""SAR recency"", ""delta"": 8, ""reason"": ""Imagery 3d post-event \u2014 fresh""}, {""factor"": ""Depth certainty"", ""delta"": 10, ""reason"": ""Near-zero depth \u2014 confidently not flooded""}, {""factor"": ""Coverage coherence"", ""delta"": 7, ""reason"": ""0% coverage \u2014 confidently dry""}, {""factor"": ""Urban SAR shadow"", ""delta"": -15, ""reason"": ""Dense urban area \u2014 radar shadow can mimic water""}, {""factor"": ""Optical cross-check"", ""delta"": 6, ""reason"": ""Sentinel-2 confirms dry ground \u2014 sensors agree""}]",0,,"{""sar"": ""dry"", ""optical"": ""dry"", ""dem_hydrology"": ""flood""}"
HARV-00936,5783 San Felipe Street,0.0,0.0,0.0,0.0,0.0,Remote-Deny,81,Deny remotely — no significant flooding detected by satellite,Satellite data at 5783 San Felipe Street indicates 0.0ft depth; remote-deny per 81% confidence.,1,1,0.0,"[{""factor"": ""SAR recency"", ""delta"": 8, ""reason"": ""Imagery 3d post-event \u2014 fresh""}, {""factor"": ""Depth certainty"", ""delta"": 10, ""reason"": ""Near-zero depth \u2014 confidently not flooded""}, {""factor"": ""Coverage coherence"", ""delta"": 7, ""reason"": ""0% coverage \u2014 confidently dry""}, {""factor"": ""Urban SAR shadow"", ""delta"": -15, ""reason"": ""Dense urban area \u2014 radar shadow can mimic water""}, {""factor"": ""Optical cross-check"", ""delta"": 6, ""reason"": ""Sentinel-2 confirms dry ground \u2014 sensors agree""}]",0,,"{""sar"": ""dry"", ""optical"": ""dry"", ""dem_hydrology"": ""flood""}"
HARV-00937,5793 San Felipe Street,0.0,0.0,0.0,0.0,0.0,Remote-Deny,81,Deny remotely — no significant flooding detected by satellite,Satellite data at 5793 San Felipe Street indicates 0.0ft depth; remote-deny per 81% confidence.,1,1,0.0,"[{""factor"": ""SAR recency"", ""delta"": 8, ""reason"": ""Imagery 3d post-event \u2014 fresh""}, {""factor"": ""Depth certainty"", ""delta"": 10, ""reason"": ""Near-zero depth \u2014 confidently not flooded""}, {""factor"": ""Coverage coherence"", ""delta"": 7, ""reason"": ""0% coverage \u2014 confidently dry""}, {""factor"": ""Urban SAR shadow"", ""delta"": -15, ""reason"": ""Dense urban area \u2014 radar shadow can mimic water""}, {""factor"": ""Optical cross-check"", ""delta"": 6, ""reason"": ""Sentinel-2 confirms dry ground \u2014 sensors agree""}]",0,,"{""sar"": ""dry"", ""optical"": ""dry"", ""dem_hydrology"": ""flood""}"
HARV-00938,5799 San Felipe Street,0.0,0.0,0.0,0.0,0.0,Remote-Deny,81,Deny remotely — no significant flooding detected by satellite,Satellite data at 5799 San Felipe Street indicates 0.0ft depth; remote-deny per 81% confidence.,1,1,0.0,"[{""factor"": ""SAR recency"", ""delta"": 8, ""reason"": ""Imagery 3d post-event \u2014 fresh""}, {""factor"": ""Depth certainty"", ""delta"": 10, ""reason"": ""Near-zero depth \u2014 confidently not flooded""}, {""factor"": ""Coverage coherence"", ""delta"": 7, ""reason"": ""0% coverage \u2014 confidently dry""}, {""factor"": ""Urban SAR shadow"", ""delta"": -15, ""reason"": ""Dense urban area \u2014 radar shadow can mimic water""}, {""factor"": ""Optical cross-check"", ""delta"": 6, ""reason"": ""Sentinel-2 confirms dry ground \u2014 sensors agree""}]",0,,"{""sar"": ""dry"", ""optical"": ""dry"", ""dem_hydrology"": ""flood""}"
HARV-00939,5785 San Felipe Street,0.0,0.0,0.0,0.0,0.0,Remote-Deny,81,Deny remotely — no significant flooding detected by satellite,Satellite data at 5785 San Felipe Street indicates 0.0ft depth; remote-deny per 81% confidence.,1,1,0.0,"[{""factor"": ""SAR recency"", ""delta"": 8, ""reason"": ""Imagery 3d post-event \u2014 fresh""}, {""factor"": ""Depth certainty"", ""delta"": 10, ""reason"": ""Near-zero depth \u2014 confidently not flooded""}, {""factor"": ""Coverage coherence"", ""delta"": 7, ""reason"": ""0% coverage \u2014 confidently dry""}, {""factor"": ""Urban SAR shadow"", ""delta"": -15, ""reason"": ""Dense urban area \u2014 radar shadow can mimic water""}, {""factor"": ""Optical cross-check"", ""delta"": 6, ""reason"": ""Sentinel-2 confirms dry ground \u2014 sensors agree""}]",0,,"{""sar"": ""dry"", ""optical"": ""dry"", ""dem_hydrology"": ""flood""}"
HARV-00940,5791 San Felipe Street,0.0,0.0,0.0,0.0,0.0,Remote-Deny,81,Deny remotely — no significant flooding detected by satellite,Satellite data at 5791 San Felipe Street indicates 0.0ft depth; remote-deny per 81% confidence.,1,1,0.0,"[{""factor"": ""SAR recency"", ""delta"": 8, ""reason"": ""Imagery 3d post-event \u2014 fresh""}, {""factor"": ""Depth certainty"", ""delta"": 10, ""reason"": ""Near-zero depth \u2014 confidently not flooded""}, {""factor"": ""Coverage coherence"", ""delta"": 7, ""reason"": ""0% coverage \u2014 confidently dry""}, {""factor"": ""Urban SAR shadow"", ""delta"": -15, ""reason"": ""Dense urban area \u2014 radar shadow can mimic water""}, {""factor"": ""Optical cross-check"", ""delta"": 6, ""reason"": ""Sentinel-2 confirms dry ground \u2014 sensors agree""}]",0,,"{""sar"": ""dry"", ""optical"": ""dry"", ""dem_hydrology"": ""flood""}"
HARV-00941,"5898 Memorial Drive, Houston",0.0,0.0,0.0,0.0,0.0,Remote-Deny,81,Deny remotely — no significant flooding detected by satellite,Satellite data at 5898 Memorial Drive indicates 0.0ft depth; remote-deny per 81% confidence.,1,1,0.0,"[{""factor"": ""SAR recency"", ""delta"": 8, ""reason"": ""Imagery 3d post-event \u2014 fresh""}, {""factor"": ""Depth certainty"", ""delta"": 10, ""reason"": ""Near-zero depth \u2014 confidently not flooded""}, {""factor"": ""Coverage coherence"", ""delta"": 7, ""reason"": ""0% coverage \u2014 confidently dry""}, {""factor"": ""Urban SAR shadow"", ""delta"": -15, ""reason"": ""Dense urban area \u2014 radar shadow can mimic water""}, {""factor"": ""Optical cross-check"", ""delta"": 6, ""reason"": ""Sentinel-2 confirms dry ground \u2014 sensors agree""}]",0,,"{""sar"": ""dry"", ""optical"": ""dry"", ""dem_hydrology"": ""dry""}"
HARV-00942,"5100 Westheimer Road, Houston, TX",0.0,0.0,0.0,0.0,0.0,Remote-Deny,81,Deny remotely — no significant flooding detected by satellite,Satellite data at 5100 Westheimer Road indicates 0.0ft depth; remote-deny per 81% confidence.,1,1,0.0,"[{""factor"": ""SAR recency"", ""delta"": 8, ""reason"": ""Imagery 3d post-event \u2014 fresh""}, {""factor"": ""Depth certainty"", ""delta"": 10, ""reason"": ""Near-zero depth \u2014 confidently not flooded""}, {""factor"": ""Coverage coherence"", ""delta"": 7, ""reason"": ""0% coverage \u2014 confidently dry""}, {""factor"": ""Urban SAR shadow"", ""delta"": -15, ""reason"": ""Dense urban area \u2014 radar shadow can mimic water""}, {""factor"": ""Optical cross-check"", ""delta"": 6, ""reason"": ""Sentinel-2 confirms dry ground \u2014 sensors agree""}]",0,,"{""sar"": ""dry"", ""optical"": ""dry"", ""dem_hydrology"": ""dry""}"
HARV-00943,"7533 Westheimer Road, Houston, TX",0.0,0.0,0.0,0.0,0.0,Remote-Deny,81,Deny remotely — no significant flooding detected by satellite,Satellite data at 7533 Westheimer Road indicates 0.0ft depth; remote-deny per 81% confidence.,1,1,0.0,"[{""factor"": ""SAR recency"", ""delta"": 8, ""reason"": ""Imagery 3d post-event \u2014 fresh""}, {""factor"": ""Depth certainty"", ""delta"": 10, ""reason"": ""Near-zero depth \u2014 confidently not flooded""}, {""factor"": ""Coverage coherence"", ""delta"": 7, ""reason"": ""0% coverage \u2014 confidently dry""}, {""factor"": ""Urban SAR shadow"", ""delta"": -15, ""reason"": ""Dense urban area \u2014 radar shadow can mimic water""}, {""factor"": ""Optical cross-check"", ""delta"": 6, ""reason"": ""Sentinel-2 confirms dry ground \u2014 sensors agree""}]",0,,"{""sar"": ""dry"", ""optical"": ""dry"", ""dem_hydrology"": ""abstain""}"
HARV-00944,"7535 Westheimer Road, Houston, TX",0.0,0.0,0.0,0.0,0.0,Remote-Deny,81,Deny remotely — no significant flooding detected by satellite,Satellite data at 7535 Westheimer Road indicates 0.0ft depth; remote-deny per 81% confidence.,1,1,0.0,"[{""factor"": ""SAR recency"", ""delta"": 8, ""reason"": ""Imagery 3d post-event \u2014 fresh""}, {""factor"": ""Depth certainty"", ""delta"": 10, ""reason"": ""Near-zero depth \u2014 confidently not flooded""}, {""factor"": ""Coverage coherence"", ""delta"": 7, ""reason"": ""0% coverage \u2014 confidently dry""}, {""factor"": ""Urban SAR shadow"", ""delta"": -15, ""reason"": ""Dense urban area \u2014 radar shadow can mimic water""}, {""factor"": ""Optical cross-check"", ""delta"": 6, ""reason"": ""Sentinel-2 confirms dry ground \u2014 sensors agree""}]",0,,"{""sar"": ""dry"", ""optical"": ""dry"", ""dem_hydrology"": ""abstain""}"
HARV-00945,"7537 Westheimer Road, Houston, TX",0.0,0.0,0.0,0.0,0.0,Remote-Deny,81,Deny remotely — no significant flooding detected by satellite,Satellite data at 7537 Westheimer Road indicates 0.0ft depth; remote-deny per 81% confidence.,1,1,0.0,"[{""factor"": ""SAR recency"", ""delta"": 8, ""reason"": ""Imagery 3d post-event \u2014 fresh""}, {""factor"": ""Depth certainty"", ""delta"": 10, ""reason"": ""Near-zero depth \u2014 confidently not flooded""}, {""factor"": ""Coverage coherence"", ""delta"": 7, ""reason"": ""0% coverage \u2014 confidently dry""}, {""factor"": ""Urban SAR shadow"", ""delta"": -15, ""reason"": ""Dense urban area \u2014 radar shadow can mimic water""}, {""factor"": ""Optical cross-check"", ""delta"": 6, ""reason"": ""Sentinel-2 confirms dry ground \u2014 sensors agree""}]",0,,"{""sar"": ""dry"", ""optical"": ""dry"", ""dem_hydrology"": ""abstain""}"
HARV-00946,"7539 Westheimer Road, Houston, TX",0.0,0.0,0.0,0.0,0.0,Remote-Deny,81,Deny remotely — no significant flooding detected by satellite,Satellite data at 7539 Westheimer Road indicates 0.0ft depth; remote-deny per 81% confidence.,1,1,0.0,"[{""factor"": ""SAR recency"", ""delta"": 8, ""reason"": ""Imagery 3d post-event \u2014 fresh""}, {""factor"": ""Depth certainty"", ""delta"": 10, ""reason"": ""Near-zero depth \u2014 confidently not flooded""}, {""factor"": ""Coverage coherence"", ""delta"": 7, ""reason"": ""0% coverage \u2014 confidently dry""}, {""factor"": ""Urban SAR shadow"", ""delta"": -15, ""reason"": ""Dense urban area \u2014 radar shadow can mimic water""}, {""factor"": ""Optical cross-check"", ""delta"": 6, ""reason"": ""Sentinel-2 confirms dry ground \u2014 sensors agree""}]",0,,"{""sar"": ""dry"", ""optical"": ""dry"", ""dem_hydrology"": ""abstain""}"
HARV-00947,"7543 Westheimer Road, Houston, TX",0.0,0.0,0.0,0.0,0.0,Remote-Deny,81,Deny remotely — no significant flooding detected by satellite,Satellite data at 7543 Westheimer Road indicates 0.0ft depth; remote-deny per 81% confidence.,1,1,0.0,"[{""factor"": ""SAR recency"", ""delta"": 8, ""reason"": ""Imagery 3d post-event \u2014 fresh""}, {""factor"": ""Depth certainty"", ""delta"": 10, ""reason"": ""Near-zero depth \u2014 confidently not flooded""}, {""factor"": ""Coverage coherence"", ""delta"": 7, ""reason"": ""0% coverage \u2014 confidently dry""}, {""factor"": ""Urban SAR shadow"", ""delta"": -15, ""reason"": ""Dense urban area \u2014 radar shadow can mimic water""}, {""factor"": ""Optical cross-check"", ""delta"": 6, ""reason"": ""Sentinel-2 confirms dry ground \u2014 sensors agree""}]",0,,"{""sar"": ""dry"", ""optical"": ""dry"", ""dem_hydrology"": ""abstain""}"
HARV-00948,"7541 Westheimer Road, Houston, TX",0.0,0.0,0.0,0.0,0.0,Remote-Deny,81,Deny remotely — no significant flooding detected by satellite,Satellite data at 7541 Westheimer Road indicates 0.0ft depth; remote-deny per 81% confidence.,1,1,0.0,"[{""factor"": ""SAR recency"", ""delta"": 8, ""reason"": ""Imagery 3d post-event \u2014 fresh""}, {""factor"": ""Depth certainty"", ""delta"": 10, ""reason"": ""Near-zero depth \u2014 confidently not flooded""}, {""factor"": ""Coverage coherence"", ""delta"": 7, ""reason"": ""0% coverage \u2014 confidently dry""}, {""factor"": ""Urban SAR shadow"", ""delta"": -15, ""reason"": ""Dense urban area \u2014 radar shadow can mimic water""}, {""factor"": ""Optical cross-check"", ""delta"": 6, ""reason"": ""Sentinel-2 confirms dry ground \u2014 sensors agree""}]",0,,"{""sar"": ""dry"", ""optical"": ""dry"", ""dem_hydrology"": ""abstain""}"
HARV-00949,"7549 Westheimer Road, Houston, TX",0.0,0.0,0.0,0.0,0.0,Remote-Deny,81,Deny remotely — no significant flooding detected by satellite,Satellite data at 7549 Westheimer Road indicates 0.0ft depth; remote-deny per 81% confidence.,1,1,0.0,"[{""factor"": ""SAR recency"", ""delta"": 8, ""reason"": ""Imagery 3d post-event \u2014 fresh""}, {""factor"": ""Depth certainty"", ""delta"": 10, ""reason"": ""Near-zero depth \u2014 confidently not flooded""}, {""factor"": ""Coverage coherence"", ""delta"": 7, ""reason"": ""0% coverage \u2014 confidently dry""}, {""factor"": ""Urban SAR shadow"", ""delta"": -15, ""reason"": ""Dense urban area \u2014 radar shadow can mimic water""}, {""factor"": ""Optical cross-check"", ""delta"": 6, ""reason"": ""Sentinel-2 confirms dry ground \u2014 sensors agree""}]",0,,"{""sar"": ""dry"", ""optical"": ""dry"", ""dem_hydrology"": ""abstain""}"
HARV-00950,"7519 Westheimer Road, Houston, TX, 77063",0.0,0.0,0.0,0.0,0.0,Remote-Deny,81,Deny remotely — no significant flooding detected by satellite,Satellite data at 7519 Westheimer Road indicates 0.0ft depth; remote-deny per 81% confidence.,1,1,0.0,"[{""factor"": ""SAR recency"", ""delta"": 8, ""reason"": ""Imagery 3d post-event \u2014 fresh""}, {""factor"": ""Depth certainty"", ""delta"": 10, ""reason"": ""Near-zero depth \u2014 confidently not flooded""}, {""factor"": ""Coverage coherence"", ""delta"": 7, ""reason"": ""0% coverage \u2014 confidently dry""}, {""factor"": ""Urban SAR shadow"", ""delta"": -15, ""reason"": ""Dense urban area \u2014 radar shadow can mimic water""}, {""factor"": ""Optical cross-check"", ""delta"": 6, ""reason"": ""Sentinel-2 confirms dry ground \u2014 sensors agree""}]",0,,"{""sar"": ""dry"", ""optical"": ""dry"", ""dem_hydrology"": ""abstain""}"
HARV-00951,"12600 Dunlap Street, Houston, TX, 77035",0.0,0.0,0.0,0.0,0.0,Remote-Deny,96,Deny remotely — no significant flooding detected by satellite,Satellite data at 12600 Dunlap Street indicates 0.0ft depth; remote-deny per 96% confidence.,0,1,0.0,"[{""factor"": ""SAR recency"", ""delta"": 8, ""reason"": ""Imagery 3d post-event \u2014 fresh""}, {""factor"": ""Depth certainty"", ""delta"": 10, ""reason"": ""Near-zero depth \u2014 confidently not flooded""}, {""factor"": ""Coverage coherence"", ""delta"": 7, ""reason"": ""0% coverage \u2014 confidently dry""}, {""factor"": ""Optical cross-check"", ""delta"": 6, ""reason"": ""Sentinel-2 confirms dry ground \u2014 sensors agree""}]",0,,"{""sar"": ""dry"", ""optical"": ""dry"", ""dem_hydrology"": ""flood""}"
HARV-00952,"11630 Chimney Rock Road, Houston, TX, 77035",0.0,0.0,0.0,0.0,0.0,Remote-Deny,96,Deny remotely — no significant flooding detected by satellite,Satellite data at 11630 Chimney Rock Road indicates 0.0ft depth; remote-deny per 96% confidence.,0,1,0.0,"[{""factor"": ""SAR recency"", ""delta"": 8, ""reason"": ""Imagery 3d post-event \u2014 fresh""}, {""factor"": ""Depth certainty"", ""delta"": 10, ""reason"": ""Near-zero depth \u2014 confidently not flooded""}, {""factor"": ""Coverage coherence"", ""delta"": 7, ""reason"": ""0% coverage \u2014 confidently dry""}, {""factor"": ""Optical cross-check"", ""delta"": 6, ""reason"": ""Sentinel-2 confirms dry ground \u2014 sensors agree""}]",0,,"{""sar"": ""dry"", ""optical"": ""dry"", ""dem_hydrology"": ""abstain""}"
HARV-00953,"3055 Sage Road, 77056",0.0,0.0,0.0,0.0,0.0,Remote-Deny,81,Deny remotely — no significant flooding detected by satellite,Satellite data at 3055 Sage Road indicates 0.0ft depth; remote-deny per 81% confidence.,1,1,0.0314,"[{""factor"": ""SAR recency"", ""delta"": 8, ""reason"": ""Imagery 3d post-event \u2014 fresh""}, {""factor"": ""Depth certainty"", ""delta"": 10, ""reason"": ""Near-zero depth \u2014 confidently not flooded""}, {""factor"": ""Coverage coherence"", ""delta"": 7, ""reason"": ""0% coverage \u2014 confidently dry""}, {""factor"": ""Urban SAR shadow"", ""delta"": -15, ""reason"": ""Dense urban area \u2014 radar shadow can mimic water""}, {""factor"": ""Optical cross-check"", ""delta"": 6, ""reason"": ""Sentinel-2 confirms dry ground \u2014 sensors agree""}]",0,,"{""sar"": ""dry"", ""optical"": ""dry"", ""dem_hydrology"": ""dry""}"
HARV-00954,"636 Hwy 90 A, Missouri City, TX, 77489",0.0,0.0,0.0,0.0,0.0,Remote-Deny,81,Deny remotely — no significant flooding detected by satellite,Satellite data at 636 Hwy 90 A indicates 0.0ft depth; remote-deny per 81% confidence.,1,1,0.0,"[{""factor"": ""SAR recency"", ""delta"": 8, ""reason"": ""Imagery 3d post-event \u2014 fresh""}, {""factor"": ""Depth certainty"", ""delta"": 10, ""reason"": ""Near-zero depth \u2014 confidently not flooded""}, {""factor"": ""Coverage coherence"", ""delta"": 7, ""reason"": ""0% coverage \u2014 confidently dry""}, {""factor"": ""Urban SAR shadow"", ""delta"": -15, ""reason"": ""Dense urban area \u2014 radar shadow can mimic water""}, {""factor"": ""Optical cross-check"", ""delta"": 6, ""reason"": ""Sentinel-2 confirms dry ground \u2014 sensors agree""}]",0,,"{""sar"": ""dry"", ""optical"": ""dry"", ""dem_hydrology"": ""dry""}"
HARV-00955,"5005 Riverway Drive, Houston, TX, 77056",0.0,0.0,0.0,0.0,0.0,Review,75,Flag for manual review — borderline measurements or low confidence,Satellite data at 5005 Riverway Drive indicates 0.0ft depth; review per 75% confidence.,1,1,0.2517,"[{""factor"": ""SAR recency"", ""delta"": 8, ""reason"": ""Imagery 3d post-event \u2014 fresh""}, {""factor"": ""Depth certainty"", ""delta"": 10, ""reason"": ""Near-zero depth \u2014 confidently not flooded""}, {""factor"": ""Coverage coherence"", ""delta"": 7, ""reason"": ""0% coverage \u2014 confidently dry""}, {""factor"": ""Urban SAR shadow"", ""delta"": -15, ""reason"": ""Dense urban area \u2014 radar shadow can mimic water""}]",1,"Sensors disagree: optical indicate flooding while SAR, DEM-hydrology indicate dry/implausible — routed to manual review.","{""sar"": ""dry"", ""optical"": ""flood"", ""dem_hydrology"": ""dry""}"
HARV-00956,"1 Westcott Street, Houston, TX",0.0,0.0,0.0,0.0,0.0,Review,90,Flag for manual review — independent sensors (SAR/optical/DEM) disagree,Satellite data at 1 Westcott Street indicates 0.0ft depth; review per 90% confidence.,0,1,0.1102,"[{""factor"": ""SAR recency"", ""delta"": 8, ""reason"": ""Imagery 3d post-event \u2014 fresh""}, {""factor"": ""Depth certainty"", ""delta"": 10, ""reason"": ""Near-zero depth \u2014 confidently not flooded""}, {""factor"": ""Coverage coherence"", ""delta"": 7, ""reason"": ""0% coverage \u2014 confidently dry""}]",1,"Sensors disagree: optical indicate flooding while SAR, DEM-hydrology indicate dry/implausible — routed to manual review.","{""sar"": ""dry"", ""optical"": ""flood"", ""dem_hydrology"": ""dry""}"
HARV-00957,"9916 Honeywell, Houston, TX, 77074",0.0,0.0,0.0,0.0,0.0,Remote-Deny,81,Deny remotely — no significant flooding detected by satellite,Satellite data at 9916 Honeywell indicates 0.0ft depth; remote-deny per 81% confidence.,1,1,0.0,"[{""factor"": ""SAR recency"", ""delta"": 8, ""reason"": ""Imagery 3d post-event \u2014 fresh""}, {""factor"": ""Depth certainty"", ""delta"": 10, ""reason"": ""Near-zero depth \u2014 confidently not flooded""}, {""factor"": ""Coverage coherence"", ""delta"": 7, ""reason"": ""0% coverage \u2014 confidently dry""}, {""factor"": ""Urban SAR shadow"", ""delta"": -15, ""reason"": ""Dense urban area \u2014 radar shadow can mimic water""}, {""factor"": ""Optical cross-check"", ""delta"": 6, ""reason"": ""Sentinel-2 confirms dry ground \u2014 sensors agree""}]",0,,"{""sar"": ""dry"", ""optical"": ""dry"", ""dem_hydrology"": ""dry""}"
HARV-00958,"5409 South Rice Avenue, Houston, TX, 77081",0.0,0.0,0.0,0.0,0.0,Review,75,Flag for manual review — borderline measurements or low confidence,Satellite data at 5409 South Rice Avenue indicates 0.0ft depth; review per 75% confidence.,1,1,0.1162,"[{""factor"": ""SAR recency"", ""delta"": 8, ""reason"": ""Imagery 3d post-event \u2014 fresh""}, {""factor"": ""Depth certainty"", ""delta"": 10, ""reason"": ""Near-zero depth \u2014 confidently not flooded""}, {""factor"": ""Coverage coherence"", ""delta"": 7, ""reason"": ""0% coverage \u2014 confidently dry""}, {""factor"": ""Urban SAR shadow"", ""delta"": -15, ""reason"": ""Dense urban area \u2014 radar shadow can mimic water""}]",1,"Sensors disagree: optical, DEM-hydrology indicate flooding while SAR indicate dry/implausible — routed to manual review.","{""sar"": ""dry"", ""optical"": ""flood"", ""dem_hydrology"": ""flood""}"
HARV-00959,"2200 Post Oak Boulevard, Houston, TX, 77056",0.0,0.0,0.0,0.0,0.0,Review,75,Flag for manual review — borderline measurements or low confidence,Satellite data at 2200 Post Oak Boulevard indicates 0.0ft depth; review per 75% confidence.,1,1,0.0817,"[{""factor"": ""SAR recency"", ""delta"": 8, ""reason"": ""Imagery 3d post-event \u2014 fresh""}, {""factor"": ""Depth certainty"", ""delta"": 10, ""reason"": ""Near-zero depth \u2014 confidently not flooded""}, {""factor"": ""Coverage coherence"", ""delta"": 7, ""reason"": ""0% coverage \u2014 confidently dry""}, {""factor"": ""Urban SAR shadow"", ""delta"": -15, ""reason"": ""Dense urban area \u2014 radar shadow can mimic water""}]",0,,"{""sar"": ""dry"", ""optical"": ""abstain"", ""dem_hydrology"": ""flood""}"
HARV-00960,"2200 Post Oak Boulevard, Houston, TX",0.0,0.0,0.0,0.0,0.0,Review,75,Flag for manual review — borderline measurements or low confidence,Satellite data at 2200 Post Oak Boulevard indicates 0.0ft depth; review per 75% confidence.,1,1,0.5196,"[{""factor"": ""SAR recency"", ""delta"": 8, ""reason"": ""Imagery 3d post-event \u2014 fresh""}, {""factor"": ""Depth certainty"", ""delta"": 10, ""reason"": ""Near-zero depth \u2014 confidently not flooded""}, {""factor"": ""Coverage coherence"", ""delta"": 7, ""reason"": ""0% coverage \u2014 confidently dry""}, {""factor"": ""Urban SAR shadow"", ""delta"": -15, ""reason"": ""Dense urban area \u2014 radar shadow can mimic water""}]",1,Sensors disagree: optical indicate flooding while SAR indicate dry/implausible — routed to manual review.,"{""sar"": ""dry"", ""optical"": ""flood"", ""dem_hydrology"": ""abstain""}"
HARV-00961,"7505 Main Street, Houston, TX, 77030",0.0,0.0,0.0,0.0,0.0,Remote-Deny,81,Deny remotely — no significant flooding detected by satellite,Satellite data at 7505 Main Street indicates 0.0ft depth; remote-deny per 81% confidence.,1,1,0.0,"[{""factor"": ""SAR recency"", ""delta"": 8, ""reason"": ""Imagery 3d post-event \u2014 fresh""}, {""factor"": ""Depth certainty"", ""delta"": 10, ""reason"": ""Near-zero depth \u2014 confidently not flooded""}, {""factor"": ""Coverage coherence"", ""delta"": 7, ""reason"": ""0% coverage \u2014 confidently dry""}, {""factor"": ""Urban SAR shadow"", ""delta"": -15, ""reason"": ""Dense urban area \u2014 radar shadow can mimic water""}, {""factor"": ""Optical cross-check"", ""delta"": 6, ""reason"": ""Sentinel-2 confirms dry ground \u2014 sensors agree""}]",0,,"{""sar"": ""dry"", ""optical"": ""dry"", ""dem_hydrology"": ""dry""}"
HARV-00962,1151 Uptown Park Boulevard,0.0,0.0,0.0,0.0,0.0,Remote-Deny,81,Deny remotely — no significant flooding detected by satellite,Satellite data at 1151 Uptown Park Boulevard indicates 0.0ft depth; remote-deny per 81% confidence.,1,1,0.0,"[{""factor"": ""SAR recency"", ""delta"": 8, ""reason"": ""Imagery 3d post-event \u2014 fresh""}, {""factor"": ""Depth certainty"", ""delta"": 10, ""reason"": ""Near-zero depth \u2014 confidently not flooded""}, {""factor"": ""Coverage coherence"", ""delta"": 7, ""reason"": ""0% coverage \u2014 confidently dry""}, {""factor"": ""Urban SAR shadow"", ""delta"": -15, ""reason"": ""Dense urban area \u2014 radar shadow can mimic water""}, {""factor"": ""Optical cross-check"", ""delta"": 6, ""reason"": ""Sentinel-2 confirms dry ground \u2014 sensors agree""}]",0,,"{""sar"": ""dry"", ""optical"": ""dry"", ""dem_hydrology"": ""flood""}"
HARV-00963,1141 Uptown Park Boulevard,0.0,0.0,0.0,0.0,0.0,Review,75,Flag for manual review — borderline measurements or low confidence,Satellite data at 1141 Uptown Park Boulevard indicates 0.0ft depth; review per 75% confidence.,1,1,0.1163,"[{""factor"": ""SAR recency"", ""delta"": 8, ""reason"": ""Imagery 3d post-event \u2014 fresh""}, {""factor"": ""Depth certainty"", ""delta"": 10, ""reason"": ""Near-zero depth \u2014 confidently not flooded""}, {""factor"": ""Coverage coherence"", ""delta"": 7, ""reason"": ""0% coverage \u2014 confidently dry""}, {""factor"": ""Urban SAR shadow"", ""delta"": -15, ""reason"": ""Dense urban area \u2014 radar shadow can mimic water""}]",1,Sensors disagree: optical indicate flooding while SAR indicate dry/implausible — routed to manual review.,"{""sar"": ""dry"", ""optical"": ""flood"", ""dem_hydrology"": ""abstain""}"
HARV-00964,1111 Uptown Park Boulevard,0.0,0.0,0.0,0.0,0.0,Remote-Deny,81,Deny remotely — no significant flooding detected by satellite,Satellite data at 1111 Uptown Park Boulevard indicates 0.0ft depth; remote-deny per 81% confidence.,1,1,0.0,"[{""factor"": ""SAR recency"", ""delta"": 8, ""reason"": ""Imagery 3d post-event \u2014 fresh""}, {""factor"": ""Depth certainty"", ""delta"": 10, ""reason"": ""Near-zero depth \u2014 confidently not flooded""}, {""factor"": ""Coverage coherence"", ""delta"": 7, ""reason"": ""0% coverage \u2014 confidently dry""}, {""factor"": ""Urban SAR shadow"", ""delta"": -15, ""reason"": ""Dense urban area \u2014 radar shadow can mimic water""}, {""factor"": ""Optical cross-check"", ""delta"": 6, ""reason"": ""Sentinel-2 confirms dry ground \u2014 sensors agree""}]",0,,"{""sar"": ""dry"", ""optical"": ""dry"", ""dem_hydrology"": ""dry""}"
HARV-00965,1180 Uptown Park Boulevard,0.0,0.0,0.0,0.0,0.0,Remote-Deny,81,Deny remotely — no significant flooding detected by satellite,Satellite data at 1180 Uptown Park Boulevard indicates 0.0ft depth; remote-deny per 81% confidence.,1,1,0.0,"[{""factor"": ""SAR recency"", ""delta"": 8, ""reason"": ""Imagery 3d post-event \u2014 fresh""}, {""factor"": ""Depth certainty"", ""delta"": 10, ""reason"": ""Near-zero depth \u2014 confidently not flooded""}, {""factor"": ""Coverage coherence"", ""delta"": 7, ""reason"": ""0% coverage \u2014 confidently dry""}, {""factor"": ""Urban SAR shadow"", ""delta"": -15, ""reason"": ""Dense urban area \u2014 radar shadow can mimic water""}, {""factor"": ""Optical cross-check"", ""delta"": 6, ""reason"": ""Sentinel-2 confirms dry ground \u2014 sensors agree""}]",0,,"{""sar"": ""dry"", ""optical"": ""dry"", ""dem_hydrology"": ""abstain""}"
HARV-00966,"5706 San Felipe Street, Houston, TX, 77057",0.0,0.0,0.0,0.0,0.0,Remote-Deny,81,Deny remotely — no significant flooding detected by satellite,Satellite data at 5706 San Felipe Street indicates 0.0ft depth; remote-deny per 81% confidence.,1,1,0.0,"[{""factor"": ""SAR recency"", ""delta"": 8, ""reason"": ""Imagery 3d post-event \u2014 fresh""}, {""factor"": ""Depth certainty"", ""delta"": 10, ""reason"": ""Near-zero depth \u2014 confidently not flooded""}, {""factor"": ""Coverage coherence"", ""delta"": 7, ""reason"": ""0% coverage \u2014 confidently dry""}, {""factor"": ""Urban SAR shadow"", ""delta"": -15, ""reason"": ""Dense urban area \u2014 radar shadow can mimic water""}, {""factor"": ""Optical cross-check"", ""delta"": 6, ""reason"": ""Sentinel-2 confirms dry ground \u2014 sensors agree""}]",0,,"{""sar"": ""dry"", ""optical"": ""dry"", ""dem_hydrology"": ""flood""}"
HARV-00967,5706 San Felipe Street,0.0,0.0,0.0,0.0,0.0,Remote-Deny,81,Deny remotely — no significant flooding detected by satellite,Satellite data at 5706 San Felipe Street indicates 0.0ft depth; remote-deny per 81% confidence.,1,1,0.0,"[{""factor"": ""SAR recency"", ""delta"": 8, ""reason"": ""Imagery 3d post-event \u2014 fresh""}, {""factor"": ""Depth certainty"", ""delta"": 10, ""reason"": ""Near-zero depth \u2014 confidently not flooded""}, {""factor"": ""Coverage coherence"", ""delta"": 7, ""reason"": ""0% coverage \u2014 confidently dry""}, {""factor"": ""Urban SAR shadow"", ""delta"": -15, ""reason"": ""Dense urban area \u2014 radar shadow can mimic water""}, {""factor"": ""Optical cross-check"", ""delta"": 6, ""reason"": ""Sentinel-2 confirms dry ground \u2014 sensors agree""}]",0,,"{""sar"": ""dry"", ""optical"": ""dry"", ""dem_hydrology"": ""flood""}"
HARV-00968,4216 San Felipe Street,0.0,0.0,0.0,0.0,0.0,Review,75,Flag for manual review — borderline measurements or low confidence,Satellite data at 4216 San Felipe Street indicates 0.0ft depth; review per 75% confidence.,1,1,0.095,"[{""factor"": ""SAR recency"", ""delta"": 8, ""reason"": ""Imagery 3d post-event \u2014 fresh""}, {""factor"": ""Depth certainty"", ""delta"": 10, ""reason"": ""Near-zero depth \u2014 confidently not flooded""}, {""factor"": ""Coverage coherence"", ""delta"": 7, ""reason"": ""0% coverage \u2014 confidently dry""}, {""factor"": ""Urban SAR shadow"", ""delta"": -15, ""reason"": ""Dense urban area \u2014 radar shadow can mimic water""}]",0,,"{""sar"": ""dry"", ""optical"": ""abstain"", ""dem_hydrology"": ""flood""}"
HARV-00969,"1800 Post Oak Boulevard, Houston, TX",0.0,0.0,0.0,0.0,0.0,Remote-Deny,81,Deny remotely — no significant flooding detected by satellite,Satellite data at 1800 Post Oak Boulevard indicates 0.0ft depth; remote-deny per 81% confidence.,1,1,0.0,"[{""factor"": ""SAR recency"", ""delta"": 8, ""reason"": ""Imagery 3d post-event \u2014 fresh""}, {""factor"": ""Depth certainty"", ""delta"": 10, ""reason"": ""Near-zero depth \u2014 confidently not flooded""}, {""factor"": ""Coverage coherence"", ""delta"": 7, ""reason"": ""0% coverage \u2014 confidently dry""}, {""factor"": ""Urban SAR shadow"", ""delta"": -15, ""reason"": ""Dense urban area \u2014 radar shadow can mimic water""}, {""factor"": ""Optical cross-check"", ""delta"": 6, ""reason"": ""Sentinel-2 confirms dry ground \u2014 sensors agree""}]",0,,"{""sar"": ""dry"", ""optical"": ""dry"", ""dem_hydrology"": ""abstain""}"
HARV-00970,"1605 South Post Oak Lane, Houston, TX, 77056",0.0,0.0,0.0,0.0,0.0,Review,75,Flag for manual review — borderline measurements or low confidence,Satellite data at 1605 South Post Oak Lane indicates 0.0ft depth; review per 75% confidence.,1,1,0.2628,"[{""factor"": ""SAR recency"", ""delta"": 8, ""reason"": ""Imagery 3d post-event \u2014 fresh""}, {""factor"": ""Depth certainty"", ""delta"": 10, ""reason"": ""Near-zero depth \u2014 confidently not flooded""}, {""factor"": ""Coverage coherence"", ""delta"": 7, ""reason"": ""0% coverage \u2014 confidently dry""}, {""factor"": ""Urban SAR shadow"", ""delta"": -15, ""reason"": ""Dense urban area \u2014 radar shadow can mimic water""}]",1,Sensors disagree: optical indicate flooding while SAR indicate dry/implausible — routed to manual review.,"{""sar"": ""dry"", ""optical"": ""flood"", ""dem_hydrology"": ""abstain""}"
HARV-00971,4224 San Felipe Street,0.0,0.0,0.0,0.0,0.0,Remote-Deny,81,Deny remotely — no significant flooding detected by satellite,Satellite data at 4224 San Felipe Street indicates 0.0ft depth; remote-deny per 81% confidence.,1,1,0.0246,"[{""factor"": ""SAR recency"", ""delta"": 8, ""reason"": ""Imagery 3d post-event \u2014 fresh""}, {""factor"": ""Depth certainty"", ""delta"": 10, ""reason"": ""Near-zero depth \u2014 confidently not flooded""}, {""factor"": ""Coverage coherence"", ""delta"": 7, ""reason"": ""0% coverage \u2014 confidently dry""}, {""factor"": ""Urban SAR shadow"", ""delta"": -15, ""reason"": ""Dense urban area \u2014 radar shadow can mimic water""}, {""factor"": ""Optical cross-check"", ""delta"": 6, ""reason"": ""Sentinel-2 confirms dry ground \u2014 sensors agree""}]",0,,"{""sar"": ""dry"", ""optical"": ""dry"", ""dem_hydrology"": ""flood""}"
HARV-00972,4222 San Felipe Street,0.0,0.0,0.0,0.0,0.0,Review,75,Flag for manual review — borderline measurements or low confidence,Satellite data at 4222 San Felipe Street indicates 0.0ft depth; review per 75% confidence.,1,1,0.0502,"[{""factor"": ""SAR recency"", ""delta"": 8, ""reason"": ""Imagery 3d post-event \u2014 fresh""}, {""factor"": ""Depth certainty"", ""delta"": 10, ""reason"": ""Near-zero depth \u2014 confidently not flooded""}, {""factor"": ""Coverage coherence"", ""delta"": 7, ""reason"": ""0% coverage \u2014 confidently dry""}, {""factor"": ""Urban SAR shadow"", ""delta"": -15, ""reason"": ""Dense urban area \u2014 radar shadow can mimic water""}]",0,,"{""sar"": ""dry"", ""optical"": ""abstain"", ""dem_hydrology"": ""flood""}"
HARV-00973,4200 San Felipe Street,0.0,0.0,0.0,0.0,0.0,Review,75,Flag for manual review — borderline measurements or low confidence,Satellite data at 4200 San Felipe Street indicates 0.0ft depth; review per 75% confidence.,1,1,0.0776,"[{""factor"": ""SAR recency"", ""delta"": 8, ""reason"": ""Imagery 3d post-event \u2014 fresh""}, {""factor"": ""Depth certainty"", ""delta"": 10, ""reason"": ""Near-zero depth \u2014 confidently not flooded""}, {""factor"": ""Coverage coherence"", ""delta"": 7, ""reason"": ""0% coverage \u2014 confidently dry""}, {""factor"": ""Urban SAR shadow"", ""delta"": -15, ""reason"": ""Dense urban area \u2014 radar shadow can mimic water""}]",0,,"{""sar"": ""dry"", ""optical"": ""abstain"", ""dem_hydrology"": ""flood""}"
HARV-00974,1607 South Post Oak Lane,0.0,0.0,0.0,0.0,0.0,Review,75,Flag for manual review — borderline measurements or low confidence,Satellite data at 1607 South Post Oak Lane indicates 0.0ft depth; review per 75% confidence.,1,1,0.262,"[{""factor"": ""SAR recency"", ""delta"": 8, ""reason"": ""Imagery 3d post-event \u2014 fresh""}, {""factor"": ""Depth certainty"", ""delta"": 10, ""reason"": ""Near-zero depth \u2014 confidently not flooded""}, {""factor"": ""Coverage coherence"", ""delta"": 7, ""reason"": ""0% coverage \u2014 confidently dry""}, {""factor"": ""Urban SAR shadow"", ""delta"": -15, ""reason"": ""Dense urban area \u2014 radar shadow can mimic water""}]",1,Sensors disagree: optical indicate flooding while SAR indicate dry/implausible — routed to manual review.,"{""sar"": ""dry"", ""optical"": ""flood"", ""dem_hydrology"": ""abstain""}"
HARV-00975,4210 San Felipe Street,0.0,0.0,0.0,0.0,0.0,Review,75,Flag for manual review — borderline measurements or low confidence,Satellite data at 4210 San Felipe Street indicates 0.0ft depth; review per 75% confidence.,1,1,0.0729,"[{""factor"": ""SAR recency"", ""delta"": 8, ""reason"": ""Imagery 3d post-event \u2014 fresh""}, {""factor"": ""Depth certainty"", ""delta"": 10, ""reason"": ""Near-zero depth \u2014 confidently not flooded""}, {""factor"": ""Coverage coherence"", ""delta"": 7, ""reason"": ""0% coverage \u2014 confidently dry""}, {""factor"": ""Urban SAR shadow"", ""delta"": -15, ""reason"": ""Dense urban area \u2014 radar shadow can mimic water""}]",0,,"{""sar"": ""dry"", ""optical"": ""abstain"", ""dem_hydrology"": ""flood""}"
HARV-00976,4212 San Felipe Street,0.0,0.0,0.0,0.0,0.0,Review,75,Flag for manual review — borderline measurements or low confidence,Satellite data at 4212 San Felipe Street indicates 0.0ft depth; review per 75% confidence.,1,1,0.0934,"[{""factor"": ""SAR recency"", ""delta"": 8, ""reason"": ""Imagery 3d post-event \u2014 fresh""}, {""factor"": ""Depth certainty"", ""delta"": 10, ""reason"": ""Near-zero depth \u2014 confidently not flooded""}, {""factor"": ""Coverage coherence"", ""delta"": 7, ""reason"": ""0% coverage \u2014 confidently dry""}, {""factor"": ""Urban SAR shadow"", ""delta"": -15, ""reason"": ""Dense urban area \u2014 radar shadow can mimic water""}]",0,,"{""sar"": ""dry"", ""optical"": ""abstain"", ""dem_hydrology"": ""flood""}"
HARV-00977,4220 San Felipe Street,0.0,0.0,0.0,0.0,0.0,Review,75,Flag for manual review — borderline measurements or low confidence,Satellite data at 4220 San Felipe Street indicates 0.0ft depth; review per 75% confidence.,1,1,0.0753,"[{""factor"": ""SAR recency"", ""delta"": 8, ""reason"": ""Imagery 3d post-event \u2014 fresh""}, {""factor"": ""Depth certainty"", ""delta"": 10, ""reason"": ""Near-zero depth \u2014 confidently not flooded""}, {""factor"": ""Coverage coherence"", ""delta"": 7, ""reason"": ""0% coverage \u2014 confidently dry""}, {""factor"": ""Urban SAR shadow"", ""delta"": -15, ""reason"": ""Dense urban area \u2014 radar shadow can mimic water""}]",0,,"{""sar"": ""dry"", ""optical"": ""abstain"", ""dem_hydrology"": ""flood""}"
HARV-00978,4206 San Felipe Street,0.0,0.0,0.0,0.0,0.0,Remote-Deny,81,Deny remotely — no significant flooding detected by satellite,Satellite data at 4206 San Felipe Street indicates 0.0ft depth; remote-deny per 81% confidence.,1,1,0.0456,"[{""factor"": ""SAR recency"", ""delta"": 8, ""reason"": ""Imagery 3d post-event \u2014 fresh""}, {""factor"": ""Depth certainty"", ""delta"": 10, ""reason"": ""Near-zero depth \u2014 confidently not flooded""}, {""factor"": ""Coverage coherence"", ""delta"": 7, ""reason"": ""0% coverage \u2014 confidently dry""}, {""factor"": ""Urban SAR shadow"", ""delta"": -15, ""reason"": ""Dense urban area \u2014 radar shadow can mimic water""}, {""factor"": ""Optical cross-check"", ""delta"": 6, ""reason"": ""Sentinel-2 confirms dry ground \u2014 sensors agree""}]",0,,"{""sar"": ""dry"", ""optical"": ""dry"", ""dem_hydrology"": ""flood""}"
HARV-00979,1609 South Post Oak Lane,0.0,0.0,0.0,0.0,0.0,Review,75,Flag for manual review — borderline measurements or low confidence,Satellite data at 1609 South Post Oak Lane indicates 0.0ft depth; review per 75% confidence.,1,1,0.2229,"[{""factor"": ""SAR recency"", ""delta"": 8, ""reason"": ""Imagery 3d post-event \u2014 fresh""}, {""factor"": ""Depth certainty"", ""delta"": 10, ""reason"": ""Near-zero depth \u2014 confidently not flooded""}, {""factor"": ""Coverage coherence"", ""delta"": 7, ""reason"": ""0% coverage \u2014 confidently dry""}, {""factor"": ""Urban SAR shadow"", ""delta"": -15, ""reason"": ""Dense urban area \u2014 radar shadow can mimic water""}]",1,Sensors disagree: optical indicate flooding while SAR indicate dry/implausible — routed to manual review.,"{""sar"": ""dry"", ""optical"": ""flood"", ""dem_hydrology"": ""abstain""}"
HARV-00980,1675 South Voss Road,0.0,0.0,0.0,0.0,0.0,Review,75,Flag for manual review — borderline measurements or low confidence,Satellite data at 1675 South Voss Road indicates 0.0ft depth; review per 75% confidence.,1,1,0.1142,"[{""factor"": ""SAR recency"", ""delta"": 8, ""reason"": ""Imagery 3d post-event \u2014 fresh""}, {""factor"": ""Depth certainty"", ""delta"": 10, ""reason"": ""Near-zero depth \u2014 confidently not flooded""}, {""factor"": ""Coverage coherence"", ""delta"": 7, ""reason"": ""0% coverage \u2014 confidently dry""}, {""factor"": ""Urban SAR shadow"", ""delta"": -15, ""reason"": ""Dense urban area \u2014 radar shadow can mimic water""}]",1,"Sensors disagree: optical, DEM-hydrology indicate flooding while SAR indicate dry/implausible — routed to manual review.","{""sar"": ""dry"", ""optical"": ""flood"", ""dem_hydrology"": ""flood""}"
HARV-00981,2520 South Voss Road,0.0,0.0,0.0,0.0,0.0,Review,75,Flag for manual review — borderline measurements or low confidence,Satellite data at 2520 South Voss Road indicates 0.0ft depth; review per 75% confidence.,1,1,0.2759,"[{""factor"": ""SAR recency"", ""delta"": 8, ""reason"": ""Imagery 3d post-event \u2014 fresh""}, {""factor"": ""Depth certainty"", ""delta"": 10, ""reason"": ""Near-zero depth \u2014 confidently not flooded""}, {""factor"": ""Coverage coherence"", ""delta"": 7, ""reason"": ""0% coverage \u2014 confidently dry""}, {""factor"": ""Urban SAR shadow"", ""delta"": -15, ""reason"": ""Dense urban area \u2014 radar shadow can mimic water""}]",1,"Sensors disagree: optical, DEM-hydrology indicate flooding while SAR indicate dry/implausible — routed to manual review.","{""sar"": ""dry"", ""optical"": ""flood"", ""dem_hydrology"": ""flood""}"
HARV-00982,1635 South Voss Road,0.0,0.0,0.0,0.0,0.0,Remote-Deny,81,Deny remotely — no significant flooding detected by satellite,Satellite data at 1635 South Voss Road indicates 0.0ft depth; remote-deny per 81% confidence.,1,1,0.01,"[{""factor"": ""SAR recency"", ""delta"": 8, ""reason"": ""Imagery 3d post-event \u2014 fresh""}, {""factor"": ""Depth certainty"", ""delta"": 10, ""reason"": ""Near-zero depth \u2014 confidently not flooded""}, {""factor"": ""Coverage coherence"", ""delta"": 7, ""reason"": ""0% coverage \u2014 confidently dry""}, {""factor"": ""Urban SAR shadow"", ""delta"": -15, ""reason"": ""Dense urban area \u2014 radar shadow can mimic water""}, {""factor"": ""Optical cross-check"", ""delta"": 6, ""reason"": ""Sentinel-2 confirms dry ground \u2014 sensors agree""}]",0,,"{""sar"": ""dry"", ""optical"": ""dry"", ""dem_hydrology"": ""flood""}"
HARV-00983,1665 South Voss Road,0.0,0.0,0.0,0.0,0.0,Review,75,Flag for manual review — borderline measurements or low confidence,Satellite data at 1665 South Voss Road indicates 0.0ft depth; review per 75% confidence.,1,1,0.116,"[{""factor"": ""SAR recency"", ""delta"": 8, ""reason"": ""Imagery 3d post-event \u2014 fresh""}, {""factor"": ""Depth certainty"", ""delta"": 10, ""reason"": ""Near-zero depth \u2014 confidently not flooded""}, {""factor"": ""Coverage coherence"", ""delta"": 7, ""reason"": ""0% coverage \u2014 confidently dry""}, {""factor"": ""Urban SAR shadow"", ""delta"": -15, ""reason"": ""Dense urban area \u2014 radar shadow can mimic water""}]",1,"Sensors disagree: optical, DEM-hydrology indicate flooding while SAR indicate dry/implausible — routed to manual review.","{""sar"": ""dry"", ""optical"": ""flood"", ""dem_hydrology"": ""flood""}"
HARV-00984,"2526 South Voss Road, Houston, TX",0.0,0.0,0.0,0.0,0.0,Review,75,Flag for manual review — borderline measurements or low confidence,Satellite data at 2526 South Voss Road indicates 0.0ft depth; review per 75% confidence.,1,1,0.2654,"[{""factor"": ""SAR recency"", ""delta"": 8, ""reason"": ""Imagery 3d post-event \u2014 fresh""}, {""factor"": ""Depth certainty"", ""delta"": 10, ""reason"": ""Near-zero depth \u2014 confidently not flooded""}, {""factor"": ""Coverage coherence"", ""delta"": 7, ""reason"": ""0% coverage \u2014 confidently dry""}, {""factor"": ""Urban SAR shadow"", ""delta"": -15, ""reason"": ""Dense urban area \u2014 radar shadow can mimic water""}]",1,"Sensors disagree: optical, DEM-hydrology indicate flooding while SAR indicate dry/implausible — routed to manual review.","{""sar"": ""dry"", ""optical"": ""flood"", ""dem_hydrology"": ""flood""}"
HARV-00985,1661 South Voss Road,0.0,0.0,0.0,0.0,0.0,Review,75,Flag for manual review — borderline measurements or low confidence,Satellite data at 1661 South Voss Road indicates 0.0ft depth; review per 75% confidence.,1,1,0.1165,"[{""factor"": ""SAR recency"", ""delta"": 8, ""reason"": ""Imagery 3d post-event \u2014 fresh""}, {""factor"": ""Depth certainty"", ""delta"": 10, ""reason"": ""Near-zero depth \u2014 confidently not flooded""}, {""factor"": ""Coverage coherence"", ""delta"": 7, ""reason"": ""0% coverage \u2014 confidently dry""}, {""factor"": ""Urban SAR shadow"", ""delta"": -15, ""reason"": ""Dense urban area \u2014 radar shadow can mimic water""}]",1,"Sensors disagree: optical, DEM-hydrology indicate flooding while SAR indicate dry/implausible — routed to manual review.","{""sar"": ""dry"", ""optical"": ""flood"", ""dem_hydrology"": ""flood""}"
HARV-00986,1717 South Voss Road,0.0,0.0,0.0,0.0,0.0,Remote-Deny,81,Deny remotely — no significant flooding detected by satellite,Satellite data at 1717 South Voss Road indicates 0.0ft depth; remote-deny per 81% confidence.,1,1,0.0333,"[{""factor"": ""SAR recency"", ""delta"": 8, ""reason"": ""Imagery 3d post-event \u2014 fresh""}, {""factor"": ""Depth certainty"", ""delta"": 10, ""reason"": ""Near-zero depth \u2014 confidently not flooded""}, {""factor"": ""Coverage coherence"", ""delta"": 7, ""reason"": ""0% coverage \u2014 confidently dry""}, {""factor"": ""Urban SAR shadow"", ""delta"": -15, ""reason"": ""Dense urban area \u2014 radar shadow can mimic water""}, {""factor"": ""Optical cross-check"", ""delta"": 6, ""reason"": ""Sentinel-2 confirms dry ground \u2014 sensors agree""}]",0,,"{""sar"": ""dry"", ""optical"": ""dry"", ""dem_hydrology"": ""flood""}"
HARV-00987,"2536 South Voss Road, Houston, TX",0.0,0.0,0.0,0.0,0.0,Review,75,Flag for manual review — borderline measurements or low confidence,Satellite data at 2536 South Voss Road indicates 0.0ft depth; review per 75% confidence.,1,1,0.313,"[{""factor"": ""SAR recency"", ""delta"": 8, ""reason"": ""Imagery 3d post-event \u2014 fresh""}, {""factor"": ""Depth certainty"", ""delta"": 10, ""reason"": ""Near-zero depth \u2014 confidently not flooded""}, {""factor"": ""Coverage coherence"", ""delta"": 7, ""reason"": ""0% coverage \u2014 confidently dry""}, {""factor"": ""Urban SAR shadow"", ""delta"": -15, ""reason"": ""Dense urban area \u2014 radar shadow can mimic water""}]",1,"Sensors disagree: optical, DEM-hydrology indicate flooding while SAR indicate dry/implausible — routed to manual review.","{""sar"": ""dry"", ""optical"": ""flood"", ""dem_hydrology"": ""flood""}"
HARV-00988,1735 South Voss Road,0.0,0.0,0.0,0.0,0.0,Remote-Deny,81,Deny remotely — no significant flooding detected by satellite,Satellite data at 1735 South Voss Road indicates 0.0ft depth; remote-deny per 81% confidence.,1,1,0.0373,"[{""factor"": ""SAR recency"", ""delta"": 8, ""reason"": ""Imagery 3d post-event \u2014 fresh""}, {""factor"": ""Depth certainty"", ""delta"": 10, ""reason"": ""Near-zero depth \u2014 confidently not flooded""}, {""factor"": ""Coverage coherence"", ""delta"": 7, ""reason"": ""0% coverage \u2014 confidently dry""}, {""factor"": ""Urban SAR shadow"", ""delta"": -15, ""reason"": ""Dense urban area \u2014 radar shadow can mimic water""}, {""factor"": ""Optical cross-check"", ""delta"": 6, ""reason"": ""Sentinel-2 confirms dry ground \u2014 sensors agree""}]",0,,"{""sar"": ""dry"", ""optical"": ""dry"", ""dem_hydrology"": ""flood""}"
HARV-00989,1745 South Voss Road,0.0,0.0,0.0,0.0,0.0,Review,75,Flag for manual review — borderline measurements or low confidence,Satellite data at 1745 South Voss Road indicates 0.0ft depth; review per 75% confidence.,1,1,0.0871,"[{""factor"": ""SAR recency"", ""delta"": 8, ""reason"": ""Imagery 3d post-event \u2014 fresh""}, {""factor"": ""Depth certainty"", ""delta"": 10, ""reason"": ""Near-zero depth \u2014 confidently not flooded""}, {""factor"": ""Coverage coherence"", ""delta"": 7, ""reason"": ""0% coverage \u2014 confidently dry""}, {""factor"": ""Urban SAR shadow"", ""delta"": -15, ""reason"": ""Dense urban area \u2014 radar shadow can mimic water""}]",0,,"{""sar"": ""dry"", ""optical"": ""abstain"", ""dem_hydrology"": ""flood""}"
HARV-00990,1715 South Voss Road,0.0,0.0,0.0,0.0,0.0,Review,75,Flag for manual review — borderline measurements or low confidence,Satellite data at 1715 South Voss Road indicates 0.0ft depth; review per 75% confidence.,1,1,0.0664,"[{""factor"": ""SAR recency"", ""delta"": 8, ""reason"": ""Imagery 3d post-event \u2014 fresh""}, {""factor"": ""Depth certainty"", ""delta"": 10, ""reason"": ""Near-zero depth \u2014 confidently not flooded""}, {""factor"": ""Coverage coherence"", ""delta"": 7, ""reason"": ""0% coverage \u2014 confidently dry""}, {""factor"": ""Urban SAR shadow"", ""delta"": -15, ""reason"": ""Dense urban area \u2014 radar shadow can mimic water""}]",0,,"{""sar"": ""dry"", ""optical"": ""abstain"", ""dem_hydrology"": ""flood""}"
HARV-00991,1695 South Voss Road,0.0,0.0,0.0,0.0,0.0,Review,75,Flag for manual review — borderline measurements or low confidence,Satellite data at 1695 South Voss Road indicates 0.0ft depth; review per 75% confidence.,1,1,0.1012,"[{""factor"": ""SAR recency"", ""delta"": 8, ""reason"": ""Imagery 3d post-event \u2014 fresh""}, {""factor"": ""Depth certainty"", ""delta"": 10, ""reason"": ""Near-zero depth \u2014 confidently not flooded""}, {""factor"": ""Coverage coherence"", ""delta"": 7, ""reason"": ""0% coverage \u2014 confidently dry""}, {""factor"": ""Urban SAR shadow"", ""delta"": -15, ""reason"": ""Dense urban area \u2014 radar shadow can mimic water""}]",1,"Sensors disagree: optical, DEM-hydrology indicate flooding while SAR indicate dry/implausible — routed to manual review.","{""sar"": ""dry"", ""optical"": ""flood"", ""dem_hydrology"": ""flood""}"
HARV-00992,"2534 South Voss Road, Houston, TX",0.0,0.0,0.0,0.0,0.0,Review,75,Flag for manual review — borderline measurements or low confidence,Satellite data at 2534 South Voss Road indicates 0.0ft depth; review per 75% confidence.,1,1,0.2902,"[{""factor"": ""SAR recency"", ""delta"": 8, ""reason"": ""Imagery 3d post-event \u2014 fresh""}, {""factor"": ""Depth certainty"", ""delta"": 10, ""reason"": ""Near-zero depth \u2014 confidently not flooded""}, {""factor"": ""Coverage coherence"", ""delta"": 7, ""reason"": ""0% coverage \u2014 confidently dry""}, {""factor"": ""Urban SAR shadow"", ""delta"": -15, ""reason"": ""Dense urban area \u2014 radar shadow can mimic water""}]",1,"Sensors disagree: optical, DEM-hydrology indicate flooding while SAR indicate dry/implausible — routed to manual review.","{""sar"": ""dry"", ""optical"": ""flood"", ""dem_hydrology"": ""flood""}"
HARV-00993,"2538 South Voss Road, Houston, TX",0.0,0.0,0.0,0.0,0.0,Review,75,Flag for manual review — borderline measurements or low confidence,Satellite data at 2538 South Voss Road indicates 0.0ft depth; review per 75% confidence.,1,1,0.3388,"[{""factor"": ""SAR recency"", ""delta"": 8, ""reason"": ""Imagery 3d post-event \u2014 fresh""}, {""factor"": ""Depth certainty"", ""delta"": 10, ""reason"": ""Near-zero depth \u2014 confidently not flooded""}, {""factor"": ""Coverage coherence"", ""delta"": 7, ""reason"": ""0% coverage \u2014 confidently dry""}, {""factor"": ""Urban SAR shadow"", ""delta"": -15, ""reason"": ""Dense urban area \u2014 radar shadow can mimic water""}]",1,"Sensors disagree: optical, DEM-hydrology indicate flooding while SAR indicate dry/implausible — routed to manual review.","{""sar"": ""dry"", ""optical"": ""flood"", ""dem_hydrology"": ""flood""}"
HARV-00994,"1655 South Voss Road, Houston, TX, 77057",0.0,0.0,0.0,0.0,0.0,Review,75,Flag for manual review — borderline measurements or low confidence,Satellite data at 1655 South Voss Road indicates 0.0ft depth; review per 75% confidence.,1,1,0.114,"[{""factor"": ""SAR recency"", ""delta"": 8, ""reason"": ""Imagery 3d post-event \u2014 fresh""}, {""factor"": ""Depth certainty"", ""delta"": 10, ""reason"": ""Near-zero depth \u2014 confidently not flooded""}, {""factor"": ""Coverage coherence"", ""delta"": 7, ""reason"": ""0% coverage \u2014 confidently dry""}, {""factor"": ""Urban SAR shadow"", ""delta"": -15, ""reason"": ""Dense urban area \u2014 radar shadow can mimic water""}]",1,"Sensors disagree: optical, DEM-hydrology indicate flooding while SAR indicate dry/implausible — routed to manual review.","{""sar"": ""dry"", ""optical"": ""flood"", ""dem_hydrology"": ""flood""}"
HARV-00995,1725 South Voss Road,0.0,0.0,0.0,0.0,0.0,Remote-Deny,81,Deny remotely — no significant flooding detected by satellite,Satellite data at 1725 South Voss Road indicates 0.0ft depth; remote-deny per 81% confidence.,1,1,0.0091,"[{""factor"": ""SAR recency"", ""delta"": 8, ""reason"": ""Imagery 3d post-event \u2014 fresh""}, {""factor"": ""Depth certainty"", ""delta"": 10, ""reason"": ""Near-zero depth \u2014 confidently not flooded""}, {""factor"": ""Coverage coherence"", ""delta"": 7, ""reason"": ""0% coverage \u2014 confidently dry""}, {""factor"": ""Urban SAR shadow"", ""delta"": -15, ""reason"": ""Dense urban area \u2014 radar shadow can mimic water""}, {""factor"": ""Optical cross-check"", ""delta"": 6, ""reason"": ""Sentinel-2 confirms dry ground \u2014 sensors agree""}]",0,,"{""sar"": ""dry"", ""optical"": ""dry"", ""dem_hydrology"": ""flood""}"
HARV-00996,"7200 Cook Road, Houston, TX, 77072",0.0,0.0,0.0,0.0,0.0,Remote-Deny,81,Deny remotely — no significant flooding detected by satellite,Satellite data at 7200 Cook Road indicates 0.0ft depth; remote-deny per 81% confidence.,1,1,0.0,"[{""factor"": ""SAR recency"", ""delta"": 8, ""reason"": ""Imagery 3d post-event \u2014 fresh""}, {""factor"": ""Depth certainty"", ""delta"": 10, ""reason"": ""Near-zero depth \u2014 confidently not flooded""}, {""factor"": ""Coverage coherence"", ""delta"": 7, ""reason"": ""0% coverage \u2014 confidently dry""}, {""factor"": ""Urban SAR shadow"", ""delta"": -15, ""reason"": ""Dense urban area \u2014 radar shadow can mimic water""}, {""factor"": ""Optical cross-check"", ""delta"": 6, ""reason"": ""Sentinel-2 confirms dry ground \u2014 sensors agree""}]",0,,"{""sar"": ""dry"", ""optical"": ""dry"", ""dem_hydrology"": ""abstain""}"
HARV-00997,"10801 Westheimer Road, Houston, TX, 77042-3201",0.0,0.0,0.0,0.0,0.0,Review,75,Flag for manual review — borderline measurements or low confidence,Satellite data at 10801 Westheimer Road indicates 0.0ft depth; review per 75% confidence.,1,1,0.1963,"[{""factor"": ""SAR recency"", ""delta"": 8, ""reason"": ""Imagery 3d post-event \u2014 fresh""}, {""factor"": ""Depth certainty"", ""delta"": 10, ""reason"": ""Near-zero depth \u2014 confidently not flooded""}, {""factor"": ""Coverage coherence"", ""delta"": 7, ""reason"": ""0% coverage \u2014 confidently dry""}, {""factor"": ""Urban SAR shadow"", ""delta"": -15, ""reason"": ""Dense urban area \u2014 radar shadow can mimic water""}]",1,"Sensors disagree: optical, DEM-hydrology indicate flooding while SAR indicate dry/implausible — routed to manual review.","{""sar"": ""dry"", ""optical"": ""flood"", ""dem_hydrology"": ""flood""}"
HARV-00998,"10945 Westheimer Road, Houston, TX, 77042",0.0,0.0,0.0,0.0,0.0,Review,75,Flag for manual review — borderline measurements or low confidence,Satellite data at 10945 Westheimer Road indicates 0.0ft depth; review per 75% confidence.,1,1,0.3998,"[{""factor"": ""SAR recency"", ""delta"": 8, ""reason"": ""Imagery 3d post-event \u2014 fresh""}, {""factor"": ""Depth certainty"", ""delta"": 10, ""reason"": ""Near-zero depth \u2014 confidently not flooded""}, {""factor"": ""Coverage coherence"", ""delta"": 7, ""reason"": ""0% coverage \u2014 confidently dry""}, {""factor"": ""Urban SAR shadow"", ""delta"": -15, ""reason"": ""Dense urban area \u2014 radar shadow can mimic water""}]",1,"Sensors disagree: optical, DEM-hydrology indicate flooding while SAR indicate dry/implausible — routed to manual review.","{""sar"": ""dry"", ""optical"": ""flood"", ""dem_hydrology"": ""flood""}"
HARV-00999,"11041 Westheimer Road, Houston, TX, 77042",0.0,0.0,0.0,0.0,0.0,Review,75,Flag for manual review — borderline measurements or low confidence,Satellite data at 11041 Westheimer Road indicates 0.0ft depth; review per 75% confidence.,1,1,0.4982,"[{""factor"": ""SAR recency"", ""delta"": 8, ""reason"": ""Imagery 3d post-event \u2014 fresh""}, {""factor"": ""Depth certainty"", ""delta"": 10, ""reason"": ""Near-zero depth \u2014 confidently not flooded""}, {""factor"": ""Coverage coherence"", ""delta"": 7, ""reason"": ""0% coverage \u2014 confidently dry""}, {""factor"": ""Urban SAR shadow"", ""delta"": -15, ""reason"": ""Dense urban area \u2014 radar shadow can mimic water""}]",1,"Sensors disagree: optical, DEM-hydrology indicate flooding while SAR indicate dry/implausible — routed to manual review.","{""sar"": ""dry"", ""optical"": ""flood"", ""dem_hydrology"": ""flood""}"
HARV-01000,"10911 Westheimer Road, Houston, TX, 77042-3203",0.0,0.0,0.0,0.0,0.0,Review,75,Flag for manual review — borderline measurements or low confidence,Satellite data at 10911 Westheimer Road indicates 0.0ft depth; review per 75% confidence.,1,1,0.5657,"[{""factor"": ""SAR recency"", ""delta"": 8, ""reason"": ""Imagery 3d post-event \u2014 fresh""}, {""factor"": ""Depth certainty"", ""delta"": 10, ""reason"": ""Near-zero depth \u2014 confidently not flooded""}, {""factor"": ""Coverage coherence"", ""delta"": 7, ""reason"": ""0% coverage \u2014 confidently dry""}, {""factor"": ""Urban SAR shadow"", ""delta"": -15, ""reason"": ""Dense urban area \u2014 radar shadow can mimic water""}]",1,"Sensors disagree: optical, DEM-hydrology indicate flooding while SAR indicate dry/implausible — routed to manual review.","{""sar"": ""dry"", ""optical"": ""flood"", ""dem_hydrology"": ""flood""}"
