property_id,zip,zip_truth_rate,fema_zip_flood_rate,flooded_truth,raw_flood_score,impact_class
HARV-00001,77406,0.08215403882279274,0.08215403882279274,1,0.0,Remote-Deny
HARV-00003,77493,0.017057885563837284,0.017057885563837284,0,0.0,Remote-Deny
HARV-00004,77449,0.005841453031879671,0.005841453031879671,0,0.0,Remote-Deny
HARV-00005,77494,0.004935030843942775,0.004935030843942775,0,0.0,Remote-Deny
HARV-00006,77096,0.2997135354499881,0.2997135354499881,1,0.0,Remote-Deny
HARV-00007,77040,0.023003472222222224,0.023003472222222224,1,0.0,Remote-Deny
HARV-00008,77077,0.05631399317406143,0.05631399317406143,1,0.0,Remote-Deny
HARV-00009,77084,0.05629127253257184,0.05629127253257184,1,0.0,Remote-Deny
HARV-00010,77082,0.01626283367556468,0.01626283367556468,0,0.0,Remote-Deny
HARV-00011,77449,0.005841453031879671,0.005841453031879671,0,0.7977,Review
HARV-00012,77450,0.052482670816239925,0.052482670816239925,1,0.0,Remote-Deny
HARV-00013,77072,0.02838533290447089,0.02838533290447089,1,0.0,Remote-Deny
HARV-00015,77450,0.052482670816239925,0.052482670816239925,1,0.0,Remote-Deny
HARV-00016,77072,0.02838533290447089,0.02838533290447089,1,0.0,Remote-Deny
HARV-00018,77449,0.005841453031879671,0.005841453031879671,0,0.0,Remote-Deny
HARV-00019,77095,0.005858093542037679,0.005858093542037679,0,0.0,Remote-Deny
HARV-00020,77433,0.009332949787451658,0.009332949787451658,0,0.0,Remote-Deny
HARV-00021,77080,0.011360297718147096,0.011360297718147096,0,0.0,Remote-Deny
HARV-00023,77449,0.005841453031879671,0.005841453031879671,0,0.0,Remote-Deny
HARV-00024,77083,0.006111202051617831,0.006111202051617831,0,0.0,Remote-Deny
HARV-00025,77095,0.005858093542037679,0.005858093542037679,0,0.0,Remote-Deny
HARV-00026,77040,0.023003472222222224,0.023003472222222224,1,0.0,Remote-Deny
HARV-00027,77095,0.005858093542037679,0.005858093542037679,0,0.0,Remote-Deny
HARV-00028,77064,0.003712429499535946,0.003712429499535946,0,0.0,Remote-Deny
HARV-00029,77065,0.037514853165846206,0.037514853165846206,1,0.0,Remote-Deny
HARV-00030,77450,0.052482670816239925,0.052482670816239925,1,0.0,Remote-Deny
HARV-00031,77493,0.017057885563837284,0.017057885563837284,0,0.0,Remote-Deny
HARV-00032,77433,0.009332949787451658,0.009332949787451658,0,0.0,Remote-Deny
HARV-00033,77494,0.004935030843942775,0.004935030843942775,0,0.0,Remote-Deny
HARV-00034,77493,0.017057885563837284,0.017057885563837284,0,0.0,Remote-Deny
HARV-00035,77063,0.08053251855085115,0.08053251855085115,1,0.0,Remote-Deny
HARV-00036,77040,0.023003472222222224,0.023003472222222224,1,0.0,Remote-Deny
HARV-00037,77096,0.2997135354499881,0.2997135354499881,1,0.0,Remote-Deny
HARV-00038,77080,0.011360297718147096,0.011360297718147096,0,0.0,Remote-Deny
HARV-00039,77493,0.017057885563837284,0.017057885563837284,0,0.0,Remote-Deny
HARV-00041,77092,0.051518119490695395,0.051518119490695395,1,0.0,Remote-Deny
HARV-00042,77433,0.009332949787451658,0.009332949787451658,0,0.0,Remote-Deny
HARV-00043,77433,0.009332949787451658,0.009332949787451658,0,0.0,Remote-Deny
HARV-00044,77449,0.005841453031879671,0.005841453031879671,0,0.0,Remote-Deny
HARV-00045,77055,0.010185185185185186,0.010185185185185186,0,0.0,Remote-Deny
HARV-00046,77064,0.003712429499535946,0.003712429499535946,0,0.0,Remote-Deny
HARV-00047,77494,0.004935030843942775,0.004935030843942775,0,0.0,Remote-Deny
HARV-00048,77083,0.006111202051617831,0.006111202051617831,0,0.0,Remote-Deny
HARV-00050,77074,0.19030222517436068,0.19030222517436068,1,0.0,Remote-Deny
HARV-00051,77494,0.004935030843942775,0.004935030843942775,0,0.0,Remote-Deny
HARV-00052,77092,0.051518119490695395,0.051518119490695395,1,0.0,Remote-Deny
HARV-00053,77080,0.011360297718147096,0.011360297718147096,0,0.0,Remote-Deny
HARV-00054,77099,0.04039958865873365,0.04039958865873365,1,0.0,Remote-Deny
HARV-00055,77407,0.008085317460317461,0.008085317460317461,0,0.0,Remote-Deny
HARV-00056,77041,0.0503968253968254,0.0503968253968254,1,0.0,Remote-Deny
HARV-00057,77433,0.009332949787451658,0.009332949787451658,0,0.0,Remote-Deny
HARV-00058,77449,0.005841453031879671,0.005841453031879671,0,0.0,Remote-Deny
HARV-00059,77065,0.037514853165846206,0.037514853165846206,1,0.0,Remote-Deny
HARV-00060,77041,0.0503968253968254,0.0503968253968254,1,0.0,Remote-Deny
HARV-00061,77074,0.19030222517436068,0.19030222517436068,1,0.0,Remote-Deny
HARV-00064,77042,0.10466556564822461,0.10466556564822461,1,0.0,Remote-Deny
HARV-00065,77079,0.20565767486273576,0.20565767486273576,1,0.0,Review
HARV-00066,77450,0.052482670816239925,0.052482670816239925,1,0.0,Remote-Deny
HARV-00068,77429,0.06482328258647588,0.06482328258647588,1,0.0,Remote-Deny
HARV-00069,77041,0.0503968253968254,0.0503968253968254,1,0.0,Remote-Deny
HARV-00070,77450,0.052482670816239925,0.052482670816239925,1,0.0,Remote-Deny
HARV-00071,77082,0.01626283367556468,0.01626283367556468,0,0.0,Remote-Deny
HARV-00072,77082,0.01626283367556468,0.01626283367556468,0,0.0,Remote-Deny
HARV-00073,77449,0.005841453031879671,0.005841453031879671,0,0.0,Remote-Deny
HARV-00074,77095,0.005858093542037679,0.005858093542037679,0,0.0,Remote-Deny
HARV-00075,77433,0.009332949787451658,0.009332949787451658,0,0.4028,Review
HARV-00076,77080,0.011360297718147096,0.011360297718147096,0,0.0,Remote-Deny
HARV-00077,77493,0.017057885563837284,0.017057885563837284,0,0.0,Remote-Deny
HARV-00078,77092,0.051518119490695395,0.051518119490695395,1,0.0,Remote-Deny
HARV-00079,77069,0.039105129137868316,0.039105129137868316,1,0.0,Remote-Deny
HARV-00080,77079,0.20565767486273576,0.20565767486273576,1,0.0,Remote-Deny
HARV-00081,77450,0.052482670816239925,0.052482670816239925,1,0.0,Remote-Deny
HARV-00082,77014,0.003607044345427541,0.003607044345427541,0,0.0,Remote-Deny
HARV-00083,77449,0.005841453031879671,0.005841453031879671,0,0.0,Remote-Deny
HARV-00084,77449,0.005841453031879671,0.005841453031879671,0,0.0,Remote-Deny
HARV-00085,77429,0.06482328258647588,0.06482328258647588,1,0.0,Remote-Deny
HARV-00086,77096,0.2997135354499881,0.2997135354499881,1,0.0,Remote-Deny
HARV-00087,77429,0.06482328258647588,0.06482328258647588,1,0.0,Remote-Deny
HARV-00088,77079,0.20565767486273576,0.20565767486273576,1,0.0,Review
HARV-00089,77494,0.004935030843942775,0.004935030843942775,0,0.0,Remote-Deny
HARV-00090,77070,0.09280478992464128,0.09280478992464128,1,0.0,Remote-Deny
HARV-00091,77095,0.005858093542037679,0.005858093542037679,0,0.0,Remote-Deny
HARV-00092,77092,0.051518119490695395,0.051518119490695395,1,0.0,Remote-Deny
HARV-00093,77450,0.052482670816239925,0.052482670816239925,1,0.0,Remote-Deny
HARV-00094,77024,0.09987458670619086,0.09987458670619086,1,0.0,Remote-Deny
HARV-00095,77493,0.017057885563837284,0.017057885563837284,0,0.121,Review
HARV-00096,77433,0.009332949787451658,0.009332949787451658,0,0.0,Remote-Deny
HARV-00097,77040,0.023003472222222224,0.023003472222222224,1,0.0,Remote-Deny
HARV-00098,77014,0.003607044345427541,0.003607044345427541,0,0.0,Remote-Deny
HARV-00099,77072,0.02838533290447089,0.02838533290447089,1,0.0,Remote-Deny
HARV-00100,77096,0.2997135354499881,0.2997135354499881,1,0.0,Remote-Deny
HARV-00101,77086,0.005219605346912795,0.005219605346912795,0,0.0,Remote-Deny
HARV-00102,77449,0.005841453031879671,0.005841453031879671,0,0.0,Remote-Deny
HARV-00103,77072,0.02838533290447089,0.02838533290447089,1,0.0,Remote-Deny
HARV-00104,77065,0.037514853165846206,0.037514853165846206,1,0.0,Remote-Deny
HARV-00105,77433,0.009332949787451658,0.009332949787451658,0,0.0,Remote-Deny
HARV-00106,77064,0.003712429499535946,0.003712429499535946,0,0.0,Remote-Deny
HARV-00107,77407,0.008085317460317461,0.008085317460317461,0,0.0,Remote-Deny
HARV-00108,77095,0.005858093542037679,0.005858093542037679,0,0.0,Remote-Deny
HARV-00109,77449,0.005841453031879671,0.005841453031879671,0,0.0,Remote-Deny
HARV-00110,77084,0.05629127253257184,0.05629127253257184,1,0.0,Remote-Deny
HARV-00111,77493,0.017057885563837284,0.017057885563837284,0,0.0,Remote-Deny
HARV-00112,77449,0.005841453031879671,0.005841453031879671,0,0.0,Remote-Deny
HARV-00113,77494,0.004935030843942775,0.004935030843942775,0,0.0,Remote-Deny
HARV-00114,77041,0.0503968253968254,0.0503968253968254,1,0.0,Remote-Deny
HARV-00115,77494,0.004935030843942775,0.004935030843942775,0,0.0,Remote-Deny
HARV-00117,77493,0.017057885563837284,0.017057885563837284,0,0.0,Remote-Deny
HARV-00118,77069,0.039105129137868316,0.039105129137868316,1,0.0,Remote-Deny
HARV-00119,77494,0.004935030843942775,0.004935030843942775,0,0.0,Remote-Deny
HARV-00120,77082,0.01626283367556468,0.01626283367556468,0,0.0,Remote-Deny
HARV-00121,77079,0.20565767486273576,0.20565767486273576,1,0.0,Remote-Deny
HARV-00122,77043,0.017116989673221106,0.017116989673221106,0,0.0,Remote-Deny
HARV-00123,77494,0.004935030843942775,0.004935030843942775,0,0.0,Remote-Deny
HARV-00124,77080,0.011360297718147096,0.011360297718147096,0,0.0,Remote-Deny
HARV-00125,77433,0.009332949787451658,0.009332949787451658,0,0.0,Remote-Deny
HARV-00126,77040,0.023003472222222224,0.023003472222222224,1,0.0,Remote-Deny
HARV-00127,77084,0.05629127253257184,0.05629127253257184,1,0.0,Remote-Deny
HARV-00128,77494,0.004935030843942775,0.004935030843942775,0,0.0,Remote-Deny
HARV-00130,77493,0.017057885563837284,0.017057885563837284,0,0.0,Remote-Deny
HARV-00131,77429,0.06482328258647588,0.06482328258647588,1,0.0,Remote-Deny
HARV-00132,77493,0.017057885563837284,0.017057885563837284,0,0.0,Remote-Deny
HARV-00133,77406,0.08215403882279274,0.08215403882279274,1,0.0,Remote-Deny
HARV-00134,77449,0.005841453031879671,0.005841453031879671,0,0.0,Remote-Deny
HARV-00135,77077,0.05631399317406143,0.05631399317406143,1,0.0,Remote-Deny
HARV-00136,77433,0.009332949787451658,0.009332949787451658,0,0.0,Remote-Deny
HARV-00137,77096,0.2997135354499881,0.2997135354499881,1,0.0,Remote-Deny
HARV-00138,77449,0.005841453031879671,0.005841453031879671,0,0.0,Remote-Deny
HARV-00140,77433,0.009332949787451658,0.009332949787451658,0,0.0,Remote-Deny
HARV-00141,77069,0.039105129137868316,0.039105129137868316,1,0.0,Remote-Deny
HARV-00142,77040,0.023003472222222224,0.023003472222222224,1,0.0,Remote-Deny
HARV-00143,77040,0.023003472222222224,0.023003472222222224,1,0.0,Remote-Deny
HARV-00144,77095,0.005858093542037679,0.005858093542037679,0,0.0,Remote-Deny
HARV-00145,77084,0.05629127253257184,0.05629127253257184,1,0.0,Remote-Deny
HARV-00146,77066,0.012061513719971858,0.012061513719971858,0,0.0,Remote-Deny
HARV-00147,77072,0.02838533290447089,0.02838533290447089,1,0.0,Remote-Deny
HARV-00148,77441,0.013941940412528648,0.013941940412528648,0,0.0,Remote-Deny
HARV-00149,77084,0.05629127253257184,0.05629127253257184,1,0.0,Remote-Deny
HARV-00150,77064,0.003712429499535946,0.003712429499535946,0,0.0,Review
HARV-00151,77014,0.003607044345427541,0.003607044345427541,0,0.0,Remote-Deny
HARV-00152,77086,0.005219605346912795,0.005219605346912795,0,0.0,Remote-Deny
HARV-00153,77042,0.10466556564822461,0.10466556564822461,1,0.0,Remote-Deny
HARV-00154,77066,0.012061513719971858,0.012061513719971858,0,0.0,Remote-Deny
HARV-00155,77406,0.08215403882279274,0.08215403882279274,1,0.0,Remote-Deny
HARV-00156,77072,0.02838533290447089,0.02838533290447089,1,0.0,Remote-Deny
HARV-00157,77077,0.05631399317406143,0.05631399317406143,1,0.0,Remote-Deny
HARV-00158,77070,0.09280478992464128,0.09280478992464128,1,0.0,Remote-Deny
HARV-00159,77095,0.005858093542037679,0.005858093542037679,0,0.0,Remote-Deny
HARV-00160,77494,0.004935030843942775,0.004935030843942775,0,0.0,Remote-Deny
HARV-00161,77077,0.05631399317406143,0.05631399317406143,1,0.0,Remote-Deny
HARV-00162,77449,0.005841453031879671,0.005841453031879671,0,0.0,Remote-Deny
HARV-00163,77024,0.09987458670619086,0.09987458670619086,1,0.0,Remote-Deny
HARV-00164,77083,0.006111202051617831,0.006111202051617831,0,0.0,Remote-Deny
HARV-00165,77036,0.00867426204039358,0.00867426204039358,0,0.0,Remote-Deny
HARV-00166,77077,0.05631399317406143,0.05631399317406143,1,0.0,Remote-Deny
HARV-00167,77069,0.039105129137868316,0.039105129137868316,1,0.0,Remote-Deny
HARV-00168,77042,0.10466556564822461,0.10466556564822461,1,0.0,Remote-Deny
HARV-00169,77072,0.02838533290447089,0.02838533290447089,1,0.0,Remote-Deny
HARV-00170,77494,0.004935030843942775,0.004935030843942775,0,0.0,Remote-Deny
HARV-00171,77493,0.017057885563837284,0.017057885563837284,0,0.0,Remote-Deny
HARV-00172,77096,0.2997135354499881,0.2997135354499881,1,0.0,Remote-Deny
HARV-00173,77450,0.052482670816239925,0.052482670816239925,1,0.0,Remote-Deny
HARV-00174,77493,0.017057885563837284,0.017057885563837284,0,0.0,Remote-Deny
HARV-00175,77493,0.017057885563837284,0.017057885563837284,0,0.2595,Review
HARV-00176,77450,0.052482670816239925,0.052482670816239925,1,0.0,Remote-Deny
HARV-00177,77084,0.05629127253257184,0.05629127253257184,1,0.0,Remote-Deny
HARV-00178,77449,0.005841453031879671,0.005841453031879671,0,0.0,Remote-Deny
HARV-00179,77088,0.11325141149119894,0.11325141149119894,1,0.0,Remote-Deny
HARV-00180,77080,0.011360297718147096,0.011360297718147096,0,0.0,Remote-Deny
HARV-00181,77407,0.008085317460317461,0.008085317460317461,0,0.0,Remote-Deny
HARV-00182,77077,0.05631399317406143,0.05631399317406143,1,0.0,Remote-Deny
HARV-00183,77082,0.01626283367556468,0.01626283367556468,0,0.0,Remote-Deny
HARV-00184,77014,0.003607044345427541,0.003607044345427541,0,0.0,Remote-Deny
HARV-00185,77450,0.052482670816239925,0.052482670816239925,1,0.0,Remote-Deny
HARV-00186,77084,0.05629127253257184,0.05629127253257184,1,0.0,Remote-Deny
HARV-00187,77083,0.006111202051617831,0.006111202051617831,0,0.0,Remote-Deny
HARV-00188,77074,0.19030222517436068,0.19030222517436068,1,0.0,Remote-Deny
HARV-00189,77072,0.02838533290447089,0.02838533290447089,1,0.0,Remote-Deny
HARV-00190,77494,0.004935030843942775,0.004935030843942775,0,0.0,Remote-Deny
HARV-00191,77041,0.0503968253968254,0.0503968253968254,1,0.0,Remote-Deny
HARV-00192,77449,0.005841453031879671,0.005841453031879671,0,0.0,Remote-Deny
HARV-00193,77080,0.011360297718147096,0.011360297718147096,0,0.0,Remote-Deny
HARV-00194,77407,0.008085317460317461,0.008085317460317461,0,0.0,Remote-Deny
HARV-00196,77449,0.005841453031879671,0.005841453031879671,0,0.0,Remote-Deny
HARV-00197,77064,0.003712429499535946,0.003712429499535946,0,0.0,Remote-Deny
HARV-00198,77493,0.017057885563837284,0.017057885563837284,0,0.0,Remote-Deny
HARV-00199,77092,0.051518119490695395,0.051518119490695395,1,0.0,Remote-Deny
HARV-00200,77407,0.008085317460317461,0.008085317460317461,0,0.0,Remote-Deny
HARV-00201,77066,0.012061513719971858,0.012061513719971858,0,0.0,Remote-Deny
HARV-00202,77042,0.10466556564822461,0.10466556564822461,1,0.0,Remote-Deny
HARV-00203,77066,0.012061513719971858,0.012061513719971858,0,0.0,Remote-Deny
HARV-00205,77449,0.005841453031879671,0.005841453031879671,0,0.0,Remote-Deny
HARV-00206,77065,0.037514853165846206,0.037514853165846206,1,0.0,Remote-Deny
HARV-00207,77074,0.19030222517436068,0.19030222517436068,1,0.0,Remote-Deny
HARV-00208,77079,0.20565767486273576,0.20565767486273576,1,0.0,Remote-Deny
HARV-00209,77096,0.2997135354499881,0.2997135354499881,1,0.0,Remote-Deny
HARV-00210,77407,0.008085317460317461,0.008085317460317461,0,0.0,Remote-Deny
HARV-00212,77084,0.05629127253257184,0.05629127253257184,1,0.0,Remote-Deny
HARV-00213,77407,0.008085317460317461,0.008085317460317461,0,0.0,Remote-Deny
HARV-00214,77083,0.006111202051617831,0.006111202051617831,0,0.0,Remote-Deny
HARV-00215,77493,0.017057885563837284,0.017057885563837284,0,0.2505,Review
HARV-00216,77493,0.017057885563837284,0.017057885563837284,0,0.0,Remote-Deny
HARV-00217,77449,0.005841453031879671,0.005841453031879671,0,0.0,Remote-Deny
HARV-00218,77083,0.006111202051617831,0.006111202051617831,0,0.0,Remote-Deny
HARV-00219,77433,0.009332949787451658,0.009332949787451658,0,0.0,Remote-Deny
HARV-00220,77079,0.20565767486273576,0.20565767486273576,1,0.0,Remote-Deny
HARV-00221,77449,0.005841453031879671,0.005841453031879671,0,0.0,Remote-Deny
HARV-00222,77494,0.004935030843942775,0.004935030843942775,0,0.0,Remote-Deny
HARV-00223,77095,0.005858093542037679,0.005858093542037679,0,0.0,Remote-Deny
HARV-00224,77433,0.009332949787451658,0.009332949787451658,0,0.0,Remote-Deny
HARV-00225,77092,0.051518119490695395,0.051518119490695395,1,0.0,Remote-Deny
HARV-00226,77082,0.01626283367556468,0.01626283367556468,0,0.0,Remote-Deny
HARV-00227,77429,0.06482328258647588,0.06482328258647588,1,0.0,Remote-Deny
HARV-00228,77429,0.06482328258647588,0.06482328258647588,1,0.0,Remote-Deny
HARV-00229,77072,0.02838533290447089,0.02838533290447089,1,0.0,Remote-Deny
HARV-00230,77429,0.06482328258647588,0.06482328258647588,1,0.0,Remote-Deny
HARV-00231,77086,0.005219605346912795,0.005219605346912795,0,0.0,Remote-Deny
HARV-00232,77092,0.051518119490695395,0.051518119490695395,1,0.0,Remote-Deny
HARV-00233,77041,0.0503968253968254,0.0503968253968254,1,0.0,Remote-Deny
HARV-00234,77077,0.05631399317406143,0.05631399317406143,1,0.0,Remote-Deny
HARV-00236,77041,0.0503968253968254,0.0503968253968254,1,0.0,Remote-Deny
HARV-00237,77433,0.009332949787451658,0.009332949787451658,0,0.0,Remote-Deny
HARV-00238,77493,0.017057885563837284,0.017057885563837284,0,0.0,Remote-Deny
HARV-00239,77493,0.017057885563837284,0.017057885563837284,0,0.0,Remote-Deny
HARV-00240,77065,0.037514853165846206,0.037514853165846206,1,0.0,Remote-Deny
HARV-00241,77092,0.051518119490695395,0.051518119490695395,1,0.0,Remote-Deny
HARV-00242,77449,0.005841453031879671,0.005841453031879671,0,0.0,Remote-Deny
HARV-00243,77084,0.05629127253257184,0.05629127253257184,1,0.0,Remote-Deny
HARV-00244,77494,0.004935030843942775,0.004935030843942775,0,0.0,Remote-Deny
HARV-00245,77450,0.052482670816239925,0.052482670816239925,1,0.0,Remote-Deny
HARV-00246,77024,0.09987458670619086,0.09987458670619086,1,0.0,Remote-Deny
HARV-00247,77494,0.004935030843942775,0.004935030843942775,0,0.0,Remote-Deny
HARV-00248,77099,0.04039958865873365,0.04039958865873365,1,0.0,Remote-Deny
HARV-00249,77064,0.003712429499535946,0.003712429499535946,0,0.0,Remote-Deny
HARV-00250,77066,0.012061513719971858,0.012061513719971858,0,0.0,Remote-Deny
HARV-00251,77433,0.009332949787451658,0.009332949787451658,0,0.0,Remote-Deny
HARV-00252,77494,0.004935030843942775,0.004935030843942775,0,0.0,Remote-Deny
HARV-00253,77084,0.05629127253257184,0.05629127253257184,1,0.0,Remote-Deny
HARV-00254,77450,0.052482670816239925,0.052482670816239925,1,0.0,Remote-Deny
HARV-00255,77449,0.005841453031879671,0.005841453031879671,0,0.0,Remote-Deny
HARV-00256,77070,0.09280478992464128,0.09280478992464128,1,0.0,Remote-Deny
HARV-00258,77079,0.20565767486273576,0.20565767486273576,1,0.0,Remote-Deny
HARV-00259,77066,0.012061513719971858,0.012061513719971858,0,0.0,Remote-Deny
HARV-00260,77406,0.08215403882279274,0.08215403882279274,1,0.0,Remote-Deny
HARV-00261,77433,0.009332949787451658,0.009332949787451658,0,0.0,Remote-Deny
HARV-00262,77066,0.012061513719971858,0.012061513719971858,0,0.0,Remote-Deny
HARV-00263,77066,0.012061513719971858,0.012061513719971858,0,0.0,Remote-Deny
HARV-00264,77450,0.052482670816239925,0.052482670816239925,1,0.0,Remote-Deny
HARV-00265,77077,0.05631399317406143,0.05631399317406143,1,0.0,Remote-Deny
HARV-00266,77083,0.006111202051617831,0.006111202051617831,0,0.0,Remote-Deny
HARV-00267,77072,0.02838533290447089,0.02838533290447089,1,0.0,Remote-Deny
HARV-00268,77070,0.09280478992464128,0.09280478992464128,1,0.0,Remote-Deny
HARV-00269,77449,0.005841453031879671,0.005841453031879671,0,0.0,Remote-Deny
HARV-00270,77084,0.05629127253257184,0.05629127253257184,1,0.0,Remote-Deny
HARV-00271,77084,0.05629127253257184,0.05629127253257184,1,0.0,Remote-Deny
HARV-00272,77494,0.004935030843942775,0.004935030843942775,0,0.0,Remote-Deny
HARV-00273,77092,0.051518119490695395,0.051518119490695395,1,0.0,Remote-Deny
HARV-00274,77095,0.005858093542037679,0.005858093542037679,0,0.0,Remote-Deny
HARV-00275,77429,0.06482328258647588,0.06482328258647588,1,0.0,Remote-Deny
HARV-00276,77088,0.11325141149119894,0.11325141149119894,1,0.0,Remote-Deny
HARV-00277,77450,0.052482670816239925,0.052482670816239925,1,0.0,Remote-Deny
HARV-00278,77069,0.039105129137868316,0.039105129137868316,1,0.0,Remote-Deny
HARV-00280,77082,0.01626283367556468,0.01626283367556468,0,0.0,Remote-Deny
HARV-00281,77433,0.009332949787451658,0.009332949787451658,0,0.0,Remote-Deny
HARV-00282,77095,0.005858093542037679,0.005858093542037679,0,0.0,Remote-Deny
HARV-00283,77449,0.005841453031879671,0.005841453031879671,0,0.0,Remote-Deny
HARV-00284,77083,0.006111202051617831,0.006111202051617831,0,0.0,Remote-Deny
HARV-00285,77441,0.013941940412528648,0.013941940412528648,0,0.0,Remote-Deny
HARV-00286,77084,0.05629127253257184,0.05629127253257184,1,0.0,Remote-Deny
HARV-00287,77040,0.023003472222222224,0.023003472222222224,1,0.0,Remote-Deny
HARV-00288,77407,0.008085317460317461,0.008085317460317461,0,0.0,Remote-Deny
HARV-00289,77096,0.2997135354499881,0.2997135354499881,1,0.0,Remote-Deny
HARV-00290,77063,0.08053251855085115,0.08053251855085115,1,0.0,Remote-Deny
HARV-00291,77066,0.012061513719971858,0.012061513719971858,0,0.0,Remote-Deny
HARV-00292,77074,0.19030222517436068,0.19030222517436068,1,0.0,Remote-Deny
HARV-00293,77493,0.017057885563837284,0.017057885563837284,0,0.0,Remote-Deny
HARV-00294,77449,0.005841453031879671,0.005841453031879671,0,0.0,Remote-Deny
HARV-00295,77099,0.04039958865873365,0.04039958865873365,1,0.0,Remote-Deny
HARV-00296,77092,0.051518119490695395,0.051518119490695395,1,0.0,Remote-Deny
HARV-00297,77041,0.0503968253968254,0.0503968253968254,1,0.0,Remote-Deny
HARV-00298,77084,0.05629127253257184,0.05629127253257184,1,0.0,Remote-Deny
HARV-00299,77055,0.010185185185185186,0.010185185185185186,0,0.0,Remote-Deny
HARV-00300,77449,0.005841453031879671,0.005841453031879671,0,0.0,Remote-Deny
HARV-00301,77040,0.023003472222222224,0.023003472222222224,1,0.0,Remote-Deny
HARV-00302,77493,0.017057885563837284,0.017057885563837284,0,0.0,Remote-Deny
HARV-00303,77040,0.023003472222222224,0.023003472222222224,1,0.0,Remote-Deny
HARV-00304,77082,0.01626283367556468,0.01626283367556468,0,0.0,Remote-Deny
HARV-00305,77449,0.005841453031879671,0.005841453031879671,0,0.0,Remote-Deny
HARV-00306,77080,0.011360297718147096,0.011360297718147096,0,0.0,Remote-Deny
HARV-00307,77429,0.06482328258647588,0.06482328258647588,1,0.0,Remote-Deny
HARV-00308,77074,0.19030222517436068,0.19030222517436068,1,0.0,Remote-Deny
HARV-00309,77407,0.008085317460317461,0.008085317460317461,0,0.0,Remote-Deny
HARV-00310,77057,0.02477291494632535,0.02477291494632535,1,0.0,Remote-Deny
HARV-00312,77079,0.20565767486273576,0.20565767486273576,1,0.0,Remote-Deny
HARV-00313,77070,0.09280478992464128,0.09280478992464128,1,0.0,Remote-Deny
HARV-00314,77096,0.2997135354499881,0.2997135354499881,1,0.0,Remote-Deny
HARV-00315,77493,0.017057885563837284,0.017057885563837284,0,0.0,Remote-Deny
HARV-00317,77450,0.052482670816239925,0.052482670816239925,1,0.0,Remote-Deny
HARV-00319,77043,0.017116989673221106,0.017116989673221106,0,0.0,Remote-Deny
HARV-00320,77072,0.02838533290447089,0.02838533290447089,1,0.0,Remote-Deny
HARV-00321,77433,0.009332949787451658,0.009332949787451658,0,0.0,Remote-Deny
HARV-00322,77494,0.004935030843942775,0.004935030843942775,0,0.0,Remote-Deny
HARV-00323,77494,0.004935030843942775,0.004935030843942775,0,0.0,Remote-Deny
HARV-00324,77083,0.006111202051617831,0.006111202051617831,0,0.0,Remote-Deny
HARV-00325,77082,0.01626283367556468,0.01626283367556468,0,0.0,Remote-Deny
HARV-00326,77064,0.003712429499535946,0.003712429499535946,0,0.0,Remote-Deny
HARV-00327,77083,0.006111202051617831,0.006111202051617831,0,0.0,Remote-Deny
HARV-00328,77064,0.003712429499535946,0.003712429499535946,0,0.0,Remote-Deny
HARV-00329,77429,0.06482328258647588,0.06482328258647588,1,0.0,Remote-Deny
HARV-00330,77036,0.00867426204039358,0.00867426204039358,0,0.0,Remote-Deny
HARV-00331,77433,0.009332949787451658,0.009332949787451658,0,0.0,Remote-Deny
HARV-00332,77433,0.009332949787451658,0.009332949787451658,0,0.0,Remote-Deny
HARV-00333,77449,0.005841453031879671,0.005841453031879671,0,0.0,Remote-Deny
HARV-00334,77433,0.009332949787451658,0.009332949787451658,0,0.0,Remote-Deny
HARV-00335,77036,0.00867426204039358,0.00867426204039358,0,0.0,Remote-Deny
HARV-00336,77024,0.09987458670619086,0.09987458670619086,1,0.0,Remote-Deny
HARV-00337,77449,0.005841453031879671,0.005841453031879671,0,0.1318,Review
HARV-00338,77433,0.009332949787451658,0.009332949787451658,0,0.0,Remote-Deny
HARV-00339,77493,0.017057885563837284,0.017057885563837284,0,0.0,Remote-Deny
HARV-00342,77494,0.004935030843942775,0.004935030843942775,0,0.0,Remote-Deny
HARV-00343,77494,0.004935030843942775,0.004935030843942775,0,0.0,Remote-Deny
HARV-00344,77040,0.023003472222222224,0.023003472222222224,1,0.0,Remote-Deny
HARV-00345,77084,0.05629127253257184,0.05629127253257184,1,0.0,Remote-Deny
HARV-00346,77077,0.05631399317406143,0.05631399317406143,1,0.0,Remote-Deny
HARV-00347,77449,0.005841453031879671,0.005841453031879671,0,0.0,Remote-Deny
HARV-00349,77493,0.017057885563837284,0.017057885563837284,0,0.0,Remote-Deny
HARV-00350,77099,0.04039958865873365,0.04039958865873365,1,0.0,Remote-Deny
HARV-00351,77441,0.013941940412528648,0.013941940412528648,0,0.0,Remote-Deny
HARV-00352,77407,0.008085317460317461,0.008085317460317461,0,0.0,Remote-Deny
HARV-00353,77064,0.003712429499535946,0.003712429499535946,0,0.0,Remote-Deny
HARV-00354,77494,0.004935030843942775,0.004935030843942775,0,0.0,Remote-Deny
HARV-00355,77070,0.09280478992464128,0.09280478992464128,1,0.0,Remote-Deny
HARV-00356,77407,0.008085317460317461,0.008085317460317461,0,0.0,Remote-Deny
HARV-00357,77082,0.01626283367556468,0.01626283367556468,0,0.0,Remote-Deny
HARV-00358,77494,0.004935030843942775,0.004935030843942775,0,0.0,Review
HARV-00359,77441,0.013941940412528648,0.013941940412528648,0,0.0,Remote-Deny
HARV-00360,77450,0.052482670816239925,0.052482670816239925,1,0.0,Remote-Deny
HARV-00361,77095,0.005858093542037679,0.005858093542037679,0,0.0,Remote-Deny
HARV-00362,77493,0.017057885563837284,0.017057885563837284,0,0.0,Remote-Deny
HARV-00364,77079,0.20565767486273576,0.20565767486273576,1,0.0,Remote-Deny
HARV-00365,77494,0.004935030843942775,0.004935030843942775,0,0.0,Remote-Deny
HARV-00366,77092,0.051518119490695395,0.051518119490695395,1,0.0,Remote-Deny
HARV-00367,77433,0.009332949787451658,0.009332949787451658,0,0.0,Remote-Deny
HARV-00368,77069,0.039105129137868316,0.039105129137868316,1,0.0,Remote-Deny
HARV-00369,77072,0.02838533290447089,0.02838533290447089,1,0.0,Remote-Deny
HARV-00370,77494,0.004935030843942775,0.004935030843942775,0,0.0,Remote-Deny
HARV-00371,77024,0.09987458670619086,0.09987458670619086,1,0.0,Remote-Deny
HARV-00372,77494,0.004935030843942775,0.004935030843942775,0,0.0,Remote-Deny
HARV-00373,77450,0.052482670816239925,0.052482670816239925,1,0.0,Remote-Deny
HARV-00374,77072,0.02838533290447089,0.02838533290447089,1,0.0,Remote-Deny
HARV-00375,77070,0.09280478992464128,0.09280478992464128,1,0.0,Remote-Deny
HARV-00376,77450,0.052482670816239925,0.052482670816239925,1,0.0,Remote-Deny
HARV-00377,77407,0.008085317460317461,0.008085317460317461,0,0.0,Remote-Deny
HARV-00378,77084,0.05629127253257184,0.05629127253257184,1,0.0,Remote-Deny
HARV-00379,77493,0.017057885563837284,0.017057885563837284,0,0.0,Remote-Deny
HARV-00380,77449,0.005841453031879671,0.005841453031879671,0,0.0,Remote-Deny
HARV-00381,77433,0.009332949787451658,0.009332949787451658,0,0.0,Remote-Deny
HARV-00382,77494,0.004935030843942775,0.004935030843942775,0,0.0,Remote-Deny
HARV-00383,77407,0.008085317460317461,0.008085317460317461,0,0.0,Remote-Deny
HARV-00384,77095,0.005858093542037679,0.005858093542037679,0,0.0,Remote-Deny
HARV-00385,77449,0.005841453031879671,0.005841453031879671,0,0.0,Remote-Deny
HARV-00386,77494,0.004935030843942775,0.004935030843942775,0,0.0,Remote-Deny
HARV-00387,77083,0.006111202051617831,0.006111202051617831,0,0.0,Remote-Deny
HARV-00388,77086,0.005219605346912795,0.005219605346912795,0,0.0,Remote-Deny
HARV-00389,77084,0.05629127253257184,0.05629127253257184,1,0.0,Remote-Deny
HARV-00390,77024,0.09987458670619086,0.09987458670619086,1,0.0,Remote-Deny
HARV-00391,77084,0.05629127253257184,0.05629127253257184,1,0.0,Remote-Deny
HARV-00392,77070,0.09280478992464128,0.09280478992464128,1,0.0,Remote-Deny
HARV-00393,77450,0.052482670816239925,0.052482670816239925,1,0.0,Remote-Deny
HARV-00394,77080,0.011360297718147096,0.011360297718147096,0,0.0,Remote-Deny
HARV-00395,77043,0.017116989673221106,0.017116989673221106,0,0.0,Remote-Deny
HARV-00396,77055,0.010185185185185186,0.010185185185185186,0,0.0,Remote-Deny
HARV-00397,77095,0.005858093542037679,0.005858093542037679,0,0.0,Remote-Deny
HARV-00398,77433,0.009332949787451658,0.009332949787451658,0,0.0,Remote-Deny
HARV-00399,77407,0.008085317460317461,0.008085317460317461,0,0.0,Remote-Deny
HARV-00401,77450,0.052482670816239925,0.052482670816239925,1,0.0,Remote-Deny
HARV-00402,77450,0.052482670816239925,0.052482670816239925,1,0.0,Remote-Deny
HARV-00403,77406,0.08215403882279274,0.08215403882279274,1,0.0,Remote-Deny
HARV-00404,77077,0.05631399317406143,0.05631399317406143,1,0.0,Remote-Deny
HARV-00405,77095,0.005858093542037679,0.005858093542037679,0,0.0,Remote-Deny
HARV-00406,77072,0.02838533290447089,0.02838533290447089,1,0.0,Remote-Deny
HARV-00407,77092,0.051518119490695395,0.051518119490695395,1,0.0,Remote-Deny
HARV-00408,77449,0.005841453031879671,0.005841453031879671,0,0.0,Remote-Deny
HARV-00410,77433,0.009332949787451658,0.009332949787451658,0,0.0,Remote-Deny
HARV-00411,77429,0.06482328258647588,0.06482328258647588,1,0.0,Remote-Deny
HARV-00412,77080,0.011360297718147096,0.011360297718147096,0,0.0,Remote-Deny
HARV-00413,77080,0.011360297718147096,0.011360297718147096,0,0.0,Remote-Deny
HARV-00414,77407,0.008085317460317461,0.008085317460317461,0,0.0,Remote-Deny
HARV-00415,77086,0.005219605346912795,0.005219605346912795,0,0.0,Remote-Deny
HARV-00416,77429,0.06482328258647588,0.06482328258647588,1,0.0,Remote-Deny
HARV-00417,77080,0.011360297718147096,0.011360297718147096,0,0.0,Remote-Deny
HARV-00418,77036,0.00867426204039358,0.00867426204039358,0,0.0,Remote-Deny
HARV-00419,77429,0.06482328258647588,0.06482328258647588,1,0.0,Remote-Deny
HARV-00420,77077,0.05631399317406143,0.05631399317406143,1,0.0,Remote-Deny
HARV-00421,77043,0.017116989673221106,0.017116989673221106,0,0.0,Remote-Deny
HARV-00422,77449,0.005841453031879671,0.005841453031879671,0,0.0,Remote-Deny
HARV-00423,77084,0.05629127253257184,0.05629127253257184,1,0.0,Remote-Deny
HARV-00424,77083,0.006111202051617831,0.006111202051617831,0,0.0,Remote-Deny
HARV-00425,77024,0.09987458670619086,0.09987458670619086,1,0.0,Remote-Deny
HARV-00426,77084,0.05629127253257184,0.05629127253257184,1,0.0,Remote-Deny
HARV-00427,77429,0.06482328258647588,0.06482328258647588,1,0.0,Remote-Deny
HARV-00428,77064,0.003712429499535946,0.003712429499535946,0,0.0,Remote-Deny
HARV-00430,77040,0.023003472222222224,0.023003472222222224,1,0.0,Remote-Deny
HARV-00431,77086,0.005219605346912795,0.005219605346912795,0,0.0,Remote-Deny
HARV-00432,77057,0.02477291494632535,0.02477291494632535,1,0.0,Remote-Deny
HARV-00433,77043,0.017116989673221106,0.017116989673221106,0,0.0,Remote-Deny
HARV-00434,77407,0.008085317460317461,0.008085317460317461,0,0.0,Remote-Deny
HARV-00435,77065,0.037514853165846206,0.037514853165846206,1,0.0,Remote-Deny
HARV-00436,77086,0.005219605346912795,0.005219605346912795,0,0.0,Remote-Deny
HARV-00437,77041,0.0503968253968254,0.0503968253968254,1,0.0,Remote-Deny
HARV-00438,77064,0.003712429499535946,0.003712429499535946,0,0.0,Remote-Deny
HARV-00439,77450,0.052482670816239925,0.052482670816239925,1,0.0,Remote-Deny
HARV-00440,77433,0.009332949787451658,0.009332949787451658,0,0.0,Remote-Deny
HARV-00441,77450,0.052482670816239925,0.052482670816239925,1,0.0,Remote-Deny
HARV-00442,77092,0.051518119490695395,0.051518119490695395,1,0.0,Remote-Deny
HARV-00443,77433,0.009332949787451658,0.009332949787451658,0,0.0,Remote-Deny
HARV-00444,77449,0.005841453031879671,0.005841453031879671,0,0.0,Remote-Deny
HARV-00445,77079,0.20565767486273576,0.20565767486273576,1,0.0,Remote-Deny
HARV-00446,77099,0.04039958865873365,0.04039958865873365,1,0.0,Remote-Deny
HARV-00447,77095,0.005858093542037679,0.005858093542037679,0,0.0,Remote-Deny
HARV-00448,77092,0.051518119490695395,0.051518119490695395,1,0.0,Remote-Deny
HARV-00449,77084,0.05629127253257184,0.05629127253257184,1,0.0,Remote-Deny
HARV-00450,77450,0.052482670816239925,0.052482670816239925,1,0.0,Remote-Deny
HARV-00451,77494,0.004935030843942775,0.004935030843942775,0,0.0,Remote-Deny
HARV-00452,77433,0.009332949787451658,0.009332949787451658,0,0.0,Remote-Deny
HARV-00453,77449,0.005841453031879671,0.005841453031879671,0,0.0,Remote-Deny
HARV-00454,77084,0.05629127253257184,0.05629127253257184,1,0.0,Remote-Deny
HARV-00455,77433,0.009332949787451658,0.009332949787451658,0,0.0,Remote-Deny
HARV-00456,77493,0.017057885563837284,0.017057885563837284,0,0.0,Remote-Deny
HARV-00457,77407,0.008085317460317461,0.008085317460317461,0,0.0,Remote-Deny
HARV-00458,77024,0.09987458670619086,0.09987458670619086,1,0.0,Remote-Deny
HARV-00459,77084,0.05629127253257184,0.05629127253257184,1,0.0,Remote-Deny
HARV-00460,77043,0.017116989673221106,0.017116989673221106,0,0.0,Remote-Deny
HARV-00461,77095,0.005858093542037679,0.005858093542037679,0,0.0,Remote-Deny
HARV-00462,77084,0.05629127253257184,0.05629127253257184,1,0.0,Remote-Deny
HARV-00463,77065,0.037514853165846206,0.037514853165846206,1,0.0,Remote-Deny
HARV-00464,77407,0.008085317460317461,0.008085317460317461,0,0.0,Remote-Deny
HARV-00465,77084,0.05629127253257184,0.05629127253257184,1,0.0,Remote-Deny
HARV-00466,77040,0.023003472222222224,0.023003472222222224,1,0.0,Remote-Deny
HARV-00467,77083,0.006111202051617831,0.006111202051617831,0,0.0,Remote-Deny
HARV-00468,77041,0.0503968253968254,0.0503968253968254,1,0.0,Remote-Deny
HARV-00469,77064,0.003712429499535946,0.003712429499535946,0,0.0,Remote-Deny
HARV-00470,77494,0.004935030843942775,0.004935030843942775,0,0.0,Remote-Deny
HARV-00471,77041,0.0503968253968254,0.0503968253968254,1,0.0,Remote-Deny
HARV-00472,77064,0.003712429499535946,0.003712429499535946,0,0.0,Remote-Deny
HARV-00473,77433,0.009332949787451658,0.009332949787451658,0,0.0,Remote-Deny
HARV-00475,77084,0.05629127253257184,0.05629127253257184,1,0.0,Remote-Deny
HARV-00476,77433,0.009332949787451658,0.009332949787451658,0,0.0,Remote-Deny
HARV-00477,77082,0.01626283367556468,0.01626283367556468,0,0.0,Remote-Deny
HARV-00478,77082,0.01626283367556468,0.01626283367556468,0,0.0,Remote-Deny
HARV-00479,77493,0.017057885563837284,0.017057885563837284,0,0.0,Remote-Deny
HARV-00480,77086,0.005219605346912795,0.005219605346912795,0,0.0,Remote-Deny
HARV-00481,77450,0.052482670816239925,0.052482670816239925,1,0.0,Remote-Deny
HARV-00482,77064,0.003712429499535946,0.003712429499535946,0,0.0,Remote-Deny
HARV-00483,77074,0.19030222517436068,0.19030222517436068,1,0.0,Remote-Deny
HARV-00484,77493,0.017057885563837284,0.017057885563837284,0,0.0,Remote-Deny
HARV-00485,77077,0.05631399317406143,0.05631399317406143,1,0.0,Remote-Deny
HARV-00486,77095,0.005858093542037679,0.005858093542037679,0,0.0,Remote-Deny
HARV-00487,77494,0.004935030843942775,0.004935030843942775,0,0.0,Remote-Deny
HARV-00488,77449,0.005841453031879671,0.005841453031879671,0,0.0,Remote-Deny
HARV-00489,77450,0.052482670816239925,0.052482670816239925,1,0.0,Review
HARV-00490,77066,0.012061513719971858,0.012061513719971858,0,0.0,Remote-Deny
HARV-00491,77064,0.003712429499535946,0.003712429499535946,0,0.0,Remote-Deny
HARV-00492,77494,0.004935030843942775,0.004935030843942775,0,0.0,Remote-Deny
HARV-00493,77057,0.02477291494632535,0.02477291494632535,1,0.0,Remote-Deny
HARV-00494,77449,0.005841453031879671,0.005841453031879671,0,0.0,Remote-Deny
HARV-00495,77088,0.11325141149119894,0.11325141149119894,1,0.0,Remote-Deny
HARV-00496,77088,0.11325141149119894,0.11325141149119894,1,0.0,Remote-Deny
HARV-00497,77095,0.005858093542037679,0.005858093542037679,0,0.0,Remote-Deny
HARV-00498,77449,0.005841453031879671,0.005841453031879671,0,0.0,Remote-Deny
HARV-00499,77088,0.11325141149119894,0.11325141149119894,1,0.0,Remote-Deny
HARV-00500,77083,0.006111202051617831,0.006111202051617831,0,0.0,Remote-Deny
HARV-00501,77080,0.011360297718147096,0.011360297718147096,0,0.0,Remote-Deny
HARV-00502,77024,0.09987458670619086,0.09987458670619086,1,0.0,Remote-Deny
HARV-00503,77449,0.005841453031879671,0.005841453031879671,0,0.4042,Review
HARV-00504,77095,0.005858093542037679,0.005858093542037679,0,0.0,Remote-Deny
HARV-00505,77057,0.02477291494632535,0.02477291494632535,1,0.0,Remote-Deny
HARV-00506,77433,0.009332949787451658,0.009332949787451658,0,0.0,Remote-Deny
HARV-00507,77074,0.19030222517436068,0.19030222517436068,1,0.0,Remote-Deny
HARV-00508,77433,0.009332949787451658,0.009332949787451658,0,0.0,Remote-Deny
HARV-00509,77493,0.017057885563837284,0.017057885563837284,0,0.0,Remote-Deny
HARV-00510,77441,0.013941940412528648,0.013941940412528648,0,0.0,Remote-Deny
HARV-00511,77450,0.052482670816239925,0.052482670816239925,1,0.0,Remote-Deny
HARV-00512,77082,0.01626283367556468,0.01626283367556468,0,0.0,Remote-Deny
HARV-00513,77083,0.006111202051617831,0.006111202051617831,0,0.0,Remote-Deny
HARV-00514,77024,0.09987458670619086,0.09987458670619086,1,0.0,Remote-Deny
HARV-00515,77064,0.003712429499535946,0.003712429499535946,0,0.0,Remote-Deny
HARV-00516,77494,0.004935030843942775,0.004935030843942775,0,0.0,Remote-Deny
HARV-00517,77449,0.005841453031879671,0.005841453031879671,0,0.0,Remote-Deny
HARV-00518,77494,0.004935030843942775,0.004935030843942775,0,0.0,Remote-Deny
HARV-00519,77406,0.08215403882279274,0.08215403882279274,1,0.0,Remote-Deny
HARV-00520,77057,0.02477291494632535,0.02477291494632535,1,0.0,Remote-Deny
HARV-00521,77099,0.04039958865873365,0.04039958865873365,1,0.0,Remote-Deny
HARV-00522,77069,0.039105129137868316,0.039105129137868316,1,0.0,Remote-Deny
HARV-00523,77041,0.0503968253968254,0.0503968253968254,1,0.0,Remote-Deny
HARV-00524,77441,0.013941940412528648,0.013941940412528648,0,0.0,Remote-Deny
HARV-00525,77449,0.005841453031879671,0.005841453031879671,0,0.0,Remote-Deny
HARV-00526,77070,0.09280478992464128,0.09280478992464128,1,0.0,Remote-Deny
HARV-00527,77084,0.05629127253257184,0.05629127253257184,1,0.0,Remote-Deny
HARV-00528,77494,0.004935030843942775,0.004935030843942775,0,0.0,Remote-Deny
HARV-00529,77024,0.09987458670619086,0.09987458670619086,1,0.0,Remote-Deny
HARV-00530,77449,0.005841453031879671,0.005841453031879671,0,0.0,Remote-Deny
HARV-00531,77494,0.004935030843942775,0.004935030843942775,0,0.0,Remote-Deny
HARV-00532,77084,0.05629127253257184,0.05629127253257184,1,0.0,Remote-Deny
HARV-00533,77079,0.20565767486273576,0.20565767486273576,1,0.0,Remote-Deny
HARV-00535,77063,0.08053251855085115,0.08053251855085115,1,0.0,Remote-Deny
HARV-00536,77069,0.039105129137868316,0.039105129137868316,1,0.0,Remote-Deny
HARV-00537,77450,0.052482670816239925,0.052482670816239925,1,0.0,Remote-Deny
HARV-00538,77055,0.010185185185185186,0.010185185185185186,0,0.0,Remote-Deny
HARV-00539,77433,0.009332949787451658,0.009332949787451658,0,0.0,Remote-Deny
HARV-00540,77450,0.052482670816239925,0.052482670816239925,1,0.0,Remote-Deny
HARV-00541,77086,0.005219605346912795,0.005219605346912795,0,0.0,Remote-Deny
HARV-00542,77083,0.006111202051617831,0.006111202051617831,0,0.0,Remote-Deny
HARV-00543,77055,0.010185185185185186,0.010185185185185186,0,0.0,Remote-Deny
HARV-00544,77493,0.017057885563837284,0.017057885563837284,0,0.0,Remote-Deny
HARV-00545,77057,0.02477291494632535,0.02477291494632535,1,0.0,Remote-Deny
HARV-00546,77066,0.012061513719971858,0.012061513719971858,0,0.0,Remote-Deny
HARV-00547,77083,0.006111202051617831,0.006111202051617831,0,0.0,Remote-Deny
HARV-00548,77450,0.052482670816239925,0.052482670816239925,1,0.0,Remote-Deny
HARV-00550,77043,0.017116989673221106,0.017116989673221106,0,0.0,Remote-Deny
HARV-00551,77055,0.010185185185185186,0.010185185185185186,0,0.0,Remote-Deny
HARV-00552,77429,0.06482328258647588,0.06482328258647588,1,0.0,Remote-Deny
HARV-00553,77080,0.011360297718147096,0.011360297718147096,0,0.0,Remote-Deny
HARV-00555,77084,0.05629127253257184,0.05629127253257184,1,0.0,Remote-Deny
HARV-00556,77072,0.02838533290447089,0.02838533290447089,1,0.0,Remote-Deny
HARV-00557,77041,0.0503968253968254,0.0503968253968254,1,0.0,Remote-Deny
HARV-00558,77407,0.008085317460317461,0.008085317460317461,0,0.0,Remote-Deny
HARV-00559,77074,0.19030222517436068,0.19030222517436068,1,0.0,Remote-Deny
HARV-00560,77449,0.005841453031879671,0.005841453031879671,0,0.0,Remote-Deny
HARV-00561,77065,0.037514853165846206,0.037514853165846206,1,0.0,Remote-Deny
HARV-00562,77079,0.20565767486273576,0.20565767486273576,1,0.0,Remote-Deny
HARV-00563,77055,0.010185185185185186,0.010185185185185186,0,0.0,Remote-Deny
HARV-00564,77096,0.2997135354499881,0.2997135354499881,1,0.0,Remote-Deny
HARV-00565,77441,0.013941940412528648,0.013941940412528648,0,0.0,Remote-Deny
HARV-00566,77449,0.005841453031879671,0.005841453031879671,0,0.0,Remote-Deny
HARV-00567,77088,0.11325141149119894,0.11325141149119894,1,0.0,Remote-Deny
HARV-00568,77441,0.013941940412528648,0.013941940412528648,0,0.0,Remote-Deny
HARV-00569,77074,0.19030222517436068,0.19030222517436068,1,0.0,Remote-Deny
HARV-00570,77099,0.04039958865873365,0.04039958865873365,1,0.0,Remote-Deny
HARV-00571,77072,0.02838533290447089,0.02838533290447089,1,0.0,Remote-Deny
HARV-00573,77099,0.04039958865873365,0.04039958865873365,1,0.0,Remote-Deny
HARV-00574,77449,0.005841453031879671,0.005841453031879671,0,0.2895,Review
HARV-00575,77429,0.06482328258647588,0.06482328258647588,1,0.0,Remote-Deny
HARV-00576,77493,0.017057885563837284,0.017057885563837284,0,0.0,Remote-Deny
HARV-00577,77096,0.2997135354499881,0.2997135354499881,1,0.0,Remote-Deny
HARV-00578,77074,0.19030222517436068,0.19030222517436068,1,0.0,Remote-Deny
HARV-00579,77433,0.009332949787451658,0.009332949787451658,0,0.0,Remote-Deny
HARV-00580,77493,0.017057885563837284,0.017057885563837284,0,0.0,Remote-Deny
HARV-00581,77449,0.005841453031879671,0.005841453031879671,0,0.0,Remote-Deny
HARV-00583,77077,0.05631399317406143,0.05631399317406143,1,0.0,Remote-Deny
HARV-00584,77070,0.09280478992464128,0.09280478992464128,1,0.0,Remote-Deny
HARV-00585,77088,0.11325141149119894,0.11325141149119894,1,0.0,Remote-Deny
HARV-00586,77084,0.05629127253257184,0.05629127253257184,1,0.0,Remote-Deny
HARV-00587,77064,0.003712429499535946,0.003712429499535946,0,0.0,Remote-Deny
HARV-00588,77036,0.00867426204039358,0.00867426204039358,0,0.0,Remote-Deny
HARV-00589,77083,0.006111202051617831,0.006111202051617831,0,0.0,Remote-Deny
HARV-00590,77055,0.010185185185185186,0.010185185185185186,0,0.0,Remote-Deny
HARV-00592,77082,0.01626283367556468,0.01626283367556468,0,0.0,Remote-Deny
HARV-00593,77449,0.005841453031879671,0.005841453031879671,0,0.0,Remote-Deny
HARV-00595,77449,0.005841453031879671,0.005841453031879671,0,0.0,Remote-Deny
HARV-00596,77079,0.20565767486273576,0.20565767486273576,1,0.0,Remote-Deny
HARV-00597,77433,0.009332949787451658,0.009332949787451658,0,0.0,Remote-Deny
HARV-00598,77449,0.005841453031879671,0.005841453031879671,0,0.0,Remote-Deny
HARV-00599,77449,0.005841453031879671,0.005841453031879671,0,0.0,Remote-Deny
HARV-00600,77057,0.02477291494632535,0.02477291494632535,1,0.0,Remote-Deny
HARV-00601,77064,0.003712429499535946,0.003712429499535946,0,0.0,Remote-Deny
HARV-00602,77493,0.017057885563837284,0.017057885563837284,0,0.0,Remote-Deny
HARV-00603,77407,0.008085317460317461,0.008085317460317461,0,0.0,Remote-Deny
HARV-00604,77055,0.010185185185185186,0.010185185185185186,0,0.0,Remote-Deny
HARV-00605,77407,0.008085317460317461,0.008085317460317461,0,0.0,Remote-Deny
HARV-00606,77014,0.003607044345427541,0.003607044345427541,0,0.0,Remote-Deny
HARV-00607,77064,0.003712429499535946,0.003712429499535946,0,0.0,Remote-Deny
HARV-00608,77449,0.005841453031879671,0.005841453031879671,0,0.0,Remote-Deny
HARV-00609,77099,0.04039958865873365,0.04039958865873365,1,0.0,Remote-Deny
HARV-00610,77082,0.01626283367556468,0.01626283367556468,0,0.0,Remote-Deny
HARV-00611,77433,0.009332949787451658,0.009332949787451658,0,0.0,Remote-Deny
HARV-00612,77441,0.013941940412528648,0.013941940412528648,0,0.0,Remote-Deny
HARV-00613,77041,0.0503968253968254,0.0503968253968254,1,0.0,Remote-Deny
HARV-00614,77024,0.09987458670619086,0.09987458670619086,1,0.0,Remote-Deny
HARV-00615,77493,0.017057885563837284,0.017057885563837284,0,0.68,Review
HARV-00616,77084,0.05629127253257184,0.05629127253257184,1,0.0,Remote-Deny
HARV-00617,77494,0.004935030843942775,0.004935030843942775,0,0.0,Remote-Deny
HARV-00618,77450,0.052482670816239925,0.052482670816239925,1,0.0,Remote-Deny
HARV-00619,77406,0.08215403882279274,0.08215403882279274,1,0.0,Remote-Deny
HARV-00621,77449,0.005841453031879671,0.005841453031879671,0,0.0,Remote-Deny
HARV-00622,77099,0.04039958865873365,0.04039958865873365,1,0.0,Remote-Deny
HARV-00623,77079,0.20565767486273576,0.20565767486273576,1,0.0,Remote-Deny
HARV-00624,77055,0.010185185185185186,0.010185185185185186,0,0.0,Remote-Deny
HARV-00625,77449,0.005841453031879671,0.005841453031879671,0,0.0,Remote-Deny
HARV-00626,77450,0.052482670816239925,0.052482670816239925,1,0.0,Remote-Deny
HARV-00627,77086,0.005219605346912795,0.005219605346912795,0,0.0,Remote-Deny
HARV-00628,77036,0.00867426204039358,0.00867426204039358,0,0.0,Remote-Deny
HARV-00629,77494,0.004935030843942775,0.004935030843942775,0,0.0,Remote-Deny
HARV-00630,77099,0.04039958865873365,0.04039958865873365,1,0.0,Remote-Deny
HARV-00631,77449,0.005841453031879671,0.005841453031879671,0,0.0,Remote-Deny
HARV-00632,77083,0.006111202051617831,0.006111202051617831,0,0.0,Remote-Deny
HARV-00633,77084,0.05629127253257184,0.05629127253257184,1,0.0,Remote-Deny
HARV-00634,77065,0.037514853165846206,0.037514853165846206,1,0.0,Remote-Deny
HARV-00635,77494,0.004935030843942775,0.004935030843942775,0,0.0,Remote-Deny
HARV-00636,77450,0.052482670816239925,0.052482670816239925,1,0.0,Remote-Deny
HARV-00637,77065,0.037514853165846206,0.037514853165846206,1,0.0,Remote-Deny
HARV-00638,77429,0.06482328258647588,0.06482328258647588,1,0.0,Remote-Deny
HARV-00639,77429,0.06482328258647588,0.06482328258647588,1,0.0,Remote-Deny
HARV-00640,77406,0.08215403882279274,0.08215403882279274,1,0.0,Remote-Deny
HARV-00641,77407,0.008085317460317461,0.008085317460317461,0,0.0,Remote-Deny
HARV-00642,77441,0.013941940412528648,0.013941940412528648,0,0.0,Remote-Deny
HARV-00643,77407,0.008085317460317461,0.008085317460317461,0,0.0,Remote-Deny
HARV-00644,77041,0.0503968253968254,0.0503968253968254,1,0.0,Remote-Deny
HARV-00645,77429,0.06482328258647588,0.06482328258647588,1,0.0,Remote-Deny
HARV-00646,77450,0.052482670816239925,0.052482670816239925,1,0.0,Remote-Deny
HARV-00647,77084,0.05629127253257184,0.05629127253257184,1,0.0,Remote-Deny
HARV-00648,77407,0.008085317460317461,0.008085317460317461,0,0.0,Remote-Deny
HARV-00649,77494,0.004935030843942775,0.004935030843942775,0,0.0,Remote-Deny
HARV-00651,77493,0.017057885563837284,0.017057885563837284,0,0.5533,Review
HARV-00652,77407,0.008085317460317461,0.008085317460317461,0,0.0,Remote-Deny
HARV-00653,77088,0.11325141149119894,0.11325141149119894,1,0.0,Remote-Deny
HARV-00654,77080,0.011360297718147096,0.011360297718147096,0,0.0,Remote-Deny
HARV-00656,77024,0.09987458670619086,0.09987458670619086,1,0.0,Remote-Deny
HARV-00657,77433,0.009332949787451658,0.009332949787451658,0,0.0,Remote-Deny
HARV-00658,77433,0.009332949787451658,0.009332949787451658,0,0.0,Remote-Deny
HARV-00659,77441,0.013941940412528648,0.013941940412528648,0,0.0,Remote-Deny
HARV-00660,77099,0.04039958865873365,0.04039958865873365,1,0.0,Remote-Deny
HARV-00661,77407,0.008085317460317461,0.008085317460317461,0,0.0,Remote-Deny
HARV-00662,77083,0.006111202051617831,0.006111202051617831,0,0.0,Remote-Deny
HARV-00663,77429,0.06482328258647588,0.06482328258647588,1,0.0,Remote-Deny
HARV-00664,77494,0.004935030843942775,0.004935030843942775,0,0.0,Remote-Deny
HARV-00665,77449,0.005841453031879671,0.005841453031879671,0,0.0615,Review
HARV-00666,77043,0.017116989673221106,0.017116989673221106,0,0.0,Remote-Deny
HARV-00667,77494,0.004935030843942775,0.004935030843942775,0,0.0,Remote-Deny
HARV-00668,77433,0.009332949787451658,0.009332949787451658,0,0.0,Review
HARV-00669,77407,0.008085317460317461,0.008085317460317461,0,0.0,Remote-Deny
HARV-00670,77494,0.004935030843942775,0.004935030843942775,0,0.0,Remote-Deny
HARV-00671,77095,0.005858093542037679,0.005858093542037679,0,0.0,Remote-Deny
HARV-00672,77072,0.02838533290447089,0.02838533290447089,1,0.0,Remote-Deny
HARV-00673,77043,0.017116989673221106,0.017116989673221106,0,0.0,Remote-Deny
HARV-00674,77070,0.09280478992464128,0.09280478992464128,1,0.0,Remote-Deny
HARV-00675,77084,0.05629127253257184,0.05629127253257184,1,0.0,Remote-Deny
HARV-00676,77450,0.052482670816239925,0.052482670816239925,1,0.0,Remote-Deny
HARV-00677,77057,0.02477291494632535,0.02477291494632535,1,0.0,Remote-Deny
HARV-00678,77494,0.004935030843942775,0.004935030843942775,0,0.0,Remote-Deny
HARV-00679,77449,0.005841453031879671,0.005841453031879671,0,0.0,Remote-Deny
HARV-00680,77084,0.05629127253257184,0.05629127253257184,1,0.0,Remote-Deny
HARV-00681,77082,0.01626283367556468,0.01626283367556468,0,0.0,Remote-Deny
HARV-00682,77082,0.01626283367556468,0.01626283367556468,0,0.0,Remote-Deny
HARV-00683,77095,0.005858093542037679,0.005858093542037679,0,0.0,Remote-Deny
HARV-00684,77493,0.017057885563837284,0.017057885563837284,0,0.0,Remote-Deny
HARV-00685,77494,0.004935030843942775,0.004935030843942775,0,0.0,Remote-Deny
HARV-00686,77449,0.005841453031879671,0.005841453031879671,0,0.0,Remote-Deny
HARV-00687,77083,0.006111202051617831,0.006111202051617831,0,0.0,Remote-Deny
HARV-00688,77088,0.11325141149119894,0.11325141149119894,1,0.0,Remote-Deny
HARV-00689,77077,0.05631399317406143,0.05631399317406143,1,0.0,Remote-Deny
HARV-00690,77494,0.004935030843942775,0.004935030843942775,0,0.0,Remote-Deny
HARV-00691,77040,0.023003472222222224,0.023003472222222224,1,0.0,Remote-Deny
HARV-00692,77084,0.05629127253257184,0.05629127253257184,1,0.0,Remote-Deny
HARV-00693,77494,0.004935030843942775,0.004935030843942775,0,0.0,Remote-Deny
HARV-00694,77040,0.023003472222222224,0.023003472222222224,1,0.0,Remote-Deny
HARV-00695,77407,0.008085317460317461,0.008085317460317461,0,0.0,Remote-Deny
HARV-00697,77494,0.004935030843942775,0.004935030843942775,0,0.0,Remote-Deny
HARV-00698,77083,0.006111202051617831,0.006111202051617831,0,0.0,Remote-Deny
HARV-00699,77095,0.005858093542037679,0.005858093542037679,0,0.0,Remote-Deny
HARV-00700,77433,0.009332949787451658,0.009332949787451658,0,0.0,Remote-Deny
HARV-00701,77065,0.037514853165846206,0.037514853165846206,1,0.0,Remote-Deny
HARV-00702,77429,0.06482328258647588,0.06482328258647588,1,0.0,Remote-Deny
HARV-00703,77429,0.06482328258647588,0.06482328258647588,1,0.0,Remote-Deny
HARV-00704,77494,0.004935030843942775,0.004935030843942775,0,0.0,Remote-Deny
HARV-00705,77064,0.003712429499535946,0.003712429499535946,0,0.0,Remote-Deny
HARV-00706,77065,0.037514853165846206,0.037514853165846206,1,0.0,Remote-Deny
HARV-00708,77449,0.005841453031879671,0.005841453031879671,0,0.0,Remote-Deny
HARV-00709,77077,0.05631399317406143,0.05631399317406143,1,0.0,Remote-Deny
HARV-00710,77450,0.052482670816239925,0.052482670816239925,1,0.0,Remote-Deny
HARV-00711,77433,0.009332949787451658,0.009332949787451658,0,0.0,Remote-Deny
HARV-00712,77084,0.05629127253257184,0.05629127253257184,1,0.0,Remote-Deny
HARV-00713,77036,0.00867426204039358,0.00867426204039358,0,0.0,Remote-Deny
HARV-00714,77493,0.017057885563837284,0.017057885563837284,0,0.0,Remote-Deny
HARV-00715,77084,0.05629127253257184,0.05629127253257184,1,0.0,Remote-Deny
HARV-00716,77493,0.017057885563837284,0.017057885563837284,0,0.0,Remote-Deny
HARV-00717,77082,0.01626283367556468,0.01626283367556468,0,0.0,Remote-Deny
HARV-00718,77493,0.017057885563837284,0.017057885563837284,0,0.0,Remote-Deny
HARV-00719,77429,0.06482328258647588,0.06482328258647588,1,0.0,Remote-Deny
HARV-00720,77406,0.08215403882279274,0.08215403882279274,1,0.0,Review
HARV-00721,77082,0.01626283367556468,0.01626283367556468,0,0.0,Remote-Deny
HARV-00722,77449,0.005841453031879671,0.005841453031879671,0,0.0,Remote-Deny
HARV-00723,77095,0.005858093542037679,0.005858093542037679,0,0.0,Remote-Deny
HARV-00724,77083,0.006111202051617831,0.006111202051617831,0,0.0,Remote-Deny
HARV-00725,77433,0.009332949787451658,0.009332949787451658,0,0.0,Remote-Deny
HARV-00726,77040,0.023003472222222224,0.023003472222222224,1,0.0,Remote-Deny
HARV-00727,77449,0.005841453031879671,0.005841453031879671,0,0.0,Remote-Deny
HARV-00728,77014,0.003607044345427541,0.003607044345427541,0,0.0,Remote-Deny
HARV-00729,77494,0.004935030843942775,0.004935030843942775,0,0.0,Remote-Deny
HARV-00730,77494,0.004935030843942775,0.004935030843942775,0,0.0,Remote-Deny
HARV-00731,77070,0.09280478992464128,0.09280478992464128,1,0.0,Remote-Deny
HARV-00732,77449,0.005841453031879671,0.005841453031879671,0,0.0,Remote-Deny
HARV-00734,77494,0.004935030843942775,0.004935030843942775,0,0.0,Remote-Deny
HARV-00735,77429,0.06482328258647588,0.06482328258647588,1,0.0,Remote-Deny
HARV-00736,77072,0.02838533290447089,0.02838533290447089,1,0.0,Remote-Deny
HARV-00738,77095,0.005858093542037679,0.005858093542037679,0,0.0,Remote-Deny
HARV-00740,77433,0.009332949787451658,0.009332949787451658,0,0.0,Remote-Deny
HARV-00741,77057,0.02477291494632535,0.02477291494632535,1,0.0,Remote-Deny
HARV-00742,77063,0.08053251855085115,0.08053251855085115,1,0.0,Remote-Deny
HARV-00743,77070,0.09280478992464128,0.09280478992464128,1,0.0,Remote-Deny
HARV-00744,77043,0.017116989673221106,0.017116989673221106,0,0.0,Remote-Deny
HARV-00745,77449,0.005841453031879671,0.005841453031879671,0,0.0,Remote-Deny
HARV-00746,77082,0.01626283367556468,0.01626283367556468,0,0.0,Remote-Deny
HARV-00747,77494,0.004935030843942775,0.004935030843942775,0,0.0,Remote-Deny
HARV-00748,77063,0.08053251855085115,0.08053251855085115,1,0.0,Remote-Deny
HARV-00749,77095,0.005858093542037679,0.005858093542037679,0,0.0,Remote-Deny
HARV-00750,77072,0.02838533290447089,0.02838533290447089,1,0.0,Remote-Deny
HARV-00751,77024,0.09987458670619086,0.09987458670619086,1,0.0,Review
HARV-00752,77072,0.02838533290447089,0.02838533290447089,1,0.0,Remote-Deny
HARV-00753,77407,0.008085317460317461,0.008085317460317461,0,0.0,Remote-Deny
HARV-00754,77084,0.05629127253257184,0.05629127253257184,1,0.0,Remote-Deny
HARV-00755,77083,0.006111202051617831,0.006111202051617831,0,0.0,Remote-Deny
HARV-00756,77041,0.0503968253968254,0.0503968253968254,1,0.0,Remote-Deny
HARV-00757,77095,0.005858093542037679,0.005858093542037679,0,0.0,Remote-Deny
HARV-00758,77494,0.004935030843942775,0.004935030843942775,0,0.0,Remote-Deny
HARV-00759,77080,0.011360297718147096,0.011360297718147096,0,0.0,Remote-Deny
HARV-00760,77079,0.20565767486273576,0.20565767486273576,1,0.0,Remote-Deny
HARV-00761,77083,0.006111202051617831,0.006111202051617831,0,0.0,Remote-Deny
HARV-00762,77493,0.017057885563837284,0.017057885563837284,0,0.0,Remote-Deny
HARV-00763,77074,0.19030222517436068,0.19030222517436068,1,0.0,Remote-Deny
HARV-00764,77079,0.20565767486273576,0.20565767486273576,1,0.0,Remote-Deny
HARV-00765,77433,0.009332949787451658,0.009332949787451658,0,0.0,Remote-Deny
HARV-00766,77084,0.05629127253257184,0.05629127253257184,1,0.0,Remote-Deny
HARV-00768,77429,0.06482328258647588,0.06482328258647588,1,0.0,Remote-Deny
HARV-00769,77082,0.01626283367556468,0.01626283367556468,0,0.0,Remote-Deny
HARV-00770,77450,0.052482670816239925,0.052482670816239925,1,0.0,Remote-Deny
HARV-00771,77494,0.004935030843942775,0.004935030843942775,0,0.0,Remote-Deny
HARV-00772,77079,0.20565767486273576,0.20565767486273576,1,0.0,Remote-Deny
HARV-00773,77077,0.05631399317406143,0.05631399317406143,1,0.0,Remote-Deny
HARV-00774,77493,0.017057885563837284,0.017057885563837284,0,0.0,Remote-Deny
HARV-00775,77493,0.017057885563837284,0.017057885563837284,0,0.0,Remote-Deny
HARV-00776,77082,0.01626283367556468,0.01626283367556468,0,0.0,Remote-Deny
HARV-00777,77095,0.005858093542037679,0.005858093542037679,0,0.0,Remote-Deny
HARV-00778,77066,0.012061513719971858,0.012061513719971858,0,0.0,Remote-Deny
HARV-00779,77040,0.023003472222222224,0.023003472222222224,1,0.0,Remote-Deny
HARV-00780,77074,0.19030222517436068,0.19030222517436068,1,0.0,Remote-Deny
HARV-00781,77494,0.004935030843942775,0.004935030843942775,0,0.0,Review
HARV-00783,77494,0.004935030843942775,0.004935030843942775,0,0.0,Remote-Deny
HARV-00784,77066,0.012061513719971858,0.012061513719971858,0,0.0,Remote-Deny
HARV-00785,77070,0.09280478992464128,0.09280478992464128,1,0.0,Remote-Deny
HARV-00786,77024,0.09987458670619086,0.09987458670619086,1,0.0,Remote-Deny
HARV-00787,77095,0.005858093542037679,0.005858093542037679,0,0.0,Remote-Deny
HARV-00788,77494,0.004935030843942775,0.004935030843942775,0,0.0,Remote-Deny
HARV-00789,77084,0.05629127253257184,0.05629127253257184,1,0.0,Remote-Deny
HARV-00791,77040,0.023003472222222224,0.023003472222222224,1,0.0,Remote-Deny
HARV-00792,77494,0.004935030843942775,0.004935030843942775,0,0.0,Remote-Deny
HARV-00793,77084,0.05629127253257184,0.05629127253257184,1,0.0,Remote-Deny
HARV-00794,77042,0.10466556564822461,0.10466556564822461,1,0.0,Remote-Deny
HARV-00795,77095,0.005858093542037679,0.005858093542037679,0,0.0,Remote-Deny
HARV-00796,77055,0.010185185185185186,0.010185185185185186,0,0.0,Remote-Deny
HARV-00797,77072,0.02838533290447089,0.02838533290447089,1,0.0,Remote-Deny
HARV-00798,77066,0.012061513719971858,0.012061513719971858,0,0.0,Review
HARV-00799,77449,0.005841453031879671,0.005841453031879671,0,0.0,Remote-Deny
HARV-00800,77494,0.004935030843942775,0.004935030843942775,0,0.0,Remote-Deny
HARV-00801,77406,0.08215403882279274,0.08215403882279274,1,0.0,Remote-Deny
HARV-00802,77080,0.011360297718147096,0.011360297718147096,0,0.0,Remote-Deny
HARV-00803,77065,0.037514853165846206,0.037514853165846206,1,0.0,Review
HARV-00804,77084,0.05629127253257184,0.05629127253257184,1,0.0,Remote-Deny
HARV-00805,77083,0.006111202051617831,0.006111202051617831,0,0.0,Remote-Deny
HARV-00806,77494,0.004935030843942775,0.004935030843942775,0,0.0,Remote-Deny
HARV-00807,77095,0.005858093542037679,0.005858093542037679,0,0.0,Remote-Deny
HARV-00808,77084,0.05629127253257184,0.05629127253257184,1,0.0,Remote-Deny
HARV-00809,77494,0.004935030843942775,0.004935030843942775,0,0.0,Remote-Deny
HARV-00810,77084,0.05629127253257184,0.05629127253257184,1,0.0,Remote-Deny
HARV-00811,77070,0.09280478992464128,0.09280478992464128,1,0.0,Remote-Deny
HARV-00812,77449,0.005841453031879671,0.005841453031879671,0,0.0,Remote-Deny
HARV-00813,77041,0.0503968253968254,0.0503968253968254,1,0.0,Remote-Deny
HARV-00814,77070,0.09280478992464128,0.09280478992464128,1,0.0,Remote-Deny
HARV-00815,77084,0.05629127253257184,0.05629127253257184,1,0.0,Remote-Deny
HARV-00816,77080,0.011360297718147096,0.011360297718147096,0,0.0,Remote-Deny
HARV-00817,77077,0.05631399317406143,0.05631399317406143,1,0.0,Remote-Deny
HARV-00818,77449,0.005841453031879671,0.005841453031879671,0,0.0,Remote-Deny
HARV-00819,77096,0.2997135354499881,0.2997135354499881,1,0.0,Remote-Deny
HARV-00820,77074,0.19030222517436068,0.19030222517436068,1,0.0,Remote-Deny
HARV-00821,77433,0.009332949787451658,0.009332949787451658,0,0.0,Remote-Deny
HARV-00822,77449,0.005841453031879671,0.005841453031879671,0,0.0,Remote-Deny
HARV-00823,77064,0.003712429499535946,0.003712429499535946,0,0.0,Remote-Deny
HARV-00824,77433,0.009332949787451658,0.009332949787451658,0,0.3753,Review
HARV-00825,77433,0.009332949787451658,0.009332949787451658,0,0.0,Remote-Deny
HARV-00826,77493,0.017057885563837284,0.017057885563837284,0,0.0,Remote-Deny
HARV-00827,77494,0.004935030843942775,0.004935030843942775,0,0.0,Remote-Deny
HARV-00829,77040,0.023003472222222224,0.023003472222222224,1,0.0,Remote-Deny
HARV-00830,77096,0.2997135354499881,0.2997135354499881,1,0.0,Remote-Deny
HARV-00831,77077,0.05631399317406143,0.05631399317406143,1,0.0,Remote-Deny
HARV-00832,77064,0.003712429499535946,0.003712429499535946,0,0.0,Remote-Deny
HARV-00833,77066,0.012061513719971858,0.012061513719971858,0,0.0,Remote-Deny
HARV-00835,77429,0.06482328258647588,0.06482328258647588,1,0.0,Remote-Deny
HARV-00836,77040,0.023003472222222224,0.023003472222222224,1,0.0,Review
HARV-00837,77407,0.008085317460317461,0.008085317460317461,0,0.0,Remote-Deny
HARV-00838,77084,0.05629127253257184,0.05629127253257184,1,0.0,Remote-Deny
HARV-00839,77433,0.009332949787451658,0.009332949787451658,0,0.0,Remote-Deny
HARV-00840,77077,0.05631399317406143,0.05631399317406143,1,0.0,Remote-Deny
HARV-00841,77494,0.004935030843942775,0.004935030843942775,0,0.0,Review
HARV-00842,77429,0.06482328258647588,0.06482328258647588,1,0.0,Remote-Deny
HARV-00843,77014,0.003607044345427541,0.003607044345427541,0,0.0,Remote-Deny
HARV-00844,77084,0.05629127253257184,0.05629127253257184,1,0.0,Remote-Deny
HARV-00845,77407,0.008085317460317461,0.008085317460317461,0,0.0,Remote-Deny
HARV-00847,77493,0.017057885563837284,0.017057885563837284,0,0.0195,Remote-Deny
HARV-00849,77043,0.017116989673221106,0.017116989673221106,0,0.0,Remote-Deny
HARV-00850,77036,0.00867426204039358,0.00867426204039358,0,0.0,Remote-Deny
HARV-00851,77494,0.004935030843942775,0.004935030843942775,0,0.0,Remote-Deny
HARV-00852,77095,0.005858093542037679,0.005858093542037679,0,0.0,Remote-Deny
HARV-00853,77449,0.005841453031879671,0.005841453031879671,0,0.0,Remote-Deny
HARV-00855,77493,0.017057885563837284,0.017057885563837284,0,0.0,Remote-Deny
HARV-00856,77493,0.017057885563837284,0.017057885563837284,0,0.0,Remote-Deny
HARV-00857,77449,0.005841453031879671,0.005841453031879671,0,0.0,Remote-Deny
HARV-00858,77433,0.009332949787451658,0.009332949787451658,0,0.0,Remote-Deny
HARV-00859,77077,0.05631399317406143,0.05631399317406143,1,0.0,Remote-Deny
HARV-00860,77433,0.009332949787451658,0.009332949787451658,0,0.0,Remote-Deny
HARV-00861,77494,0.004935030843942775,0.004935030843942775,0,0.0,Remote-Deny
HARV-00862,77449,0.005841453031879671,0.005841453031879671,0,0.0,Remote-Deny
HARV-00863,77433,0.009332949787451658,0.009332949787451658,0,0.0,Remote-Deny
HARV-00864,77084,0.05629127253257184,0.05629127253257184,1,0.0,Remote-Deny
HARV-00865,77077,0.05631399317406143,0.05631399317406143,1,0.0,Remote-Deny
HARV-00866,77449,0.005841453031879671,0.005841453031879671,0,0.0,Remote-Deny
HARV-00867,77086,0.005219605346912795,0.005219605346912795,0,0.0,Remote-Deny
HARV-00868,77493,0.017057885563837284,0.017057885563837284,0,0.0,Remote-Deny
HARV-00869,77449,0.005841453031879671,0.005841453031879671,0,0.0,Remote-Deny
HARV-00870,77040,0.023003472222222224,0.023003472222222224,1,0.0,Remote-Deny
HARV-00871,77070,0.09280478992464128,0.09280478992464128,1,0.0,Remote-Deny
HARV-00872,77080,0.011360297718147096,0.011360297718147096,0,0.0,Remote-Deny
HARV-00873,77041,0.0503968253968254,0.0503968253968254,1,0.0,Remote-Deny
HARV-00874,77099,0.04039958865873365,0.04039958865873365,1,0.0,Remote-Deny
HARV-00875,77082,0.01626283367556468,0.01626283367556468,0,0.0,Remote-Deny
HARV-00876,77084,0.05629127253257184,0.05629127253257184,1,0.0,Remote-Deny
HARV-00877,77095,0.005858093542037679,0.005858093542037679,0,0.0,Remote-Deny
HARV-00879,77494,0.004935030843942775,0.004935030843942775,0,0.0,Remote-Deny
HARV-00880,77080,0.011360297718147096,0.011360297718147096,0,0.0,Remote-Deny
HARV-00881,77494,0.004935030843942775,0.004935030843942775,0,0.0,Remote-Deny
HARV-00882,77429,0.06482328258647588,0.06482328258647588,1,0.0,Remote-Deny
HARV-00883,77036,0.00867426204039358,0.00867426204039358,0,0.0,Remote-Deny
HARV-00884,77040,0.023003472222222224,0.023003472222222224,1,0.0,Remote-Deny
HARV-00885,77055,0.010185185185185186,0.010185185185185186,0,0.0,Remote-Deny
HARV-00886,77040,0.023003472222222224,0.023003472222222224,1,0.0,Remote-Deny
HARV-00887,77088,0.11325141149119894,0.11325141149119894,1,0.0,Remote-Deny
HARV-00888,77407,0.008085317460317461,0.008085317460317461,0,0.0,Remote-Deny
HARV-00889,77083,0.006111202051617831,0.006111202051617831,0,0.0,Remote-Deny
HARV-00890,77063,0.08053251855085115,0.08053251855085115,1,0.0,Remote-Deny
HARV-00891,77072,0.02838533290447089,0.02838533290447089,1,0.0,Remote-Deny
HARV-00892,77083,0.006111202051617831,0.006111202051617831,0,0.0,Remote-Deny
HARV-00893,77077,0.05631399317406143,0.05631399317406143,1,0.0,Review
HARV-00894,77077,0.05631399317406143,0.05631399317406143,1,0.0,Remote-Deny
HARV-00895,77433,0.009332949787451658,0.009332949787451658,0,0.0,Remote-Deny
HARV-00896,77449,0.005841453031879671,0.005841453031879671,0,0.0,Remote-Deny
HARV-00897,77449,0.005841453031879671,0.005841453031879671,0,0.0,Remote-Deny
HARV-00898,77407,0.008085317460317461,0.008085317460317461,0,0.0,Remote-Deny
HARV-00899,77429,0.06482328258647588,0.06482328258647588,1,0.0,Remote-Deny
HARV-00900,77064,0.003712429499535946,0.003712429499535946,0,0.0,Remote-Deny
HARV-00901,77450,0.052482670816239925,0.052482670816239925,1,0.0,Remote-Deny
HARV-00902,77095,0.005858093542037679,0.005858093542037679,0,0.0,Remote-Deny
HARV-00903,77066,0.012061513719971858,0.012061513719971858,0,0.0,Remote-Deny
HARV-00904,77449,0.005841453031879671,0.005841453031879671,0,0.0,Remote-Deny
HARV-00905,77070,0.09280478992464128,0.09280478992464128,1,0.0,Remote-Deny
HARV-00906,77080,0.011360297718147096,0.011360297718147096,0,0.0,Remote-Deny
HARV-00907,77084,0.05629127253257184,0.05629127253257184,1,0.0,Remote-Deny
HARV-00908,77041,0.0503968253968254,0.0503968253968254,1,0.0,Remote-Deny
HARV-00909,77041,0.0503968253968254,0.0503968253968254,1,0.0,Remote-Deny
HARV-00910,77433,0.009332949787451658,0.009332949787451658,0,0.0,Remote-Deny
HARV-00911,77096,0.2997135354499881,0.2997135354499881,1,0.0,Remote-Deny
HARV-00913,77036,0.00867426204039358,0.00867426204039358,0,0.0,Remote-Deny
HARV-00914,77084,0.05629127253257184,0.05629127253257184,1,0.0,Remote-Deny
HARV-00915,77041,0.0503968253968254,0.0503968253968254,1,0.0,Remote-Deny
HARV-00916,77042,0.10466556564822461,0.10466556564822461,1,0.0,Remote-Deny
HARV-00917,77449,0.005841453031879671,0.005841453031879671,0,0.0,Remote-Deny
HARV-00918,77494,0.004935030843942775,0.004935030843942775,0,0.0,Remote-Deny
HARV-00919,77099,0.04039958865873365,0.04039958865873365,1,0.0,Remote-Deny
HARV-00920,77079,0.20565767486273576,0.20565767486273576,1,0.0,Remote-Deny
HARV-00921,77494,0.004935030843942775,0.004935030843942775,0,0.0,Remote-Deny
HARV-00922,77494,0.004935030843942775,0.004935030843942775,0,0.0,Remote-Deny
HARV-00924,77433,0.009332949787451658,0.009332949787451658,0,0.0,Remote-Deny
HARV-00925,77069,0.039105129137868316,0.039105129137868316,1,0.0,Remote-Deny
HARV-00926,77494,0.004935030843942775,0.004935030843942775,0,0.0,Remote-Deny
HARV-00927,77024,0.09987458670619086,0.09987458670619086,1,0.0,Remote-Deny
HARV-00928,77055,0.010185185185185186,0.010185185185185186,0,0.0,Remote-Deny
HARV-00929,77493,0.017057885563837284,0.017057885563837284,0,0.656,Review
HARV-00930,77072,0.02838533290447089,0.02838533290447089,1,0.0,Remote-Deny
HARV-00931,77063,0.08053251855085115,0.08053251855085115,1,0.0,Remote-Deny
HARV-00932,77080,0.011360297718147096,0.011360297718147096,0,0.0,Remote-Deny
HARV-00933,77494,0.004935030843942775,0.004935030843942775,0,0.0,Remote-Deny
HARV-00934,77024,0.09987458670619086,0.09987458670619086,1,0.0,Remote-Deny
HARV-00935,77493,0.017057885563837284,0.017057885563837284,0,0.0,Remote-Deny
HARV-00936,77449,0.005841453031879671,0.005841453031879671,0,0.0,Remote-Deny
HARV-00937,77064,0.003712429499535946,0.003712429499535946,0,0.0,Remote-Deny
HARV-00938,77494,0.004935030843942775,0.004935030843942775,0,0.0,Remote-Deny
HARV-00939,77099,0.04039958865873365,0.04039958865873365,1,0.0,Remote-Deny
HARV-00940,77449,0.005841453031879671,0.005841453031879671,0,0.0,Remote-Deny
HARV-00941,77429,0.06482328258647588,0.06482328258647588,1,0.0,Remote-Deny
HARV-00942,77064,0.003712429499535946,0.003712429499535946,0,0.0,Remote-Deny
HARV-00943,77072,0.02838533290447089,0.02838533290447089,1,0.0,Remote-Deny
HARV-00944,77064,0.003712429499535946,0.003712429499535946,0,0.0,Remote-Deny
HARV-00945,77082,0.01626283367556468,0.01626283367556468,0,0.0,Remote-Deny
HARV-00946,77433,0.009332949787451658,0.009332949787451658,0,0.0,Remote-Deny
HARV-00947,77406,0.08215403882279274,0.08215403882279274,1,0.0,Remote-Deny
HARV-00948,77074,0.19030222517436068,0.19030222517436068,1,0.0,Remote-Deny
HARV-00949,77095,0.005858093542037679,0.005858093542037679,0,0.0,Remote-Deny
HARV-00950,77406,0.08215403882279274,0.08215403882279274,1,0.0,Remote-Deny
HARV-00951,77494,0.004935030843942775,0.004935030843942775,0,0.0,Remote-Deny
HARV-00952,77086,0.005219605346912795,0.005219605346912795,0,0.0,Remote-Deny
HARV-00953,77040,0.023003472222222224,0.023003472222222224,1,0.0,Remote-Deny
HARV-00954,77080,0.011360297718147096,0.011360297718147096,0,0.0,Remote-Deny
HARV-00955,77082,0.01626283367556468,0.01626283367556468,0,0.0,Remote-Deny
HARV-00956,77072,0.02838533290447089,0.02838533290447089,1,0.0,Remote-Deny
HARV-00957,77099,0.04039958865873365,0.04039958865873365,1,0.0,Remote-Deny
HARV-00958,77433,0.009332949787451658,0.009332949787451658,0,0.0,Remote-Deny
HARV-00959,77040,0.023003472222222224,0.023003472222222224,1,0.0,Remote-Deny
HARV-00960,77088,0.11325141149119894,0.11325141149119894,1,0.0,Remote-Deny
HARV-00961,77079,0.20565767486273576,0.20565767486273576,1,0.0,Remote-Deny
HARV-00962,77077,0.05631399317406143,0.05631399317406143,1,0.0,Remote-Deny
HARV-00963,77079,0.20565767486273576,0.20565767486273576,1,0.0,Remote-Deny
HARV-00964,77024,0.09987458670619086,0.09987458670619086,1,0.0,Remote-Deny
HARV-00965,77493,0.017057885563837284,0.017057885563837284,0,0.8458,Review
HARV-00966,77065,0.037514853165846206,0.037514853165846206,1,0.0,Remote-Deny
HARV-00967,77493,0.017057885563837284,0.017057885563837284,0,0.0,Remote-Deny
HARV-00968,77043,0.017116989673221106,0.017116989673221106,0,0.0,Remote-Deny
HARV-00969,77407,0.008085317460317461,0.008085317460317461,0,0.0,Review
HARV-00970,77066,0.012061513719971858,0.012061513719971858,0,0.0,Remote-Deny
HARV-00971,77429,0.06482328258647588,0.06482328258647588,1,0.0,Remote-Deny
HARV-00972,77406,0.08215403882279274,0.08215403882279274,1,0.0,Remote-Deny
HARV-00973,77449,0.005841453031879671,0.005841453031879671,0,0.0,Remote-Deny
HARV-00974,77055,0.010185185185185186,0.010185185185185186,0,0.0,Remote-Deny
HARV-00975,77494,0.004935030843942775,0.004935030843942775,0,0.0,Remote-Deny
HARV-00976,77084,0.05629127253257184,0.05629127253257184,1,0.0,Remote-Deny
HARV-00977,77055,0.010185185185185186,0.010185185185185186,0,0.0,Remote-Deny
HARV-00978,77036,0.00867426204039358,0.00867426204039358,0,0.0,Remote-Deny
HARV-00979,77086,0.005219605346912795,0.005219605346912795,0,0.0,Remote-Deny
HARV-00980,77066,0.012061513719971858,0.012061513719971858,0,0.0,Remote-Deny
HARV-00981,77084,0.05629127253257184,0.05629127253257184,1,0.0,Remote-Deny
HARV-00982,77072,0.02838533290447089,0.02838533290447089,1,0.0,Remote-Deny
HARV-00983,77084,0.05629127253257184,0.05629127253257184,1,0.0,Remote-Deny
HARV-00984,77433,0.009332949787451658,0.009332949787451658,0,0.0,Remote-Deny
HARV-00985,77055,0.010185185185185186,0.010185185185185186,0,0.0,Remote-Deny
HARV-00986,77082,0.01626283367556468,0.01626283367556468,0,0.0,Remote-Deny
HARV-00987,77449,0.005841453031879671,0.005841453031879671,0,0.0,Remote-Deny
HARV-00988,77450,0.052482670816239925,0.052482670816239925,1,0.0,Remote-Deny
HARV-00989,77077,0.05631399317406143,0.05631399317406143,1,0.0,Remote-Deny
HARV-00990,77077,0.05631399317406143,0.05631399317406143,1,0.0,Remote-Deny
HARV-00991,77095,0.005858093542037679,0.005858093542037679,0,0.0,Remote-Deny
HARV-00992,77096,0.2997135354499881,0.2997135354499881,1,0.0,Remote-Deny
HARV-00993,77099,0.04039958865873365,0.04039958865873365,1,0.0,Remote-Deny
HARV-00994,77066,0.012061513719971858,0.012061513719971858,0,0.0,Remote-Deny
HARV-00995,77086,0.005219605346912795,0.005219605346912795,0,0.0,Remote-Deny
HARV-00996,77084,0.05629127253257184,0.05629127253257184,1,0.0,Remote-Deny
HARV-00997,77084,0.05629127253257184,0.05629127253257184,1,0.0,Remote-Deny
HARV-00998,77024,0.09987458670619086,0.09987458670619086,1,0.0,Review
HARV-00999,77441,0.013941940412528648,0.013941940412528648,0,0.0,Remote-Deny
HARV-01000,77407,0.008085317460317461,0.008085317460317461,0,0.0,Remote-Deny
HARV-01002,77043,0.017116989673221106,0.017116989673221106,0,0.0,Remote-Deny
HARV-01003,77080,0.011360297718147096,0.011360297718147096,0,0.0,Remote-Deny
HARV-01004,77066,0.012061513719971858,0.012061513719971858,0,0.0,Remote-Deny
HARV-01006,77055,0.010185185185185186,0.010185185185185186,0,0.0,Remote-Deny
HARV-01007,77086,0.005219605346912795,0.005219605346912795,0,0.0,Remote-Deny
HARV-01008,77069,0.039105129137868316,0.039105129137868316,1,0.0,Remote-Deny
HARV-01009,77429,0.06482328258647588,0.06482328258647588,1,0.0,Remote-Deny
HARV-01010,77433,0.009332949787451658,0.009332949787451658,0,0.0,Remote-Deny
HARV-01011,77494,0.004935030843942775,0.004935030843942775,0,0.0,Remote-Deny
HARV-01012,77494,0.004935030843942775,0.004935030843942775,0,0.0,Remote-Deny
HARV-01013,77083,0.006111202051617831,0.006111202051617831,0,0.0,Remote-Deny
HARV-01014,77493,0.017057885563837284,0.017057885563837284,0,0.0,Remote-Deny
HARV-01015,77043,0.017116989673221106,0.017116989673221106,0,0.0,Remote-Deny
HARV-01016,77429,0.06482328258647588,0.06482328258647588,1,0.0,Remote-Deny
HARV-01017,77040,0.023003472222222224,0.023003472222222224,1,0.0,Remote-Deny
HARV-01018,77072,0.02838533290447089,0.02838533290447089,1,0.0,Remote-Deny
HARV-01019,77449,0.005841453031879671,0.005841453031879671,0,0.0,Remote-Deny
HARV-01020,77449,0.005841453031879671,0.005841453031879671,0,0.0,Remote-Deny
HARV-01021,77449,0.005841453031879671,0.005841453031879671,0,0.0,Remote-Deny
HARV-01022,77084,0.05629127253257184,0.05629127253257184,1,0.0,Remote-Deny
HARV-01023,77095,0.005858093542037679,0.005858093542037679,0,0.0,Remote-Deny
HARV-01024,77494,0.004935030843942775,0.004935030843942775,0,0.0,Remote-Deny
HARV-01025,77096,0.2997135354499881,0.2997135354499881,1,0.0,Remote-Deny
HARV-01026,77083,0.006111202051617831,0.006111202051617831,0,0.0,Remote-Deny
HARV-01027,77493,0.017057885563837284,0.017057885563837284,0,0.0,Remote-Deny
HARV-01028,77493,0.017057885563837284,0.017057885563837284,0,0.0,Remote-Deny
HARV-01029,77494,0.004935030843942775,0.004935030843942775,0,0.0,Remote-Deny
HARV-01030,77055,0.010185185185185186,0.010185185185185186,0,0.0,Remote-Deny
HARV-01031,77055,0.010185185185185186,0.010185185185185186,0,0.0,Remote-Deny
HARV-01032,77070,0.09280478992464128,0.09280478992464128,1,0.0,Remote-Deny
HARV-01033,77494,0.004935030843942775,0.004935030843942775,0,0.0,Remote-Deny
HARV-01034,77407,0.008085317460317461,0.008085317460317461,0,0.0,Remote-Deny
HARV-01035,77070,0.09280478992464128,0.09280478992464128,1,0.0,Remote-Deny
HARV-01036,77494,0.004935030843942775,0.004935030843942775,0,0.0,Remote-Deny
HARV-01037,77077,0.05631399317406143,0.05631399317406143,1,0.0,Remote-Deny
HARV-01038,77066,0.012061513719971858,0.012061513719971858,0,0.0,Remote-Deny
HARV-01039,77406,0.08215403882279274,0.08215403882279274,1,0.0,Remote-Deny
HARV-01040,77057,0.02477291494632535,0.02477291494632535,1,0.0,Remote-Deny
HARV-01041,77086,0.005219605346912795,0.005219605346912795,0,0.0,Remote-Deny
HARV-01042,77086,0.005219605346912795,0.005219605346912795,0,0.0,Remote-Deny
HARV-01043,77449,0.005841453031879671,0.005841453031879671,0,0.0,Remote-Deny
HARV-01044,77083,0.006111202051617831,0.006111202051617831,0,0.0,Remote-Deny
HARV-01045,77095,0.005858093542037679,0.005858093542037679,0,0.0,Remote-Deny
HARV-01046,77429,0.06482328258647588,0.06482328258647588,1,0.0,Remote-Deny
HARV-01047,77449,0.005841453031879671,0.005841453031879671,0,0.0,Remote-Deny
HARV-01048,77041,0.0503968253968254,0.0503968253968254,1,0.0,Review
HARV-01049,77096,0.2997135354499881,0.2997135354499881,1,0.0,Remote-Deny
HARV-01050,77095,0.005858093542037679,0.005858093542037679,0,0.0,Remote-Deny
HARV-01051,77493,0.017057885563837284,0.017057885563837284,0,0.839,Review
HARV-01052,77429,0.06482328258647588,0.06482328258647588,1,0.0,Remote-Deny
HARV-01053,77449,0.005841453031879671,0.005841453031879671,0,0.0,Remote-Deny
HARV-01054,77024,0.09987458670619086,0.09987458670619086,1,0.0,Remote-Deny
HARV-01055,77433,0.009332949787451658,0.009332949787451658,0,0.0,Remote-Deny
HARV-01056,77406,0.08215403882279274,0.08215403882279274,1,0.0,Remote-Deny
HARV-01057,77083,0.006111202051617831,0.006111202051617831,0,0.0,Remote-Deny
HARV-01059,77449,0.005841453031879671,0.005841453031879671,0,0.0,Remote-Deny
HARV-01060,77014,0.003607044345427541,0.003607044345427541,0,0.0,Remote-Deny
HARV-01061,77407,0.008085317460317461,0.008085317460317461,0,0.0,Remote-Deny
HARV-01062,77441,0.013941940412528648,0.013941940412528648,0,0.0,Remote-Deny
HARV-01063,77494,0.004935030843942775,0.004935030843942775,0,0.0,Remote-Deny
HARV-01065,77449,0.005841453031879671,0.005841453031879671,0,0.0,Remote-Deny
HARV-01066,77441,0.013941940412528648,0.013941940412528648,0,0.0,Remote-Deny
HARV-01067,77043,0.017116989673221106,0.017116989673221106,0,0.0,Remote-Deny
HARV-01068,77036,0.00867426204039358,0.00867426204039358,0,0.0,Remote-Deny
HARV-01069,77036,0.00867426204039358,0.00867426204039358,0,0.0,Remote-Deny
HARV-01070,77036,0.00867426204039358,0.00867426204039358,0,0.0,Remote-Deny
HARV-01071,77449,0.005841453031879671,0.005841453031879671,0,0.0,Remote-Deny
HARV-01072,77433,0.009332949787451658,0.009332949787451658,0,0.0,Remote-Deny
HARV-01073,77064,0.003712429499535946,0.003712429499535946,0,0.0,Remote-Deny
HARV-01074,77494,0.004935030843942775,0.004935030843942775,0,0.0,Remote-Deny
HARV-01075,77040,0.023003472222222224,0.023003472222222224,1,0.0,Remote-Deny
HARV-01076,77082,0.01626283367556468,0.01626283367556468,0,0.0,Remote-Deny
HARV-01077,77070,0.09280478992464128,0.09280478992464128,1,0.0,Remote-Deny
HARV-01078,77070,0.09280478992464128,0.09280478992464128,1,0.0,Remote-Deny
HARV-01079,77407,0.008085317460317461,0.008085317460317461,0,0.0,Remote-Deny
HARV-01080,77092,0.051518119490695395,0.051518119490695395,1,0.0,Remote-Deny
HARV-01081,77494,0.004935030843942775,0.004935030843942775,0,0.0,Remote-Deny
HARV-01082,77429,0.06482328258647588,0.06482328258647588,1,0.0,Remote-Deny
HARV-01083,77429,0.06482328258647588,0.06482328258647588,1,0.0,Remote-Deny
HARV-01084,77494,0.004935030843942775,0.004935030843942775,0,0.0,Remote-Deny
HARV-01085,77074,0.19030222517436068,0.19030222517436068,1,0.0,Remote-Deny
HARV-01086,77080,0.011360297718147096,0.011360297718147096,0,0.0,Remote-Deny
HARV-01087,77064,0.003712429499535946,0.003712429499535946,0,0.0,Remote-Deny
HARV-01088,77433,0.009332949787451658,0.009332949787451658,0,0.0,Remote-Deny
HARV-01089,77095,0.005858093542037679,0.005858093542037679,0,0.0,Remote-Deny
HARV-01090,77494,0.004935030843942775,0.004935030843942775,0,0.0,Remote-Deny
HARV-01091,77084,0.05629127253257184,0.05629127253257184,1,0.0,Remote-Deny
HARV-01092,77406,0.08215403882279274,0.08215403882279274,1,0.0,Remote-Deny
HARV-01093,77064,0.003712429499535946,0.003712429499535946,0,0.0,Remote-Deny
HARV-01094,77086,0.005219605346912795,0.005219605346912795,0,0.0,Remote-Deny
HARV-01095,77083,0.006111202051617831,0.006111202051617831,0,0.0,Remote-Deny
HARV-01096,77449,0.005841453031879671,0.005841453031879671,0,0.2798,Review
HARV-01097,77493,0.017057885563837284,0.017057885563837284,0,0.0,Remote-Deny
HARV-01098,77040,0.023003472222222224,0.023003472222222224,1,0.0,Remote-Deny
HARV-01099,77072,0.02838533290447089,0.02838533290447089,1,0.0,Remote-Deny
HARV-01101,77083,0.006111202051617831,0.006111202051617831,0,0.0,Remote-Deny
HARV-01102,77014,0.003607044345427541,0.003607044345427541,0,0.0,Remote-Deny
HARV-01103,77064,0.003712429499535946,0.003712429499535946,0,0.0,Remote-Deny
HARV-01104,77099,0.04039958865873365,0.04039958865873365,1,0.0,Remote-Deny
HARV-01105,77040,0.023003472222222224,0.023003472222222224,1,0.0,Remote-Deny
HARV-01106,77043,0.017116989673221106,0.017116989673221106,0,0.0,Remote-Deny
HARV-01107,77088,0.11325141149119894,0.11325141149119894,1,0.0,Remote-Deny
HARV-01108,77043,0.017116989673221106,0.017116989673221106,0,0.0,Remote-Deny
HARV-01109,77429,0.06482328258647588,0.06482328258647588,1,0.0,Remote-Deny
HARV-01110,77040,0.023003472222222224,0.023003472222222224,1,0.0,Remote-Deny
HARV-01111,77433,0.009332949787451658,0.009332949787451658,0,0.0,Remote-Deny
HARV-01112,77057,0.02477291494632535,0.02477291494632535,1,0.0,Remote-Deny
HARV-01113,77084,0.05629127253257184,0.05629127253257184,1,0.0,Remote-Deny
HARV-01114,77092,0.051518119490695395,0.051518119490695395,1,0.0,Remote-Deny
HARV-01115,77493,0.017057885563837284,0.017057885563837284,0,0.0,Remote-Deny
HARV-01116,77449,0.005841453031879671,0.005841453031879671,0,0.0,Remote-Deny
HARV-01117,77429,0.06482328258647588,0.06482328258647588,1,0.0,Remote-Deny
HARV-01118,77064,0.003712429499535946,0.003712429499535946,0,0.0,Remote-Deny
HARV-01119,77449,0.005841453031879671,0.005841453031879671,0,0.0,Remote-Deny
HARV-01120,77433,0.009332949787451658,0.009332949787451658,0,0.0,Remote-Deny
HARV-01121,77449,0.005841453031879671,0.005841453031879671,0,0.0,Remote-Deny
HARV-01122,77449,0.005841453031879671,0.005841453031879671,0,0.0,Remote-Deny
HARV-01123,77407,0.008085317460317461,0.008085317460317461,0,0.0,Remote-Deny
HARV-01124,77407,0.008085317460317461,0.008085317460317461,0,0.0,Remote-Deny
HARV-01125,77429,0.06482328258647588,0.06482328258647588,1,0.0,Remote-Deny
HARV-01126,77084,0.05629127253257184,0.05629127253257184,1,0.0,Remote-Deny
HARV-01127,77084,0.05629127253257184,0.05629127253257184,1,0.0,Remote-Deny
HARV-01128,77494,0.004935030843942775,0.004935030843942775,0,0.7422,Review
HARV-01129,77449,0.005841453031879671,0.005841453031879671,0,0.0682,Review
HARV-01130,77064,0.003712429499535946,0.003712429499535946,0,0.0,Remote-Deny
HARV-01131,77084,0.05629127253257184,0.05629127253257184,1,0.0,Remote-Deny
HARV-01132,77406,0.08215403882279274,0.08215403882279274,1,0.0,Remote-Deny
HARV-01133,77079,0.20565767486273576,0.20565767486273576,1,0.0,Remote-Deny
HARV-01134,77450,0.052482670816239925,0.052482670816239925,1,0.0,Remote-Deny
HARV-01135,77036,0.00867426204039358,0.00867426204039358,0,0.0,Remote-Deny
HARV-01136,77082,0.01626283367556468,0.01626283367556468,0,0.0,Remote-Deny
HARV-01137,77014,0.003607044345427541,0.003607044345427541,0,0.0,Remote-Deny
HARV-01138,77069,0.039105129137868316,0.039105129137868316,1,0.0,Remote-Deny
HARV-01139,77429,0.06482328258647588,0.06482328258647588,1,0.0,Remote-Deny
HARV-01140,77064,0.003712429499535946,0.003712429499535946,0,0.0,Remote-Deny
HARV-01141,77095,0.005858093542037679,0.005858093542037679,0,0.0,Remote-Deny
HARV-01142,77450,0.052482670816239925,0.052482670816239925,1,0.0,Remote-Deny
HARV-01143,77433,0.009332949787451658,0.009332949787451658,0,0.0,Remote-Deny
HARV-01144,77429,0.06482328258647588,0.06482328258647588,1,0.0,Remote-Deny
HARV-01145,77096,0.2997135354499881,0.2997135354499881,1,0.0,Remote-Deny
HARV-01146,77493,0.017057885563837284,0.017057885563837284,0,0.0,Remote-Deny
HARV-01147,77072,0.02838533290447089,0.02838533290447089,1,0.0,Remote-Deny
HARV-01148,77057,0.02477291494632535,0.02477291494632535,1,0.0,Remote-Deny
HARV-01149,77095,0.005858093542037679,0.005858093542037679,0,0.0,Remote-Deny
HARV-01150,77084,0.05629127253257184,0.05629127253257184,1,0.0,Remote-Deny
HARV-01151,77095,0.005858093542037679,0.005858093542037679,0,0.0,Remote-Deny
HARV-01152,77083,0.006111202051617831,0.006111202051617831,0,0.0,Remote-Deny
HARV-01153,77080,0.011360297718147096,0.011360297718147096,0,0.0,Remote-Deny
HARV-01155,77450,0.052482670816239925,0.052482670816239925,1,0.0,Remote-Deny
HARV-01156,77084,0.05629127253257184,0.05629127253257184,1,0.0,Remote-Deny
HARV-01157,77406,0.08215403882279274,0.08215403882279274,1,0.0,Remote-Deny
HARV-01158,77070,0.09280478992464128,0.09280478992464128,1,0.0,Remote-Deny
HARV-01159,77074,0.19030222517436068,0.19030222517436068,1,0.0,Remote-Deny
HARV-01160,77433,0.009332949787451658,0.009332949787451658,0,0.0,Remote-Deny
HARV-01161,77096,0.2997135354499881,0.2997135354499881,1,0.0,Remote-Deny
HARV-01162,77072,0.02838533290447089,0.02838533290447089,1,0.0,Remote-Deny
HARV-01163,77429,0.06482328258647588,0.06482328258647588,1,0.0,Remote-Deny
HARV-01164,77084,0.05629127253257184,0.05629127253257184,1,0.0,Remote-Deny
HARV-01165,77084,0.05629127253257184,0.05629127253257184,1,0.0,Remote-Deny
HARV-01166,77433,0.009332949787451658,0.009332949787451658,0,0.0,Remote-Deny
HARV-01167,77057,0.02477291494632535,0.02477291494632535,1,0.0,Remote-Deny
HARV-01168,77494,0.004935030843942775,0.004935030843942775,0,0.0,Remote-Deny
HARV-01169,77407,0.008085317460317461,0.008085317460317461,0,0.0,Remote-Deny
HARV-01170,77407,0.008085317460317461,0.008085317460317461,0,0.0,Remote-Deny
HARV-01171,77083,0.006111202051617831,0.006111202051617831,0,0.0,Remote-Deny
HARV-01172,77080,0.011360297718147096,0.011360297718147096,0,0.0,Remote-Deny
HARV-01173,77080,0.011360297718147096,0.011360297718147096,0,0.0,Remote-Deny
HARV-01174,77449,0.005841453031879671,0.005841453031879671,0,0.0,Remote-Deny
HARV-01175,77077,0.05631399317406143,0.05631399317406143,1,0.0,Remote-Deny
HARV-01176,77070,0.09280478992464128,0.09280478992464128,1,0.0,Remote-Deny
HARV-01177,77450,0.052482670816239925,0.052482670816239925,1,0.0,Remote-Deny
HARV-01179,77095,0.005858093542037679,0.005858093542037679,0,0.0,Remote-Deny
HARV-01180,77084,0.05629127253257184,0.05629127253257184,1,0.0,Remote-Deny
HARV-01181,77083,0.006111202051617831,0.006111202051617831,0,0.0,Remote-Deny
HARV-01182,77041,0.0503968253968254,0.0503968253968254,1,0.0,Remote-Deny
HARV-01183,77084,0.05629127253257184,0.05629127253257184,1,0.0,Remote-Deny
HARV-01184,77083,0.006111202051617831,0.006111202051617831,0,0.0,Remote-Deny
HARV-01185,77042,0.10466556564822461,0.10466556564822461,1,0.0,Remote-Deny
HARV-01186,77433,0.009332949787451658,0.009332949787451658,0,0.0,Remote-Deny
HARV-01187,77072,0.02838533290447089,0.02838533290447089,1,0.0,Remote-Deny
HARV-01188,77079,0.20565767486273576,0.20565767486273576,1,0.0,Remote-Deny
HARV-01189,77095,0.005858093542037679,0.005858093542037679,0,0.0,Remote-Deny
HARV-01190,77074,0.19030222517436068,0.19030222517436068,1,0.0,Remote-Deny
HARV-01191,77082,0.01626283367556468,0.01626283367556468,0,0.0,Remote-Deny
HARV-01192,77064,0.003712429499535946,0.003712429499535946,0,0.0,Remote-Deny
HARV-01193,77064,0.003712429499535946,0.003712429499535946,0,0.0,Remote-Deny
HARV-01194,77449,0.005841453031879671,0.005841453031879671,0,0.0,Remote-Deny
HARV-01195,77079,0.20565767486273576,0.20565767486273576,1,0.0,Remote-Deny
HARV-01196,77493,0.017057885563837284,0.017057885563837284,0,0.0,Remote-Deny
HARV-01197,77407,0.008085317460317461,0.008085317460317461,0,0.0,Remote-Deny
HARV-01198,77494,0.004935030843942775,0.004935030843942775,0,0.0,Remote-Deny
HARV-01199,77433,0.009332949787451658,0.009332949787451658,0,0.0,Remote-Deny
HARV-01200,77065,0.037514853165846206,0.037514853165846206,1,0.0,Remote-Deny
HARV-01201,77406,0.08215403882279274,0.08215403882279274,1,0.0,Remote-Deny
HARV-01202,77493,0.017057885563837284,0.017057885563837284,0,0.0,Remote-Deny
HARV-01203,77082,0.01626283367556468,0.01626283367556468,0,0.0,Review
HARV-01204,77064,0.003712429499535946,0.003712429499535946,0,0.0,Remote-Deny
HARV-01205,77429,0.06482328258647588,0.06482328258647588,1,0.0,Remote-Deny
HARV-01206,77433,0.009332949787451658,0.009332949787451658,0,0.0,Remote-Deny
HARV-01207,77024,0.09987458670619086,0.09987458670619086,1,0.0,Remote-Deny
HARV-01208,77407,0.008085317460317461,0.008085317460317461,0,0.0,Remote-Deny
HARV-01209,77084,0.05629127253257184,0.05629127253257184,1,0.0,Remote-Deny
HARV-01210,77084,0.05629127253257184,0.05629127253257184,1,0.0,Remote-Deny
HARV-01211,77449,0.005841453031879671,0.005841453031879671,0,0.0,Remote-Deny
HARV-01212,77082,0.01626283367556468,0.01626283367556468,0,0.0,Remote-Deny
HARV-01213,77407,0.008085317460317461,0.008085317460317461,0,0.0,Remote-Deny
HARV-01214,77072,0.02838533290447089,0.02838533290447089,1,0.0,Remote-Deny
HARV-01215,77493,0.017057885563837284,0.017057885563837284,0,0.0,Remote-Deny
HARV-01216,77036,0.00867426204039358,0.00867426204039358,0,0.0,Remote-Deny
HARV-01217,77072,0.02838533290447089,0.02838533290447089,1,0.0,Remote-Deny
HARV-01218,77494,0.004935030843942775,0.004935030843942775,0,0.0,Remote-Deny
HARV-01219,77084,0.05629127253257184,0.05629127253257184,1,0.0,Remote-Deny
HARV-01220,77450,0.052482670816239925,0.052482670816239925,1,0.0,Remote-Deny
HARV-01221,77449,0.005841453031879671,0.005841453031879671,0,0.0,Remote-Deny
HARV-01222,77083,0.006111202051617831,0.006111202051617831,0,0.0,Remote-Deny
HARV-01223,77083,0.006111202051617831,0.006111202051617831,0,0.0,Remote-Deny
HARV-01224,77494,0.004935030843942775,0.004935030843942775,0,0.0,Remote-Deny
HARV-01225,77084,0.05629127253257184,0.05629127253257184,1,0.0,Remote-Deny
HARV-01226,77082,0.01626283367556468,0.01626283367556468,0,0.0,Remote-Deny
HARV-01227,77449,0.005841453031879671,0.005841453031879671,0,0.0,Remote-Deny
HARV-01228,77074,0.19030222517436068,0.19030222517436068,1,0.0,Remote-Deny
HARV-01230,77084,0.05629127253257184,0.05629127253257184,1,0.0,Remote-Deny
HARV-01231,77042,0.10466556564822461,0.10466556564822461,1,0.0,Remote-Deny
HARV-01232,77096,0.2997135354499881,0.2997135354499881,1,0.0,Remote-Deny
HARV-01233,77070,0.09280478992464128,0.09280478992464128,1,0.0,Remote-Deny
HARV-01234,77441,0.013941940412528648,0.013941940412528648,0,0.0,Remote-Deny
HARV-01235,77065,0.037514853165846206,0.037514853165846206,1,0.0,Remote-Deny
HARV-01236,77433,0.009332949787451658,0.009332949787451658,0,0.0,Remote-Deny
HARV-01237,77082,0.01626283367556468,0.01626283367556468,0,0.0,Remote-Deny
HARV-01238,77449,0.005841453031879671,0.005841453031879671,0,0.0,Remote-Deny
HARV-01239,77494,0.004935030843942775,0.004935030843942775,0,0.0,Remote-Deny
HARV-01240,77493,0.017057885563837284,0.017057885563837284,0,0.0,Remote-Deny
HARV-01241,77099,0.04039958865873365,0.04039958865873365,1,0.0,Remote-Deny
HARV-01242,77494,0.004935030843942775,0.004935030843942775,0,0.0,Remote-Deny
HARV-01243,77407,0.008085317460317461,0.008085317460317461,0,0.0,Remote-Deny
HARV-01244,77083,0.006111202051617831,0.006111202051617831,0,0.0,Remote-Deny
HARV-01245,77080,0.011360297718147096,0.011360297718147096,0,0.0,Remote-Deny
HARV-01246,77086,0.005219605346912795,0.005219605346912795,0,0.0,Remote-Deny
HARV-01247,77493,0.017057885563837284,0.017057885563837284,0,0.0,Remote-Deny
HARV-01248,77040,0.023003472222222224,0.023003472222222224,1,0.0,Remote-Deny
HARV-01249,77493,0.017057885563837284,0.017057885563837284,0,0.0,Remote-Deny
HARV-01250,77043,0.017116989673221106,0.017116989673221106,0,0.0,Remote-Deny
HARV-01251,77064,0.003712429499535946,0.003712429499535946,0,0.0,Remote-Deny
HARV-01252,77449,0.005841453031879671,0.005841453031879671,0,0.0,Remote-Deny
HARV-01254,77096,0.2997135354499881,0.2997135354499881,1,0.0,Remote-Deny
HARV-01255,77072,0.02838533290447089,0.02838533290447089,1,0.0,Remote-Deny
HARV-01256,77494,0.004935030843942775,0.004935030843942775,0,0.0,Remote-Deny
HARV-01258,77449,0.005841453031879671,0.005841453031879671,0,0.0,Remote-Deny
HARV-01259,77079,0.20565767486273576,0.20565767486273576,1,0.0,Remote-Deny
HARV-01260,77433,0.009332949787451658,0.009332949787451658,0,0.0,Remote-Deny
HARV-01261,77493,0.017057885563837284,0.017057885563837284,0,0.0,Remote-Deny
HARV-01262,77024,0.09987458670619086,0.09987458670619086,1,0.0,Remote-Deny
HARV-01263,77036,0.00867426204039358,0.00867426204039358,0,0.0,Remote-Deny
HARV-01264,77095,0.005858093542037679,0.005858093542037679,0,0.0,Remote-Deny
HARV-01265,77064,0.003712429499535946,0.003712429499535946,0,0.0,Remote-Deny
HARV-01266,77449,0.005841453031879671,0.005841453031879671,0,0.0,Remote-Deny
HARV-01267,77407,0.008085317460317461,0.008085317460317461,0,0.0,Remote-Deny
HARV-01268,77095,0.005858093542037679,0.005858093542037679,0,0.0,Remote-Deny
HARV-01269,77064,0.003712429499535946,0.003712429499535946,0,0.0,Remote-Deny
HARV-01270,77083,0.006111202051617831,0.006111202051617831,0,0.0,Remote-Deny
HARV-01271,77064,0.003712429499535946,0.003712429499535946,0,0.0,Remote-Deny
HARV-01272,77084,0.05629127253257184,0.05629127253257184,1,0.0,Remote-Deny
HARV-01273,77077,0.05631399317406143,0.05631399317406143,1,0.0,Remote-Deny
HARV-01274,77433,0.009332949787451658,0.009332949787451658,0,0.0,Remote-Deny
HARV-01275,77079,0.20565767486273576,0.20565767486273576,1,0.0,Remote-Deny
HARV-01276,77494,0.004935030843942775,0.004935030843942775,0,0.0,Remote-Deny
HARV-01277,77043,0.017116989673221106,0.017116989673221106,0,0.0,Remote-Deny
HARV-01278,77493,0.017057885563837284,0.017057885563837284,0,0.0,Remote-Deny
HARV-01279,77055,0.010185185185185186,0.010185185185185186,0,0.0,Remote-Deny
HARV-01280,77493,0.017057885563837284,0.017057885563837284,0,0.0,Remote-Deny
HARV-01281,77450,0.052482670816239925,0.052482670816239925,1,0.0,Remote-Deny
HARV-01282,77057,0.02477291494632535,0.02477291494632535,1,0.0,Remote-Deny
HARV-01283,77084,0.05629127253257184,0.05629127253257184,1,0.0,Remote-Deny
HARV-01284,77429,0.06482328258647588,0.06482328258647588,1,0.0,Remote-Deny
HARV-01285,77096,0.2997135354499881,0.2997135354499881,1,0.0,Remote-Deny
HARV-01286,77494,0.004935030843942775,0.004935030843942775,0,0.0,Remote-Deny
HARV-01288,77083,0.006111202051617831,0.006111202051617831,0,0.0,Remote-Deny
HARV-01289,77057,0.02477291494632535,0.02477291494632535,1,0.0,Remote-Deny
HARV-01290,77070,0.09280478992464128,0.09280478992464128,1,0.0,Remote-Deny
HARV-01291,77066,0.012061513719971858,0.012061513719971858,0,0.0,Remote-Deny
HARV-01292,77055,0.010185185185185186,0.010185185185185186,0,0.0,Remote-Deny
HARV-01293,77449,0.005841453031879671,0.005841453031879671,0,0.0,Remote-Deny
HARV-01294,77084,0.05629127253257184,0.05629127253257184,1,0.0,Remote-Deny
HARV-01295,77040,0.023003472222222224,0.023003472222222224,1,0.0,Remote-Deny
HARV-01296,77099,0.04039958865873365,0.04039958865873365,1,0.0,Remote-Deny
HARV-01297,77407,0.008085317460317461,0.008085317460317461,0,0.0,Remote-Deny
HARV-01298,77494,0.004935030843942775,0.004935030843942775,0,0.0,Remote-Deny
HARV-01299,77099,0.04039958865873365,0.04039958865873365,1,0.0,Remote-Deny
HARV-01300,77074,0.19030222517436068,0.19030222517436068,1,0.0,Remote-Deny
HARV-01302,77072,0.02838533290447089,0.02838533290447089,1,0.0,Remote-Deny
HARV-01304,77074,0.19030222517436068,0.19030222517436068,1,0.0,Remote-Deny
HARV-01305,77433,0.009332949787451658,0.009332949787451658,0,0.0,Remote-Deny
HARV-01306,77065,0.037514853165846206,0.037514853165846206,1,0.0,Remote-Deny
HARV-01307,77084,0.05629127253257184,0.05629127253257184,1,0.0,Remote-Deny
HARV-01308,77095,0.005858093542037679,0.005858093542037679,0,0.0,Remote-Deny
HARV-01309,77077,0.05631399317406143,0.05631399317406143,1,0.0,Remote-Deny
HARV-01311,77063,0.08053251855085115,0.08053251855085115,1,0.0,Remote-Deny
HARV-01312,77084,0.05629127253257184,0.05629127253257184,1,0.0,Remote-Deny
HARV-01313,77450,0.052482670816239925,0.052482670816239925,1,0.0,Remote-Deny
HARV-01314,77055,0.010185185185185186,0.010185185185185186,0,0.0,Remote-Deny
HARV-01315,77082,0.01626283367556468,0.01626283367556468,0,0.0,Remote-Deny
HARV-01316,77040,0.023003472222222224,0.023003472222222224,1,0.0,Remote-Deny
HARV-01317,77041,0.0503968253968254,0.0503968253968254,1,0.0,Remote-Deny
HARV-01318,77096,0.2997135354499881,0.2997135354499881,1,0.0,Remote-Deny
HARV-01319,77055,0.010185185185185186,0.010185185185185186,0,0.0,Remote-Deny
HARV-01320,77494,0.004935030843942775,0.004935030843942775,0,0.0,Remote-Deny
HARV-01321,77450,0.052482670816239925,0.052482670816239925,1,0.0,Remote-Deny
HARV-01323,77077,0.05631399317406143,0.05631399317406143,1,0.0,Remote-Deny
HARV-01324,77036,0.00867426204039358,0.00867426204039358,0,0.0,Remote-Deny
HARV-01325,77407,0.008085317460317461,0.008085317460317461,0,0.0,Remote-Deny
HARV-01326,77066,0.012061513719971858,0.012061513719971858,0,0.0,Remote-Deny
HARV-01327,77493,0.017057885563837284,0.017057885563837284,0,0.0,Remote-Deny
HARV-01328,77080,0.011360297718147096,0.011360297718147096,0,0.0,Remote-Deny
HARV-01329,77043,0.017116989673221106,0.017116989673221106,0,0.0,Remote-Deny
HARV-01330,77449,0.005841453031879671,0.005841453031879671,0,0.0,Remote-Deny
HARV-01331,77036,0.00867426204039358,0.00867426204039358,0,0.0,Remote-Deny
HARV-01332,77066,0.012061513719971858,0.012061513719971858,0,0.0,Remote-Deny
HARV-01333,77433,0.009332949787451658,0.009332949787451658,0,0.0,Remote-Deny
HARV-01334,77433,0.009332949787451658,0.009332949787451658,0,0.0,Remote-Deny
HARV-01335,77095,0.005858093542037679,0.005858093542037679,0,0.0,Remote-Deny
HARV-01337,77429,0.06482328258647588,0.06482328258647588,1,0.0,Remote-Deny
HARV-01338,77083,0.006111202051617831,0.006111202051617831,0,0.0,Remote-Deny
HARV-01339,77449,0.005841453031879671,0.005841453031879671,0,0.0,Remote-Deny
HARV-01340,77494,0.004935030843942775,0.004935030843942775,0,0.0,Remote-Deny
HARV-01341,77449,0.005841453031879671,0.005841453031879671,0,0.0,Remote-Deny
HARV-01342,77407,0.008085317460317461,0.008085317460317461,0,0.0,Remote-Deny
HARV-01343,77433,0.009332949787451658,0.009332949787451658,0,0.2025,Review
HARV-01344,77083,0.006111202051617831,0.006111202051617831,0,0.0,Remote-Deny
HARV-01345,77084,0.05629127253257184,0.05629127253257184,1,0.0,Remote-Deny
HARV-01346,77055,0.010185185185185186,0.010185185185185186,0,0.0,Remote-Deny
HARV-01347,77082,0.01626283367556468,0.01626283367556468,0,0.0,Remote-Deny
HARV-01348,77036,0.00867426204039358,0.00867426204039358,0,0.0,Remote-Deny
HARV-01349,77086,0.005219605346912795,0.005219605346912795,0,0.0,Remote-Deny
HARV-01350,77429,0.06482328258647588,0.06482328258647588,1,0.0,Remote-Deny
HARV-01351,77063,0.08053251855085115,0.08053251855085115,1,0.0,Remote-Deny
HARV-01352,77092,0.051518119490695395,0.051518119490695395,1,0.0,Remote-Deny
HARV-01353,77086,0.005219605346912795,0.005219605346912795,0,0.0,Remote-Deny
HARV-01354,77040,0.023003472222222224,0.023003472222222224,1,0.0,Remote-Deny
HARV-01355,77041,0.0503968253968254,0.0503968253968254,1,0.0,Remote-Deny
HARV-01356,77407,0.008085317460317461,0.008085317460317461,0,0.0,Remote-Deny
HARV-01357,77092,0.051518119490695395,0.051518119490695395,1,0.0,Remote-Deny
HARV-01358,77449,0.005841453031879671,0.005841453031879671,0,0.3602,Review
HARV-01359,77080,0.011360297718147096,0.011360297718147096,0,0.0,Remote-Deny
HARV-01360,77407,0.008085317460317461,0.008085317460317461,0,0.0,Remote-Deny
HARV-01361,77433,0.009332949787451658,0.009332949787451658,0,0.0,Remote-Deny
HARV-01362,77064,0.003712429499535946,0.003712429499535946,0,0.0,Remote-Deny
HARV-01363,77494,0.004935030843942775,0.004935030843942775,0,0.0,Remote-Deny
HARV-01364,77494,0.004935030843942775,0.004935030843942775,0,0.0,Remote-Deny
HARV-01365,77095,0.005858093542037679,0.005858093542037679,0,0.0,Remote-Deny
HARV-01366,77066,0.012061513719971858,0.012061513719971858,0,0.0,Remote-Deny
HARV-01367,77082,0.01626283367556468,0.01626283367556468,0,0.0,Remote-Deny
HARV-01368,77450,0.052482670816239925,0.052482670816239925,1,0.0,Remote-Deny
HARV-01369,77069,0.039105129137868316,0.039105129137868316,1,0.0,Remote-Deny
HARV-01370,77086,0.005219605346912795,0.005219605346912795,0,0.0,Remote-Deny
HARV-01371,77084,0.05629127253257184,0.05629127253257184,1,0.0,Remote-Deny
HARV-01372,77072,0.02838533290447089,0.02838533290447089,1,0.0,Remote-Deny
HARV-01373,77079,0.20565767486273576,0.20565767486273576,1,0.0,Remote-Deny
HARV-01374,77429,0.06482328258647588,0.06482328258647588,1,0.0,Remote-Deny
HARV-01375,77095,0.005858093542037679,0.005858093542037679,0,0.0,Remote-Deny
HARV-01376,77082,0.01626283367556468,0.01626283367556468,0,0.0,Remote-Deny
HARV-01377,77036,0.00867426204039358,0.00867426204039358,0,0.0,Remote-Deny
HARV-01378,77449,0.005841453031879671,0.005841453031879671,0,0.0,Remote-Deny
HARV-01379,77095,0.005858093542037679,0.005858093542037679,0,0.0,Remote-Deny
HARV-01380,77077,0.05631399317406143,0.05631399317406143,1,0.0,Remote-Deny
HARV-01381,77099,0.04039958865873365,0.04039958865873365,1,0.0,Remote-Deny
HARV-01382,77084,0.05629127253257184,0.05629127253257184,1,0.0,Remote-Deny
HARV-01383,77024,0.09987458670619086,0.09987458670619086,1,0.0,Remote-Deny
HARV-01384,77077,0.05631399317406143,0.05631399317406143,1,0.0,Remote-Deny
HARV-01385,77064,0.003712429499535946,0.003712429499535946,0,0.0,Remote-Deny
HARV-01386,77024,0.09987458670619086,0.09987458670619086,1,0.0,Remote-Deny
HARV-01387,77494,0.004935030843942775,0.004935030843942775,0,0.0,Remote-Deny
HARV-01388,77066,0.012061513719971858,0.012061513719971858,0,0.0,Remote-Deny
HARV-01390,77433,0.009332949787451658,0.009332949787451658,0,0.0,Remote-Deny
HARV-01391,77494,0.004935030843942775,0.004935030843942775,0,0.0,Remote-Deny
HARV-01392,77450,0.052482670816239925,0.052482670816239925,1,0.0,Remote-Deny
HARV-01393,77449,0.005841453031879671,0.005841453031879671,0,0.0,Remote-Deny
HARV-01394,77040,0.023003472222222224,0.023003472222222224,1,0.0,Remote-Deny
HARV-01395,77493,0.017057885563837284,0.017057885563837284,0,0.0,Remote-Deny
HARV-01396,77063,0.08053251855085115,0.08053251855085115,1,0.0,Remote-Deny
HARV-01397,77493,0.017057885563837284,0.017057885563837284,0,0.0,Remote-Deny
HARV-01398,77493,0.017057885563837284,0.017057885563837284,0,0.0,Review
HARV-01399,77043,0.017116989673221106,0.017116989673221106,0,0.0,Remote-Deny
HARV-01400,77494,0.004935030843942775,0.004935030843942775,0,0.0,Remote-Deny
HARV-01401,77450,0.052482670816239925,0.052482670816239925,1,0.0,Remote-Deny
HARV-01402,77066,0.012061513719971858,0.012061513719971858,0,0.0,Review
HARV-01403,77042,0.10466556564822461,0.10466556564822461,1,0.0,Remote-Deny
HARV-01404,77069,0.039105129137868316,0.039105129137868316,1,0.0,Remote-Deny
HARV-01405,77063,0.08053251855085115,0.08053251855085115,1,0.0,Remote-Deny
HARV-01406,77494,0.004935030843942775,0.004935030843942775,0,0.0,Remote-Deny
HARV-01407,77041,0.0503968253968254,0.0503968253968254,1,0.0,Remote-Deny
HARV-01408,77086,0.005219605346912795,0.005219605346912795,0,0.0,Remote-Deny
HARV-01409,77074,0.19030222517436068,0.19030222517436068,1,0.0,Remote-Deny
HARV-01410,77494,0.004935030843942775,0.004935030843942775,0,0.0,Remote-Deny
HARV-01411,77092,0.051518119490695395,0.051518119490695395,1,0.0,Remote-Deny
HARV-01412,77441,0.013941940412528648,0.013941940412528648,0,0.0,Remote-Deny
HARV-01413,77450,0.052482670816239925,0.052482670816239925,1,0.0,Remote-Deny
HARV-01414,77494,0.004935030843942775,0.004935030843942775,0,0.0,Remote-Deny
HARV-01416,77407,0.008085317460317461,0.008085317460317461,0,0.0,Remote-Deny
HARV-01418,77079,0.20565767486273576,0.20565767486273576,1,0.0,Remote-Deny
HARV-01419,77450,0.052482670816239925,0.052482670816239925,1,0.0,Remote-Deny
HARV-01420,77407,0.008085317460317461,0.008085317460317461,0,0.0,Remote-Deny
HARV-01421,77082,0.01626283367556468,0.01626283367556468,0,0.0,Remote-Deny
HARV-01422,77449,0.005841453031879671,0.005841453031879671,0,0.0,Remote-Deny
HARV-01423,77450,0.052482670816239925,0.052482670816239925,1,0.0,Remote-Deny
HARV-01424,77080,0.011360297718147096,0.011360297718147096,0,0.0,Remote-Deny
HARV-01425,77449,0.005841453031879671,0.005841453031879671,0,0.0,Remote-Deny
HARV-01426,77407,0.008085317460317461,0.008085317460317461,0,0.0,Remote-Deny
HARV-01427,77041,0.0503968253968254,0.0503968253968254,1,0.0,Remote-Deny
HARV-01428,77441,0.013941940412528648,0.013941940412528648,0,0.0,Remote-Deny
HARV-01429,77407,0.008085317460317461,0.008085317460317461,0,0.0,Remote-Deny
HARV-01430,77064,0.003712429499535946,0.003712429499535946,0,0.0,Remote-Deny
HARV-01433,77088,0.11325141149119894,0.11325141149119894,1,0.0,Remote-Deny
HARV-01434,77449,0.005841453031879671,0.005841453031879671,0,0.0,Remote-Deny
HARV-01435,77450,0.052482670816239925,0.052482670816239925,1,0.0,Remote-Deny
HARV-01436,77040,0.023003472222222224,0.023003472222222224,1,0.0,Remote-Deny
HARV-01438,77042,0.10466556564822461,0.10466556564822461,1,0.0,Remote-Deny
HARV-01439,77449,0.005841453031879671,0.005841453031879671,0,0.0,Remote-Deny
HARV-01440,77433,0.009332949787451658,0.009332949787451658,0,0.0,Remote-Deny
HARV-01442,77407,0.008085317460317461,0.008085317460317461,0,0.0,Remote-Deny
HARV-01443,77041,0.0503968253968254,0.0503968253968254,1,0.0,Remote-Deny
HARV-01444,77036,0.00867426204039358,0.00867426204039358,0,0.0,Review
HARV-01445,77449,0.005841453031879671,0.005841453031879671,0,0.0,Remote-Deny
HARV-01447,77494,0.004935030843942775,0.004935030843942775,0,0.0,Remote-Deny
HARV-01448,77450,0.052482670816239925,0.052482670816239925,1,0.0,Remote-Deny
HARV-01449,77064,0.003712429499535946,0.003712429499535946,0,0.0,Remote-Deny
HARV-01450,77066,0.012061513719971858,0.012061513719971858,0,0.0,Remote-Deny
HARV-01451,77077,0.05631399317406143,0.05631399317406143,1,0.0,Remote-Deny
HARV-01452,77041,0.0503968253968254,0.0503968253968254,1,0.0,Remote-Deny
HARV-01453,77084,0.05629127253257184,0.05629127253257184,1,0.0,Remote-Deny
HARV-01454,77493,0.017057885563837284,0.017057885563837284,0,0.0,Remote-Deny
HARV-01455,77433,0.009332949787451658,0.009332949787451658,0,0.0,Remote-Deny
HARV-01456,77407,0.008085317460317461,0.008085317460317461,0,0.0,Remote-Deny
HARV-01457,77055,0.010185185185185186,0.010185185185185186,0,0.0,Remote-Deny
HARV-01458,77095,0.005858093542037679,0.005858093542037679,0,0.0,Remote-Deny
HARV-01459,77407,0.008085317460317461,0.008085317460317461,0,0.0,Remote-Deny
HARV-01460,77493,0.017057885563837284,0.017057885563837284,0,0.0,Remote-Deny
HARV-01462,77433,0.009332949787451658,0.009332949787451658,0,0.0,Remote-Deny
HARV-01463,77024,0.09987458670619086,0.09987458670619086,1,0.0,Remote-Deny
HARV-01464,77494,0.004935030843942775,0.004935030843942775,0,0.0,Remote-Deny
HARV-01465,77084,0.05629127253257184,0.05629127253257184,1,0.0,Remote-Deny
HARV-01466,77055,0.010185185185185186,0.010185185185185186,0,0.0,Remote-Deny
HARV-01467,77433,0.009332949787451658,0.009332949787451658,0,0.0,Remote-Deny
HARV-01469,77043,0.017116989673221106,0.017116989673221106,0,0.0,Remote-Deny
HARV-01470,77493,0.017057885563837284,0.017057885563837284,0,0.0,Remote-Deny
HARV-01471,77095,0.005858093542037679,0.005858093542037679,0,0.0,Remote-Deny
HARV-01472,77493,0.017057885563837284,0.017057885563837284,0,0.0,Remote-Deny
HARV-01473,77450,0.052482670816239925,0.052482670816239925,1,0.0,Remote-Deny
HARV-01474,77014,0.003607044345427541,0.003607044345427541,0,0.0,Remote-Deny
HARV-01475,77493,0.017057885563837284,0.017057885563837284,0,0.0,Remote-Deny
HARV-01476,77099,0.04039958865873365,0.04039958865873365,1,0.0,Remote-Deny
HARV-01477,77040,0.023003472222222224,0.023003472222222224,1,0.0,Remote-Deny
HARV-01478,77041,0.0503968253968254,0.0503968253968254,1,0.0,Remote-Deny
HARV-01479,77074,0.19030222517436068,0.19030222517436068,1,0.0,Remote-Deny
HARV-01480,77024,0.09987458670619086,0.09987458670619086,1,0.0,Remote-Deny
HARV-01481,77450,0.052482670816239925,0.052482670816239925,1,0.0,Remote-Deny
HARV-01482,77493,0.017057885563837284,0.017057885563837284,0,0.2178,Review
HARV-01484,77080,0.011360297718147096,0.011360297718147096,0,0.0,Remote-Deny
HARV-01485,77095,0.005858093542037679,0.005858093542037679,0,0.0,Remote-Deny
HARV-01486,77493,0.017057885563837284,0.017057885563837284,0,0.0,Remote-Deny
HARV-01487,77441,0.013941940412528648,0.013941940412528648,0,0.0,Remote-Deny
HARV-01488,77429,0.06482328258647588,0.06482328258647588,1,0.0,Remote-Deny
HARV-01489,77040,0.023003472222222224,0.023003472222222224,1,0.0,Remote-Deny
HARV-01490,77064,0.003712429499535946,0.003712429499535946,0,0.0,Remote-Deny
HARV-01491,77433,0.009332949787451658,0.009332949787451658,0,0.0,Remote-Deny
HARV-01492,77494,0.004935030843942775,0.004935030843942775,0,0.0,Remote-Deny
HARV-01493,77036,0.00867426204039358,0.00867426204039358,0,0.0,Remote-Deny
HARV-01494,77095,0.005858093542037679,0.005858093542037679,0,0.0,Remote-Deny
HARV-01495,77086,0.005219605346912795,0.005219605346912795,0,0.0,Remote-Deny
HARV-01496,77429,0.06482328258647588,0.06482328258647588,1,0.0,Remote-Deny
HARV-01497,77450,0.052482670816239925,0.052482670816239925,1,0.0,Remote-Deny
HARV-01498,77083,0.006111202051617831,0.006111202051617831,0,0.0,Remote-Deny
HARV-01499,77493,0.017057885563837284,0.017057885563837284,0,0.012,Remote-Deny
HARV-01500,77407,0.008085317460317461,0.008085317460317461,0,0.0,Remote-Deny
HARV-01501,77493,0.017057885563837284,0.017057885563837284,0,0.0,Remote-Deny
HARV-01502,77040,0.023003472222222224,0.023003472222222224,1,0.0,Remote-Deny
HARV-01503,77080,0.011360297718147096,0.011360297718147096,0,0.0,Remote-Deny
HARV-01504,77082,0.01626283367556468,0.01626283367556468,0,0.0,Remote-Deny
HARV-01505,77095,0.005858093542037679,0.005858093542037679,0,0.0,Remote-Deny
HARV-01506,77450,0.052482670816239925,0.052482670816239925,1,0.0,Remote-Deny
HARV-01507,77095,0.005858093542037679,0.005858093542037679,0,0.0,Remote-Deny
HARV-01508,77494,0.004935030843942775,0.004935030843942775,0,0.0,Remote-Deny
HARV-01510,77433,0.009332949787451658,0.009332949787451658,0,0.0,Remote-Deny
HARV-01511,77040,0.023003472222222224,0.023003472222222224,1,0.0,Remote-Deny
HARV-01512,77077,0.05631399317406143,0.05631399317406143,1,0.0,Remote-Deny
HARV-01513,77449,0.005841453031879671,0.005841453031879671,0,0.0,Remote-Deny
HARV-01514,77064,0.003712429499535946,0.003712429499535946,0,0.0,Remote-Deny
HARV-01515,77095,0.005858093542037679,0.005858093542037679,0,0.0,Remote-Deny
HARV-01516,77043,0.017116989673221106,0.017116989673221106,0,0.0,Remote-Deny
HARV-01517,77493,0.017057885563837284,0.017057885563837284,0,0.0,Remote-Deny
HARV-01518,77086,0.005219605346912795,0.005219605346912795,0,0.0,Remote-Deny
HARV-01519,77449,0.005841453031879671,0.005841453031879671,0,0.0,Remote-Deny
HARV-01520,77449,0.005841453031879671,0.005841453031879671,0,0.0,Remote-Deny
HARV-01521,77099,0.04039958865873365,0.04039958865873365,1,0.0,Remote-Deny
HARV-01522,77069,0.039105129137868316,0.039105129137868316,1,0.0,Remote-Deny
HARV-01523,77493,0.017057885563837284,0.017057885563837284,0,0.0,Remote-Deny
HARV-01524,77494,0.004935030843942775,0.004935030843942775,0,0.0,Remote-Deny
HARV-01525,77066,0.012061513719971858,0.012061513719971858,0,0.0,Remote-Deny
HARV-01526,77449,0.005841453031879671,0.005841453031879671,0,0.0,Remote-Deny
HARV-01527,77074,0.19030222517436068,0.19030222517436068,1,0.0,Remote-Deny
HARV-01528,77082,0.01626283367556468,0.01626283367556468,0,0.0,Remote-Deny
HARV-01529,77493,0.017057885563837284,0.017057885563837284,0,0.0,Remote-Deny
HARV-01531,77449,0.005841453031879671,0.005841453031879671,0,0.0,Remote-Deny
HARV-01533,77083,0.006111202051617831,0.006111202051617831,0,0.0,Remote-Deny
HARV-01535,77406,0.08215403882279274,0.08215403882279274,1,0.0,Remote-Deny
HARV-01536,77099,0.04039958865873365,0.04039958865873365,1,0.0,Remote-Deny
HARV-01537,77433,0.009332949787451658,0.009332949787451658,0,0.0,Remote-Deny
HARV-01538,77074,0.19030222517436068,0.19030222517436068,1,0.0,Remote-Deny
HARV-01539,77449,0.005841453031879671,0.005841453031879671,0,0.0,Remote-Deny
HARV-01540,77407,0.008085317460317461,0.008085317460317461,0,0.0,Remote-Deny
HARV-01541,77095,0.005858093542037679,0.005858093542037679,0,0.0,Remote-Deny
HARV-01542,77450,0.052482670816239925,0.052482670816239925,1,0.0,Remote-Deny
HARV-01543,77064,0.003712429499535946,0.003712429499535946,0,0.0,Remote-Deny
HARV-01545,77079,0.20565767486273576,0.20565767486273576,1,0.0,Remote-Deny
HARV-01546,77057,0.02477291494632535,0.02477291494632535,1,0.0,Remote-Deny
HARV-01547,77064,0.003712429499535946,0.003712429499535946,0,0.0,Remote-Deny
HARV-01548,77407,0.008085317460317461,0.008085317460317461,0,0.0,Remote-Deny
HARV-01549,77083,0.006111202051617831,0.006111202051617831,0,0.0,Remote-Deny
HARV-01550,77433,0.009332949787451658,0.009332949787451658,0,0.0,Remote-Deny
HARV-01551,77095,0.005858093542037679,0.005858093542037679,0,0.0,Remote-Deny
HARV-01552,77433,0.009332949787451658,0.009332949787451658,0,0.116,Review
HARV-01553,77429,0.06482328258647588,0.06482328258647588,1,0.0,Remote-Deny
HARV-01554,77088,0.11325141149119894,0.11325141149119894,1,0.0,Remote-Deny
HARV-01555,77080,0.011360297718147096,0.011360297718147096,0,0.0,Remote-Deny
HARV-01556,77449,0.005841453031879671,0.005841453031879671,0,0.0,Remote-Deny
HARV-01557,77449,0.005841453031879671,0.005841453031879671,0,0.0,Remote-Deny
HARV-01558,77494,0.004935030843942775,0.004935030843942775,0,0.0,Remote-Deny
HARV-01559,77086,0.005219605346912795,0.005219605346912795,0,0.0,Remote-Deny
HARV-01560,77494,0.004935030843942775,0.004935030843942775,0,0.0,Remote-Deny
HARV-01561,77082,0.01626283367556468,0.01626283367556468,0,0.0,Remote-Deny
HARV-01562,77407,0.008085317460317461,0.008085317460317461,0,0.0,Remote-Deny
HARV-01563,77450,0.052482670816239925,0.052482670816239925,1,0.0,Remote-Deny
HARV-01564,77077,0.05631399317406143,0.05631399317406143,1,0.0,Remote-Deny
HARV-01566,77449,0.005841453031879671,0.005841453031879671,0,0.0,Remote-Deny
HARV-01567,77079,0.20565767486273576,0.20565767486273576,1,0.0,Remote-Deny
HARV-01568,77080,0.011360297718147096,0.011360297718147096,0,0.0,Remote-Deny
HARV-01569,77082,0.01626283367556468,0.01626283367556468,0,0.0,Remote-Deny
HARV-01570,77095,0.005858093542037679,0.005858093542037679,0,0.0,Remote-Deny
HARV-01571,77024,0.09987458670619086,0.09987458670619086,1,0.0,Remote-Deny
HARV-01572,77077,0.05631399317406143,0.05631399317406143,1,0.0,Remote-Deny
HARV-01573,77066,0.012061513719971858,0.012061513719971858,0,0.0,Remote-Deny
HARV-01575,77057,0.02477291494632535,0.02477291494632535,1,0.0,Remote-Deny
HARV-01576,77084,0.05629127253257184,0.05629127253257184,1,0.0,Remote-Deny
HARV-01577,77406,0.08215403882279274,0.08215403882279274,1,0.0,Remote-Deny
HARV-01578,77077,0.05631399317406143,0.05631399317406143,1,0.0,Remote-Deny
HARV-01579,77064,0.003712429499535946,0.003712429499535946,0,0.0,Remote-Deny
HARV-01580,77407,0.008085317460317461,0.008085317460317461,0,0.0,Remote-Deny
HARV-01581,77449,0.005841453031879671,0.005841453031879671,0,0.0,Remote-Deny
HARV-01582,77042,0.10466556564822461,0.10466556564822461,1,0.0,Remote-Deny
HARV-01583,77095,0.005858093542037679,0.005858093542037679,0,0.0,Remote-Deny
HARV-01584,77406,0.08215403882279274,0.08215403882279274,1,0.0,Remote-Deny
HARV-01585,77080,0.011360297718147096,0.011360297718147096,0,0.0,Remote-Deny
HARV-01586,77407,0.008085317460317461,0.008085317460317461,0,0.0,Remote-Deny
HARV-01587,77095,0.005858093542037679,0.005858093542037679,0,0.0,Remote-Deny
HARV-01588,77433,0.009332949787451658,0.009332949787451658,0,0.0,Remote-Deny
HARV-01589,77070,0.09280478992464128,0.09280478992464128,1,0.0,Remote-Deny
HARV-01590,77084,0.05629127253257184,0.05629127253257184,1,0.0,Remote-Deny
HARV-01591,77494,0.004935030843942775,0.004935030843942775,0,0.0,Remote-Deny
HARV-01592,77449,0.005841453031879671,0.005841453031879671,0,0.0,Remote-Deny
HARV-01593,77095,0.005858093542037679,0.005858093542037679,0,0.0,Remote-Deny
HARV-01595,77449,0.005841453031879671,0.005841453031879671,0,0.0,Remote-Deny
HARV-01596,77036,0.00867426204039358,0.00867426204039358,0,0.0,Remote-Deny
HARV-01597,77084,0.05629127253257184,0.05629127253257184,1,0.0,Remote-Deny
HARV-01598,77493,0.017057885563837284,0.017057885563837284,0,0.1862,Review
HARV-01599,77493,0.017057885563837284,0.017057885563837284,0,0.0,Remote-Deny
HARV-01600,77429,0.06482328258647588,0.06482328258647588,1,0.0,Remote-Deny
HARV-01601,77040,0.023003472222222224,0.023003472222222224,1,0.0,Remote-Deny
HARV-01602,77095,0.005858093542037679,0.005858093542037679,0,0.0,Remote-Deny
HARV-01603,77493,0.017057885563837284,0.017057885563837284,0,0.0,Remote-Deny
HARV-01604,77077,0.05631399317406143,0.05631399317406143,1,0.0,Remote-Deny
HARV-01605,77449,0.005841453031879671,0.005841453031879671,0,0.0,Remote-Deny
HARV-01606,77065,0.037514853165846206,0.037514853165846206,1,0.0,Remote-Deny
HARV-01607,77082,0.01626283367556468,0.01626283367556468,0,0.0,Remote-Deny
HARV-01608,77024,0.09987458670619086,0.09987458670619086,1,0.0,Review
HARV-01609,77069,0.039105129137868316,0.039105129137868316,1,0.0,Remote-Deny
HARV-01610,77450,0.052482670816239925,0.052482670816239925,1,0.0,Remote-Deny
HARV-01611,77449,0.005841453031879671,0.005841453031879671,0,0.0,Remote-Deny
HARV-01612,77077,0.05631399317406143,0.05631399317406143,1,0.0,Remote-Deny
HARV-01613,77084,0.05629127253257184,0.05629127253257184,1,0.0,Remote-Deny
HARV-01615,77407,0.008085317460317461,0.008085317460317461,0,0.0,Remote-Deny
HARV-01616,77449,0.005841453031879671,0.005841453031879671,0,0.0,Remote-Deny
HARV-01617,77494,0.004935030843942775,0.004935030843942775,0,0.0,Remote-Deny
HARV-01618,77433,0.009332949787451658,0.009332949787451658,0,0.0,Remote-Deny
HARV-01619,77092,0.051518119490695395,0.051518119490695395,1,0.0,Remote-Deny
HARV-01620,77433,0.009332949787451658,0.009332949787451658,0,0.0,Remote-Deny
HARV-01622,77433,0.009332949787451658,0.009332949787451658,0,0.0,Remote-Deny
HARV-01623,77084,0.05629127253257184,0.05629127253257184,1,0.0,Remote-Deny
HARV-01624,77407,0.008085317460317461,0.008085317460317461,0,0.0,Remote-Deny
HARV-01625,77450,0.052482670816239925,0.052482670816239925,1,0.0,Remote-Deny
HARV-01626,77407,0.008085317460317461,0.008085317460317461,0,0.0,Remote-Deny
HARV-01627,77084,0.05629127253257184,0.05629127253257184,1,0.0,Remote-Deny
HARV-01628,77095,0.005858093542037679,0.005858093542037679,0,0.0,Remote-Deny
HARV-01629,77407,0.008085317460317461,0.008085317460317461,0,0.0,Remote-Deny
HARV-01630,77057,0.02477291494632535,0.02477291494632535,1,0.0,Remote-Deny
HARV-01631,77449,0.005841453031879671,0.005841453031879671,0,0.0,Remote-Deny
HARV-01632,77095,0.005858093542037679,0.005858093542037679,0,0.0,Remote-Deny
HARV-01633,77024,0.09987458670619086,0.09987458670619086,1,0.0,Remote-Deny
HARV-01634,77493,0.017057885563837284,0.017057885563837284,0,0.0,Remote-Deny
HARV-01635,77074,0.19030222517436068,0.19030222517436068,1,0.0,Remote-Deny
HARV-01636,77077,0.05631399317406143,0.05631399317406143,1,0.0,Remote-Deny
HARV-01637,77092,0.051518119490695395,0.051518119490695395,1,0.0,Remote-Deny
HARV-01638,77084,0.05629127253257184,0.05629127253257184,1,0.0,Remote-Deny
HARV-01640,77084,0.05629127253257184,0.05629127253257184,1,0.0,Remote-Deny
HARV-01641,77407,0.008085317460317461,0.008085317460317461,0,0.0,Remote-Deny
HARV-01642,77494,0.004935030843942775,0.004935030843942775,0,0.0,Remote-Deny
HARV-01643,77070,0.09280478992464128,0.09280478992464128,1,0.0,Remote-Deny
HARV-01644,77070,0.09280478992464128,0.09280478992464128,1,0.0,Remote-Deny
HARV-01645,77043,0.017116989673221106,0.017116989673221106,0,0.0,Remote-Deny
HARV-01646,77072,0.02838533290447089,0.02838533290447089,1,0.0,Remote-Deny
HARV-01647,77074,0.19030222517436068,0.19030222517436068,1,0.0,Remote-Deny
HARV-01648,77041,0.0503968253968254,0.0503968253968254,1,0.0,Remote-Deny
HARV-01649,77433,0.009332949787451658,0.009332949787451658,0,0.0,Remote-Deny
HARV-01650,77429,0.06482328258647588,0.06482328258647588,1,0.0,Remote-Deny
HARV-01651,77041,0.0503968253968254,0.0503968253968254,1,0.0,Remote-Deny
HARV-01652,77450,0.052482670816239925,0.052482670816239925,1,0.0,Remote-Deny
HARV-01653,77450,0.052482670816239925,0.052482670816239925,1,0.0,Remote-Deny
HARV-01654,77494,0.004935030843942775,0.004935030843942775,0,0.0,Remote-Deny
HARV-01655,77494,0.004935030843942775,0.004935030843942775,0,0.0,Remote-Deny
HARV-01656,77449,0.005841453031879671,0.005841453031879671,0,0.0,Remote-Deny
HARV-01657,77066,0.012061513719971858,0.012061513719971858,0,0.0,Remote-Deny
HARV-01658,77493,0.017057885563837284,0.017057885563837284,0,0.0,Remote-Deny
HARV-01659,77084,0.05629127253257184,0.05629127253257184,1,0.0,Remote-Deny
HARV-01660,77429,0.06482328258647588,0.06482328258647588,1,0.0,Remote-Deny
HARV-01662,77449,0.005841453031879671,0.005841453031879671,0,0.0,Remote-Deny
HARV-01663,77095,0.005858093542037679,0.005858093542037679,0,0.0,Remote-Deny
HARV-01664,77493,0.017057885563837284,0.017057885563837284,0,0.3417,Review
HARV-01665,77494,0.004935030843942775,0.004935030843942775,0,0.0,Remote-Deny
HARV-01666,77429,0.06482328258647588,0.06482328258647588,1,0.0,Remote-Deny
HARV-01667,77024,0.09987458670619086,0.09987458670619086,1,0.0,Remote-Deny
HARV-01668,77096,0.2997135354499881,0.2997135354499881,1,0.0,Remote-Deny
HARV-01669,77494,0.004935030843942775,0.004935030843942775,0,0.0,Remote-Deny
HARV-01671,77450,0.052482670816239925,0.052482670816239925,1,0.0,Remote-Deny
HARV-01672,77092,0.051518119490695395,0.051518119490695395,1,0.0,Remote-Deny
HARV-01673,77449,0.005841453031879671,0.005841453031879671,0,0.0,Remote-Deny
HARV-01674,77014,0.003607044345427541,0.003607044345427541,0,0.0,Remote-Deny
HARV-01675,77080,0.011360297718147096,0.011360297718147096,0,0.0,Remote-Deny
HARV-01676,77493,0.017057885563837284,0.017057885563837284,0,0.2455,Review
HARV-01677,77024,0.09987458670619086,0.09987458670619086,1,0.0,Review
HARV-01678,77088,0.11325141149119894,0.11325141149119894,1,0.0,Remote-Deny
HARV-01679,77064,0.003712429499535946,0.003712429499535946,0,0.0,Remote-Deny
HARV-01680,77095,0.005858093542037679,0.005858093542037679,0,0.0,Remote-Deny
HARV-01681,77493,0.017057885563837284,0.017057885563837284,0,0.0,Remote-Deny
HARV-01682,77493,0.017057885563837284,0.017057885563837284,0,0.0,Remote-Deny
HARV-01683,77080,0.011360297718147096,0.011360297718147096,0,0.0,Remote-Deny
HARV-01684,77494,0.004935030843942775,0.004935030843942775,0,0.0,Remote-Deny
HARV-01685,77449,0.005841453031879671,0.005841453031879671,0,0.0,Remote-Deny
HARV-01686,77450,0.052482670816239925,0.052482670816239925,1,0.0,Remote-Deny
HARV-01687,77433,0.009332949787451658,0.009332949787451658,0,0.0,Remote-Deny
HARV-01688,77077,0.05631399317406143,0.05631399317406143,1,0.0,Remote-Deny
HARV-01689,77064,0.003712429499535946,0.003712429499535946,0,0.0,Remote-Deny
HARV-01690,77084,0.05629127253257184,0.05629127253257184,1,0.0,Remote-Deny
HARV-01691,77433,0.009332949787451658,0.009332949787451658,0,0.0,Remote-Deny
HARV-01692,77433,0.009332949787451658,0.009332949787451658,0,0.0,Remote-Deny
HARV-01693,77041,0.0503968253968254,0.0503968253968254,1,0.0,Remote-Deny
HARV-01694,77083,0.006111202051617831,0.006111202051617831,0,0.0,Remote-Deny
HARV-01695,77449,0.005841453031879671,0.005841453031879671,0,0.0,Remote-Deny
HARV-01696,77055,0.010185185185185186,0.010185185185185186,0,0.0,Remote-Deny
HARV-01697,77074,0.19030222517436068,0.19030222517436068,1,0.0,Remote-Deny
HARV-01698,77084,0.05629127253257184,0.05629127253257184,1,0.0,Remote-Deny
HARV-01700,77069,0.039105129137868316,0.039105129137868316,1,0.0,Remote-Deny
HARV-01701,77070,0.09280478992464128,0.09280478992464128,1,0.0,Remote-Deny
HARV-01702,77494,0.004935030843942775,0.004935030843942775,0,0.0,Remote-Deny
HARV-01703,77493,0.017057885563837284,0.017057885563837284,0,0.0,Remote-Deny
HARV-01704,77406,0.08215403882279274,0.08215403882279274,1,0.0,Remote-Deny
HARV-01705,77493,0.017057885563837284,0.017057885563837284,0,0.0,Remote-Deny
HARV-01706,77494,0.004935030843942775,0.004935030843942775,0,0.0,Remote-Deny
HARV-01707,77069,0.039105129137868316,0.039105129137868316,1,0.0,Remote-Deny
HARV-01708,77086,0.005219605346912795,0.005219605346912795,0,0.0,Remote-Deny
HARV-01709,77450,0.052482670816239925,0.052482670816239925,1,0.0,Remote-Deny
HARV-01710,77082,0.01626283367556468,0.01626283367556468,0,0.0,Remote-Deny
HARV-01711,77433,0.009332949787451658,0.009332949787451658,0,0.0,Remote-Deny
HARV-01712,77077,0.05631399317406143,0.05631399317406143,1,0.0,Remote-Deny
HARV-01713,77494,0.004935030843942775,0.004935030843942775,0,0.0,Remote-Deny
HARV-01714,77494,0.004935030843942775,0.004935030843942775,0,0.0,Remote-Deny
HARV-01715,77493,0.017057885563837284,0.017057885563837284,0,0.0,Remote-Deny
HARV-01716,77084,0.05629127253257184,0.05629127253257184,1,0.0,Remote-Deny
HARV-01717,77493,0.017057885563837284,0.017057885563837284,0,0.0,Remote-Deny
HARV-01718,77493,0.017057885563837284,0.017057885563837284,0,0.0,Remote-Deny
HARV-01719,77449,0.005841453031879671,0.005841453031879671,0,0.0,Remote-Deny
HARV-01720,77042,0.10466556564822461,0.10466556564822461,1,0.0,Remote-Deny
HARV-01721,77024,0.09987458670619086,0.09987458670619086,1,0.0,Remote-Deny
HARV-01722,77084,0.05629127253257184,0.05629127253257184,1,0.0,Remote-Deny
HARV-01723,77449,0.005841453031879671,0.005841453031879671,0,0.0,Remote-Deny
HARV-01724,77086,0.005219605346912795,0.005219605346912795,0,0.0,Remote-Deny
HARV-01725,77449,0.005841453031879671,0.005841453031879671,0,0.0,Remote-Deny
HARV-01726,77041,0.0503968253968254,0.0503968253968254,1,0.0,Remote-Deny
HARV-01727,77433,0.009332949787451658,0.009332949787451658,0,0.0,Remote-Deny
HARV-01728,77450,0.052482670816239925,0.052482670816239925,1,0.0,Remote-Deny
HARV-01729,77041,0.0503968253968254,0.0503968253968254,1,0.0,Remote-Deny
HARV-01730,77066,0.012061513719971858,0.012061513719971858,0,0.0,Remote-Deny
HARV-01731,77024,0.09987458670619086,0.09987458670619086,1,0.0,Remote-Deny
HARV-01732,77084,0.05629127253257184,0.05629127253257184,1,0.0,Remote-Deny
HARV-01733,77042,0.10466556564822461,0.10466556564822461,1,0.0,Remote-Deny
HARV-01734,77084,0.05629127253257184,0.05629127253257184,1,0.0,Remote-Deny
HARV-01735,77036,0.00867426204039358,0.00867426204039358,0,0.0,Remote-Deny
HARV-01736,77407,0.008085317460317461,0.008085317460317461,0,0.0,Remote-Deny
HARV-01737,77084,0.05629127253257184,0.05629127253257184,1,0.0,Remote-Deny
HARV-01738,77064,0.003712429499535946,0.003712429499535946,0,0.0,Remote-Deny
HARV-01739,77084,0.05629127253257184,0.05629127253257184,1,0.0,Remote-Deny
HARV-01740,77433,0.009332949787451658,0.009332949787451658,0,0.0,Remote-Deny
HARV-01741,77074,0.19030222517436068,0.19030222517436068,1,0.0,Remote-Deny
HARV-01742,77449,0.005841453031879671,0.005841453031879671,0,0.0,Remote-Deny
HARV-01743,77079,0.20565767486273576,0.20565767486273576,1,0.0,Remote-Deny
HARV-01744,77493,0.017057885563837284,0.017057885563837284,0,0.0,Remote-Deny
HARV-01745,77072,0.02838533290447089,0.02838533290447089,1,0.0,Remote-Deny
HARV-01746,77083,0.006111202051617831,0.006111202051617831,0,0.0,Remote-Deny
HARV-01747,77407,0.008085317460317461,0.008085317460317461,0,0.0,Remote-Deny
HARV-01748,77494,0.004935030843942775,0.004935030843942775,0,0.0,Remote-Deny
HARV-01749,77084,0.05629127253257184,0.05629127253257184,1,0.0,Remote-Deny
HARV-01750,77493,0.017057885563837284,0.017057885563837284,0,0.0,Remote-Deny
HARV-01751,77407,0.008085317460317461,0.008085317460317461,0,0.0,Remote-Deny
HARV-01752,77014,0.003607044345427541,0.003607044345427541,0,0.0,Remote-Deny
HARV-01753,77407,0.008085317460317461,0.008085317460317461,0,0.0,Remote-Deny
HARV-01754,77095,0.005858093542037679,0.005858093542037679,0,0.0,Remote-Deny
HARV-01756,77080,0.011360297718147096,0.011360297718147096,0,0.0,Remote-Deny
HARV-01757,77494,0.004935030843942775,0.004935030843942775,0,0.0,Remote-Deny
HARV-01758,77441,0.013941940412528648,0.013941940412528648,0,0.0,Remote-Deny
HARV-01759,77080,0.011360297718147096,0.011360297718147096,0,0.0,Remote-Deny
HARV-01760,77077,0.05631399317406143,0.05631399317406143,1,0.0,Remote-Deny
HARV-01761,77040,0.023003472222222224,0.023003472222222224,1,0.0,Remote-Deny
HARV-01762,77450,0.052482670816239925,0.052482670816239925,1,0.0,Remote-Deny
HARV-01763,77036,0.00867426204039358,0.00867426204039358,0,0.0,Remote-Deny
HARV-01764,77407,0.008085317460317461,0.008085317460317461,0,0.0,Remote-Deny
HARV-01765,77065,0.037514853165846206,0.037514853165846206,1,0.0,Remote-Deny
HARV-01766,77099,0.04039958865873365,0.04039958865873365,1,0.0,Remote-Deny
HARV-01767,77080,0.011360297718147096,0.011360297718147096,0,0.0,Remote-Deny
HARV-01768,77494,0.004935030843942775,0.004935030843942775,0,0.0,Remote-Deny
HARV-01769,77429,0.06482328258647588,0.06482328258647588,1,0.0,Remote-Deny
HARV-01770,77407,0.008085317460317461,0.008085317460317461,0,0.0,Remote-Deny
HARV-01771,77069,0.039105129137868316,0.039105129137868316,1,0.0,Remote-Deny
HARV-01772,77407,0.008085317460317461,0.008085317460317461,0,0.0,Remote-Deny
HARV-01773,77449,0.005841453031879671,0.005841453031879671,0,0.0,Remote-Deny
HARV-01774,77449,0.005841453031879671,0.005841453031879671,0,0.0,Remote-Deny
HARV-01775,77070,0.09280478992464128,0.09280478992464128,1,0.0,Remote-Deny
HARV-01776,77449,0.005841453031879671,0.005841453031879671,0,0.0,Remote-Deny
HARV-01777,77041,0.0503968253968254,0.0503968253968254,1,0.0,Remote-Deny
HARV-01778,77407,0.008085317460317461,0.008085317460317461,0,0.0,Remote-Deny
HARV-01779,77095,0.005858093542037679,0.005858093542037679,0,0.0,Remote-Deny
HARV-01780,77084,0.05629127253257184,0.05629127253257184,1,0.0,Remote-Deny
HARV-01781,77084,0.05629127253257184,0.05629127253257184,1,0.0,Remote-Deny
HARV-01782,77077,0.05631399317406143,0.05631399317406143,1,0.0,Remote-Deny
HARV-01783,77429,0.06482328258647588,0.06482328258647588,1,0.0,Remote-Deny
HARV-01784,77494,0.004935030843942775,0.004935030843942775,0,0.0,Remote-Deny
HARV-01785,77433,0.009332949787451658,0.009332949787451658,0,0.0,Remote-Deny
HARV-01786,77080,0.011360297718147096,0.011360297718147096,0,0.0,Remote-Deny
HARV-01787,77449,0.005841453031879671,0.005841453031879671,0,0.0,Remote-Deny
HARV-01788,77449,0.005841453031879671,0.005841453031879671,0,0.0,Remote-Deny
HARV-01789,77433,0.009332949787451658,0.009332949787451658,0,0.0,Remote-Deny
HARV-01790,77099,0.04039958865873365,0.04039958865873365,1,0.0,Remote-Deny
HARV-01791,77449,0.005841453031879671,0.005841453031879671,0,0.0,Remote-Deny
HARV-01792,77040,0.023003472222222224,0.023003472222222224,1,0.0,Remote-Deny
HARV-01793,77449,0.005841453031879671,0.005841453031879671,0,0.0,Remote-Deny
HARV-01794,77449,0.005841453031879671,0.005841453031879671,0,0.0,Remote-Deny
HARV-01795,77494,0.004935030843942775,0.004935030843942775,0,0.0,Remote-Deny
HARV-01797,77036,0.00867426204039358,0.00867426204039358,0,0.0,Remote-Deny
HARV-01798,77070,0.09280478992464128,0.09280478992464128,1,0.0,Remote-Deny
HARV-01799,77096,0.2997135354499881,0.2997135354499881,1,0.0,Remote-Deny
HARV-01800,77095,0.005858093542037679,0.005858093542037679,0,0.0,Remote-Deny
HARV-01802,77493,0.017057885563837284,0.017057885563837284,0,0.6153,Review
HARV-01803,77092,0.051518119490695395,0.051518119490695395,1,0.0,Remote-Deny
HARV-01804,77083,0.006111202051617831,0.006111202051617831,0,0.0,Remote-Deny
HARV-01805,77014,0.003607044345427541,0.003607044345427541,0,0.0,Remote-Deny
HARV-01806,77040,0.023003472222222224,0.023003472222222224,1,0.0,Remote-Deny
HARV-01807,77407,0.008085317460317461,0.008085317460317461,0,0.0,Remote-Deny
HARV-01808,77450,0.052482670816239925,0.052482670816239925,1,0.0,Remote-Deny
HARV-01809,77494,0.004935030843942775,0.004935030843942775,0,0.0,Remote-Deny
HARV-01810,77063,0.08053251855085115,0.08053251855085115,1,0.0,Remote-Deny
HARV-01811,77095,0.005858093542037679,0.005858093542037679,0,0.0,Remote-Deny
HARV-01812,77083,0.006111202051617831,0.006111202051617831,0,0.0,Remote-Deny
HARV-01813,77084,0.05629127253257184,0.05629127253257184,1,0.0,Remote-Deny
HARV-01814,77433,0.009332949787451658,0.009332949787451658,0,0.0,Remote-Deny
HARV-01815,77449,0.005841453031879671,0.005841453031879671,0,0.0,Remote-Deny
HARV-01817,77407,0.008085317460317461,0.008085317460317461,0,0.0,Remote-Deny
HARV-01818,77407,0.008085317460317461,0.008085317460317461,0,0.0,Remote-Deny
HARV-01819,77407,0.008085317460317461,0.008085317460317461,0,0.0,Remote-Deny
HARV-01820,77096,0.2997135354499881,0.2997135354499881,1,0.0,Remote-Deny
HARV-01821,77086,0.005219605346912795,0.005219605346912795,0,0.0,Remote-Deny
HARV-01822,77433,0.009332949787451658,0.009332949787451658,0,0.0,Remote-Deny
HARV-01823,77449,0.005841453031879671,0.005841453031879671,0,0.0,Remote-Deny
HARV-01824,77082,0.01626283367556468,0.01626283367556468,0,0.0,Remote-Deny
HARV-01825,77407,0.008085317460317461,0.008085317460317461,0,0.0,Remote-Deny
HARV-01826,77450,0.052482670816239925,0.052482670816239925,1,0.0,Remote-Deny
HARV-01827,77064,0.003712429499535946,0.003712429499535946,0,0.0,Remote-Deny
HARV-01828,77494,0.004935030843942775,0.004935030843942775,0,0.0,Remote-Deny
HARV-01829,77441,0.013941940412528648,0.013941940412528648,0,0.0,Remote-Deny
HARV-01830,77066,0.012061513719971858,0.012061513719971858,0,0.0,Remote-Deny
HARV-01831,77063,0.08053251855085115,0.08053251855085115,1,0.0,Remote-Deny
HARV-01832,77493,0.017057885563837284,0.017057885563837284,0,0.0,Remote-Deny
HARV-01833,77407,0.008085317460317461,0.008085317460317461,0,0.0,Remote-Deny
HARV-01834,77079,0.20565767486273576,0.20565767486273576,1,0.0,Remote-Deny
HARV-01835,77083,0.006111202051617831,0.006111202051617831,0,0.0,Remote-Deny
HARV-01836,77024,0.09987458670619086,0.09987458670619086,1,0.0,Remote-Deny
HARV-01837,77494,0.004935030843942775,0.004935030843942775,0,0.0,Remote-Deny
HARV-01838,77433,0.009332949787451658,0.009332949787451658,0,0.0,Remote-Deny
HARV-01839,77407,0.008085317460317461,0.008085317460317461,0,0.0,Remote-Deny
HARV-01840,77080,0.011360297718147096,0.011360297718147096,0,0.0,Remote-Deny
HARV-01841,77084,0.05629127253257184,0.05629127253257184,1,0.0,Remote-Deny
HARV-01842,77072,0.02838533290447089,0.02838533290447089,1,0.0,Remote-Deny
HARV-01843,77077,0.05631399317406143,0.05631399317406143,1,0.0,Remote-Deny
HARV-01844,77433,0.009332949787451658,0.009332949787451658,0,0.0,Remote-Deny
HARV-01846,77494,0.004935030843942775,0.004935030843942775,0,0.0,Remote-Deny
HARV-01847,77433,0.009332949787451658,0.009332949787451658,0,0.0,Remote-Deny
HARV-01848,77095,0.005858093542037679,0.005858093542037679,0,0.0,Remote-Deny
HARV-01849,77024,0.09987458670619086,0.09987458670619086,1,0.0,Remote-Deny
HARV-01850,77084,0.05629127253257184,0.05629127253257184,1,0.0,Remote-Deny
HARV-01851,77449,0.005841453031879671,0.005841453031879671,0,0.0,Remote-Deny
HARV-01852,77083,0.006111202051617831,0.006111202051617831,0,0.0,Remote-Deny
HARV-01853,77099,0.04039958865873365,0.04039958865873365,1,0.0,Remote-Deny
HARV-01854,77083,0.006111202051617831,0.006111202051617831,0,0.0,Remote-Deny
HARV-01855,77041,0.0503968253968254,0.0503968253968254,1,0.0,Remote-Deny
HARV-01856,77072,0.02838533290447089,0.02838533290447089,1,0.0,Remote-Deny
HARV-01857,77066,0.012061513719971858,0.012061513719971858,0,0.0,Remote-Deny
HARV-01858,77449,0.005841453031879671,0.005841453031879671,0,0.0,Remote-Deny
HARV-01859,77450,0.052482670816239925,0.052482670816239925,1,0.0,Remote-Deny
HARV-01860,77449,0.005841453031879671,0.005841453031879671,0,0.0,Remote-Deny
HARV-01862,77040,0.023003472222222224,0.023003472222222224,1,0.0,Remote-Deny
HARV-01864,77406,0.08215403882279274,0.08215403882279274,1,0.0,Remote-Deny
HARV-01865,77494,0.004935030843942775,0.004935030843942775,0,0.0,Remote-Deny
HARV-01866,77084,0.05629127253257184,0.05629127253257184,1,0.0,Remote-Deny
HARV-01867,77057,0.02477291494632535,0.02477291494632535,1,0.0,Remote-Deny
HARV-01868,77070,0.09280478992464128,0.09280478992464128,1,0.0,Remote-Deny
HARV-01869,77493,0.017057885563837284,0.017057885563837284,0,0.0,Remote-Deny
HARV-01870,77041,0.0503968253968254,0.0503968253968254,1,0.0,Remote-Deny
HARV-01871,77072,0.02838533290447089,0.02838533290447089,1,0.0,Remote-Deny
HARV-01872,77084,0.05629127253257184,0.05629127253257184,1,0.0,Remote-Deny
HARV-01873,77099,0.04039958865873365,0.04039958865873365,1,0.0,Remote-Deny
HARV-01874,77096,0.2997135354499881,0.2997135354499881,1,0.0,Remote-Deny
HARV-01875,77493,0.017057885563837284,0.017057885563837284,0,0.0,Remote-Deny
HARV-01876,77041,0.0503968253968254,0.0503968253968254,1,0.0,Remote-Deny
HARV-01877,77493,0.017057885563837284,0.017057885563837284,0,0.0,Remote-Deny
HARV-01878,77084,0.05629127253257184,0.05629127253257184,1,0.0,Remote-Deny
HARV-01879,77433,0.009332949787451658,0.009332949787451658,0,0.0,Remote-Deny
HARV-01880,77096,0.2997135354499881,0.2997135354499881,1,0.0,Remote-Deny
HARV-01881,77433,0.009332949787451658,0.009332949787451658,0,0.0,Remote-Deny
HARV-01882,77433,0.009332949787451658,0.009332949787451658,0,0.0,Remote-Deny
HARV-01883,77095,0.005858093542037679,0.005858093542037679,0,0.0,Remote-Deny
HARV-01884,77449,0.005841453031879671,0.005841453031879671,0,0.0,Remote-Deny
HARV-01885,77449,0.005841453031879671,0.005841453031879671,0,0.0,Remote-Deny
HARV-01886,77493,0.017057885563837284,0.017057885563837284,0,0.0,Remote-Deny
HARV-01887,77095,0.005858093542037679,0.005858093542037679,0,0.0,Remote-Deny
HARV-01888,77082,0.01626283367556468,0.01626283367556468,0,0.0,Remote-Deny
HARV-01889,77494,0.004935030843942775,0.004935030843942775,0,0.0,Remote-Deny
HARV-01890,77036,0.00867426204039358,0.00867426204039358,0,0.0,Remote-Deny
HARV-01891,77449,0.005841453031879671,0.005841453031879671,0,0.0,Remote-Deny
HARV-01892,77014,0.003607044345427541,0.003607044345427541,0,0.0,Remote-Deny
HARV-01893,77449,0.005841453031879671,0.005841453031879671,0,0.0,Remote-Deny
HARV-01894,77494,0.004935030843942775,0.004935030843942775,0,0.0,Remote-Deny
HARV-01895,77079,0.20565767486273576,0.20565767486273576,1,0.0,Review
HARV-01896,77083,0.006111202051617831,0.006111202051617831,0,0.0,Remote-Deny
HARV-01897,77494,0.004935030843942775,0.004935030843942775,0,0.0,Remote-Deny
HARV-01898,77083,0.006111202051617831,0.006111202051617831,0,0.0,Remote-Deny
HARV-01899,77494,0.004935030843942775,0.004935030843942775,0,0.0,Review
HARV-01900,77082,0.01626283367556468,0.01626283367556468,0,0.0,Remote-Deny
HARV-01901,77084,0.05629127253257184,0.05629127253257184,1,0.0,Remote-Deny
HARV-01902,77494,0.004935030843942775,0.004935030843942775,0,0.0,Remote-Deny
HARV-01903,77024,0.09987458670619086,0.09987458670619086,1,0.0,Remote-Deny
HARV-01904,77095,0.005858093542037679,0.005858093542037679,0,0.0,Remote-Deny
HARV-01905,77449,0.005841453031879671,0.005841453031879671,0,0.0,Remote-Deny
HARV-01906,77433,0.009332949787451658,0.009332949787451658,0,0.0,Remote-Deny
HARV-01907,77065,0.037514853165846206,0.037514853165846206,1,0.0,Remote-Deny
HARV-01908,77494,0.004935030843942775,0.004935030843942775,0,0.0,Remote-Deny
HARV-01909,77493,0.017057885563837284,0.017057885563837284,0,0.0,Remote-Deny
HARV-01910,77064,0.003712429499535946,0.003712429499535946,0,0.0,Remote-Deny
HARV-01912,77450,0.052482670816239925,0.052482670816239925,1,0.0,Remote-Deny
HARV-01913,77433,0.009332949787451658,0.009332949787451658,0,0.0,Remote-Deny
HARV-01914,77494,0.004935030843942775,0.004935030843942775,0,0.0,Remote-Deny
HARV-01915,77449,0.005841453031879671,0.005841453031879671,0,0.0,Remote-Deny
HARV-01916,77433,0.009332949787451658,0.009332949787451658,0,0.0,Remote-Deny
HARV-01917,77082,0.01626283367556468,0.01626283367556468,0,0.0,Remote-Deny
HARV-01918,77493,0.017057885563837284,0.017057885563837284,0,0.0,Remote-Deny
HARV-01919,77433,0.009332949787451658,0.009332949787451658,0,0.0,Remote-Deny
HARV-01920,77066,0.012061513719971858,0.012061513719971858,0,0.0,Remote-Deny
HARV-01921,77014,0.003607044345427541,0.003607044345427541,0,0.0,Remote-Deny
HARV-01922,77055,0.010185185185185186,0.010185185185185186,0,0.0,Remote-Deny
HARV-01923,77072,0.02838533290447089,0.02838533290447089,1,0.0,Remote-Deny
HARV-01924,77040,0.023003472222222224,0.023003472222222224,1,0.0,Remote-Deny
HARV-01926,77494,0.004935030843942775,0.004935030843942775,0,0.0,Remote-Deny
HARV-01927,77406,0.08215403882279274,0.08215403882279274,1,0.0,Remote-Deny
HARV-01928,77429,0.06482328258647588,0.06482328258647588,1,0.0,Remote-Deny
HARV-01929,77079,0.20565767486273576,0.20565767486273576,1,0.0,Remote-Deny
HARV-01930,77095,0.005858093542037679,0.005858093542037679,0,0.0,Remote-Deny
HARV-01931,77063,0.08053251855085115,0.08053251855085115,1,0.0,Remote-Deny
HARV-01932,77095,0.005858093542037679,0.005858093542037679,0,0.0,Remote-Deny
HARV-01933,77084,0.05629127253257184,0.05629127253257184,1,0.0,Remote-Deny
HARV-01934,77074,0.19030222517436068,0.19030222517436068,1,0.0,Remote-Deny
HARV-01935,77055,0.010185185185185186,0.010185185185185186,0,0.0,Remote-Deny
HARV-01936,77064,0.003712429499535946,0.003712429499535946,0,0.0,Remote-Deny
HARV-01937,77057,0.02477291494632535,0.02477291494632535,1,0.0,Remote-Deny
HARV-01938,77449,0.005841453031879671,0.005841453031879671,0,0.0,Remote-Deny
HARV-01939,77066,0.012061513719971858,0.012061513719971858,0,0.0,Remote-Deny
HARV-01940,77429,0.06482328258647588,0.06482328258647588,1,0.0,Remote-Deny
HARV-01941,77433,0.009332949787451658,0.009332949787451658,0,0.0,Review
HARV-01942,77040,0.023003472222222224,0.023003472222222224,1,0.0,Remote-Deny
HARV-01943,77406,0.08215403882279274,0.08215403882279274,1,0.0,Remote-Deny
HARV-01944,77433,0.009332949787451658,0.009332949787451658,0,0.0,Remote-Deny
HARV-01945,77429,0.06482328258647588,0.06482328258647588,1,0.0,Remote-Deny
HARV-01946,77065,0.037514853165846206,0.037514853165846206,1,0.0,Remote-Deny
HARV-01947,77433,0.009332949787451658,0.009332949787451658,0,0.0,Remote-Deny
HARV-01948,77064,0.003712429499535946,0.003712429499535946,0,0.0,Remote-Deny
HARV-01949,77095,0.005858093542037679,0.005858093542037679,0,0.0,Remote-Deny
HARV-01950,77493,0.017057885563837284,0.017057885563837284,0,0.0,Remote-Deny
HARV-01951,77080,0.011360297718147096,0.011360297718147096,0,0.0,Review
HARV-01952,77082,0.01626283367556468,0.01626283367556468,0,0.0,Remote-Deny
HARV-01953,77084,0.05629127253257184,0.05629127253257184,1,0.0,Remote-Deny
HARV-01954,77493,0.017057885563837284,0.017057885563837284,0,0.2717,Review
HARV-01955,77494,0.004935030843942775,0.004935030843942775,0,0.0,Remote-Deny
HARV-01956,77082,0.01626283367556468,0.01626283367556468,0,0.0,Remote-Deny
HARV-01957,77080,0.011360297718147096,0.011360297718147096,0,0.0,Remote-Deny
HARV-01958,77040,0.023003472222222224,0.023003472222222224,1,0.0,Remote-Deny
HARV-01960,77063,0.08053251855085115,0.08053251855085115,1,0.0,Remote-Deny
HARV-01961,77040,0.023003472222222224,0.023003472222222224,1,0.0,Remote-Deny
HARV-01963,77095,0.005858093542037679,0.005858093542037679,0,0.0,Remote-Deny
HARV-01964,77069,0.039105129137868316,0.039105129137868316,1,0.0,Remote-Deny
HARV-01965,77095,0.005858093542037679,0.005858093542037679,0,0.0,Remote-Deny
HARV-01966,77433,0.009332949787451658,0.009332949787451658,0,0.0,Remote-Deny
HARV-01967,77086,0.005219605346912795,0.005219605346912795,0,0.0,Remote-Deny
HARV-01968,77494,0.004935030843942775,0.004935030843942775,0,0.0,Remote-Deny
HARV-01969,77095,0.005858093542037679,0.005858093542037679,0,0.0,Remote-Deny
HARV-01970,77014,0.003607044345427541,0.003607044345427541,0,0.0,Remote-Deny
HARV-01971,77493,0.017057885563837284,0.017057885563837284,0,0.0,Remote-Deny
HARV-01972,77063,0.08053251855085115,0.08053251855085115,1,0.0,Remote-Deny
HARV-01973,77450,0.052482670816239925,0.052482670816239925,1,0.0,Remote-Deny
HARV-01974,77066,0.012061513719971858,0.012061513719971858,0,0.0,Remote-Deny
HARV-01975,77095,0.005858093542037679,0.005858093542037679,0,0.0,Remote-Deny
HARV-01977,77024,0.09987458670619086,0.09987458670619086,1,0.0,Remote-Deny
HARV-01978,77066,0.012061513719971858,0.012061513719971858,0,0.0,Remote-Deny
HARV-01979,77450,0.052482670816239925,0.052482670816239925,1,0.0,Remote-Deny
HARV-01980,77064,0.003712429499535946,0.003712429499535946,0,0.0,Remote-Deny
HARV-01981,77096,0.2997135354499881,0.2997135354499881,1,0.0,Remote-Deny
HARV-01982,77449,0.005841453031879671,0.005841453031879671,0,0.0,Remote-Deny
HARV-01983,77429,0.06482328258647588,0.06482328258647588,1,0.0,Remote-Deny
HARV-01985,77450,0.052482670816239925,0.052482670816239925,1,0.0,Remote-Deny
HARV-01986,77493,0.017057885563837284,0.017057885563837284,0,0.0,Remote-Deny
HARV-01987,77095,0.005858093542037679,0.005858093542037679,0,0.0,Remote-Deny
HARV-01988,77433,0.009332949787451658,0.009332949787451658,0,0.0,Remote-Deny
HARV-01989,77064,0.003712429499535946,0.003712429499535946,0,0.0,Remote-Deny
HARV-01990,77088,0.11325141149119894,0.11325141149119894,1,0.0,Remote-Deny
HARV-01991,77014,0.003607044345427541,0.003607044345427541,0,0.0,Remote-Deny
HARV-01992,77095,0.005858093542037679,0.005858093542037679,0,0.0,Remote-Deny
HARV-01993,77450,0.052482670816239925,0.052482670816239925,1,0.0,Remote-Deny
HARV-01994,77407,0.008085317460317461,0.008085317460317461,0,0.0,Remote-Deny
HARV-01995,77065,0.037514853165846206,0.037514853165846206,1,0.0,Remote-Deny
HARV-01996,77406,0.08215403882279274,0.08215403882279274,1,0.0,Remote-Deny
HARV-01997,77406,0.08215403882279274,0.08215403882279274,1,0.0,Remote-Deny
HARV-01998,77493,0.017057885563837284,0.017057885563837284,0,0.1525,Review
HARV-01999,77433,0.009332949787451658,0.009332949787451658,0,0.0,Remote-Deny
HARV-02000,77096,0.2997135354499881,0.2997135354499881,1,0.0,Remote-Deny
HARV-02001,77084,0.05629127253257184,0.05629127253257184,1,0.0,Remote-Deny
HARV-02002,77433,0.009332949787451658,0.009332949787451658,0,0.0,Remote-Deny
HARV-02003,77493,0.017057885563837284,0.017057885563837284,0,0.0,Remote-Deny
HARV-02004,77494,0.004935030843942775,0.004935030843942775,0,0.0,Remote-Deny
HARV-02005,77077,0.05631399317406143,0.05631399317406143,1,0.0,Remote-Deny
HARV-02006,77072,0.02838533290447089,0.02838533290447089,1,0.0,Remote-Deny
HARV-02007,77407,0.008085317460317461,0.008085317460317461,0,0.0,Remote-Deny
HARV-02008,77077,0.05631399317406143,0.05631399317406143,1,0.0,Remote-Deny
HARV-02009,77036,0.00867426204039358,0.00867426204039358,0,0.0,Remote-Deny
HARV-02010,77493,0.017057885563837284,0.017057885563837284,0,0.0,Remote-Deny
HARV-02011,77040,0.023003472222222224,0.023003472222222224,1,0.0,Review
HARV-02012,77092,0.051518119490695395,0.051518119490695395,1,0.0,Remote-Deny
HARV-02013,77057,0.02477291494632535,0.02477291494632535,1,0.0,Remote-Deny
HARV-02014,77092,0.051518119490695395,0.051518119490695395,1,0.0,Remote-Deny
HARV-02015,77070,0.09280478992464128,0.09280478992464128,1,0.0,Remote-Deny
HARV-02016,77070,0.09280478992464128,0.09280478992464128,1,0.0,Review
HARV-02017,77080,0.011360297718147096,0.011360297718147096,0,0.0,Remote-Deny
HARV-02018,77080,0.011360297718147096,0.011360297718147096,0,0.0,Remote-Deny
HARV-02019,77042,0.10466556564822461,0.10466556564822461,1,0.0,Remote-Deny
HARV-02021,77082,0.01626283367556468,0.01626283367556468,0,0.0,Remote-Deny
HARV-02022,77433,0.009332949787451658,0.009332949787451658,0,0.0,Remote-Deny
HARV-02023,77493,0.017057885563837284,0.017057885563837284,0,0.4562,Review
HARV-02024,77077,0.05631399317406143,0.05631399317406143,1,0.0,Remote-Deny
HARV-02025,77083,0.006111202051617831,0.006111202051617831,0,0.0,Remote-Deny
HARV-02026,77449,0.005841453031879671,0.005841453031879671,0,0.0,Remote-Deny
HARV-02027,77084,0.05629127253257184,0.05629127253257184,1,0.0,Remote-Deny
HARV-02028,77064,0.003712429499535946,0.003712429499535946,0,0.0,Remote-Deny
HARV-02029,77069,0.039105129137868316,0.039105129137868316,1,0.0,Remote-Deny
HARV-02030,77084,0.05629127253257184,0.05629127253257184,1,0.0,Remote-Deny
HARV-02031,77043,0.017116989673221106,0.017116989673221106,0,0.0,Remote-Deny
HARV-02032,77494,0.004935030843942775,0.004935030843942775,0,0.0,Remote-Deny
HARV-02033,77072,0.02838533290447089,0.02838533290447089,1,0.0,Remote-Deny
HARV-02034,77082,0.01626283367556468,0.01626283367556468,0,0.0,Remote-Deny
HARV-02035,77494,0.004935030843942775,0.004935030843942775,0,0.0,Remote-Deny
HARV-02036,77084,0.05629127253257184,0.05629127253257184,1,0.0,Remote-Deny
HARV-02038,77449,0.005841453031879671,0.005841453031879671,0,0.0,Remote-Deny
HARV-02040,77083,0.006111202051617831,0.006111202051617831,0,0.0,Remote-Deny
HARV-02041,77450,0.052482670816239925,0.052482670816239925,1,0.0,Remote-Deny
HARV-02042,77441,0.013941940412528648,0.013941940412528648,0,0.0,Remote-Deny
HARV-02043,77084,0.05629127253257184,0.05629127253257184,1,0.0,Remote-Deny
HARV-02044,77024,0.09987458670619086,0.09987458670619086,1,0.0,Remote-Deny
HARV-02045,77494,0.004935030843942775,0.004935030843942775,0,0.0,Remote-Deny
HARV-02046,77084,0.05629127253257184,0.05629127253257184,1,0.0,Remote-Deny
HARV-02047,77064,0.003712429499535946,0.003712429499535946,0,0.0,Remote-Deny
HARV-02048,77449,0.005841453031879671,0.005841453031879671,0,0.0,Remote-Deny
HARV-02049,77433,0.009332949787451658,0.009332949787451658,0,0.0,Remote-Deny
HARV-02050,77433,0.009332949787451658,0.009332949787451658,0,0.0,Remote-Deny
HARV-02051,77494,0.004935030843942775,0.004935030843942775,0,0.0,Remote-Deny
HARV-02052,77450,0.052482670816239925,0.052482670816239925,1,0.0,Remote-Deny
HARV-02053,77014,0.003607044345427541,0.003607044345427541,0,0.0,Remote-Deny
HARV-02054,77433,0.009332949787451658,0.009332949787451658,0,0.0,Remote-Deny
HARV-02055,77493,0.017057885563837284,0.017057885563837284,0,0.0,Remote-Deny
HARV-02056,77070,0.09280478992464128,0.09280478992464128,1,0.0,Remote-Deny
HARV-02057,77494,0.004935030843942775,0.004935030843942775,0,0.0,Remote-Deny
HARV-02059,77429,0.06482328258647588,0.06482328258647588,1,0.0,Remote-Deny
HARV-02060,77493,0.017057885563837284,0.017057885563837284,0,0.0,Remote-Deny
HARV-02061,77494,0.004935030843942775,0.004935030843942775,0,0.0,Remote-Deny
HARV-02062,77449,0.005841453031879671,0.005841453031879671,0,0.0,Remote-Deny
HARV-02063,77086,0.005219605346912795,0.005219605346912795,0,0.0,Remote-Deny
HARV-02064,77493,0.017057885563837284,0.017057885563837284,0,0.0,Remote-Deny
HARV-02065,77494,0.004935030843942775,0.004935030843942775,0,0.0,Remote-Deny
HARV-02066,77079,0.20565767486273576,0.20565767486273576,1,0.0,Remote-Deny
HARV-02067,77494,0.004935030843942775,0.004935030843942775,0,0.0,Remote-Deny
HARV-02068,77064,0.003712429499535946,0.003712429499535946,0,0.0,Remote-Deny
HARV-02069,77040,0.023003472222222224,0.023003472222222224,1,0.0,Remote-Deny
HARV-02070,77065,0.037514853165846206,0.037514853165846206,1,0.0,Remote-Deny
HARV-02071,77084,0.05629127253257184,0.05629127253257184,1,0.0,Remote-Deny
HARV-02072,77450,0.052482670816239925,0.052482670816239925,1,0.0,Remote-Deny
HARV-02073,77095,0.005858093542037679,0.005858093542037679,0,0.0,Remote-Deny
HARV-02074,77449,0.005841453031879671,0.005841453031879671,0,0.0,Remote-Deny
HARV-02075,77055,0.010185185185185186,0.010185185185185186,0,0.0,Remote-Deny
HARV-02076,77449,0.005841453031879671,0.005841453031879671,0,0.0,Remote-Deny
HARV-02077,77494,0.004935030843942775,0.004935030843942775,0,0.0,Remote-Deny
HARV-02078,77433,0.009332949787451658,0.009332949787451658,0,0.0,Remote-Deny
HARV-02080,77450,0.052482670816239925,0.052482670816239925,1,0.0,Remote-Deny
HARV-02081,77092,0.051518119490695395,0.051518119490695395,1,0.0,Remote-Deny
HARV-02082,77450,0.052482670816239925,0.052482670816239925,1,0.0,Remote-Deny
HARV-02083,77084,0.05629127253257184,0.05629127253257184,1,0.0,Remote-Deny
HARV-02084,77493,0.017057885563837284,0.017057885563837284,0,0.5575,Review
HARV-02085,77082,0.01626283367556468,0.01626283367556468,0,0.0,Remote-Deny
HARV-02086,77024,0.09987458670619086,0.09987458670619086,1,0.0,Remote-Deny
HARV-02087,77407,0.008085317460317461,0.008085317460317461,0,0.0,Remote-Deny
HARV-02088,77096,0.2997135354499881,0.2997135354499881,1,0.0,Remote-Deny
HARV-02089,77070,0.09280478992464128,0.09280478992464128,1,0.0,Remote-Deny
HARV-02090,77433,0.009332949787451658,0.009332949787451658,0,0.3562,Review
HARV-02091,77450,0.052482670816239925,0.052482670816239925,1,0.0,Remote-Deny
HARV-02092,77066,0.012061513719971858,0.012061513719971858,0,0.0,Remote-Deny
HARV-02093,77493,0.017057885563837284,0.017057885563837284,0,0.4015,Review
HARV-02094,77082,0.01626283367556468,0.01626283367556468,0,0.0,Remote-Deny
HARV-02095,77064,0.003712429499535946,0.003712429499535946,0,0.0,Remote-Deny
HARV-02096,77077,0.05631399317406143,0.05631399317406143,1,0.0,Remote-Deny
HARV-02097,77070,0.09280478992464128,0.09280478992464128,1,0.0,Remote-Deny
HARV-02098,77429,0.06482328258647588,0.06482328258647588,1,0.0,Remote-Deny
HARV-02099,77449,0.005841453031879671,0.005841453031879671,0,0.0,Remote-Deny
HARV-02100,77450,0.052482670816239925,0.052482670816239925,1,0.0,Remote-Deny
HARV-02101,77074,0.19030222517436068,0.19030222517436068,1,0.0,Review
HARV-02103,77450,0.052482670816239925,0.052482670816239925,1,0.0,Remote-Deny
HARV-02105,77080,0.011360297718147096,0.011360297718147096,0,0.0,Remote-Deny
HARV-02106,77084,0.05629127253257184,0.05629127253257184,1,0.0,Remote-Deny
HARV-02107,77441,0.013941940412528648,0.013941940412528648,0,0.0,Remote-Deny
HARV-02108,77450,0.052482670816239925,0.052482670816239925,1,0.0,Remote-Deny
HARV-02109,77057,0.02477291494632535,0.02477291494632535,1,0.0,Remote-Deny
HARV-02110,77055,0.010185185185185186,0.010185185185185186,0,0.0,Remote-Deny
HARV-02111,77433,0.009332949787451658,0.009332949787451658,0,0.0,Remote-Deny
HARV-02112,77429,0.06482328258647588,0.06482328258647588,1,0.0,Remote-Deny
HARV-02113,77066,0.012061513719971858,0.012061513719971858,0,0.0,Remote-Deny
HARV-02114,77407,0.008085317460317461,0.008085317460317461,0,0.0,Remote-Deny
HARV-02115,77042,0.10466556564822461,0.10466556564822461,1,0.0,Remote-Deny
HARV-02116,77433,0.009332949787451658,0.009332949787451658,0,0.0,Remote-Deny
HARV-02117,77024,0.09987458670619086,0.09987458670619086,1,0.0,Remote-Deny
HARV-02118,77407,0.008085317460317461,0.008085317460317461,0,0.0,Remote-Deny
HARV-02119,77449,0.005841453031879671,0.005841453031879671,0,0.0,Remote-Deny
HARV-02120,77063,0.08053251855085115,0.08053251855085115,1,0.0,Remote-Deny
HARV-02121,77083,0.006111202051617831,0.006111202051617831,0,0.0,Remote-Deny
HARV-02122,77063,0.08053251855085115,0.08053251855085115,1,0.0,Remote-Deny
HARV-02123,77095,0.005858093542037679,0.005858093542037679,0,0.0,Remote-Deny
HARV-02124,77429,0.06482328258647588,0.06482328258647588,1,0.0,Review
HARV-02125,77450,0.052482670816239925,0.052482670816239925,1,0.0,Remote-Deny
HARV-02126,77449,0.005841453031879671,0.005841453031879671,0,0.0,Remote-Deny
HARV-02127,77433,0.009332949787451658,0.009332949787451658,0,0.0,Remote-Deny
HARV-02128,77099,0.04039958865873365,0.04039958865873365,1,0.0,Remote-Deny
HARV-02129,77433,0.009332949787451658,0.009332949787451658,0,0.0,Remote-Deny
HARV-02130,77084,0.05629127253257184,0.05629127253257184,1,0.0,Remote-Deny
HARV-02131,77494,0.004935030843942775,0.004935030843942775,0,0.0,Remote-Deny
HARV-02132,77063,0.08053251855085115,0.08053251855085115,1,0.0,Remote-Deny
HARV-02134,77040,0.023003472222222224,0.023003472222222224,1,0.0,Remote-Deny
HARV-02135,77041,0.0503968253968254,0.0503968253968254,1,0.0,Remote-Deny
HARV-02137,77055,0.010185185185185186,0.010185185185185186,0,0.0,Remote-Deny
HARV-02138,77450,0.052482670816239925,0.052482670816239925,1,0.0,Remote-Deny
HARV-02139,77449,0.005841453031879671,0.005841453031879671,0,0.0,Remote-Deny
HARV-02140,77407,0.008085317460317461,0.008085317460317461,0,0.0,Remote-Deny
HARV-02141,77096,0.2997135354499881,0.2997135354499881,1,0.0,Remote-Deny
HARV-02142,77493,0.017057885563837284,0.017057885563837284,0,0.805,Review
HARV-02143,77083,0.006111202051617831,0.006111202051617831,0,0.0,Remote-Deny
HARV-02144,77407,0.008085317460317461,0.008085317460317461,0,0.0,Review
HARV-02145,77429,0.06482328258647588,0.06482328258647588,1,0.0,Remote-Deny
HARV-02146,77493,0.017057885563837284,0.017057885563837284,0,0.4957,Review
HARV-02147,77024,0.09987458670619086,0.09987458670619086,1,0.0,Remote-Deny
HARV-02148,77082,0.01626283367556468,0.01626283367556468,0,0.0,Remote-Deny
HARV-02149,77433,0.009332949787451658,0.009332949787451658,0,0.0,Remote-Deny
HARV-02150,77406,0.08215403882279274,0.08215403882279274,1,0.0,Review
HARV-02151,77494,0.004935030843942775,0.004935030843942775,0,0.0,Remote-Deny
HARV-02152,77099,0.04039958865873365,0.04039958865873365,1,0.0,Remote-Deny
HARV-02153,77450,0.052482670816239925,0.052482670816239925,1,0.0,Remote-Deny
HARV-02154,77450,0.052482670816239925,0.052482670816239925,1,0.0,Remote-Deny
HARV-02155,77065,0.037514853165846206,0.037514853165846206,1,0.0,Remote-Deny
HARV-02156,77096,0.2997135354499881,0.2997135354499881,1,0.0,Remote-Deny
HARV-02157,77095,0.005858093542037679,0.005858093542037679,0,0.0,Remote-Deny
HARV-02158,77449,0.005841453031879671,0.005841453031879671,0,0.0,Remote-Deny
HARV-02159,77096,0.2997135354499881,0.2997135354499881,1,0.0,Remote-Deny
HARV-02160,77095,0.005858093542037679,0.005858093542037679,0,0.0,Remote-Deny
HARV-02161,77494,0.004935030843942775,0.004935030843942775,0,0.0,Remote-Deny
HARV-02162,77066,0.012061513719971858,0.012061513719971858,0,0.0,Remote-Deny
HARV-02163,77406,0.08215403882279274,0.08215403882279274,1,0.0,Review
HARV-02164,77043,0.017116989673221106,0.017116989673221106,0,0.0,Remote-Deny
HARV-02166,77041,0.0503968253968254,0.0503968253968254,1,0.0,Remote-Deny
HARV-02167,77493,0.017057885563837284,0.017057885563837284,0,0.0,Remote-Deny
HARV-02168,77043,0.017116989673221106,0.017116989673221106,0,0.0,Remote-Deny
HARV-02169,77441,0.013941940412528648,0.013941940412528648,0,0.0,Remote-Deny
HARV-02170,77083,0.006111202051617831,0.006111202051617831,0,0.0,Remote-Deny
HARV-02171,77064,0.003712429499535946,0.003712429499535946,0,0.0,Remote-Deny
HARV-02173,77083,0.006111202051617831,0.006111202051617831,0,0.0,Remote-Deny
HARV-02174,77494,0.004935030843942775,0.004935030843942775,0,0.0,Remote-Deny
HARV-02175,77449,0.005841453031879671,0.005841453031879671,0,0.0,Remote-Deny
HARV-02176,77450,0.052482670816239925,0.052482670816239925,1,0.0,Remote-Deny
HARV-02177,77088,0.11325141149119894,0.11325141149119894,1,0.0,Remote-Deny
HARV-02178,77079,0.20565767486273576,0.20565767486273576,1,0.0,Remote-Deny
HARV-02179,77014,0.003607044345427541,0.003607044345427541,0,0.0,Remote-Deny
HARV-02180,77433,0.009332949787451658,0.009332949787451658,0,0.0,Remote-Deny
HARV-02181,77449,0.005841453031879671,0.005841453031879671,0,0.0,Remote-Deny
HARV-02182,77406,0.08215403882279274,0.08215403882279274,1,0.0,Remote-Deny
HARV-02183,77088,0.11325141149119894,0.11325141149119894,1,0.0,Remote-Deny
HARV-02184,77429,0.06482328258647588,0.06482328258647588,1,0.0,Remote-Deny
HARV-02185,77077,0.05631399317406143,0.05631399317406143,1,0.0,Remote-Deny
HARV-02186,77084,0.05629127253257184,0.05629127253257184,1,0.0,Remote-Deny
HARV-02187,77043,0.017116989673221106,0.017116989673221106,0,0.0,Remote-Deny
HARV-02188,77086,0.005219605346912795,0.005219605346912795,0,0.0,Remote-Deny
HARV-02189,77096,0.2997135354499881,0.2997135354499881,1,0.0,Remote-Deny
HARV-02190,77494,0.004935030843942775,0.004935030843942775,0,0.0,Remote-Deny
HARV-02191,77441,0.013941940412528648,0.013941940412528648,0,0.0,Remote-Deny
HARV-02192,77449,0.005841453031879671,0.005841453031879671,0,0.0,Remote-Deny
HARV-02193,77433,0.009332949787451658,0.009332949787451658,0,0.0,Remote-Deny
HARV-02194,77084,0.05629127253257184,0.05629127253257184,1,0.0,Remote-Deny
HARV-02195,77084,0.05629127253257184,0.05629127253257184,1,0.0,Remote-Deny
HARV-02196,77494,0.004935030843942775,0.004935030843942775,0,0.0,Remote-Deny
HARV-02197,77493,0.017057885563837284,0.017057885563837284,0,0.0,Remote-Deny
HARV-02198,77433,0.009332949787451658,0.009332949787451658,0,0.0,Review
HARV-02199,77433,0.009332949787451658,0.009332949787451658,0,0.0,Remote-Deny
HARV-02201,77433,0.009332949787451658,0.009332949787451658,0,0.0,Remote-Deny
HARV-02203,77433,0.009332949787451658,0.009332949787451658,0,0.0,Remote-Deny
HARV-02204,77055,0.010185185185185186,0.010185185185185186,0,0.0,Remote-Deny
HARV-02205,77086,0.005219605346912795,0.005219605346912795,0,0.0,Remote-Deny
HARV-02206,77084,0.05629127253257184,0.05629127253257184,1,0.0,Remote-Deny
HARV-02207,77041,0.0503968253968254,0.0503968253968254,1,0.0,Remote-Deny
HARV-02208,77084,0.05629127253257184,0.05629127253257184,1,0.0,Remote-Deny
HARV-02209,77083,0.006111202051617831,0.006111202051617831,0,0.0,Remote-Deny
HARV-02210,77494,0.004935030843942775,0.004935030843942775,0,0.0,Remote-Deny
HARV-02211,77083,0.006111202051617831,0.006111202051617831,0,0.0,Remote-Deny
HARV-02212,77450,0.052482670816239925,0.052482670816239925,1,0.0,Remote-Deny
HARV-02213,77406,0.08215403882279274,0.08215403882279274,1,0.0,Remote-Deny
HARV-02214,77433,0.009332949787451658,0.009332949787451658,0,0.0,Remote-Deny
HARV-02215,77450,0.052482670816239925,0.052482670816239925,1,0.0,Remote-Deny
HARV-02216,77450,0.052482670816239925,0.052482670816239925,1,0.0,Remote-Deny
HARV-02217,77042,0.10466556564822461,0.10466556564822461,1,0.0,Remote-Deny
HARV-02218,77041,0.0503968253968254,0.0503968253968254,1,0.0,Remote-Deny
HARV-02219,77036,0.00867426204039358,0.00867426204039358,0,0.0,Remote-Deny
HARV-02220,77433,0.009332949787451658,0.009332949787451658,0,0.0,Remote-Deny
HARV-02221,77494,0.004935030843942775,0.004935030843942775,0,0.0,Remote-Deny
HARV-02222,77084,0.05629127253257184,0.05629127253257184,1,0.0,Remote-Deny
HARV-02223,77063,0.08053251855085115,0.08053251855085115,1,0.0,Remote-Deny
HARV-02224,77450,0.052482670816239925,0.052482670816239925,1,0.0,Remote-Deny
HARV-02225,77406,0.08215403882279274,0.08215403882279274,1,0.0,Remote-Deny
HARV-02226,77070,0.09280478992464128,0.09280478992464128,1,0.0,Remote-Deny
HARV-02227,77077,0.05631399317406143,0.05631399317406143,1,0.0,Review
HARV-02228,77065,0.037514853165846206,0.037514853165846206,1,0.0,Remote-Deny
HARV-02229,77042,0.10466556564822461,0.10466556564822461,1,0.0,Remote-Deny
HARV-02230,77083,0.006111202051617831,0.006111202051617831,0,0.0,Remote-Deny
HARV-02231,77042,0.10466556564822461,0.10466556564822461,1,0.0,Remote-Deny
HARV-02233,77072,0.02838533290447089,0.02838533290447089,1,0.0,Remote-Deny
HARV-02235,77083,0.006111202051617831,0.006111202051617831,0,0.0,Remote-Deny
HARV-02236,77449,0.005841453031879671,0.005841453031879671,0,0.0,Remote-Deny
HARV-02237,77494,0.004935030843942775,0.004935030843942775,0,0.0,Remote-Deny
HARV-02238,77063,0.08053251855085115,0.08053251855085115,1,0.0,Remote-Deny
HARV-02240,77433,0.009332949787451658,0.009332949787451658,0,0.0,Remote-Deny
HARV-02241,77406,0.08215403882279274,0.08215403882279274,1,0.0,Remote-Deny
HARV-02243,77065,0.037514853165846206,0.037514853165846206,1,0.0,Remote-Deny
HARV-02244,77072,0.02838533290447089,0.02838533290447089,1,0.0,Remote-Deny
HARV-02245,77088,0.11325141149119894,0.11325141149119894,1,0.0,Remote-Deny
HARV-02246,77082,0.01626283367556468,0.01626283367556468,0,0.0,Remote-Deny
HARV-02247,77083,0.006111202051617831,0.006111202051617831,0,0.0,Remote-Deny
HARV-02248,77433,0.009332949787451658,0.009332949787451658,0,0.0,Remote-Deny
HARV-02249,77064,0.003712429499535946,0.003712429499535946,0,0.0,Remote-Deny
HARV-02250,77449,0.005841453031879671,0.005841453031879671,0,0.0,Remote-Deny
HARV-02251,77072,0.02838533290447089,0.02838533290447089,1,0.0,Remote-Deny
HARV-02252,77084,0.05629127253257184,0.05629127253257184,1,0.0,Remote-Deny
HARV-02253,77449,0.005841453031879671,0.005841453031879671,0,0.0,Remote-Deny
HARV-02254,77077,0.05631399317406143,0.05631399317406143,1,0.0,Remote-Deny
HARV-02255,77040,0.023003472222222224,0.023003472222222224,1,0.0,Remote-Deny
HARV-02256,77084,0.05629127253257184,0.05629127253257184,1,0.0,Remote-Deny
HARV-02257,77433,0.009332949787451658,0.009332949787451658,0,0.0,Remote-Deny
HARV-02258,77494,0.004935030843942775,0.004935030843942775,0,0.0,Remote-Deny
HARV-02259,77036,0.00867426204039358,0.00867426204039358,0,0.0,Remote-Deny
HARV-02260,77407,0.008085317460317461,0.008085317460317461,0,0.0,Remote-Deny
HARV-02261,77493,0.017057885563837284,0.017057885563837284,0,0.7533,Review
HARV-02262,77449,0.005841453031879671,0.005841453031879671,0,0.0,Remote-Deny
HARV-02263,77429,0.06482328258647588,0.06482328258647588,1,0.0,Remote-Deny
HARV-02264,77493,0.017057885563837284,0.017057885563837284,0,0.0,Remote-Deny
HARV-02265,77407,0.008085317460317461,0.008085317460317461,0,0.0,Remote-Deny
HARV-02266,77450,0.052482670816239925,0.052482670816239925,1,0.0,Remote-Deny
HARV-02267,77079,0.20565767486273576,0.20565767486273576,1,0.0,Remote-Deny
HARV-02268,77433,0.009332949787451658,0.009332949787451658,0,0.0,Remote-Deny
HARV-02269,77494,0.004935030843942775,0.004935030843942775,0,0.0,Remote-Deny
HARV-02270,77433,0.009332949787451658,0.009332949787451658,0,0.0,Remote-Deny
HARV-02271,77077,0.05631399317406143,0.05631399317406143,1,0.0,Remote-Deny
HARV-02272,77074,0.19030222517436068,0.19030222517436068,1,0.0,Remote-Deny
HARV-02273,77494,0.004935030843942775,0.004935030843942775,0,0.0,Remote-Deny
HARV-02274,77429,0.06482328258647588,0.06482328258647588,1,0.0,Remote-Deny
HARV-02275,77095,0.005858093542037679,0.005858093542037679,0,0.0,Remote-Deny
HARV-02276,77077,0.05631399317406143,0.05631399317406143,1,0.0,Remote-Deny
HARV-02277,77088,0.11325141149119894,0.11325141149119894,1,0.0,Remote-Deny
HARV-02278,77433,0.009332949787451658,0.009332949787451658,0,0.0,Remote-Deny
HARV-02279,77449,0.005841453031879671,0.005841453031879671,0,0.0,Remote-Deny
HARV-02280,77080,0.011360297718147096,0.011360297718147096,0,0.0,Remote-Deny
HARV-02281,77449,0.005841453031879671,0.005841453031879671,0,0.0,Remote-Deny
HARV-02282,77036,0.00867426204039358,0.00867426204039358,0,0.0,Remote-Deny
HARV-02283,77064,0.003712429499535946,0.003712429499535946,0,0.0,Remote-Deny
HARV-02284,77433,0.009332949787451658,0.009332949787451658,0,0.0,Remote-Deny
HARV-02285,77407,0.008085317460317461,0.008085317460317461,0,0.0,Remote-Deny
HARV-02286,77493,0.017057885563837284,0.017057885563837284,0,0.0,Remote-Deny
HARV-02287,77450,0.052482670816239925,0.052482670816239925,1,0.0,Remote-Deny
HARV-02288,77407,0.008085317460317461,0.008085317460317461,0,0.0,Remote-Deny
HARV-02289,77024,0.09987458670619086,0.09987458670619086,1,0.0,Remote-Deny
HARV-02290,77083,0.006111202051617831,0.006111202051617831,0,0.0,Remote-Deny
HARV-02291,77449,0.005841453031879671,0.005841453031879671,0,0.0,Remote-Deny
HARV-02293,77494,0.004935030843942775,0.004935030843942775,0,0.0,Remote-Deny
HARV-02294,77066,0.012061513719971858,0.012061513719971858,0,0.0,Remote-Deny
HARV-02295,77083,0.006111202051617831,0.006111202051617831,0,0.0,Remote-Deny
HARV-02296,77433,0.009332949787451658,0.009332949787451658,0,0.0,Remote-Deny
HARV-02297,77066,0.012061513719971858,0.012061513719971858,0,0.0,Remote-Deny
HARV-02298,77429,0.06482328258647588,0.06482328258647588,1,0.0,Remote-Deny
HARV-02299,77079,0.20565767486273576,0.20565767486273576,1,0.0,Remote-Deny
HARV-02300,77449,0.005841453031879671,0.005841453031879671,0,0.0,Remote-Deny
HARV-02301,77493,0.017057885563837284,0.017057885563837284,0,0.0,Remote-Deny
HARV-02302,77072,0.02838533290447089,0.02838533290447089,1,0.0,Remote-Deny
HARV-02303,77086,0.005219605346912795,0.005219605346912795,0,0.0,Remote-Deny
HARV-02304,77082,0.01626283367556468,0.01626283367556468,0,0.0,Remote-Deny
HARV-02306,77036,0.00867426204039358,0.00867426204039358,0,0.0,Remote-Deny
HARV-02307,77494,0.004935030843942775,0.004935030843942775,0,0.0,Remote-Deny
HARV-02308,77055,0.010185185185185186,0.010185185185185186,0,0.0,Remote-Deny
HARV-02309,77449,0.005841453031879671,0.005841453031879671,0,0.0,Remote-Deny
HARV-02310,77041,0.0503968253968254,0.0503968253968254,1,0.0,Remote-Deny
HARV-02311,77082,0.01626283367556468,0.01626283367556468,0,0.0,Remote-Deny
HARV-02312,77095,0.005858093542037679,0.005858093542037679,0,0.0,Remote-Deny
HARV-02313,77493,0.017057885563837284,0.017057885563837284,0,0.0,Remote-Deny
HARV-02314,77449,0.005841453031879671,0.005841453031879671,0,0.0,Remote-Deny
HARV-02315,77064,0.003712429499535946,0.003712429499535946,0,0.0,Remote-Deny
HARV-02316,77406,0.08215403882279274,0.08215403882279274,1,0.0,Remote-Deny
HARV-02317,77063,0.08053251855085115,0.08053251855085115,1,0.0,Remote-Deny
HARV-02318,77494,0.004935030843942775,0.004935030843942775,0,0.0,Remote-Deny
HARV-02319,77083,0.006111202051617831,0.006111202051617831,0,0.0,Remote-Deny
HARV-02320,77407,0.008085317460317461,0.008085317460317461,0,0.0,Remote-Deny
HARV-02321,77493,0.017057885563837284,0.017057885563837284,0,0.0,Remote-Deny
HARV-02322,77036,0.00867426204039358,0.00867426204039358,0,0.0,Remote-Deny
HARV-02323,77070,0.09280478992464128,0.09280478992464128,1,0.0,Remote-Deny
HARV-02324,77493,0.017057885563837284,0.017057885563837284,0,0.0,Remote-Deny
HARV-02326,77065,0.037514853165846206,0.037514853165846206,1,0.0,Remote-Deny
HARV-02327,77449,0.005841453031879671,0.005841453031879671,0,0.0,Remote-Deny
HARV-02328,77064,0.003712429499535946,0.003712429499535946,0,0.0,Remote-Deny
HARV-02329,77494,0.004935030843942775,0.004935030843942775,0,0.0,Remote-Deny
HARV-02330,77441,0.013941940412528648,0.013941940412528648,0,0.0,Remote-Deny
HARV-02331,77429,0.06482328258647588,0.06482328258647588,1,0.0,Remote-Deny
HARV-02333,77095,0.005858093542037679,0.005858093542037679,0,0.0,Remote-Deny
HARV-02334,77449,0.005841453031879671,0.005841453031879671,0,0.0,Remote-Deny
HARV-02335,77433,0.009332949787451658,0.009332949787451658,0,0.0,Remote-Deny
HARV-02336,77065,0.037514853165846206,0.037514853165846206,1,0.0,Remote-Deny
HARV-02337,77014,0.003607044345427541,0.003607044345427541,0,0.0,Remote-Deny
HARV-02338,77014,0.003607044345427541,0.003607044345427541,0,0.0,Remote-Deny
HARV-02339,77070,0.09280478992464128,0.09280478992464128,1,0.0,Remote-Deny
HARV-02341,77407,0.008085317460317461,0.008085317460317461,0,0.0,Remote-Deny
HARV-02342,77429,0.06482328258647588,0.06482328258647588,1,0.0,Remote-Deny
HARV-02343,77429,0.06482328258647588,0.06482328258647588,1,0.0,Remote-Deny
HARV-02344,77084,0.05629127253257184,0.05629127253257184,1,0.0,Remote-Deny
HARV-02346,77014,0.003607044345427541,0.003607044345427541,0,0.0,Remote-Deny
HARV-02347,77493,0.017057885563837284,0.017057885563837284,0,0.0,Remote-Deny
HARV-02349,77040,0.023003472222222224,0.023003472222222224,1,0.0,Remote-Deny
HARV-02350,77084,0.05629127253257184,0.05629127253257184,1,0.0,Remote-Deny
HARV-02351,77055,0.010185185185185186,0.010185185185185186,0,0.0,Remote-Deny
HARV-02352,77450,0.052482670816239925,0.052482670816239925,1,0.0,Remote-Deny
HARV-02353,77079,0.20565767486273576,0.20565767486273576,1,0.0,Remote-Deny
HARV-02354,77088,0.11325141149119894,0.11325141149119894,1,0.0,Remote-Deny
HARV-02355,77095,0.005858093542037679,0.005858093542037679,0,0.0,Remote-Deny
HARV-02356,77070,0.09280478992464128,0.09280478992464128,1,0.0,Remote-Deny
HARV-02357,77493,0.017057885563837284,0.017057885563837284,0,0.0,Remote-Deny
HARV-02358,77493,0.017057885563837284,0.017057885563837284,0,0.0,Remote-Deny
HARV-02359,77407,0.008085317460317461,0.008085317460317461,0,0.0,Remote-Deny
HARV-02360,77494,0.004935030843942775,0.004935030843942775,0,0.0,Remote-Deny
HARV-02361,77066,0.012061513719971858,0.012061513719971858,0,0.0,Remote-Deny
HARV-02362,77084,0.05629127253257184,0.05629127253257184,1,0.0,Remote-Deny
HARV-02363,77040,0.023003472222222224,0.023003472222222224,1,0.0,Remote-Deny
HARV-02364,77066,0.012061513719971858,0.012061513719971858,0,0.0,Remote-Deny
HARV-02365,77036,0.00867426204039358,0.00867426204039358,0,0.0,Remote-Deny
HARV-02366,77433,0.009332949787451658,0.009332949787451658,0,0.0,Remote-Deny
HARV-02367,77494,0.004935030843942775,0.004935030843942775,0,0.0,Remote-Deny
HARV-02368,77449,0.005841453031879671,0.005841453031879671,0,0.0,Remote-Deny
HARV-02369,77072,0.02838533290447089,0.02838533290447089,1,0.0,Remote-Deny
HARV-02370,77064,0.003712429499535946,0.003712429499535946,0,0.0,Remote-Deny
HARV-02371,77450,0.052482670816239925,0.052482670816239925,1,0.0,Remote-Deny
HARV-02372,77449,0.005841453031879671,0.005841453031879671,0,0.0,Remote-Deny
HARV-02373,77083,0.006111202051617831,0.006111202051617831,0,0.0,Remote-Deny
HARV-02374,77433,0.009332949787451658,0.009332949787451658,0,0.0,Remote-Deny
HARV-02375,77449,0.005841453031879671,0.005841453031879671,0,0.0,Remote-Deny
HARV-02376,77055,0.010185185185185186,0.010185185185185186,0,0.0,Remote-Deny
HARV-02377,77450,0.052482670816239925,0.052482670816239925,1,0.0,Remote-Deny
HARV-02378,77043,0.017116989673221106,0.017116989673221106,0,0.0,Remote-Deny
HARV-02381,77449,0.005841453031879671,0.005841453031879671,0,0.0,Remote-Deny
HARV-02382,77082,0.01626283367556468,0.01626283367556468,0,0.0,Remote-Deny
HARV-02383,77099,0.04039958865873365,0.04039958865873365,1,0.0,Remote-Deny
HARV-02384,77407,0.008085317460317461,0.008085317460317461,0,0.0,Remote-Deny
HARV-02385,77096,0.2997135354499881,0.2997135354499881,1,0.0,Remote-Deny
HARV-02386,77042,0.10466556564822461,0.10466556564822461,1,0.0,Remote-Deny
HARV-02387,77043,0.017116989673221106,0.017116989673221106,0,0.0,Remote-Deny
HARV-02388,77494,0.004935030843942775,0.004935030843942775,0,0.0,Remote-Deny
HARV-02389,77096,0.2997135354499881,0.2997135354499881,1,0.0,Remote-Deny
HARV-02390,77433,0.009332949787451658,0.009332949787451658,0,0.0,Remote-Deny
HARV-02391,77041,0.0503968253968254,0.0503968253968254,1,0.0,Remote-Deny
HARV-02392,77433,0.009332949787451658,0.009332949787451658,0,0.0,Remote-Deny
HARV-02393,77084,0.05629127253257184,0.05629127253257184,1,0.0,Remote-Deny
HARV-02394,77079,0.20565767486273576,0.20565767486273576,1,0.0,Remote-Deny
HARV-02395,77057,0.02477291494632535,0.02477291494632535,1,0.0,Remote-Deny
HARV-02396,77494,0.004935030843942775,0.004935030843942775,0,0.0,Remote-Deny
HARV-02397,77080,0.011360297718147096,0.011360297718147096,0,0.0,Remote-Deny
HARV-02398,77074,0.19030222517436068,0.19030222517436068,1,0.0,Remote-Deny
HARV-02399,77449,0.005841453031879671,0.005841453031879671,0,0.0,Remote-Deny
HARV-02400,77429,0.06482328258647588,0.06482328258647588,1,0.0,Remote-Deny
HARV-02401,77450,0.052482670816239925,0.052482670816239925,1,0.0,Remote-Deny
HARV-02402,77429,0.06482328258647588,0.06482328258647588,1,0.0,Remote-Deny
HARV-02403,77077,0.05631399317406143,0.05631399317406143,1,0.0,Remote-Deny
HARV-02404,77449,0.005841453031879671,0.005841453031879671,0,0.0,Remote-Deny
HARV-02405,77494,0.004935030843942775,0.004935030843942775,0,0.0,Remote-Deny
HARV-02407,77064,0.003712429499535946,0.003712429499535946,0,0.0,Remote-Deny
HARV-02408,77088,0.11325141149119894,0.11325141149119894,1,0.0,Remote-Deny
HARV-02409,77041,0.0503968253968254,0.0503968253968254,1,0.0,Remote-Deny
HARV-02410,77088,0.11325141149119894,0.11325141149119894,1,0.0,Remote-Deny
HARV-02411,77441,0.013941940412528648,0.013941940412528648,0,0.0,Remote-Deny
HARV-02412,77065,0.037514853165846206,0.037514853165846206,1,0.0,Remote-Deny
HARV-02413,77077,0.05631399317406143,0.05631399317406143,1,0.0,Remote-Deny
HARV-02414,77077,0.05631399317406143,0.05631399317406143,1,0.0,Remote-Deny
HARV-02415,77429,0.06482328258647588,0.06482328258647588,1,0.0,Remote-Deny
HARV-02416,77095,0.005858093542037679,0.005858093542037679,0,0.0,Remote-Deny
HARV-02417,77449,0.005841453031879671,0.005841453031879671,0,0.0,Remote-Deny
HARV-02418,77494,0.004935030843942775,0.004935030843942775,0,0.0,Remote-Deny
HARV-02419,77084,0.05629127253257184,0.05629127253257184,1,0.0,Remote-Deny
HARV-02420,77064,0.003712429499535946,0.003712429499535946,0,0.0,Remote-Deny
HARV-02421,77080,0.011360297718147096,0.011360297718147096,0,0.0,Remote-Deny
HARV-02422,77083,0.006111202051617831,0.006111202051617831,0,0.0,Remote-Deny
HARV-02423,77055,0.010185185185185186,0.010185185185185186,0,0.0,Remote-Deny
HARV-02424,77074,0.19030222517436068,0.19030222517436068,1,0.0,Remote-Deny
HARV-02425,77084,0.05629127253257184,0.05629127253257184,1,0.0,Remote-Deny
HARV-02426,77070,0.09280478992464128,0.09280478992464128,1,0.0,Remote-Deny
HARV-02427,77041,0.0503968253968254,0.0503968253968254,1,0.0,Remote-Deny
HARV-02429,77083,0.006111202051617831,0.006111202051617831,0,0.0,Remote-Deny
HARV-02430,77494,0.004935030843942775,0.004935030843942775,0,0.0,Remote-Deny
HARV-02431,77450,0.052482670816239925,0.052482670816239925,1,0.0,Remote-Deny
HARV-02432,77092,0.051518119490695395,0.051518119490695395,1,0.0,Remote-Deny
HARV-02433,77040,0.023003472222222224,0.023003472222222224,1,0.0,Remote-Deny
HARV-02434,77024,0.09987458670619086,0.09987458670619086,1,0.0,Remote-Deny
HARV-02436,77084,0.05629127253257184,0.05629127253257184,1,0.0,Remote-Deny
HARV-02437,77429,0.06482328258647588,0.06482328258647588,1,0.0,Remote-Deny
HARV-02438,77070,0.09280478992464128,0.09280478992464128,1,0.0,Remote-Deny
HARV-02440,77433,0.009332949787451658,0.009332949787451658,0,0.0,Remote-Deny
HARV-02441,77449,0.005841453031879671,0.005841453031879671,0,0.0,Remote-Deny
HARV-02442,77055,0.010185185185185186,0.010185185185185186,0,0.0,Remote-Deny
HARV-02443,77041,0.0503968253968254,0.0503968253968254,1,0.0,Remote-Deny
HARV-02444,77043,0.017116989673221106,0.017116989673221106,0,0.0,Remote-Deny
HARV-02445,77433,0.009332949787451658,0.009332949787451658,0,0.0,Remote-Deny
HARV-02446,77096,0.2997135354499881,0.2997135354499881,1,0.0,Remote-Deny
HARV-02447,77407,0.008085317460317461,0.008085317460317461,0,0.0,Remote-Deny
HARV-02448,77070,0.09280478992464128,0.09280478992464128,1,0.0,Remote-Deny
HARV-02449,77043,0.017116989673221106,0.017116989673221106,0,0.0,Remote-Deny
HARV-02450,77099,0.04039958865873365,0.04039958865873365,1,0.0,Remote-Deny
HARV-02452,77043,0.017116989673221106,0.017116989673221106,0,0.0,Remote-Deny
HARV-02453,77096,0.2997135354499881,0.2997135354499881,1,0.0,Remote-Deny
HARV-02454,77066,0.012061513719971858,0.012061513719971858,0,0.0,Remote-Deny
HARV-02455,77077,0.05631399317406143,0.05631399317406143,1,0.0,Remote-Deny
HARV-02456,77041,0.0503968253968254,0.0503968253968254,1,0.0,Remote-Deny
HARV-02457,77494,0.004935030843942775,0.004935030843942775,0,0.0,Remote-Deny
HARV-02458,77064,0.003712429499535946,0.003712429499535946,0,0.0,Remote-Deny
HARV-02459,77494,0.004935030843942775,0.004935030843942775,0,0.0,Remote-Deny
HARV-02460,77493,0.017057885563837284,0.017057885563837284,0,0.0,Remote-Deny
HARV-02461,77407,0.008085317460317461,0.008085317460317461,0,0.0,Remote-Deny
HARV-02462,77449,0.005841453031879671,0.005841453031879671,0,0.0,Remote-Deny
HARV-02463,77449,0.005841453031879671,0.005841453031879671,0,0.0,Remote-Deny
HARV-02464,77084,0.05629127253257184,0.05629127253257184,1,0.0,Remote-Deny
HARV-02465,77041,0.0503968253968254,0.0503968253968254,1,0.0,Remote-Deny
HARV-02466,77041,0.0503968253968254,0.0503968253968254,1,0.0,Remote-Deny
HARV-02467,77084,0.05629127253257184,0.05629127253257184,1,0.0,Remote-Deny
HARV-02468,77433,0.009332949787451658,0.009332949787451658,0,0.0,Remote-Deny
HARV-02469,77079,0.20565767486273576,0.20565767486273576,1,0.0,Remote-Deny
HARV-02471,77069,0.039105129137868316,0.039105129137868316,1,0.0,Remote-Deny
HARV-02473,77429,0.06482328258647588,0.06482328258647588,1,0.0,Remote-Deny
HARV-02474,77450,0.052482670816239925,0.052482670816239925,1,0.0,Remote-Deny
HARV-02475,77494,0.004935030843942775,0.004935030843942775,0,0.0205,Remote-Deny
HARV-02476,77433,0.009332949787451658,0.009332949787451658,0,0.0,Remote-Deny
HARV-02477,77433,0.009332949787451658,0.009332949787451658,0,0.0,Remote-Deny
HARV-02478,77450,0.052482670816239925,0.052482670816239925,1,0.0,Remote-Deny
HARV-02479,77080,0.011360297718147096,0.011360297718147096,0,0.0,Remote-Deny
HARV-02480,77072,0.02838533290447089,0.02838533290447089,1,0.0,Remote-Deny
HARV-02481,77493,0.017057885563837284,0.017057885563837284,0,0.0,Remote-Deny
HARV-02482,77082,0.01626283367556468,0.01626283367556468,0,0.0,Remote-Deny
HARV-02483,77070,0.09280478992464128,0.09280478992464128,1,0.0,Remote-Deny
HARV-02484,77072,0.02838533290447089,0.02838533290447089,1,0.0,Remote-Deny
HARV-02485,77494,0.004935030843942775,0.004935030843942775,0,0.0,Remote-Deny
HARV-02486,77494,0.004935030843942775,0.004935030843942775,0,0.0,Remote-Deny
HARV-02487,77494,0.004935030843942775,0.004935030843942775,0,0.0,Remote-Deny
HARV-02488,77041,0.0503968253968254,0.0503968253968254,1,0.0,Remote-Deny
HARV-02489,77055,0.010185185185185186,0.010185185185185186,0,0.0,Remote-Deny
HARV-02491,77083,0.006111202051617831,0.006111202051617831,0,0.0,Remote-Deny
HARV-02492,77065,0.037514853165846206,0.037514853165846206,1,0.0,Remote-Deny
HARV-02493,77079,0.20565767486273576,0.20565767486273576,1,0.0,Remote-Deny
HARV-02494,77064,0.003712429499535946,0.003712429499535946,0,0.0,Remote-Deny
HARV-02495,77449,0.005841453031879671,0.005841453031879671,0,0.0,Remote-Deny
HARV-02496,77095,0.005858093542037679,0.005858093542037679,0,0.0,Remote-Deny
HARV-02497,77449,0.005841453031879671,0.005841453031879671,0,0.0,Remote-Deny
HARV-02498,77072,0.02838533290447089,0.02838533290447089,1,0.0,Remote-Deny
HARV-02499,77084,0.05629127253257184,0.05629127253257184,1,0.0,Remote-Deny
HARV-02500,77433,0.009332949787451658,0.009332949787451658,0,0.0,Remote-Deny
HARV-02501,77429,0.06482328258647588,0.06482328258647588,1,0.0,Remote-Deny
HARV-02502,77083,0.006111202051617831,0.006111202051617831,0,0.0,Remote-Deny
HARV-02503,77494,0.004935030843942775,0.004935030843942775,0,0.0,Remote-Deny
HARV-02504,77084,0.05629127253257184,0.05629127253257184,1,0.0,Remote-Deny
HARV-02505,77095,0.005858093542037679,0.005858093542037679,0,0.0,Remote-Deny
HARV-02506,77429,0.06482328258647588,0.06482328258647588,1,0.0,Remote-Deny
HARV-02507,77070,0.09280478992464128,0.09280478992464128,1,0.0,Remote-Deny
HARV-02508,77441,0.013941940412528648,0.013941940412528648,0,0.0,Remote-Deny
HARV-02509,77433,0.009332949787451658,0.009332949787451658,0,0.0,Remote-Deny
HARV-02510,77064,0.003712429499535946,0.003712429499535946,0,0.0,Remote-Deny
HARV-02511,77429,0.06482328258647588,0.06482328258647588,1,0.0,Remote-Deny
HARV-02512,77493,0.017057885563837284,0.017057885563837284,0,0.0,Remote-Deny
HARV-02513,77069,0.039105129137868316,0.039105129137868316,1,0.0,Remote-Deny
HARV-02514,77449,0.005841453031879671,0.005841453031879671,0,0.0,Remote-Deny
HARV-02515,77096,0.2997135354499881,0.2997135354499881,1,0.0,Remote-Deny
HARV-02516,77040,0.023003472222222224,0.023003472222222224,1,0.0,Remote-Deny
HARV-02517,77066,0.012061513719971858,0.012061513719971858,0,0.0,Remote-Deny
HARV-02518,77079,0.20565767486273576,0.20565767486273576,1,0.0,Remote-Deny
HARV-02519,77057,0.02477291494632535,0.02477291494632535,1,0.0,Remote-Deny
HARV-02520,77493,0.017057885563837284,0.017057885563837284,0,0.0,Remote-Deny
HARV-02521,77407,0.008085317460317461,0.008085317460317461,0,0.0,Remote-Deny
HARV-02522,77433,0.009332949787451658,0.009332949787451658,0,0.0,Remote-Deny
HARV-02523,77088,0.11325141149119894,0.11325141149119894,1,0.0,Remote-Deny
HARV-02524,77080,0.011360297718147096,0.011360297718147096,0,0.0,Remote-Deny
HARV-02525,77077,0.05631399317406143,0.05631399317406143,1,0.0,Remote-Deny
HARV-02526,77494,0.004935030843942775,0.004935030843942775,0,0.0,Remote-Deny
HARV-02527,77080,0.011360297718147096,0.011360297718147096,0,0.0,Remote-Deny
HARV-02528,77077,0.05631399317406143,0.05631399317406143,1,0.0,Remote-Deny
HARV-02529,77066,0.012061513719971858,0.012061513719971858,0,0.0,Remote-Deny
HARV-02530,77449,0.005841453031879671,0.005841453031879671,0,0.0,Remote-Deny
HARV-02531,77429,0.06482328258647588,0.06482328258647588,1,0.0,Remote-Deny
HARV-02532,77494,0.004935030843942775,0.004935030843942775,0,0.0,Remote-Deny
HARV-02533,77493,0.017057885563837284,0.017057885563837284,0,0.0,Remote-Deny
HARV-02534,77406,0.08215403882279274,0.08215403882279274,1,0.0,Remote-Deny
HARV-02535,77429,0.06482328258647588,0.06482328258647588,1,0.0,Remote-Deny
HARV-02537,77092,0.051518119490695395,0.051518119490695395,1,0.0,Remote-Deny
HARV-02538,77074,0.19030222517436068,0.19030222517436068,1,0.0,Remote-Deny
HARV-02539,77083,0.006111202051617831,0.006111202051617831,0,0.0,Remote-Deny
HARV-02540,77494,0.004935030843942775,0.004935030843942775,0,0.0,Remote-Deny
HARV-02542,77429,0.06482328258647588,0.06482328258647588,1,0.0,Remote-Deny
HARV-02543,77494,0.004935030843942775,0.004935030843942775,0,0.0,Remote-Deny
HARV-02544,77036,0.00867426204039358,0.00867426204039358,0,0.0,Remote-Deny
HARV-02545,77072,0.02838533290447089,0.02838533290447089,1,0.0,Remote-Deny
HARV-02546,77084,0.05629127253257184,0.05629127253257184,1,0.0,Remote-Deny
HARV-02547,77080,0.011360297718147096,0.011360297718147096,0,0.0,Remote-Deny
HARV-02548,77055,0.010185185185185186,0.010185185185185186,0,0.0,Remote-Deny
HARV-02549,77079,0.20565767486273576,0.20565767486273576,1,0.0,Remote-Deny
HARV-02550,77429,0.06482328258647588,0.06482328258647588,1,0.0,Remote-Deny
HARV-02551,77096,0.2997135354499881,0.2997135354499881,1,0.0,Remote-Deny
HARV-02552,77083,0.006111202051617831,0.006111202051617831,0,0.0,Remote-Deny
HARV-02553,77041,0.0503968253968254,0.0503968253968254,1,0.0,Remote-Deny
HARV-02554,77083,0.006111202051617831,0.006111202051617831,0,0.0,Remote-Deny
HARV-02555,77095,0.005858093542037679,0.005858093542037679,0,0.0,Remote-Deny
HARV-02556,77494,0.004935030843942775,0.004935030843942775,0,0.0,Remote-Deny
HARV-02557,77433,0.009332949787451658,0.009332949787451658,0,0.0,Remote-Deny
HARV-02558,77449,0.005841453031879671,0.005841453031879671,0,0.0,Remote-Deny
HARV-02559,77095,0.005858093542037679,0.005858093542037679,0,0.0,Remote-Deny
HARV-02560,77095,0.005858093542037679,0.005858093542037679,0,0.0,Remote-Deny
HARV-02561,77088,0.11325141149119894,0.11325141149119894,1,0.0,Remote-Deny
HARV-02562,77080,0.011360297718147096,0.011360297718147096,0,0.0,Remote-Deny
HARV-02563,77084,0.05629127253257184,0.05629127253257184,1,0.0,Remote-Deny
HARV-02564,77433,0.009332949787451658,0.009332949787451658,0,0.0,Remote-Deny
HARV-02565,77429,0.06482328258647588,0.06482328258647588,1,0.0,Remote-Deny
HARV-02566,77095,0.005858093542037679,0.005858093542037679,0,0.0,Remote-Deny
HARV-02570,77036,0.00867426204039358,0.00867426204039358,0,0.0,Remote-Deny
HARV-02571,77095,0.005858093542037679,0.005858093542037679,0,0.0,Remote-Deny
HARV-02572,77441,0.013941940412528648,0.013941940412528648,0,0.0,Remote-Deny
HARV-02573,77095,0.005858093542037679,0.005858093542037679,0,0.0,Remote-Deny
HARV-02574,77070,0.09280478992464128,0.09280478992464128,1,0.0,Remote-Deny
HARV-02576,77040,0.023003472222222224,0.023003472222222224,1,0.0,Remote-Deny
HARV-02577,77069,0.039105129137868316,0.039105129137868316,1,0.0,Remote-Deny
HARV-02578,77024,0.09987458670619086,0.09987458670619086,1,0.0,Remote-Deny
HARV-02579,77493,0.017057885563837284,0.017057885563837284,0,0.0,Remote-Deny
HARV-02580,77449,0.005841453031879671,0.005841453031879671,0,0.0,Remote-Deny
HARV-02581,77429,0.06482328258647588,0.06482328258647588,1,0.0,Remote-Deny
HARV-02582,77082,0.01626283367556468,0.01626283367556468,0,0.0,Remote-Deny
HARV-02583,77084,0.05629127253257184,0.05629127253257184,1,0.0,Remote-Deny
HARV-02584,77079,0.20565767486273576,0.20565767486273576,1,0.0,Remote-Deny
HARV-02585,77084,0.05629127253257184,0.05629127253257184,1,0.0,Remote-Deny
HARV-02586,77083,0.006111202051617831,0.006111202051617831,0,0.0,Remote-Deny
HARV-02588,77449,0.005841453031879671,0.005841453031879671,0,0.0,Remote-Deny
HARV-02589,77493,0.017057885563837284,0.017057885563837284,0,0.0,Remote-Deny
HARV-02590,77043,0.017116989673221106,0.017116989673221106,0,0.0,Remote-Deny
HARV-02591,77055,0.010185185185185186,0.010185185185185186,0,0.0,Remote-Deny
HARV-02592,77084,0.05629127253257184,0.05629127253257184,1,0.0,Remote-Deny
HARV-02593,77406,0.08215403882279274,0.08215403882279274,1,0.0,Remote-Deny
HARV-02594,77449,0.005841453031879671,0.005841453031879671,0,0.0,Remote-Deny
HARV-02595,77066,0.012061513719971858,0.012061513719971858,0,0.0,Remote-Deny
HARV-02596,77095,0.005858093542037679,0.005858093542037679,0,0.0,Remote-Deny
HARV-02597,77493,0.017057885563837284,0.017057885563837284,0,0.0,Remote-Deny
HARV-02598,77449,0.005841453031879671,0.005841453031879671,0,0.0,Remote-Deny
HARV-02599,77055,0.010185185185185186,0.010185185185185186,0,0.0,Remote-Deny
HARV-02600,77433,0.009332949787451658,0.009332949787451658,0,0.0,Remote-Deny
HARV-02601,77433,0.009332949787451658,0.009332949787451658,0,0.0,Remote-Deny
HARV-02602,77043,0.017116989673221106,0.017116989673221106,0,0.0,Remote-Deny
HARV-02603,77069,0.039105129137868316,0.039105129137868316,1,0.0,Remote-Deny
HARV-02604,77084,0.05629127253257184,0.05629127253257184,1,0.0,Remote-Deny
HARV-02605,77441,0.013941940412528648,0.013941940412528648,0,0.0,Remote-Deny
HARV-02606,77040,0.023003472222222224,0.023003472222222224,1,0.0,Remote-Deny
HARV-02607,77041,0.0503968253968254,0.0503968253968254,1,0.0,Remote-Deny
HARV-02609,77084,0.05629127253257184,0.05629127253257184,1,0.0,Remote-Deny
HARV-02610,77057,0.02477291494632535,0.02477291494632535,1,0.0,Remote-Deny
HARV-02611,77042,0.10466556564822461,0.10466556564822461,1,0.0,Remote-Deny
HARV-02612,77066,0.012061513719971858,0.012061513719971858,0,0.0,Remote-Deny
HARV-02613,77095,0.005858093542037679,0.005858093542037679,0,0.0,Remote-Deny
HARV-02614,77449,0.005841453031879671,0.005841453031879671,0,0.0,Remote-Deny
HARV-02615,77024,0.09987458670619086,0.09987458670619086,1,0.0,Remote-Deny
HARV-02616,77095,0.005858093542037679,0.005858093542037679,0,0.0,Remote-Deny
HARV-02617,77449,0.005841453031879671,0.005841453031879671,0,0.0,Remote-Deny
HARV-02618,77077,0.05631399317406143,0.05631399317406143,1,0.0,Remote-Deny
HARV-02619,77407,0.008085317460317461,0.008085317460317461,0,0.0,Remote-Deny
HARV-02620,77433,0.009332949787451658,0.009332949787451658,0,0.0,Remote-Deny
HARV-02621,77086,0.005219605346912795,0.005219605346912795,0,0.0,Remote-Deny
HARV-02623,77494,0.004935030843942775,0.004935030843942775,0,0.0,Remote-Deny
HARV-02624,77066,0.012061513719971858,0.012061513719971858,0,0.0,Remote-Deny
HARV-02625,77082,0.01626283367556468,0.01626283367556468,0,0.0,Remote-Deny
HARV-02626,77074,0.19030222517436068,0.19030222517436068,1,0.0,Remote-Deny
HARV-02627,77042,0.10466556564822461,0.10466556564822461,1,0.0,Remote-Deny
HARV-02629,77406,0.08215403882279274,0.08215403882279274,1,0.0,Remote-Deny
HARV-02630,77429,0.06482328258647588,0.06482328258647588,1,0.0,Remote-Deny
HARV-02631,77406,0.08215403882279274,0.08215403882279274,1,0.0,Remote-Deny
HARV-02632,77084,0.05629127253257184,0.05629127253257184,1,0.0,Remote-Deny
HARV-02633,77077,0.05631399317406143,0.05631399317406143,1,0.0,Remote-Deny
HARV-02634,77494,0.004935030843942775,0.004935030843942775,0,0.0,Remote-Deny
HARV-02635,77064,0.003712429499535946,0.003712429499535946,0,0.0,Remote-Deny
HARV-02636,77084,0.05629127253257184,0.05629127253257184,1,0.0,Remote-Deny
HARV-02637,77066,0.012061513719971858,0.012061513719971858,0,0.0,Remote-Deny
HARV-02639,77077,0.05631399317406143,0.05631399317406143,1,0.0,Remote-Deny
HARV-02640,77064,0.003712429499535946,0.003712429499535946,0,0.0,Remote-Deny
HARV-02641,77095,0.005858093542037679,0.005858093542037679,0,0.0,Remote-Deny
HARV-02642,77084,0.05629127253257184,0.05629127253257184,1,0.0,Remote-Deny
HARV-02643,77072,0.02838533290447089,0.02838533290447089,1,0.0,Remote-Deny
HARV-02644,77043,0.017116989673221106,0.017116989673221106,0,0.0,Remote-Deny
HARV-02645,77084,0.05629127253257184,0.05629127253257184,1,0.0,Remote-Deny
HARV-02646,77092,0.051518119490695395,0.051518119490695395,1,0.0,Remote-Deny
HARV-02647,77433,0.009332949787451658,0.009332949787451658,0,0.0,Remote-Deny
HARV-02648,77449,0.005841453031879671,0.005841453031879671,0,0.0,Remote-Deny
HARV-02649,77080,0.011360297718147096,0.011360297718147096,0,0.0,Remote-Deny
HARV-02650,77449,0.005841453031879671,0.005841453031879671,0,0.0,Remote-Deny
HARV-02651,77043,0.017116989673221106,0.017116989673221106,0,0.0,Remote-Deny
HARV-02652,77429,0.06482328258647588,0.06482328258647588,1,0.0,Remote-Deny
HARV-02653,77055,0.010185185185185186,0.010185185185185186,0,0.0,Remote-Deny
HARV-02654,77494,0.004935030843942775,0.004935030843942775,0,0.0,Remote-Deny
HARV-02655,77088,0.11325141149119894,0.11325141149119894,1,0.0,Remote-Deny
HARV-02656,77494,0.004935030843942775,0.004935030843942775,0,0.0,Remote-Deny
HARV-02657,77041,0.0503968253968254,0.0503968253968254,1,0.0,Remote-Deny
HARV-02658,77083,0.006111202051617831,0.006111202051617831,0,0.0,Remote-Deny
HARV-02659,77040,0.023003472222222224,0.023003472222222224,1,0.0,Remote-Deny
HARV-02660,77429,0.06482328258647588,0.06482328258647588,1,0.0,Remote-Deny
HARV-02661,77080,0.011360297718147096,0.011360297718147096,0,0.0,Remote-Deny
HARV-02662,77070,0.09280478992464128,0.09280478992464128,1,0.0,Remote-Deny
HARV-02663,77433,0.009332949787451658,0.009332949787451658,0,0.0,Remote-Deny
HARV-02664,77069,0.039105129137868316,0.039105129137868316,1,0.0,Remote-Deny
HARV-02665,77036,0.00867426204039358,0.00867426204039358,0,0.0,Remote-Deny
HARV-02666,77407,0.008085317460317461,0.008085317460317461,0,0.0,Remote-Deny
HARV-02667,77449,0.005841453031879671,0.005841453031879671,0,0.0,Remote-Deny
HARV-02668,77043,0.017116989673221106,0.017116989673221106,0,0.0,Remote-Deny
HARV-02669,77406,0.08215403882279274,0.08215403882279274,1,0.0,Remote-Deny
HARV-02670,77063,0.08053251855085115,0.08053251855085115,1,0.0,Remote-Deny
HARV-02671,77042,0.10466556564822461,0.10466556564822461,1,0.0,Remote-Deny
HARV-02672,77494,0.004935030843942775,0.004935030843942775,0,0.0,Remote-Deny
HARV-02673,77064,0.003712429499535946,0.003712429499535946,0,0.0,Remote-Deny
HARV-02674,77441,0.013941940412528648,0.013941940412528648,0,0.0,Remote-Deny
HARV-02675,77095,0.005858093542037679,0.005858093542037679,0,0.0,Remote-Deny
HARV-02676,77493,0.017057885563837284,0.017057885563837284,0,0.0,Remote-Deny
HARV-02677,77084,0.05629127253257184,0.05629127253257184,1,0.0,Remote-Deny
HARV-02678,77407,0.008085317460317461,0.008085317460317461,0,0.0,Remote-Deny
HARV-02679,77084,0.05629127253257184,0.05629127253257184,1,0.0,Remote-Deny
HARV-02680,77449,0.005841453031879671,0.005841453031879671,0,0.0,Remote-Deny
HARV-02681,77083,0.006111202051617831,0.006111202051617831,0,0.0,Remote-Deny
HARV-02682,77055,0.010185185185185186,0.010185185185185186,0,0.0,Remote-Deny
HARV-02684,77055,0.010185185185185186,0.010185185185185186,0,0.0,Remote-Deny
HARV-02685,77449,0.005841453031879671,0.005841453031879671,0,0.0,Remote-Deny
HARV-02686,77429,0.06482328258647588,0.06482328258647588,1,0.0,Remote-Deny
HARV-02687,77433,0.009332949787451658,0.009332949787451658,0,0.0,Remote-Deny
HARV-02688,77450,0.052482670816239925,0.052482670816239925,1,0.0,Remote-Deny
HARV-02689,77494,0.004935030843942775,0.004935030843942775,0,0.0,Remote-Deny
HARV-02690,77095,0.005858093542037679,0.005858093542037679,0,0.0,Remote-Deny
HARV-02691,77494,0.004935030843942775,0.004935030843942775,0,0.0,Remote-Deny
HARV-02692,77083,0.006111202051617831,0.006111202051617831,0,0.0,Remote-Deny
HARV-02693,77088,0.11325141149119894,0.11325141149119894,1,0.0,Remote-Deny
HARV-02694,77449,0.005841453031879671,0.005841453031879671,0,0.0,Remote-Deny
HARV-02695,77042,0.10466556564822461,0.10466556564822461,1,0.0,Remote-Deny
HARV-02696,77041,0.0503968253968254,0.0503968253968254,1,0.0,Remote-Deny
HARV-02697,77449,0.005841453031879671,0.005841453031879671,0,0.0,Remote-Deny
HARV-02698,77070,0.09280478992464128,0.09280478992464128,1,0.0,Remote-Deny
HARV-02699,77088,0.11325141149119894,0.11325141149119894,1,0.0,Remote-Deny
HARV-02700,77433,0.009332949787451658,0.009332949787451658,0,0.0,Remote-Deny
HARV-02701,77095,0.005858093542037679,0.005858093542037679,0,0.0,Remote-Deny
HARV-02702,77096,0.2997135354499881,0.2997135354499881,1,0.0,Review
HARV-02703,77450,0.052482670816239925,0.052482670816239925,1,0.0,Remote-Deny
HARV-02704,77433,0.009332949787451658,0.009332949787451658,0,0.0,Remote-Deny
HARV-02705,77083,0.006111202051617831,0.006111202051617831,0,0.0,Remote-Deny
HARV-02706,77084,0.05629127253257184,0.05629127253257184,1,0.0,Remote-Deny
HARV-02707,77064,0.003712429499535946,0.003712429499535946,0,0.0,Remote-Deny
HARV-02708,77082,0.01626283367556468,0.01626283367556468,0,0.0,Remote-Deny
HARV-02709,77072,0.02838533290447089,0.02838533290447089,1,0.0,Remote-Deny
HARV-02710,77449,0.005841453031879671,0.005841453031879671,0,0.0,Remote-Deny
HARV-02711,77494,0.004935030843942775,0.004935030843942775,0,0.0,Remote-Deny
HARV-02712,77494,0.004935030843942775,0.004935030843942775,0,0.0,Remote-Deny
HARV-02713,77043,0.017116989673221106,0.017116989673221106,0,0.0,Remote-Deny
HARV-02714,77070,0.09280478992464128,0.09280478992464128,1,0.0,Remote-Deny
HARV-02715,77069,0.039105129137868316,0.039105129137868316,1,0.0,Remote-Deny
HARV-02716,77024,0.09987458670619086,0.09987458670619086,1,0.0,Remote-Deny
HARV-02717,77494,0.004935030843942775,0.004935030843942775,0,0.0,Remote-Deny
HARV-02718,77407,0.008085317460317461,0.008085317460317461,0,0.0,Remote-Deny
HARV-02719,77077,0.05631399317406143,0.05631399317406143,1,0.0,Remote-Deny
HARV-02720,77074,0.19030222517436068,0.19030222517436068,1,0.0,Remote-Deny
HARV-02721,77429,0.06482328258647588,0.06482328258647588,1,0.0,Remote-Deny
HARV-02722,77407,0.008085317460317461,0.008085317460317461,0,0.0,Remote-Deny
HARV-02723,77083,0.006111202051617831,0.006111202051617831,0,0.0,Remote-Deny
HARV-02724,77449,0.005841453031879671,0.005841453031879671,0,0.0,Remote-Deny
HARV-02725,77494,0.004935030843942775,0.004935030843942775,0,0.0,Remote-Deny
HARV-02726,77070,0.09280478992464128,0.09280478992464128,1,0.0,Remote-Deny
HARV-02727,77043,0.017116989673221106,0.017116989673221106,0,0.0,Remote-Deny
HARV-02728,77493,0.017057885563837284,0.017057885563837284,0,0.0,Remote-Deny
HARV-02729,77077,0.05631399317406143,0.05631399317406143,1,0.0,Remote-Deny
HARV-02730,77041,0.0503968253968254,0.0503968253968254,1,0.0,Remote-Deny
HARV-02731,77433,0.009332949787451658,0.009332949787451658,0,0.0,Remote-Deny
HARV-02732,77433,0.009332949787451658,0.009332949787451658,0,0.0,Remote-Deny
HARV-02733,77024,0.09987458670619086,0.09987458670619086,1,0.0,Review
HARV-02734,77407,0.008085317460317461,0.008085317460317461,0,0.0,Remote-Deny
HARV-02735,77083,0.006111202051617831,0.006111202051617831,0,0.0,Remote-Deny
HARV-02736,77494,0.004935030843942775,0.004935030843942775,0,0.0,Remote-Deny
HARV-02737,77493,0.017057885563837284,0.017057885563837284,0,0.0,Remote-Deny
HARV-02738,77042,0.10466556564822461,0.10466556564822461,1,0.0,Review
HARV-02739,77040,0.023003472222222224,0.023003472222222224,1,0.0,Remote-Deny
HARV-02740,77493,0.017057885563837284,0.017057885563837284,0,0.0,Remote-Deny
HARV-02741,77036,0.00867426204039358,0.00867426204039358,0,0.0,Remote-Deny
HARV-02742,77494,0.004935030843942775,0.004935030843942775,0,0.0,Remote-Deny
HARV-02744,77066,0.012061513719971858,0.012061513719971858,0,0.0,Remote-Deny
HARV-02745,77095,0.005858093542037679,0.005858093542037679,0,0.0,Remote-Deny
HARV-02746,77429,0.06482328258647588,0.06482328258647588,1,0.0,Remote-Deny
HARV-02747,77494,0.004935030843942775,0.004935030843942775,0,0.0,Remote-Deny
HARV-02748,77095,0.005858093542037679,0.005858093542037679,0,0.0,Remote-Deny
HARV-02749,77079,0.20565767486273576,0.20565767486273576,1,0.0,Remote-Deny
HARV-02750,77080,0.011360297718147096,0.011360297718147096,0,0.0,Remote-Deny
HARV-02751,77429,0.06482328258647588,0.06482328258647588,1,0.0,Remote-Deny
HARV-02754,77494,0.004935030843942775,0.004935030843942775,0,0.0,Remote-Deny
HARV-02755,77040,0.023003472222222224,0.023003472222222224,1,0.0,Remote-Deny
HARV-02756,77024,0.09987458670619086,0.09987458670619086,1,0.0,Remote-Deny
HARV-02757,77072,0.02838533290447089,0.02838533290447089,1,0.0,Remote-Deny
HARV-02758,77072,0.02838533290447089,0.02838533290447089,1,0.0,Remote-Deny
HARV-02759,77407,0.008085317460317461,0.008085317460317461,0,0.0,Remote-Deny
HARV-02760,77407,0.008085317460317461,0.008085317460317461,0,0.0,Remote-Deny
HARV-02761,77084,0.05629127253257184,0.05629127253257184,1,0.0,Remote-Deny
HARV-02762,77493,0.017057885563837284,0.017057885563837284,0,0.0,Remote-Deny
HARV-02763,77450,0.052482670816239925,0.052482670816239925,1,0.0,Remote-Deny
HARV-02764,77084,0.05629127253257184,0.05629127253257184,1,0.0,Remote-Deny
HARV-02765,77494,0.004935030843942775,0.004935030843942775,0,0.0,Remote-Deny
HARV-02766,77064,0.003712429499535946,0.003712429499535946,0,0.0,Remote-Deny
HARV-02767,77077,0.05631399317406143,0.05631399317406143,1,0.0,Remote-Deny
HARV-02768,77084,0.05629127253257184,0.05629127253257184,1,0.0,Remote-Deny
HARV-02769,77082,0.01626283367556468,0.01626283367556468,0,0.0,Remote-Deny
HARV-02770,77079,0.20565767486273576,0.20565767486273576,1,0.0,Remote-Deny
HARV-02771,77099,0.04039958865873365,0.04039958865873365,1,0.0,Remote-Deny
HARV-02772,77494,0.004935030843942775,0.004935030843942775,0,0.0,Remote-Deny
HARV-02773,77077,0.05631399317406143,0.05631399317406143,1,0.0,Remote-Deny
HARV-02774,77066,0.012061513719971858,0.012061513719971858,0,0.0,Remote-Deny
HARV-02775,77070,0.09280478992464128,0.09280478992464128,1,0.0,Remote-Deny
HARV-02776,77077,0.05631399317406143,0.05631399317406143,1,0.0,Remote-Deny
HARV-02777,77084,0.05629127253257184,0.05629127253257184,1,0.0,Remote-Deny
HARV-02778,77095,0.005858093542037679,0.005858093542037679,0,0.0,Remote-Deny
HARV-02779,77449,0.005841453031879671,0.005841453031879671,0,0.0,Remote-Deny
HARV-02780,77095,0.005858093542037679,0.005858093542037679,0,0.0,Remote-Deny
HARV-02781,77057,0.02477291494632535,0.02477291494632535,1,0.0,Remote-Deny
HARV-02783,77449,0.005841453031879671,0.005841453031879671,0,0.0,Remote-Deny
HARV-02784,77064,0.003712429499535946,0.003712429499535946,0,0.0,Remote-Deny
HARV-02785,77494,0.004935030843942775,0.004935030843942775,0,0.0,Remote-Deny
HARV-02786,77493,0.017057885563837284,0.017057885563837284,0,0.0,Remote-Deny
HARV-02787,77494,0.004935030843942775,0.004935030843942775,0,0.0,Remote-Deny
HARV-02788,77024,0.09987458670619086,0.09987458670619086,1,0.0,Remote-Deny
HARV-02789,77065,0.037514853165846206,0.037514853165846206,1,0.0,Remote-Deny
HARV-02790,77493,0.017057885563837284,0.017057885563837284,0,0.0,Remote-Deny
HARV-02791,77083,0.006111202051617831,0.006111202051617831,0,0.0,Remote-Deny
HARV-02792,77057,0.02477291494632535,0.02477291494632535,1,0.0,Remote-Deny
HARV-02793,77429,0.06482328258647588,0.06482328258647588,1,0.0,Remote-Deny
HARV-02794,77070,0.09280478992464128,0.09280478992464128,1,0.0,Remote-Deny
HARV-02795,77449,0.005841453031879671,0.005841453031879671,0,0.0,Remote-Deny
HARV-02796,77083,0.006111202051617831,0.006111202051617831,0,0.0,Remote-Deny
HARV-02797,77494,0.004935030843942775,0.004935030843942775,0,0.0,Remote-Deny
HARV-02798,77450,0.052482670816239925,0.052482670816239925,1,0.0,Remote-Deny
HARV-02799,77014,0.003607044345427541,0.003607044345427541,0,0.0,Remote-Deny
HARV-02800,77449,0.005841453031879671,0.005841453031879671,0,0.0,Remote-Deny
HARV-02802,77095,0.005858093542037679,0.005858093542037679,0,0.0,Remote-Deny
HARV-02803,77065,0.037514853165846206,0.037514853165846206,1,0.0,Remote-Deny
HARV-02804,77450,0.052482670816239925,0.052482670816239925,1,0.0,Remote-Deny
HARV-02805,77064,0.003712429499535946,0.003712429499535946,0,0.0,Remote-Deny
HARV-02806,77041,0.0503968253968254,0.0503968253968254,1,0.0,Remote-Deny
HARV-02807,77099,0.04039958865873365,0.04039958865873365,1,0.0,Remote-Deny
HARV-02808,77433,0.009332949787451658,0.009332949787451658,0,0.0,Remote-Deny
HARV-02809,77084,0.05629127253257184,0.05629127253257184,1,0.0,Remote-Deny
HARV-02810,77077,0.05631399317406143,0.05631399317406143,1,0.0,Remote-Deny
HARV-02811,77024,0.09987458670619086,0.09987458670619086,1,0.0,Remote-Deny
HARV-02812,77084,0.05629127253257184,0.05629127253257184,1,0.0,Remote-Deny
HARV-02815,77407,0.008085317460317461,0.008085317460317461,0,0.0,Remote-Deny
HARV-02816,77084,0.05629127253257184,0.05629127253257184,1,0.0,Remote-Deny
HARV-02817,77040,0.023003472222222224,0.023003472222222224,1,0.0,Remote-Deny
HARV-02818,77055,0.010185185185185186,0.010185185185185186,0,0.0,Remote-Deny
HARV-02819,77083,0.006111202051617831,0.006111202051617831,0,0.0,Remote-Deny
HARV-02820,77088,0.11325141149119894,0.11325141149119894,1,0.0,Remote-Deny
HARV-02821,77041,0.0503968253968254,0.0503968253968254,1,0.0,Remote-Deny
HARV-02822,77088,0.11325141149119894,0.11325141149119894,1,0.0,Remote-Deny
HARV-02823,77065,0.037514853165846206,0.037514853165846206,1,0.0,Remote-Deny
HARV-02824,77092,0.051518119490695395,0.051518119490695395,1,0.0,Remote-Deny
HARV-02825,77072,0.02838533290447089,0.02838533290447089,1,0.0,Remote-Deny
HARV-02826,77096,0.2997135354499881,0.2997135354499881,1,0.0,Remote-Deny
HARV-02827,77099,0.04039958865873365,0.04039958865873365,1,0.0,Remote-Deny
HARV-02828,77043,0.017116989673221106,0.017116989673221106,0,0.0,Remote-Deny
HARV-02829,77493,0.017057885563837284,0.017057885563837284,0,0.0,Remote-Deny
HARV-02830,77493,0.017057885563837284,0.017057885563837284,0,0.0,Remote-Deny
HARV-02832,77043,0.017116989673221106,0.017116989673221106,0,0.0,Remote-Deny
HARV-02833,77041,0.0503968253968254,0.0503968253968254,1,0.0,Remote-Deny
HARV-02834,77084,0.05629127253257184,0.05629127253257184,1,0.0,Remote-Deny
HARV-02835,77493,0.017057885563837284,0.017057885563837284,0,0.0,Remote-Deny
HARV-02836,77494,0.004935030843942775,0.004935030843942775,0,0.0,Remote-Deny
HARV-02837,77095,0.005858093542037679,0.005858093542037679,0,0.0,Remote-Deny
HARV-02838,77064,0.003712429499535946,0.003712429499535946,0,0.0,Remote-Deny
HARV-02839,77072,0.02838533290447089,0.02838533290447089,1,0.0,Remote-Deny
HARV-02841,77080,0.011360297718147096,0.011360297718147096,0,0.0,Remote-Deny
HARV-02842,77040,0.023003472222222224,0.023003472222222224,1,0.0,Remote-Deny
HARV-02843,77450,0.052482670816239925,0.052482670816239925,1,0.0,Remote-Deny
HARV-02844,77099,0.04039958865873365,0.04039958865873365,1,0.0,Remote-Deny
HARV-02845,77069,0.039105129137868316,0.039105129137868316,1,0.0,Remote-Deny
HARV-02846,77449,0.005841453031879671,0.005841453031879671,0,0.0,Remote-Deny
HARV-02847,77082,0.01626283367556468,0.01626283367556468,0,0.0,Remote-Deny
HARV-02848,77083,0.006111202051617831,0.006111202051617831,0,0.0,Remote-Deny
HARV-02849,77082,0.01626283367556468,0.01626283367556468,0,0.0,Remote-Deny
HARV-02850,77449,0.005841453031879671,0.005841453031879671,0,0.0,Remote-Deny
HARV-02851,77099,0.04039958865873365,0.04039958865873365,1,0.0,Remote-Deny
HARV-02853,77066,0.012061513719971858,0.012061513719971858,0,0.0,Remote-Deny
HARV-02854,77041,0.0503968253968254,0.0503968253968254,1,0.0,Remote-Deny
HARV-02855,77095,0.005858093542037679,0.005858093542037679,0,0.0,Remote-Deny
HARV-02856,77493,0.017057885563837284,0.017057885563837284,0,0.0,Remote-Deny
HARV-02857,77429,0.06482328258647588,0.06482328258647588,1,0.0,Remote-Deny
HARV-02858,77088,0.11325141149119894,0.11325141149119894,1,0.0,Remote-Deny
HARV-02859,77082,0.01626283367556468,0.01626283367556468,0,0.0,Remote-Deny
HARV-02861,77429,0.06482328258647588,0.06482328258647588,1,0.0,Remote-Deny
HARV-02862,77433,0.009332949787451658,0.009332949787451658,0,0.0,Remote-Deny
HARV-02863,77095,0.005858093542037679,0.005858093542037679,0,0.0,Remote-Deny
HARV-02864,77433,0.009332949787451658,0.009332949787451658,0,0.0,Remote-Deny
HARV-02865,77042,0.10466556564822461,0.10466556564822461,1,0.0,Remote-Deny
HARV-02866,77406,0.08215403882279274,0.08215403882279274,1,0.0,Remote-Deny
HARV-02867,77079,0.20565767486273576,0.20565767486273576,1,0.0,Remote-Deny
HARV-02868,77449,0.005841453031879671,0.005841453031879671,0,0.0,Remote-Deny
HARV-02869,77040,0.023003472222222224,0.023003472222222224,1,0.0,Remote-Deny
HARV-02870,77082,0.01626283367556468,0.01626283367556468,0,0.0,Remote-Deny
HARV-02871,77099,0.04039958865873365,0.04039958865873365,1,0.0,Remote-Deny
HARV-02872,77065,0.037514853165846206,0.037514853165846206,1,0.0,Remote-Deny
HARV-02873,77083,0.006111202051617831,0.006111202051617831,0,0.0,Remote-Deny
HARV-02874,77069,0.039105129137868316,0.039105129137868316,1,0.0,Remote-Deny
HARV-02875,77014,0.003607044345427541,0.003607044345427541,0,0.0,Remote-Deny
HARV-02876,77086,0.005219605346912795,0.005219605346912795,0,0.0,Remote-Deny
HARV-02877,77450,0.052482670816239925,0.052482670816239925,1,0.0,Remote-Deny
HARV-02878,77084,0.05629127253257184,0.05629127253257184,1,0.0,Remote-Deny
HARV-02879,77449,0.005841453031879671,0.005841453031879671,0,0.0,Remote-Deny
HARV-02880,77042,0.10466556564822461,0.10466556564822461,1,0.0,Remote-Deny
HARV-02881,77041,0.0503968253968254,0.0503968253968254,1,0.0,Remote-Deny
HARV-02882,77494,0.004935030843942775,0.004935030843942775,0,0.0,Remote-Deny
HARV-02883,77450,0.052482670816239925,0.052482670816239925,1,0.0,Remote-Deny
HARV-02884,77036,0.00867426204039358,0.00867426204039358,0,0.0,Remote-Deny
HARV-02885,77084,0.05629127253257184,0.05629127253257184,1,0.0,Remote-Deny
HARV-02886,77433,0.009332949787451658,0.009332949787451658,0,0.0,Remote-Deny
HARV-02887,77083,0.006111202051617831,0.006111202051617831,0,0.0,Remote-Deny
HARV-02888,77429,0.06482328258647588,0.06482328258647588,1,0.0,Remote-Deny
HARV-02889,77096,0.2997135354499881,0.2997135354499881,1,0.0,Remote-Deny
HARV-02890,77095,0.005858093542037679,0.005858093542037679,0,0.0,Remote-Deny
HARV-02891,77450,0.052482670816239925,0.052482670816239925,1,0.0,Remote-Deny
HARV-02892,77406,0.08215403882279274,0.08215403882279274,1,0.0,Remote-Deny
HARV-02893,77406,0.08215403882279274,0.08215403882279274,1,0.0,Remote-Deny
HARV-02894,77450,0.052482670816239925,0.052482670816239925,1,0.0,Remote-Deny
HARV-02895,77433,0.009332949787451658,0.009332949787451658,0,0.0,Remote-Deny
HARV-02896,77433,0.009332949787451658,0.009332949787451658,0,0.0,Remote-Deny
HARV-02897,77014,0.003607044345427541,0.003607044345427541,0,0.0,Remote-Deny
HARV-02899,77065,0.037514853165846206,0.037514853165846206,1,0.0,Remote-Deny
HARV-02900,77493,0.017057885563837284,0.017057885563837284,0,0.0,Remote-Deny
HARV-02901,77086,0.005219605346912795,0.005219605346912795,0,0.0,Remote-Deny
HARV-02902,77450,0.052482670816239925,0.052482670816239925,1,0.0,Remote-Deny
HARV-02903,77082,0.01626283367556468,0.01626283367556468,0,0.0,Remote-Deny
HARV-02904,77063,0.08053251855085115,0.08053251855085115,1,0.0,Remote-Deny
HARV-02905,77449,0.005841453031879671,0.005841453031879671,0,0.0,Remote-Deny
HARV-02906,77082,0.01626283367556468,0.01626283367556468,0,0.0,Remote-Deny
HARV-02907,77095,0.005858093542037679,0.005858093542037679,0,0.0,Remote-Deny
HARV-02908,77043,0.017116989673221106,0.017116989673221106,0,0.0,Remote-Deny
HARV-02909,77493,0.017057885563837284,0.017057885563837284,0,0.0,Remote-Deny
HARV-02911,77088,0.11325141149119894,0.11325141149119894,1,0.0,Remote-Deny
HARV-02912,77494,0.004935030843942775,0.004935030843942775,0,0.0,Remote-Deny
HARV-02913,77036,0.00867426204039358,0.00867426204039358,0,0.0,Remote-Deny
HARV-02914,77449,0.005841453031879671,0.005841453031879671,0,0.0,Remote-Deny
HARV-02915,77494,0.004935030843942775,0.004935030843942775,0,0.0,Remote-Deny
HARV-02917,77083,0.006111202051617831,0.006111202051617831,0,0.0,Remote-Deny
HARV-02918,77014,0.003607044345427541,0.003607044345427541,0,0.0,Remote-Deny
HARV-02919,77494,0.004935030843942775,0.004935030843942775,0,0.0,Remote-Deny
HARV-02920,77096,0.2997135354499881,0.2997135354499881,1,0.0,Remote-Deny
HARV-02921,77429,0.06482328258647588,0.06482328258647588,1,0.0,Remote-Deny
HARV-02922,77063,0.08053251855085115,0.08053251855085115,1,0.0,Remote-Deny
HARV-02923,77083,0.006111202051617831,0.006111202051617831,0,0.0,Remote-Deny
HARV-02924,77072,0.02838533290447089,0.02838533290447089,1,0.0,Remote-Deny
HARV-02925,77040,0.023003472222222224,0.023003472222222224,1,0.0,Remote-Deny
HARV-02926,77493,0.017057885563837284,0.017057885563837284,0,0.0,Remote-Deny
HARV-02927,77493,0.017057885563837284,0.017057885563837284,0,0.0,Remote-Deny
HARV-02928,77095,0.005858093542037679,0.005858093542037679,0,0.0,Remote-Deny
HARV-02929,77070,0.09280478992464128,0.09280478992464128,1,0.0,Remote-Deny
HARV-02930,77095,0.005858093542037679,0.005858093542037679,0,0.0,Remote-Deny
HARV-02931,77040,0.023003472222222224,0.023003472222222224,1,0.0,Remote-Deny
HARV-02932,77036,0.00867426204039358,0.00867426204039358,0,0.0,Remote-Deny
HARV-02933,77449,0.005841453031879671,0.005841453031879671,0,0.0,Remote-Deny
HARV-02934,77080,0.011360297718147096,0.011360297718147096,0,0.0,Remote-Deny
HARV-02935,77449,0.005841453031879671,0.005841453031879671,0,0.0,Remote-Deny
HARV-02936,77014,0.003607044345427541,0.003607044345427541,0,0.0,Remote-Deny
HARV-02937,77095,0.005858093542037679,0.005858093542037679,0,0.0,Remote-Deny
HARV-02938,77441,0.013941940412528648,0.013941940412528648,0,0.0,Remote-Deny
HARV-02939,77043,0.017116989673221106,0.017116989673221106,0,0.0,Remote-Deny
HARV-02940,77066,0.012061513719971858,0.012061513719971858,0,0.0,Remote-Deny
HARV-02941,77095,0.005858093542037679,0.005858093542037679,0,0.0,Remote-Deny
HARV-02942,77084,0.05629127253257184,0.05629127253257184,1,0.0,Remote-Deny
HARV-02943,77083,0.006111202051617831,0.006111202051617831,0,0.0,Remote-Deny
HARV-02944,77083,0.006111202051617831,0.006111202051617831,0,0.0,Remote-Deny
HARV-02945,77406,0.08215403882279274,0.08215403882279274,1,0.0,Remote-Deny
HARV-02946,77494,0.004935030843942775,0.004935030843942775,0,0.0,Remote-Deny
HARV-02948,77040,0.023003472222222224,0.023003472222222224,1,0.0,Remote-Deny
HARV-02950,77066,0.012061513719971858,0.012061513719971858,0,0.0,Remote-Deny
HARV-02951,77084,0.05629127253257184,0.05629127253257184,1,0.0,Remote-Deny
HARV-02952,77494,0.004935030843942775,0.004935030843942775,0,0.0,Remote-Deny
HARV-02953,77083,0.006111202051617831,0.006111202051617831,0,0.0,Remote-Deny
HARV-02954,77066,0.012061513719971858,0.012061513719971858,0,0.0,Remote-Deny
HARV-02955,77096,0.2997135354499881,0.2997135354499881,1,0.0,Remote-Deny
HARV-02956,77494,0.004935030843942775,0.004935030843942775,0,0.0,Remote-Deny
HARV-02957,77493,0.017057885563837284,0.017057885563837284,0,0.0,Remote-Deny
HARV-02958,77063,0.08053251855085115,0.08053251855085115,1,0.0,Remote-Deny
HARV-02959,77407,0.008085317460317461,0.008085317460317461,0,0.0,Remote-Deny
HARV-02961,77099,0.04039958865873365,0.04039958865873365,1,0.0,Remote-Deny
HARV-02962,77079,0.20565767486273576,0.20565767486273576,1,0.0,Remote-Deny
HARV-02964,77024,0.09987458670619086,0.09987458670619086,1,0.0,Remote-Deny
HARV-02965,77088,0.11325141149119894,0.11325141149119894,1,0.0,Remote-Deny
HARV-02966,77494,0.004935030843942775,0.004935030843942775,0,0.0,Remote-Deny
HARV-02967,77450,0.052482670816239925,0.052482670816239925,1,0.0,Remote-Deny
HARV-02968,77096,0.2997135354499881,0.2997135354499881,1,0.0,Remote-Deny
HARV-02969,77069,0.039105129137868316,0.039105129137868316,1,0.0,Remote-Deny
HARV-02970,77433,0.009332949787451658,0.009332949787451658,0,0.0,Remote-Deny
HARV-02971,77082,0.01626283367556468,0.01626283367556468,0,0.0,Remote-Deny
HARV-02972,77433,0.009332949787451658,0.009332949787451658,0,0.0,Remote-Deny
HARV-02975,77084,0.05629127253257184,0.05629127253257184,1,0.0,Remote-Deny
HARV-02978,77493,0.017057885563837284,0.017057885563837284,0,0.0,Remote-Deny
HARV-02980,77066,0.012061513719971858,0.012061513719971858,0,0.0,Remote-Deny
HARV-02981,77069,0.039105129137868316,0.039105129137868316,1,0.0,Remote-Deny
HARV-02982,77449,0.005841453031879671,0.005841453031879671,0,0.0,Remote-Deny
HARV-02984,77450,0.052482670816239925,0.052482670816239925,1,0.0,Remote-Deny
HARV-02986,77449,0.005841453031879671,0.005841453031879671,0,0.0,Remote-Deny
HARV-02987,77494,0.004935030843942775,0.004935030843942775,0,0.0,Remote-Deny
HARV-02988,77450,0.052482670816239925,0.052482670816239925,1,0.0,Remote-Deny
HARV-02989,77074,0.19030222517436068,0.19030222517436068,1,0.0,Remote-Deny
HARV-02990,77429,0.06482328258647588,0.06482328258647588,1,0.0,Remote-Deny
HARV-02991,77494,0.004935030843942775,0.004935030843942775,0,0.0,Remote-Deny
HARV-02992,77449,0.005841453031879671,0.005841453031879671,0,0.0,Remote-Deny
HARV-02993,77450,0.052482670816239925,0.052482670816239925,1,0.0,Remote-Deny
HARV-02994,77066,0.012061513719971858,0.012061513719971858,0,0.0,Remote-Deny
HARV-02995,77449,0.005841453031879671,0.005841453031879671,0,0.0,Remote-Deny
HARV-02996,77407,0.008085317460317461,0.008085317460317461,0,0.0,Remote-Deny
HARV-02997,77494,0.004935030843942775,0.004935030843942775,0,0.0,Remote-Deny
HARV-02999,77450,0.052482670816239925,0.052482670816239925,1,0.0,Remote-Deny
HARV-03000,77084,0.05629127253257184,0.05629127253257184,1,0.0,Remote-Deny
HARV-03001,77077,0.05631399317406143,0.05631399317406143,1,0.0,Remote-Deny
HARV-03002,77043,0.017116989673221106,0.017116989673221106,0,0.0,Remote-Deny
HARV-03003,77084,0.05629127253257184,0.05629127253257184,1,0.0,Remote-Deny
HARV-03004,77429,0.06482328258647588,0.06482328258647588,1,0.0,Remote-Deny
HARV-03005,77077,0.05631399317406143,0.05631399317406143,1,0.0,Remote-Deny
HARV-03006,77449,0.005841453031879671,0.005841453031879671,0,0.0,Remote-Deny
HARV-03007,77055,0.010185185185185186,0.010185185185185186,0,0.0,Remote-Deny
HARV-03008,77429,0.06482328258647588,0.06482328258647588,1,0.0,Remote-Deny
HARV-03009,77057,0.02477291494632535,0.02477291494632535,1,0.0,Remote-Deny
HARV-03010,77024,0.09987458670619086,0.09987458670619086,1,0.0,Remote-Deny
HARV-03011,77070,0.09280478992464128,0.09280478992464128,1,0.0,Remote-Deny
HARV-03012,77441,0.013941940412528648,0.013941940412528648,0,0.0,Remote-Deny
HARV-03013,77041,0.0503968253968254,0.0503968253968254,1,0.0,Remote-Deny
HARV-03014,77082,0.01626283367556468,0.01626283367556468,0,0.0,Remote-Deny
HARV-03015,77433,0.009332949787451658,0.009332949787451658,0,0.0,Remote-Deny
HARV-03016,77079,0.20565767486273576,0.20565767486273576,1,0.0,Remote-Deny
HARV-03017,77494,0.004935030843942775,0.004935030843942775,0,0.0,Remote-Deny
HARV-03018,77429,0.06482328258647588,0.06482328258647588,1,0.0,Remote-Deny
HARV-03019,77494,0.004935030843942775,0.004935030843942775,0,0.0,Remote-Deny
HARV-03020,77079,0.20565767486273576,0.20565767486273576,1,0.0,Remote-Deny
HARV-03022,77084,0.05629127253257184,0.05629127253257184,1,0.0,Remote-Deny
HARV-03023,77057,0.02477291494632535,0.02477291494632535,1,0.0,Remote-Deny
HARV-03024,77433,0.009332949787451658,0.009332949787451658,0,0.0,Remote-Deny
HARV-03025,77086,0.005219605346912795,0.005219605346912795,0,0.0,Remote-Deny
HARV-03026,77407,0.008085317460317461,0.008085317460317461,0,0.0,Remote-Deny
HARV-03027,77065,0.037514853165846206,0.037514853165846206,1,0.0,Remote-Deny
HARV-03028,77494,0.004935030843942775,0.004935030843942775,0,0.0,Remote-Deny
HARV-03029,77072,0.02838533290447089,0.02838533290447089,1,0.0,Remote-Deny
HARV-03030,77095,0.005858093542037679,0.005858093542037679,0,0.0,Remote-Deny
HARV-03031,77494,0.004935030843942775,0.004935030843942775,0,0.0,Remote-Deny
HARV-03032,77407,0.008085317460317461,0.008085317460317461,0,0.0,Remote-Deny
HARV-03033,77055,0.010185185185185186,0.010185185185185186,0,0.0,Remote-Deny
HARV-03034,77433,0.009332949787451658,0.009332949787451658,0,0.0,Remote-Deny
HARV-03035,77449,0.005841453031879671,0.005841453031879671,0,0.0,Remote-Deny
HARV-03037,77449,0.005841453031879671,0.005841453031879671,0,0.0,Remote-Deny
HARV-03038,77036,0.00867426204039358,0.00867426204039358,0,0.0,Remote-Deny
HARV-03039,77433,0.009332949787451658,0.009332949787451658,0,0.0,Remote-Deny
HARV-03040,77450,0.052482670816239925,0.052482670816239925,1,0.0,Remote-Deny
HARV-03041,77086,0.005219605346912795,0.005219605346912795,0,0.0,Remote-Deny
HARV-03042,77429,0.06482328258647588,0.06482328258647588,1,0.0,Remote-Deny
HARV-03044,77449,0.005841453031879671,0.005841453031879671,0,0.0,Remote-Deny
HARV-03045,77099,0.04039958865873365,0.04039958865873365,1,0.0,Remote-Deny
HARV-03046,77095,0.005858093542037679,0.005858093542037679,0,0.0,Remote-Deny
HARV-03047,77072,0.02838533290447089,0.02838533290447089,1,0.0,Remote-Deny
HARV-03048,77407,0.008085317460317461,0.008085317460317461,0,0.0,Remote-Deny
HARV-03049,77055,0.010185185185185186,0.010185185185185186,0,0.0,Remote-Deny
HARV-03050,77449,0.005841453031879671,0.005841453031879671,0,0.0,Remote-Deny
HARV-03051,77041,0.0503968253968254,0.0503968253968254,1,0.0,Remote-Deny
HARV-03052,77082,0.01626283367556468,0.01626283367556468,0,0.0,Remote-Deny
HARV-03053,77493,0.017057885563837284,0.017057885563837284,0,0.4457,Review
HARV-03054,77450,0.052482670816239925,0.052482670816239925,1,0.0,Remote-Deny
HARV-03055,77080,0.011360297718147096,0.011360297718147096,0,0.0,Remote-Deny
HARV-03056,77024,0.09987458670619086,0.09987458670619086,1,0.0,Remote-Deny
HARV-03057,77057,0.02477291494632535,0.02477291494632535,1,0.0,Remote-Deny
HARV-03058,77449,0.005841453031879671,0.005841453031879671,0,0.0,Remote-Deny
HARV-03059,77063,0.08053251855085115,0.08053251855085115,1,0.0,Remote-Deny
HARV-03060,77095,0.005858093542037679,0.005858093542037679,0,0.0,Remote-Deny
HARV-03061,77096,0.2997135354499881,0.2997135354499881,1,0.0,Remote-Deny
HARV-03062,77407,0.008085317460317461,0.008085317460317461,0,0.0,Remote-Deny
HARV-03063,77042,0.10466556564822461,0.10466556564822461,1,0.0,Remote-Deny
HARV-03064,77449,0.005841453031879671,0.005841453031879671,0,0.0,Remote-Deny
HARV-03065,77493,0.017057885563837284,0.017057885563837284,0,0.0,Remote-Deny
HARV-03066,77493,0.017057885563837284,0.017057885563837284,0,0.0,Review
HARV-03067,77450,0.052482670816239925,0.052482670816239925,1,0.0,Remote-Deny
HARV-03068,77433,0.009332949787451658,0.009332949787451658,0,0.0,Remote-Deny
HARV-03069,77433,0.009332949787451658,0.009332949787451658,0,0.0,Remote-Deny
HARV-03070,77449,0.005841453031879671,0.005841453031879671,0,0.0,Remote-Deny
HARV-03071,77083,0.006111202051617831,0.006111202051617831,0,0.0,Remote-Deny
HARV-03072,77084,0.05629127253257184,0.05629127253257184,1,0.0,Remote-Deny
HARV-03073,77069,0.039105129137868316,0.039105129137868316,1,0.0,Remote-Deny
HARV-03074,77096,0.2997135354499881,0.2997135354499881,1,0.0,Remote-Deny
HARV-03075,77096,0.2997135354499881,0.2997135354499881,1,0.0,Remote-Deny
HARV-03076,77441,0.013941940412528648,0.013941940412528648,0,0.0,Remote-Deny
HARV-03077,77441,0.013941940412528648,0.013941940412528648,0,0.0,Remote-Deny
HARV-03078,77429,0.06482328258647588,0.06482328258647588,1,0.0,Remote-Deny
HARV-03079,77095,0.005858093542037679,0.005858093542037679,0,0.0,Remote-Deny
HARV-03080,77072,0.02838533290447089,0.02838533290447089,1,0.0,Remote-Deny
HARV-03081,77070,0.09280478992464128,0.09280478992464128,1,0.0,Remote-Deny
HARV-03082,77069,0.039105129137868316,0.039105129137868316,1,0.0,Remote-Deny
HARV-03083,77074,0.19030222517436068,0.19030222517436068,1,0.0,Remote-Deny
HARV-03084,77406,0.08215403882279274,0.08215403882279274,1,0.0,Remote-Deny
HARV-03085,77493,0.017057885563837284,0.017057885563837284,0,0.0,Remote-Deny
HARV-03087,77069,0.039105129137868316,0.039105129137868316,1,0.0,Remote-Deny
HARV-03088,77064,0.003712429499535946,0.003712429499535946,0,0.0,Remote-Deny
HARV-03089,77433,0.009332949787451658,0.009332949787451658,0,0.0,Remote-Deny
HARV-03090,77064,0.003712429499535946,0.003712429499535946,0,0.0,Remote-Deny
HARV-03091,77433,0.009332949787451658,0.009332949787451658,0,0.0,Remote-Deny
HARV-03092,77099,0.04039958865873365,0.04039958865873365,1,0.0,Remote-Deny
HARV-03093,77057,0.02477291494632535,0.02477291494632535,1,0.0,Remote-Deny
HARV-03094,77069,0.039105129137868316,0.039105129137868316,1,0.0,Remote-Deny
HARV-03095,77077,0.05631399317406143,0.05631399317406143,1,0.0,Remote-Deny
HARV-03096,77095,0.005858093542037679,0.005858093542037679,0,0.0,Remote-Deny
HARV-03097,77040,0.023003472222222224,0.023003472222222224,1,0.0,Remote-Deny
HARV-03098,77077,0.05631399317406143,0.05631399317406143,1,0.0,Remote-Deny
HARV-03099,77433,0.009332949787451658,0.009332949787451658,0,0.0,Remote-Deny
HARV-03101,77095,0.005858093542037679,0.005858093542037679,0,0.0,Remote-Deny
HARV-03103,77450,0.052482670816239925,0.052482670816239925,1,0.0,Remote-Deny
HARV-03104,77433,0.009332949787451658,0.009332949787451658,0,0.0,Remote-Deny
HARV-03105,77429,0.06482328258647588,0.06482328258647588,1,0.0,Remote-Deny
HARV-03106,77449,0.005841453031879671,0.005841453031879671,0,0.0,Remote-Deny
HARV-03107,77449,0.005841453031879671,0.005841453031879671,0,0.0,Remote-Deny
HARV-03108,77069,0.039105129137868316,0.039105129137868316,1,0.0,Remote-Deny
HARV-03109,77092,0.051518119490695395,0.051518119490695395,1,0.0,Remote-Deny
HARV-03110,77069,0.039105129137868316,0.039105129137868316,1,0.0,Remote-Deny
HARV-03111,77065,0.037514853165846206,0.037514853165846206,1,0.0,Remote-Deny
HARV-03112,77429,0.06482328258647588,0.06482328258647588,1,0.0,Remote-Deny
HARV-03113,77450,0.052482670816239925,0.052482670816239925,1,0.0,Remote-Deny
HARV-03114,77072,0.02838533290447089,0.02838533290447089,1,0.0,Remote-Deny
HARV-03115,77057,0.02477291494632535,0.02477291494632535,1,0.0,Remote-Deny
HARV-03116,77083,0.006111202051617831,0.006111202051617831,0,0.0,Remote-Deny
HARV-03117,77449,0.005841453031879671,0.005841453031879671,0,0.0,Remote-Deny
HARV-03118,77406,0.08215403882279274,0.08215403882279274,1,0.0,Remote-Deny
HARV-03119,77494,0.004935030843942775,0.004935030843942775,0,0.0,Remote-Deny
HARV-03120,77040,0.023003472222222224,0.023003472222222224,1,0.0,Remote-Deny
HARV-03121,77042,0.10466556564822461,0.10466556564822461,1,0.0,Remote-Deny
HARV-03122,77072,0.02838533290447089,0.02838533290447089,1,0.0,Remote-Deny
HARV-03123,77077,0.05631399317406143,0.05631399317406143,1,0.0,Remote-Deny
HARV-03124,77493,0.017057885563837284,0.017057885563837284,0,0.4115,Review
HARV-03125,77449,0.005841453031879671,0.005841453031879671,0,0.0,Remote-Deny
HARV-03126,77079,0.20565767486273576,0.20565767486273576,1,0.0,Remote-Deny
HARV-03127,77055,0.010185185185185186,0.010185185185185186,0,0.0,Remote-Deny
HARV-03128,77095,0.005858093542037679,0.005858093542037679,0,0.0,Remote-Deny
HARV-03129,77494,0.004935030843942775,0.004935030843942775,0,0.0,Remote-Deny
HARV-03130,77084,0.05629127253257184,0.05629127253257184,1,0.0,Remote-Deny
HARV-03131,77024,0.09987458670619086,0.09987458670619086,1,0.0,Remote-Deny
HARV-03132,77077,0.05631399317406143,0.05631399317406143,1,0.0,Remote-Deny
HARV-03133,77494,0.004935030843942775,0.004935030843942775,0,0.0,Remote-Deny
HARV-03134,77086,0.005219605346912795,0.005219605346912795,0,0.0,Remote-Deny
HARV-03135,77494,0.004935030843942775,0.004935030843942775,0,0.0,Remote-Deny
HARV-03136,77057,0.02477291494632535,0.02477291494632535,1,0.0,Remote-Deny
HARV-03137,77493,0.017057885563837284,0.017057885563837284,0,0.0,Remote-Deny
HARV-03138,77043,0.017116989673221106,0.017116989673221106,0,0.0,Remote-Deny
HARV-03139,77092,0.051518119490695395,0.051518119490695395,1,0.0,Remote-Deny
HARV-03140,77095,0.005858093542037679,0.005858093542037679,0,0.0,Remote-Deny
HARV-03141,77072,0.02838533290447089,0.02838533290447089,1,0.0,Remote-Deny
HARV-03142,77077,0.05631399317406143,0.05631399317406143,1,0.0,Remote-Deny
HARV-03143,77082,0.01626283367556468,0.01626283367556468,0,0.0,Remote-Deny
HARV-03144,77040,0.023003472222222224,0.023003472222222224,1,0.0,Remote-Deny
HARV-03145,77040,0.023003472222222224,0.023003472222222224,1,0.0,Remote-Deny
HARV-03146,77092,0.051518119490695395,0.051518119490695395,1,0.0,Remote-Deny
HARV-03147,77077,0.05631399317406143,0.05631399317406143,1,0.0,Remote-Deny
HARV-03148,77407,0.008085317460317461,0.008085317460317461,0,0.0,Remote-Deny
HARV-03149,77066,0.012061513719971858,0.012061513719971858,0,0.0,Remote-Deny
HARV-03150,77096,0.2997135354499881,0.2997135354499881,1,0.0,Remote-Deny
HARV-03151,77077,0.05631399317406143,0.05631399317406143,1,0.0,Remote-Deny
HARV-03152,77433,0.009332949787451658,0.009332949787451658,0,0.0,Remote-Deny
HARV-03154,77407,0.008085317460317461,0.008085317460317461,0,0.0,Remote-Deny
HARV-03155,77066,0.012061513719971858,0.012061513719971858,0,0.0,Remote-Deny
HARV-03156,77072,0.02838533290447089,0.02838533290447089,1,0.0,Remote-Deny
HARV-03157,77494,0.004935030843942775,0.004935030843942775,0,0.0,Remote-Deny
HARV-03158,77074,0.19030222517436068,0.19030222517436068,1,0.0,Remote-Deny
HARV-03159,77096,0.2997135354499881,0.2997135354499881,1,0.0,Remote-Deny
HARV-03160,77084,0.05629127253257184,0.05629127253257184,1,0.0,Remote-Deny
HARV-03161,77064,0.003712429499535946,0.003712429499535946,0,0.0,Remote-Deny
HARV-03162,77055,0.010185185185185186,0.010185185185185186,0,0.0,Remote-Deny
HARV-03163,77070,0.09280478992464128,0.09280478992464128,1,0.0,Remote-Deny
HARV-03164,77014,0.003607044345427541,0.003607044345427541,0,0.0,Remote-Deny
HARV-03165,77449,0.005841453031879671,0.005841453031879671,0,0.3495,Review
HARV-03166,77069,0.039105129137868316,0.039105129137868316,1,0.0,Remote-Deny
HARV-03167,77083,0.006111202051617831,0.006111202051617831,0,0.0,Remote-Deny
HARV-03169,77083,0.006111202051617831,0.006111202051617831,0,0.0,Remote-Deny
HARV-03170,77096,0.2997135354499881,0.2997135354499881,1,0.0,Remote-Deny
HARV-03171,77433,0.009332949787451658,0.009332949787451658,0,0.0,Remote-Deny
HARV-03172,77079,0.20565767486273576,0.20565767486273576,1,0.0,Remote-Deny
HARV-03173,77449,0.005841453031879671,0.005841453031879671,0,0.0,Remote-Deny
HARV-03174,77072,0.02838533290447089,0.02838533290447089,1,0.0,Remote-Deny
HARV-03175,77084,0.05629127253257184,0.05629127253257184,1,0.0,Remote-Deny
HARV-03176,77064,0.003712429499535946,0.003712429499535946,0,0.0,Remote-Deny
HARV-03177,77407,0.008085317460317461,0.008085317460317461,0,0.0,Remote-Deny
HARV-03178,77407,0.008085317460317461,0.008085317460317461,0,0.0,Remote-Deny
HARV-03179,77406,0.08215403882279274,0.08215403882279274,1,0.0,Remote-Deny
HARV-03180,77024,0.09987458670619086,0.09987458670619086,1,0.0,Remote-Deny
HARV-03181,77083,0.006111202051617831,0.006111202051617831,0,0.0,Remote-Deny
HARV-03182,77449,0.005841453031879671,0.005841453031879671,0,0.0,Remote-Deny
HARV-03183,77064,0.003712429499535946,0.003712429499535946,0,0.0,Remote-Deny
HARV-03184,77042,0.10466556564822461,0.10466556564822461,1,0.0,Remote-Deny
HARV-03185,77493,0.017057885563837284,0.017057885563837284,0,0.0,Remote-Deny
HARV-03186,77066,0.012061513719971858,0.012061513719971858,0,0.0,Remote-Deny
HARV-03187,77088,0.11325141149119894,0.11325141149119894,1,0.0,Remote-Deny
HARV-03189,77084,0.05629127253257184,0.05629127253257184,1,0.0,Remote-Deny
HARV-03190,77407,0.008085317460317461,0.008085317460317461,0,0.0,Remote-Deny
HARV-03191,77449,0.005841453031879671,0.005841453031879671,0,0.0,Remote-Deny
HARV-03192,77449,0.005841453031879671,0.005841453031879671,0,0.0,Remote-Deny
HARV-03193,77036,0.00867426204039358,0.00867426204039358,0,0.0,Remote-Deny
HARV-03194,77084,0.05629127253257184,0.05629127253257184,1,0.0,Review
HARV-03195,77086,0.005219605346912795,0.005219605346912795,0,0.0,Remote-Deny
HARV-03196,77083,0.006111202051617831,0.006111202051617831,0,0.0,Remote-Deny
HARV-03197,77041,0.0503968253968254,0.0503968253968254,1,0.0,Remote-Deny
HARV-03198,77040,0.023003472222222224,0.023003472222222224,1,0.0,Remote-Deny
HARV-03199,77084,0.05629127253257184,0.05629127253257184,1,0.0,Remote-Deny
HARV-03201,77095,0.005858093542037679,0.005858093542037679,0,0.0,Remote-Deny
HARV-03202,77493,0.017057885563837284,0.017057885563837284,0,0.0,Remote-Deny
HARV-03203,77429,0.06482328258647588,0.06482328258647588,1,0.0,Remote-Deny
HARV-03204,77095,0.005858093542037679,0.005858093542037679,0,0.0,Remote-Deny
HARV-03206,77449,0.005841453031879671,0.005841453031879671,0,0.0,Remote-Deny
HARV-03207,77036,0.00867426204039358,0.00867426204039358,0,0.0,Remote-Deny
HARV-03208,77036,0.00867426204039358,0.00867426204039358,0,0.0,Remote-Deny
HARV-03209,77065,0.037514853165846206,0.037514853165846206,1,0.0,Remote-Deny
HARV-03210,77064,0.003712429499535946,0.003712429499535946,0,0.0,Remote-Deny
HARV-03211,77084,0.05629127253257184,0.05629127253257184,1,0.0,Remote-Deny
HARV-03212,77083,0.006111202051617831,0.006111202051617831,0,0.0,Remote-Deny
HARV-03213,77041,0.0503968253968254,0.0503968253968254,1,0.0,Remote-Deny
HARV-03214,77441,0.013941940412528648,0.013941940412528648,0,0.0,Remote-Deny
HARV-03215,77055,0.010185185185185186,0.010185185185185186,0,0.0,Remote-Deny
HARV-03216,77042,0.10466556564822461,0.10466556564822461,1,0.0,Remote-Deny
HARV-03217,77070,0.09280478992464128,0.09280478992464128,1,0.0,Remote-Deny
HARV-03218,77449,0.005841453031879671,0.005841453031879671,0,0.0,Remote-Deny
HARV-03219,77429,0.06482328258647588,0.06482328258647588,1,0.0,Remote-Deny
HARV-03220,77494,0.004935030843942775,0.004935030843942775,0,0.0,Remote-Deny
HARV-03221,77040,0.023003472222222224,0.023003472222222224,1,0.0,Remote-Deny
HARV-03222,77064,0.003712429499535946,0.003712429499535946,0,0.0,Remote-Deny
HARV-03223,77433,0.009332949787451658,0.009332949787451658,0,0.0,Remote-Deny
HARV-03224,77079,0.20565767486273576,0.20565767486273576,1,0.0,Remote-Deny
HARV-03225,77449,0.005841453031879671,0.005841453031879671,0,0.0,Remote-Deny
HARV-03226,77057,0.02477291494632535,0.02477291494632535,1,0.0,Remote-Deny
HARV-03227,77493,0.017057885563837284,0.017057885563837284,0,0.0,Remote-Deny
HARV-03228,77450,0.052482670816239925,0.052482670816239925,1,0.0,Remote-Deny
HARV-03229,77084,0.05629127253257184,0.05629127253257184,1,0.0,Remote-Deny
HARV-03230,77080,0.011360297718147096,0.011360297718147096,0,0.0,Remote-Deny
HARV-03231,77449,0.005841453031879671,0.005841453031879671,0,0.0,Remote-Deny
HARV-03232,77079,0.20565767486273576,0.20565767486273576,1,0.0,Remote-Deny
HARV-03233,77433,0.009332949787451658,0.009332949787451658,0,0.0,Remote-Deny
HARV-03234,77074,0.19030222517436068,0.19030222517436068,1,0.0,Remote-Deny
HARV-03236,77082,0.01626283367556468,0.01626283367556468,0,0.0,Remote-Deny
HARV-03237,77024,0.09987458670619086,0.09987458670619086,1,0.0,Remote-Deny
HARV-03238,77088,0.11325141149119894,0.11325141149119894,1,0.0,Remote-Deny
HARV-03239,77063,0.08053251855085115,0.08053251855085115,1,0.0,Remote-Deny
HARV-03240,77072,0.02838533290447089,0.02838533290447089,1,0.0,Remote-Deny
HARV-03241,77407,0.008085317460317461,0.008085317460317461,0,0.0,Remote-Deny
HARV-03242,77449,0.005841453031879671,0.005841453031879671,0,0.0,Remote-Deny
HARV-03243,77070,0.09280478992464128,0.09280478992464128,1,0.0,Remote-Deny
HARV-03244,77433,0.009332949787451658,0.009332949787451658,0,0.0,Remote-Deny
HARV-03245,77072,0.02838533290447089,0.02838533290447089,1,0.0,Remote-Deny
HARV-03246,77450,0.052482670816239925,0.052482670816239925,1,0.0,Remote-Deny
HARV-03247,77024,0.09987458670619086,0.09987458670619086,1,0.0,Remote-Deny
HARV-03248,77042,0.10466556564822461,0.10466556564822461,1,0.0,Remote-Deny
HARV-03250,77077,0.05631399317406143,0.05631399317406143,1,0.0,Remote-Deny
HARV-03251,77406,0.08215403882279274,0.08215403882279274,1,0.4015,Review
HARV-03252,77449,0.005841453031879671,0.005841453031879671,0,0.0,Remote-Deny
HARV-03253,77429,0.06482328258647588,0.06482328258647588,1,0.0,Remote-Deny
HARV-03254,77450,0.052482670816239925,0.052482670816239925,1,0.0,Remote-Deny
HARV-03255,77064,0.003712429499535946,0.003712429499535946,0,0.0,Remote-Deny
HARV-03258,77041,0.0503968253968254,0.0503968253968254,1,0.0,Remote-Deny
HARV-03259,77040,0.023003472222222224,0.023003472222222224,1,0.0,Remote-Deny
HARV-03260,77450,0.052482670816239925,0.052482670816239925,1,0.0,Remote-Deny
HARV-03261,77088,0.11325141149119894,0.11325141149119894,1,0.0,Remote-Deny
HARV-03262,77095,0.005858093542037679,0.005858093542037679,0,0.0,Remote-Deny
HARV-03264,77072,0.02838533290447089,0.02838533290447089,1,0.0,Remote-Deny
HARV-03265,77064,0.003712429499535946,0.003712429499535946,0,0.0,Remote-Deny
HARV-03266,77070,0.09280478992464128,0.09280478992464128,1,0.0,Remote-Deny
HARV-03267,77063,0.08053251855085115,0.08053251855085115,1,0.0,Remote-Deny
HARV-03269,77095,0.005858093542037679,0.005858093542037679,0,0.0,Remote-Deny
HARV-03270,77014,0.003607044345427541,0.003607044345427541,0,0.0,Remote-Deny
HARV-03271,77450,0.052482670816239925,0.052482670816239925,1,0.0,Remote-Deny
HARV-03272,77084,0.05629127253257184,0.05629127253257184,1,0.0,Remote-Deny
HARV-03273,77493,0.017057885563837284,0.017057885563837284,0,0.0,Remote-Deny
HARV-03274,77064,0.003712429499535946,0.003712429499535946,0,0.0,Review
HARV-03275,77450,0.052482670816239925,0.052482670816239925,1,0.0,Remote-Deny
HARV-03276,77449,0.005841453031879671,0.005841453031879671,0,0.0,Remote-Deny
HARV-03277,77449,0.005841453031879671,0.005841453031879671,0,0.0,Remote-Deny
HARV-03278,77407,0.008085317460317461,0.008085317460317461,0,0.0,Remote-Deny
HARV-03279,77433,0.009332949787451658,0.009332949787451658,0,0.0,Remote-Deny
HARV-03280,77079,0.20565767486273576,0.20565767486273576,1,0.0,Remote-Deny
HARV-03281,77074,0.19030222517436068,0.19030222517436068,1,0.0,Remote-Deny
HARV-03282,77041,0.0503968253968254,0.0503968253968254,1,0.0,Remote-Deny
HARV-03283,77080,0.011360297718147096,0.011360297718147096,0,0.0,Remote-Deny
HARV-03284,77433,0.009332949787451658,0.009332949787451658,0,0.0,Remote-Deny
HARV-03285,77450,0.052482670816239925,0.052482670816239925,1,0.0,Remote-Deny
HARV-03286,77450,0.052482670816239925,0.052482670816239925,1,0.0,Remote-Deny
HARV-03287,77082,0.01626283367556468,0.01626283367556468,0,0.0,Remote-Deny
HARV-03288,77449,0.005841453031879671,0.005841453031879671,0,0.0,Remote-Deny
HARV-03289,77082,0.01626283367556468,0.01626283367556468,0,0.0,Remote-Deny
HARV-03290,77014,0.003607044345427541,0.003607044345427541,0,0.0,Remote-Deny
HARV-03291,77449,0.005841453031879671,0.005841453031879671,0,0.0,Remote-Deny
HARV-03292,77079,0.20565767486273576,0.20565767486273576,1,0.0,Remote-Deny
HARV-03293,77064,0.003712429499535946,0.003712429499535946,0,0.0,Remote-Deny
HARV-03294,77083,0.006111202051617831,0.006111202051617831,0,0.0,Remote-Deny
HARV-03295,77450,0.052482670816239925,0.052482670816239925,1,0.0,Remote-Deny
HARV-03296,77088,0.11325141149119894,0.11325141149119894,1,0.0,Remote-Deny
HARV-03297,77433,0.009332949787451658,0.009332949787451658,0,0.0,Remote-Deny
HARV-03298,77055,0.010185185185185186,0.010185185185185186,0,0.0,Remote-Deny
HARV-03299,77082,0.01626283367556468,0.01626283367556468,0,0.0,Remote-Deny
HARV-03300,77083,0.006111202051617831,0.006111202051617831,0,0.0,Remote-Deny
HARV-03301,77450,0.052482670816239925,0.052482670816239925,1,0.0,Remote-Deny
HARV-03302,77055,0.010185185185185186,0.010185185185185186,0,0.0,Remote-Deny
HARV-03303,77084,0.05629127253257184,0.05629127253257184,1,0.0,Remote-Deny
HARV-03304,77429,0.06482328258647588,0.06482328258647588,1,0.0,Remote-Deny
HARV-03305,77406,0.08215403882279274,0.08215403882279274,1,0.4667,Review
HARV-03306,77406,0.08215403882279274,0.08215403882279274,1,0.0,Remote-Deny
HARV-03307,77066,0.012061513719971858,0.012061513719971858,0,0.0,Remote-Deny
HARV-03308,77096,0.2997135354499881,0.2997135354499881,1,0.0,Remote-Deny
HARV-03309,77493,0.017057885563837284,0.017057885563837284,0,0.0,Remote-Deny
HARV-03310,77096,0.2997135354499881,0.2997135354499881,1,0.0,Remote-Deny
HARV-03311,77429,0.06482328258647588,0.06482328258647588,1,0.0,Remote-Deny
HARV-03312,77084,0.05629127253257184,0.05629127253257184,1,0.0,Remote-Deny
HARV-03313,77450,0.052482670816239925,0.052482670816239925,1,0.0,Remote-Deny
HARV-03314,77072,0.02838533290447089,0.02838533290447089,1,0.0,Remote-Deny
HARV-03315,77055,0.010185185185185186,0.010185185185185186,0,0.0,Remote-Deny
HARV-03316,77493,0.017057885563837284,0.017057885563837284,0,0.0,Remote-Deny
HARV-03318,77429,0.06482328258647588,0.06482328258647588,1,0.0,Remote-Deny
HARV-03319,77083,0.006111202051617831,0.006111202051617831,0,0.0,Remote-Deny
HARV-03320,77449,0.005841453031879671,0.005841453031879671,0,0.0,Remote-Deny
HARV-03321,77084,0.05629127253257184,0.05629127253257184,1,0.0,Remote-Deny
HARV-03322,77077,0.05631399317406143,0.05631399317406143,1,0.0,Remote-Deny
HARV-03323,77493,0.017057885563837284,0.017057885563837284,0,0.0,Remote-Deny
HARV-03324,77441,0.013941940412528648,0.013941940412528648,0,0.0,Remote-Deny
HARV-03325,77429,0.06482328258647588,0.06482328258647588,1,0.0,Remote-Deny
HARV-03326,77092,0.051518119490695395,0.051518119490695395,1,0.0,Remote-Deny
HARV-03327,77086,0.005219605346912795,0.005219605346912795,0,0.0,Remote-Deny
HARV-03328,77406,0.08215403882279274,0.08215403882279274,1,0.0,Remote-Deny
HARV-03329,77493,0.017057885563837284,0.017057885563837284,0,0.0,Remote-Deny
HARV-03330,77084,0.05629127253257184,0.05629127253257184,1,0.0,Remote-Deny
HARV-03331,77055,0.010185185185185186,0.010185185185185186,0,0.0,Remote-Deny
HARV-03332,77082,0.01626283367556468,0.01626283367556468,0,0.0,Remote-Deny
HARV-03333,77064,0.003712429499535946,0.003712429499535946,0,0.0,Remote-Deny
HARV-03334,77494,0.004935030843942775,0.004935030843942775,0,0.0,Remote-Deny
HARV-03335,77433,0.009332949787451658,0.009332949787451658,0,0.0,Remote-Deny
HARV-03336,77433,0.009332949787451658,0.009332949787451658,0,0.0,Remote-Deny
HARV-03337,77072,0.02838533290447089,0.02838533290447089,1,0.0,Remote-Deny
HARV-03339,77429,0.06482328258647588,0.06482328258647588,1,0.0,Remote-Deny
HARV-03340,77095,0.005858093542037679,0.005858093542037679,0,0.0,Remote-Deny
HARV-03341,77449,0.005841453031879671,0.005841453031879671,0,0.0,Remote-Deny
HARV-03343,77449,0.005841453031879671,0.005841453031879671,0,0.0,Remote-Deny
HARV-03344,77429,0.06482328258647588,0.06482328258647588,1,0.0,Remote-Deny
HARV-03345,77096,0.2997135354499881,0.2997135354499881,1,0.0,Remote-Deny
HARV-03346,77095,0.005858093542037679,0.005858093542037679,0,0.0,Remote-Deny
HARV-03347,77407,0.008085317460317461,0.008085317460317461,0,0.0,Remote-Deny
HARV-03348,77450,0.052482670816239925,0.052482670816239925,1,0.0,Remote-Deny
HARV-03349,77080,0.011360297718147096,0.011360297718147096,0,0.0,Remote-Deny
HARV-03350,77083,0.006111202051617831,0.006111202051617831,0,0.0,Remote-Deny
HARV-03351,77084,0.05629127253257184,0.05629127253257184,1,0.0,Remote-Deny
HARV-03352,77080,0.011360297718147096,0.011360297718147096,0,0.0,Remote-Deny
HARV-03353,77041,0.0503968253968254,0.0503968253968254,1,0.0,Remote-Deny
HARV-03354,77024,0.09987458670619086,0.09987458670619086,1,0.0,Remote-Deny
HARV-03355,77493,0.017057885563837284,0.017057885563837284,0,0.0,Remote-Deny
HARV-03356,77084,0.05629127253257184,0.05629127253257184,1,0.0,Remote-Deny
HARV-03357,77040,0.023003472222222224,0.023003472222222224,1,0.0,Remote-Deny
HARV-03358,77055,0.010185185185185186,0.010185185185185186,0,0.0,Remote-Deny
HARV-03359,77040,0.023003472222222224,0.023003472222222224,1,0.0,Remote-Deny
HARV-03360,77099,0.04039958865873365,0.04039958865873365,1,0.0,Remote-Deny
HARV-03361,77092,0.051518119490695395,0.051518119490695395,1,0.0,Remote-Deny
HARV-03362,77084,0.05629127253257184,0.05629127253257184,1,0.0,Remote-Deny
HARV-03363,77494,0.004935030843942775,0.004935030843942775,0,0.0,Remote-Deny
HARV-03365,77450,0.052482670816239925,0.052482670816239925,1,0.0,Remote-Deny
HARV-03366,77024,0.09987458670619086,0.09987458670619086,1,0.0,Remote-Deny
HARV-03367,77429,0.06482328258647588,0.06482328258647588,1,0.0,Remote-Deny
HARV-03368,77494,0.004935030843942775,0.004935030843942775,0,0.0,Remote-Deny
HARV-03369,77096,0.2997135354499881,0.2997135354499881,1,0.0,Remote-Deny
HARV-03370,77406,0.08215403882279274,0.08215403882279274,1,0.2422,Review
HARV-03371,77041,0.0503968253968254,0.0503968253968254,1,0.0,Remote-Deny
HARV-03372,77074,0.19030222517436068,0.19030222517436068,1,0.0,Remote-Deny
HARV-03373,77083,0.006111202051617831,0.006111202051617831,0,0.0,Remote-Deny
HARV-03374,77079,0.20565767486273576,0.20565767486273576,1,0.0,Remote-Deny
HARV-03375,77095,0.005858093542037679,0.005858093542037679,0,0.0,Remote-Deny
HARV-03376,77449,0.005841453031879671,0.005841453031879671,0,0.0,Remote-Deny
HARV-03377,77083,0.006111202051617831,0.006111202051617831,0,0.0,Remote-Deny
HARV-03378,77064,0.003712429499535946,0.003712429499535946,0,0.0,Remote-Deny
HARV-03379,77494,0.004935030843942775,0.004935030843942775,0,0.0,Remote-Deny
HARV-03380,77494,0.004935030843942775,0.004935030843942775,0,0.0,Remote-Deny
HARV-03381,77407,0.008085317460317461,0.008085317460317461,0,0.0,Remote-Deny
HARV-03382,77449,0.005841453031879671,0.005841453031879671,0,0.0,Remote-Deny
HARV-03383,77069,0.039105129137868316,0.039105129137868316,1,0.0,Remote-Deny
HARV-03384,77084,0.05629127253257184,0.05629127253257184,1,0.0,Remote-Deny
HARV-03385,77084,0.05629127253257184,0.05629127253257184,1,0.0,Remote-Deny
HARV-03386,77079,0.20565767486273576,0.20565767486273576,1,0.0,Remote-Deny
HARV-03387,77070,0.09280478992464128,0.09280478992464128,1,0.0,Remote-Deny
HARV-03388,77494,0.004935030843942775,0.004935030843942775,0,0.0,Remote-Deny
HARV-03389,77449,0.005841453031879671,0.005841453031879671,0,0.0,Remote-Deny
HARV-03390,77449,0.005841453031879671,0.005841453031879671,0,0.0,Remote-Deny
HARV-03391,77040,0.023003472222222224,0.023003472222222224,1,0.0,Remote-Deny
HARV-03392,77072,0.02838533290447089,0.02838533290447089,1,0.0,Remote-Deny
HARV-03393,77086,0.005219605346912795,0.005219605346912795,0,0.0,Remote-Deny
HARV-03395,77095,0.005858093542037679,0.005858093542037679,0,0.0,Remote-Deny
HARV-03396,77096,0.2997135354499881,0.2997135354499881,1,0.0,Remote-Deny
HARV-03397,77493,0.017057885563837284,0.017057885563837284,0,0.0,Remote-Deny
HARV-03398,77024,0.09987458670619086,0.09987458670619086,1,0.0,Remote-Deny
HARV-03399,77429,0.06482328258647588,0.06482328258647588,1,0.0,Remote-Deny
HARV-03400,77095,0.005858093542037679,0.005858093542037679,0,0.0,Remote-Deny
HARV-03401,77042,0.10466556564822461,0.10466556564822461,1,0.0,Remote-Deny
HARV-03402,77429,0.06482328258647588,0.06482328258647588,1,0.0,Remote-Deny
HARV-03403,77494,0.004935030843942775,0.004935030843942775,0,0.0,Remote-Deny
HARV-03404,77429,0.06482328258647588,0.06482328258647588,1,0.0,Remote-Deny
HARV-03405,77095,0.005858093542037679,0.005858093542037679,0,0.0,Remote-Deny
HARV-03406,77433,0.009332949787451658,0.009332949787451658,0,0.0,Remote-Deny
HARV-03407,77082,0.01626283367556468,0.01626283367556468,0,0.0,Remote-Deny
HARV-03408,77082,0.01626283367556468,0.01626283367556468,0,0.0,Review
HARV-03409,77070,0.09280478992464128,0.09280478992464128,1,0.0,Remote-Deny
HARV-03410,77070,0.09280478992464128,0.09280478992464128,1,0.0,Remote-Deny
HARV-03411,77494,0.004935030843942775,0.004935030843942775,0,0.0,Remote-Deny
HARV-03412,77494,0.004935030843942775,0.004935030843942775,0,0.0,Remote-Deny
HARV-03413,77095,0.005858093542037679,0.005858093542037679,0,0.0,Remote-Deny
HARV-03414,77449,0.005841453031879671,0.005841453031879671,0,0.0,Remote-Deny
HARV-03415,77095,0.005858093542037679,0.005858093542037679,0,0.0,Remote-Deny
HARV-03416,77024,0.09987458670619086,0.09987458670619086,1,0.0,Remote-Deny
HARV-03417,77494,0.004935030843942775,0.004935030843942775,0,0.0,Remote-Deny
HARV-03418,77070,0.09280478992464128,0.09280478992464128,1,0.0,Remote-Deny
HARV-03419,77084,0.05629127253257184,0.05629127253257184,1,0.0,Remote-Deny
HARV-03420,77072,0.02838533290447089,0.02838533290447089,1,0.0,Remote-Deny
HARV-03421,77064,0.003712429499535946,0.003712429499535946,0,0.0,Remote-Deny
HARV-03422,77077,0.05631399317406143,0.05631399317406143,1,0.0,Remote-Deny
HARV-03423,77429,0.06482328258647588,0.06482328258647588,1,0.0,Remote-Deny
HARV-03425,77057,0.02477291494632535,0.02477291494632535,1,0.0,Remote-Deny
HARV-03426,77449,0.005841453031879671,0.005841453031879671,0,0.0,Remote-Deny
HARV-03427,77096,0.2997135354499881,0.2997135354499881,1,0.0,Remote-Deny
HARV-03428,77072,0.02838533290447089,0.02838533290447089,1,0.0,Remote-Deny
HARV-03429,77082,0.01626283367556468,0.01626283367556468,0,0.0,Remote-Deny
HARV-03430,77083,0.006111202051617831,0.006111202051617831,0,0.0,Remote-Deny
HARV-03431,77099,0.04039958865873365,0.04039958865873365,1,0.0,Remote-Deny
HARV-03433,77072,0.02838533290447089,0.02838533290447089,1,0.0,Remote-Deny
HARV-03434,77433,0.009332949787451658,0.009332949787451658,0,0.0,Remote-Deny
HARV-03435,77083,0.006111202051617831,0.006111202051617831,0,0.0,Remote-Deny
HARV-03436,77407,0.008085317460317461,0.008085317460317461,0,0.0,Remote-Deny
HARV-03437,77449,0.005841453031879671,0.005841453031879671,0,0.0,Remote-Deny
HARV-03439,77082,0.01626283367556468,0.01626283367556468,0,0.0,Remote-Deny
HARV-03440,77429,0.06482328258647588,0.06482328258647588,1,0.0,Remote-Deny
HARV-03441,77407,0.008085317460317461,0.008085317460317461,0,0.0,Remote-Deny
HARV-03442,77449,0.005841453031879671,0.005841453031879671,0,0.0,Remote-Deny
HARV-03444,77063,0.08053251855085115,0.08053251855085115,1,0.0,Remote-Deny
HARV-03445,77449,0.005841453031879671,0.005841453031879671,0,0.0,Remote-Deny
HARV-03446,77080,0.011360297718147096,0.011360297718147096,0,0.0,Remote-Deny
HARV-03448,77065,0.037514853165846206,0.037514853165846206,1,0.0,Remote-Deny
HARV-03449,77450,0.052482670816239925,0.052482670816239925,1,0.0,Remote-Deny
HARV-03450,77040,0.023003472222222224,0.023003472222222224,1,0.0,Remote-Deny
HARV-03451,77449,0.005841453031879671,0.005841453031879671,0,0.0,Remote-Deny
HARV-03452,77494,0.004935030843942775,0.004935030843942775,0,0.0,Remote-Deny
HARV-03453,77086,0.005219605346912795,0.005219605346912795,0,0.0,Remote-Deny
HARV-03454,77494,0.004935030843942775,0.004935030843942775,0,0.0,Remote-Deny
HARV-03455,77070,0.09280478992464128,0.09280478992464128,1,0.0,Remote-Deny
HARV-03456,77406,0.08215403882279274,0.08215403882279274,1,0.0,Remote-Deny
HARV-03457,77040,0.023003472222222224,0.023003472222222224,1,0.0,Remote-Deny
HARV-03458,77014,0.003607044345427541,0.003607044345427541,0,0.0,Remote-Deny
HARV-03459,77429,0.06482328258647588,0.06482328258647588,1,0.0,Remote-Deny
HARV-03460,77493,0.017057885563837284,0.017057885563837284,0,0.0,Remote-Deny
HARV-03461,77082,0.01626283367556468,0.01626283367556468,0,0.0,Remote-Deny
HARV-03462,77449,0.005841453031879671,0.005841453031879671,0,0.0,Remote-Deny
HARV-03463,77095,0.005858093542037679,0.005858093542037679,0,0.0,Remote-Deny
HARV-03464,77429,0.06482328258647588,0.06482328258647588,1,0.0,Remote-Deny
HARV-03465,77449,0.005841453031879671,0.005841453031879671,0,0.0,Remote-Deny
HARV-03466,77406,0.08215403882279274,0.08215403882279274,1,0.0,Remote-Deny
HARV-03467,77083,0.006111202051617831,0.006111202051617831,0,0.0,Remote-Deny
HARV-03468,77449,0.005841453031879671,0.005841453031879671,0,0.0,Remote-Deny
HARV-03469,77070,0.09280478992464128,0.09280478992464128,1,0.0,Remote-Deny
HARV-03470,77449,0.005841453031879671,0.005841453031879671,0,0.0,Remote-Deny
HARV-03472,77095,0.005858093542037679,0.005858093542037679,0,0.0,Remote-Deny
HARV-03473,77494,0.004935030843942775,0.004935030843942775,0,0.0,Remote-Deny
HARV-03474,77072,0.02838533290447089,0.02838533290447089,1,0.0,Remote-Deny
HARV-03475,77429,0.06482328258647588,0.06482328258647588,1,0.0,Remote-Deny
HARV-03476,77082,0.01626283367556468,0.01626283367556468,0,0.0,Remote-Deny
HARV-03477,77083,0.006111202051617831,0.006111202051617831,0,0.0,Remote-Deny
HARV-03478,77069,0.039105129137868316,0.039105129137868316,1,0.0,Remote-Deny
HARV-03479,77493,0.017057885563837284,0.017057885563837284,0,0.0,Remote-Deny
HARV-03480,77450,0.052482670816239925,0.052482670816239925,1,0.0,Remote-Deny
HARV-03481,77449,0.005841453031879671,0.005841453031879671,0,0.0,Remote-Deny
HARV-03482,77433,0.009332949787451658,0.009332949787451658,0,0.0,Remote-Deny
HARV-03483,77493,0.017057885563837284,0.017057885563837284,0,0.0,Remote-Deny
HARV-03484,77493,0.017057885563837284,0.017057885563837284,0,0.0,Remote-Deny
HARV-03485,77450,0.052482670816239925,0.052482670816239925,1,0.0,Remote-Deny
HARV-03486,77493,0.017057885563837284,0.017057885563837284,0,0.0,Remote-Deny
HARV-03487,77429,0.06482328258647588,0.06482328258647588,1,0.0,Review
HARV-03488,77493,0.017057885563837284,0.017057885563837284,0,0.0,Remote-Deny
HARV-03489,77450,0.052482670816239925,0.052482670816239925,1,0.0,Remote-Deny
HARV-03490,77493,0.017057885563837284,0.017057885563837284,0,0.1765,Review
HARV-03491,77449,0.005841453031879671,0.005841453031879671,0,0.0,Remote-Deny
HARV-03492,77036,0.00867426204039358,0.00867426204039358,0,0.0,Remote-Deny
HARV-03493,77095,0.005858093542037679,0.005858093542037679,0,0.0,Remote-Deny
HARV-03494,77066,0.012061513719971858,0.012061513719971858,0,0.0,Remote-Deny
HARV-03495,77493,0.017057885563837284,0.017057885563837284,0,0.0,Remote-Deny
HARV-03496,77095,0.005858093542037679,0.005858093542037679,0,0.0,Remote-Deny
HARV-03497,77036,0.00867426204039358,0.00867426204039358,0,0.0,Remote-Deny
HARV-03498,77064,0.003712429499535946,0.003712429499535946,0,0.0,Remote-Deny
HARV-03499,77072,0.02838533290447089,0.02838533290447089,1,0.0,Remote-Deny
HARV-03500,77066,0.012061513719971858,0.012061513719971858,0,0.0,Remote-Deny
HARV-03501,77450,0.052482670816239925,0.052482670816239925,1,0.0,Remote-Deny
HARV-03502,77429,0.06482328258647588,0.06482328258647588,1,0.0,Remote-Deny
HARV-03503,77494,0.004935030843942775,0.004935030843942775,0,0.0,Remote-Deny
HARV-03504,77494,0.004935030843942775,0.004935030843942775,0,0.0,Remote-Deny
HARV-03505,77083,0.006111202051617831,0.006111202051617831,0,0.0,Remote-Deny
HARV-03506,77083,0.006111202051617831,0.006111202051617831,0,0.0,Remote-Deny
HARV-03507,77433,0.009332949787451658,0.009332949787451658,0,0.0,Remote-Deny
HARV-03508,77077,0.05631399317406143,0.05631399317406143,1,0.0,Remote-Deny
HARV-03509,77036,0.00867426204039358,0.00867426204039358,0,0.0,Remote-Deny
HARV-03510,77040,0.023003472222222224,0.023003472222222224,1,0.0,Remote-Deny
HARV-03511,77024,0.09987458670619086,0.09987458670619086,1,0.0,Remote-Deny
HARV-03512,77449,0.005841453031879671,0.005841453031879671,0,0.0,Remote-Deny
HARV-03513,77449,0.005841453031879671,0.005841453031879671,0,0.0,Remote-Deny
HARV-03514,77043,0.017116989673221106,0.017116989673221106,0,0.0,Remote-Deny
HARV-03517,77083,0.006111202051617831,0.006111202051617831,0,0.0,Remote-Deny
HARV-03518,77449,0.005841453031879671,0.005841453031879671,0,0.0,Remote-Deny
HARV-03520,77407,0.008085317460317461,0.008085317460317461,0,0.0,Remote-Deny
HARV-03521,77407,0.008085317460317461,0.008085317460317461,0,0.0,Remote-Deny
HARV-03522,77088,0.11325141149119894,0.11325141149119894,1,0.0,Remote-Deny
HARV-03523,77494,0.004935030843942775,0.004935030843942775,0,0.0,Remote-Deny
HARV-03524,77450,0.052482670816239925,0.052482670816239925,1,0.0,Remote-Deny
HARV-03525,77041,0.0503968253968254,0.0503968253968254,1,0.0,Remote-Deny
HARV-03526,77083,0.006111202051617831,0.006111202051617831,0,0.0,Remote-Deny
HARV-03527,77024,0.09987458670619086,0.09987458670619086,1,0.0,Remote-Deny
HARV-03528,77055,0.010185185185185186,0.010185185185185186,0,0.0,Remote-Deny
HARV-03529,77066,0.012061513719971858,0.012061513719971858,0,0.0,Remote-Deny
HARV-03530,77036,0.00867426204039358,0.00867426204039358,0,0.0,Remote-Deny
HARV-03531,77066,0.012061513719971858,0.012061513719971858,0,0.0,Remote-Deny
HARV-03532,77449,0.005841453031879671,0.005841453031879671,0,0.0,Remote-Deny
HARV-03533,77095,0.005858093542037679,0.005858093542037679,0,0.0,Remote-Deny
HARV-03534,77086,0.005219605346912795,0.005219605346912795,0,0.0,Remote-Deny
HARV-03535,77086,0.005219605346912795,0.005219605346912795,0,0.0,Remote-Deny
HARV-03536,77493,0.017057885563837284,0.017057885563837284,0,0.0,Review
HARV-03537,77088,0.11325141149119894,0.11325141149119894,1,0.0,Remote-Deny
HARV-03538,77441,0.013941940412528648,0.013941940412528648,0,0.0,Remote-Deny
HARV-03539,77066,0.012061513719971858,0.012061513719971858,0,0.0,Remote-Deny
HARV-03540,77449,0.005841453031879671,0.005841453031879671,0,0.0,Remote-Deny
HARV-03541,77042,0.10466556564822461,0.10466556564822461,1,0.0,Remote-Deny
HARV-03542,77494,0.004935030843942775,0.004935030843942775,0,0.0,Remote-Deny
HARV-03543,77433,0.009332949787451658,0.009332949787451658,0,0.0,Remote-Deny
HARV-03544,77407,0.008085317460317461,0.008085317460317461,0,0.0,Remote-Deny
HARV-03546,77493,0.017057885563837284,0.017057885563837284,0,0.0,Review
HARV-03547,77086,0.005219605346912795,0.005219605346912795,0,0.0,Remote-Deny
HARV-03548,77450,0.052482670816239925,0.052482670816239925,1,0.0,Remote-Deny
HARV-03549,77433,0.009332949787451658,0.009332949787451658,0,0.0,Remote-Deny
HARV-03550,77083,0.006111202051617831,0.006111202051617831,0,0.0,Remote-Deny
HARV-03551,77082,0.01626283367556468,0.01626283367556468,0,0.0,Remote-Deny
HARV-03552,77080,0.011360297718147096,0.011360297718147096,0,0.0,Remote-Deny
HARV-03553,77055,0.010185185185185186,0.010185185185185186,0,0.0,Remote-Deny
HARV-03554,77064,0.003712429499535946,0.003712429499535946,0,0.0,Remote-Deny
HARV-03555,77095,0.005858093542037679,0.005858093542037679,0,0.0,Remote-Deny
HARV-03556,77407,0.008085317460317461,0.008085317460317461,0,0.0,Remote-Deny
HARV-03557,77072,0.02838533290447089,0.02838533290447089,1,0.0,Remote-Deny
HARV-03558,77040,0.023003472222222224,0.023003472222222224,1,0.0,Remote-Deny
HARV-03559,77494,0.004935030843942775,0.004935030843942775,0,0.0,Remote-Deny
HARV-03560,77406,0.08215403882279274,0.08215403882279274,1,0.0,Remote-Deny
HARV-03561,77057,0.02477291494632535,0.02477291494632535,1,0.0,Remote-Deny
HARV-03562,77433,0.009332949787451658,0.009332949787451658,0,0.0,Remote-Deny
HARV-03563,77072,0.02838533290447089,0.02838533290447089,1,0.0,Remote-Deny
HARV-03564,77080,0.011360297718147096,0.011360297718147096,0,0.0,Remote-Deny
HARV-03565,77086,0.005219605346912795,0.005219605346912795,0,0.0,Remote-Deny
HARV-03566,77082,0.01626283367556468,0.01626283367556468,0,0.0,Remote-Deny
HARV-03567,77088,0.11325141149119894,0.11325141149119894,1,0.0,Remote-Deny
HARV-03568,77433,0.009332949787451658,0.009332949787451658,0,0.0,Remote-Deny
HARV-03569,77493,0.017057885563837284,0.017057885563837284,0,0.0,Remote-Deny
HARV-03570,77449,0.005841453031879671,0.005841453031879671,0,0.0,Remote-Deny
HARV-03571,77095,0.005858093542037679,0.005858093542037679,0,0.0,Remote-Deny
HARV-03572,77057,0.02477291494632535,0.02477291494632535,1,0.0,Remote-Deny
HARV-03574,77079,0.20565767486273576,0.20565767486273576,1,0.0,Remote-Deny
HARV-03575,77080,0.011360297718147096,0.011360297718147096,0,0.0,Remote-Deny
HARV-03576,77493,0.017057885563837284,0.017057885563837284,0,0.0,Remote-Deny
HARV-03577,77088,0.11325141149119894,0.11325141149119894,1,0.0,Remote-Deny
HARV-03578,77063,0.08053251855085115,0.08053251855085115,1,0.0,Remote-Deny
HARV-03579,77450,0.052482670816239925,0.052482670816239925,1,0.0,Remote-Deny
HARV-03580,77072,0.02838533290447089,0.02838533290447089,1,0.0,Remote-Deny
HARV-03582,77493,0.017057885563837284,0.017057885563837284,0,0.0,Remote-Deny
HARV-03583,77083,0.006111202051617831,0.006111202051617831,0,0.0,Remote-Deny
HARV-03584,77088,0.11325141149119894,0.11325141149119894,1,0.0,Remote-Deny
HARV-03585,77433,0.009332949787451658,0.009332949787451658,0,0.0,Remote-Deny
HARV-03587,77407,0.008085317460317461,0.008085317460317461,0,0.0,Remote-Deny
HARV-03588,77449,0.005841453031879671,0.005841453031879671,0,0.0,Remote-Deny
HARV-03589,77072,0.02838533290447089,0.02838533290447089,1,0.0,Remote-Deny
HARV-03590,77449,0.005841453031879671,0.005841453031879671,0,0.0,Remote-Deny
HARV-03591,77083,0.006111202051617831,0.006111202051617831,0,0.0,Remote-Deny
HARV-03592,77080,0.011360297718147096,0.011360297718147096,0,0.0,Remote-Deny
HARV-03593,77407,0.008085317460317461,0.008085317460317461,0,0.0,Remote-Deny
HARV-03594,77407,0.008085317460317461,0.008085317460317461,0,0.0,Remote-Deny
HARV-03595,77070,0.09280478992464128,0.09280478992464128,1,0.0,Remote-Deny
HARV-03597,77043,0.017116989673221106,0.017116989673221106,0,0.0,Remote-Deny
HARV-03598,77493,0.017057885563837284,0.017057885563837284,0,0.0,Remote-Deny
HARV-03599,77024,0.09987458670619086,0.09987458670619086,1,0.0,Remote-Deny
HARV-03600,77066,0.012061513719971858,0.012061513719971858,0,0.0,Remote-Deny
HARV-03601,77407,0.008085317460317461,0.008085317460317461,0,0.0,Remote-Deny
HARV-03602,77449,0.005841453031879671,0.005841453031879671,0,0.0,Remote-Deny
HARV-03603,77083,0.006111202051617831,0.006111202051617831,0,0.0,Remote-Deny
HARV-03604,77449,0.005841453031879671,0.005841453031879671,0,0.0,Remote-Deny
HARV-03606,77433,0.009332949787451658,0.009332949787451658,0,0.0,Remote-Deny
HARV-03607,77449,0.005841453031879671,0.005841453031879671,0,0.0,Remote-Deny
HARV-03608,77082,0.01626283367556468,0.01626283367556468,0,0.0,Remote-Deny
HARV-03609,77494,0.004935030843942775,0.004935030843942775,0,0.0,Remote-Deny
HARV-03610,77080,0.011360297718147096,0.011360297718147096,0,0.0,Remote-Deny
HARV-03611,77063,0.08053251855085115,0.08053251855085115,1,0.0,Remote-Deny
HARV-03612,77072,0.02838533290447089,0.02838533290447089,1,0.0,Remote-Deny
HARV-03613,77042,0.10466556564822461,0.10466556564822461,1,0.0,Remote-Deny
HARV-03614,77065,0.037514853165846206,0.037514853165846206,1,0.0,Remote-Deny
HARV-03615,77449,0.005841453031879671,0.005841453031879671,0,0.0,Remote-Deny
HARV-03616,77433,0.009332949787451658,0.009332949787451658,0,0.0,Remote-Deny
HARV-03617,77079,0.20565767486273576,0.20565767486273576,1,0.0,Remote-Deny
HARV-03619,77055,0.010185185185185186,0.010185185185185186,0,0.0,Remote-Deny
HARV-03620,77092,0.051518119490695395,0.051518119490695395,1,0.0,Remote-Deny
HARV-03621,77084,0.05629127253257184,0.05629127253257184,1,0.0,Remote-Deny
HARV-03622,77084,0.05629127253257184,0.05629127253257184,1,0.0,Remote-Deny
HARV-03623,77036,0.00867426204039358,0.00867426204039358,0,0.0,Remote-Deny
HARV-03624,77064,0.003712429499535946,0.003712429499535946,0,0.0,Remote-Deny
HARV-03625,77099,0.04039958865873365,0.04039958865873365,1,0.0,Remote-Deny
HARV-03626,77082,0.01626283367556468,0.01626283367556468,0,0.0,Remote-Deny
HARV-03627,77433,0.009332949787451658,0.009332949787451658,0,0.0,Remote-Deny
HARV-03628,77072,0.02838533290447089,0.02838533290447089,1,0.0,Remote-Deny
HARV-03629,77065,0.037514853165846206,0.037514853165846206,1,0.0,Remote-Deny
HARV-03630,77449,0.005841453031879671,0.005841453031879671,0,0.0,Remote-Deny
HARV-03631,77429,0.06482328258647588,0.06482328258647588,1,0.0,Remote-Deny
HARV-03632,77040,0.023003472222222224,0.023003472222222224,1,0.0,Remote-Deny
HARV-03633,77433,0.009332949787451658,0.009332949787451658,0,0.0,Remote-Deny
HARV-03634,77096,0.2997135354499881,0.2997135354499881,1,0.0,Remote-Deny
HARV-03635,77406,0.08215403882279274,0.08215403882279274,1,0.0,Remote-Deny
HARV-03636,77429,0.06482328258647588,0.06482328258647588,1,0.0,Remote-Deny
HARV-03637,77055,0.010185185185185186,0.010185185185185186,0,0.0,Remote-Deny
HARV-03638,77084,0.05629127253257184,0.05629127253257184,1,0.0,Remote-Deny
HARV-03639,77494,0.004935030843942775,0.004935030843942775,0,0.0,Remote-Deny
HARV-03640,77064,0.003712429499535946,0.003712429499535946,0,0.0,Remote-Deny
HARV-03641,77065,0.037514853165846206,0.037514853165846206,1,0.0,Remote-Deny
HARV-03642,77079,0.20565767486273576,0.20565767486273576,1,0.0,Remote-Deny
HARV-03643,77441,0.013941940412528648,0.013941940412528648,0,0.0,Remote-Deny
HARV-03644,77083,0.006111202051617831,0.006111202051617831,0,0.0,Remote-Deny
HARV-03645,77036,0.00867426204039358,0.00867426204039358,0,0.0,Remote-Deny
HARV-03646,77041,0.0503968253968254,0.0503968253968254,1,0.0,Remote-Deny
HARV-03647,77088,0.11325141149119894,0.11325141149119894,1,0.0,Remote-Deny
HARV-03648,77043,0.017116989673221106,0.017116989673221106,0,0.0,Remote-Deny
HARV-03649,77407,0.008085317460317461,0.008085317460317461,0,0.0,Remote-Deny
HARV-03650,77066,0.012061513719971858,0.012061513719971858,0,0.0,Remote-Deny
HARV-03651,77407,0.008085317460317461,0.008085317460317461,0,0.0,Remote-Deny
HARV-03652,77096,0.2997135354499881,0.2997135354499881,1,0.0,Remote-Deny
HARV-03653,77099,0.04039958865873365,0.04039958865873365,1,0.0,Review
HARV-03654,77083,0.006111202051617831,0.006111202051617831,0,0.0,Remote-Deny
HARV-03655,77494,0.004935030843942775,0.004935030843942775,0,0.0,Remote-Deny
HARV-03656,77433,0.009332949787451658,0.009332949787451658,0,0.0,Remote-Deny
HARV-03657,77086,0.005219605346912795,0.005219605346912795,0,0.0,Remote-Deny
HARV-03658,77036,0.00867426204039358,0.00867426204039358,0,0.0,Remote-Deny
HARV-03659,77074,0.19030222517436068,0.19030222517436068,1,0.0,Remote-Deny
HARV-03660,77069,0.039105129137868316,0.039105129137868316,1,0.0,Remote-Deny
HARV-03661,77069,0.039105129137868316,0.039105129137868316,1,0.0,Remote-Deny
HARV-03662,77494,0.004935030843942775,0.004935030843942775,0,0.0,Remote-Deny
HARV-03663,77449,0.005841453031879671,0.005841453031879671,0,0.0,Remote-Deny
HARV-03664,77072,0.02838533290447089,0.02838533290447089,1,0.0,Remote-Deny
HARV-03665,77493,0.017057885563837284,0.017057885563837284,0,0.2013,Review
HARV-03666,77083,0.006111202051617831,0.006111202051617831,0,0.0,Remote-Deny
HARV-03667,77042,0.10466556564822461,0.10466556564822461,1,0.0,Remote-Deny
HARV-03668,77040,0.023003472222222224,0.023003472222222224,1,0.0,Remote-Deny
HARV-03669,77083,0.006111202051617831,0.006111202051617831,0,0.0,Remote-Deny
HARV-03670,77449,0.005841453031879671,0.005841453031879671,0,0.0,Remote-Deny
HARV-03671,77066,0.012061513719971858,0.012061513719971858,0,0.0,Remote-Deny
HARV-03672,77086,0.005219605346912795,0.005219605346912795,0,0.0,Remote-Deny
HARV-03673,77042,0.10466556564822461,0.10466556564822461,1,0.0,Remote-Deny
HARV-03674,77450,0.052482670816239925,0.052482670816239925,1,0.0,Remote-Deny
HARV-03675,77099,0.04039958865873365,0.04039958865873365,1,0.0,Remote-Deny
HARV-03676,77407,0.008085317460317461,0.008085317460317461,0,0.0,Remote-Deny
HARV-03677,77070,0.09280478992464128,0.09280478992464128,1,0.0,Remote-Deny
HARV-03678,77494,0.004935030843942775,0.004935030843942775,0,0.0,Remote-Deny
HARV-03680,77429,0.06482328258647588,0.06482328258647588,1,0.0,Remote-Deny
HARV-03681,77095,0.005858093542037679,0.005858093542037679,0,0.0,Remote-Deny
HARV-03682,77406,0.08215403882279274,0.08215403882279274,1,0.0,Remote-Deny
HARV-03683,77449,0.005841453031879671,0.005841453031879671,0,0.0,Remote-Deny
HARV-03684,77493,0.017057885563837284,0.017057885563837284,0,0.0,Remote-Deny
HARV-03685,77082,0.01626283367556468,0.01626283367556468,0,0.0,Remote-Deny
HARV-03686,77406,0.08215403882279274,0.08215403882279274,1,0.0,Remote-Deny
HARV-03687,77079,0.20565767486273576,0.20565767486273576,1,0.0,Remote-Deny
HARV-03688,77055,0.010185185185185186,0.010185185185185186,0,0.0,Remote-Deny
HARV-03689,77084,0.05629127253257184,0.05629127253257184,1,0.0,Remote-Deny
HARV-03690,77494,0.004935030843942775,0.004935030843942775,0,0.0,Remote-Deny
HARV-03691,77449,0.005841453031879671,0.005841453031879671,0,0.0,Remote-Deny
HARV-03692,77070,0.09280478992464128,0.09280478992464128,1,0.0,Remote-Deny
HARV-03693,77036,0.00867426204039358,0.00867426204039358,0,0.0,Remote-Deny
HARV-03694,77493,0.017057885563837284,0.017057885563837284,0,0.0,Remote-Deny
HARV-03695,77072,0.02838533290447089,0.02838533290447089,1,0.0,Remote-Deny
HARV-03696,77084,0.05629127253257184,0.05629127253257184,1,0.0,Remote-Deny
HARV-03697,77095,0.005858093542037679,0.005858093542037679,0,0.0,Remote-Deny
HARV-03698,77407,0.008085317460317461,0.008085317460317461,0,0.0,Remote-Deny
HARV-03699,77070,0.09280478992464128,0.09280478992464128,1,0.0,Remote-Deny
HARV-03700,77433,0.009332949787451658,0.009332949787451658,0,0.0,Remote-Deny
HARV-03702,77449,0.005841453031879671,0.005841453031879671,0,0.0,Remote-Deny
HARV-03703,77041,0.0503968253968254,0.0503968253968254,1,0.0,Remote-Deny
HARV-03704,77494,0.004935030843942775,0.004935030843942775,0,0.0,Remote-Deny
HARV-03705,77407,0.008085317460317461,0.008085317460317461,0,0.0,Remote-Deny
HARV-03706,77494,0.004935030843942775,0.004935030843942775,0,0.0,Remote-Deny
HARV-03707,77055,0.010185185185185186,0.010185185185185186,0,0.0,Remote-Deny
HARV-03708,77407,0.008085317460317461,0.008085317460317461,0,0.0,Remote-Deny
HARV-03709,77077,0.05631399317406143,0.05631399317406143,1,0.0,Remote-Deny
HARV-03710,77064,0.003712429499535946,0.003712429499535946,0,0.0,Remote-Deny
HARV-03711,77429,0.06482328258647588,0.06482328258647588,1,0.0,Remote-Deny
HARV-03712,77014,0.003607044345427541,0.003607044345427541,0,0.0,Remote-Deny
HARV-03713,77080,0.011360297718147096,0.011360297718147096,0,0.0,Remote-Deny
HARV-03714,77072,0.02838533290447089,0.02838533290447089,1,0.0,Remote-Deny
HARV-03715,77024,0.09987458670619086,0.09987458670619086,1,0.0,Remote-Deny
HARV-03716,77082,0.01626283367556468,0.01626283367556468,0,0.0,Remote-Deny
HARV-03717,77084,0.05629127253257184,0.05629127253257184,1,0.0,Remote-Deny
HARV-03718,77083,0.006111202051617831,0.006111202051617831,0,0.0,Remote-Deny
HARV-03719,77449,0.005841453031879671,0.005841453031879671,0,0.0,Remote-Deny
HARV-03720,77449,0.005841453031879671,0.005841453031879671,0,0.0,Remote-Deny
HARV-03721,77088,0.11325141149119894,0.11325141149119894,1,0.0,Remote-Deny
HARV-03722,77080,0.011360297718147096,0.011360297718147096,0,0.0,Remote-Deny
HARV-03723,77095,0.005858093542037679,0.005858093542037679,0,0.0,Remote-Deny
HARV-03724,77450,0.052482670816239925,0.052482670816239925,1,0.0,Remote-Deny
HARV-03725,77429,0.06482328258647588,0.06482328258647588,1,0.0,Remote-Deny
HARV-03726,77449,0.005841453031879671,0.005841453031879671,0,0.0,Remote-Deny
HARV-03727,77070,0.09280478992464128,0.09280478992464128,1,0.0,Remote-Deny
HARV-03728,77077,0.05631399317406143,0.05631399317406143,1,0.0,Remote-Deny
HARV-03729,77449,0.005841453031879671,0.005841453031879671,0,0.0,Remote-Deny
HARV-03730,77070,0.09280478992464128,0.09280478992464128,1,0.0,Remote-Deny
HARV-03731,77494,0.004935030843942775,0.004935030843942775,0,0.0,Remote-Deny
HARV-03732,77084,0.05629127253257184,0.05629127253257184,1,0.0,Remote-Deny
HARV-03733,77494,0.004935030843942775,0.004935030843942775,0,0.0,Remote-Deny
HARV-03734,77429,0.06482328258647588,0.06482328258647588,1,0.0,Remote-Deny
HARV-03735,77494,0.004935030843942775,0.004935030843942775,0,0.0,Remote-Deny
HARV-03736,77096,0.2997135354499881,0.2997135354499881,1,0.0,Remote-Deny
HARV-03737,77086,0.005219605346912795,0.005219605346912795,0,0.0,Remote-Deny
HARV-03738,77494,0.004935030843942775,0.004935030843942775,0,0.0,Remote-Deny
HARV-03739,77084,0.05629127253257184,0.05629127253257184,1,0.0,Remote-Deny
HARV-03740,77063,0.08053251855085115,0.08053251855085115,1,0.0,Remote-Deny
HARV-03741,77494,0.004935030843942775,0.004935030843942775,0,0.0,Remote-Deny
HARV-03742,77064,0.003712429499535946,0.003712429499535946,0,0.0,Remote-Deny
HARV-03743,77494,0.004935030843942775,0.004935030843942775,0,0.0,Remote-Deny
HARV-03744,77069,0.039105129137868316,0.039105129137868316,1,0.0,Remote-Deny
HARV-03745,77043,0.017116989673221106,0.017116989673221106,0,0.0,Remote-Deny
HARV-03746,77433,0.009332949787451658,0.009332949787451658,0,0.0,Remote-Deny
HARV-03747,77041,0.0503968253968254,0.0503968253968254,1,0.0,Remote-Deny
HARV-03748,77494,0.004935030843942775,0.004935030843942775,0,0.0,Remote-Deny
HARV-03749,77450,0.052482670816239925,0.052482670816239925,1,0.0,Remote-Deny
HARV-03750,77494,0.004935030843942775,0.004935030843942775,0,0.0,Remote-Deny
HARV-03751,77036,0.00867426204039358,0.00867426204039358,0,0.0,Remote-Deny
HARV-03752,77493,0.017057885563837284,0.017057885563837284,0,0.0,Remote-Deny
HARV-03753,77072,0.02838533290447089,0.02838533290447089,1,0.0,Remote-Deny
HARV-03754,77441,0.013941940412528648,0.013941940412528648,0,0.0,Remote-Deny
HARV-03755,77494,0.004935030843942775,0.004935030843942775,0,0.0,Remote-Deny
HARV-03756,77450,0.052482670816239925,0.052482670816239925,1,0.0,Remote-Deny
HARV-03757,77064,0.003712429499535946,0.003712429499535946,0,0.0,Remote-Deny
HARV-03758,77450,0.052482670816239925,0.052482670816239925,1,0.0,Remote-Deny
HARV-03759,77450,0.052482670816239925,0.052482670816239925,1,0.0,Remote-Deny
HARV-03760,77449,0.005841453031879671,0.005841453031879671,0,0.0,Remote-Deny
HARV-03761,77092,0.051518119490695395,0.051518119490695395,1,0.0,Remote-Deny
HARV-03762,77083,0.006111202051617831,0.006111202051617831,0,0.0,Remote-Deny
HARV-03763,77040,0.023003472222222224,0.023003472222222224,1,0.0,Remote-Deny
HARV-03764,77407,0.008085317460317461,0.008085317460317461,0,0.0,Remote-Deny
HARV-03766,77084,0.05629127253257184,0.05629127253257184,1,0.0,Remote-Deny
HARV-03767,77433,0.009332949787451658,0.009332949787451658,0,0.0,Remote-Deny
HARV-03768,77449,0.005841453031879671,0.005841453031879671,0,0.0,Remote-Deny
HARV-03769,77449,0.005841453031879671,0.005841453031879671,0,0.0,Remote-Deny
HARV-03770,77450,0.052482670816239925,0.052482670816239925,1,0.0,Remote-Deny
HARV-03771,77449,0.005841453031879671,0.005841453031879671,0,0.0,Remote-Deny
HARV-03772,77084,0.05629127253257184,0.05629127253257184,1,0.0,Remote-Deny
HARV-03773,77043,0.017116989673221106,0.017116989673221106,0,0.0,Remote-Deny
HARV-03774,77429,0.06482328258647588,0.06482328258647588,1,0.0,Remote-Deny
HARV-03775,77406,0.08215403882279274,0.08215403882279274,1,0.0,Remote-Deny
HARV-03776,77079,0.20565767486273576,0.20565767486273576,1,0.0,Remote-Deny
HARV-03777,77449,0.005841453031879671,0.005841453031879671,0,0.0,Remote-Deny
HARV-03778,77493,0.017057885563837284,0.017057885563837284,0,0.0,Remote-Deny
HARV-03779,77072,0.02838533290447089,0.02838533290447089,1,0.0,Remote-Deny
HARV-03780,77083,0.006111202051617831,0.006111202051617831,0,0.0,Remote-Deny
HARV-03781,77086,0.005219605346912795,0.005219605346912795,0,0.0,Remote-Deny
HARV-03782,77072,0.02838533290447089,0.02838533290447089,1,0.0,Remote-Deny
HARV-03783,77099,0.04039958865873365,0.04039958865873365,1,0.0,Remote-Deny
HARV-03784,77083,0.006111202051617831,0.006111202051617831,0,0.0,Remote-Deny
HARV-03785,77407,0.008085317460317461,0.008085317460317461,0,0.0,Remote-Deny
HARV-03786,77086,0.005219605346912795,0.005219605346912795,0,0.0,Remote-Deny
HARV-03787,77406,0.08215403882279274,0.08215403882279274,1,0.0,Remote-Deny
HARV-03788,77441,0.013941940412528648,0.013941940412528648,0,0.0,Remote-Deny
HARV-03789,77086,0.005219605346912795,0.005219605346912795,0,0.0,Remote-Deny
HARV-03790,77429,0.06482328258647588,0.06482328258647588,1,0.0,Remote-Deny
HARV-03791,77072,0.02838533290447089,0.02838533290447089,1,0.0,Remote-Deny
HARV-03792,77449,0.005841453031879671,0.005841453031879671,0,0.0,Remote-Deny
HARV-03793,77055,0.010185185185185186,0.010185185185185186,0,0.0,Remote-Deny
HARV-03794,77433,0.009332949787451658,0.009332949787451658,0,0.0,Remote-Deny
HARV-03795,77450,0.052482670816239925,0.052482670816239925,1,0.0,Remote-Deny
HARV-03796,77082,0.01626283367556468,0.01626283367556468,0,0.0,Remote-Deny
HARV-03797,77099,0.04039958865873365,0.04039958865873365,1,0.0,Remote-Deny
HARV-03799,77433,0.009332949787451658,0.009332949787451658,0,0.0,Remote-Deny
HARV-03800,77083,0.006111202051617831,0.006111202051617831,0,0.0,Remote-Deny
HARV-03801,77086,0.005219605346912795,0.005219605346912795,0,0.0,Remote-Deny
HARV-03802,77084,0.05629127253257184,0.05629127253257184,1,0.0,Remote-Deny
HARV-03803,77083,0.006111202051617831,0.006111202051617831,0,0.0,Remote-Deny
HARV-03804,77040,0.023003472222222224,0.023003472222222224,1,0.0,Remote-Deny
HARV-03805,77055,0.010185185185185186,0.010185185185185186,0,0.0,Remote-Deny
HARV-03806,77086,0.005219605346912795,0.005219605346912795,0,0.0,Remote-Deny
HARV-03807,77083,0.006111202051617831,0.006111202051617831,0,0.0,Remote-Deny
HARV-03808,77083,0.006111202051617831,0.006111202051617831,0,0.0,Remote-Deny
HARV-03809,77065,0.037514853165846206,0.037514853165846206,1,0.0,Remote-Deny
HARV-03810,77433,0.009332949787451658,0.009332949787451658,0,0.0,Remote-Deny
HARV-03811,77063,0.08053251855085115,0.08053251855085115,1,0.0,Remote-Deny
HARV-03812,77095,0.005858093542037679,0.005858093542037679,0,0.0,Remote-Deny
HARV-03813,77064,0.003712429499535946,0.003712429499535946,0,0.0,Remote-Deny
HARV-03814,77494,0.004935030843942775,0.004935030843942775,0,0.0,Remote-Deny
HARV-03815,77077,0.05631399317406143,0.05631399317406143,1,0.0,Remote-Deny
HARV-03816,77077,0.05631399317406143,0.05631399317406143,1,0.0,Remote-Deny
HARV-03817,77043,0.017116989673221106,0.017116989673221106,0,0.0,Review
HARV-03818,77083,0.006111202051617831,0.006111202051617831,0,0.0,Remote-Deny
HARV-03819,77407,0.008085317460317461,0.008085317460317461,0,0.0,Remote-Deny
HARV-03820,77450,0.052482670816239925,0.052482670816239925,1,0.0,Remote-Deny
HARV-03821,77080,0.011360297718147096,0.011360297718147096,0,0.0,Remote-Deny
HARV-03822,77493,0.017057885563837284,0.017057885563837284,0,0.0,Remote-Deny
HARV-03823,77084,0.05629127253257184,0.05629127253257184,1,0.0,Remote-Deny
HARV-03824,77494,0.004935030843942775,0.004935030843942775,0,0.0,Remote-Deny
HARV-03825,77084,0.05629127253257184,0.05629127253257184,1,0.0,Remote-Deny
HARV-03826,77493,0.017057885563837284,0.017057885563837284,0,0.0815,Review
HARV-03827,77084,0.05629127253257184,0.05629127253257184,1,0.0,Remote-Deny
HARV-03828,77407,0.008085317460317461,0.008085317460317461,0,0.0,Remote-Deny
HARV-03829,77494,0.004935030843942775,0.004935030843942775,0,0.0,Remote-Deny
HARV-03830,77433,0.009332949787451658,0.009332949787451658,0,0.0,Remote-Deny
HARV-03831,77449,0.005841453031879671,0.005841453031879671,0,0.3683,Review
HARV-03832,77449,0.005841453031879671,0.005841453031879671,0,0.0,Remote-Deny
HARV-03833,77433,0.009332949787451658,0.009332949787451658,0,0.0,Remote-Deny
HARV-03835,77074,0.19030222517436068,0.19030222517436068,1,0.0,Remote-Deny
HARV-03836,77086,0.005219605346912795,0.005219605346912795,0,0.0,Remote-Deny
HARV-03837,77449,0.005841453031879671,0.005841453031879671,0,0.0,Remote-Deny
HARV-03838,77493,0.017057885563837284,0.017057885563837284,0,0.0,Remote-Deny
HARV-03839,77433,0.009332949787451658,0.009332949787451658,0,0.0,Remote-Deny
HARV-03840,77433,0.009332949787451658,0.009332949787451658,0,0.0,Remote-Deny
HARV-03842,77494,0.004935030843942775,0.004935030843942775,0,0.0,Remote-Deny
HARV-03843,77450,0.052482670816239925,0.052482670816239925,1,0.0,Remote-Deny
HARV-03844,77084,0.05629127253257184,0.05629127253257184,1,0.0,Remote-Deny
HARV-03845,77065,0.037514853165846206,0.037514853165846206,1,0.0,Remote-Deny
HARV-03846,77449,0.005841453031879671,0.005841453031879671,0,0.0,Remote-Deny
HARV-03847,77407,0.008085317460317461,0.008085317460317461,0,0.0,Remote-Deny
HARV-03848,77450,0.052482670816239925,0.052482670816239925,1,0.0,Remote-Deny
HARV-03849,77092,0.051518119490695395,0.051518119490695395,1,0.0,Review
HARV-03850,77449,0.005841453031879671,0.005841453031879671,0,0.7233,Review
HARV-03851,77084,0.05629127253257184,0.05629127253257184,1,0.0,Remote-Deny
HARV-03852,77429,0.06482328258647588,0.06482328258647588,1,0.0,Remote-Deny
HARV-03853,77450,0.052482670816239925,0.052482670816239925,1,0.0,Remote-Deny
HARV-03854,77066,0.012061513719971858,0.012061513719971858,0,0.0,Remote-Deny
HARV-03855,77494,0.004935030843942775,0.004935030843942775,0,0.0,Remote-Deny
HARV-03856,77095,0.005858093542037679,0.005858093542037679,0,0.0,Remote-Deny
HARV-03857,77493,0.017057885563837284,0.017057885563837284,0,0.0,Remote-Deny
HARV-03858,77036,0.00867426204039358,0.00867426204039358,0,0.0,Review
HARV-03859,77095,0.005858093542037679,0.005858093542037679,0,0.0,Remote-Deny
HARV-03860,77433,0.009332949787451658,0.009332949787451658,0,0.0,Remote-Deny
HARV-03861,77095,0.005858093542037679,0.005858093542037679,0,0.0,Remote-Deny
HARV-03862,77077,0.05631399317406143,0.05631399317406143,1,0.0,Review
HARV-03864,77063,0.08053251855085115,0.08053251855085115,1,0.0,Remote-Deny
HARV-03865,77493,0.017057885563837284,0.017057885563837284,0,0.0,Remote-Deny
HARV-03866,77084,0.05629127253257184,0.05629127253257184,1,0.0,Remote-Deny
HARV-03867,77024,0.09987458670619086,0.09987458670619086,1,0.0,Remote-Deny
HARV-03868,77083,0.006111202051617831,0.006111202051617831,0,0.0,Remote-Deny
HARV-03869,77449,0.005841453031879671,0.005841453031879671,0,0.0,Remote-Deny
HARV-03870,77433,0.009332949787451658,0.009332949787451658,0,0.0,Remote-Deny
HARV-03871,77494,0.004935030843942775,0.004935030843942775,0,0.0,Remote-Deny
HARV-03872,77406,0.08215403882279274,0.08215403882279274,1,0.0,Remote-Deny
HARV-03873,77040,0.023003472222222224,0.023003472222222224,1,0.0,Remote-Deny
HARV-03874,77494,0.004935030843942775,0.004935030843942775,0,0.0,Remote-Deny
HARV-03875,77494,0.004935030843942775,0.004935030843942775,0,0.0,Remote-Deny
HARV-03876,77079,0.20565767486273576,0.20565767486273576,1,0.0,Remote-Deny
HARV-03877,77084,0.05629127253257184,0.05629127253257184,1,0.0,Remote-Deny
HARV-03878,77095,0.005858093542037679,0.005858093542037679,0,0.0,Remote-Deny
HARV-03879,77429,0.06482328258647588,0.06482328258647588,1,0.0,Remote-Deny
HARV-03880,77433,0.009332949787451658,0.009332949787451658,0,0.0,Remote-Deny
HARV-03881,77494,0.004935030843942775,0.004935030843942775,0,0.0,Remote-Deny
HARV-03882,77433,0.009332949787451658,0.009332949787451658,0,0.0,Remote-Deny
HARV-03883,77086,0.005219605346912795,0.005219605346912795,0,0.0,Remote-Deny
HARV-03884,77433,0.009332949787451658,0.009332949787451658,0,0.0,Remote-Deny
HARV-03885,77083,0.006111202051617831,0.006111202051617831,0,0.0,Remote-Deny
HARV-03886,77433,0.009332949787451658,0.009332949787451658,0,0.0,Remote-Deny
HARV-03887,77493,0.017057885563837284,0.017057885563837284,0,0.0,Remote-Deny
HARV-03888,77450,0.052482670816239925,0.052482670816239925,1,0.0,Remote-Deny
HARV-03889,77064,0.003712429499535946,0.003712429499535946,0,0.0,Remote-Deny
HARV-03890,77096,0.2997135354499881,0.2997135354499881,1,0.0,Remote-Deny
HARV-03891,77080,0.011360297718147096,0.011360297718147096,0,0.0,Remote-Deny
HARV-03894,77043,0.017116989673221106,0.017116989673221106,0,0.0,Remote-Deny
HARV-03895,77493,0.017057885563837284,0.017057885563837284,0,0.0,Remote-Deny
HARV-03896,77043,0.017116989673221106,0.017116989673221106,0,0.0,Review
HARV-03897,77014,0.003607044345427541,0.003607044345427541,0,0.0,Remote-Deny
HARV-03898,77066,0.012061513719971858,0.012061513719971858,0,0.0,Remote-Deny
HARV-03899,77077,0.05631399317406143,0.05631399317406143,1,0.0,Remote-Deny
HARV-03900,77407,0.008085317460317461,0.008085317460317461,0,0.0,Remote-Deny
HARV-03901,77494,0.004935030843942775,0.004935030843942775,0,0.0,Remote-Deny
HARV-03902,77042,0.10466556564822461,0.10466556564822461,1,0.0,Remote-Deny
HARV-03903,77077,0.05631399317406143,0.05631399317406143,1,0.0,Remote-Deny
HARV-03904,77449,0.005841453031879671,0.005841453031879671,0,0.1463,Review
HARV-03905,77494,0.004935030843942775,0.004935030843942775,0,0.0,Remote-Deny
HARV-03906,77407,0.008085317460317461,0.008085317460317461,0,0.0,Remote-Deny
HARV-03907,77040,0.023003472222222224,0.023003472222222224,1,0.0,Remote-Deny
HARV-03908,77429,0.06482328258647588,0.06482328258647588,1,0.0,Remote-Deny
HARV-03909,77066,0.012061513719971858,0.012061513719971858,0,0.0,Remote-Deny
HARV-03910,77072,0.02838533290447089,0.02838533290447089,1,0.0,Remote-Deny
HARV-03911,77494,0.004935030843942775,0.004935030843942775,0,0.0,Remote-Deny
HARV-03912,77066,0.012061513719971858,0.012061513719971858,0,0.0,Remote-Deny
HARV-03913,77080,0.011360297718147096,0.011360297718147096,0,0.0,Remote-Deny
HARV-03914,77449,0.005841453031879671,0.005841453031879671,0,0.0,Remote-Deny
HARV-03915,77449,0.005841453031879671,0.005841453031879671,0,0.0,Remote-Deny
HARV-03916,77077,0.05631399317406143,0.05631399317406143,1,0.0,Remote-Deny
HARV-03917,77450,0.052482670816239925,0.052482670816239925,1,0.0,Remote-Deny
HARV-03918,77083,0.006111202051617831,0.006111202051617831,0,0.0,Remote-Deny
HARV-03919,77433,0.009332949787451658,0.009332949787451658,0,0.0,Remote-Deny
HARV-03920,77064,0.003712429499535946,0.003712429499535946,0,0.0,Remote-Deny
HARV-03921,77077,0.05631399317406143,0.05631399317406143,1,0.0,Remote-Deny
HARV-03922,77493,0.017057885563837284,0.017057885563837284,0,0.0,Remote-Deny
HARV-03923,77493,0.017057885563837284,0.017057885563837284,0,0.0,Remote-Deny
HARV-03924,77429,0.06482328258647588,0.06482328258647588,1,0.0,Remote-Deny
HARV-03925,77433,0.009332949787451658,0.009332949787451658,0,0.0,Remote-Deny
HARV-03926,77494,0.004935030843942775,0.004935030843942775,0,0.0,Remote-Deny
HARV-03928,77084,0.05629127253257184,0.05629127253257184,1,0.0,Remote-Deny
HARV-03929,77449,0.005841453031879671,0.005841453031879671,0,0.0,Remote-Deny
HARV-03930,77099,0.04039958865873365,0.04039958865873365,1,0.0,Remote-Deny
HARV-03931,77041,0.0503968253968254,0.0503968253968254,1,0.0,Remote-Deny
HARV-03932,77086,0.005219605346912795,0.005219605346912795,0,0.0,Remote-Deny
HARV-03933,77072,0.02838533290447089,0.02838533290447089,1,0.0,Remote-Deny
HARV-03934,77072,0.02838533290447089,0.02838533290447089,1,0.0,Remote-Deny
HARV-03935,77494,0.004935030843942775,0.004935030843942775,0,0.0,Remote-Deny
HARV-03936,77083,0.006111202051617831,0.006111202051617831,0,0.0,Remote-Deny
HARV-03937,77449,0.005841453031879671,0.005841453031879671,0,0.0,Remote-Deny
HARV-03938,77433,0.009332949787451658,0.009332949787451658,0,0.0,Remote-Deny
HARV-03940,77494,0.004935030843942775,0.004935030843942775,0,0.0,Remote-Deny
HARV-03941,77084,0.05629127253257184,0.05629127253257184,1,0.0,Remote-Deny
HARV-03942,77449,0.005841453031879671,0.005841453031879671,0,0.0,Remote-Deny
HARV-03943,77494,0.004935030843942775,0.004935030843942775,0,0.0,Remote-Deny
HARV-03944,77095,0.005858093542037679,0.005858093542037679,0,0.0,Remote-Deny
HARV-03945,77493,0.017057885563837284,0.017057885563837284,0,0.0,Remote-Deny
HARV-03946,77493,0.017057885563837284,0.017057885563837284,0,0.0,Remote-Deny
HARV-03947,77092,0.051518119490695395,0.051518119490695395,1,0.0,Remote-Deny
HARV-03949,77407,0.008085317460317461,0.008085317460317461,0,0.0,Remote-Deny
HARV-03950,77074,0.19030222517436068,0.19030222517436068,1,0.0,Review
HARV-03951,77070,0.09280478992464128,0.09280478992464128,1,0.0,Remote-Deny
HARV-03952,77494,0.004935030843942775,0.004935030843942775,0,0.0,Remote-Deny
HARV-03953,77036,0.00867426204039358,0.00867426204039358,0,0.0,Remote-Deny
HARV-03954,77014,0.003607044345427541,0.003607044345427541,0,0.0,Remote-Deny
HARV-03955,77429,0.06482328258647588,0.06482328258647588,1,0.0,Remote-Deny
HARV-03956,77493,0.017057885563837284,0.017057885563837284,0,0.0,Remote-Deny
HARV-03957,77407,0.008085317460317461,0.008085317460317461,0,0.0,Remote-Deny
HARV-03958,77407,0.008085317460317461,0.008085317460317461,0,0.0,Remote-Deny
HARV-03959,77065,0.037514853165846206,0.037514853165846206,1,0.0,Review
HARV-03960,77084,0.05629127253257184,0.05629127253257184,1,0.0,Remote-Deny
HARV-03961,77077,0.05631399317406143,0.05631399317406143,1,0.0,Remote-Deny
HARV-03963,77083,0.006111202051617831,0.006111202051617831,0,0.0,Remote-Deny
HARV-03964,77041,0.0503968253968254,0.0503968253968254,1,0.0,Remote-Deny
HARV-03965,77036,0.00867426204039358,0.00867426204039358,0,0.0,Remote-Deny
HARV-03966,77088,0.11325141149119894,0.11325141149119894,1,0.0,Remote-Deny
HARV-03967,77494,0.004935030843942775,0.004935030843942775,0,0.0,Remote-Deny
HARV-03968,77099,0.04039958865873365,0.04039958865873365,1,0.0,Remote-Deny
HARV-03969,77095,0.005858093542037679,0.005858093542037679,0,0.0,Remote-Deny
HARV-03970,77450,0.052482670816239925,0.052482670816239925,1,0.0,Remote-Deny
HARV-03971,77082,0.01626283367556468,0.01626283367556468,0,0.0,Remote-Deny
HARV-03972,77433,0.009332949787451658,0.009332949787451658,0,0.2377,Review
HARV-03973,77433,0.009332949787451658,0.009332949787451658,0,0.0,Remote-Deny
HARV-03974,77433,0.009332949787451658,0.009332949787451658,0,0.0,Remote-Deny
HARV-03975,77036,0.00867426204039358,0.00867426204039358,0,0.0,Remote-Deny
HARV-03976,77429,0.06482328258647588,0.06482328258647588,1,0.0,Remote-Deny
HARV-03978,77095,0.005858093542037679,0.005858093542037679,0,0.0,Remote-Deny
HARV-03979,77077,0.05631399317406143,0.05631399317406143,1,0.0,Remote-Deny
HARV-03980,77449,0.005841453031879671,0.005841453031879671,0,0.0,Remote-Deny
HARV-03981,77099,0.04039958865873365,0.04039958865873365,1,0.0,Remote-Deny
HARV-03982,77429,0.06482328258647588,0.06482328258647588,1,0.0,Remote-Deny
HARV-03983,77014,0.003607044345427541,0.003607044345427541,0,0.0,Remote-Deny
HARV-03984,77086,0.005219605346912795,0.005219605346912795,0,0.0,Remote-Deny
HARV-03985,77064,0.003712429499535946,0.003712429499535946,0,0.0,Remote-Deny
HARV-03986,77088,0.11325141149119894,0.11325141149119894,1,0.0,Remote-Deny
HARV-03987,77024,0.09987458670619086,0.09987458670619086,1,0.0,Remote-Deny
HARV-03988,77494,0.004935030843942775,0.004935030843942775,0,0.0,Remote-Deny
HARV-03989,77407,0.008085317460317461,0.008085317460317461,0,0.0,Remote-Deny
HARV-03990,77494,0.004935030843942775,0.004935030843942775,0,0.0,Remote-Deny
HARV-03991,77449,0.005841453031879671,0.005841453031879671,0,0.0,Remote-Deny
HARV-03992,77041,0.0503968253968254,0.0503968253968254,1,0.0,Remote-Deny
HARV-03993,77494,0.004935030843942775,0.004935030843942775,0,0.0,Remote-Deny
HARV-03995,77096,0.2997135354499881,0.2997135354499881,1,0.0,Remote-Deny
HARV-03996,77064,0.003712429499535946,0.003712429499535946,0,0.0,Remote-Deny
HARV-03997,77055,0.010185185185185186,0.010185185185185186,0,0.0,Remote-Deny
HARV-03998,77433,0.009332949787451658,0.009332949787451658,0,0.0,Remote-Deny
HARV-03999,77084,0.05629127253257184,0.05629127253257184,1,0.0,Remote-Deny
HARV-04000,77433,0.009332949787451658,0.009332949787451658,0,0.0,Remote-Deny
