property_id,address,latitude,longitude,pct_flooded,max_depth_ft,impact_class,confidence_score,recommended_action,adjuster_note
IAN-00001,"4165 Edgewater Dr, Port Charlotte, FL 33948",26.994291,-82.080424,35.1,1.14,Remote-Approve,87,"Approve remotely — flooding confirmed, documentation required",Flood signal of 1.1ft detected across 35% of footprint at 87% confidence; remote approval is supported by satellite record.
IAN-00002,"5471 Kings Hwy, Port Charlotte, FL 33952",26.979686,-82.025012,2.2,0.22,Remote-Deny,83,Deny remotely — no significant flooding detected,Satellite imagery shows no significant flooding at this location; max detected depth is 0.2ft at 83% confidence; remote denial supported.
IAN-00003,"8933 Edgewater Dr, Port Charlotte, FL 33948",26.98599,-82.045618,43.1,1.44,Remote-Approve,90,"Approve remotely — flooding confirmed, documentation required","Post-event imagery confirms 1.4ft flood depth at 90% confidence; no structural inspection required, approve with standard documentation."
IAN-00004,"9651 Paulson Dr, Port Charlotte, FL 33948",26.966503,-82.061172,65.5,1.23,Remote-Approve,86,"Approve remotely — flooding confirmed, documentation required",SAR data shows clear inundation of 1.2ft with 66% lot coverage; remote approval recommended pending policyholder documentation.
IAN-00005,"217 Collingswood Blvd, Port Charlotte, FL 33981",26.915341,-82.068027,87.6,3.42,Dispatch,79,Send adjuster — major flood damage likely,SAR imagery shows 88% of parcel submerged to 3.4ft maximum depth; immediate adjuster dispatch recommended.
IAN-00006,"9143 Peachland Blvd, Port Charlotte, FL 33981",27.031761,-82.108946,27.7,1.68,Review,51,Flag for manual review — borderline measurements,Ambiguous SAR return at property location; 1.7ft estimated depth but confidence is 51%; flag for human adjuster review.
IAN-00007,"3729 Edgewater Dr, Port Charlotte, FL 33981",26.899382,-82.026216,75.8,3.82,Dispatch,69,Send adjuster — major flood damage likely,Flood depth of 3.8ft recorded at 69% satellite confidence; in-person inspection necessary to document interior losses.
IAN-00008,"3011 Elkcam Blvd, Port Charlotte, FL 33948",27.05769,-81.994385,4.5,0.25,Remote-Deny,96,Deny remotely — no significant flooding detected,No inundation detected at 96% confidence; property located outside confirmed flood extent per Sentinel-1 analysis.
IAN-00009,"3439 Ohara Dr, Port Charlotte, FL 33950",26.831569,-82.045634,51.9,3.2,Dispatch,71,Send adjuster — major flood damage likely,Flood depth of 3.2ft recorded at 71% satellite confidence; in-person inspection necessary to document interior losses.
IAN-00010,"5393 Atwater St, Port Charlotte, FL 33981",26.901048,-82.009113,80.0,5.4,Dispatch,91,Send adjuster — major flood damage likely,Post-event SAR confirms major inundation at 5.4ft peak depth; adjuster dispatch recommended for full structural damage assessment.
IAN-00011,"1041 Collingswood Blvd, Port Charlotte, FL 33952",26.984591,-82.026017,26.9,0.91,Remote-Approve,84,"Approve remotely — flooding confirmed, documentation required",SAR data shows clear inundation of 0.9ft with 27% lot coverage; remote approval recommended pending policyholder documentation.
IAN-00012,"1795 Harbor Blvd, Port Charlotte, FL 33950",26.872353,-82.057978,68.6,3.8,Dispatch,88,Send adjuster — major flood damage likely,Sentinel-1 backscatter confirms extensive inundation to 3.8ft across 69% of lot; dispatch adjuster for damage documentation.
IAN-00013,"331 Conway Blvd, Port Charlotte, FL 33950",26.942088,-82.043197,34.3,0.7,Review,68,Flag for manual review — borderline measurements,Ambiguous SAR return at property location; 0.7ft estimated depth but confidence is 68%; flag for human adjuster review.
IAN-00014,"2749 Paulson Dr, Port Charlotte, FL 33948",26.930242,-82.108361,76.4,2.7,Dispatch,87,Send adjuster — major flood damage likely,Sentinel-1 backscatter confirms extensive inundation to 2.7ft across 76% of lot; dispatch adjuster for damage documentation.
IAN-00015,"4459 Duncan Rd, Port Charlotte, FL 33981",26.992239,-82.108052,36.9,0.44,Review,59,Flag for manual review — borderline measurements,Low-confidence flood detection at this parcel; 0.4ft depth estimated but signal quality warrants human verification.
IAN-00016,"1311 Bayshore Rd, Port Charlotte, FL 33981",26.910208,-82.104042,86.5,4.0,Dispatch,90,Send adjuster — major flood damage likely,Satellite radar detects 4.0ft of standing water across 86% of the property; physical inspection required before adjudication.
IAN-00017,"2419 Paulson Dr, Port Charlotte, FL 33952",26.927797,-82.034859,62.6,4.07,Dispatch,69,Send adjuster — major flood damage likely,SAR imagery shows 63% of parcel submerged to 4.1ft maximum depth; immediate adjuster dispatch recommended.
IAN-00018,"7823 Bayshore Rd, Port Charlotte, FL 33981",26.898825,-82.068006,80.1,3.92,Dispatch,92,Send adjuster — major flood damage likely,Post-event SAR confirms major inundation at 3.9ft peak depth; adjuster dispatch recommended for full structural damage assessment.
IAN-00019,"6401 Rampart Blvd, Port Charlotte, FL 33981",26.970052,-82.034246,47.1,1.29,Remote-Approve,84,"Approve remotely — flooding confirmed, documentation required",Satellite analysis confirms moderate flooding at 1.3ft across 47% of the parcel; remote claim approval appropriate.
IAN-00020,"267 El Jobean Rd, Port Charlotte, FL 33948",26.986943,-82.000596,30.9,1.55,Remote-Approve,93,"Approve remotely — flooding confirmed, documentation required",SAR data shows clear inundation of 1.6ft with 31% lot coverage; remote approval recommended pending policyholder documentation.
IAN-00021,"5189 Elkcam Blvd, Port Charlotte, FL 33950",26.992594,-82.063384,1.1,0.18,Remote-Deny,83,Deny remotely — no significant flooding detected,Satellite imagery shows no significant flooding at this location; max detected depth is 0.2ft at 83% confidence; remote denial supported.
IAN-00022,"577 Atwater St, Port Charlotte, FL 33950",26.959142,-82.037955,28.0,0.58,Remote-Approve,86,"Approve remotely — flooding confirmed, documentation required",SAR data shows clear inundation of 0.6ft with 28% lot coverage; remote approval recommended pending policyholder documentation.
IAN-00023,"8071 Forrest Nelson Blvd, Port Charlotte, FL 33952",26.945353,-82.030391,53.3,1.14,Remote-Approve,79,"Approve remotely — flooding confirmed, documentation required",Satellite confirms 1.1ft flooding across 53% of property at 79% confidence; evidence sufficient for remote claim approval.
IAN-00024,"2239 Bayshore Rd, Port Charlotte, FL 33948",26.968823,-82.026216,40.5,1.37,Remote-Approve,81,"Approve remotely — flooding confirmed, documentation required",Satellite analysis confirms moderate flooding at 1.4ft across 40% of the parcel; remote claim approval appropriate.
IAN-00025,"5261 El Jobean Rd, Port Charlotte, FL 33950",26.955953,-82.081007,52.2,1.51,Remote-Approve,86,"Approve remotely — flooding confirmed, documentation required",SAR data shows clear inundation of 1.5ft with 52% lot coverage; remote approval recommended pending policyholder documentation.
IAN-00026,"8691 Atwater St, Port Charlotte, FL 33950",26.887104,-82.067847,45.5,4.38,Dispatch,88,Send adjuster — major flood damage likely,High-confidence flood signal at 4.4ft depth detected across 46% of property footprint; on-site evaluation required before processing.
IAN-00027,"2789 Murdock Ave, Port Charlotte, FL 33950",26.973509,-82.123784,74.3,5.67,Dispatch,75,Send adjuster — major flood damage likely,Satellite radar detects 5.7ft of standing water across 74% of the property; physical inspection required before adjudication.
IAN-00028,"3963 Tamiami Trail, Port Charlotte, FL 33948",26.958439,-82.024242,47.8,1.45,Remote-Approve,86,"Approve remotely — flooding confirmed, documentation required",SAR data shows clear inundation of 1.4ft with 48% lot coverage; remote approval recommended pending policyholder documentation.
IAN-00029,"1483 Conway Blvd, Port Charlotte, FL 33948",26.927194,-82.046385,33.7,1.04,Remote-Approve,80,"Approve remotely — flooding confirmed, documentation required","Post-event imagery confirms 1.0ft flood depth at 80% confidence; no structural inspection required, approve with standard documentation."
IAN-00030,"4753 El Jobean Rd, Port Charlotte, FL 33950",26.959031,-82.004351,38.2,1.74,Remote-Approve,91,"Approve remotely — flooding confirmed, documentation required",Flood signal of 1.7ft detected across 38% of footprint at 91% confidence; remote approval is supported by satellite record.
IAN-00031,"3591 Olean Blvd, Port Charlotte, FL 33952",26.974617,-81.946754,5.5,0.44,Review,51,Flag for manual review — borderline measurements,Borderline flood signal of 0.4ft at 51% confidence; recommend manual review before any dispatch or denial decision.
IAN-00032,"1063 Edgewater Dr, Port Charlotte, FL 33981",27.014122,-82.07198,2.3,0.11,Remote-Deny,91,Deny remotely — no significant flooding detected,Post-event imagery is consistent with pre-event baseline at this parcel; no flooding detected; remote denial supported.
IAN-00033,"3147 Olean Terrace, Port Charlotte, FL 33950",27.06268,-82.041726,4.3,0.15,Remote-Deny,95,Deny remotely — no significant flooding detected,Pre and post-event SAR show no material change in backscatter at property location; flood depth under 0.3ft; deny remotely.
IAN-00034,"1577 Collingswood Blvd, Port Charlotte, FL 33948",26.944517,-82.092053,20.1,1.39,Remote-Approve,92,"Approve remotely — flooding confirmed, documentation required",Satellite analysis confirms moderate flooding at 1.4ft across 20% of the parcel; remote claim approval appropriate.
IAN-00035,"8925 Coudriet Dr, Port Charlotte, FL 33950",26.955338,-82.015762,59.1,1.73,Remote-Approve,92,"Approve remotely — flooding confirmed, documentation required","Post-event imagery confirms 1.7ft flood depth at 92% confidence; no structural inspection required, approve with standard documentation."
IAN-00036,"1771 Ohara Dr, Port Charlotte, FL 33952",26.87921,-82.070309,61.0,6.29,Dispatch,67,Send adjuster — major flood damage likely,Flood depth of 6.3ft recorded at 67% satellite confidence; in-person inspection necessary to document interior losses.
IAN-00037,"4413 Conway Blvd, Port Charlotte, FL 33950",26.914234,-81.943762,51.8,3.34,Dispatch,88,Send adjuster — major flood damage likely,Flood depth of 3.3ft recorded at 88% satellite confidence; in-person inspection necessary to document interior losses.
IAN-00038,"7399 Quesada Ave, Port Charlotte, FL 33952",27.01672,-81.961192,1.6,0.02,Remote-Deny,91,Deny remotely — no significant flooding detected,SAR analysis confirms property was not reached by floodwaters; 0.0ft depth reading supports remote denial at 91% confidence.
IAN-00039,"1869 El Jobean Rd, Port Charlotte, FL 33981",26.957168,-82.004657,23.5,0.75,Remote-Approve,85,"Approve remotely — flooding confirmed, documentation required",Flood signal of 0.8ft detected across 24% of footprint at 85% confidence; remote approval is supported by satellite record.
IAN-00040,"1659 Ohara Dr, Port Charlotte, FL 33981",26.936627,-82.021409,25.3,1.2,Remote-Approve,80,"Approve remotely — flooding confirmed, documentation required",Satellite analysis confirms moderate flooding at 1.2ft across 25% of the parcel; remote claim approval appropriate.
IAN-00041,"8989 Murdock Ave, Port Charlotte, FL 33950",26.99219,-82.079009,17.6,0.6,Review,37,Flag for manual review — borderline measurements,Low-confidence flood detection at this parcel; 0.6ft depth estimated but signal quality warrants human verification.
IAN-00042,"8709 Cochran Blvd, Port Charlotte, FL 33948",26.997414,-81.965413,4.5,0.08,Remote-Deny,80,Deny remotely — no significant flooding detected,SAR analysis confirms property was not reached by floodwaters; 0.1ft depth reading supports remote denial at 80% confidence.
IAN-00043,"8287 Atwater St, Port Charlotte, FL 33948",26.909476,-82.088129,70.1,2.5,Dispatch,89,Send adjuster — major flood damage likely,Flood depth of 2.5ft recorded at 89% satellite confidence; in-person inspection necessary to document interior losses.
IAN-00044,"6319 Murdock Ave, Port Charlotte, FL 33948",26.872837,-82.030211,58.5,5.89,Dispatch,79,Send adjuster — major flood damage likely,Flood depth of 5.9ft recorded at 79% satellite confidence; in-person inspection necessary to document interior losses.
IAN-00045,"2109 Peachland Blvd, Port Charlotte, FL 33952",26.899476,-82.034401,65.1,6.04,Dispatch,72,Send adjuster — major flood damage likely,Flood depth of 6.0ft recorded at 72% satellite confidence; in-person inspection necessary to document interior losses.
IAN-00046,"7967 Murdock Ave, Port Charlotte, FL 33950",26.957872,-82.070012,35.8,0.91,Remote-Approve,94,"Approve remotely — flooding confirmed, documentation required",Satellite confirms 0.9ft flooding across 36% of property at 94% confidence; evidence sufficient for remote claim approval.
IAN-00047,"1151 Forrest Nelson Blvd, Port Charlotte, FL 33948",26.953528,-82.110326,26.8,0.99,Remote-Approve,78,"Approve remotely — flooding confirmed, documentation required",Flood signal of 1.0ft detected across 27% of footprint at 78% confidence; remote approval is supported by satellite record.
IAN-00048,"5805 Olean Terrace, Port Charlotte, FL 33950",26.86298,-82.051852,60.3,2.5,Dispatch,85,Send adjuster — major flood damage likely,SAR imagery shows 60% of parcel submerged to 2.5ft maximum depth; immediate adjuster dispatch recommended.
IAN-00049,"5423 Flamingo Blvd, Port Charlotte, FL 33981",26.918357,-81.998536,62.7,0.97,Remote-Approve,93,"Approve remotely — flooding confirmed, documentation required",Satellite confirms 1.0ft flooding across 63% of property at 93% confidence; evidence sufficient for remote claim approval.
IAN-00050,"2849 Loveland Blvd, Port Charlotte, FL 33981",27.00824,-82.094466,29.6,1.19,Review,38,Flag for manual review — borderline measurements,Satellite data shows 30% coverage at 1.2ft estimated depth but confidence is below threshold; manual review required.
IAN-00051,"1783 Flamingo Blvd, Port Charlotte, FL 33981",27.017435,-82.016184,1.2,0.25,Remote-Deny,80,Deny remotely — no significant flooding detected,Satellite imagery shows no significant flooding at this location; max detected depth is 0.2ft at 80% confidence; remote denial supported.
IAN-00052,"9033 Olean Terrace, Port Charlotte, FL 33952",26.836604,-82.075716,80.6,2.85,Dispatch,75,Send adjuster — major flood damage likely,Satellite radar detects 2.9ft of standing water across 81% of the property; physical inspection required before adjudication.
IAN-00053,"5543 Flamingo Blvd, Port Charlotte, FL 33948",26.937926,-82.077163,44.6,1.25,Remote-Approve,94,"Approve remotely — flooding confirmed, documentation required",Satellite confirms 1.2ft flooding across 45% of property at 94% confidence; evidence sufficient for remote claim approval.
IAN-00054,"5493 Veterans Blvd, Port Charlotte, FL 33952",26.883103,-82.046759,84.2,2.77,Dispatch,68,Send adjuster — major flood damage likely,Sentinel-1 backscatter confirms extensive inundation to 2.8ft across 84% of lot; dispatch adjuster for damage documentation.
IAN-00055,"2683 Midway Blvd, Port Charlotte, FL 33950",26.931117,-82.042444,48.7,6.29,Dispatch,68,Send adjuster — major flood damage likely,SAR imagery shows 49% of parcel submerged to 6.3ft maximum depth; immediate adjuster dispatch recommended.
IAN-00056,"263 Cochran Blvd, Port Charlotte, FL 33952",26.948137,-82.024145,45.3,1.17,Remote-Approve,78,"Approve remotely — flooding confirmed, documentation required",Satellite analysis confirms moderate flooding at 1.2ft across 45% of the parcel; remote claim approval appropriate.
IAN-00057,"5955 Edgewater Dr, Port Charlotte, FL 33950",26.940638,-82.114499,41.2,1.83,Review,36,Flag for manual review — borderline measurements,Ambiguous SAR return at property location; 1.8ft estimated depth but confidence is 36%; flag for human adjuster review.
IAN-00058,"9051 Loveland Blvd, Port Charlotte, FL 33981",27.045853,-82.025162,3.2,0.23,Remote-Deny,94,Deny remotely — no significant flooding detected,Pre and post-event SAR show no material change in backscatter at property location; flood depth under 0.3ft; deny remotely.
IAN-00059,"1147 Midway Blvd, Port Charlotte, FL 33952",26.984478,-81.984327,42.6,1.09,Remote-Approve,82,"Approve remotely — flooding confirmed, documentation required",SAR data shows clear inundation of 1.1ft with 43% lot coverage; remote approval recommended pending policyholder documentation.
IAN-00060,"2359 Collingswood Blvd, Port Charlotte, FL 33981",27.024938,-81.998776,1.4,0.07,Remote-Deny,84,Deny remotely — no significant flooding detected,No inundation detected at 84% confidence; property located outside confirmed flood extent per Sentinel-1 analysis.
IAN-00061,"7693 Olean Terrace, Port Charlotte, FL 33950",26.968812,-82.021631,68.3,3.08,Dispatch,83,Send adjuster — major flood damage likely,High-confidence flood signal at 3.1ft depth detected across 68% of property footprint; on-site evaluation required before processing.
IAN-00062,"4809 Coudriet Dr, Port Charlotte, FL 33981",26.915743,-82.076699,71.9,4.14,Dispatch,80,Send adjuster — major flood damage likely,Sentinel-1 backscatter confirms extensive inundation to 4.1ft across 72% of lot; dispatch adjuster for damage documentation.
IAN-00063,"3311 Veterans Blvd, Port Charlotte, FL 33948",26.986111,-82.039358,28.9,0.97,Remote-Approve,84,"Approve remotely — flooding confirmed, documentation required","Post-event imagery confirms 1.0ft flood depth at 84% confidence; no structural inspection required, approve with standard documentation."
IAN-00064,"4583 Olean Blvd, Port Charlotte, FL 33981",26.995667,-82.013982,2.9,0.06,Remote-Deny,88,Deny remotely — no significant flooding detected,Pre and post-event SAR show no material change in backscatter at property location; flood depth under 0.3ft; deny remotely.
IAN-00065,"2271 Flamingo Blvd, Port Charlotte, FL 33952",27.01744,-81.990698,4.1,0.13,Remote-Deny,88,Deny remotely — no significant flooding detected,Satellite imagery shows no significant flooding at this location; max detected depth is 0.1ft at 88% confidence; remote denial supported.
IAN-00066,"3381 Flamingo Blvd, Port Charlotte, FL 33950",27.041935,-82.064425,2.8,0.12,Remote-Deny,89,Deny remotely — no significant flooding detected,Post-event imagery is consistent with pre-event baseline at this parcel; no flooding detected; remote denial supported.
IAN-00067,"9425 El Jobean Rd, Port Charlotte, FL 33948",26.957205,-81.988947,51.7,1.53,Remote-Approve,94,"Approve remotely — flooding confirmed, documentation required",Satellite analysis confirms moderate flooding at 1.5ft across 52% of the parcel; remote claim approval appropriate.
IAN-00068,"7401 Flamingo Blvd, Port Charlotte, FL 33981",26.985763,-81.99933,4.1,0.16,Remote-Deny,80,Deny remotely — no significant flooding detected,SAR analysis confirms property was not reached by floodwaters; 0.2ft depth reading supports remote denial at 80% confidence.
IAN-00069,"405 Loveland Blvd, Port Charlotte, FL 33950",26.947714,-82.017432,24.1,1.11,Remote-Approve,81,"Approve remotely — flooding confirmed, documentation required",Satellite confirms 1.1ft flooding across 24% of property at 81% confidence; evidence sufficient for remote claim approval.
IAN-00070,"8087 Kings Hwy, Port Charlotte, FL 33948",26.868665,-82.065842,54.0,3.52,Dispatch,80,Send adjuster — major flood damage likely,Satellite radar detects 3.5ft of standing water across 54% of the property; physical inspection required before adjudication.
IAN-00071,"1921 Collingswood Blvd, Port Charlotte, FL 33948",27.02771,-81.976164,4.5,0.24,Remote-Deny,92,Deny remotely — no significant flooding detected,No inundation detected at 92% confidence; property located outside confirmed flood extent per Sentinel-1 analysis.
IAN-00072,"245 Palomino Ave, Port Charlotte, FL 33950",26.995547,-82.037596,29.7,0.99,Remote-Approve,89,"Approve remotely — flooding confirmed, documentation required",Flood signal of 1.0ft detected across 30% of footprint at 89% confidence; remote approval is supported by satellite record.
IAN-00073,"3727 Conway Blvd, Port Charlotte, FL 33950",26.899209,-82.033097,83.6,3.87,Dispatch,88,Send adjuster — major flood damage likely,Satellite radar detects 3.9ft of standing water across 84% of the property; physical inspection required before adjudication.
IAN-00074,"217 Veterans Blvd, Port Charlotte, FL 33981",26.943212,-82.068618,30.6,1.05,Review,49,Flag for manual review — borderline measurements,Low-confidence flood detection at this parcel; 1.1ft depth estimated but signal quality warrants human verification.
IAN-00075,"9591 Quesada Ave, Port Charlotte, FL 33952",26.932345,-82.060162,53.8,2.15,Remote-Approve,86,"Approve remotely — flooding confirmed, documentation required",SAR data shows clear inundation of 2.1ft with 54% lot coverage; remote approval recommended pending policyholder documentation.
IAN-00076,"359 Forrest Nelson Blvd, Port Charlotte, FL 33950",26.973417,-82.04822,74.1,4.96,Dispatch,89,Send adjuster — major flood damage likely,Satellite radar detects 5.0ft of standing water across 74% of the property; physical inspection required before adjudication.
IAN-00077,"4417 Peachland Blvd, Port Charlotte, FL 33952",26.878537,-82.073814,59.4,2.69,Dispatch,83,Send adjuster — major flood damage likely,Sentinel-1 backscatter confirms extensive inundation to 2.7ft across 59% of lot; dispatch adjuster for damage documentation.
IAN-00078,"3055 Midway Blvd, Port Charlotte, FL 33952",26.984435,-81.980625,0.1,0.13,Remote-Deny,91,Deny remotely — no significant flooding detected,No inundation detected at 91% confidence; property located outside confirmed flood extent per Sentinel-1 analysis.
IAN-00079,"4011 Forrest Nelson Blvd, Port Charlotte, FL 33950",26.932982,-82.10135,52.5,2.59,Dispatch,68,Send adjuster — major flood damage likely,Satellite radar detects 2.6ft of standing water across 52% of the property; physical inspection required before adjudication.
IAN-00080,"751 Duncan Rd, Port Charlotte, FL 33950",26.969115,-82.089007,21.2,1.14,Remote-Approve,92,"Approve remotely — flooding confirmed, documentation required",Flood signal of 1.1ft detected across 21% of footprint at 92% confidence; remote approval is supported by satellite record.
IAN-00081,"771 Palomino Ave, Port Charlotte, FL 33948",26.908482,-82.047885,76.5,2.55,Dispatch,83,Send adjuster — major flood damage likely,High-confidence flood signal at 2.5ft depth detected across 76% of property footprint; on-site evaluation required before processing.
IAN-00082,"8577 Harbor Blvd, Port Charlotte, FL 33948",27.030771,-82.066708,4.3,0.15,Remote-Deny,90,Deny remotely — no significant flooding detected,Satellite imagery shows no significant flooding at this location; max detected depth is 0.1ft at 90% confidence; remote denial supported.
IAN-00083,"8395 Cochran Blvd, Port Charlotte, FL 33950",27.035841,-81.982172,3.8,0.24,Remote-Deny,93,Deny remotely — no significant flooding detected,Pre and post-event SAR show no material change in backscatter at property location; flood depth under 0.3ft; deny remotely.
IAN-00084,"6979 Kings Hwy, Port Charlotte, FL 33952",27.024156,-82.026669,3.2,0.24,Remote-Deny,84,Deny remotely — no significant flooding detected,Post-event imagery is consistent with pre-event baseline at this parcel; no flooding detected; remote denial supported.
IAN-00085,"7321 Forrest Nelson Blvd, Port Charlotte, FL 33952",26.982,-82.083851,7.0,1.72,Review,49,Flag for manual review — borderline measurements,Satellite data shows 7% coverage at 1.7ft estimated depth but confidence is below threshold; manual review required.
IAN-00086,"3101 Kings Hwy, Port Charlotte, FL 33981",26.973511,-82.051358,20.9,0.62,Review,66,Flag for manual review — borderline measurements,Ambiguous SAR return at property location; 0.6ft estimated depth but confidence is 66%; flag for human adjuster review.
IAN-00087,"6803 Quesada Ave, Port Charlotte, FL 33948",26.97084,-82.028306,49.4,1.35,Remote-Approve,81,"Approve remotely — flooding confirmed, documentation required",SAR data shows clear inundation of 1.4ft with 49% lot coverage; remote approval recommended pending policyholder documentation.
IAN-00088,"9281 Kings Hwy, Port Charlotte, FL 33950",27.020877,-82.016146,4.2,0.12,Remote-Deny,84,Deny remotely — no significant flooding detected,No inundation detected at 84% confidence; property located outside confirmed flood extent per Sentinel-1 analysis.
IAN-00089,"1137 Quesada Ave, Port Charlotte, FL 33981",26.977101,-82.057744,47.4,0.9,Remote-Approve,94,"Approve remotely — flooding confirmed, documentation required",Satellite confirms 0.9ft flooding across 47% of property at 94% confidence; evidence sufficient for remote claim approval.
IAN-00090,"861 Elkcam Blvd, Port Charlotte, FL 33950",26.95035,-81.990302,48.3,1.67,Remote-Approve,83,"Approve remotely — flooding confirmed, documentation required",Flood signal of 1.7ft detected across 48% of footprint at 83% confidence; remote approval is supported by satellite record.
IAN-00091,"6329 El Jobean Rd, Port Charlotte, FL 33950",26.992996,-81.972098,0.6,0.27,Remote-Deny,81,Deny remotely — no significant flooding detected,Post-event imagery is consistent with pre-event baseline at this parcel; no flooding detected; remote denial supported.
IAN-00092,"3903 Quesada Ave, Port Charlotte, FL 33948",26.848542,-82.03375,85.3,3.66,Dispatch,79,Send adjuster — major flood damage likely,SAR imagery shows 85% of parcel submerged to 3.7ft maximum depth; immediate adjuster dispatch recommended.
IAN-00093,"2733 Bayshore Rd, Port Charlotte, FL 33981",26.942108,-82.065026,25.9,1.55,Remote-Approve,86,"Approve remotely — flooding confirmed, documentation required",Satellite confirms 1.6ft flooding across 26% of property at 86% confidence; evidence sufficient for remote claim approval.
IAN-00094,"6859 Ohara Dr, Port Charlotte, FL 33952",26.92872,-82.055156,41.3,0.75,Review,44,Flag for manual review — borderline measurements,Mixed signals in SAR imagery; 0.8ft estimated depth with 44% confidence; do not adjudicate without human review.
IAN-00095,"4191 Collingswood Blvd, Port Charlotte, FL 33981",26.904442,-82.04171,34.3,1.11,Remote-Approve,94,"Approve remotely — flooding confirmed, documentation required",Satellite confirms 1.1ft flooding across 34% of property at 94% confidence; evidence sufficient for remote claim approval.
IAN-00096,"5411 Harbor Blvd, Port Charlotte, FL 33950",27.051776,-82.027224,3.6,0.23,Remote-Deny,80,Deny remotely — no significant flooding detected,Post-event imagery is consistent with pre-event baseline at this parcel; no flooding detected; remote denial supported.
IAN-00097,"7889 Collingswood Blvd, Port Charlotte, FL 33948",26.949987,-82.065978,58.9,0.83,Remote-Approve,88,"Approve remotely — flooding confirmed, documentation required","Post-event imagery confirms 0.8ft flood depth at 88% confidence; no structural inspection required, approve with standard documentation."
IAN-00098,"769 Midway Blvd, Port Charlotte, FL 33948",27.002001,-82.048321,40.6,1.42,Remote-Approve,81,"Approve remotely — flooding confirmed, documentation required",Flood signal of 1.4ft detected across 41% of footprint at 81% confidence; remote approval is supported by satellite record.
IAN-00099,"5523 Palomino Ave, Port Charlotte, FL 33981",26.854853,-82.061152,70.3,2.88,Dispatch,92,Send adjuster — major flood damage likely,Sentinel-1 backscatter confirms extensive inundation to 2.9ft across 70% of lot; dispatch adjuster for damage documentation.
IAN-00100,"1181 Bayshore Rd, Port Charlotte, FL 33950",26.93194,-82.090393,45.4,7.6,Dispatch,66,Send adjuster — major flood damage likely,Satellite radar detects 7.6ft of standing water across 45% of the property; physical inspection required before adjudication.
IAN-00101,"7547 Rampart Blvd, Port Charlotte, FL 33950",26.931247,-82.084201,61.0,4.47,Dispatch,72,Send adjuster — major flood damage likely,Flood depth of 4.5ft recorded at 72% satellite confidence; in-person inspection necessary to document interior losses.
IAN-00102,"423 Palomino Ave, Port Charlotte, FL 33981",26.896168,-82.086974,72.9,2.6,Dispatch,80,Send adjuster — major flood damage likely,High-confidence flood signal at 2.6ft depth detected across 73% of property footprint; on-site evaluation required before processing.
IAN-00103,"8121 Midway Blvd, Port Charlotte, FL 33950",26.920536,-81.965209,8.7,1.56,Review,70,Flag for manual review — borderline measurements,Mixed signals in SAR imagery; 1.6ft estimated depth with 70% confidence; do not adjudicate without human review.
IAN-00104,"4913 Tropicana Ave, Port Charlotte, FL 33981",26.886077,-82.041404,56.2,2.5,Dispatch,77,Send adjuster — major flood damage likely,SAR imagery shows 56% of parcel submerged to 2.5ft maximum depth; immediate adjuster dispatch recommended.
IAN-00105,"7547 Quesada Ave, Port Charlotte, FL 33950",26.993966,-82.056741,53.1,0.84,Remote-Approve,87,"Approve remotely — flooding confirmed, documentation required","Post-event imagery confirms 0.8ft flood depth at 87% confidence; no structural inspection required, approve with standard documentation."
IAN-00106,"3629 Rampart Blvd, Port Charlotte, FL 33948",27.073983,-82.027754,0.4,0.18,Remote-Deny,92,Deny remotely — no significant flooding detected,No inundation detected at 92% confidence; property located outside confirmed flood extent per Sentinel-1 analysis.
IAN-00107,"9161 Ohara Dr, Port Charlotte, FL 33952",26.884828,-82.052453,71.9,5.05,Dispatch,72,Send adjuster — major flood damage likely,High-confidence flood signal at 5.0ft depth detected across 72% of property footprint; on-site evaluation required before processing.
IAN-00108,"4621 Conway Blvd, Port Charlotte, FL 33948",27.044865,-82.034882,61.8,1.92,Remote-Approve,91,"Approve remotely — flooding confirmed, documentation required","Post-event imagery confirms 1.9ft flood depth at 91% confidence; no structural inspection required, approve with standard documentation."
IAN-00109,"1929 Ohara Dr, Port Charlotte, FL 33952",26.876471,-82.010457,65.4,2.64,Dispatch,73,Send adjuster — major flood damage likely,SAR imagery shows 65% of parcel submerged to 2.6ft maximum depth; immediate adjuster dispatch recommended.
IAN-00110,"9491 Edgewater Dr, Port Charlotte, FL 33952",26.975433,-82.106785,19.4,0.47,Review,74,Flag for manual review — borderline measurements,Mixed signals in SAR imagery; 0.5ft estimated depth with 74% confidence; do not adjudicate without human review.
IAN-00111,"441 Coudriet Dr, Port Charlotte, FL 33950",26.941912,-82.040351,52.3,1.69,Remote-Approve,95,"Approve remotely — flooding confirmed, documentation required",Flood signal of 1.7ft detected across 52% of footprint at 95% confidence; remote approval is supported by satellite record.
IAN-00112,"239 Midway Blvd, Port Charlotte, FL 33981",26.981795,-82.062292,2.4,0.01,Remote-Deny,82,Deny remotely — no significant flooding detected,SAR analysis confirms property was not reached by floodwaters; 0.0ft depth reading supports remote denial at 82% confidence.
IAN-00113,"4055 Palomino Ave, Port Charlotte, FL 33952",26.971147,-82.049883,21.3,1.87,Review,73,Flag for manual review — borderline measurements,Satellite data shows 21% coverage at 1.9ft estimated depth but confidence is below threshold; manual review required.
IAN-00114,"3581 Paulson Dr, Port Charlotte, FL 33948",26.919727,-82.078375,77.0,3.72,Dispatch,65,Send adjuster — major flood damage likely,Flood depth of 3.7ft recorded at 65% satellite confidence; in-person inspection necessary to document interior losses.
IAN-00115,"3763 Conway Blvd, Port Charlotte, FL 33948",27.066639,-82.012083,4.5,0.18,Remote-Deny,85,Deny remotely — no significant flooding detected,Satellite imagery shows no significant flooding at this location; max detected depth is 0.2ft at 85% confidence; remote denial supported.
IAN-00116,"8411 Olean Terrace, Port Charlotte, FL 33948",26.901113,-82.003427,64.1,5.22,Dispatch,66,Send adjuster — major flood damage likely,High-confidence flood signal at 5.2ft depth detected across 64% of property footprint; on-site evaluation required before processing.
IAN-00117,"367 Tropicana Ave, Port Charlotte, FL 33981",27.017244,-82.024672,1.7,0.1,Remote-Deny,91,Deny remotely — no significant flooding detected,SAR analysis confirms property was not reached by floodwaters; 0.1ft depth reading supports remote denial at 91% confidence.
IAN-00118,"3083 Palomino Ave, Port Charlotte, FL 33952",27.014597,-82.034731,58.2,0.98,Remote-Approve,84,"Approve remotely — flooding confirmed, documentation required","Post-event imagery confirms 1.0ft flood depth at 84% confidence; no structural inspection required, approve with standard documentation."
IAN-00119,"8215 Peachland Blvd, Port Charlotte, FL 33948",26.846762,-82.070928,80.8,3.21,Dispatch,92,Send adjuster — major flood damage likely,Satellite radar detects 3.2ft of standing water across 81% of the property; physical inspection required before adjudication.
IAN-00120,"1079 Coudriet Dr, Port Charlotte, FL 33950",27.058934,-82.004138,1.9,0.13,Remote-Deny,95,Deny remotely — no significant flooding detected,Post-event imagery is consistent with pre-event baseline at this parcel; no flooding detected; remote denial supported.
IAN-00121,"1489 Veterans Blvd, Port Charlotte, FL 33952",26.923629,-82.031002,55.5,2.5,Dispatch,91,Send adjuster — major flood damage likely,Sentinel-1 backscatter confirms extensive inundation to 2.5ft across 56% of lot; dispatch adjuster for damage documentation.
IAN-00122,"8353 Tamiami Trail, Port Charlotte, FL 33952",26.880668,-82.069094,63.8,4.39,Dispatch,76,Send adjuster — major flood damage likely,SAR imagery shows 64% of parcel submerged to 4.4ft maximum depth; immediate adjuster dispatch recommended.
IAN-00123,"8115 Ohara Dr, Port Charlotte, FL 33981",26.859536,-82.044071,61.3,2.51,Dispatch,73,Send adjuster — major flood damage likely,Satellite radar detects 2.5ft of standing water across 61% of the property; physical inspection required before adjudication.
IAN-00124,"6763 Atwater St, Port Charlotte, FL 33952",26.843654,-82.059988,63.3,3.82,Dispatch,82,Send adjuster — major flood damage likely,Satellite radar detects 3.8ft of standing water across 63% of the property; physical inspection required before adjudication.
IAN-00125,"1523 Edgewater Dr, Port Charlotte, FL 33952",26.977695,-82.025195,42.9,1.15,Remote-Approve,95,"Approve remotely — flooding confirmed, documentation required",Flood signal of 1.1ft detected across 43% of footprint at 95% confidence; remote approval is supported by satellite record.
IAN-00126,"9523 Veterans Blvd, Port Charlotte, FL 33948",26.986837,-81.942141,2.0,0.26,Remote-Deny,84,Deny remotely — no significant flooding detected,SAR analysis confirms property was not reached by floodwaters; 0.3ft depth reading supports remote denial at 84% confidence.
IAN-00127,"847 Ohara Dr, Port Charlotte, FL 33950",27.030222,-82.013772,1.8,0.25,Remote-Deny,94,Deny remotely — no significant flooding detected,Pre and post-event SAR show no material change in backscatter at property location; flood depth under 0.3ft; deny remotely.
IAN-00128,"6683 Olean Blvd, Port Charlotte, FL 33950",27.049225,-82.026966,2.6,0.03,Remote-Deny,86,Deny remotely — no significant flooding detected,Satellite imagery shows no significant flooding at this location; max detected depth is 0.0ft at 86% confidence; remote denial supported.
IAN-00129,"1825 Loveland Blvd, Port Charlotte, FL 33952",26.964201,-82.009119,27.7,1.0,Remote-Approve,95,"Approve remotely — flooding confirmed, documentation required",SAR data shows clear inundation of 1.0ft with 28% lot coverage; remote approval recommended pending policyholder documentation.
IAN-00130,"7221 Olean Blvd, Port Charlotte, FL 33981",26.990679,-82.006888,2.0,0.22,Remote-Deny,83,Deny remotely — no significant flooding detected,Satellite imagery shows no significant flooding at this location; max detected depth is 0.2ft at 83% confidence; remote denial supported.
IAN-00131,"3387 Palomino Ave, Port Charlotte, FL 33952",26.917235,-82.016349,21.7,0.8,Remote-Approve,90,"Approve remotely — flooding confirmed, documentation required",Flood signal of 0.8ft detected across 22% of footprint at 90% confidence; remote approval is supported by satellite record.
IAN-00132,"6181 Quesada Ave, Port Charlotte, FL 33981",26.899829,-82.069985,57.1,2.5,Dispatch,85,Send adjuster — major flood damage likely,SAR imagery shows 57% of parcel submerged to 2.5ft maximum depth; immediate adjuster dispatch recommended.
IAN-00133,"8713 Rampart Blvd, Port Charlotte, FL 33981",27.053263,-81.967631,3.0,0.14,Remote-Deny,89,Deny remotely — no significant flooding detected,Post-event imagery is consistent with pre-event baseline at this parcel; no flooding detected; remote denial supported.
IAN-00134,"8291 Bayshore Rd, Port Charlotte, FL 33948",26.873521,-82.088212,54.0,3.47,Dispatch,92,Send adjuster — major flood damage likely,Post-event SAR confirms major inundation at 3.5ft peak depth; adjuster dispatch recommended for full structural damage assessment.
IAN-00135,"1215 Midway Blvd, Port Charlotte, FL 33952",26.945331,-82.088245,11.9,1.18,Review,51,Flag for manual review — borderline measurements,Low-confidence flood detection at this parcel; 1.2ft depth estimated but signal quality warrants human verification.
IAN-00136,"3105 Midway Blvd, Port Charlotte, FL 33981",26.981344,-81.963841,2.7,0.08,Remote-Deny,85,Deny remotely — no significant flooding detected,SAR analysis confirms property was not reached by floodwaters; 0.1ft depth reading supports remote denial at 85% confidence.
IAN-00137,"5385 Forrest Nelson Blvd, Port Charlotte, FL 33981",27.017834,-81.94274,0.7,0.27,Remote-Deny,92,Deny remotely — no significant flooding detected,No inundation detected at 92% confidence; property located outside confirmed flood extent per Sentinel-1 analysis.
IAN-00138,"9045 Veterans Blvd, Port Charlotte, FL 33981",27.004859,-82.023528,2.2,0.14,Remote-Deny,85,Deny remotely — no significant flooding detected,Satellite imagery shows no significant flooding at this location; max detected depth is 0.1ft at 85% confidence; remote denial supported.
IAN-00139,"1273 Duncan Rd, Port Charlotte, FL 33950",26.929982,-82.033924,49.8,0.93,Remote-Approve,85,"Approve remotely — flooding confirmed, documentation required","Post-event imagery confirms 0.9ft flood depth at 85% confidence; no structural inspection required, approve with standard documentation."
IAN-00140,"2209 Bayshore Rd, Port Charlotte, FL 33981",27.011896,-82.013573,2.1,0.24,Remote-Deny,90,Deny remotely — no significant flooding detected,SAR analysis confirms property was not reached by floodwaters; 0.2ft depth reading supports remote denial at 90% confidence.
IAN-00141,"2271 Quesada Ave, Port Charlotte, FL 33952",26.897407,-82.056236,82.8,6.64,Dispatch,75,Send adjuster — major flood damage likely,Satellite radar detects 6.6ft of standing water across 83% of the property; physical inspection required before adjudication.
IAN-00142,"5865 Peachland Blvd, Port Charlotte, FL 33950",26.87671,-82.038705,59.3,2.55,Dispatch,77,Send adjuster — major flood damage likely,High-confidence flood signal at 2.5ft depth detected across 59% of property footprint; on-site evaluation required before processing.
IAN-00143,"8355 Palomino Ave, Port Charlotte, FL 33981",26.961919,-82.070074,12.2,0.77,Review,47,Flag for manual review — borderline measurements,Satellite data shows 12% coverage at 0.8ft estimated depth but confidence is below threshold; manual review required.
IAN-00144,"3383 Peachland Blvd, Port Charlotte, FL 33981",26.937061,-82.084264,50.9,0.84,Remote-Approve,83,"Approve remotely — flooding confirmed, documentation required",Satellite confirms 0.8ft flooding across 51% of property at 83% confidence; evidence sufficient for remote claim approval.
IAN-00145,"1623 Quesada Ave, Port Charlotte, FL 33950",26.926286,-82.055686,46.2,3.61,Dispatch,68,Send adjuster — major flood damage likely,Sentinel-1 backscatter confirms extensive inundation to 3.6ft across 46% of lot; dispatch adjuster for damage documentation.
IAN-00146,"6849 Atwater St, Port Charlotte, FL 33948",26.981583,-82.028836,52.1,1.3,Remote-Approve,88,"Approve remotely — flooding confirmed, documentation required","Post-event imagery confirms 1.3ft flood depth at 88% confidence; no structural inspection required, approve with standard documentation."
IAN-00147,"8801 Harbor Blvd, Port Charlotte, FL 33952",26.910365,-82.000222,30.0,1.17,Remote-Approve,83,"Approve remotely — flooding confirmed, documentation required",Satellite confirms 1.2ft flooding across 30% of property at 83% confidence; evidence sufficient for remote claim approval.
IAN-00148,"2835 Elkcam Blvd, Port Charlotte, FL 33950",26.934926,-82.054202,15.4,1.62,Review,59,Flag for manual review — borderline measurements,Ambiguous SAR return at property location; 1.6ft estimated depth but confidence is 59%; flag for human adjuster review.
IAN-00149,"2663 El Jobean Rd, Port Charlotte, FL 33981",26.993879,-82.044643,40.2,1.45,Remote-Approve,94,"Approve remotely — flooding confirmed, documentation required","Post-event imagery confirms 1.4ft flood depth at 94% confidence; no structural inspection required, approve with standard documentation."
IAN-00150,"5085 Ohara Dr, Port Charlotte, FL 33950",26.948354,-82.057696,39.1,1.19,Remote-Approve,85,"Approve remotely — flooding confirmed, documentation required",SAR data shows clear inundation of 1.2ft with 39% lot coverage; remote approval recommended pending policyholder documentation.
IAN-00151,"4987 Duncan Rd, Port Charlotte, FL 33952",26.939256,-82.026479,52.0,1.88,Remote-Approve,94,"Approve remotely — flooding confirmed, documentation required",Flood signal of 1.9ft detected across 52% of footprint at 94% confidence; remote approval is supported by satellite record.
IAN-00152,"2819 Atwater St, Port Charlotte, FL 33981",26.991948,-82.019344,40.5,1.12,Review,38,Flag for manual review — borderline measurements,Ambiguous SAR return at property location; 1.1ft estimated depth but confidence is 38%; flag for human adjuster review.
IAN-00153,"1513 Conway Blvd, Port Charlotte, FL 33950",26.944108,-82.098543,78.5,3.3,Dispatch,76,Send adjuster — major flood damage likely,SAR imagery shows 78% of parcel submerged to 3.3ft maximum depth; immediate adjuster dispatch recommended.
IAN-00154,"7747 Rampart Blvd, Port Charlotte, FL 33948",27.001472,-82.085454,20.3,1.45,Remote-Approve,87,"Approve remotely — flooding confirmed, documentation required",Flood signal of 1.4ft detected across 20% of footprint at 87% confidence; remote approval is supported by satellite record.
IAN-00155,"4615 Collingswood Blvd, Port Charlotte, FL 33950",26.902338,-82.046809,78.5,5.57,Dispatch,78,Send adjuster — major flood damage likely,Post-event SAR confirms major inundation at 5.6ft peak depth; adjuster dispatch recommended for full structural damage assessment.
IAN-00156,"1363 Atwater St, Port Charlotte, FL 33948",26.966344,-82.060518,55.0,1.89,Remote-Approve,87,"Approve remotely — flooding confirmed, documentation required",SAR data shows clear inundation of 1.9ft with 55% lot coverage; remote approval recommended pending policyholder documentation.
IAN-00157,"4677 Atwater St, Port Charlotte, FL 33950",27.067348,-82.013193,4.6,0.13,Remote-Deny,82,Deny remotely — no significant flooding detected,No inundation detected at 82% confidence; property located outside confirmed flood extent per Sentinel-1 analysis.
IAN-00158,"4385 Flamingo Blvd, Port Charlotte, FL 33952",26.988965,-82.030468,0.2,0.18,Remote-Deny,86,Deny remotely — no significant flooding detected,SAR analysis confirms property was not reached by floodwaters; 0.2ft depth reading supports remote denial at 86% confidence.
IAN-00159,"7293 Edgewater Dr, Port Charlotte, FL 33950",26.932008,-82.062201,48.3,4.68,Dispatch,76,Send adjuster — major flood damage likely,Post-event SAR confirms major inundation at 4.7ft peak depth; adjuster dispatch recommended for full structural damage assessment.
IAN-00160,"5757 Harbor Blvd, Port Charlotte, FL 33950",26.934907,-82.028884,62.9,8.4,Dispatch,77,Send adjuster — major flood damage likely,Sentinel-1 backscatter confirms extensive inundation to 8.4ft across 63% of lot; dispatch adjuster for damage documentation.
IAN-00161,"9765 Olean Blvd, Port Charlotte, FL 33981",26.855178,-82.010098,65.1,3.47,Dispatch,81,Send adjuster — major flood damage likely,SAR imagery shows 65% of parcel submerged to 3.5ft maximum depth; immediate adjuster dispatch recommended.
IAN-00162,"3231 Palomino Ave, Port Charlotte, FL 33948",26.932025,-82.082256,67.9,3.47,Dispatch,76,Send adjuster — major flood damage likely,Satellite radar detects 3.5ft of standing water across 68% of the property; physical inspection required before adjudication.
IAN-00163,"4103 Tropicana Ave, Port Charlotte, FL 33950",26.930492,-82.043866,58.5,5.6,Dispatch,68,Send adjuster — major flood damage likely,Sentinel-1 backscatter confirms extensive inundation to 5.6ft across 58% of lot; dispatch adjuster for damage documentation.
IAN-00164,"4357 Edgewater Dr, Port Charlotte, FL 33950",27.033713,-82.008341,2.9,0.18,Remote-Deny,95,Deny remotely — no significant flooding detected,No inundation detected at 95% confidence; property located outside confirmed flood extent per Sentinel-1 analysis.
IAN-00165,"4261 Peachland Blvd, Port Charlotte, FL 33950",26.914024,-82.129865,7.1,1.08,Review,69,Flag for manual review — borderline measurements,Ambiguous SAR return at property location; 1.1ft estimated depth but confidence is 69%; flag for human adjuster review.
IAN-00166,"2293 Coudriet Dr, Port Charlotte, FL 33948",26.922655,-82.021921,65.2,1.11,Remote-Approve,86,"Approve remotely — flooding confirmed, documentation required",Satellite analysis confirms moderate flooding at 1.1ft across 65% of the parcel; remote claim approval appropriate.
IAN-00167,"7441 Kings Hwy, Port Charlotte, FL 33948",26.851603,-82.040351,65.8,3.76,Dispatch,88,Send adjuster — major flood damage likely,SAR imagery shows 66% of parcel submerged to 3.8ft maximum depth; immediate adjuster dispatch recommended.
IAN-00168,"1083 Ohara Dr, Port Charlotte, FL 33981",26.95488,-82.058057,50.3,1.46,Remote-Approve,80,"Approve remotely — flooding confirmed, documentation required","Post-event imagery confirms 1.5ft flood depth at 80% confidence; no structural inspection required, approve with standard documentation."
IAN-00169,"3653 Bayshore Rd, Port Charlotte, FL 33950",26.972127,-82.045012,3.0,0.1,Remote-Deny,85,Deny remotely — no significant flooding detected,Pre and post-event SAR show no material change in backscatter at property location; flood depth under 0.3ft; deny remotely.
IAN-00170,"9513 Ohara Dr, Port Charlotte, FL 33952",26.915858,-82.091851,73.0,3.77,Dispatch,92,Send adjuster — major flood damage likely,Post-event SAR confirms major inundation at 3.8ft peak depth; adjuster dispatch recommended for full structural damage assessment.
IAN-00171,"9231 Coudriet Dr, Port Charlotte, FL 33948",26.908734,-82.049243,47.0,4.31,Dispatch,86,Send adjuster — major flood damage likely,SAR imagery shows 47% of parcel submerged to 4.3ft maximum depth; immediate adjuster dispatch recommended.
IAN-00172,"7575 Tropicana Ave, Port Charlotte, FL 33952",26.907885,-82.139834,87.6,3.96,Dispatch,91,Send adjuster — major flood damage likely,Post-event SAR confirms major inundation at 4.0ft peak depth; adjuster dispatch recommended for full structural damage assessment.
IAN-00173,"1165 Tamiami Trail, Port Charlotte, FL 33950",26.983386,-81.999626,37.8,2.7,Remote-Approve,88,"Approve remotely — flooding confirmed, documentation required",SAR data shows clear inundation of 2.7ft with 38% lot coverage; remote approval recommended pending policyholder documentation.
IAN-00174,"5615 Coudriet Dr, Port Charlotte, FL 33950",26.929683,-82.081069,58.4,0.95,Remote-Approve,91,"Approve remotely — flooding confirmed, documentation required","Post-event imagery confirms 0.9ft flood depth at 91% confidence; no structural inspection required, approve with standard documentation."
IAN-00175,"6947 Forrest Nelson Blvd, Port Charlotte, FL 33952",26.933698,-82.018288,65.4,1.05,Remote-Approve,90,"Approve remotely — flooding confirmed, documentation required",Satellite analysis confirms moderate flooding at 1.1ft across 65% of the parcel; remote claim approval appropriate.
IAN-00176,"5565 Atwater St, Port Charlotte, FL 33948",26.851693,-82.055836,66.9,2.5,Dispatch,71,Send adjuster — major flood damage likely,Post-event SAR confirms major inundation at 2.5ft peak depth; adjuster dispatch recommended for full structural damage assessment.
IAN-00177,"3417 Kings Hwy, Port Charlotte, FL 33981",26.871958,-82.105873,72.9,3.47,Dispatch,83,Send adjuster — major flood damage likely,Sentinel-1 backscatter confirms extensive inundation to 3.5ft across 73% of lot; dispatch adjuster for damage documentation.
IAN-00178,"3563 Midway Blvd, Port Charlotte, FL 33952",26.973654,-82.039345,38.0,1.08,Remote-Approve,87,"Approve remotely — flooding confirmed, documentation required","Post-event imagery confirms 1.1ft flood depth at 87% confidence; no structural inspection required, approve with standard documentation."
IAN-00179,"6509 Forrest Nelson Blvd, Port Charlotte, FL 33952",26.985415,-81.980841,4.8,0.1,Remote-Deny,94,Deny remotely — no significant flooding detected,SAR analysis confirms property was not reached by floodwaters; 0.1ft depth reading supports remote denial at 94% confidence.
IAN-00180,"9229 Forrest Nelson Blvd, Port Charlotte, FL 33952",26.978273,-82.055676,28.7,1.48,Review,49,Flag for manual review — borderline measurements,Low-confidence flood detection at this parcel; 1.5ft depth estimated but signal quality warrants human verification.
IAN-00181,"7929 Paulson Dr, Port Charlotte, FL 33981",26.908082,-82.150237,70.3,3.5,Dispatch,88,Send adjuster — major flood damage likely,SAR imagery shows 70% of parcel submerged to 3.5ft maximum depth; immediate adjuster dispatch recommended.
IAN-00182,"6399 Cochran Blvd, Port Charlotte, FL 33981",26.899301,-82.112819,81.3,6.26,Dispatch,83,Send adjuster — major flood damage likely,High-confidence flood signal at 6.3ft depth detected across 81% of property footprint; on-site evaluation required before processing.
IAN-00183,"7929 Paulson Dr, Port Charlotte, FL 33948",26.997132,-82.031269,0.5,0.27,Remote-Deny,89,Deny remotely — no significant flooding detected,Pre and post-event SAR show no material change in backscatter at property location; flood depth under 0.3ft; deny remotely.
IAN-00184,"7439 Paulson Dr, Port Charlotte, FL 33981",26.992737,-82.054615,1.2,0.05,Remote-Deny,82,Deny remotely — no significant flooding detected,Satellite imagery shows no significant flooding at this location; max detected depth is 0.1ft at 82% confidence; remote denial supported.
IAN-00185,"613 Elkcam Blvd, Port Charlotte, FL 33981",26.956206,-82.065386,54.5,2.18,Remote-Approve,89,"Approve remotely — flooding confirmed, documentation required",Satellite confirms 2.2ft flooding across 54% of property at 89% confidence; evidence sufficient for remote claim approval.
IAN-00186,"7139 Edgewater Dr, Port Charlotte, FL 33948",26.913999,-82.091262,89.0,4.38,Dispatch,73,Send adjuster — major flood damage likely,Flood depth of 4.4ft recorded at 73% satellite confidence; in-person inspection necessary to document interior losses.
IAN-00187,"9885 Murdock Ave, Port Charlotte, FL 33952",26.901925,-82.062388,70.0,6.44,Dispatch,66,Send adjuster — major flood damage likely,Satellite radar detects 6.4ft of standing water across 70% of the property; physical inspection required before adjudication.
IAN-00188,"5931 Midway Blvd, Port Charlotte, FL 33948",26.904392,-82.043462,86.3,3.15,Dispatch,68,Send adjuster — major flood damage likely,High-confidence flood signal at 3.1ft depth detected across 86% of property footprint; on-site evaluation required before processing.
IAN-00189,"2805 Collingswood Blvd, Port Charlotte, FL 33950",26.993089,-82.020656,58.1,1.23,Remote-Approve,91,"Approve remotely — flooding confirmed, documentation required",Flood signal of 1.2ft detected across 58% of footprint at 91% confidence; remote approval is supported by satellite record.
IAN-00190,"1839 Loveland Blvd, Port Charlotte, FL 33952",26.985534,-82.057039,17.3,0.7,Review,36,Flag for manual review — borderline measurements,Mixed signals in SAR imagery; 0.7ft estimated depth with 36% confidence; do not adjudicate without human review.
IAN-00191,"187 Forrest Nelson Blvd, Port Charlotte, FL 33981",27.037502,-82.057123,1.7,0.23,Remote-Deny,87,Deny remotely — no significant flooding detected,Post-event imagery is consistent with pre-event baseline at this parcel; no flooding detected; remote denial supported.
IAN-00192,"4167 Collingswood Blvd, Port Charlotte, FL 33950",27.001723,-82.055196,3.5,0.21,Remote-Deny,94,Deny remotely — no significant flooding detected,No inundation detected at 94% confidence; property located outside confirmed flood extent per Sentinel-1 analysis.
IAN-00193,"5081 Veterans Blvd, Port Charlotte, FL 33950",26.918919,-82.072863,50.4,4.13,Dispatch,77,Send adjuster — major flood damage likely,Sentinel-1 backscatter confirms extensive inundation to 4.1ft across 50% of lot; dispatch adjuster for damage documentation.
IAN-00194,"4019 Collingswood Blvd, Port Charlotte, FL 33952",26.906082,-82.066124,51.5,1.53,Remote-Approve,90,"Approve remotely — flooding confirmed, documentation required",SAR data shows clear inundation of 1.5ft with 52% lot coverage; remote approval recommended pending policyholder documentation.
IAN-00195,"1379 Tamiami Trail, Port Charlotte, FL 33981",26.986507,-82.06537,35.2,1.74,Review,37,Flag for manual review — borderline measurements,Low-confidence flood detection at this parcel; 1.7ft depth estimated but signal quality warrants human verification.
IAN-00196,"9313 El Jobean Rd, Port Charlotte, FL 33950",26.963215,-82.045953,57.0,0.81,Remote-Approve,85,"Approve remotely — flooding confirmed, documentation required",Flood signal of 0.8ft detected across 57% of footprint at 85% confidence; remote approval is supported by satellite record.
IAN-00197,"5025 Olean Blvd, Port Charlotte, FL 33950",26.993086,-82.004477,13.8,1.82,Review,69,Flag for manual review — borderline measurements,Satellite data shows 14% coverage at 1.8ft estimated depth but confidence is below threshold; manual review required.
IAN-00198,"1209 Paulson Dr, Port Charlotte, FL 33981",26.965029,-81.99381,45.2,1.58,Remote-Approve,86,"Approve remotely — flooding confirmed, documentation required",Flood signal of 1.6ft detected across 45% of footprint at 86% confidence; remote approval is supported by satellite record.
IAN-00199,"1333 Veterans Blvd, Port Charlotte, FL 33950",26.924841,-82.044281,46.9,0.99,Remote-Approve,79,"Approve remotely — flooding confirmed, documentation required",SAR data shows clear inundation of 1.0ft with 47% lot coverage; remote approval recommended pending policyholder documentation.
IAN-00200,"7595 Duncan Rd, Port Charlotte, FL 33948",26.897029,-82.046676,53.3,5.49,Dispatch,71,Send adjuster — major flood damage likely,Sentinel-1 backscatter confirms extensive inundation to 5.5ft across 53% of lot; dispatch adjuster for damage documentation.
IAN-00201,"9207 Edgewater Dr, Port Charlotte, FL 33950",26.911422,-82.068846,45.4,0.76,Remote-Approve,90,"Approve remotely — flooding confirmed, documentation required",Satellite analysis confirms moderate flooding at 0.8ft across 45% of the parcel; remote claim approval appropriate.
IAN-00202,"8523 Conway Blvd, Port Charlotte, FL 33950",26.928306,-82.005978,41.3,0.62,Review,67,Flag for manual review — borderline measurements,Mixed signals in SAR imagery; 0.6ft estimated depth with 67% confidence; do not adjudicate without human review.
IAN-00203,"8781 Midway Blvd, Port Charlotte, FL 33948",26.929995,-82.101749,23.2,1.05,Review,64,Flag for manual review — borderline measurements,Satellite data shows 23% coverage at 1.1ft estimated depth but confidence is below threshold; manual review required.
IAN-00204,"6405 Forrest Nelson Blvd, Port Charlotte, FL 33981",26.917579,-82.078649,75.0,9.71,Dispatch,65,Send adjuster — major flood damage likely,Post-event SAR confirms major inundation at 9.7ft peak depth; adjuster dispatch recommended for full structural damage assessment.
IAN-00205,"1741 Peachland Blvd, Port Charlotte, FL 33950",26.946445,-82.070337,34.9,1.17,Remote-Approve,92,"Approve remotely — flooding confirmed, documentation required",Flood signal of 1.2ft detected across 35% of footprint at 92% confidence; remote approval is supported by satellite record.
IAN-00206,"137 El Jobean Rd, Port Charlotte, FL 33981",26.902008,-82.026574,58.6,1.21,Remote-Approve,90,"Approve remotely — flooding confirmed, documentation required",Satellite confirms 1.2ft flooding across 59% of property at 90% confidence; evidence sufficient for remote claim approval.
IAN-00207,"5091 Collingswood Blvd, Port Charlotte, FL 33952",26.945877,-82.035973,87.6,8.07,Dispatch,69,Send adjuster — major flood damage likely,Satellite radar detects 8.1ft of standing water across 88% of the property; physical inspection required before adjudication.
IAN-00208,"4809 Coudriet Dr, Port Charlotte, FL 33948",26.930872,-82.046867,29.3,1.48,Remote-Approve,88,"Approve remotely — flooding confirmed, documentation required",Satellite analysis confirms moderate flooding at 1.5ft across 29% of the parcel; remote claim approval appropriate.
IAN-00209,"4719 Murdock Ave, Port Charlotte, FL 33981",26.911604,-82.00579,64.7,4.36,Dispatch,86,Send adjuster — major flood damage likely,Flood depth of 4.4ft recorded at 86% satellite confidence; in-person inspection necessary to document interior losses.
IAN-00210,"7039 Conway Blvd, Port Charlotte, FL 33948",26.984684,-82.01377,22.1,1.25,Review,55,Flag for manual review — borderline measurements,Low-confidence flood detection at this parcel; 1.2ft depth estimated but signal quality warrants human verification.
IAN-00211,"2279 Rampart Blvd, Port Charlotte, FL 33950",27.01894,-82.006762,2.6,0.18,Remote-Deny,85,Deny remotely — no significant flooding detected,Pre and post-event SAR show no material change in backscatter at property location; flood depth under 0.3ft; deny remotely.
IAN-00212,"1587 Conway Blvd, Port Charlotte, FL 33981",26.849293,-82.019213,61.2,4.53,Dispatch,87,Send adjuster — major flood damage likely,High-confidence flood signal at 4.5ft depth detected across 61% of property footprint; on-site evaluation required before processing.
IAN-00213,"1771 Coudriet Dr, Port Charlotte, FL 33950",27.081915,-82.068349,3.9,0.12,Remote-Deny,93,Deny remotely — no significant flooding detected,No inundation detected at 93% confidence; property located outside confirmed flood extent per Sentinel-1 analysis.
IAN-00214,"4065 Collingswood Blvd, Port Charlotte, FL 33981",26.944075,-82.052474,62.0,1.01,Remote-Approve,83,"Approve remotely — flooding confirmed, documentation required",SAR data shows clear inundation of 1.0ft with 62% lot coverage; remote approval recommended pending policyholder documentation.
IAN-00215,"8713 Kings Hwy, Port Charlotte, FL 33948",27.011444,-82.042501,2.1,0.06,Remote-Deny,88,Deny remotely — no significant flooding detected,SAR analysis confirms property was not reached by floodwaters; 0.1ft depth reading supports remote denial at 88% confidence.
IAN-00216,"4805 Edgewater Dr, Port Charlotte, FL 33952",26.925052,-82.034746,60.9,4.07,Dispatch,65,Send adjuster — major flood damage likely,Post-event SAR confirms major inundation at 4.1ft peak depth; adjuster dispatch recommended for full structural damage assessment.
IAN-00217,"6845 Edgewater Dr, Port Charlotte, FL 33950",26.956878,-82.093353,46.2,1.01,Remote-Approve,83,"Approve remotely — flooding confirmed, documentation required",Satellite analysis confirms moderate flooding at 1.0ft across 46% of the parcel; remote claim approval appropriate.
IAN-00218,"9129 Loveland Blvd, Port Charlotte, FL 33950",26.916093,-82.123138,50.5,4.65,Dispatch,78,Send adjuster — major flood damage likely,Flood depth of 4.7ft recorded at 78% satellite confidence; in-person inspection necessary to document interior losses.
IAN-00219,"6695 Forrest Nelson Blvd, Port Charlotte, FL 33952",26.94591,-82.025211,15.9,1.43,Review,36,Flag for manual review — borderline measurements,Satellite data shows 16% coverage at 1.4ft estimated depth but confidence is below threshold; manual review required.
IAN-00220,"6197 Murdock Ave, Port Charlotte, FL 33981",26.914184,-82.023103,63.8,3.27,Dispatch,68,Send adjuster — major flood damage likely,Post-event SAR confirms major inundation at 3.3ft peak depth; adjuster dispatch recommended for full structural damage assessment.
IAN-00221,"5061 Rampart Blvd, Port Charlotte, FL 33952",26.875495,-82.151605,82.8,2.5,Dispatch,80,Send adjuster — major flood damage likely,Satellite radar detects 2.5ft of standing water across 83% of the property; physical inspection required before adjudication.
IAN-00222,"8333 Quesada Ave, Port Charlotte, FL 33948",26.934999,-81.98537,30.7,0.37,Review,47,Flag for manual review — borderline measurements,Satellite data shows 31% coverage at 0.4ft estimated depth but confidence is below threshold; manual review required.
IAN-00223,"2961 Atwater St, Port Charlotte, FL 33950",26.946121,-82.004848,47.3,6.52,Dispatch,65,Send adjuster — major flood damage likely,Post-event SAR confirms major inundation at 6.5ft peak depth; adjuster dispatch recommended for full structural damage assessment.
IAN-00224,"7187 Flamingo Blvd, Port Charlotte, FL 33948",26.940326,-82.000685,11.1,1.53,Review,42,Flag for manual review — borderline measurements,Ambiguous SAR return at property location; 1.5ft estimated depth but confidence is 42%; flag for human adjuster review.
IAN-00225,"7841 Forrest Nelson Blvd, Port Charlotte, FL 33948",26.96039,-82.037246,65.3,0.84,Remote-Approve,94,"Approve remotely — flooding confirmed, documentation required","Post-event imagery confirms 0.8ft flood depth at 94% confidence; no structural inspection required, approve with standard documentation."
IAN-00226,"3759 El Jobean Rd, Port Charlotte, FL 33981",27.025842,-82.041847,0.1,0.19,Remote-Deny,96,Deny remotely — no significant flooding detected,SAR analysis confirms property was not reached by floodwaters; 0.2ft depth reading supports remote denial at 96% confidence.
IAN-00227,"2477 Harbor Blvd, Port Charlotte, FL 33950",26.922398,-82.058755,56.3,4.83,Dispatch,86,Send adjuster — major flood damage likely,Flood depth of 4.8ft recorded at 86% satellite confidence; in-person inspection necessary to document interior losses.
IAN-00228,"779 Conway Blvd, Port Charlotte, FL 33952",27.001681,-81.98463,1.2,0.17,Remote-Deny,84,Deny remotely — no significant flooding detected,No inundation detected at 84% confidence; property located outside confirmed flood extent per Sentinel-1 analysis.
IAN-00229,"6319 Cochran Blvd, Port Charlotte, FL 33950",26.981217,-82.130287,34.7,1.53,Review,66,Flag for manual review — borderline measurements,Ambiguous SAR return at property location; 1.5ft estimated depth but confidence is 66%; flag for human adjuster review.
IAN-00230,"161 Ohara Dr, Port Charlotte, FL 33952",27.029089,-82.065476,3.5,0.26,Remote-Deny,92,Deny remotely — no significant flooding detected,No inundation detected at 92% confidence; property located outside confirmed flood extent per Sentinel-1 analysis.
IAN-00231,"6581 Duncan Rd, Port Charlotte, FL 33981",26.907455,-82.070604,57.2,3.07,Dispatch,82,Send adjuster — major flood damage likely,Sentinel-1 backscatter confirms extensive inundation to 3.1ft across 57% of lot; dispatch adjuster for damage documentation.
IAN-00232,"6437 Loveland Blvd, Port Charlotte, FL 33950",26.933803,-82.030145,68.9,4.12,Dispatch,65,Send adjuster — major flood damage likely,SAR imagery shows 69% of parcel submerged to 4.1ft maximum depth; immediate adjuster dispatch recommended.
IAN-00233,"247 Tropicana Ave, Port Charlotte, FL 33952",27.033353,-82.059165,2.2,0.07,Remote-Deny,87,Deny remotely — no significant flooding detected,SAR analysis confirms property was not reached by floodwaters; 0.1ft depth reading supports remote denial at 87% confidence.
IAN-00234,"9293 Palomino Ave, Port Charlotte, FL 33952",26.916668,-82.013649,48.8,1.11,Remote-Approve,93,"Approve remotely — flooding confirmed, documentation required",Flood signal of 1.1ft detected across 49% of footprint at 93% confidence; remote approval is supported by satellite record.
IAN-00235,"3235 Tamiami Trail, Port Charlotte, FL 33952",26.986214,-82.027758,0.6,0.22,Remote-Deny,86,Deny remotely — no significant flooding detected,No inundation detected at 86% confidence; property located outside confirmed flood extent per Sentinel-1 analysis.
IAN-00236,"9095 Duncan Rd, Port Charlotte, FL 33948",26.959464,-82.088395,23.3,0.7,Review,58,Flag for manual review — borderline measurements,Ambiguous SAR return at property location; 0.7ft estimated depth but confidence is 58%; flag for human adjuster review.
IAN-00237,"4357 Tamiami Trail, Port Charlotte, FL 33948",26.91173,-82.021381,31.4,1.43,Remote-Approve,94,"Approve remotely — flooding confirmed, documentation required",SAR data shows clear inundation of 1.4ft with 31% lot coverage; remote approval recommended pending policyholder documentation.
IAN-00238,"7359 Murdock Ave, Port Charlotte, FL 33950",27.002224,-82.041815,0.7,0.01,Remote-Deny,95,Deny remotely — no significant flooding detected,Satellite imagery shows no significant flooding at this location; max detected depth is 0.0ft at 95% confidence; remote denial supported.
IAN-00239,"9013 Forrest Nelson Blvd, Port Charlotte, FL 33950",26.884389,-82.113288,85.0,6.54,Dispatch,65,Send adjuster — major flood damage likely,Satellite radar detects 6.5ft of standing water across 85% of the property; physical inspection required before adjudication.
IAN-00240,"6411 Coudriet Dr, Port Charlotte, FL 33950",26.866631,-82.03441,62.0,2.8,Dispatch,82,Send adjuster — major flood damage likely,SAR imagery shows 62% of parcel submerged to 2.8ft maximum depth; immediate adjuster dispatch recommended.
IAN-00241,"5289 Tamiami Trail, Port Charlotte, FL 33981",26.947361,-82.092047,41.6,0.99,Remote-Approve,84,"Approve remotely — flooding confirmed, documentation required",Flood signal of 1.0ft detected across 42% of footprint at 84% confidence; remote approval is supported by satellite record.
IAN-00242,"4137 Edgewater Dr, Port Charlotte, FL 33952",26.885061,-82.046905,58.5,2.5,Dispatch,91,Send adjuster — major flood damage likely,Satellite radar detects 2.5ft of standing water across 58% of the property; physical inspection required before adjudication.
IAN-00243,"2291 Midway Blvd, Port Charlotte, FL 33948",26.883817,-82.10825,66.1,4.33,Dispatch,91,Send adjuster — major flood damage likely,SAR imagery shows 66% of parcel submerged to 4.3ft maximum depth; immediate adjuster dispatch recommended.
IAN-00244,"9253 Kings Hwy, Port Charlotte, FL 33950",26.959256,-82.04121,50.1,1.04,Remote-Approve,95,"Approve remotely — flooding confirmed, documentation required",Satellite analysis confirms moderate flooding at 1.0ft across 50% of the parcel; remote claim approval appropriate.
IAN-00245,"5883 Atwater St, Port Charlotte, FL 33981",27.028942,-81.99231,4.5,0.1,Remote-Deny,81,Deny remotely — no significant flooding detected,SAR analysis confirms property was not reached by floodwaters; 0.1ft depth reading supports remote denial at 81% confidence.
IAN-00246,"8709 Veterans Blvd, Port Charlotte, FL 33952",26.917358,-82.06643,48.9,0.71,Remote-Approve,86,"Approve remotely — flooding confirmed, documentation required",SAR data shows clear inundation of 0.7ft with 49% lot coverage; remote approval recommended pending policyholder documentation.
IAN-00247,"4061 Tropicana Ave, Port Charlotte, FL 33948",26.987773,-82.025602,39.3,0.68,Review,54,Flag for manual review — borderline measurements,Ambiguous SAR return at property location; 0.7ft estimated depth but confidence is 54%; flag for human adjuster review.
IAN-00248,"7259 Duncan Rd, Port Charlotte, FL 33950",26.921904,-82.078134,59.7,0.79,Remote-Approve,80,"Approve remotely — flooding confirmed, documentation required",Satellite confirms 0.8ft flooding across 60% of property at 80% confidence; evidence sufficient for remote claim approval.
IAN-00249,"1725 Elkcam Blvd, Port Charlotte, FL 33950",26.925028,-82.058451,89.7,3.08,Dispatch,92,Send adjuster — major flood damage likely,Post-event SAR confirms major inundation at 3.1ft peak depth; adjuster dispatch recommended for full structural damage assessment.
IAN-00250,"7427 Conway Blvd, Port Charlotte, FL 33981",26.968279,-82.075192,41.7,0.94,Remote-Approve,83,"Approve remotely — flooding confirmed, documentation required",Satellite confirms 0.9ft flooding across 42% of property at 83% confidence; evidence sufficient for remote claim approval.
IAN-00251,"7895 Olean Terrace, Port Charlotte, FL 33948",26.928637,-82.002299,48.9,4.95,Dispatch,85,Send adjuster — major flood damage likely,SAR imagery shows 49% of parcel submerged to 5.0ft maximum depth; immediate adjuster dispatch recommended.
IAN-00252,"7847 Peachland Blvd, Port Charlotte, FL 33950",26.887579,-82.105972,78.6,4.76,Dispatch,81,Send adjuster — major flood damage likely,Post-event SAR confirms major inundation at 4.8ft peak depth; adjuster dispatch recommended for full structural damage assessment.
IAN-00253,"6671 Veterans Blvd, Port Charlotte, FL 33948",26.877491,-82.016135,64.3,8.42,Dispatch,68,Send adjuster — major flood damage likely,Post-event SAR confirms major inundation at 8.4ft peak depth; adjuster dispatch recommended for full structural damage assessment.
IAN-00254,"8749 Bayshore Rd, Port Charlotte, FL 33950",26.997845,-82.031444,0.6,0.18,Remote-Deny,92,Deny remotely — no significant flooding detected,Pre and post-event SAR show no material change in backscatter at property location; flood depth under 0.3ft; deny remotely.
IAN-00255,"517 Olean Blvd, Port Charlotte, FL 33952",26.975061,-81.969251,29.2,0.81,Review,66,Flag for manual review — borderline measurements,Borderline flood signal of 0.8ft at 66% confidence; recommend manual review before any dispatch or denial decision.
IAN-00256,"9263 Harbor Blvd, Port Charlotte, FL 33950",26.968028,-82.037452,35.7,0.68,Remote-Approve,79,"Approve remotely — flooding confirmed, documentation required",Satellite confirms 0.7ft flooding across 36% of property at 79% confidence; evidence sufficient for remote claim approval.
IAN-00257,"4999 Palomino Ave, Port Charlotte, FL 33952",27.038441,-82.063784,15.9,1.88,Review,59,Flag for manual review — borderline measurements,Borderline flood signal of 1.9ft at 59% confidence; recommend manual review before any dispatch or denial decision.
IAN-00258,"6415 Tropicana Ave, Port Charlotte, FL 33981",27.046527,-81.964741,2.5,0.06,Remote-Deny,96,Deny remotely — no significant flooding detected,SAR analysis confirms property was not reached by floodwaters; 0.1ft depth reading supports remote denial at 96% confidence.
IAN-00259,"9557 Palomino Ave, Port Charlotte, FL 33981",26.943634,-82.034852,21.2,1.45,Review,67,Flag for manual review — borderline measurements,Satellite data shows 21% coverage at 1.4ft estimated depth but confidence is below threshold; manual review required.
IAN-00260,"4603 Flamingo Blvd, Port Charlotte, FL 33948",26.930459,-82.058444,67.5,1.8,Remote-Approve,81,"Approve remotely — flooding confirmed, documentation required",Flood signal of 1.8ft detected across 68% of footprint at 81% confidence; remote approval is supported by satellite record.
IAN-00261,"7869 El Jobean Rd, Port Charlotte, FL 33981",26.921313,-81.999019,88.3,5.39,Dispatch,92,Send adjuster — major flood damage likely,High-confidence flood signal at 5.4ft depth detected across 88% of property footprint; on-site evaluation required before processing.
IAN-00262,"4495 Cochran Blvd, Port Charlotte, FL 33948",26.960053,-81.978122,0.4,0.23,Remote-Deny,89,Deny remotely — no significant flooding detected,No inundation detected at 89% confidence; property located outside confirmed flood extent per Sentinel-1 analysis.
IAN-00263,"8895 Flamingo Blvd, Port Charlotte, FL 33981",26.85261,-82.104715,51.6,5.57,Dispatch,71,Send adjuster — major flood damage likely,Flood depth of 5.6ft recorded at 71% satellite confidence; in-person inspection necessary to document interior losses.
IAN-00264,"7313 Tropicana Ave, Port Charlotte, FL 33948",26.957938,-82.084718,82.0,4.18,Dispatch,81,Send adjuster — major flood damage likely,Flood depth of 4.2ft recorded at 81% satellite confidence; in-person inspection necessary to document interior losses.
IAN-00265,"5107 Collingswood Blvd, Port Charlotte, FL 33948",26.979707,-81.977096,2.1,0.08,Remote-Deny,89,Deny remotely — no significant flooding detected,SAR analysis confirms property was not reached by floodwaters; 0.1ft depth reading supports remote denial at 89% confidence.
IAN-00266,"4421 Flamingo Blvd, Port Charlotte, FL 33981",26.960771,-81.996961,23.2,0.55,Remote-Approve,93,"Approve remotely — flooding confirmed, documentation required",SAR data shows clear inundation of 0.6ft with 23% lot coverage; remote approval recommended pending policyholder documentation.
IAN-00267,"8527 Elkcam Blvd, Port Charlotte, FL 33950",26.928798,-82.062786,69.5,4.75,Dispatch,75,Send adjuster — major flood damage likely,Flood depth of 4.8ft recorded at 75% satellite confidence; in-person inspection necessary to document interior losses.
IAN-00268,"8339 El Jobean Rd, Port Charlotte, FL 33981",26.938765,-82.011128,46.3,1.34,Remote-Approve,78,"Approve remotely — flooding confirmed, documentation required",SAR data shows clear inundation of 1.3ft with 46% lot coverage; remote approval recommended pending policyholder documentation.
IAN-00269,"4489 Peachland Blvd, Port Charlotte, FL 33981",26.916388,-82.057143,64.7,0.67,Remote-Approve,83,"Approve remotely — flooding confirmed, documentation required","Post-event imagery confirms 0.7ft flood depth at 83% confidence; no structural inspection required, approve with standard documentation."
IAN-00270,"595 Rampart Blvd, Port Charlotte, FL 33948",26.87008,-82.081366,78.4,2.81,Dispatch,88,Send adjuster — major flood damage likely,Sentinel-1 backscatter confirms extensive inundation to 2.8ft across 78% of lot; dispatch adjuster for damage documentation.
IAN-00271,"7343 Forrest Nelson Blvd, Port Charlotte, FL 33950",26.981754,-82.080508,43.2,0.75,Remote-Approve,85,"Approve remotely — flooding confirmed, documentation required",Satellite analysis confirms moderate flooding at 0.8ft across 43% of the parcel; remote claim approval appropriate.
IAN-00272,"7065 Conway Blvd, Port Charlotte, FL 33948",26.880816,-82.088969,61.6,6.06,Dispatch,71,Send adjuster — major flood damage likely,Sentinel-1 backscatter confirms extensive inundation to 6.1ft across 62% of lot; dispatch adjuster for damage documentation.
IAN-00273,"1547 Edgewater Dr, Port Charlotte, FL 33952",26.983694,-82.03458,0.6,0.09,Remote-Deny,89,Deny remotely — no significant flooding detected,Post-event imagery is consistent with pre-event baseline at this parcel; no flooding detected; remote denial supported.
IAN-00274,"6247 Cochran Blvd, Port Charlotte, FL 33948",26.924515,-82.059731,79.0,3.77,Dispatch,90,Send adjuster — major flood damage likely,Sentinel-1 backscatter confirms extensive inundation to 3.8ft across 79% of lot; dispatch adjuster for damage documentation.
IAN-00275,"671 Peachland Blvd, Port Charlotte, FL 33950",27.024265,-82.038107,24.5,1.64,Review,55,Flag for manual review — borderline measurements,Low-confidence flood detection at this parcel; 1.6ft depth estimated but signal quality warrants human verification.
IAN-00276,"5043 Conway Blvd, Port Charlotte, FL 33950",27.03393,-82.053363,2.5,0.21,Remote-Deny,94,Deny remotely — no significant flooding detected,Post-event imagery is consistent with pre-event baseline at this parcel; no flooding detected; remote denial supported.
IAN-00277,"2677 Ohara Dr, Port Charlotte, FL 33948",27.034761,-82.002626,4.5,0.01,Remote-Deny,85,Deny remotely — no significant flooding detected,Satellite imagery shows no significant flooding at this location; max detected depth is 0.0ft at 85% confidence; remote denial supported.
IAN-00278,"4313 Murdock Ave, Port Charlotte, FL 33948",26.938156,-82.047565,24.0,1.54,Remote-Approve,84,"Approve remotely — flooding confirmed, documentation required",Satellite analysis confirms moderate flooding at 1.5ft across 24% of the parcel; remote claim approval appropriate.
IAN-00279,"609 El Jobean Rd, Port Charlotte, FL 33981",26.979722,-82.030256,52.4,1.24,Remote-Approve,88,"Approve remotely — flooding confirmed, documentation required",Flood signal of 1.2ft detected across 52% of footprint at 88% confidence; remote approval is supported by satellite record.
IAN-00280,"6393 Loveland Blvd, Port Charlotte, FL 33981",26.877586,-82.033259,73.9,7.97,Dispatch,69,Send adjuster — major flood damage likely,Flood depth of 8.0ft recorded at 69% satellite confidence; in-person inspection necessary to document interior losses.
IAN-00281,"1803 Collingswood Blvd, Port Charlotte, FL 33981",27.016355,-81.990517,0.9,0.12,Remote-Deny,94,Deny remotely — no significant flooding detected,Pre and post-event SAR show no material change in backscatter at property location; flood depth under 0.3ft; deny remotely.
IAN-00282,"4565 Paulson Dr, Port Charlotte, FL 33952",27.015477,-82.099629,37.7,1.17,Review,71,Flag for manual review — borderline measurements,Mixed signals in SAR imagery; 1.2ft estimated depth with 71% confidence; do not adjudicate without human review.
IAN-00283,"3029 Peachland Blvd, Port Charlotte, FL 33948",26.883161,-82.02393,64.0,3.52,Dispatch,75,Send adjuster — major flood damage likely,High-confidence flood signal at 3.5ft depth detected across 64% of property footprint; on-site evaluation required before processing.
IAN-00284,"2433 Atwater St, Port Charlotte, FL 33950",26.899397,-82.090078,62.9,6.21,Dispatch,80,Send adjuster — major flood damage likely,Post-event SAR confirms major inundation at 6.2ft peak depth; adjuster dispatch recommended for full structural damage assessment.
IAN-00285,"5503 Flamingo Blvd, Port Charlotte, FL 33948",27.028157,-82.025883,67.8,1.74,Remote-Approve,80,"Approve remotely — flooding confirmed, documentation required",Flood signal of 1.7ft detected across 68% of footprint at 80% confidence; remote approval is supported by satellite record.
IAN-00286,"5921 Paulson Dr, Port Charlotte, FL 33981",26.93208,-82.028281,86.9,7.33,Dispatch,91,Send adjuster — major flood damage likely,Sentinel-1 backscatter confirms extensive inundation to 7.3ft across 87% of lot; dispatch adjuster for damage documentation.
IAN-00287,"7671 El Jobean Rd, Port Charlotte, FL 33952",26.96074,-82.038641,11.8,0.46,Review,36,Flag for manual review — borderline measurements,Mixed signals in SAR imagery; 0.5ft estimated depth with 36% confidence; do not adjudicate without human review.
IAN-00288,"5539 Elkcam Blvd, Port Charlotte, FL 33950",26.89285,-82.050886,72.4,3.48,Dispatch,68,Send adjuster — major flood damage likely,Flood depth of 3.5ft recorded at 68% satellite confidence; in-person inspection necessary to document interior losses.
IAN-00289,"9701 El Jobean Rd, Port Charlotte, FL 33950",26.984395,-82.042464,46.8,1.0,Remote-Approve,87,"Approve remotely — flooding confirmed, documentation required",Satellite confirms 1.0ft flooding across 47% of property at 87% confidence; evidence sufficient for remote claim approval.
IAN-00290,"6231 Tropicana Ave, Port Charlotte, FL 33948",26.95425,-82.125398,26.3,1.66,Review,63,Flag for manual review — borderline measurements,Low-confidence flood detection at this parcel; 1.7ft depth estimated but signal quality warrants human verification.
IAN-00291,"7183 Edgewater Dr, Port Charlotte, FL 33981",26.959951,-82.007293,28.3,1.76,Remote-Approve,80,"Approve remotely — flooding confirmed, documentation required",Flood signal of 1.8ft detected across 28% of footprint at 80% confidence; remote approval is supported by satellite record.
IAN-00292,"135 Duncan Rd, Port Charlotte, FL 33952",26.938659,-82.028011,57.5,6.05,Dispatch,65,Send adjuster — major flood damage likely,Flood depth of 6.0ft recorded at 65% satellite confidence; in-person inspection necessary to document interior losses.
IAN-00293,"9683 Rampart Blvd, Port Charlotte, FL 33981",26.870799,-82.066519,62.0,4.25,Dispatch,88,Send adjuster — major flood damage likely,High-confidence flood signal at 4.2ft depth detected across 62% of property footprint; on-site evaluation required before processing.
IAN-00294,"3427 Cochran Blvd, Port Charlotte, FL 33948",26.958959,-82.080572,28.8,2.14,Remote-Approve,80,"Approve remotely — flooding confirmed, documentation required",Satellite confirms 2.1ft flooding across 29% of property at 80% confidence; evidence sufficient for remote claim approval.
IAN-00295,"4731 Collingswood Blvd, Port Charlotte, FL 33948",26.9439,-82.035917,34.1,1.11,Review,36,Flag for manual review — borderline measurements,Ambiguous SAR return at property location; 1.1ft estimated depth but confidence is 36%; flag for human adjuster review.
IAN-00296,"9373 Harbor Blvd, Port Charlotte, FL 33950",26.994445,-82.029032,32.9,1.59,Remote-Approve,88,"Approve remotely — flooding confirmed, documentation required",Flood signal of 1.6ft detected across 33% of footprint at 88% confidence; remote approval is supported by satellite record.
IAN-00297,"4717 Loveland Blvd, Port Charlotte, FL 33950",26.947872,-82.109957,66.2,1.28,Remote-Approve,91,"Approve remotely — flooding confirmed, documentation required",SAR data shows clear inundation of 1.3ft with 66% lot coverage; remote approval recommended pending policyholder documentation.
IAN-00298,"8323 Peachland Blvd, Port Charlotte, FL 33948",26.913542,-82.025115,71.2,4.55,Dispatch,78,Send adjuster — major flood damage likely,High-confidence flood signal at 4.5ft depth detected across 71% of property footprint; on-site evaluation required before processing.
IAN-00299,"2441 Olean Terrace, Port Charlotte, FL 33981",26.91958,-82.038738,51.8,3.21,Dispatch,90,Send adjuster — major flood damage likely,Flood depth of 3.2ft recorded at 90% satellite confidence; in-person inspection necessary to document interior losses.
IAN-00300,"9327 Edgewater Dr, Port Charlotte, FL 33952",26.946024,-82.04053,77.8,3.4,Dispatch,92,Send adjuster — major flood damage likely,Post-event SAR confirms major inundation at 3.4ft peak depth; adjuster dispatch recommended for full structural damage assessment.
IAN-00301,"5751 Forrest Nelson Blvd, Port Charlotte, FL 33981",26.948509,-82.023548,0.7,0.18,Remote-Deny,90,Deny remotely — no significant flooding detected,SAR analysis confirms property was not reached by floodwaters; 0.2ft depth reading supports remote denial at 90% confidence.
IAN-00302,"2153 Coudriet Dr, Port Charlotte, FL 33950",27.015034,-82.006919,0.9,0.16,Remote-Deny,84,Deny remotely — no significant flooding detected,Pre and post-event SAR show no material change in backscatter at property location; flood depth under 0.3ft; deny remotely.
IAN-00303,"409 Olean Terrace, Port Charlotte, FL 33950",26.923206,-82.004735,26.6,1.19,Remote-Approve,93,"Approve remotely — flooding confirmed, documentation required",Satellite confirms 1.2ft flooding across 27% of property at 93% confidence; evidence sufficient for remote claim approval.
IAN-00304,"3887 Harbor Blvd, Port Charlotte, FL 33981",27.044469,-82.040505,3.1,0.13,Remote-Deny,81,Deny remotely — no significant flooding detected,No inundation detected at 81% confidence; property located outside confirmed flood extent per Sentinel-1 analysis.
IAN-00305,"5329 Flamingo Blvd, Port Charlotte, FL 33952",27.02738,-82.064388,2.2,0.21,Remote-Deny,96,Deny remotely — no significant flooding detected,Post-event imagery is consistent with pre-event baseline at this parcel; no flooding detected; remote denial supported.
IAN-00306,"385 Tamiami Trail, Port Charlotte, FL 33981",26.883819,-82.00594,67.7,3.2,Dispatch,76,Send adjuster — major flood damage likely,Post-event SAR confirms major inundation at 3.2ft peak depth; adjuster dispatch recommended for full structural damage assessment.
IAN-00307,"2783 Midway Blvd, Port Charlotte, FL 33950",27.017161,-82.069563,27.6,0.96,Review,48,Flag for manual review — borderline measurements,Low-confidence flood detection at this parcel; 1.0ft depth estimated but signal quality warrants human verification.
IAN-00308,"731 Cochran Blvd, Port Charlotte, FL 33952",26.91895,-82.030403,56.0,3.01,Dispatch,66,Send adjuster — major flood damage likely,Flood depth of 3.0ft recorded at 66% satellite confidence; in-person inspection necessary to document interior losses.
IAN-00309,"6561 Rampart Blvd, Port Charlotte, FL 33981",27.037551,-81.994469,3.4,0.14,Remote-Deny,84,Deny remotely — no significant flooding detected,Post-event imagery is consistent with pre-event baseline at this parcel; no flooding detected; remote denial supported.
IAN-00310,"8907 Cochran Blvd, Port Charlotte, FL 33948",27.02125,-82.016752,0.8,0.01,Remote-Deny,83,Deny remotely — no significant flooding detected,Post-event imagery is consistent with pre-event baseline at this parcel; no flooding detected; remote denial supported.
IAN-00311,"427 Flamingo Blvd, Port Charlotte, FL 33952",26.987988,-82.069598,0.2,0.16,Remote-Deny,86,Deny remotely — no significant flooding detected,No inundation detected at 86% confidence; property located outside confirmed flood extent per Sentinel-1 analysis.
IAN-00312,"3337 Tropicana Ave, Port Charlotte, FL 33981",26.914482,-82.109272,82.4,3.19,Dispatch,90,Send adjuster — major flood damage likely,Sentinel-1 backscatter confirms extensive inundation to 3.2ft across 82% of lot; dispatch adjuster for damage documentation.
IAN-00313,"5405 Palomino Ave, Port Charlotte, FL 33981",27.074916,-81.943745,1.1,0.04,Remote-Deny,82,Deny remotely — no significant flooding detected,Pre and post-event SAR show no material change in backscatter at property location; flood depth under 0.3ft; deny remotely.
IAN-00314,"9393 Collingswood Blvd, Port Charlotte, FL 33981",27.009946,-82.073909,25.2,1.33,Review,56,Flag for manual review — borderline measurements,Mixed signals in SAR imagery; 1.3ft estimated depth with 56% confidence; do not adjudicate without human review.
IAN-00315,"1163 Tropicana Ave, Port Charlotte, FL 33948",27.01661,-81.949801,3.1,0.14,Remote-Deny,85,Deny remotely — no significant flooding detected,SAR analysis confirms property was not reached by floodwaters; 0.1ft depth reading supports remote denial at 85% confidence.
IAN-00316,"1203 Conway Blvd, Port Charlotte, FL 33948",27.046016,-82.006289,2.4,0.2,Remote-Deny,81,Deny remotely — no significant flooding detected,Post-event imagery is consistent with pre-event baseline at this parcel; no flooding detected; remote denial supported.
IAN-00317,"1591 Forrest Nelson Blvd, Port Charlotte, FL 33952",26.844326,-82.104042,83.1,3.3,Dispatch,79,Send adjuster — major flood damage likely,Sentinel-1 backscatter confirms extensive inundation to 3.3ft across 83% of lot; dispatch adjuster for damage documentation.
IAN-00318,"3785 Atwater St, Port Charlotte, FL 33950",26.884186,-82.099136,72.3,12.0,Dispatch,82,Send adjuster — major flood damage likely,Satellite radar detects 12.0ft of standing water across 72% of the property; physical inspection required before adjudication.
IAN-00319,"6547 Peachland Blvd, Port Charlotte, FL 33948",26.904842,-82.022748,72.8,5.74,Dispatch,77,Send adjuster — major flood damage likely,Satellite radar detects 5.7ft of standing water across 73% of the property; physical inspection required before adjudication.
IAN-00320,"4505 Bayshore Rd, Port Charlotte, FL 33952",27.097056,-81.972106,1.0,0.06,Remote-Deny,96,Deny remotely — no significant flooding detected,No inundation detected at 96% confidence; property located outside confirmed flood extent per Sentinel-1 analysis.
IAN-00321,"6987 Coudriet Dr, Port Charlotte, FL 33950",26.977309,-82.082084,24.7,1.71,Review,76,Flag for manual review — borderline measurements,Mixed signals in SAR imagery; 1.7ft estimated depth with 76% confidence; do not adjudicate without human review.
IAN-00322,"5227 Tamiami Trail, Port Charlotte, FL 33952",26.870452,-82.055669,70.9,5.6,Dispatch,73,Send adjuster — major flood damage likely,Sentinel-1 backscatter confirms extensive inundation to 5.6ft across 71% of lot; dispatch adjuster for damage documentation.
IAN-00323,"9645 Kings Hwy, Port Charlotte, FL 33952",26.946486,-82.02392,24.4,1.22,Remote-Approve,81,"Approve remotely — flooding confirmed, documentation required","Post-event imagery confirms 1.2ft flood depth at 81% confidence; no structural inspection required, approve with standard documentation."
IAN-00324,"5423 Elkcam Blvd, Port Charlotte, FL 33948",26.854087,-82.087815,86.8,2.5,Dispatch,78,Send adjuster — major flood damage likely,Sentinel-1 backscatter confirms extensive inundation to 2.5ft across 87% of lot; dispatch adjuster for damage documentation.
IAN-00325,"7149 Palomino Ave, Port Charlotte, FL 33952",26.905712,-81.99033,78.2,3.68,Dispatch,86,Send adjuster — major flood damage likely,Satellite radar detects 3.7ft of standing water across 78% of the property; physical inspection required before adjudication.
IAN-00326,"6971 El Jobean Rd, Port Charlotte, FL 33950",27.037631,-82.031414,0.5,0.0,Remote-Deny,81,Deny remotely — no significant flooding detected,Satellite imagery shows no significant flooding at this location; max detected depth is 0.0ft at 81% confidence; remote denial supported.
IAN-00327,"7197 Paulson Dr, Port Charlotte, FL 33948",27.013076,-82.033527,43.6,0.78,Remote-Approve,93,"Approve remotely — flooding confirmed, documentation required",Satellite confirms 0.8ft flooding across 44% of property at 93% confidence; evidence sufficient for remote claim approval.
IAN-00328,"8619 Cochran Blvd, Port Charlotte, FL 33948",26.890468,-82.036681,56.6,3.11,Dispatch,77,Send adjuster — major flood damage likely,Post-event SAR confirms major inundation at 3.1ft peak depth; adjuster dispatch recommended for full structural damage assessment.
IAN-00329,"7583 Midway Blvd, Port Charlotte, FL 33952",26.936837,-82.040083,63.4,1.23,Remote-Approve,88,"Approve remotely — flooding confirmed, documentation required",SAR data shows clear inundation of 1.2ft with 63% lot coverage; remote approval recommended pending policyholder documentation.
IAN-00330,"1055 Midway Blvd, Port Charlotte, FL 33981",26.921574,-82.050775,59.1,0.62,Remote-Approve,78,"Approve remotely — flooding confirmed, documentation required","Post-event imagery confirms 0.6ft flood depth at 78% confidence; no structural inspection required, approve with standard documentation."
IAN-00331,"6491 Paulson Dr, Port Charlotte, FL 33948",26.978442,-82.07922,57.2,1.12,Remote-Approve,87,"Approve remotely — flooding confirmed, documentation required",Satellite analysis confirms moderate flooding at 1.1ft across 57% of the parcel; remote claim approval appropriate.
IAN-00332,"3375 Harbor Blvd, Port Charlotte, FL 33950",26.973076,-82.039589,45.3,1.72,Remote-Approve,83,"Approve remotely — flooding confirmed, documentation required",SAR data shows clear inundation of 1.7ft with 45% lot coverage; remote approval recommended pending policyholder documentation.
IAN-00333,"5959 Murdock Ave, Port Charlotte, FL 33950",26.962492,-82.055688,14.7,0.78,Review,48,Flag for manual review — borderline measurements,Borderline flood signal of 0.8ft at 48% confidence; recommend manual review before any dispatch or denial decision.
IAN-00334,"7129 Collingswood Blvd, Port Charlotte, FL 33948",26.901364,-82.090248,58.1,11.22,Dispatch,73,Send adjuster — major flood damage likely,Satellite radar detects 11.2ft of standing water across 58% of the property; physical inspection required before adjudication.
IAN-00335,"1835 Ohara Dr, Port Charlotte, FL 33950",26.952757,-82.026095,55.3,0.99,Remote-Approve,88,"Approve remotely — flooding confirmed, documentation required",Satellite analysis confirms moderate flooding at 1.0ft across 55% of the parcel; remote claim approval appropriate.
IAN-00336,"8017 Duncan Rd, Port Charlotte, FL 33952",27.037178,-81.964841,0.8,0.22,Remote-Deny,93,Deny remotely — no significant flooding detected,Pre and post-event SAR show no material change in backscatter at property location; flood depth under 0.3ft; deny remotely.
IAN-00337,"4733 Coudriet Dr, Port Charlotte, FL 33950",26.943595,-82.007033,63.8,6.34,Dispatch,89,Send adjuster — major flood damage likely,Post-event SAR confirms major inundation at 6.3ft peak depth; adjuster dispatch recommended for full structural damage assessment.
IAN-00338,"2085 Olean Blvd, Port Charlotte, FL 33950",26.905563,-82.09165,68.6,2.5,Dispatch,90,Send adjuster — major flood damage likely,SAR imagery shows 69% of parcel submerged to 2.5ft maximum depth; immediate adjuster dispatch recommended.
IAN-00339,"1651 Edgewater Dr, Port Charlotte, FL 33948",26.854193,-82.016888,52.2,6.11,Dispatch,87,Send adjuster — major flood damage likely,High-confidence flood signal at 6.1ft depth detected across 52% of property footprint; on-site evaluation required before processing.
IAN-00340,"747 Murdock Ave, Port Charlotte, FL 33981",26.977388,-82.026685,4.5,0.09,Remote-Deny,95,Deny remotely — no significant flooding detected,Satellite imagery shows no significant flooding at this location; max detected depth is 0.1ft at 95% confidence; remote denial supported.
IAN-00341,"1269 Bayshore Rd, Port Charlotte, FL 33948",26.945533,-82.030871,59.7,1.3,Remote-Approve,93,"Approve remotely — flooding confirmed, documentation required",Satellite confirms 1.3ft flooding across 60% of property at 93% confidence; evidence sufficient for remote claim approval.
IAN-00342,"4679 Olean Blvd, Port Charlotte, FL 33981",26.974183,-82.09158,9.5,1.56,Review,56,Flag for manual review — borderline measurements,Low-confidence flood detection at this parcel; 1.6ft depth estimated but signal quality warrants human verification.
IAN-00343,"5307 Veterans Blvd, Port Charlotte, FL 33981",26.91298,-82.041911,50.7,1.15,Remote-Approve,80,"Approve remotely — flooding confirmed, documentation required",SAR data shows clear inundation of 1.1ft with 51% lot coverage; remote approval recommended pending policyholder documentation.
IAN-00344,"7743 Paulson Dr, Port Charlotte, FL 33981",27.029702,-82.078445,1.2,0.17,Remote-Deny,85,Deny remotely — no significant flooding detected,Satellite imagery shows no significant flooding at this location; max detected depth is 0.2ft at 85% confidence; remote denial supported.
IAN-00345,"1759 Conway Blvd, Port Charlotte, FL 33952",26.963191,-82.081407,4.1,0.19,Remote-Deny,94,Deny remotely — no significant flooding detected,Pre and post-event SAR show no material change in backscatter at property location; flood depth under 0.3ft; deny remotely.
IAN-00346,"6567 Atwater St, Port Charlotte, FL 33952",26.943786,-82.077477,85.1,4.54,Dispatch,86,Send adjuster — major flood damage likely,Satellite radar detects 4.5ft of standing water across 85% of the property; physical inspection required before adjudication.
IAN-00347,"6665 Peachland Blvd, Port Charlotte, FL 33981",26.957249,-81.98848,26.2,0.66,Remote-Approve,90,"Approve remotely — flooding confirmed, documentation required","Post-event imagery confirms 0.7ft flood depth at 90% confidence; no structural inspection required, approve with standard documentation."
IAN-00348,"1955 Collingswood Blvd, Port Charlotte, FL 33950",26.910923,-81.989816,82.8,4.58,Dispatch,84,Send adjuster — major flood damage likely,SAR imagery shows 83% of parcel submerged to 4.6ft maximum depth; immediate adjuster dispatch recommended.
IAN-00349,"6757 Cochran Blvd, Port Charlotte, FL 33948",26.914265,-82.051901,59.0,4.32,Dispatch,67,Send adjuster — major flood damage likely,High-confidence flood signal at 4.3ft depth detected across 59% of property footprint; on-site evaluation required before processing.
IAN-00350,"5461 El Jobean Rd, Port Charlotte, FL 33948",26.980453,-82.051394,13.4,0.8,Review,60,Flag for manual review — borderline measurements,Mixed signals in SAR imagery; 0.8ft estimated depth with 60% confidence; do not adjudicate without human review.
IAN-00351,"6333 Flamingo Blvd, Port Charlotte, FL 33948",26.897429,-82.064611,87.2,4.89,Dispatch,84,Send adjuster — major flood damage likely,High-confidence flood signal at 4.9ft depth detected across 87% of property footprint; on-site evaluation required before processing.
IAN-00352,"559 Atwater St, Port Charlotte, FL 33948",26.858253,-82.050824,88.9,3.65,Dispatch,67,Send adjuster — major flood damage likely,Sentinel-1 backscatter confirms extensive inundation to 3.6ft across 89% of lot; dispatch adjuster for damage documentation.
IAN-00353,"2507 Atwater St, Port Charlotte, FL 33948",26.992373,-81.999732,4.7,0.26,Remote-Deny,90,Deny remotely — no significant flooding detected,SAR analysis confirms property was not reached by floodwaters; 0.3ft depth reading supports remote denial at 90% confidence.
IAN-00354,"4575 Atwater St, Port Charlotte, FL 33948",27.000336,-81.972494,26.9,0.67,Review,76,Flag for manual review — borderline measurements,Ambiguous SAR return at property location; 0.7ft estimated depth but confidence is 76%; flag for human adjuster review.
IAN-00355,"6913 Elkcam Blvd, Port Charlotte, FL 33952",26.909337,-82.07228,60.3,5.14,Dispatch,88,Send adjuster — major flood damage likely,Flood depth of 5.1ft recorded at 88% satellite confidence; in-person inspection necessary to document interior losses.
IAN-00356,"3559 Midway Blvd, Port Charlotte, FL 33948",26.941714,-82.077496,19.2,1.58,Review,73,Flag for manual review — borderline measurements,Borderline flood signal of 1.6ft at 73% confidence; recommend manual review before any dispatch or denial decision.
IAN-00357,"3369 Edgewater Dr, Port Charlotte, FL 33950",26.95006,-81.956277,55.8,0.94,Remote-Approve,88,"Approve remotely — flooding confirmed, documentation required",SAR data shows clear inundation of 0.9ft with 56% lot coverage; remote approval recommended pending policyholder documentation.
IAN-00358,"7025 Harbor Blvd, Port Charlotte, FL 33981",26.87112,-82.023867,69.0,3.91,Dispatch,91,Send adjuster — major flood damage likely,Flood depth of 3.9ft recorded at 91% satellite confidence; in-person inspection necessary to document interior losses.
IAN-00359,"4183 Bayshore Rd, Port Charlotte, FL 33948",27.024788,-82.056174,1.2,0.26,Remote-Deny,96,Deny remotely — no significant flooding detected,SAR analysis confirms property was not reached by floodwaters; 0.3ft depth reading supports remote denial at 96% confidence.
IAN-00360,"5169 Conway Blvd, Port Charlotte, FL 33952",27.006591,-82.033117,14.8,0.36,Review,69,Flag for manual review — borderline measurements,Low-confidence flood detection at this parcel; 0.4ft depth estimated but signal quality warrants human verification.
IAN-00361,"3311 Olean Terrace, Port Charlotte, FL 33950",26.932132,-82.080462,54.0,2.55,Dispatch,87,Send adjuster — major flood damage likely,High-confidence flood signal at 2.5ft depth detected across 54% of property footprint; on-site evaluation required before processing.
IAN-00362,"7093 Rampart Blvd, Port Charlotte, FL 33950",26.949763,-82.026894,83.7,2.99,Dispatch,66,Send adjuster — major flood damage likely,SAR imagery shows 84% of parcel submerged to 3.0ft maximum depth; immediate adjuster dispatch recommended.
IAN-00363,"2617 Rampart Blvd, Port Charlotte, FL 33952",26.888796,-82.106239,65.4,4.3,Dispatch,90,Send adjuster — major flood damage likely,Post-event SAR confirms major inundation at 4.3ft peak depth; adjuster dispatch recommended for full structural damage assessment.
IAN-00364,"3313 Veterans Blvd, Port Charlotte, FL 33950",27.002811,-82.10359,54.3,1.08,Remote-Approve,80,"Approve remotely — flooding confirmed, documentation required",SAR data shows clear inundation of 1.1ft with 54% lot coverage; remote approval recommended pending policyholder documentation.
IAN-00365,"8981 Olean Blvd, Port Charlotte, FL 33948",26.954925,-82.057862,29.9,1.77,Review,69,Flag for manual review — borderline measurements,Satellite data shows 30% coverage at 1.8ft estimated depth but confidence is below threshold; manual review required.
IAN-00366,"5243 Loveland Blvd, Port Charlotte, FL 33950",26.898063,-82.066113,55.5,3.32,Dispatch,73,Send adjuster — major flood damage likely,Sentinel-1 backscatter confirms extensive inundation to 3.3ft across 56% of lot; dispatch adjuster for damage documentation.
IAN-00367,"7137 Veterans Blvd, Port Charlotte, FL 33950",26.921709,-82.053366,83.0,4.96,Dispatch,71,Send adjuster — major flood damage likely,Post-event SAR confirms major inundation at 5.0ft peak depth; adjuster dispatch recommended for full structural damage assessment.
IAN-00368,"3889 Quesada Ave, Port Charlotte, FL 33948",26.913048,-82.006946,61.2,2.5,Dispatch,66,Send adjuster — major flood damage likely,Satellite radar detects 2.5ft of standing water across 61% of the property; physical inspection required before adjudication.
IAN-00369,"9559 Coudriet Dr, Port Charlotte, FL 33981",26.984127,-81.970273,28.2,1.25,Remote-Approve,80,"Approve remotely — flooding confirmed, documentation required",Flood signal of 1.2ft detected across 28% of footprint at 80% confidence; remote approval is supported by satellite record.
IAN-00370,"7701 Edgewater Dr, Port Charlotte, FL 33950",26.860691,-82.027527,58.9,4.24,Dispatch,92,Send adjuster — major flood damage likely,Sentinel-1 backscatter confirms extensive inundation to 4.2ft across 59% of lot; dispatch adjuster for damage documentation.
IAN-00371,"1653 Harbor Blvd, Port Charlotte, FL 33952",27.019728,-82.033837,3.0,0.27,Remote-Deny,86,Deny remotely — no significant flooding detected,Satellite imagery shows no significant flooding at this location; max detected depth is 0.3ft at 86% confidence; remote denial supported.
IAN-00372,"6485 Atwater St, Port Charlotte, FL 33948",26.927584,-82.049838,31.4,1.32,Remote-Approve,91,"Approve remotely — flooding confirmed, documentation required",Satellite confirms 1.3ft flooding across 31% of property at 91% confidence; evidence sufficient for remote claim approval.
IAN-00373,"543 Bayshore Rd, Port Charlotte, FL 33981",26.940127,-82.102643,55.7,3.26,Dispatch,83,Send adjuster — major flood damage likely,Satellite radar detects 3.3ft of standing water across 56% of the property; physical inspection required before adjudication.
IAN-00374,"1167 Edgewater Dr, Port Charlotte, FL 33981",26.984117,-82.09407,34.4,1.39,Remote-Approve,80,"Approve remotely — flooding confirmed, documentation required","Post-event imagery confirms 1.4ft flood depth at 80% confidence; no structural inspection required, approve with standard documentation."
IAN-00375,"4139 Ohara Dr, Port Charlotte, FL 33952",27.070433,-82.02153,0.8,0.13,Remote-Deny,91,Deny remotely — no significant flooding detected,Satellite imagery shows no significant flooding at this location; max detected depth is 0.1ft at 91% confidence; remote denial supported.
IAN-00376,"6269 Atwater St, Port Charlotte, FL 33981",26.922568,-82.037039,85.2,2.83,Dispatch,69,Send adjuster — major flood damage likely,High-confidence flood signal at 2.8ft depth detected across 85% of property footprint; on-site evaluation required before processing.
IAN-00377,"711 Olean Terrace, Port Charlotte, FL 33948",27.02632,-82.079342,41.1,1.06,Remote-Approve,85,"Approve remotely — flooding confirmed, documentation required","Post-event imagery confirms 1.1ft flood depth at 85% confidence; no structural inspection required, approve with standard documentation."
IAN-00378,"6265 Olean Blvd, Port Charlotte, FL 33948",27.016261,-82.092361,25.8,1.74,Review,39,Flag for manual review — borderline measurements,Satellite data shows 26% coverage at 1.7ft estimated depth but confidence is below threshold; manual review required.
IAN-00379,"7859 Midway Blvd, Port Charlotte, FL 33948",27.013717,-82.017737,4.7,0.1,Remote-Deny,89,Deny remotely — no significant flooding detected,Satellite imagery shows no significant flooding at this location; max detected depth is 0.1ft at 89% confidence; remote denial supported.
IAN-00380,"887 El Jobean Rd, Port Charlotte, FL 33948",26.950118,-82.062026,38.0,1.95,Remote-Approve,95,"Approve remotely — flooding confirmed, documentation required",Satellite confirms 1.9ft flooding across 38% of property at 95% confidence; evidence sufficient for remote claim approval.
IAN-00381,"9197 Tamiami Trail, Port Charlotte, FL 33948",27.012977,-82.057532,3.2,0.17,Remote-Deny,88,Deny remotely — no significant flooding detected,Satellite imagery shows no significant flooding at this location; max detected depth is 0.2ft at 88% confidence; remote denial supported.
IAN-00382,"6481 Olean Terrace, Port Charlotte, FL 33981",26.909788,-82.008129,28.9,0.91,Remote-Approve,92,"Approve remotely — flooding confirmed, documentation required",Satellite confirms 0.9ft flooding across 29% of property at 92% confidence; evidence sufficient for remote claim approval.
IAN-00383,"8735 El Jobean Rd, Port Charlotte, FL 33948",26.966032,-81.98841,2.4,0.17,Remote-Deny,81,Deny remotely — no significant flooding detected,Satellite imagery shows no significant flooding at this location; max detected depth is 0.2ft at 81% confidence; remote denial supported.
IAN-00384,"5793 Edgewater Dr, Port Charlotte, FL 33950",26.984523,-82.048921,8.3,1.07,Review,57,Flag for manual review — borderline measurements,Satellite data shows 8% coverage at 1.1ft estimated depth but confidence is below threshold; manual review required.
IAN-00385,"3199 Atwater St, Port Charlotte, FL 33948",26.964421,-82.07315,37.6,0.87,Review,36,Flag for manual review — borderline measurements,Satellite data shows 38% coverage at 0.9ft estimated depth but confidence is below threshold; manual review required.
IAN-00386,"2259 El Jobean Rd, Port Charlotte, FL 33948",26.898041,-82.006306,46.9,2.71,Dispatch,84,Send adjuster — major flood damage likely,High-confidence flood signal at 2.7ft depth detected across 47% of property footprint; on-site evaluation required before processing.
IAN-00387,"487 Collingswood Blvd, Port Charlotte, FL 33950",26.921084,-81.998145,21.7,1.35,Remote-Approve,91,"Approve remotely — flooding confirmed, documentation required",SAR data shows clear inundation of 1.4ft with 22% lot coverage; remote approval recommended pending policyholder documentation.
IAN-00388,"7925 Conway Blvd, Port Charlotte, FL 33952",26.867383,-82.020324,55.2,4.06,Dispatch,83,Send adjuster — major flood damage likely,SAR imagery shows 55% of parcel submerged to 4.1ft maximum depth; immediate adjuster dispatch recommended.
IAN-00389,"427 Conway Blvd, Port Charlotte, FL 33950",26.940337,-82.040692,63.5,1.23,Remote-Approve,84,"Approve remotely — flooding confirmed, documentation required",Satellite confirms 1.2ft flooding across 64% of property at 84% confidence; evidence sufficient for remote claim approval.
IAN-00390,"8089 Veterans Blvd, Port Charlotte, FL 33952",27.039652,-82.08351,3.8,0.24,Remote-Deny,93,Deny remotely — no significant flooding detected,SAR analysis confirms property was not reached by floodwaters; 0.2ft depth reading supports remote denial at 93% confidence.
IAN-00391,"613 Elkcam Blvd, Port Charlotte, FL 33950",26.94428,-82.030965,33.8,0.75,Review,42,Flag for manual review — borderline measurements,Ambiguous SAR return at property location; 0.8ft estimated depth but confidence is 42%; flag for human adjuster review.
IAN-00392,"9125 Palomino Ave, Port Charlotte, FL 33981",26.976236,-82.04656,40.2,0.38,Review,45,Flag for manual review — borderline measurements,Low-confidence flood detection at this parcel; 0.4ft depth estimated but signal quality warrants human verification.
IAN-00393,"9375 Loveland Blvd, Port Charlotte, FL 33952",26.908109,-82.063232,59.0,5.89,Dispatch,69,Send adjuster — major flood damage likely,High-confidence flood signal at 5.9ft depth detected across 59% of property footprint; on-site evaluation required before processing.
IAN-00394,"8469 Flamingo Blvd, Port Charlotte, FL 33952",26.941223,-82.061072,45.7,1.11,Remote-Approve,84,"Approve remotely — flooding confirmed, documentation required","Post-event imagery confirms 1.1ft flood depth at 84% confidence; no structural inspection required, approve with standard documentation."
IAN-00395,"9329 Olean Terrace, Port Charlotte, FL 33950",26.928385,-82.093072,49.2,3.9,Dispatch,84,Send adjuster — major flood damage likely,High-confidence flood signal at 3.9ft depth detected across 49% of property footprint; on-site evaluation required before processing.
IAN-00396,"2441 Edgewater Dr, Port Charlotte, FL 33981",26.902901,-82.084302,48.3,3.71,Dispatch,89,Send adjuster — major flood damage likely,Post-event SAR confirms major inundation at 3.7ft peak depth; adjuster dispatch recommended for full structural damage assessment.
IAN-00397,"5675 Forrest Nelson Blvd, Port Charlotte, FL 33948",26.986659,-82.060431,56.7,1.0,Remote-Approve,86,"Approve remotely — flooding confirmed, documentation required",Satellite analysis confirms moderate flooding at 1.0ft across 57% of the parcel; remote claim approval appropriate.
IAN-00398,"2535 Edgewater Dr, Port Charlotte, FL 33952",26.944788,-82.004205,68.8,4.7,Dispatch,73,Send adjuster — major flood damage likely,SAR imagery shows 69% of parcel submerged to 4.7ft maximum depth; immediate adjuster dispatch recommended.
IAN-00399,"8079 Loveland Blvd, Port Charlotte, FL 33950",26.998365,-82.060322,0.2,0.04,Remote-Deny,85,Deny remotely — no significant flooding detected,No inundation detected at 85% confidence; property located outside confirmed flood extent per Sentinel-1 analysis.
IAN-00400,"5825 Edgewater Dr, Port Charlotte, FL 33981",27.052835,-81.95125,4.2,0.09,Remote-Deny,82,Deny remotely — no significant flooding detected,Post-event imagery is consistent with pre-event baseline at this parcel; no flooding detected; remote denial supported.
IAN-00401,"4553 Olean Terrace, Port Charlotte, FL 33952",26.974779,-82.021222,38.3,1.07,Remote-Approve,78,"Approve remotely — flooding confirmed, documentation required","Post-event imagery confirms 1.1ft flood depth at 78% confidence; no structural inspection required, approve with standard documentation."
IAN-00402,"3265 Paulson Dr, Port Charlotte, FL 33981",26.915595,-82.105517,56.2,5.08,Dispatch,78,Send adjuster — major flood damage likely,High-confidence flood signal at 5.1ft depth detected across 56% of property footprint; on-site evaluation required before processing.
IAN-00403,"3811 Harbor Blvd, Port Charlotte, FL 33948",26.958766,-82.06013,36.5,0.75,Remote-Approve,86,"Approve remotely — flooding confirmed, documentation required",Flood signal of 0.8ft detected across 36% of footprint at 86% confidence; remote approval is supported by satellite record.
IAN-00404,"4719 Flamingo Blvd, Port Charlotte, FL 33950",27.01018,-82.012604,4.6,0.13,Remote-Deny,93,Deny remotely — no significant flooding detected,Post-event imagery is consistent with pre-event baseline at this parcel; no flooding detected; remote denial supported.
IAN-00405,"9719 Duncan Rd, Port Charlotte, FL 33952",26.910967,-82.004775,37.0,1.76,Remote-Approve,91,"Approve remotely — flooding confirmed, documentation required","Post-event imagery confirms 1.8ft flood depth at 91% confidence; no structural inspection required, approve with standard documentation."
IAN-00406,"6313 Elkcam Blvd, Port Charlotte, FL 33948",26.956992,-82.021079,65.7,0.81,Remote-Approve,82,"Approve remotely — flooding confirmed, documentation required",Flood signal of 0.8ft detected across 66% of footprint at 82% confidence; remote approval is supported by satellite record.
IAN-00407,"5763 Rampart Blvd, Port Charlotte, FL 33981",27.050363,-82.033987,1.4,0.05,Remote-Deny,84,Deny remotely — no significant flooding detected,Pre and post-event SAR show no material change in backscatter at property location; flood depth under 0.3ft; deny remotely.
IAN-00408,"6199 Olean Blvd, Port Charlotte, FL 33948",26.90873,-82.020787,52.0,5.82,Dispatch,87,Send adjuster — major flood damage likely,Satellite radar detects 5.8ft of standing water across 52% of the property; physical inspection required before adjudication.
IAN-00409,"389 Tamiami Trail, Port Charlotte, FL 33948",26.870207,-82.056738,56.4,6.0,Dispatch,79,Send adjuster — major flood damage likely,Flood depth of 6.0ft recorded at 79% satellite confidence; in-person inspection necessary to document interior losses.
IAN-00410,"895 Palomino Ave, Port Charlotte, FL 33952",26.932402,-82.036894,59.2,3.04,Dispatch,89,Send adjuster — major flood damage likely,Satellite radar detects 3.0ft of standing water across 59% of the property; physical inspection required before adjudication.
IAN-00411,"7987 Conway Blvd, Port Charlotte, FL 33948",27.016168,-82.00256,1.6,0.12,Remote-Deny,87,Deny remotely — no significant flooding detected,Post-event imagery is consistent with pre-event baseline at this parcel; no flooding detected; remote denial supported.
IAN-00412,"731 Ohara Dr, Port Charlotte, FL 33948",27.027627,-82.001699,4.6,0.22,Remote-Deny,87,Deny remotely — no significant flooding detected,Post-event imagery is consistent with pre-event baseline at this parcel; no flooding detected; remote denial supported.
IAN-00413,"3155 Midway Blvd, Port Charlotte, FL 33952",26.907494,-82.100513,45.2,2.96,Dispatch,71,Send adjuster — major flood damage likely,Satellite radar detects 3.0ft of standing water across 45% of the property; physical inspection required before adjudication.
IAN-00414,"4613 Veterans Blvd, Port Charlotte, FL 33952",26.950834,-82.071234,68.9,4.82,Dispatch,72,Send adjuster — major flood damage likely,SAR imagery shows 69% of parcel submerged to 4.8ft maximum depth; immediate adjuster dispatch recommended.
IAN-00415,"5757 Tamiami Trail, Port Charlotte, FL 33948",26.940208,-82.117277,83.0,3.53,Dispatch,81,Send adjuster — major flood damage likely,High-confidence flood signal at 3.5ft depth detected across 83% of property footprint; on-site evaluation required before processing.
IAN-00416,"6805 Ohara Dr, Port Charlotte, FL 33950",27.046685,-81.989677,3.7,0.05,Remote-Deny,86,Deny remotely — no significant flooding detected,Post-event imagery is consistent with pre-event baseline at this parcel; no flooding detected; remote denial supported.
IAN-00417,"3285 Bayshore Rd, Port Charlotte, FL 33950",26.958992,-82.009102,33.1,1.88,Remote-Approve,83,"Approve remotely — flooding confirmed, documentation required",Flood signal of 1.9ft detected across 33% of footprint at 83% confidence; remote approval is supported by satellite record.
IAN-00418,"2749 Olean Terrace, Port Charlotte, FL 33948",26.950505,-82.034898,27.3,1.69,Remote-Approve,82,"Approve remotely — flooding confirmed, documentation required",Flood signal of 1.7ft detected across 27% of footprint at 82% confidence; remote approval is supported by satellite record.
IAN-00419,"9159 Veterans Blvd, Port Charlotte, FL 33952",27.018143,-82.022293,4.7,0.25,Remote-Deny,93,Deny remotely — no significant flooding detected,SAR analysis confirms property was not reached by floodwaters; 0.2ft depth reading supports remote denial at 93% confidence.
IAN-00420,"1409 Loveland Blvd, Port Charlotte, FL 33950",27.08048,-81.950032,4.3,0.26,Remote-Deny,90,Deny remotely — no significant flooding detected,No inundation detected at 90% confidence; property located outside confirmed flood extent per Sentinel-1 analysis.
IAN-00421,"9161 Murdock Ave, Port Charlotte, FL 33952",26.981554,-82.122577,29.1,1.51,Review,66,Flag for manual review — borderline measurements,Ambiguous SAR return at property location; 1.5ft estimated depth but confidence is 66%; flag for human adjuster review.
IAN-00422,"1213 Flamingo Blvd, Port Charlotte, FL 33950",27.045192,-81.994916,2.8,0.23,Remote-Deny,89,Deny remotely — no significant flooding detected,No inundation detected at 89% confidence; property located outside confirmed flood extent per Sentinel-1 analysis.
IAN-00423,"3757 Palomino Ave, Port Charlotte, FL 33948",26.894247,-82.057186,54.8,5.21,Dispatch,90,Send adjuster — major flood damage likely,High-confidence flood signal at 5.2ft depth detected across 55% of property footprint; on-site evaluation required before processing.
IAN-00424,"6285 Kings Hwy, Port Charlotte, FL 33948",26.97814,-82.005573,44.8,1.82,Remote-Approve,79,"Approve remotely — flooding confirmed, documentation required",Satellite confirms 1.8ft flooding across 45% of property at 79% confidence; evidence sufficient for remote claim approval.
IAN-00425,"8549 Edgewater Dr, Port Charlotte, FL 33952",26.966146,-82.013623,8.3,0.34,Review,42,Flag for manual review — borderline measurements,Low-confidence flood detection at this parcel; 0.3ft depth estimated but signal quality warrants human verification.
IAN-00426,"4925 Paulson Dr, Port Charlotte, FL 33952",26.899167,-82.057777,60.8,5.05,Dispatch,69,Send adjuster — major flood damage likely,High-confidence flood signal at 5.0ft depth detected across 61% of property footprint; on-site evaluation required before processing.
IAN-00427,"2743 Palomino Ave, Port Charlotte, FL 33948",26.910211,-82.076264,76.0,4.34,Dispatch,82,Send adjuster — major flood damage likely,SAR imagery shows 76% of parcel submerged to 4.3ft maximum depth; immediate adjuster dispatch recommended.
IAN-00428,"2753 Olean Blvd, Port Charlotte, FL 33948",26.918012,-82.12645,48.9,3.25,Dispatch,74,Send adjuster — major flood damage likely,Flood depth of 3.2ft recorded at 74% satellite confidence; in-person inspection necessary to document interior losses.
IAN-00429,"3037 Palomino Ave, Port Charlotte, FL 33950",27.028893,-82.043531,4.2,0.09,Remote-Deny,83,Deny remotely — no significant flooding detected,Satellite imagery shows no significant flooding at this location; max detected depth is 0.1ft at 83% confidence; remote denial supported.
IAN-00430,"3301 Elkcam Blvd, Port Charlotte, FL 33950",26.944025,-82.013242,51.0,0.97,Remote-Approve,81,"Approve remotely — flooding confirmed, documentation required",Satellite confirms 1.0ft flooding across 51% of property at 81% confidence; evidence sufficient for remote claim approval.
IAN-00431,"2985 Peachland Blvd, Port Charlotte, FL 33950",26.973647,-82.085119,2.6,0.03,Remote-Deny,86,Deny remotely — no significant flooding detected,Satellite imagery shows no significant flooding at this location; max detected depth is 0.0ft at 86% confidence; remote denial supported.
IAN-00432,"5091 El Jobean Rd, Port Charlotte, FL 33950",26.861232,-82.009746,61.9,4.2,Dispatch,88,Send adjuster — major flood damage likely,Flood depth of 4.2ft recorded at 88% satellite confidence; in-person inspection necessary to document interior losses.
IAN-00433,"6149 Conway Blvd, Port Charlotte, FL 33950",26.909653,-82.066197,29.4,1.17,Review,74,Flag for manual review — borderline measurements,Low-confidence flood detection at this parcel; 1.2ft depth estimated but signal quality warrants human verification.
IAN-00434,"5505 Bayshore Rd, Port Charlotte, FL 33981",26.925027,-82.003389,29.2,2.23,Remote-Approve,90,"Approve remotely — flooding confirmed, documentation required","Post-event imagery confirms 2.2ft flood depth at 90% confidence; no structural inspection required, approve with standard documentation."
IAN-00435,"4315 Collingswood Blvd, Port Charlotte, FL 33952",27.01324,-82.05158,18.9,1.82,Review,48,Flag for manual review — borderline measurements,Borderline flood signal of 1.8ft at 48% confidence; recommend manual review before any dispatch or denial decision.
IAN-00436,"8117 Palomino Ave, Port Charlotte, FL 33952",26.972495,-82.085633,7.6,0.85,Review,64,Flag for manual review — borderline measurements,Ambiguous SAR return at property location; 0.8ft estimated depth but confidence is 64%; flag for human adjuster review.
IAN-00437,"7169 Quesada Ave, Port Charlotte, FL 33952",26.909625,-82.062313,65.8,3.85,Dispatch,83,Send adjuster — major flood damage likely,Sentinel-1 backscatter confirms extensive inundation to 3.9ft across 66% of lot; dispatch adjuster for damage documentation.
IAN-00438,"5153 Quesada Ave, Port Charlotte, FL 33952",26.973089,-82.087221,34.7,1.02,Remote-Approve,87,"Approve remotely — flooding confirmed, documentation required",Satellite confirms 1.0ft flooding across 35% of property at 87% confidence; evidence sufficient for remote claim approval.
IAN-00439,"2359 Edgewater Dr, Port Charlotte, FL 33952",27.017132,-82.00491,0.2,0.23,Remote-Deny,94,Deny remotely — no significant flooding detected,Satellite imagery shows no significant flooding at this location; max detected depth is 0.2ft at 94% confidence; remote denial supported.
IAN-00440,"6725 Coudriet Dr, Port Charlotte, FL 33952",27.076358,-82.018556,3.5,0.0,Remote-Deny,92,Deny remotely — no significant flooding detected,Post-event imagery is consistent with pre-event baseline at this parcel; no flooding detected; remote denial supported.
IAN-00441,"1849 Harbor Blvd, Port Charlotte, FL 33948",26.924659,-82.069947,74.7,3.25,Dispatch,92,Send adjuster — major flood damage likely,Post-event SAR confirms major inundation at 3.2ft peak depth; adjuster dispatch recommended for full structural damage assessment.
IAN-00442,"4731 Atwater St, Port Charlotte, FL 33950",26.954077,-82.086605,89.1,6.74,Dispatch,67,Send adjuster — major flood damage likely,Flood depth of 6.7ft recorded at 67% satellite confidence; in-person inspection necessary to document interior losses.
IAN-00443,"7161 Tamiami Trail, Port Charlotte, FL 33952",26.951003,-82.056153,65.1,1.05,Remote-Approve,83,"Approve remotely — flooding confirmed, documentation required",SAR data shows clear inundation of 1.1ft with 65% lot coverage; remote approval recommended pending policyholder documentation.
IAN-00444,"6799 Paulson Dr, Port Charlotte, FL 33948",26.936561,-82.035788,33.4,0.83,Remote-Approve,84,"Approve remotely — flooding confirmed, documentation required","Post-event imagery confirms 0.8ft flood depth at 84% confidence; no structural inspection required, approve with standard documentation."
IAN-00445,"6519 El Jobean Rd, Port Charlotte, FL 33952",26.956731,-82.085909,45.1,1.21,Remote-Approve,80,"Approve remotely — flooding confirmed, documentation required",Satellite analysis confirms moderate flooding at 1.2ft across 45% of the parcel; remote claim approval appropriate.
IAN-00446,"8121 Peachland Blvd, Port Charlotte, FL 33981",26.974307,-82.059703,16.6,0.34,Review,38,Flag for manual review — borderline measurements,Mixed signals in SAR imagery; 0.3ft estimated depth with 38% confidence; do not adjudicate without human review.
IAN-00447,"3569 Kings Hwy, Port Charlotte, FL 33948",26.855025,-82.04485,67.8,2.5,Dispatch,86,Send adjuster — major flood damage likely,SAR imagery shows 68% of parcel submerged to 2.5ft maximum depth; immediate adjuster dispatch recommended.
IAN-00448,"9045 Flamingo Blvd, Port Charlotte, FL 33981",26.934751,-82.039172,67.4,4.11,Dispatch,72,Send adjuster — major flood damage likely,Sentinel-1 backscatter confirms extensive inundation to 4.1ft across 67% of lot; dispatch adjuster for damage documentation.
IAN-00449,"549 Edgewater Dr, Port Charlotte, FL 33950",26.926593,-81.991653,73.4,2.5,Dispatch,92,Send adjuster — major flood damage likely,High-confidence flood signal at 2.5ft depth detected across 73% of property footprint; on-site evaluation required before processing.
IAN-00450,"9221 Edgewater Dr, Port Charlotte, FL 33981",27.016905,-82.043447,4.1,0.14,Remote-Deny,82,Deny remotely — no significant flooding detected,Satellite imagery shows no significant flooding at this location; max detected depth is 0.1ft at 82% confidence; remote denial supported.
IAN-00451,"679 Flamingo Blvd, Port Charlotte, FL 33948",27.036962,-82.066511,3.9,0.18,Remote-Deny,95,Deny remotely — no significant flooding detected,No inundation detected at 95% confidence; property located outside confirmed flood extent per Sentinel-1 analysis.
IAN-00452,"1769 Peachland Blvd, Port Charlotte, FL 33950",26.914013,-82.055791,56.7,5.74,Dispatch,91,Send adjuster — major flood damage likely,Sentinel-1 backscatter confirms extensive inundation to 5.7ft across 57% of lot; dispatch adjuster for damage documentation.
IAN-00453,"4763 El Jobean Rd, Port Charlotte, FL 33950",27.05041,-82.043767,4.3,0.27,Remote-Deny,89,Deny remotely — no significant flooding detected,Pre and post-event SAR show no material change in backscatter at property location; flood depth under 0.3ft; deny remotely.
IAN-00454,"9881 Bayshore Rd, Port Charlotte, FL 33952",26.959527,-82.016505,0.0,0.15,Remote-Deny,92,Deny remotely — no significant flooding detected,Satellite imagery shows no significant flooding at this location; max detected depth is 0.1ft at 92% confidence; remote denial supported.
IAN-00455,"9503 Ohara Dr, Port Charlotte, FL 33948",26.91331,-82.037063,65.1,6.82,Dispatch,82,Send adjuster — major flood damage likely,Post-event SAR confirms major inundation at 6.8ft peak depth; adjuster dispatch recommended for full structural damage assessment.
IAN-00456,"671 Kings Hwy, Port Charlotte, FL 33981",26.965953,-82.039569,20.8,1.05,Review,43,Flag for manual review — borderline measurements,Borderline flood signal of 1.1ft at 43% confidence; recommend manual review before any dispatch or denial decision.
IAN-00457,"8189 Kings Hwy, Port Charlotte, FL 33981",27.038285,-82.04633,3.1,0.01,Remote-Deny,85,Deny remotely — no significant flooding detected,No inundation detected at 85% confidence; property located outside confirmed flood extent per Sentinel-1 analysis.
IAN-00458,"2315 Bayshore Rd, Port Charlotte, FL 33952",27.0403,-82.068624,1.0,0.13,Remote-Deny,95,Deny remotely — no significant flooding detected,Post-event imagery is consistent with pre-event baseline at this parcel; no flooding detected; remote denial supported.
IAN-00459,"2075 Olean Blvd, Port Charlotte, FL 33950",27.009245,-82.042736,4.7,0.21,Remote-Deny,88,Deny remotely — no significant flooding detected,No inundation detected at 88% confidence; property located outside confirmed flood extent per Sentinel-1 analysis.
IAN-00460,"3071 Conway Blvd, Port Charlotte, FL 33952",27.007328,-81.992902,1.2,0.2,Remote-Deny,85,Deny remotely — no significant flooding detected,Post-event imagery is consistent with pre-event baseline at this parcel; no flooding detected; remote denial supported.
IAN-00461,"8631 Murdock Ave, Port Charlotte, FL 33948",26.935048,-82.050147,39.4,2.04,Remote-Approve,78,"Approve remotely — flooding confirmed, documentation required",Satellite analysis confirms moderate flooding at 2.0ft across 39% of the parcel; remote claim approval appropriate.
IAN-00462,"9737 Peachland Blvd, Port Charlotte, FL 33981",26.890979,-82.066759,75.9,7.04,Dispatch,76,Send adjuster — major flood damage likely,Flood depth of 7.0ft recorded at 76% satellite confidence; in-person inspection necessary to document interior losses.
IAN-00463,"817 Cochran Blvd, Port Charlotte, FL 33952",26.990095,-82.106519,29.5,1.04,Remote-Approve,86,"Approve remotely — flooding confirmed, documentation required","Post-event imagery confirms 1.0ft flood depth at 86% confidence; no structural inspection required, approve with standard documentation."
IAN-00464,"1593 Conway Blvd, Port Charlotte, FL 33948",27.024982,-82.005763,3.9,0.1,Remote-Deny,81,Deny remotely — no significant flooding detected,Satellite imagery shows no significant flooding at this location; max detected depth is 0.1ft at 81% confidence; remote denial supported.
IAN-00465,"2955 Edgewater Dr, Port Charlotte, FL 33948",26.875988,-82.112955,62.8,4.17,Dispatch,83,Send adjuster — major flood damage likely,High-confidence flood signal at 4.2ft depth detected across 63% of property footprint; on-site evaluation required before processing.
IAN-00466,"4403 Harbor Blvd, Port Charlotte, FL 33948",26.925248,-82.076134,65.1,6.55,Dispatch,81,Send adjuster — major flood damage likely,Flood depth of 6.5ft recorded at 81% satellite confidence; in-person inspection necessary to document interior losses.
IAN-00467,"9305 Edgewater Dr, Port Charlotte, FL 33981",27.04856,-82.019093,49.8,1.72,Remote-Approve,91,"Approve remotely — flooding confirmed, documentation required","Post-event imagery confirms 1.7ft flood depth at 91% confidence; no structural inspection required, approve with standard documentation."
IAN-00468,"5591 Cochran Blvd, Port Charlotte, FL 33948",26.904289,-82.078095,54.0,2.93,Dispatch,71,Send adjuster — major flood damage likely,Flood depth of 2.9ft recorded at 71% satellite confidence; in-person inspection necessary to document interior losses.
IAN-00469,"1743 Kings Hwy, Port Charlotte, FL 33952",26.93705,-82.054291,70.7,4.68,Dispatch,76,Send adjuster — major flood damage likely,SAR imagery shows 71% of parcel submerged to 4.7ft maximum depth; immediate adjuster dispatch recommended.
IAN-00470,"6269 Forrest Nelson Blvd, Port Charlotte, FL 33948",26.986868,-82.041891,30.6,0.63,Review,58,Flag for manual review — borderline measurements,Borderline flood signal of 0.6ft at 58% confidence; recommend manual review before any dispatch or denial decision.
IAN-00471,"7433 Bayshore Rd, Port Charlotte, FL 33981",26.931661,-82.07489,81.8,4.82,Dispatch,78,Send adjuster — major flood damage likely,High-confidence flood signal at 4.8ft depth detected across 82% of property footprint; on-site evaluation required before processing.
IAN-00472,"2687 Elkcam Blvd, Port Charlotte, FL 33948",26.923352,-82.047501,45.1,2.88,Dispatch,87,Send adjuster — major flood damage likely,Satellite radar detects 2.9ft of standing water across 45% of the property; physical inspection required before adjudication.
IAN-00473,"7981 Tropicana Ave, Port Charlotte, FL 33952",26.99689,-82.009093,4.8,0.23,Remote-Deny,87,Deny remotely — no significant flooding detected,No inundation detected at 87% confidence; property located outside confirmed flood extent per Sentinel-1 analysis.
IAN-00474,"5043 Forrest Nelson Blvd, Port Charlotte, FL 33952",26.997035,-81.958125,0.2,0.14,Remote-Deny,80,Deny remotely — no significant flooding detected,Pre and post-event SAR show no material change in backscatter at property location; flood depth under 0.3ft; deny remotely.
IAN-00475,"3381 Harbor Blvd, Port Charlotte, FL 33948",26.940666,-82.059064,28.2,0.67,Remote-Approve,82,"Approve remotely — flooding confirmed, documentation required","Post-event imagery confirms 0.7ft flood depth at 82% confidence; no structural inspection required, approve with standard documentation."
IAN-00476,"8255 Edgewater Dr, Port Charlotte, FL 33950",27.052524,-82.056117,0.2,0.19,Remote-Deny,84,Deny remotely — no significant flooding detected,Satellite imagery shows no significant flooding at this location; max detected depth is 0.2ft at 84% confidence; remote denial supported.
IAN-00477,"6349 Palomino Ave, Port Charlotte, FL 33950",26.972708,-82.057065,36.3,0.98,Remote-Approve,90,"Approve remotely — flooding confirmed, documentation required",Satellite analysis confirms moderate flooding at 1.0ft across 36% of the parcel; remote claim approval appropriate.
IAN-00478,"4069 Harbor Blvd, Port Charlotte, FL 33981",26.924909,-82.037934,49.3,4.77,Dispatch,65,Send adjuster — major flood damage likely,Satellite radar detects 4.8ft of standing water across 49% of the property; physical inspection required before adjudication.
IAN-00479,"1835 Collingswood Blvd, Port Charlotte, FL 33950",26.897091,-82.082069,60.3,1.53,Remote-Approve,94,"Approve remotely — flooding confirmed, documentation required",Flood signal of 1.5ft detected across 60% of footprint at 94% confidence; remote approval is supported by satellite record.
IAN-00480,"8487 Forrest Nelson Blvd, Port Charlotte, FL 33950",26.998608,-82.032075,3.5,0.25,Remote-Deny,94,Deny remotely — no significant flooding detected,Pre and post-event SAR show no material change in backscatter at property location; flood depth under 0.3ft; deny remotely.
IAN-00481,"1295 Flamingo Blvd, Port Charlotte, FL 33981",26.992842,-82.072406,53.3,0.5,Remote-Approve,95,"Approve remotely — flooding confirmed, documentation required",Satellite analysis confirms moderate flooding at 0.5ft across 53% of the parcel; remote claim approval appropriate.
IAN-00482,"9811 Midway Blvd, Port Charlotte, FL 33952",26.992651,-82.034078,30.1,0.85,Remote-Approve,81,"Approve remotely — flooding confirmed, documentation required","Post-event imagery confirms 0.8ft flood depth at 81% confidence; no structural inspection required, approve with standard documentation."
IAN-00483,"5967 Collingswood Blvd, Port Charlotte, FL 33950",27.000522,-82.047961,36.9,1.36,Remote-Approve,94,"Approve remotely — flooding confirmed, documentation required","Post-event imagery confirms 1.4ft flood depth at 94% confidence; no structural inspection required, approve with standard documentation."
IAN-00484,"1771 El Jobean Rd, Port Charlotte, FL 33950",26.984246,-82.075287,1.3,0.16,Remote-Deny,80,Deny remotely — no significant flooding detected,No inundation detected at 80% confidence; property located outside confirmed flood extent per Sentinel-1 analysis.
IAN-00485,"8061 Quesada Ave, Port Charlotte, FL 33948",26.930347,-82.016943,25.3,1.18,Remote-Approve,93,"Approve remotely — flooding confirmed, documentation required",SAR data shows clear inundation of 1.2ft with 25% lot coverage; remote approval recommended pending policyholder documentation.
IAN-00486,"2247 El Jobean Rd, Port Charlotte, FL 33952",27.009653,-82.023072,29.7,0.81,Remote-Approve,84,"Approve remotely — flooding confirmed, documentation required","Post-event imagery confirms 0.8ft flood depth at 84% confidence; no structural inspection required, approve with standard documentation."
IAN-00487,"4283 El Jobean Rd, Port Charlotte, FL 33981",26.874652,-82.053177,81.0,4.84,Dispatch,76,Send adjuster — major flood damage likely,Post-event SAR confirms major inundation at 4.8ft peak depth; adjuster dispatch recommended for full structural damage assessment.
IAN-00488,"8249 Conway Blvd, Port Charlotte, FL 33948",26.908485,-82.009987,83.0,6.3,Dispatch,73,Send adjuster — major flood damage likely,Post-event SAR confirms major inundation at 6.3ft peak depth; adjuster dispatch recommended for full structural damage assessment.
IAN-00489,"1549 Olean Terrace, Port Charlotte, FL 33950",26.873184,-82.092156,83.4,4.02,Dispatch,91,Send adjuster — major flood damage likely,Sentinel-1 backscatter confirms extensive inundation to 4.0ft across 83% of lot; dispatch adjuster for damage documentation.
IAN-00490,"6423 Atwater St, Port Charlotte, FL 33948",26.883405,-82.069208,77.0,2.76,Dispatch,83,Send adjuster — major flood damage likely,Post-event SAR confirms major inundation at 2.8ft peak depth; adjuster dispatch recommended for full structural damage assessment.
IAN-00491,"6977 Peachland Blvd, Port Charlotte, FL 33948",26.924283,-82.078462,24.2,1.03,Remote-Approve,93,"Approve remotely — flooding confirmed, documentation required",Satellite confirms 1.0ft flooding across 24% of property at 93% confidence; evidence sufficient for remote claim approval.
IAN-00492,"8719 Quesada Ave, Port Charlotte, FL 33948",26.958224,-82.051548,58.4,1.44,Remote-Approve,81,"Approve remotely — flooding confirmed, documentation required",Satellite analysis confirms moderate flooding at 1.4ft across 58% of the parcel; remote claim approval appropriate.
IAN-00493,"1839 Elkcam Blvd, Port Charlotte, FL 33952",26.91432,-82.056327,87.4,3.85,Dispatch,79,Send adjuster — major flood damage likely,Sentinel-1 backscatter confirms extensive inundation to 3.9ft across 87% of lot; dispatch adjuster for damage documentation.
IAN-00494,"2647 Elkcam Blvd, Port Charlotte, FL 33981",27.038699,-81.967683,1.5,0.11,Remote-Deny,93,Deny remotely — no significant flooding detected,No inundation detected at 93% confidence; property located outside confirmed flood extent per Sentinel-1 analysis.
IAN-00495,"3623 Tamiami Trail, Port Charlotte, FL 33952",26.897081,-82.063735,71.0,2.5,Dispatch,87,Send adjuster — major flood damage likely,High-confidence flood signal at 2.5ft depth detected across 71% of property footprint; on-site evaluation required before processing.
IAN-00496,"8927 Edgewater Dr, Port Charlotte, FL 33952",26.859882,-82.031373,49.4,4.79,Dispatch,83,Send adjuster — major flood damage likely,Flood depth of 4.8ft recorded at 83% satellite confidence; in-person inspection necessary to document interior losses.
IAN-00497,"7011 Cochran Blvd, Port Charlotte, FL 33952",26.868813,-82.056353,69.5,5.51,Dispatch,74,Send adjuster — major flood damage likely,Flood depth of 5.5ft recorded at 74% satellite confidence; in-person inspection necessary to document interior losses.
IAN-00498,"339 Olean Terrace, Port Charlotte, FL 33948",27.013366,-81.951413,3.1,0.25,Remote-Deny,91,Deny remotely — no significant flooding detected,SAR analysis confirms property was not reached by floodwaters; 0.2ft depth reading supports remote denial at 91% confidence.
IAN-00499,"3427 Coudriet Dr, Port Charlotte, FL 33948",26.94583,-82.05752,31.2,1.05,Remote-Approve,81,"Approve remotely — flooding confirmed, documentation required",Satellite analysis confirms moderate flooding at 1.1ft across 31% of the parcel; remote claim approval appropriate.
IAN-00500,"8129 Cochran Blvd, Port Charlotte, FL 33981",26.83897,-82.03568,63.2,5.48,Dispatch,86,Send adjuster — major flood damage likely,Post-event SAR confirms major inundation at 5.5ft peak depth; adjuster dispatch recommended for full structural damage assessment.
IAN-00501,"7085 El Jobean Rd, Port Charlotte, FL 33950",26.999235,-82.043914,1.9,0.03,Remote-Deny,81,Deny remotely — no significant flooding detected,Post-event imagery is consistent with pre-event baseline at this parcel; no flooding detected; remote denial supported.
IAN-00502,"2393 Veterans Blvd, Port Charlotte, FL 33952",26.914379,-82.096936,84.0,4.29,Dispatch,79,Send adjuster — major flood damage likely,High-confidence flood signal at 4.3ft depth detected across 84% of property footprint; on-site evaluation required before processing.
IAN-00503,"8361 Tropicana Ave, Port Charlotte, FL 33948",26.895414,-82.021012,77.2,3.01,Dispatch,67,Send adjuster — major flood damage likely,SAR imagery shows 77% of parcel submerged to 3.0ft maximum depth; immediate adjuster dispatch recommended.
IAN-00504,"2147 Olean Blvd, Port Charlotte, FL 33950",26.904186,-82.030673,49.5,2.94,Dispatch,84,Send adjuster — major flood damage likely,High-confidence flood signal at 2.9ft depth detected across 50% of property footprint; on-site evaluation required before processing.
IAN-00505,"5585 Tropicana Ave, Port Charlotte, FL 33950",26.871779,-82.039826,77.1,3.79,Dispatch,91,Send adjuster — major flood damage likely,Flood depth of 3.8ft recorded at 91% satellite confidence; in-person inspection necessary to document interior losses.
IAN-00506,"4473 Paulson Dr, Port Charlotte, FL 33948",26.946453,-82.031454,63.4,1.53,Remote-Approve,83,"Approve remotely — flooding confirmed, documentation required",SAR data shows clear inundation of 1.5ft with 63% lot coverage; remote approval recommended pending policyholder documentation.
IAN-00507,"7895 Ohara Dr, Port Charlotte, FL 33948",26.840409,-82.098898,75.3,10.07,Dispatch,69,Send adjuster — major flood damage likely,Post-event SAR confirms major inundation at 10.1ft peak depth; adjuster dispatch recommended for full structural damage assessment.
IAN-00508,"7911 Duncan Rd, Port Charlotte, FL 33981",27.017026,-81.97271,1.4,0.17,Remote-Deny,85,Deny remotely — no significant flooding detected,Pre and post-event SAR show no material change in backscatter at property location; flood depth under 0.3ft; deny remotely.
IAN-00509,"2557 Cochran Blvd, Port Charlotte, FL 33950",26.919584,-82.061473,6.7,1.56,Review,40,Flag for manual review — borderline measurements,Mixed signals in SAR imagery; 1.6ft estimated depth with 40% confidence; do not adjudicate without human review.
IAN-00510,"3483 Paulson Dr, Port Charlotte, FL 33948",26.940407,-82.04528,46.1,7.47,Dispatch,76,Send adjuster — major flood damage likely,Post-event SAR confirms major inundation at 7.5ft peak depth; adjuster dispatch recommended for full structural damage assessment.
IAN-00511,"5851 Midway Blvd, Port Charlotte, FL 33981",26.920039,-82.059999,89.5,3.35,Dispatch,86,Send adjuster — major flood damage likely,High-confidence flood signal at 3.4ft depth detected across 90% of property footprint; on-site evaluation required before processing.
IAN-00512,"7731 Peachland Blvd, Port Charlotte, FL 33981",27.052773,-82.008657,4.4,0.16,Remote-Deny,90,Deny remotely — no significant flooding detected,Satellite imagery shows no significant flooding at this location; max detected depth is 0.2ft at 90% confidence; remote denial supported.
IAN-00513,"9685 Harbor Blvd, Port Charlotte, FL 33948",26.975236,-82.060673,26.2,1.66,Remote-Approve,91,"Approve remotely — flooding confirmed, documentation required",Flood signal of 1.7ft detected across 26% of footprint at 91% confidence; remote approval is supported by satellite record.
IAN-00514,"285 Edgewater Dr, Port Charlotte, FL 33950",26.954159,-81.936765,21.6,0.93,Remote-Approve,82,"Approve remotely — flooding confirmed, documentation required",Flood signal of 0.9ft detected across 22% of footprint at 82% confidence; remote approval is supported by satellite record.
IAN-00515,"4563 Duncan Rd, Port Charlotte, FL 33948",27.024908,-82.045373,1.5,0.16,Remote-Deny,90,Deny remotely — no significant flooding detected,SAR analysis confirms property was not reached by floodwaters; 0.2ft depth reading supports remote denial at 90% confidence.
IAN-00516,"5351 Coudriet Dr, Port Charlotte, FL 33948",26.956149,-82.098581,34.1,0.62,Remote-Approve,93,"Approve remotely — flooding confirmed, documentation required",Satellite analysis confirms moderate flooding at 0.6ft across 34% of the parcel; remote claim approval appropriate.
IAN-00517,"7901 Olean Terrace, Port Charlotte, FL 33948",27.045574,-81.94176,0.6,0.13,Remote-Deny,94,Deny remotely — no significant flooding detected,Pre and post-event SAR show no material change in backscatter at property location; flood depth under 0.3ft; deny remotely.
IAN-00518,"2613 Quesada Ave, Port Charlotte, FL 33952",26.936345,-82.089167,28.5,2.01,Remote-Approve,81,"Approve remotely — flooding confirmed, documentation required",Satellite confirms 2.0ft flooding across 28% of property at 81% confidence; evidence sufficient for remote claim approval.
IAN-00519,"7971 Cochran Blvd, Port Charlotte, FL 33950",26.850226,-82.114102,54.5,2.5,Dispatch,87,Send adjuster — major flood damage likely,High-confidence flood signal at 2.5ft depth detected across 54% of property footprint; on-site evaluation required before processing.
IAN-00520,"8279 Olean Terrace, Port Charlotte, FL 33952",26.956141,-82.03136,25.2,1.33,Remote-Approve,95,"Approve remotely — flooding confirmed, documentation required",Flood signal of 1.3ft detected across 25% of footprint at 95% confidence; remote approval is supported by satellite record.
IAN-00521,"265 Harbor Blvd, Port Charlotte, FL 33981",26.909746,-82.080158,85.7,3.07,Dispatch,80,Send adjuster — major flood damage likely,Sentinel-1 backscatter confirms extensive inundation to 3.1ft across 86% of lot; dispatch adjuster for damage documentation.
IAN-00522,"4975 Ohara Dr, Port Charlotte, FL 33948",26.959362,-82.07726,55.8,1.33,Remote-Approve,85,"Approve remotely — flooding confirmed, documentation required",Satellite confirms 1.3ft flooding across 56% of property at 85% confidence; evidence sufficient for remote claim approval.
IAN-00523,"423 Quesada Ave, Port Charlotte, FL 33948",26.951382,-82.055253,31.9,1.25,Remote-Approve,78,"Approve remotely — flooding confirmed, documentation required",Flood signal of 1.2ft detected across 32% of footprint at 78% confidence; remote approval is supported by satellite record.
IAN-00524,"1615 Coudriet Dr, Port Charlotte, FL 33948",26.940829,-82.10081,75.9,5.38,Dispatch,87,Send adjuster — major flood damage likely,Sentinel-1 backscatter confirms extensive inundation to 5.4ft across 76% of lot; dispatch adjuster for damage documentation.
IAN-00525,"3405 Midway Blvd, Port Charlotte, FL 33948",26.921072,-82.039704,66.6,6.89,Dispatch,79,Send adjuster — major flood damage likely,Sentinel-1 backscatter confirms extensive inundation to 6.9ft across 67% of lot; dispatch adjuster for damage documentation.
IAN-00526,"783 Collingswood Blvd, Port Charlotte, FL 33950",26.918698,-82.078232,70.3,3.03,Dispatch,70,Send adjuster — major flood damage likely,SAR imagery shows 70% of parcel submerged to 3.0ft maximum depth; immediate adjuster dispatch recommended.
IAN-00527,"9255 Olean Blvd, Port Charlotte, FL 33952",26.89725,-82.062412,56.7,5.59,Dispatch,70,Send adjuster — major flood damage likely,Post-event SAR confirms major inundation at 5.6ft peak depth; adjuster dispatch recommended for full structural damage assessment.
IAN-00528,"7569 Conway Blvd, Port Charlotte, FL 33950",27.01853,-82.003511,0.5,0.0,Remote-Deny,94,Deny remotely — no significant flooding detected,SAR analysis confirms property was not reached by floodwaters; 0.0ft depth reading supports remote denial at 94% confidence.
IAN-00529,"6799 Loveland Blvd, Port Charlotte, FL 33981",27.00014,-82.035922,2.4,0.21,Remote-Deny,95,Deny remotely — no significant flooding detected,No inundation detected at 95% confidence; property located outside confirmed flood extent per Sentinel-1 analysis.
IAN-00530,"1511 Conway Blvd, Port Charlotte, FL 33948",27.014596,-82.013468,44.1,0.93,Remote-Approve,95,"Approve remotely — flooding confirmed, documentation required",Satellite confirms 0.9ft flooding across 44% of property at 95% confidence; evidence sufficient for remote claim approval.
IAN-00531,"3959 Duncan Rd, Port Charlotte, FL 33952",26.978694,-81.997405,38.0,0.49,Review,38,Flag for manual review — borderline measurements,Borderline flood signal of 0.5ft at 38% confidence; recommend manual review before any dispatch or denial decision.
IAN-00532,"2823 Cochran Blvd, Port Charlotte, FL 33952",27.012078,-82.098234,55.6,0.89,Remote-Approve,91,"Approve remotely — flooding confirmed, documentation required",Satellite confirms 0.9ft flooding across 56% of property at 91% confidence; evidence sufficient for remote claim approval.
IAN-00533,"7107 Olean Terrace, Port Charlotte, FL 33948",26.941435,-82.012973,23.0,1.48,Remote-Approve,87,"Approve remotely — flooding confirmed, documentation required",Satellite analysis confirms moderate flooding at 1.5ft across 23% of the parcel; remote claim approval appropriate.
IAN-00534,"1901 Paulson Dr, Port Charlotte, FL 33950",26.971796,-82.080382,14.7,1.79,Review,37,Flag for manual review — borderline measurements,Ambiguous SAR return at property location; 1.8ft estimated depth but confidence is 37%; flag for human adjuster review.
IAN-00535,"8417 Kings Hwy, Port Charlotte, FL 33981",26.928896,-82.073869,50.1,1.56,Remote-Approve,78,"Approve remotely — flooding confirmed, documentation required",Flood signal of 1.6ft detected across 50% of footprint at 78% confidence; remote approval is supported by satellite record.
IAN-00536,"7123 Olean Terrace, Port Charlotte, FL 33948",26.960345,-81.952352,1.4,0.15,Remote-Deny,85,Deny remotely — no significant flooding detected,SAR analysis confirms property was not reached by floodwaters; 0.1ft depth reading supports remote denial at 85% confidence.
IAN-00537,"2755 Paulson Dr, Port Charlotte, FL 33950",26.942058,-82.076227,21.2,0.86,Remote-Approve,83,"Approve remotely — flooding confirmed, documentation required",SAR data shows clear inundation of 0.9ft with 21% lot coverage; remote approval recommended pending policyholder documentation.
IAN-00538,"5067 Midway Blvd, Port Charlotte, FL 33950",27.038995,-82.051357,2.1,0.04,Remote-Deny,92,Deny remotely — no significant flooding detected,Pre and post-event SAR show no material change in backscatter at property location; flood depth under 0.3ft; deny remotely.
IAN-00539,"6653 Bayshore Rd, Port Charlotte, FL 33952",27.009898,-81.979605,4.5,0.09,Remote-Deny,89,Deny remotely — no significant flooding detected,Pre and post-event SAR show no material change in backscatter at property location; flood depth under 0.3ft; deny remotely.
IAN-00540,"7325 Bayshore Rd, Port Charlotte, FL 33981",26.86042,-82.036795,47.0,7.0,Dispatch,84,Send adjuster — major flood damage likely,Flood depth of 7.0ft recorded at 84% satellite confidence; in-person inspection necessary to document interior losses.
IAN-00541,"2697 El Jobean Rd, Port Charlotte, FL 33981",26.874141,-82.056619,47.4,5.69,Dispatch,88,Send adjuster — major flood damage likely,Sentinel-1 backscatter confirms extensive inundation to 5.7ft across 47% of lot; dispatch adjuster for damage documentation.
IAN-00542,"5721 Tropicana Ave, Port Charlotte, FL 33948",26.889477,-82.079511,66.8,6.19,Dispatch,77,Send adjuster — major flood damage likely,Post-event SAR confirms major inundation at 6.2ft peak depth; adjuster dispatch recommended for full structural damage assessment.
IAN-00543,"8269 Loveland Blvd, Port Charlotte, FL 33950",26.979466,-82.056862,30.6,1.07,Remote-Approve,78,"Approve remotely — flooding confirmed, documentation required",Flood signal of 1.1ft detected across 31% of footprint at 78% confidence; remote approval is supported by satellite record.
IAN-00544,"8139 Murdock Ave, Port Charlotte, FL 33950",26.974376,-82.032661,36.0,0.68,Remote-Approve,89,"Approve remotely — flooding confirmed, documentation required",SAR data shows clear inundation of 0.7ft with 36% lot coverage; remote approval recommended pending policyholder documentation.
IAN-00545,"563 Edgewater Dr, Port Charlotte, FL 33948",26.957775,-81.988841,32.7,0.86,Remote-Approve,82,"Approve remotely — flooding confirmed, documentation required",Satellite confirms 0.9ft flooding across 33% of property at 82% confidence; evidence sufficient for remote claim approval.
IAN-00546,"4843 Conway Blvd, Port Charlotte, FL 33948",26.947749,-82.021757,51.7,3.29,Dispatch,83,Send adjuster — major flood damage likely,Satellite radar detects 3.3ft of standing water across 52% of the property; physical inspection required before adjudication.
IAN-00547,"7953 Olean Blvd, Port Charlotte, FL 33950",26.911032,-82.078552,66.6,4.7,Dispatch,69,Send adjuster — major flood damage likely,SAR imagery shows 67% of parcel submerged to 4.7ft maximum depth; immediate adjuster dispatch recommended.
IAN-00548,"585 Murdock Ave, Port Charlotte, FL 33952",27.021545,-81.980978,1.7,0.01,Remote-Deny,95,Deny remotely — no significant flooding detected,Pre and post-event SAR show no material change in backscatter at property location; flood depth under 0.3ft; deny remotely.
IAN-00549,"9245 Ohara Dr, Port Charlotte, FL 33948",26.915064,-82.031219,32.3,1.31,Remote-Approve,91,"Approve remotely — flooding confirmed, documentation required",Flood signal of 1.3ft detected across 32% of footprint at 91% confidence; remote approval is supported by satellite record.
IAN-00550,"9025 Duncan Rd, Port Charlotte, FL 33948",26.998328,-81.982148,3.0,0.23,Remote-Deny,81,Deny remotely — no significant flooding detected,No inundation detected at 81% confidence; property located outside confirmed flood extent per Sentinel-1 analysis.
IAN-00551,"437 Elkcam Blvd, Port Charlotte, FL 33952",27.055024,-81.949179,2.7,0.09,Remote-Deny,93,Deny remotely — no significant flooding detected,Pre and post-event SAR show no material change in backscatter at property location; flood depth under 0.3ft; deny remotely.
IAN-00552,"8337 Conway Blvd, Port Charlotte, FL 33952",26.993397,-82.02289,58.2,0.94,Remote-Approve,79,"Approve remotely — flooding confirmed, documentation required",Flood signal of 0.9ft detected across 58% of footprint at 79% confidence; remote approval is supported by satellite record.
IAN-00553,"573 Collingswood Blvd, Port Charlotte, FL 33948",27.074676,-81.979608,3.8,0.03,Remote-Deny,86,Deny remotely — no significant flooding detected,Satellite imagery shows no significant flooding at this location; max detected depth is 0.0ft at 86% confidence; remote denial supported.
IAN-00554,"3191 Atwater St, Port Charlotte, FL 33948",26.975057,-82.050065,63.2,1.47,Remote-Approve,84,"Approve remotely — flooding confirmed, documentation required",Satellite confirms 1.5ft flooding across 63% of property at 84% confidence; evidence sufficient for remote claim approval.
IAN-00555,"3251 Bayshore Rd, Port Charlotte, FL 33981",27.060324,-82.083095,0.3,0.11,Remote-Deny,85,Deny remotely — no significant flooding detected,Satellite imagery shows no significant flooding at this location; max detected depth is 0.1ft at 85% confidence; remote denial supported.
IAN-00556,"4181 Midway Blvd, Port Charlotte, FL 33952",27.001843,-82.041018,2.5,0.01,Remote-Deny,95,Deny remotely — no significant flooding detected,Satellite imagery shows no significant flooding at this location; max detected depth is 0.0ft at 95% confidence; remote denial supported.
IAN-00557,"9417 Bayshore Rd, Port Charlotte, FL 33950",27.068992,-81.977517,1.2,0.18,Remote-Deny,82,Deny remotely — no significant flooding detected,Post-event imagery is consistent with pre-event baseline at this parcel; no flooding detected; remote denial supported.
IAN-00558,"4457 Murdock Ave, Port Charlotte, FL 33981",26.922639,-81.98265,50.2,1.53,Remote-Approve,84,"Approve remotely — flooding confirmed, documentation required",Satellite analysis confirms moderate flooding at 1.5ft across 50% of the parcel; remote claim approval appropriate.
IAN-00559,"1545 Palomino Ave, Port Charlotte, FL 33981",26.96445,-82.059674,57.4,0.55,Remote-Approve,78,"Approve remotely — flooding confirmed, documentation required",Satellite analysis confirms moderate flooding at 0.6ft across 57% of the parcel; remote claim approval appropriate.
IAN-00560,"3451 Tamiami Trail, Port Charlotte, FL 33952",26.936175,-82.089489,68.1,6.27,Dispatch,81,Send adjuster — major flood damage likely,Sentinel-1 backscatter confirms extensive inundation to 6.3ft across 68% of lot; dispatch adjuster for damage documentation.
IAN-00561,"6009 Quesada Ave, Port Charlotte, FL 33948",26.956547,-82.111327,38.1,1.46,Review,66,Flag for manual review — borderline measurements,Low-confidence flood detection at this parcel; 1.5ft depth estimated but signal quality warrants human verification.
IAN-00562,"8683 Tropicana Ave, Port Charlotte, FL 33950",26.931073,-82.038817,26.0,1.08,Remote-Approve,81,"Approve remotely — flooding confirmed, documentation required","Post-event imagery confirms 1.1ft flood depth at 81% confidence; no structural inspection required, approve with standard documentation."
IAN-00563,"9299 Murdock Ave, Port Charlotte, FL 33948",26.991844,-82.017983,55.9,1.4,Remote-Approve,95,"Approve remotely — flooding confirmed, documentation required","Post-event imagery confirms 1.4ft flood depth at 95% confidence; no structural inspection required, approve with standard documentation."
IAN-00564,"753 Duncan Rd, Port Charlotte, FL 33981",26.946367,-82.019916,33.9,0.87,Remote-Approve,79,"Approve remotely — flooding confirmed, documentation required",SAR data shows clear inundation of 0.9ft with 34% lot coverage; remote approval recommended pending policyholder documentation.
IAN-00565,"8551 Murdock Ave, Port Charlotte, FL 33950",26.946301,-82.096891,8.2,1.17,Review,39,Flag for manual review — borderline measurements,Borderline flood signal of 1.2ft at 39% confidence; recommend manual review before any dispatch or denial decision.
IAN-00566,"2793 El Jobean Rd, Port Charlotte, FL 33981",26.92963,-82.063798,32.6,0.43,Review,50,Flag for manual review — borderline measurements,Satellite data shows 33% coverage at 0.4ft estimated depth but confidence is below threshold; manual review required.
IAN-00567,"1341 Collingswood Blvd, Port Charlotte, FL 33952",26.963211,-82.055812,6.6,1.14,Review,57,Flag for manual review — borderline measurements,Low-confidence flood detection at this parcel; 1.1ft depth estimated but signal quality warrants human verification.
IAN-00568,"7859 Palomino Ave, Port Charlotte, FL 33948",26.931159,-82.051247,85.0,3.92,Dispatch,79,Send adjuster — major flood damage likely,Sentinel-1 backscatter confirms extensive inundation to 3.9ft across 85% of lot; dispatch adjuster for damage documentation.
IAN-00569,"4485 Edgewater Dr, Port Charlotte, FL 33948",26.964454,-82.054247,65.7,5.58,Dispatch,90,Send adjuster — major flood damage likely,Post-event SAR confirms major inundation at 5.6ft peak depth; adjuster dispatch recommended for full structural damage assessment.
IAN-00570,"6761 Quesada Ave, Port Charlotte, FL 33952",26.987292,-82.002677,23.7,1.75,Remote-Approve,93,"Approve remotely — flooding confirmed, documentation required",SAR data shows clear inundation of 1.8ft with 24% lot coverage; remote approval recommended pending policyholder documentation.
IAN-00571,"5955 Elkcam Blvd, Port Charlotte, FL 33950",26.976308,-82.019527,59.8,1.42,Remote-Approve,92,"Approve remotely — flooding confirmed, documentation required",Flood signal of 1.4ft detected across 60% of footprint at 92% confidence; remote approval is supported by satellite record.
IAN-00572,"6625 Olean Blvd, Port Charlotte, FL 33950",26.916471,-82.013158,56.7,4.51,Dispatch,91,Send adjuster — major flood damage likely,Flood depth of 4.5ft recorded at 91% satellite confidence; in-person inspection necessary to document interior losses.
IAN-00573,"6423 Olean Blvd, Port Charlotte, FL 33952",26.861101,-81.974253,79.5,3.51,Dispatch,77,Send adjuster — major flood damage likely,High-confidence flood signal at 3.5ft depth detected across 80% of property footprint; on-site evaluation required before processing.
IAN-00574,"8835 Tropicana Ave, Port Charlotte, FL 33948",26.9919,-81.998833,17.7,0.92,Review,75,Flag for manual review — borderline measurements,Satellite data shows 18% coverage at 0.9ft estimated depth but confidence is below threshold; manual review required.
IAN-00575,"6375 Elkcam Blvd, Port Charlotte, FL 33948",27.043117,-82.037989,0.3,0.12,Remote-Deny,84,Deny remotely — no significant flooding detected,No inundation detected at 84% confidence; property located outside confirmed flood extent per Sentinel-1 analysis.
IAN-00576,"715 Duncan Rd, Port Charlotte, FL 33981",27.047221,-82.039898,34.2,2.11,Remote-Approve,84,"Approve remotely — flooding confirmed, documentation required","Post-event imagery confirms 2.1ft flood depth at 84% confidence; no structural inspection required, approve with standard documentation."
IAN-00577,"9255 Elkcam Blvd, Port Charlotte, FL 33952",27.044097,-81.974983,3.6,0.05,Remote-Deny,90,Deny remotely — no significant flooding detected,SAR analysis confirms property was not reached by floodwaters; 0.1ft depth reading supports remote denial at 90% confidence.
IAN-00578,"1063 Bayshore Rd, Port Charlotte, FL 33950",26.954699,-81.976094,44.7,0.8,Remote-Approve,95,"Approve remotely — flooding confirmed, documentation required",Flood signal of 0.8ft detected across 45% of footprint at 95% confidence; remote approval is supported by satellite record.
IAN-00579,"1635 Collingswood Blvd, Port Charlotte, FL 33950",26.893542,-82.163182,74.4,3.98,Dispatch,77,Send adjuster — major flood damage likely,Satellite radar detects 4.0ft of standing water across 74% of the property; physical inspection required before adjudication.
IAN-00580,"1995 Bayshore Rd, Port Charlotte, FL 33952",26.93465,-82.022187,44.9,1.41,Remote-Approve,88,"Approve remotely — flooding confirmed, documentation required",Satellite confirms 1.4ft flooding across 45% of property at 88% confidence; evidence sufficient for remote claim approval.
IAN-00581,"281 Bayshore Rd, Port Charlotte, FL 33952",26.966236,-82.025445,55.8,0.93,Remote-Approve,92,"Approve remotely — flooding confirmed, documentation required",SAR data shows clear inundation of 0.9ft with 56% lot coverage; remote approval recommended pending policyholder documentation.
IAN-00582,"4721 Palomino Ave, Port Charlotte, FL 33948",26.965195,-82.015723,45.2,1.15,Remote-Approve,85,"Approve remotely — flooding confirmed, documentation required",SAR data shows clear inundation of 1.1ft with 45% lot coverage; remote approval recommended pending policyholder documentation.
IAN-00583,"3499 Rampart Blvd, Port Charlotte, FL 33952",26.954052,-82.055003,47.7,4.37,Dispatch,80,Send adjuster — major flood damage likely,SAR imagery shows 48% of parcel submerged to 4.4ft maximum depth; immediate adjuster dispatch recommended.
IAN-00584,"9895 Forrest Nelson Blvd, Port Charlotte, FL 33948",26.942278,-82.061445,64.5,0.97,Remote-Approve,80,"Approve remotely — flooding confirmed, documentation required",SAR data shows clear inundation of 1.0ft with 64% lot coverage; remote approval recommended pending policyholder documentation.
IAN-00585,"4767 Palomino Ave, Port Charlotte, FL 33952",26.938184,-82.044226,76.6,3.05,Dispatch,80,Send adjuster — major flood damage likely,SAR imagery shows 77% of parcel submerged to 3.0ft maximum depth; immediate adjuster dispatch recommended.
IAN-00586,"5457 Conway Blvd, Port Charlotte, FL 33952",26.996249,-82.038497,8.2,0.51,Review,67,Flag for manual review — borderline measurements,Low-confidence flood detection at this parcel; 0.5ft depth estimated but signal quality warrants human verification.
IAN-00587,"5879 Loveland Blvd, Port Charlotte, FL 33948",26.968729,-82.045269,21.6,0.94,Review,72,Flag for manual review — borderline measurements,Low-confidence flood detection at this parcel; 0.9ft depth estimated but signal quality warrants human verification.
IAN-00588,"3923 Quesada Ave, Port Charlotte, FL 33952",26.955846,-82.009124,33.1,0.93,Remote-Approve,84,"Approve remotely — flooding confirmed, documentation required",SAR data shows clear inundation of 0.9ft with 33% lot coverage; remote approval recommended pending policyholder documentation.
IAN-00589,"3547 El Jobean Rd, Port Charlotte, FL 33948",26.950574,-82.017204,27.8,0.9,Remote-Approve,87,"Approve remotely — flooding confirmed, documentation required",Satellite confirms 0.9ft flooding across 28% of property at 87% confidence; evidence sufficient for remote claim approval.
IAN-00590,"7613 Tamiami Trail, Port Charlotte, FL 33981",26.905905,-82.07648,71.1,3.43,Dispatch,88,Send adjuster — major flood damage likely,Post-event SAR confirms major inundation at 3.4ft peak depth; adjuster dispatch recommended for full structural damage assessment.
IAN-00591,"2569 Edgewater Dr, Port Charlotte, FL 33981",26.948515,-82.088928,35.2,1.72,Remote-Approve,91,"Approve remotely — flooding confirmed, documentation required",Satellite analysis confirms moderate flooding at 1.7ft across 35% of the parcel; remote claim approval appropriate.
IAN-00592,"3273 Olean Blvd, Port Charlotte, FL 33950",26.910838,-82.091264,41.7,1.18,Remote-Approve,79,"Approve remotely — flooding confirmed, documentation required","Post-event imagery confirms 1.2ft flood depth at 79% confidence; no structural inspection required, approve with standard documentation."
IAN-00593,"287 El Jobean Rd, Port Charlotte, FL 33948",27.011267,-81.983479,31.2,1.16,Review,58,Flag for manual review — borderline measurements,Borderline flood signal of 1.2ft at 58% confidence; recommend manual review before any dispatch or denial decision.
IAN-00594,"7011 Harbor Blvd, Port Charlotte, FL 33952",26.985292,-82.041147,5.1,0.97,Review,51,Flag for manual review — borderline measurements,Low-confidence flood detection at this parcel; 1.0ft depth estimated but signal quality warrants human verification.
IAN-00595,"433 El Jobean Rd, Port Charlotte, FL 33950",26.843317,-82.073796,52.0,4.54,Dispatch,77,Send adjuster — major flood damage likely,High-confidence flood signal at 4.5ft depth detected across 52% of property footprint; on-site evaluation required before processing.
IAN-00596,"7033 Peachland Blvd, Port Charlotte, FL 33950",26.926135,-82.037506,69.0,5.68,Dispatch,85,Send adjuster — major flood damage likely,Post-event SAR confirms major inundation at 5.7ft peak depth; adjuster dispatch recommended for full structural damage assessment.
IAN-00597,"8463 Veterans Blvd, Port Charlotte, FL 33952",26.880834,-82.022371,84.1,6.71,Dispatch,70,Send adjuster — major flood damage likely,Satellite radar detects 6.7ft of standing water across 84% of the property; physical inspection required before adjudication.
IAN-00598,"6697 Cochran Blvd, Port Charlotte, FL 33948",26.882778,-82.049206,46.0,4.46,Dispatch,84,Send adjuster — major flood damage likely,Post-event SAR confirms major inundation at 4.5ft peak depth; adjuster dispatch recommended for full structural damage assessment.
IAN-00599,"7493 Paulson Dr, Port Charlotte, FL 33952",26.943441,-82.086217,46.3,1.24,Remote-Approve,89,"Approve remotely — flooding confirmed, documentation required",Flood signal of 1.2ft detected across 46% of footprint at 89% confidence; remote approval is supported by satellite record.
IAN-00600,"4943 Bayshore Rd, Port Charlotte, FL 33948",26.972245,-82.031413,39.8,1.04,Remote-Approve,86,"Approve remotely — flooding confirmed, documentation required",Flood signal of 1.0ft detected across 40% of footprint at 86% confidence; remote approval is supported by satellite record.
IAN-00601,"1933 Collingswood Blvd, Port Charlotte, FL 33948",26.910955,-82.012654,34.7,1.04,Remote-Approve,92,"Approve remotely — flooding confirmed, documentation required",Satellite analysis confirms moderate flooding at 1.0ft across 35% of the parcel; remote claim approval appropriate.
IAN-00602,"2687 El Jobean Rd, Port Charlotte, FL 33950",26.910726,-82.027241,72.1,3.26,Dispatch,88,Send adjuster — major flood damage likely,Satellite radar detects 3.3ft of standing water across 72% of the property; physical inspection required before adjudication.
IAN-00603,"3525 Veterans Blvd, Port Charlotte, FL 33952",27.039392,-82.030396,2.3,0.16,Remote-Deny,93,Deny remotely — no significant flooding detected,Post-event imagery is consistent with pre-event baseline at this parcel; no flooding detected; remote denial supported.
IAN-00604,"309 Collingswood Blvd, Port Charlotte, FL 33981",27.011171,-81.98244,2.5,0.25,Remote-Deny,93,Deny remotely — no significant flooding detected,Satellite imagery shows no significant flooding at this location; max detected depth is 0.2ft at 93% confidence; remote denial supported.
IAN-00605,"4195 Coudriet Dr, Port Charlotte, FL 33981",26.909065,-82.048223,85.3,4.47,Dispatch,73,Send adjuster — major flood damage likely,Satellite radar detects 4.5ft of standing water across 85% of the property; physical inspection required before adjudication.
IAN-00606,"3365 Rampart Blvd, Port Charlotte, FL 33950",26.892166,-82.041084,53.7,9.46,Dispatch,76,Send adjuster — major flood damage likely,Sentinel-1 backscatter confirms extensive inundation to 9.5ft across 54% of lot; dispatch adjuster for damage documentation.
IAN-00607,"7195 Atwater St, Port Charlotte, FL 33948",26.885974,-82.066691,88.8,4.43,Dispatch,77,Send adjuster — major flood damage likely,Post-event SAR confirms major inundation at 4.4ft peak depth; adjuster dispatch recommended for full structural damage assessment.
IAN-00608,"8943 Coudriet Dr, Port Charlotte, FL 33981",26.966277,-82.052995,47.9,1.64,Remote-Approve,90,"Approve remotely — flooding confirmed, documentation required",SAR data shows clear inundation of 1.6ft with 48% lot coverage; remote approval recommended pending policyholder documentation.
IAN-00609,"9763 Olean Terrace, Port Charlotte, FL 33981",27.006319,-82.01023,2.6,0.09,Remote-Deny,86,Deny remotely — no significant flooding detected,Pre and post-event SAR show no material change in backscatter at property location; flood depth under 0.3ft; deny remotely.
IAN-00610,"1117 Cochran Blvd, Port Charlotte, FL 33981",26.897963,-82.01589,63.8,5.16,Dispatch,76,Send adjuster — major flood damage likely,Satellite radar detects 5.2ft of standing water across 64% of the property; physical inspection required before adjudication.
IAN-00611,"1307 Paulson Dr, Port Charlotte, FL 33948",26.860871,-82.080943,49.3,3.07,Dispatch,78,Send adjuster — major flood damage likely,Satellite radar detects 3.1ft of standing water across 49% of the property; physical inspection required before adjudication.
IAN-00612,"9805 Bayshore Rd, Port Charlotte, FL 33981",26.961283,-82.026203,21.7,1.18,Review,45,Flag for manual review — borderline measurements,Borderline flood signal of 1.2ft at 45% confidence; recommend manual review before any dispatch or denial decision.
IAN-00613,"1145 Loveland Blvd, Port Charlotte, FL 33948",26.842337,-82.034462,48.1,3.73,Dispatch,79,Send adjuster — major flood damage likely,Post-event SAR confirms major inundation at 3.7ft peak depth; adjuster dispatch recommended for full structural damage assessment.
IAN-00614,"7823 Forrest Nelson Blvd, Port Charlotte, FL 33981",26.90093,-82.049651,79.8,2.51,Dispatch,92,Send adjuster — major flood damage likely,Post-event SAR confirms major inundation at 2.5ft peak depth; adjuster dispatch recommended for full structural damage assessment.
IAN-00615,"4823 Veterans Blvd, Port Charlotte, FL 33952",26.901186,-82.096442,45.3,2.87,Dispatch,83,Send adjuster — major flood damage likely,Satellite radar detects 2.9ft of standing water across 45% of the property; physical inspection required before adjudication.
IAN-00616,"2615 Elkcam Blvd, Port Charlotte, FL 33952",26.953295,-82.047901,21.5,1.65,Remote-Approve,84,"Approve remotely — flooding confirmed, documentation required",SAR data shows clear inundation of 1.6ft with 22% lot coverage; remote approval recommended pending policyholder documentation.
IAN-00617,"4809 Cochran Blvd, Port Charlotte, FL 33950",27.003922,-82.02965,48.4,1.44,Remote-Approve,87,"Approve remotely — flooding confirmed, documentation required",SAR data shows clear inundation of 1.4ft with 48% lot coverage; remote approval recommended pending policyholder documentation.
IAN-00618,"2153 Loveland Blvd, Port Charlotte, FL 33952",27.000186,-82.103712,29.9,1.38,Remote-Approve,86,"Approve remotely — flooding confirmed, documentation required",Satellite analysis confirms moderate flooding at 1.4ft across 30% of the parcel; remote claim approval appropriate.
IAN-00619,"1075 Paulson Dr, Port Charlotte, FL 33948",26.958131,-82.002513,56.1,1.4,Remote-Approve,87,"Approve remotely — flooding confirmed, documentation required",Satellite analysis confirms moderate flooding at 1.4ft across 56% of the parcel; remote claim approval appropriate.
IAN-00620,"9789 Tamiami Trail, Port Charlotte, FL 33950",26.928634,-82.110233,49.7,1.16,Remote-Approve,79,"Approve remotely — flooding confirmed, documentation required","Post-event imagery confirms 1.2ft flood depth at 79% confidence; no structural inspection required, approve with standard documentation."
IAN-00621,"1695 Duncan Rd, Port Charlotte, FL 33981",26.960526,-82.05522,22.9,1.7,Review,62,Flag for manual review — borderline measurements,Mixed signals in SAR imagery; 1.7ft estimated depth with 62% confidence; do not adjudicate without human review.
IAN-00622,"6951 Loveland Blvd, Port Charlotte, FL 33981",26.889887,-82.151848,68.0,3.13,Dispatch,90,Send adjuster — major flood damage likely,Post-event SAR confirms major inundation at 3.1ft peak depth; adjuster dispatch recommended for full structural damage assessment.
IAN-00623,"3263 Tropicana Ave, Port Charlotte, FL 33950",26.965498,-81.992041,3.6,0.27,Remote-Deny,95,Deny remotely — no significant flooding detected,Pre and post-event SAR show no material change in backscatter at property location; flood depth under 0.3ft; deny remotely.
IAN-00624,"381 Quesada Ave, Port Charlotte, FL 33950",26.982215,-82.054526,0.7,0.01,Remote-Deny,85,Deny remotely — no significant flooding detected,No inundation detected at 85% confidence; property located outside confirmed flood extent per Sentinel-1 analysis.
IAN-00625,"1713 Flamingo Blvd, Port Charlotte, FL 33952",26.95669,-82.092265,67.8,1.19,Remote-Approve,78,"Approve remotely — flooding confirmed, documentation required",Flood signal of 1.2ft detected across 68% of footprint at 78% confidence; remote approval is supported by satellite record.
IAN-00626,"5455 Olean Terrace, Port Charlotte, FL 33948",27.016187,-82.020164,3.7,0.0,Remote-Deny,94,Deny remotely — no significant flooding detected,SAR analysis confirms property was not reached by floodwaters; 0.0ft depth reading supports remote denial at 94% confidence.
IAN-00627,"8729 Murdock Ave, Port Charlotte, FL 33948",26.913301,-82.019532,53.4,4.09,Dispatch,91,Send adjuster — major flood damage likely,Sentinel-1 backscatter confirms extensive inundation to 4.1ft across 53% of lot; dispatch adjuster for damage documentation.
IAN-00628,"6247 Kings Hwy, Port Charlotte, FL 33952",27.000954,-82.026542,29.6,1.81,Review,57,Flag for manual review — borderline measurements,Mixed signals in SAR imagery; 1.8ft estimated depth with 57% confidence; do not adjudicate without human review.
IAN-00629,"4397 Ohara Dr, Port Charlotte, FL 33952",27.03368,-82.063474,4.7,0.13,Remote-Deny,85,Deny remotely — no significant flooding detected,No inundation detected at 85% confidence; property located outside confirmed flood extent per Sentinel-1 analysis.
IAN-00630,"7219 Forrest Nelson Blvd, Port Charlotte, FL 33950",27.064624,-82.042549,1.0,0.11,Remote-Deny,83,Deny remotely — no significant flooding detected,Satellite imagery shows no significant flooding at this location; max detected depth is 0.1ft at 83% confidence; remote denial supported.
IAN-00631,"4659 Flamingo Blvd, Port Charlotte, FL 33981",26.906726,-82.07441,52.7,4.97,Dispatch,65,Send adjuster — major flood damage likely,High-confidence flood signal at 5.0ft depth detected across 53% of property footprint; on-site evaluation required before processing.
IAN-00632,"4877 Murdock Ave, Port Charlotte, FL 33981",27.010571,-82.049285,1.1,0.06,Remote-Deny,93,Deny remotely — no significant flooding detected,SAR analysis confirms property was not reached by floodwaters; 0.1ft depth reading supports remote denial at 93% confidence.
IAN-00633,"9655 Palomino Ave, Port Charlotte, FL 33950",26.850289,-82.058636,75.6,5.8,Dispatch,81,Send adjuster — major flood damage likely,Flood depth of 5.8ft recorded at 81% satellite confidence; in-person inspection necessary to document interior losses.
IAN-00634,"3925 Flamingo Blvd, Port Charlotte, FL 33952",26.92124,-82.090682,66.0,4.69,Dispatch,77,Send adjuster — major flood damage likely,Sentinel-1 backscatter confirms extensive inundation to 4.7ft across 66% of lot; dispatch adjuster for damage documentation.
IAN-00635,"1411 El Jobean Rd, Port Charlotte, FL 33948",26.996747,-82.071896,22.3,1.09,Remote-Approve,81,"Approve remotely — flooding confirmed, documentation required",SAR data shows clear inundation of 1.1ft with 22% lot coverage; remote approval recommended pending policyholder documentation.
IAN-00636,"5939 El Jobean Rd, Port Charlotte, FL 33948",27.011104,-82.066577,4.6,0.14,Remote-Deny,80,Deny remotely — no significant flooding detected,Satellite imagery shows no significant flooding at this location; max detected depth is 0.1ft at 80% confidence; remote denial supported.
IAN-00637,"9301 Harbor Blvd, Port Charlotte, FL 33952",26.954582,-82.033063,11.2,1.64,Review,42,Flag for manual review — borderline measurements,Mixed signals in SAR imagery; 1.6ft estimated depth with 42% confidence; do not adjudicate without human review.
IAN-00638,"7461 Midway Blvd, Port Charlotte, FL 33981",26.977808,-82.036113,7.2,1.44,Review,69,Flag for manual review — borderline measurements,Ambiguous SAR return at property location; 1.4ft estimated depth but confidence is 69%; flag for human adjuster review.
IAN-00639,"9037 Murdock Ave, Port Charlotte, FL 33952",26.937803,-82.102862,11.8,0.91,Review,60,Flag for manual review — borderline measurements,Borderline flood signal of 0.9ft at 60% confidence; recommend manual review before any dispatch or denial decision.
IAN-00640,"693 Paulson Dr, Port Charlotte, FL 33981",27.08932,-82.037199,1.1,0.19,Remote-Deny,80,Deny remotely — no significant flooding detected,Post-event imagery is consistent with pre-event baseline at this parcel; no flooding detected; remote denial supported.
IAN-00641,"3571 Coudriet Dr, Port Charlotte, FL 33952",26.894361,-82.075867,57.7,6.52,Dispatch,84,Send adjuster — major flood damage likely,Sentinel-1 backscatter confirms extensive inundation to 6.5ft across 58% of lot; dispatch adjuster for damage documentation.
IAN-00642,"5753 Cochran Blvd, Port Charlotte, FL 33948",27.009574,-82.037422,4.7,0.21,Remote-Deny,82,Deny remotely — no significant flooding detected,Satellite imagery shows no significant flooding at this location; max detected depth is 0.2ft at 82% confidence; remote denial supported.
IAN-00643,"363 Olean Blvd, Port Charlotte, FL 33981",26.869271,-82.105352,70.5,4.09,Dispatch,76,Send adjuster — major flood damage likely,Post-event SAR confirms major inundation at 4.1ft peak depth; adjuster dispatch recommended for full structural damage assessment.
IAN-00644,"7429 Loveland Blvd, Port Charlotte, FL 33950",26.958113,-82.085791,22.0,0.92,Review,68,Flag for manual review — borderline measurements,Low-confidence flood detection at this parcel; 0.9ft depth estimated but signal quality warrants human verification.
IAN-00645,"2521 Paulson Dr, Port Charlotte, FL 33950",26.945774,-81.970842,52.2,1.24,Remote-Approve,84,"Approve remotely — flooding confirmed, documentation required",Satellite confirms 1.2ft flooding across 52% of property at 84% confidence; evidence sufficient for remote claim approval.
IAN-00646,"1977 Bayshore Rd, Port Charlotte, FL 33948",26.919155,-82.010868,49.5,0.96,Remote-Approve,92,"Approve remotely — flooding confirmed, documentation required",SAR data shows clear inundation of 1.0ft with 50% lot coverage; remote approval recommended pending policyholder documentation.
IAN-00647,"7227 Rampart Blvd, Port Charlotte, FL 33981",26.957716,-81.977693,77.7,7.14,Dispatch,67,Send adjuster — major flood damage likely,Flood depth of 7.1ft recorded at 67% satellite confidence; in-person inspection necessary to document interior losses.
IAN-00648,"4943 Coudriet Dr, Port Charlotte, FL 33950",26.970299,-81.966569,25.9,1.03,Remote-Approve,88,"Approve remotely — flooding confirmed, documentation required","Post-event imagery confirms 1.0ft flood depth at 88% confidence; no structural inspection required, approve with standard documentation."
IAN-00649,"6731 Olean Terrace, Port Charlotte, FL 33948",26.830915,-82.090058,36.0,1.13,Remote-Approve,87,"Approve remotely — flooding confirmed, documentation required",Satellite confirms 1.1ft flooding across 36% of property at 87% confidence; evidence sufficient for remote claim approval.
IAN-00650,"8013 Ohara Dr, Port Charlotte, FL 33948",26.887412,-82.074056,61.3,2.87,Dispatch,87,Send adjuster — major flood damage likely,SAR imagery shows 61% of parcel submerged to 2.9ft maximum depth; immediate adjuster dispatch recommended.
IAN-00651,"1363 Palomino Ave, Port Charlotte, FL 33950",26.953242,-81.968933,24.6,1.57,Remote-Approve,93,"Approve remotely — flooding confirmed, documentation required",SAR data shows clear inundation of 1.6ft with 25% lot coverage; remote approval recommended pending policyholder documentation.
IAN-00652,"5063 Kings Hwy, Port Charlotte, FL 33952",26.972132,-82.037302,1.3,0.23,Remote-Deny,84,Deny remotely — no significant flooding detected,Post-event imagery is consistent with pre-event baseline at this parcel; no flooding detected; remote denial supported.
IAN-00653,"403 Peachland Blvd, Port Charlotte, FL 33948",26.968474,-82.002889,21.5,1.49,Review,63,Flag for manual review — borderline measurements,Borderline flood signal of 1.5ft at 63% confidence; recommend manual review before any dispatch or denial decision.
IAN-00654,"1773 Elkcam Blvd, Port Charlotte, FL 33952",26.96644,-81.994015,20.1,0.8,Remote-Approve,82,"Approve remotely — flooding confirmed, documentation required",Flood signal of 0.8ft detected across 20% of footprint at 82% confidence; remote approval is supported by satellite record.
IAN-00655,"685 Loveland Blvd, Port Charlotte, FL 33948",26.927132,-82.001723,61.3,1.56,Remote-Approve,92,"Approve remotely — flooding confirmed, documentation required",Flood signal of 1.6ft detected across 61% of footprint at 92% confidence; remote approval is supported by satellite record.
IAN-00656,"6131 Kings Hwy, Port Charlotte, FL 33952",26.977691,-81.999826,0.9,0.27,Remote-Deny,96,Deny remotely — no significant flooding detected,SAR analysis confirms property was not reached by floodwaters; 0.3ft depth reading supports remote denial at 96% confidence.
IAN-00657,"6149 Flamingo Blvd, Port Charlotte, FL 33948",27.00644,-82.041657,44.4,1.02,Remote-Approve,78,"Approve remotely — flooding confirmed, documentation required",Satellite confirms 1.0ft flooding across 44% of property at 78% confidence; evidence sufficient for remote claim approval.
IAN-00658,"7983 Collingswood Blvd, Port Charlotte, FL 33950",26.943927,-82.037328,47.1,0.93,Remote-Approve,93,"Approve remotely — flooding confirmed, documentation required",Flood signal of 0.9ft detected across 47% of footprint at 93% confidence; remote approval is supported by satellite record.
IAN-00659,"6789 Harbor Blvd, Port Charlotte, FL 33950",26.868855,-82.049644,52.3,5.77,Dispatch,75,Send adjuster — major flood damage likely,SAR imagery shows 52% of parcel submerged to 5.8ft maximum depth; immediate adjuster dispatch recommended.
IAN-00660,"6463 Loveland Blvd, Port Charlotte, FL 33981",26.974827,-81.998059,52.5,1.47,Remote-Approve,79,"Approve remotely — flooding confirmed, documentation required",Satellite analysis confirms moderate flooding at 1.5ft across 52% of the parcel; remote claim approval appropriate.
IAN-00661,"8761 Harbor Blvd, Port Charlotte, FL 33981",26.937221,-82.083108,48.5,0.63,Remote-Approve,81,"Approve remotely — flooding confirmed, documentation required",SAR data shows clear inundation of 0.6ft with 48% lot coverage; remote approval recommended pending policyholder documentation.
IAN-00662,"9043 Rampart Blvd, Port Charlotte, FL 33981",27.057535,-82.009477,0.8,0.09,Remote-Deny,86,Deny remotely — no significant flooding detected,SAR analysis confirms property was not reached by floodwaters; 0.1ft depth reading supports remote denial at 86% confidence.
IAN-00663,"3631 Quesada Ave, Port Charlotte, FL 33952",26.977195,-82.037217,21.5,1.43,Remote-Approve,79,"Approve remotely — flooding confirmed, documentation required","Post-event imagery confirms 1.4ft flood depth at 79% confidence; no structural inspection required, approve with standard documentation."
IAN-00664,"6157 Collingswood Blvd, Port Charlotte, FL 33981",27.020944,-81.981641,2.6,0.12,Remote-Deny,89,Deny remotely — no significant flooding detected,Post-event imagery is consistent with pre-event baseline at this parcel; no flooding detected; remote denial supported.
IAN-00665,"3377 Palomino Ave, Port Charlotte, FL 33952",26.828761,-82.068663,49.7,8.51,Dispatch,69,Send adjuster — major flood damage likely,Flood depth of 8.5ft recorded at 69% satellite confidence; in-person inspection necessary to document interior losses.
IAN-00666,"3701 Bayshore Rd, Port Charlotte, FL 33948",26.919444,-82.042236,25.2,1.69,Review,44,Flag for manual review — borderline measurements,Ambiguous SAR return at property location; 1.7ft estimated depth but confidence is 44%; flag for human adjuster review.
IAN-00667,"4107 Peachland Blvd, Port Charlotte, FL 33950",26.901464,-82.039401,37.3,1.85,Remote-Approve,90,"Approve remotely — flooding confirmed, documentation required",Flood signal of 1.9ft detected across 37% of footprint at 90% confidence; remote approval is supported by satellite record.
IAN-00668,"9061 Tamiami Trail, Port Charlotte, FL 33950",26.98609,-82.052364,1.4,0.2,Remote-Deny,94,Deny remotely — no significant flooding detected,Post-event imagery is consistent with pre-event baseline at this parcel; no flooding detected; remote denial supported.
IAN-00669,"7195 Conway Blvd, Port Charlotte, FL 33981",27.019718,-81.98907,3.8,0.05,Remote-Deny,85,Deny remotely — no significant flooding detected,Satellite imagery shows no significant flooding at this location; max detected depth is 0.1ft at 85% confidence; remote denial supported.
IAN-00670,"465 Midway Blvd, Port Charlotte, FL 33950",26.976806,-82.091391,60.1,1.62,Remote-Approve,93,"Approve remotely — flooding confirmed, documentation required","Post-event imagery confirms 1.6ft flood depth at 93% confidence; no structural inspection required, approve with standard documentation."
IAN-00671,"1979 Peachland Blvd, Port Charlotte, FL 33950",26.864429,-82.054037,46.6,3.66,Dispatch,76,Send adjuster — major flood damage likely,Post-event SAR confirms major inundation at 3.7ft peak depth; adjuster dispatch recommended for full structural damage assessment.
IAN-00672,"9203 Murdock Ave, Port Charlotte, FL 33981",26.944887,-82.079519,23.0,1.93,Remote-Approve,95,"Approve remotely — flooding confirmed, documentation required","Post-event imagery confirms 1.9ft flood depth at 95% confidence; no structural inspection required, approve with standard documentation."
IAN-00673,"7135 Olean Blvd, Port Charlotte, FL 33981",27.014974,-81.973808,0.8,0.03,Remote-Deny,87,Deny remotely — no significant flooding detected,Satellite imagery shows no significant flooding at this location; max detected depth is 0.0ft at 87% confidence; remote denial supported.
IAN-00674,"2943 Bayshore Rd, Port Charlotte, FL 33981",26.948649,-82.060548,6.7,0.93,Review,53,Flag for manual review — borderline measurements,Low-confidence flood detection at this parcel; 0.9ft depth estimated but signal quality warrants human verification.
IAN-00675,"339 Paulson Dr, Port Charlotte, FL 33981",26.994648,-82.028353,1.2,0.11,Remote-Deny,80,Deny remotely — no significant flooding detected,Post-event imagery is consistent with pre-event baseline at this parcel; no flooding detected; remote denial supported.
IAN-00676,"3319 Veterans Blvd, Port Charlotte, FL 33948",26.940414,-81.987395,68.7,3.33,Dispatch,84,Send adjuster — major flood damage likely,Sentinel-1 backscatter confirms extensive inundation to 3.3ft across 69% of lot; dispatch adjuster for damage documentation.
IAN-00677,"4105 Murdock Ave, Port Charlotte, FL 33981",26.926903,-82.016079,52.2,1.18,Remote-Approve,80,"Approve remotely — flooding confirmed, documentation required","Post-event imagery confirms 1.2ft flood depth at 80% confidence; no structural inspection required, approve with standard documentation."
IAN-00678,"8755 Coudriet Dr, Port Charlotte, FL 33981",26.939832,-82.043529,49.5,3.22,Dispatch,82,Send adjuster — major flood damage likely,Flood depth of 3.2ft recorded at 82% satellite confidence; in-person inspection necessary to document interior losses.
IAN-00679,"2751 Kings Hwy, Port Charlotte, FL 33981",26.98381,-82.092389,44.1,1.53,Remote-Approve,91,"Approve remotely — flooding confirmed, documentation required",Satellite confirms 1.5ft flooding across 44% of property at 91% confidence; evidence sufficient for remote claim approval.
IAN-00680,"6319 El Jobean Rd, Port Charlotte, FL 33981",26.843904,-82.02996,81.7,5.05,Dispatch,80,Send adjuster — major flood damage likely,Satellite radar detects 5.0ft of standing water across 82% of the property; physical inspection required before adjudication.
IAN-00681,"9385 Atwater St, Port Charlotte, FL 33948",26.981661,-82.067101,55.5,1.4,Remote-Approve,80,"Approve remotely — flooding confirmed, documentation required",Satellite analysis confirms moderate flooding at 1.4ft across 56% of the parcel; remote claim approval appropriate.
IAN-00682,"4463 Atwater St, Port Charlotte, FL 33950",26.839022,-82.043491,45.2,2.75,Dispatch,72,Send adjuster — major flood damage likely,High-confidence flood signal at 2.8ft depth detected across 45% of property footprint; on-site evaluation required before processing.
IAN-00683,"5825 Atwater St, Port Charlotte, FL 33950",26.933326,-82.113079,44.6,1.1,Remote-Approve,81,"Approve remotely — flooding confirmed, documentation required",SAR data shows clear inundation of 1.1ft with 45% lot coverage; remote approval recommended pending policyholder documentation.
IAN-00684,"9713 Quesada Ave, Port Charlotte, FL 33981",27.020519,-82.007007,3.2,0.14,Remote-Deny,82,Deny remotely — no significant flooding detected,No inundation detected at 82% confidence; property located outside confirmed flood extent per Sentinel-1 analysis.
IAN-00685,"2807 Paulson Dr, Port Charlotte, FL 33948",26.93538,-82.046795,75.5,3.88,Dispatch,76,Send adjuster — major flood damage likely,Flood depth of 3.9ft recorded at 76% satellite confidence; in-person inspection necessary to document interior losses.
IAN-00686,"329 Murdock Ave, Port Charlotte, FL 33948",26.841951,-81.968472,55.2,7.38,Dispatch,80,Send adjuster — major flood damage likely,Sentinel-1 backscatter confirms extensive inundation to 7.4ft across 55% of lot; dispatch adjuster for damage documentation.
IAN-00687,"4831 Olean Blvd, Port Charlotte, FL 33952",26.920006,-82.045756,89.6,9.33,Dispatch,91,Send adjuster — major flood damage likely,Satellite radar detects 9.3ft of standing water across 90% of the property; physical inspection required before adjudication.
IAN-00688,"4019 Palomino Ave, Port Charlotte, FL 33981",27.033976,-81.960678,39.0,1.48,Remote-Approve,80,"Approve remotely — flooding confirmed, documentation required",SAR data shows clear inundation of 1.5ft with 39% lot coverage; remote approval recommended pending policyholder documentation.
IAN-00689,"7239 Collingswood Blvd, Port Charlotte, FL 33948",26.946497,-82.053792,60.9,5.96,Dispatch,90,Send adjuster — major flood damage likely,Satellite radar detects 6.0ft of standing water across 61% of the property; physical inspection required before adjudication.
IAN-00690,"5087 Quesada Ave, Port Charlotte, FL 33952",26.962832,-82.024082,25.7,1.42,Review,45,Flag for manual review — borderline measurements,Satellite data shows 26% coverage at 1.4ft estimated depth but confidence is below threshold; manual review required.
IAN-00691,"5377 Paulson Dr, Port Charlotte, FL 33952",26.876367,-82.070526,88.6,5.35,Dispatch,74,Send adjuster — major flood damage likely,SAR imagery shows 89% of parcel submerged to 5.3ft maximum depth; immediate adjuster dispatch recommended.
IAN-00692,"1753 Murdock Ave, Port Charlotte, FL 33981",26.918198,-82.04664,50.8,2.79,Dispatch,69,Send adjuster — major flood damage likely,Flood depth of 2.8ft recorded at 69% satellite confidence; in-person inspection necessary to document interior losses.
IAN-00693,"993 Conway Blvd, Port Charlotte, FL 33948",26.918404,-82.078784,46.6,2.59,Dispatch,86,Send adjuster — major flood damage likely,Post-event SAR confirms major inundation at 2.6ft peak depth; adjuster dispatch recommended for full structural damage assessment.
IAN-00694,"9195 Paulson Dr, Port Charlotte, FL 33981",26.933153,-82.064303,50.9,1.75,Remote-Approve,85,"Approve remotely — flooding confirmed, documentation required",Flood signal of 1.8ft detected across 51% of footprint at 85% confidence; remote approval is supported by satellite record.
IAN-00695,"2851 Forrest Nelson Blvd, Port Charlotte, FL 33950",26.902085,-82.059046,48.6,2.5,Dispatch,90,Send adjuster — major flood damage likely,Flood depth of 2.5ft recorded at 90% satellite confidence; in-person inspection necessary to document interior losses.
IAN-00696,"5035 El Jobean Rd, Port Charlotte, FL 33950",26.990091,-82.03405,0.9,0.26,Remote-Deny,92,Deny remotely — no significant flooding detected,Pre and post-event SAR show no material change in backscatter at property location; flood depth under 0.3ft; deny remotely.
IAN-00697,"5163 Cochran Blvd, Port Charlotte, FL 33948",27.044668,-82.06066,2.5,0.18,Remote-Deny,96,Deny remotely — no significant flooding detected,Satellite imagery shows no significant flooding at this location; max detected depth is 0.2ft at 96% confidence; remote denial supported.
IAN-00698,"8447 Olean Blvd, Port Charlotte, FL 33981",26.896839,-82.049628,81.5,4.33,Dispatch,71,Send adjuster — major flood damage likely,Post-event SAR confirms major inundation at 4.3ft peak depth; adjuster dispatch recommended for full structural damage assessment.
IAN-00699,"7051 Paulson Dr, Port Charlotte, FL 33981",26.90155,-82.083936,81.3,5.3,Dispatch,79,Send adjuster — major flood damage likely,Flood depth of 5.3ft recorded at 79% satellite confidence; in-person inspection necessary to document interior losses.
IAN-00700,"1103 Kings Hwy, Port Charlotte, FL 33981",26.996004,-82.064451,17.9,0.63,Review,74,Flag for manual review — borderline measurements,Borderline flood signal of 0.6ft at 74% confidence; recommend manual review before any dispatch or denial decision.
IAN-00701,"9757 Murdock Ave, Port Charlotte, FL 33952",26.869545,-82.093269,54.5,3.53,Dispatch,86,Send adjuster — major flood damage likely,Satellite radar detects 3.5ft of standing water across 54% of the property; physical inspection required before adjudication.
IAN-00702,"1857 Flamingo Blvd, Port Charlotte, FL 33952",26.978115,-81.978923,62.9,1.14,Remote-Approve,93,"Approve remotely — flooding confirmed, documentation required",SAR data shows clear inundation of 1.1ft with 63% lot coverage; remote approval recommended pending policyholder documentation.
IAN-00703,"931 Quesada Ave, Port Charlotte, FL 33952",27.033732,-82.082407,2.0,0.15,Remote-Deny,80,Deny remotely — no significant flooding detected,Post-event imagery is consistent with pre-event baseline at this parcel; no flooding detected; remote denial supported.
IAN-00704,"5011 Cochran Blvd, Port Charlotte, FL 33948",27.043104,-82.014773,0.1,0.08,Remote-Deny,94,Deny remotely — no significant flooding detected,Pre and post-event SAR show no material change in backscatter at property location; flood depth under 0.3ft; deny remotely.
IAN-00705,"4903 Loveland Blvd, Port Charlotte, FL 33952",27.059314,-82.037834,4.5,0.12,Remote-Deny,88,Deny remotely — no significant flooding detected,Satellite imagery shows no significant flooding at this location; max detected depth is 0.1ft at 88% confidence; remote denial supported.
IAN-00706,"5773 Paulson Dr, Port Charlotte, FL 33948",26.947438,-82.080541,40.8,0.88,Remote-Approve,85,"Approve remotely — flooding confirmed, documentation required",SAR data shows clear inundation of 0.9ft with 41% lot coverage; remote approval recommended pending policyholder documentation.
IAN-00707,"6487 Cochran Blvd, Port Charlotte, FL 33948",26.898715,-82.06077,85.0,4.78,Dispatch,77,Send adjuster — major flood damage likely,Post-event SAR confirms major inundation at 4.8ft peak depth; adjuster dispatch recommended for full structural damage assessment.
IAN-00708,"775 Kings Hwy, Port Charlotte, FL 33952",26.891337,-82.086673,89.2,6.27,Dispatch,85,Send adjuster — major flood damage likely,Satellite radar detects 6.3ft of standing water across 89% of the property; physical inspection required before adjudication.
IAN-00709,"8469 Loveland Blvd, Port Charlotte, FL 33981",26.899724,-82.035955,83.7,5.07,Dispatch,65,Send adjuster — major flood damage likely,High-confidence flood signal at 5.1ft depth detected across 84% of property footprint; on-site evaluation required before processing.
IAN-00710,"197 El Jobean Rd, Port Charlotte, FL 33948",26.916632,-82.099846,78.4,2.69,Dispatch,80,Send adjuster — major flood damage likely,Flood depth of 2.7ft recorded at 80% satellite confidence; in-person inspection necessary to document interior losses.
IAN-00711,"7959 El Jobean Rd, Port Charlotte, FL 33948",26.961507,-82.032074,31.2,1.28,Remote-Approve,82,"Approve remotely — flooding confirmed, documentation required",Satellite confirms 1.3ft flooding across 31% of property at 82% confidence; evidence sufficient for remote claim approval.
IAN-00712,"3567 Peachland Blvd, Port Charlotte, FL 33948",26.848499,-82.082998,64.9,4.77,Dispatch,82,Send adjuster — major flood damage likely,Flood depth of 4.8ft recorded at 82% satellite confidence; in-person inspection necessary to document interior losses.
IAN-00713,"3005 Paulson Dr, Port Charlotte, FL 33948",26.905792,-82.075068,67.8,4.33,Dispatch,90,Send adjuster — major flood damage likely,Post-event SAR confirms major inundation at 4.3ft peak depth; adjuster dispatch recommended for full structural damage assessment.
IAN-00714,"1163 Edgewater Dr, Port Charlotte, FL 33948",27.021681,-82.110006,4.0,0.2,Remote-Deny,94,Deny remotely — no significant flooding detected,Pre and post-event SAR show no material change in backscatter at property location; flood depth under 0.3ft; deny remotely.
IAN-00715,"4763 Flamingo Blvd, Port Charlotte, FL 33950",26.958258,-82.07044,2.7,0.12,Remote-Deny,93,Deny remotely — no significant flooding detected,Post-event imagery is consistent with pre-event baseline at this parcel; no flooding detected; remote denial supported.
IAN-00716,"4619 Harbor Blvd, Port Charlotte, FL 33981",27.023897,-82.008145,1.7,0.24,Remote-Deny,86,Deny remotely — no significant flooding detected,SAR analysis confirms property was not reached by floodwaters; 0.2ft depth reading supports remote denial at 86% confidence.
IAN-00717,"1649 Elkcam Blvd, Port Charlotte, FL 33948",27.026669,-82.002268,3.1,0.25,Remote-Deny,92,Deny remotely — no significant flooding detected,No inundation detected at 92% confidence; property located outside confirmed flood extent per Sentinel-1 analysis.
IAN-00718,"5739 Coudriet Dr, Port Charlotte, FL 33950",26.895893,-82.005731,13.2,1.14,Review,54,Flag for manual review — borderline measurements,Borderline flood signal of 1.1ft at 54% confidence; recommend manual review before any dispatch or denial decision.
IAN-00719,"3887 Cochran Blvd, Port Charlotte, FL 33950",27.007674,-82.026048,29.6,1.19,Review,46,Flag for manual review — borderline measurements,Low-confidence flood detection at this parcel; 1.2ft depth estimated but signal quality warrants human verification.
IAN-00720,"4373 Edgewater Dr, Port Charlotte, FL 33981",27.005927,-82.102774,65.4,1.27,Remote-Approve,89,"Approve remotely — flooding confirmed, documentation required","Post-event imagery confirms 1.3ft flood depth at 89% confidence; no structural inspection required, approve with standard documentation."
IAN-00721,"9127 Duncan Rd, Port Charlotte, FL 33981",26.94796,-82.069207,50.1,2.85,Dispatch,79,Send adjuster — major flood damage likely,Satellite radar detects 2.9ft of standing water across 50% of the property; physical inspection required before adjudication.
IAN-00722,"7361 Edgewater Dr, Port Charlotte, FL 33948",26.996481,-82.072159,0.6,0.06,Remote-Deny,95,Deny remotely — no significant flooding detected,Satellite imagery shows no significant flooding at this location; max detected depth is 0.1ft at 95% confidence; remote denial supported.
IAN-00723,"8851 Atwater St, Port Charlotte, FL 33952",27.045948,-81.96088,2.6,0.22,Remote-Deny,92,Deny remotely — no significant flooding detected,Satellite imagery shows no significant flooding at this location; max detected depth is 0.2ft at 92% confidence; remote denial supported.
IAN-00724,"9801 Tropicana Ave, Port Charlotte, FL 33952",26.920005,-82.10959,21.6,0.33,Review,52,Flag for manual review — borderline measurements,Low-confidence flood detection at this parcel; 0.3ft depth estimated but signal quality warrants human verification.
IAN-00725,"9301 Harbor Blvd, Port Charlotte, FL 33952",27.006124,-81.972042,2.4,0.23,Remote-Deny,95,Deny remotely — no significant flooding detected,Post-event imagery is consistent with pre-event baseline at this parcel; no flooding detected; remote denial supported.
IAN-00726,"2861 Paulson Dr, Port Charlotte, FL 33981",26.933312,-82.048658,64.8,4.72,Dispatch,85,Send adjuster — major flood damage likely,Flood depth of 4.7ft recorded at 85% satellite confidence; in-person inspection necessary to document interior losses.
IAN-00727,"1659 Olean Terrace, Port Charlotte, FL 33948",27.060592,-82.018622,4.7,0.16,Remote-Deny,91,Deny remotely — no significant flooding detected,SAR analysis confirms property was not reached by floodwaters; 0.2ft depth reading supports remote denial at 91% confidence.
IAN-00728,"147 Rampart Blvd, Port Charlotte, FL 33950",26.980532,-82.101196,18.1,1.13,Review,56,Flag for manual review — borderline measurements,Low-confidence flood detection at this parcel; 1.1ft depth estimated but signal quality warrants human verification.
IAN-00729,"7555 Duncan Rd, Port Charlotte, FL 33950",26.845431,-82.048781,54.3,5.16,Dispatch,87,Send adjuster — major flood damage likely,SAR imagery shows 54% of parcel submerged to 5.2ft maximum depth; immediate adjuster dispatch recommended.
IAN-00730,"5831 Veterans Blvd, Port Charlotte, FL 33981",26.847516,-82.046469,66.9,3.85,Dispatch,84,Send adjuster — major flood damage likely,SAR imagery shows 67% of parcel submerged to 3.9ft maximum depth; immediate adjuster dispatch recommended.
IAN-00731,"5421 Collingswood Blvd, Port Charlotte, FL 33948",26.917671,-81.989458,64.6,0.89,Remote-Approve,80,"Approve remotely — flooding confirmed, documentation required","Post-event imagery confirms 0.9ft flood depth at 80% confidence; no structural inspection required, approve with standard documentation."
IAN-00732,"8451 Midway Blvd, Port Charlotte, FL 33981",26.979808,-82.042647,32.0,0.57,Review,64,Flag for manual review — borderline measurements,Low-confidence flood detection at this parcel; 0.6ft depth estimated but signal quality warrants human verification.
IAN-00733,"3755 Coudriet Dr, Port Charlotte, FL 33981",26.943808,-82.106668,46.4,4.77,Dispatch,88,Send adjuster — major flood damage likely,Satellite radar detects 4.8ft of standing water across 46% of the property; physical inspection required before adjudication.
IAN-00734,"7803 Conway Blvd, Port Charlotte, FL 33952",26.969727,-81.986111,44.8,1.27,Remote-Approve,89,"Approve remotely — flooding confirmed, documentation required",Satellite analysis confirms moderate flooding at 1.3ft across 45% of the parcel; remote claim approval appropriate.
IAN-00735,"8815 Ohara Dr, Port Charlotte, FL 33948",26.978503,-82.073413,21.3,1.69,Review,57,Flag for manual review — borderline measurements,Mixed signals in SAR imagery; 1.7ft estimated depth with 57% confidence; do not adjudicate without human review.
IAN-00736,"5765 Harbor Blvd, Port Charlotte, FL 33950",26.966943,-82.010292,13.3,1.67,Review,59,Flag for manual review — borderline measurements,Satellite data shows 13% coverage at 1.7ft estimated depth but confidence is below threshold; manual review required.
IAN-00737,"7079 Paulson Dr, Port Charlotte, FL 33948",27.078542,-82.030713,3.3,0.06,Remote-Deny,87,Deny remotely — no significant flooding detected,SAR analysis confirms property was not reached by floodwaters; 0.1ft depth reading supports remote denial at 87% confidence.
IAN-00738,"2815 El Jobean Rd, Port Charlotte, FL 33981",26.916445,-82.099035,50.9,4.46,Dispatch,91,Send adjuster — major flood damage likely,Satellite radar detects 4.5ft of standing water across 51% of the property; physical inspection required before adjudication.
IAN-00739,"6681 Coudriet Dr, Port Charlotte, FL 33950",26.907011,-82.091435,44.1,0.67,Remote-Approve,89,"Approve remotely — flooding confirmed, documentation required",Satellite analysis confirms moderate flooding at 0.7ft across 44% of the parcel; remote claim approval appropriate.
IAN-00740,"8357 Harbor Blvd, Port Charlotte, FL 33952",26.962147,-82.051168,58.2,0.99,Remote-Approve,78,"Approve remotely — flooding confirmed, documentation required","Post-event imagery confirms 1.0ft flood depth at 78% confidence; no structural inspection required, approve with standard documentation."
IAN-00741,"7479 Cochran Blvd, Port Charlotte, FL 33950",27.002579,-82.022815,3.5,0.2,Remote-Deny,92,Deny remotely — no significant flooding detected,Pre and post-event SAR show no material change in backscatter at property location; flood depth under 0.3ft; deny remotely.
IAN-00742,"3493 Paulson Dr, Port Charlotte, FL 33952",26.900063,-82.046892,49.2,4.86,Dispatch,84,Send adjuster — major flood damage likely,Post-event SAR confirms major inundation at 4.9ft peak depth; adjuster dispatch recommended for full structural damage assessment.
IAN-00743,"5427 Palomino Ave, Port Charlotte, FL 33948",26.858797,-82.036606,55.6,6.81,Dispatch,73,Send adjuster — major flood damage likely,Flood depth of 6.8ft recorded at 73% satellite confidence; in-person inspection necessary to document interior losses.
IAN-00744,"8813 Veterans Blvd, Port Charlotte, FL 33948",26.929263,-82.017045,80.1,2.65,Dispatch,87,Send adjuster — major flood damage likely,Satellite radar detects 2.6ft of standing water across 80% of the property; physical inspection required before adjudication.
IAN-00745,"281 El Jobean Rd, Port Charlotte, FL 33981",26.93594,-82.092006,82.3,5.78,Dispatch,90,Send adjuster — major flood damage likely,SAR imagery shows 82% of parcel submerged to 5.8ft maximum depth; immediate adjuster dispatch recommended.
IAN-00746,"6729 Atwater St, Port Charlotte, FL 33950",26.84953,-82.084226,79.4,2.72,Dispatch,65,Send adjuster — major flood damage likely,Sentinel-1 backscatter confirms extensive inundation to 2.7ft across 79% of lot; dispatch adjuster for damage documentation.
IAN-00747,"1853 Collingswood Blvd, Port Charlotte, FL 33950",26.909494,-82.007487,57.9,1.6,Remote-Approve,89,"Approve remotely — flooding confirmed, documentation required",Satellite analysis confirms moderate flooding at 1.6ft across 58% of the parcel; remote claim approval appropriate.
IAN-00748,"3003 Murdock Ave, Port Charlotte, FL 33952",26.892976,-82.099368,82.9,3.38,Dispatch,71,Send adjuster — major flood damage likely,Satellite radar detects 3.4ft of standing water across 83% of the property; physical inspection required before adjudication.
IAN-00749,"9101 Midway Blvd, Port Charlotte, FL 33952",26.933644,-82.032785,26.1,0.85,Remote-Approve,85,"Approve remotely — flooding confirmed, documentation required",SAR data shows clear inundation of 0.8ft with 26% lot coverage; remote approval recommended pending policyholder documentation.
IAN-00750,"8973 Duncan Rd, Port Charlotte, FL 33948",26.956026,-81.999699,26.0,1.12,Review,58,Flag for manual review — borderline measurements,Borderline flood signal of 1.1ft at 58% confidence; recommend manual review before any dispatch or denial decision.
IAN-00751,"4215 Collingswood Blvd, Port Charlotte, FL 33948",26.955204,-82.089125,46.7,1.28,Remote-Approve,82,"Approve remotely — flooding confirmed, documentation required",Satellite confirms 1.3ft flooding across 47% of property at 82% confidence; evidence sufficient for remote claim approval.
IAN-00752,"347 Forrest Nelson Blvd, Port Charlotte, FL 33952",26.920848,-82.032756,40.7,1.92,Remote-Approve,79,"Approve remotely — flooding confirmed, documentation required",SAR data shows clear inundation of 1.9ft with 41% lot coverage; remote approval recommended pending policyholder documentation.
IAN-00753,"6567 Midway Blvd, Port Charlotte, FL 33950",26.974923,-82.069803,50.1,3.11,Dispatch,66,Send adjuster — major flood damage likely,Flood depth of 3.1ft recorded at 66% satellite confidence; in-person inspection necessary to document interior losses.
IAN-00754,"9819 Elkcam Blvd, Port Charlotte, FL 33952",26.95451,-82.026204,41.1,1.15,Remote-Approve,93,"Approve remotely — flooding confirmed, documentation required","Post-event imagery confirms 1.1ft flood depth at 93% confidence; no structural inspection required, approve with standard documentation."
IAN-00755,"2809 Coudriet Dr, Port Charlotte, FL 33948",26.850762,-82.025981,53.2,4.53,Dispatch,85,Send adjuster — major flood damage likely,Sentinel-1 backscatter confirms extensive inundation to 4.5ft across 53% of lot; dispatch adjuster for damage documentation.
IAN-00756,"1905 Duncan Rd, Port Charlotte, FL 33981",26.934847,-82.047108,89.8,4.71,Dispatch,71,Send adjuster — major flood damage likely,Sentinel-1 backscatter confirms extensive inundation to 4.7ft across 90% of lot; dispatch adjuster for damage documentation.
IAN-00757,"3965 Forrest Nelson Blvd, Port Charlotte, FL 33950",26.951915,-82.053307,82.3,6.89,Dispatch,71,Send adjuster — major flood damage likely,Satellite radar detects 6.9ft of standing water across 82% of the property; physical inspection required before adjudication.
IAN-00758,"8705 Midway Blvd, Port Charlotte, FL 33948",26.859708,-82.063268,63.4,7.6,Dispatch,84,Send adjuster — major flood damage likely,SAR imagery shows 63% of parcel submerged to 7.6ft maximum depth; immediate adjuster dispatch recommended.
IAN-00759,"7449 Elkcam Blvd, Port Charlotte, FL 33981",26.942918,-82.06883,53.9,4.05,Dispatch,87,Send adjuster — major flood damage likely,Flood depth of 4.0ft recorded at 87% satellite confidence; in-person inspection necessary to document interior losses.
IAN-00760,"7217 Tropicana Ave, Port Charlotte, FL 33952",26.896267,-82.029633,59.1,4.33,Dispatch,89,Send adjuster — major flood damage likely,Satellite radar detects 4.3ft of standing water across 59% of the property; physical inspection required before adjudication.
IAN-00761,"7517 Peachland Blvd, Port Charlotte, FL 33981",27.006532,-81.953484,3.7,0.09,Remote-Deny,85,Deny remotely — no significant flooding detected,Pre and post-event SAR show no material change in backscatter at property location; flood depth under 0.3ft; deny remotely.
IAN-00762,"3749 Conway Blvd, Port Charlotte, FL 33950",26.907848,-82.065423,71.0,4.47,Dispatch,65,Send adjuster — major flood damage likely,SAR imagery shows 71% of parcel submerged to 4.5ft maximum depth; immediate adjuster dispatch recommended.
IAN-00763,"7759 Kings Hwy, Port Charlotte, FL 33981",26.964568,-82.015121,5.0,0.84,Review,73,Flag for manual review — borderline measurements,Satellite data shows 5% coverage at 0.8ft estimated depth but confidence is below threshold; manual review required.
IAN-00764,"8317 Peachland Blvd, Port Charlotte, FL 33981",26.95495,-82.049961,9.2,0.65,Review,60,Flag for manual review — borderline measurements,Borderline flood signal of 0.7ft at 60% confidence; recommend manual review before any dispatch or denial decision.
IAN-00765,"2905 Coudriet Dr, Port Charlotte, FL 33950",26.9619,-81.976494,35.5,0.42,Review,54,Flag for manual review — borderline measurements,Mixed signals in SAR imagery; 0.4ft estimated depth with 54% confidence; do not adjudicate without human review.
IAN-00766,"9631 Palomino Ave, Port Charlotte, FL 33950",26.8565,-82.029878,86.2,3.63,Dispatch,88,Send adjuster — major flood damage likely,Post-event SAR confirms major inundation at 3.6ft peak depth; adjuster dispatch recommended for full structural damage assessment.
IAN-00767,"2947 Kings Hwy, Port Charlotte, FL 33952",26.972614,-82.05213,5.2,0.62,Review,76,Flag for manual review — borderline measurements,Mixed signals in SAR imagery; 0.6ft estimated depth with 76% confidence; do not adjudicate without human review.
IAN-00768,"771 Coudriet Dr, Port Charlotte, FL 33950",26.991129,-82.068946,34.9,0.45,Review,39,Flag for manual review — borderline measurements,Ambiguous SAR return at property location; 0.5ft estimated depth but confidence is 39%; flag for human adjuster review.
IAN-00769,"5237 Duncan Rd, Port Charlotte, FL 33981",26.955095,-82.118788,43.4,2.86,Remote-Approve,81,"Approve remotely — flooding confirmed, documentation required",SAR data shows clear inundation of 2.9ft with 43% lot coverage; remote approval recommended pending policyholder documentation.
IAN-00770,"9711 Atwater St, Port Charlotte, FL 33950",26.974003,-82.055623,37.9,1.21,Remote-Approve,83,"Approve remotely — flooding confirmed, documentation required",SAR data shows clear inundation of 1.2ft with 38% lot coverage; remote approval recommended pending policyholder documentation.
IAN-00771,"4763 Forrest Nelson Blvd, Port Charlotte, FL 33950",26.93189,-82.014963,45.4,1.48,Remote-Approve,85,"Approve remotely — flooding confirmed, documentation required",Satellite confirms 1.5ft flooding across 45% of property at 85% confidence; evidence sufficient for remote claim approval.
IAN-00772,"3163 Bayshore Rd, Port Charlotte, FL 33950",26.958444,-82.056796,23.3,1.01,Remote-Approve,79,"Approve remotely — flooding confirmed, documentation required",SAR data shows clear inundation of 1.0ft with 23% lot coverage; remote approval recommended pending policyholder documentation.
IAN-00773,"7885 Flamingo Blvd, Port Charlotte, FL 33981",26.944307,-82.031548,79.4,2.73,Dispatch,92,Send adjuster — major flood damage likely,High-confidence flood signal at 2.7ft depth detected across 79% of property footprint; on-site evaluation required before processing.
IAN-00774,"3983 Olean Blvd, Port Charlotte, FL 33950",26.963313,-82.093414,44.2,1.73,Remote-Approve,93,"Approve remotely — flooding confirmed, documentation required",Satellite analysis confirms moderate flooding at 1.7ft across 44% of the parcel; remote claim approval appropriate.
IAN-00775,"1591 Loveland Blvd, Port Charlotte, FL 33952",26.975917,-82.035779,57.1,1.14,Remote-Approve,83,"Approve remotely — flooding confirmed, documentation required",Flood signal of 1.1ft detected across 57% of footprint at 83% confidence; remote approval is supported by satellite record.
IAN-00776,"7517 Harbor Blvd, Port Charlotte, FL 33950",26.949863,-82.021351,14.5,0.71,Review,57,Flag for manual review — borderline measurements,Mixed signals in SAR imagery; 0.7ft estimated depth with 57% confidence; do not adjudicate without human review.
IAN-00777,"7305 Collingswood Blvd, Port Charlotte, FL 33952",26.905341,-82.101171,47.6,4.82,Dispatch,87,Send adjuster — major flood damage likely,Sentinel-1 backscatter confirms extensive inundation to 4.8ft across 48% of lot; dispatch adjuster for damage documentation.
IAN-00778,"4629 Loveland Blvd, Port Charlotte, FL 33952",26.900393,-82.041307,45.9,1.0,Remote-Approve,95,"Approve remotely — flooding confirmed, documentation required",SAR data shows clear inundation of 1.0ft with 46% lot coverage; remote approval recommended pending policyholder documentation.
IAN-00779,"4755 Veterans Blvd, Port Charlotte, FL 33950",27.053882,-82.058172,2.7,0.05,Remote-Deny,82,Deny remotely — no significant flooding detected,SAR analysis confirms property was not reached by floodwaters; 0.1ft depth reading supports remote denial at 82% confidence.
IAN-00780,"3553 Midway Blvd, Port Charlotte, FL 33981",26.898982,-82.119485,79.4,5.86,Dispatch,71,Send adjuster — major flood damage likely,Sentinel-1 backscatter confirms extensive inundation to 5.9ft across 79% of lot; dispatch adjuster for damage documentation.
IAN-00781,"7405 Conway Blvd, Port Charlotte, FL 33981",27.020084,-82.008476,1.2,0.06,Remote-Deny,80,Deny remotely — no significant flooding detected,Satellite imagery shows no significant flooding at this location; max detected depth is 0.1ft at 80% confidence; remote denial supported.
IAN-00782,"8841 Cochran Blvd, Port Charlotte, FL 33950",26.9445,-82.017899,26.7,0.95,Remote-Approve,82,"Approve remotely — flooding confirmed, documentation required",Flood signal of 0.9ft detected across 27% of footprint at 82% confidence; remote approval is supported by satellite record.
IAN-00783,"8857 Flamingo Blvd, Port Charlotte, FL 33950",26.964214,-82.042314,49.9,0.7,Remote-Approve,79,"Approve remotely — flooding confirmed, documentation required",Satellite analysis confirms moderate flooding at 0.7ft across 50% of the parcel; remote claim approval appropriate.
IAN-00784,"4529 El Jobean Rd, Port Charlotte, FL 33981",27.00082,-82.055669,28.7,1.28,Remote-Approve,78,"Approve remotely — flooding confirmed, documentation required",Satellite confirms 1.3ft flooding across 29% of property at 78% confidence; evidence sufficient for remote claim approval.
IAN-00785,"7815 Olean Blvd, Port Charlotte, FL 33950",26.970834,-81.962175,10.0,1.9,Review,47,Flag for manual review — borderline measurements,Satellite data shows 10% coverage at 1.9ft estimated depth but confidence is below threshold; manual review required.
IAN-00786,"8801 Ohara Dr, Port Charlotte, FL 33950",26.970849,-82.079536,84.0,4.24,Dispatch,89,Send adjuster — major flood damage likely,SAR imagery shows 84% of parcel submerged to 4.2ft maximum depth; immediate adjuster dispatch recommended.
IAN-00787,"2359 Tamiami Trail, Port Charlotte, FL 33981",27.005812,-82.057977,29.6,0.98,Review,55,Flag for manual review — borderline measurements,Satellite data shows 30% coverage at 1.0ft estimated depth but confidence is below threshold; manual review required.
IAN-00788,"6305 Loveland Blvd, Port Charlotte, FL 33948",27.029103,-82.04782,1.2,0.08,Remote-Deny,82,Deny remotely — no significant flooding detected,Post-event imagery is consistent with pre-event baseline at this parcel; no flooding detected; remote denial supported.
IAN-00789,"6709 Rampart Blvd, Port Charlotte, FL 33952",26.896223,-82.0149,70.4,6.23,Dispatch,71,Send adjuster — major flood damage likely,SAR imagery shows 70% of parcel submerged to 6.2ft maximum depth; immediate adjuster dispatch recommended.
IAN-00790,"5085 Forrest Nelson Blvd, Port Charlotte, FL 33950",26.959616,-82.042421,28.0,1.3,Review,68,Flag for manual review — borderline measurements,Low-confidence flood detection at this parcel; 1.3ft depth estimated but signal quality warrants human verification.
IAN-00791,"6245 Ohara Dr, Port Charlotte, FL 33952",26.940144,-82.031291,61.4,12.0,Dispatch,65,Send adjuster — major flood damage likely,Flood depth of 12.0ft recorded at 65% satellite confidence; in-person inspection necessary to document interior losses.
IAN-00792,"4265 Flamingo Blvd, Port Charlotte, FL 33950",26.906659,-82.129512,57.9,7.56,Dispatch,77,Send adjuster — major flood damage likely,High-confidence flood signal at 7.6ft depth detected across 58% of property footprint; on-site evaluation required before processing.
IAN-00793,"1121 Murdock Ave, Port Charlotte, FL 33952",27.077554,-81.973588,1.6,0.18,Remote-Deny,95,Deny remotely — no significant flooding detected,Pre and post-event SAR show no material change in backscatter at property location; flood depth under 0.3ft; deny remotely.
IAN-00794,"6435 Murdock Ave, Port Charlotte, FL 33948",26.975548,-82.007132,29.2,1.34,Remote-Approve,92,"Approve remotely — flooding confirmed, documentation required","Post-event imagery confirms 1.3ft flood depth at 92% confidence; no structural inspection required, approve with standard documentation."
IAN-00795,"9753 Elkcam Blvd, Port Charlotte, FL 33952",26.958065,-82.020346,78.9,5.01,Dispatch,81,Send adjuster — major flood damage likely,Sentinel-1 backscatter confirms extensive inundation to 5.0ft across 79% of lot; dispatch adjuster for damage documentation.
IAN-00796,"1165 Coudriet Dr, Port Charlotte, FL 33981",26.872616,-82.05979,50.4,3.75,Dispatch,68,Send adjuster — major flood damage likely,Satellite radar detects 3.8ft of standing water across 50% of the property; physical inspection required before adjudication.
IAN-00797,"8611 Olean Blvd, Port Charlotte, FL 33950",26.95329,-82.019549,31.8,1.74,Remote-Approve,87,"Approve remotely — flooding confirmed, documentation required",Satellite analysis confirms moderate flooding at 1.7ft across 32% of the parcel; remote claim approval appropriate.
IAN-00798,"7407 Olean Terrace, Port Charlotte, FL 33948",26.906108,-82.040877,75.8,4.91,Dispatch,91,Send adjuster — major flood damage likely,Satellite radar detects 4.9ft of standing water across 76% of the property; physical inspection required before adjudication.
IAN-00799,"1185 Murdock Ave, Port Charlotte, FL 33952",26.939946,-82.059946,64.3,1.23,Remote-Approve,86,"Approve remotely — flooding confirmed, documentation required",Flood signal of 1.2ft detected across 64% of footprint at 86% confidence; remote approval is supported by satellite record.
IAN-00800,"6043 Midway Blvd, Port Charlotte, FL 33950",27.104568,-82.019023,1.2,0.22,Remote-Deny,96,Deny remotely — no significant flooding detected,SAR analysis confirms property was not reached by floodwaters; 0.2ft depth reading supports remote denial at 96% confidence.
IAN-00801,"5443 Kings Hwy, Port Charlotte, FL 33981",27.034954,-82.083264,1.8,0.27,Remote-Deny,92,Deny remotely — no significant flooding detected,SAR analysis confirms property was not reached by floodwaters; 0.3ft depth reading supports remote denial at 92% confidence.
IAN-00802,"8625 Palomino Ave, Port Charlotte, FL 33952",26.953361,-81.969768,61.4,0.98,Remote-Approve,79,"Approve remotely — flooding confirmed, documentation required",Satellite analysis confirms moderate flooding at 1.0ft across 61% of the parcel; remote claim approval appropriate.
IAN-00803,"2523 Conway Blvd, Port Charlotte, FL 33981",26.904784,-82.072851,27.7,1.68,Remote-Approve,91,"Approve remotely — flooding confirmed, documentation required",Satellite analysis confirms moderate flooding at 1.7ft across 28% of the parcel; remote claim approval appropriate.
IAN-00804,"4917 Midway Blvd, Port Charlotte, FL 33950",26.854271,-82.006437,74.1,5.73,Dispatch,67,Send adjuster — major flood damage likely,High-confidence flood signal at 5.7ft depth detected across 74% of property footprint; on-site evaluation required before processing.
IAN-00805,"1579 Tamiami Trail, Port Charlotte, FL 33952",27.00371,-82.030961,5.9,1.33,Review,69,Flag for manual review — borderline measurements,Mixed signals in SAR imagery; 1.3ft estimated depth with 69% confidence; do not adjudicate without human review.
IAN-00806,"2459 Midway Blvd, Port Charlotte, FL 33948",27.005043,-82.070392,23.9,1.42,Review,36,Flag for manual review — borderline measurements,Borderline flood signal of 1.4ft at 36% confidence; recommend manual review before any dispatch or denial decision.
IAN-00807,"2733 Quesada Ave, Port Charlotte, FL 33981",26.984861,-82.091624,33.4,1.86,Review,48,Flag for manual review — borderline measurements,Ambiguous SAR return at property location; 1.9ft estimated depth but confidence is 48%; flag for human adjuster review.
IAN-00808,"8147 Midway Blvd, Port Charlotte, FL 33952",26.930498,-82.078052,44.0,0.82,Remote-Approve,93,"Approve remotely — flooding confirmed, documentation required",SAR data shows clear inundation of 0.8ft with 44% lot coverage; remote approval recommended pending policyholder documentation.
IAN-00809,"8467 Ohara Dr, Port Charlotte, FL 33948",26.985645,-82.007365,4.2,0.15,Remote-Deny,91,Deny remotely — no significant flooding detected,No inundation detected at 91% confidence; property located outside confirmed flood extent per Sentinel-1 analysis.
IAN-00810,"8089 Loveland Blvd, Port Charlotte, FL 33950",26.895936,-82.111759,72.5,3.48,Dispatch,89,Send adjuster — major flood damage likely,SAR imagery shows 72% of parcel submerged to 3.5ft maximum depth; immediate adjuster dispatch recommended.
IAN-00811,"3319 Tropicana Ave, Port Charlotte, FL 33952",26.978848,-81.993917,42.3,1.04,Remote-Approve,82,"Approve remotely — flooding confirmed, documentation required",Satellite analysis confirms moderate flooding at 1.0ft across 42% of the parcel; remote claim approval appropriate.
IAN-00812,"7431 Olean Terrace, Port Charlotte, FL 33952",27.02757,-82.012408,4.7,0.28,Remote-Deny,93,Deny remotely — no significant flooding detected,Satellite imagery shows no significant flooding at this location; max detected depth is 0.3ft at 93% confidence; remote denial supported.
IAN-00813,"9223 Tamiami Trail, Port Charlotte, FL 33952",26.984256,-82.008017,67.9,0.97,Remote-Approve,86,"Approve remotely — flooding confirmed, documentation required",Satellite confirms 1.0ft flooding across 68% of property at 86% confidence; evidence sufficient for remote claim approval.
IAN-00814,"9043 Ohara Dr, Port Charlotte, FL 33981",26.925362,-82.117846,57.8,4.26,Dispatch,71,Send adjuster — major flood damage likely,SAR imagery shows 58% of parcel submerged to 4.3ft maximum depth; immediate adjuster dispatch recommended.
IAN-00815,"233 Olean Terrace, Port Charlotte, FL 33948",26.897594,-82.027485,58.9,4.72,Dispatch,65,Send adjuster — major flood damage likely,Flood depth of 4.7ft recorded at 65% satellite confidence; in-person inspection necessary to document interior losses.
IAN-00816,"4357 Cochran Blvd, Port Charlotte, FL 33981",26.983183,-82.025989,0.9,0.05,Remote-Deny,85,Deny remotely — no significant flooding detected,Pre and post-event SAR show no material change in backscatter at property location; flood depth under 0.3ft; deny remotely.
IAN-00817,"413 Harbor Blvd, Port Charlotte, FL 33948",27.088925,-81.960843,4.3,0.12,Remote-Deny,85,Deny remotely — no significant flooding detected,No inundation detected at 85% confidence; property located outside confirmed flood extent per Sentinel-1 analysis.
IAN-00818,"2673 Atwater St, Port Charlotte, FL 33981",27.064495,-82.022791,0.6,0.15,Remote-Deny,83,Deny remotely — no significant flooding detected,Pre and post-event SAR show no material change in backscatter at property location; flood depth under 0.3ft; deny remotely.
IAN-00819,"867 Loveland Blvd, Port Charlotte, FL 33948",26.980246,-82.038782,41.8,0.84,Remote-Approve,82,"Approve remotely — flooding confirmed, documentation required",SAR data shows clear inundation of 0.8ft with 42% lot coverage; remote approval recommended pending policyholder documentation.
IAN-00820,"4349 Edgewater Dr, Port Charlotte, FL 33952",27.00688,-82.01696,28.6,0.95,Remote-Approve,95,"Approve remotely — flooding confirmed, documentation required",Satellite analysis confirms moderate flooding at 0.9ft across 29% of the parcel; remote claim approval appropriate.
IAN-00821,"2809 Rampart Blvd, Port Charlotte, FL 33948",26.954473,-81.980262,22.7,1.78,Remote-Approve,84,"Approve remotely — flooding confirmed, documentation required",Satellite confirms 1.8ft flooding across 23% of property at 84% confidence; evidence sufficient for remote claim approval.
IAN-00822,"3627 Elkcam Blvd, Port Charlotte, FL 33948",26.908781,-82.136597,69.9,7.98,Dispatch,75,Send adjuster — major flood damage likely,High-confidence flood signal at 8.0ft depth detected across 70% of property footprint; on-site evaluation required before processing.
IAN-00823,"4327 Elkcam Blvd, Port Charlotte, FL 33948",26.950483,-82.027843,52.9,0.91,Remote-Approve,84,"Approve remotely — flooding confirmed, documentation required",Flood signal of 0.9ft detected across 53% of footprint at 84% confidence; remote approval is supported by satellite record.
IAN-00824,"1271 Forrest Nelson Blvd, Port Charlotte, FL 33950",26.84578,-82.045708,67.5,6.18,Dispatch,80,Send adjuster — major flood damage likely,Flood depth of 6.2ft recorded at 80% satellite confidence; in-person inspection necessary to document interior losses.
IAN-00825,"5927 Elkcam Blvd, Port Charlotte, FL 33981",26.81828,-82.063973,67.8,5.49,Dispatch,81,Send adjuster — major flood damage likely,Sentinel-1 backscatter confirms extensive inundation to 5.5ft across 68% of lot; dispatch adjuster for damage documentation.
IAN-00826,"4655 Harbor Blvd, Port Charlotte, FL 33952",26.978221,-82.090599,34.9,0.91,Remote-Approve,87,"Approve remotely — flooding confirmed, documentation required",Flood signal of 0.9ft detected across 35% of footprint at 87% confidence; remote approval is supported by satellite record.
IAN-00827,"1709 Ohara Dr, Port Charlotte, FL 33981",26.968434,-82.081663,22.2,1.06,Review,66,Flag for manual review — borderline measurements,Mixed signals in SAR imagery; 1.1ft estimated depth with 66% confidence; do not adjudicate without human review.
IAN-00828,"9781 Peachland Blvd, Port Charlotte, FL 33950",26.968803,-82.06884,44.0,1.05,Remote-Approve,82,"Approve remotely — flooding confirmed, documentation required",Satellite confirms 1.1ft flooding across 44% of property at 82% confidence; evidence sufficient for remote claim approval.
IAN-00829,"7271 Bayshore Rd, Port Charlotte, FL 33952",26.893559,-82.072407,78.5,2.76,Dispatch,86,Send adjuster — major flood damage likely,SAR imagery shows 78% of parcel submerged to 2.8ft maximum depth; immediate adjuster dispatch recommended.
IAN-00830,"5585 Olean Blvd, Port Charlotte, FL 33952",26.934678,-82.055355,82.6,3.95,Dispatch,74,Send adjuster — major flood damage likely,Flood depth of 4.0ft recorded at 74% satellite confidence; in-person inspection necessary to document interior losses.
IAN-00831,"7535 Atwater St, Port Charlotte, FL 33952",27.044224,-81.952626,4.0,0.19,Remote-Deny,92,Deny remotely — no significant flooding detected,SAR analysis confirms property was not reached by floodwaters; 0.2ft depth reading supports remote denial at 92% confidence.
IAN-00832,"4795 Tropicana Ave, Port Charlotte, FL 33952",26.941514,-82.053601,54.6,2.93,Dispatch,90,Send adjuster — major flood damage likely,SAR imagery shows 55% of parcel submerged to 2.9ft maximum depth; immediate adjuster dispatch recommended.
IAN-00833,"7669 Harbor Blvd, Port Charlotte, FL 33981",26.928892,-82.104093,33.6,1.22,Remote-Approve,90,"Approve remotely — flooding confirmed, documentation required",SAR data shows clear inundation of 1.2ft with 34% lot coverage; remote approval recommended pending policyholder documentation.
IAN-00834,"8773 Cochran Blvd, Port Charlotte, FL 33981",27.022449,-82.041036,0.1,0.14,Remote-Deny,83,Deny remotely — no significant flooding detected,No inundation detected at 83% confidence; property located outside confirmed flood extent per Sentinel-1 analysis.
IAN-00835,"3777 Palomino Ave, Port Charlotte, FL 33950",27.009601,-82.011864,0.1,0.22,Remote-Deny,95,Deny remotely — no significant flooding detected,SAR analysis confirms property was not reached by floodwaters; 0.2ft depth reading supports remote denial at 95% confidence.
IAN-00836,"6417 Palomino Ave, Port Charlotte, FL 33948",26.905654,-82.100637,45.7,2.79,Dispatch,65,Send adjuster — major flood damage likely,High-confidence flood signal at 2.8ft depth detected across 46% of property footprint; on-site evaluation required before processing.
IAN-00837,"8879 Elkcam Blvd, Port Charlotte, FL 33981",26.927182,-82.074598,65.0,1.32,Remote-Approve,95,"Approve remotely — flooding confirmed, documentation required","Post-event imagery confirms 1.3ft flood depth at 95% confidence; no structural inspection required, approve with standard documentation."
IAN-00838,"7469 Olean Terrace, Port Charlotte, FL 33981",26.993287,-82.015193,0.3,0.27,Remote-Deny,96,Deny remotely — no significant flooding detected,Satellite imagery shows no significant flooding at this location; max detected depth is 0.3ft at 96% confidence; remote denial supported.
IAN-00839,"9801 Edgewater Dr, Port Charlotte, FL 33948",27.008687,-82.060567,35.8,1.18,Remote-Approve,78,"Approve remotely — flooding confirmed, documentation required",Satellite confirms 1.2ft flooding across 36% of property at 78% confidence; evidence sufficient for remote claim approval.
IAN-00840,"9193 Atwater St, Port Charlotte, FL 33952",26.908782,-82.109291,74.3,4.82,Dispatch,69,Send adjuster — major flood damage likely,Post-event SAR confirms major inundation at 4.8ft peak depth; adjuster dispatch recommended for full structural damage assessment.
IAN-00841,"8379 Cochran Blvd, Port Charlotte, FL 33950",26.91811,-82.12133,53.4,7.46,Dispatch,72,Send adjuster — major flood damage likely,Flood depth of 7.5ft recorded at 72% satellite confidence; in-person inspection necessary to document interior losses.
IAN-00842,"1069 Palomino Ave, Port Charlotte, FL 33952",27.026631,-82.010831,0.4,0.12,Remote-Deny,87,Deny remotely — no significant flooding detected,SAR analysis confirms property was not reached by floodwaters; 0.1ft depth reading supports remote denial at 87% confidence.
IAN-00843,"7909 Forrest Nelson Blvd, Port Charlotte, FL 33950",26.94064,-82.03713,56.0,1.16,Remote-Approve,79,"Approve remotely — flooding confirmed, documentation required",Satellite analysis confirms moderate flooding at 1.2ft across 56% of the parcel; remote claim approval appropriate.
IAN-00844,"2125 Veterans Blvd, Port Charlotte, FL 33948",26.929757,-82.029476,28.0,1.31,Remote-Approve,92,"Approve remotely — flooding confirmed, documentation required",SAR data shows clear inundation of 1.3ft with 28% lot coverage; remote approval recommended pending policyholder documentation.
IAN-00845,"3463 Duncan Rd, Port Charlotte, FL 33948",26.933777,-82.068723,47.4,1.67,Remote-Approve,87,"Approve remotely — flooding confirmed, documentation required",Flood signal of 1.7ft detected across 47% of footprint at 87% confidence; remote approval is supported by satellite record.
IAN-00846,"4955 El Jobean Rd, Port Charlotte, FL 33981",26.860336,-82.041171,67.1,2.5,Dispatch,80,Send adjuster — major flood damage likely,Sentinel-1 backscatter confirms extensive inundation to 2.5ft across 67% of lot; dispatch adjuster for damage documentation.
IAN-00847,"4073 Palomino Ave, Port Charlotte, FL 33981",26.902919,-82.073791,60.5,11.96,Dispatch,66,Send adjuster — major flood damage likely,Post-event SAR confirms major inundation at 12.0ft peak depth; adjuster dispatch recommended for full structural damage assessment.
IAN-00848,"4637 Veterans Blvd, Port Charlotte, FL 33950",26.932029,-82.046157,53.0,1.25,Remote-Approve,85,"Approve remotely — flooding confirmed, documentation required",Satellite analysis confirms moderate flooding at 1.2ft across 53% of the parcel; remote claim approval appropriate.
IAN-00849,"9801 Kings Hwy, Port Charlotte, FL 33950",27.025877,-82.014112,3.4,0.13,Remote-Deny,96,Deny remotely — no significant flooding detected,No inundation detected at 96% confidence; property located outside confirmed flood extent per Sentinel-1 analysis.
IAN-00850,"7627 Olean Terrace, Port Charlotte, FL 33981",26.999504,-82.04207,66.4,1.02,Remote-Approve,86,"Approve remotely — flooding confirmed, documentation required",SAR data shows clear inundation of 1.0ft with 66% lot coverage; remote approval recommended pending policyholder documentation.
IAN-00851,"4993 Forrest Nelson Blvd, Port Charlotte, FL 33981",26.994715,-81.946055,1.6,0.21,Remote-Deny,80,Deny remotely — no significant flooding detected,SAR analysis confirms property was not reached by floodwaters; 0.2ft depth reading supports remote denial at 80% confidence.
IAN-00852,"4821 Peachland Blvd, Port Charlotte, FL 33948",26.922294,-82.069066,47.3,4.27,Dispatch,71,Send adjuster — major flood damage likely,Sentinel-1 backscatter confirms extensive inundation to 4.3ft across 47% of lot; dispatch adjuster for damage documentation.
IAN-00853,"3045 Edgewater Dr, Port Charlotte, FL 33952",27.057977,-82.060239,2.8,0.22,Remote-Deny,94,Deny remotely — no significant flooding detected,No inundation detected at 94% confidence; property located outside confirmed flood extent per Sentinel-1 analysis.
IAN-00854,"1295 Flamingo Blvd, Port Charlotte, FL 33952",26.974787,-82.052647,24.9,1.66,Review,59,Flag for manual review — borderline measurements,Ambiguous SAR return at property location; 1.7ft estimated depth but confidence is 59%; flag for human adjuster review.
IAN-00855,"9007 El Jobean Rd, Port Charlotte, FL 33948",26.867715,-82.041141,75.0,5.0,Dispatch,72,Send adjuster — major flood damage likely,Sentinel-1 backscatter confirms extensive inundation to 5.0ft across 75% of lot; dispatch adjuster for damage documentation.
IAN-00856,"5787 Cochran Blvd, Port Charlotte, FL 33948",26.946222,-82.103238,78.3,3.68,Dispatch,67,Send adjuster — major flood damage likely,SAR imagery shows 78% of parcel submerged to 3.7ft maximum depth; immediate adjuster dispatch recommended.
IAN-00857,"2233 Murdock Ave, Port Charlotte, FL 33981",26.895744,-82.022553,64.5,3.43,Dispatch,84,Send adjuster — major flood damage likely,Post-event SAR confirms major inundation at 3.4ft peak depth; adjuster dispatch recommended for full structural damage assessment.
IAN-00858,"5297 Murdock Ave, Port Charlotte, FL 33981",26.912734,-82.093758,71.6,3.65,Dispatch,75,Send adjuster — major flood damage likely,Sentinel-1 backscatter confirms extensive inundation to 3.6ft across 72% of lot; dispatch adjuster for damage documentation.
IAN-00859,"3689 Tamiami Trail, Port Charlotte, FL 33950",27.003217,-81.973447,26.8,1.36,Review,62,Flag for manual review — borderline measurements,Borderline flood signal of 1.4ft at 62% confidence; recommend manual review before any dispatch or denial decision.
IAN-00860,"141 Rampart Blvd, Port Charlotte, FL 33981",26.996908,-82.02904,1.5,0.14,Remote-Deny,94,Deny remotely — no significant flooding detected,Satellite imagery shows no significant flooding at this location; max detected depth is 0.1ft at 94% confidence; remote denial supported.
IAN-00861,"2863 Conway Blvd, Port Charlotte, FL 33948",26.977951,-82.062884,42.0,0.97,Remote-Approve,87,"Approve remotely — flooding confirmed, documentation required",Satellite confirms 1.0ft flooding across 42% of property at 87% confidence; evidence sufficient for remote claim approval.
IAN-00862,"677 Atwater St, Port Charlotte, FL 33950",27.029401,-82.040736,3.4,0.02,Remote-Deny,80,Deny remotely — no significant flooding detected,SAR analysis confirms property was not reached by floodwaters; 0.0ft depth reading supports remote denial at 80% confidence.
IAN-00863,"8101 Quesada Ave, Port Charlotte, FL 33981",27.041104,-81.987163,1.7,0.22,Remote-Deny,96,Deny remotely — no significant flooding detected,No inundation detected at 96% confidence; property located outside confirmed flood extent per Sentinel-1 analysis.
IAN-00864,"4925 Tropicana Ave, Port Charlotte, FL 33952",26.99319,-82.036282,56.8,0.95,Remote-Approve,78,"Approve remotely — flooding confirmed, documentation required",Satellite confirms 0.9ft flooding across 57% of property at 78% confidence; evidence sufficient for remote claim approval.
IAN-00865,"2985 Collingswood Blvd, Port Charlotte, FL 33950",26.986824,-82.088049,39.6,0.97,Review,64,Flag for manual review — borderline measurements,Mixed signals in SAR imagery; 1.0ft estimated depth with 64% confidence; do not adjudicate without human review.
IAN-00866,"2847 Forrest Nelson Blvd, Port Charlotte, FL 33948",26.965273,-82.021588,44.7,1.14,Remote-Approve,84,"Approve remotely — flooding confirmed, documentation required",Satellite analysis confirms moderate flooding at 1.1ft across 45% of the parcel; remote claim approval appropriate.
IAN-00867,"2413 Paulson Dr, Port Charlotte, FL 33952",26.975929,-82.022832,26.8,1.32,Review,67,Flag for manual review — borderline measurements,Ambiguous SAR return at property location; 1.3ft estimated depth but confidence is 67%; flag for human adjuster review.
IAN-00868,"1567 Duncan Rd, Port Charlotte, FL 33948",26.924876,-82.050338,45.1,3.83,Dispatch,70,Send adjuster — major flood damage likely,Flood depth of 3.8ft recorded at 70% satellite confidence; in-person inspection necessary to document interior losses.
IAN-00869,"3397 Flamingo Blvd, Port Charlotte, FL 33950",26.943599,-82.063992,66.0,6.37,Dispatch,71,Send adjuster — major flood damage likely,Satellite radar detects 6.4ft of standing water across 66% of the property; physical inspection required before adjudication.
IAN-00870,"7605 Murdock Ave, Port Charlotte, FL 33948",26.99179,-81.982896,2.7,0.25,Remote-Deny,91,Deny remotely — no significant flooding detected,SAR analysis confirms property was not reached by floodwaters; 0.2ft depth reading supports remote denial at 91% confidence.
IAN-00871,"8615 Flamingo Blvd, Port Charlotte, FL 33952",26.921949,-82.092363,84.7,3.91,Dispatch,66,Send adjuster — major flood damage likely,Satellite radar detects 3.9ft of standing water across 85% of the property; physical inspection required before adjudication.
IAN-00872,"6793 Ohara Dr, Port Charlotte, FL 33981",26.912447,-82.063925,55.6,3.07,Dispatch,65,Send adjuster — major flood damage likely,Post-event SAR confirms major inundation at 3.1ft peak depth; adjuster dispatch recommended for full structural damage assessment.
IAN-00873,"3965 Elkcam Blvd, Port Charlotte, FL 33950",27.011245,-82.062646,13.5,0.84,Review,54,Flag for manual review — borderline measurements,Ambiguous SAR return at property location; 0.8ft estimated depth but confidence is 54%; flag for human adjuster review.
IAN-00874,"3167 Edgewater Dr, Port Charlotte, FL 33948",26.88591,-82.061172,54.5,4.37,Dispatch,72,Send adjuster — major flood damage likely,High-confidence flood signal at 4.4ft depth detected across 54% of property footprint; on-site evaluation required before processing.
IAN-00875,"2939 Olean Terrace, Port Charlotte, FL 33950",26.950885,-82.033212,9.8,1.82,Review,69,Flag for manual review — borderline measurements,Satellite data shows 10% coverage at 1.8ft estimated depth but confidence is below threshold; manual review required.
IAN-00876,"1273 Edgewater Dr, Port Charlotte, FL 33948",26.931768,-82.046102,66.5,1.48,Remote-Approve,93,"Approve remotely — flooding confirmed, documentation required",SAR data shows clear inundation of 1.5ft with 66% lot coverage; remote approval recommended pending policyholder documentation.
IAN-00877,"8075 Duncan Rd, Port Charlotte, FL 33950",26.984451,-81.9994,21.2,1.31,Review,37,Flag for manual review — borderline measurements,Borderline flood signal of 1.3ft at 37% confidence; recommend manual review before any dispatch or denial decision.
IAN-00878,"7637 Quesada Ave, Port Charlotte, FL 33948",26.96361,-82.068098,22.0,0.79,Remote-Approve,94,"Approve remotely — flooding confirmed, documentation required",SAR data shows clear inundation of 0.8ft with 22% lot coverage; remote approval recommended pending policyholder documentation.
IAN-00879,"4953 Edgewater Dr, Port Charlotte, FL 33950",26.89376,-82.071594,21.5,0.76,Remote-Approve,91,"Approve remotely — flooding confirmed, documentation required",Satellite analysis confirms moderate flooding at 0.8ft across 22% of the parcel; remote claim approval appropriate.
IAN-00880,"6483 Forrest Nelson Blvd, Port Charlotte, FL 33981",27.084483,-82.006205,1.3,0.22,Remote-Deny,83,Deny remotely — no significant flooding detected,Pre and post-event SAR show no material change in backscatter at property location; flood depth under 0.3ft; deny remotely.
IAN-00881,"1063 Tamiami Trail, Port Charlotte, FL 33952",26.972879,-82.095949,31.8,0.83,Remote-Approve,83,"Approve remotely — flooding confirmed, documentation required","Post-event imagery confirms 0.8ft flood depth at 83% confidence; no structural inspection required, approve with standard documentation."
IAN-00882,"2437 Palomino Ave, Port Charlotte, FL 33952",26.914738,-81.961332,45.3,5.2,Dispatch,80,Send adjuster — major flood damage likely,Post-event SAR confirms major inundation at 5.2ft peak depth; adjuster dispatch recommended for full structural damage assessment.
IAN-00883,"2383 Tropicana Ave, Port Charlotte, FL 33981",27.020248,-81.979405,3.7,0.01,Remote-Deny,85,Deny remotely — no significant flooding detected,No inundation detected at 85% confidence; property located outside confirmed flood extent per Sentinel-1 analysis.
IAN-00884,"5973 Quesada Ave, Port Charlotte, FL 33952",27.042466,-82.076217,3.6,0.15,Remote-Deny,94,Deny remotely — no significant flooding detected,Post-event imagery is consistent with pre-event baseline at this parcel; no flooding detected; remote denial supported.
IAN-00885,"6529 Duncan Rd, Port Charlotte, FL 33948",26.98218,-82.055046,29.3,1.02,Remote-Approve,83,"Approve remotely — flooding confirmed, documentation required","Post-event imagery confirms 1.0ft flood depth at 83% confidence; no structural inspection required, approve with standard documentation."
IAN-00886,"1615 El Jobean Rd, Port Charlotte, FL 33981",26.887687,-82.085105,79.4,5.28,Dispatch,68,Send adjuster — major flood damage likely,Satellite radar detects 5.3ft of standing water across 79% of the property; physical inspection required before adjudication.
IAN-00887,"6143 Murdock Ave, Port Charlotte, FL 33952",27.086741,-82.013168,1.0,0.15,Remote-Deny,95,Deny remotely — no significant flooding detected,SAR analysis confirms property was not reached by floodwaters; 0.1ft depth reading supports remote denial at 95% confidence.
IAN-00888,"2285 Conway Blvd, Port Charlotte, FL 33952",26.852936,-82.051068,59.1,5.32,Dispatch,88,Send adjuster — major flood damage likely,SAR imagery shows 59% of parcel submerged to 5.3ft maximum depth; immediate adjuster dispatch recommended.
IAN-00889,"8081 Quesada Ave, Port Charlotte, FL 33952",26.988254,-82.090315,19.6,1.8,Review,46,Flag for manual review — borderline measurements,Borderline flood signal of 1.8ft at 46% confidence; recommend manual review before any dispatch or denial decision.
IAN-00890,"8305 Forrest Nelson Blvd, Port Charlotte, FL 33952",26.905362,-82.08278,74.8,5.37,Dispatch,84,Send adjuster — major flood damage likely,SAR imagery shows 75% of parcel submerged to 5.4ft maximum depth; immediate adjuster dispatch recommended.
IAN-00891,"9415 Loveland Blvd, Port Charlotte, FL 33950",26.892571,-82.056472,60.7,4.21,Dispatch,68,Send adjuster — major flood damage likely,Sentinel-1 backscatter confirms extensive inundation to 4.2ft across 61% of lot; dispatch adjuster for damage documentation.
IAN-00892,"1699 Veterans Blvd, Port Charlotte, FL 33952",26.93383,-81.990295,35.9,1.29,Remote-Approve,93,"Approve remotely — flooding confirmed, documentation required","Post-event imagery confirms 1.3ft flood depth at 93% confidence; no structural inspection required, approve with standard documentation."
IAN-00893,"4803 Conway Blvd, Port Charlotte, FL 33950",26.862129,-82.111403,60.5,2.66,Dispatch,70,Send adjuster — major flood damage likely,SAR imagery shows 60% of parcel submerged to 2.7ft maximum depth; immediate adjuster dispatch recommended.
IAN-00894,"4755 Kings Hwy, Port Charlotte, FL 33950",26.907728,-82.026834,45.9,3.49,Dispatch,75,Send adjuster — major flood damage likely,Satellite radar detects 3.5ft of standing water across 46% of the property; physical inspection required before adjudication.
IAN-00895,"5057 Ohara Dr, Port Charlotte, FL 33981",27.024267,-82.015757,0.7,0.03,Remote-Deny,95,Deny remotely — no significant flooding detected,No inundation detected at 95% confidence; property located outside confirmed flood extent per Sentinel-1 analysis.
IAN-00896,"4557 Conway Blvd, Port Charlotte, FL 33948",26.831167,-82.095114,56.4,2.62,Dispatch,81,Send adjuster — major flood damage likely,SAR imagery shows 56% of parcel submerged to 2.6ft maximum depth; immediate adjuster dispatch recommended.
IAN-00897,"6005 El Jobean Rd, Port Charlotte, FL 33981",27.006424,-82.085797,2.9,0.16,Remote-Deny,87,Deny remotely — no significant flooding detected,SAR analysis confirms property was not reached by floodwaters; 0.2ft depth reading supports remote denial at 87% confidence.
IAN-00898,"1551 Olean Blvd, Port Charlotte, FL 33952",27.038942,-82.068937,4.8,0.03,Remote-Deny,90,Deny remotely — no significant flooding detected,SAR analysis confirms property was not reached by floodwaters; 0.0ft depth reading supports remote denial at 90% confidence.
IAN-00899,"6621 Olean Terrace, Port Charlotte, FL 33948",26.999888,-82.071908,32.1,1.71,Review,49,Flag for manual review — borderline measurements,Ambiguous SAR return at property location; 1.7ft estimated depth but confidence is 49%; flag for human adjuster review.
IAN-00900,"3641 Loveland Blvd, Port Charlotte, FL 33950",27.00627,-82.012463,1.0,0.11,Remote-Deny,83,Deny remotely — no significant flooding detected,Pre and post-event SAR show no material change in backscatter at property location; flood depth under 0.3ft; deny remotely.
IAN-00901,"5307 Collingswood Blvd, Port Charlotte, FL 33948",26.997909,-81.982351,59.5,1.8,Remote-Approve,84,"Approve remotely — flooding confirmed, documentation required",SAR data shows clear inundation of 1.8ft with 60% lot coverage; remote approval recommended pending policyholder documentation.
IAN-00902,"6469 Elkcam Blvd, Port Charlotte, FL 33948",26.8928,-81.982202,61.3,3.64,Dispatch,76,Send adjuster — major flood damage likely,Sentinel-1 backscatter confirms extensive inundation to 3.6ft across 61% of lot; dispatch adjuster for damage documentation.
IAN-00903,"4349 Kings Hwy, Port Charlotte, FL 33981",26.981841,-82.024356,24.8,1.08,Remote-Approve,79,"Approve remotely — flooding confirmed, documentation required",Flood signal of 1.1ft detected across 25% of footprint at 79% confidence; remote approval is supported by satellite record.
IAN-00904,"8035 Elkcam Blvd, Port Charlotte, FL 33981",26.946057,-82.116075,69.9,5.33,Dispatch,89,Send adjuster — major flood damage likely,Satellite radar detects 5.3ft of standing water across 70% of the property; physical inspection required before adjudication.
IAN-00905,"2897 Loveland Blvd, Port Charlotte, FL 33950",26.969604,-82.03632,66.9,1.12,Remote-Approve,85,"Approve remotely — flooding confirmed, documentation required",SAR data shows clear inundation of 1.1ft with 67% lot coverage; remote approval recommended pending policyholder documentation.
IAN-00906,"7133 Ohara Dr, Port Charlotte, FL 33981",26.943925,-82.00058,7.2,0.61,Review,54,Flag for manual review — borderline measurements,Low-confidence flood detection at this parcel; 0.6ft depth estimated but signal quality warrants human verification.
IAN-00907,"7815 Harbor Blvd, Port Charlotte, FL 33950",26.942728,-82.099715,45.1,4.73,Dispatch,67,Send adjuster — major flood damage likely,Post-event SAR confirms major inundation at 4.7ft peak depth; adjuster dispatch recommended for full structural damage assessment.
IAN-00908,"1823 Duncan Rd, Port Charlotte, FL 33948",26.917554,-81.991492,27.4,0.78,Remote-Approve,84,"Approve remotely — flooding confirmed, documentation required",Satellite analysis confirms moderate flooding at 0.8ft across 27% of the parcel; remote claim approval appropriate.
IAN-00909,"2669 Harbor Blvd, Port Charlotte, FL 33950",26.961991,-82.066622,46.6,1.74,Remote-Approve,93,"Approve remotely — flooding confirmed, documentation required",SAR data shows clear inundation of 1.7ft with 47% lot coverage; remote approval recommended pending policyholder documentation.
IAN-00910,"8829 Bayshore Rd, Port Charlotte, FL 33952",26.925508,-82.03451,52.3,2.57,Dispatch,77,Send adjuster — major flood damage likely,Satellite radar detects 2.6ft of standing water across 52% of the property; physical inspection required before adjudication.
IAN-00911,"7579 Elkcam Blvd, Port Charlotte, FL 33981",26.932688,-82.064924,69.7,6.59,Dispatch,90,Send adjuster — major flood damage likely,Satellite radar detects 6.6ft of standing water across 70% of the property; physical inspection required before adjudication.
IAN-00912,"6567 Elkcam Blvd, Port Charlotte, FL 33948",27.071656,-82.075306,2.8,0.09,Remote-Deny,87,Deny remotely — no significant flooding detected,Pre and post-event SAR show no material change in backscatter at property location; flood depth under 0.3ft; deny remotely.
IAN-00913,"955 Coudriet Dr, Port Charlotte, FL 33952",27.057781,-82.019335,2.3,0.0,Remote-Deny,82,Deny remotely — no significant flooding detected,Satellite imagery shows no significant flooding at this location; max detected depth is 0.0ft at 82% confidence; remote denial supported.
IAN-00914,"4873 Quesada Ave, Port Charlotte, FL 33952",26.885011,-82.053057,68.1,3.22,Dispatch,73,Send adjuster — major flood damage likely,Post-event SAR confirms major inundation at 3.2ft peak depth; adjuster dispatch recommended for full structural damage assessment.
IAN-00915,"4257 Murdock Ave, Port Charlotte, FL 33948",26.931091,-82.02582,66.7,1.83,Remote-Approve,85,"Approve remotely — flooding confirmed, documentation required",SAR data shows clear inundation of 1.8ft with 67% lot coverage; remote approval recommended pending policyholder documentation.
IAN-00916,"6959 Tamiami Trail, Port Charlotte, FL 33981",27.056841,-82.012007,2.0,0.26,Remote-Deny,90,Deny remotely — no significant flooding detected,Pre and post-event SAR show no material change in backscatter at property location; flood depth under 0.3ft; deny remotely.
IAN-00917,"7091 Bayshore Rd, Port Charlotte, FL 33948",26.898644,-82.083919,79.6,3.25,Dispatch,67,Send adjuster — major flood damage likely,Post-event SAR confirms major inundation at 3.2ft peak depth; adjuster dispatch recommended for full structural damage assessment.
IAN-00918,"6109 Palomino Ave, Port Charlotte, FL 33952",26.943854,-82.050145,7.0,0.78,Review,42,Flag for manual review — borderline measurements,Low-confidence flood detection at this parcel; 0.8ft depth estimated but signal quality warrants human verification.
IAN-00919,"7875 Elkcam Blvd, Port Charlotte, FL 33981",27.018445,-81.976043,44.0,1.78,Remote-Approve,83,"Approve remotely — flooding confirmed, documentation required",Satellite analysis confirms moderate flooding at 1.8ft across 44% of the parcel; remote claim approval appropriate.
IAN-00920,"4791 Ohara Dr, Port Charlotte, FL 33952",26.995554,-82.014572,1.6,0.07,Remote-Deny,94,Deny remotely — no significant flooding detected,No inundation detected at 94% confidence; property located outside confirmed flood extent per Sentinel-1 analysis.
IAN-00921,"9895 Duncan Rd, Port Charlotte, FL 33950",26.95436,-82.044694,39.7,1.2,Remote-Approve,84,"Approve remotely — flooding confirmed, documentation required",Satellite confirms 1.2ft flooding across 40% of property at 84% confidence; evidence sufficient for remote claim approval.
IAN-00922,"6257 Murdock Ave, Port Charlotte, FL 33948",26.895265,-82.00966,65.6,5.55,Dispatch,87,Send adjuster — major flood damage likely,SAR imagery shows 66% of parcel submerged to 5.5ft maximum depth; immediate adjuster dispatch recommended.
IAN-00923,"649 Ohara Dr, Port Charlotte, FL 33981",26.90678,-81.995286,71.9,4.86,Dispatch,92,Send adjuster — major flood damage likely,Sentinel-1 backscatter confirms extensive inundation to 4.9ft across 72% of lot; dispatch adjuster for damage documentation.
IAN-00924,"6989 Paulson Dr, Port Charlotte, FL 33981",26.884547,-82.043646,88.0,2.5,Dispatch,76,Send adjuster — major flood damage likely,Post-event SAR confirms major inundation at 2.5ft peak depth; adjuster dispatch recommended for full structural damage assessment.
IAN-00925,"1593 Ohara Dr, Port Charlotte, FL 33950",26.886828,-82.035663,56.8,2.64,Dispatch,79,Send adjuster — major flood damage likely,SAR imagery shows 57% of parcel submerged to 2.6ft maximum depth; immediate adjuster dispatch recommended.
IAN-00926,"5127 Tropicana Ave, Port Charlotte, FL 33950",26.909838,-82.019011,52.7,1.62,Remote-Approve,86,"Approve remotely — flooding confirmed, documentation required",Satellite confirms 1.6ft flooding across 53% of property at 86% confidence; evidence sufficient for remote claim approval.
IAN-00927,"3433 Peachland Blvd, Port Charlotte, FL 33981",26.898714,-82.037296,62.2,3.14,Dispatch,65,Send adjuster — major flood damage likely,Sentinel-1 backscatter confirms extensive inundation to 3.1ft across 62% of lot; dispatch adjuster for damage documentation.
IAN-00928,"5343 El Jobean Rd, Port Charlotte, FL 33981",26.989068,-82.069498,37.0,1.49,Review,45,Flag for manual review — borderline measurements,Mixed signals in SAR imagery; 1.5ft estimated depth with 45% confidence; do not adjudicate without human review.
IAN-00929,"2345 Quesada Ave, Port Charlotte, FL 33950",26.988953,-82.041801,67.6,1.03,Remote-Approve,80,"Approve remotely — flooding confirmed, documentation required",Satellite confirms 1.0ft flooding across 68% of property at 80% confidence; evidence sufficient for remote claim approval.
IAN-00930,"279 Olean Terrace, Port Charlotte, FL 33952",26.91421,-82.051788,69.5,5.43,Dispatch,89,Send adjuster — major flood damage likely,High-confidence flood signal at 5.4ft depth detected across 70% of property footprint; on-site evaluation required before processing.
IAN-00931,"9065 Bayshore Rd, Port Charlotte, FL 33950",27.033261,-82.071446,3.9,0.12,Remote-Deny,96,Deny remotely — no significant flooding detected,SAR analysis confirms property was not reached by floodwaters; 0.1ft depth reading supports remote denial at 96% confidence.
IAN-00932,"6123 El Jobean Rd, Port Charlotte, FL 33950",26.857934,-82.048577,86.0,4.54,Dispatch,83,Send adjuster — major flood damage likely,SAR imagery shows 86% of parcel submerged to 4.5ft maximum depth; immediate adjuster dispatch recommended.
IAN-00933,"7093 Harbor Blvd, Port Charlotte, FL 33950",26.984595,-82.062076,51.9,1.25,Remote-Approve,89,"Approve remotely — flooding confirmed, documentation required",SAR data shows clear inundation of 1.2ft with 52% lot coverage; remote approval recommended pending policyholder documentation.
IAN-00934,"4325 Olean Terrace, Port Charlotte, FL 33981",26.896103,-82.095732,54.9,4.14,Dispatch,89,Send adjuster — major flood damage likely,Flood depth of 4.1ft recorded at 89% satellite confidence; in-person inspection necessary to document interior losses.
IAN-00935,"5931 Collingswood Blvd, Port Charlotte, FL 33981",26.943774,-82.013429,29.9,1.17,Remote-Approve,79,"Approve remotely — flooding confirmed, documentation required","Post-event imagery confirms 1.2ft flood depth at 79% confidence; no structural inspection required, approve with standard documentation."
IAN-00936,"8859 Loveland Blvd, Port Charlotte, FL 33950",27.020089,-81.984692,3.0,0.16,Remote-Deny,85,Deny remotely — no significant flooding detected,Pre and post-event SAR show no material change in backscatter at property location; flood depth under 0.3ft; deny remotely.
IAN-00937,"6523 Peachland Blvd, Port Charlotte, FL 33950",26.985027,-82.034827,50.2,1.07,Remote-Approve,94,"Approve remotely — flooding confirmed, documentation required",SAR data shows clear inundation of 1.1ft with 50% lot coverage; remote approval recommended pending policyholder documentation.
IAN-00938,"5249 Loveland Blvd, Port Charlotte, FL 33952",26.935081,-82.060875,21.7,0.91,Review,62,Flag for manual review — borderline measurements,Ambiguous SAR return at property location; 0.9ft estimated depth but confidence is 62%; flag for human adjuster review.
IAN-00939,"5789 Olean Terrace, Port Charlotte, FL 33981",27.009194,-82.04877,25.8,1.22,Remote-Approve,85,"Approve remotely — flooding confirmed, documentation required",Satellite analysis confirms moderate flooding at 1.2ft across 26% of the parcel; remote claim approval appropriate.
IAN-00940,"3913 Quesada Ave, Port Charlotte, FL 33981",26.933058,-82.075434,33.7,0.89,Review,40,Flag for manual review — borderline measurements,Mixed signals in SAR imagery; 0.9ft estimated depth with 40% confidence; do not adjudicate without human review.
IAN-00941,"3063 Rampart Blvd, Port Charlotte, FL 33950",26.923929,-82.025459,36.8,0.92,Remote-Approve,87,"Approve remotely — flooding confirmed, documentation required","Post-event imagery confirms 0.9ft flood depth at 87% confidence; no structural inspection required, approve with standard documentation."
IAN-00942,"3493 Olean Terrace, Port Charlotte, FL 33950",26.970463,-82.063998,42.2,1.07,Remote-Approve,80,"Approve remotely — flooding confirmed, documentation required","Post-event imagery confirms 1.1ft flood depth at 80% confidence; no structural inspection required, approve with standard documentation."
IAN-00943,"7861 Quesada Ave, Port Charlotte, FL 33948",26.915723,-82.064272,70.4,4.67,Dispatch,89,Send adjuster — major flood damage likely,Satellite radar detects 4.7ft of standing water across 70% of the property; physical inspection required before adjudication.
IAN-00944,"5737 Cochran Blvd, Port Charlotte, FL 33950",27.002983,-81.983147,20.1,1.23,Remote-Approve,90,"Approve remotely — flooding confirmed, documentation required",SAR data shows clear inundation of 1.2ft with 20% lot coverage; remote approval recommended pending policyholder documentation.
IAN-00945,"5139 Bayshore Rd, Port Charlotte, FL 33950",26.976695,-82.069893,51.7,1.51,Remote-Approve,80,"Approve remotely — flooding confirmed, documentation required","Post-event imagery confirms 1.5ft flood depth at 80% confidence; no structural inspection required, approve with standard documentation."
IAN-00946,"4877 Coudriet Dr, Port Charlotte, FL 33948",27.030574,-82.056529,53.5,1.37,Remote-Approve,91,"Approve remotely — flooding confirmed, documentation required",Satellite confirms 1.4ft flooding across 54% of property at 91% confidence; evidence sufficient for remote claim approval.
IAN-00947,"1547 Elkcam Blvd, Port Charlotte, FL 33948",26.993239,-82.048819,43.0,1.39,Remote-Approve,79,"Approve remotely — flooding confirmed, documentation required",Satellite analysis confirms moderate flooding at 1.4ft across 43% of the parcel; remote claim approval appropriate.
IAN-00948,"2593 Flamingo Blvd, Port Charlotte, FL 33981",26.96672,-82.046275,59.0,1.4,Remote-Approve,94,"Approve remotely — flooding confirmed, documentation required",Flood signal of 1.4ft detected across 59% of footprint at 94% confidence; remote approval is supported by satellite record.
IAN-00949,"6289 Atwater St, Port Charlotte, FL 33950",27.024984,-82.04107,1.5,0.01,Remote-Deny,91,Deny remotely — no significant flooding detected,Satellite imagery shows no significant flooding at this location; max detected depth is 0.0ft at 91% confidence; remote denial supported.
IAN-00950,"4035 Conway Blvd, Port Charlotte, FL 33948",27.027784,-81.99906,4.4,0.18,Remote-Deny,85,Deny remotely — no significant flooding detected,Satellite imagery shows no significant flooding at this location; max detected depth is 0.2ft at 85% confidence; remote denial supported.
IAN-00951,"6007 Murdock Ave, Port Charlotte, FL 33948",26.877741,-82.118074,59.8,2.98,Dispatch,71,Send adjuster — major flood damage likely,SAR imagery shows 60% of parcel submerged to 3.0ft maximum depth; immediate adjuster dispatch recommended.
IAN-00952,"8329 Olean Terrace, Port Charlotte, FL 33981",26.900172,-82.098821,51.0,5.85,Dispatch,75,Send adjuster — major flood damage likely,High-confidence flood signal at 5.8ft depth detected across 51% of property footprint; on-site evaluation required before processing.
IAN-00953,"9645 Edgewater Dr, Port Charlotte, FL 33948",26.921878,-82.074681,67.1,3.53,Dispatch,89,Send adjuster — major flood damage likely,Satellite radar detects 3.5ft of standing water across 67% of the property; physical inspection required before adjudication.
IAN-00954,"6683 Tropicana Ave, Port Charlotte, FL 33981",27.007463,-82.051898,29.8,1.42,Review,73,Flag for manual review — borderline measurements,Mixed signals in SAR imagery; 1.4ft estimated depth with 73% confidence; do not adjudicate without human review.
IAN-00955,"5079 Olean Blvd, Port Charlotte, FL 33981",26.941271,-82.007876,65.0,1.45,Remote-Approve,95,"Approve remotely — flooding confirmed, documentation required",Satellite confirms 1.4ft flooding across 65% of property at 95% confidence; evidence sufficient for remote claim approval.
IAN-00956,"4041 Quesada Ave, Port Charlotte, FL 33952",26.930909,-82.044474,72.8,3.94,Dispatch,78,Send adjuster — major flood damage likely,Satellite radar detects 3.9ft of standing water across 73% of the property; physical inspection required before adjudication.
IAN-00957,"6653 Conway Blvd, Port Charlotte, FL 33952",26.939792,-82.053953,55.0,1.58,Remote-Approve,91,"Approve remotely — flooding confirmed, documentation required",Satellite confirms 1.6ft flooding across 55% of property at 91% confidence; evidence sufficient for remote claim approval.
IAN-00958,"6523 Peachland Blvd, Port Charlotte, FL 33950",27.035342,-81.996379,1.1,0.1,Remote-Deny,83,Deny remotely — no significant flooding detected,SAR analysis confirms property was not reached by floodwaters; 0.1ft depth reading supports remote denial at 83% confidence.
IAN-00959,"5177 Harbor Blvd, Port Charlotte, FL 33952",26.932134,-82.078417,73.3,2.91,Dispatch,72,Send adjuster — major flood damage likely,SAR imagery shows 73% of parcel submerged to 2.9ft maximum depth; immediate adjuster dispatch recommended.
IAN-00960,"7829 Edgewater Dr, Port Charlotte, FL 33950",26.926177,-82.059154,75.3,5.07,Dispatch,66,Send adjuster — major flood damage likely,High-confidence flood signal at 5.1ft depth detected across 75% of property footprint; on-site evaluation required before processing.
IAN-00961,"7841 Edgewater Dr, Port Charlotte, FL 33948",26.922704,-82.106289,67.1,1.78,Remote-Approve,78,"Approve remotely — flooding confirmed, documentation required",SAR data shows clear inundation of 1.8ft with 67% lot coverage; remote approval recommended pending policyholder documentation.
IAN-00962,"9335 Cochran Blvd, Port Charlotte, FL 33948",26.924326,-82.080165,66.7,6.42,Dispatch,80,Send adjuster — major flood damage likely,SAR imagery shows 67% of parcel submerged to 6.4ft maximum depth; immediate adjuster dispatch recommended.
IAN-00963,"1625 Conway Blvd, Port Charlotte, FL 33950",26.922856,-82.045014,51.2,6.4,Dispatch,66,Send adjuster — major flood damage likely,Sentinel-1 backscatter confirms extensive inundation to 6.4ft across 51% of lot; dispatch adjuster for damage documentation.
IAN-00964,"5081 Collingswood Blvd, Port Charlotte, FL 33948",26.968144,-82.13276,2.7,0.08,Remote-Deny,82,Deny remotely — no significant flooding detected,Pre and post-event SAR show no material change in backscatter at property location; flood depth under 0.3ft; deny remotely.
IAN-00965,"7091 Forrest Nelson Blvd, Port Charlotte, FL 33981",26.946651,-82.116539,46.5,1.18,Remote-Approve,89,"Approve remotely — flooding confirmed, documentation required",SAR data shows clear inundation of 1.2ft with 46% lot coverage; remote approval recommended pending policyholder documentation.
IAN-00966,"795 Tropicana Ave, Port Charlotte, FL 33950",27.029498,-81.985558,27.9,1.84,Remote-Approve,85,"Approve remotely — flooding confirmed, documentation required",Satellite analysis confirms moderate flooding at 1.8ft across 28% of the parcel; remote claim approval appropriate.
IAN-00967,"6281 Coudriet Dr, Port Charlotte, FL 33981",26.985608,-82.03243,4.7,0.01,Remote-Deny,84,Deny remotely — no significant flooding detected,Satellite imagery shows no significant flooding at this location; max detected depth is 0.0ft at 84% confidence; remote denial supported.
IAN-00968,"577 Rampart Blvd, Port Charlotte, FL 33950",26.916866,-82.07067,68.2,3.68,Dispatch,77,Send adjuster — major flood damage likely,Satellite radar detects 3.7ft of standing water across 68% of the property; physical inspection required before adjudication.
IAN-00969,"9667 El Jobean Rd, Port Charlotte, FL 33981",26.942539,-82.096389,58.2,0.84,Remote-Approve,83,"Approve remotely — flooding confirmed, documentation required",Satellite analysis confirms moderate flooding at 0.8ft across 58% of the parcel; remote claim approval appropriate.
IAN-00970,"8837 El Jobean Rd, Port Charlotte, FL 33950",26.978486,-82.029834,23.4,1.7,Remote-Approve,84,"Approve remotely — flooding confirmed, documentation required",Flood signal of 1.7ft detected across 23% of footprint at 84% confidence; remote approval is supported by satellite record.
IAN-00971,"6895 Olean Blvd, Port Charlotte, FL 33981",26.964399,-82.034775,33.4,1.27,Remote-Approve,81,"Approve remotely — flooding confirmed, documentation required",Flood signal of 1.3ft detected across 33% of footprint at 81% confidence; remote approval is supported by satellite record.
IAN-00972,"7371 Coudriet Dr, Port Charlotte, FL 33981",26.97776,-82.074946,27.7,1.8,Review,66,Flag for manual review — borderline measurements,Borderline flood signal of 1.8ft at 66% confidence; recommend manual review before any dispatch or denial decision.
IAN-00973,"8107 Kings Hwy, Port Charlotte, FL 33950",27.095818,-81.993535,0.9,0.15,Remote-Deny,80,Deny remotely — no significant flooding detected,Pre and post-event SAR show no material change in backscatter at property location; flood depth under 0.3ft; deny remotely.
IAN-00974,"5543 Palomino Ave, Port Charlotte, FL 33981",26.948003,-82.135198,24.7,2.0,Remote-Approve,88,"Approve remotely — flooding confirmed, documentation required",Satellite confirms 2.0ft flooding across 25% of property at 88% confidence; evidence sufficient for remote claim approval.
IAN-00975,"5155 Tropicana Ave, Port Charlotte, FL 33948",26.852341,-82.05523,54.5,2.56,Dispatch,81,Send adjuster — major flood damage likely,Satellite radar detects 2.6ft of standing water across 54% of the property; physical inspection required before adjudication.
IAN-00976,"7231 Ohara Dr, Port Charlotte, FL 33952",26.944184,-82.076433,6.8,1.06,Review,76,Flag for manual review — borderline measurements,Low-confidence flood detection at this parcel; 1.1ft depth estimated but signal quality warrants human verification.
IAN-00977,"5637 Ohara Dr, Port Charlotte, FL 33981",26.988315,-82.030691,55.1,1.11,Remote-Approve,83,"Approve remotely — flooding confirmed, documentation required","Post-event imagery confirms 1.1ft flood depth at 83% confidence; no structural inspection required, approve with standard documentation."
IAN-00978,"753 Atwater St, Port Charlotte, FL 33952",26.980301,-82.08942,20.5,1.57,Review,50,Flag for manual review — borderline measurements,Low-confidence flood detection at this parcel; 1.6ft depth estimated but signal quality warrants human verification.
IAN-00979,"5835 Rampart Blvd, Port Charlotte, FL 33952",26.948578,-82.054645,51.3,1.22,Remote-Approve,86,"Approve remotely — flooding confirmed, documentation required",Satellite analysis confirms moderate flooding at 1.2ft across 51% of the parcel; remote claim approval appropriate.
IAN-00980,"8875 Elkcam Blvd, Port Charlotte, FL 33981",26.856778,-82.062196,66.1,4.36,Dispatch,86,Send adjuster — major flood damage likely,SAR imagery shows 66% of parcel submerged to 4.4ft maximum depth; immediate adjuster dispatch recommended.
IAN-00981,"3917 Olean Blvd, Port Charlotte, FL 33950",26.918019,-82.00629,46.9,4.28,Dispatch,77,Send adjuster — major flood damage likely,Sentinel-1 backscatter confirms extensive inundation to 4.3ft across 47% of lot; dispatch adjuster for damage documentation.
IAN-00982,"7995 Quesada Ave, Port Charlotte, FL 33950",26.900133,-82.117882,51.2,7.07,Dispatch,72,Send adjuster — major flood damage likely,Sentinel-1 backscatter confirms extensive inundation to 7.1ft across 51% of lot; dispatch adjuster for damage documentation.
IAN-00983,"6519 Paulson Dr, Port Charlotte, FL 33948",26.929982,-82.021568,81.1,5.29,Dispatch,79,Send adjuster — major flood damage likely,Flood depth of 5.3ft recorded at 79% satellite confidence; in-person inspection necessary to document interior losses.
IAN-00984,"1847 Duncan Rd, Port Charlotte, FL 33950",26.973852,-82.066306,61.1,0.99,Remote-Approve,84,"Approve remotely — flooding confirmed, documentation required","Post-event imagery confirms 1.0ft flood depth at 84% confidence; no structural inspection required, approve with standard documentation."
IAN-00985,"7383 Cochran Blvd, Port Charlotte, FL 33981",26.975048,-82.078795,33.7,1.3,Remote-Approve,81,"Approve remotely — flooding confirmed, documentation required",Flood signal of 1.3ft detected across 34% of footprint at 81% confidence; remote approval is supported by satellite record.
IAN-00986,"9705 Conway Blvd, Port Charlotte, FL 33948",27.024124,-82.048322,3.6,0.15,Remote-Deny,84,Deny remotely — no significant flooding detected,Pre and post-event SAR show no material change in backscatter at property location; flood depth under 0.3ft; deny remotely.
IAN-00987,"4529 Atwater St, Port Charlotte, FL 33950",26.967041,-82.032084,20.5,1.86,Remote-Approve,84,"Approve remotely — flooding confirmed, documentation required",Satellite analysis confirms moderate flooding at 1.9ft across 20% of the parcel; remote claim approval appropriate.
IAN-00988,"1357 Duncan Rd, Port Charlotte, FL 33948",26.964075,-82.010975,24.9,1.13,Review,69,Flag for manual review — borderline measurements,Mixed signals in SAR imagery; 1.1ft estimated depth with 69% confidence; do not adjudicate without human review.
IAN-00989,"7143 Tropicana Ave, Port Charlotte, FL 33948",26.849964,-81.979754,66.4,5.42,Dispatch,92,Send adjuster — major flood damage likely,Satellite radar detects 5.4ft of standing water across 66% of the property; physical inspection required before adjudication.
IAN-00990,"8579 Peachland Blvd, Port Charlotte, FL 33981",26.916277,-82.005181,71.5,3.32,Dispatch,80,Send adjuster — major flood damage likely,High-confidence flood signal at 3.3ft depth detected across 72% of property footprint; on-site evaluation required before processing.
IAN-00991,"3283 Loveland Blvd, Port Charlotte, FL 33981",26.919178,-82.063692,17.6,0.44,Review,39,Flag for manual review — borderline measurements,Borderline flood signal of 0.4ft at 39% confidence; recommend manual review before any dispatch or denial decision.
IAN-00992,"7499 Flamingo Blvd, Port Charlotte, FL 33952",27.06635,-82.004283,3.4,0.11,Remote-Deny,85,Deny remotely — no significant flooding detected,No inundation detected at 85% confidence; property located outside confirmed flood extent per Sentinel-1 analysis.
IAN-00993,"4921 Veterans Blvd, Port Charlotte, FL 33948",26.936659,-82.054243,62.7,1.07,Remote-Approve,92,"Approve remotely — flooding confirmed, documentation required",Satellite confirms 1.1ft flooding across 63% of property at 92% confidence; evidence sufficient for remote claim approval.
IAN-00994,"333 Harbor Blvd, Port Charlotte, FL 33948",27.03042,-82.032725,2.8,0.2,Remote-Deny,84,Deny remotely — no significant flooding detected,Pre and post-event SAR show no material change in backscatter at property location; flood depth under 0.3ft; deny remotely.
IAN-00995,"3649 El Jobean Rd, Port Charlotte, FL 33948",27.003024,-82.020099,17.9,0.86,Review,36,Flag for manual review — borderline measurements,Mixed signals in SAR imagery; 0.9ft estimated depth with 36% confidence; do not adjudicate without human review.
IAN-00996,"2793 Kings Hwy, Port Charlotte, FL 33950",27.057594,-82.003972,3.4,0.15,Remote-Deny,90,Deny remotely — no significant flooding detected,SAR analysis confirms property was not reached by floodwaters; 0.1ft depth reading supports remote denial at 90% confidence.
IAN-00997,"6931 Loveland Blvd, Port Charlotte, FL 33948",26.938351,-82.067832,71.2,3.79,Dispatch,72,Send adjuster — major flood damage likely,Post-event SAR confirms major inundation at 3.8ft peak depth; adjuster dispatch recommended for full structural damage assessment.
IAN-00998,"6525 Olean Terrace, Port Charlotte, FL 33948",26.943792,-82.046519,24.3,1.29,Review,69,Flag for manual review — borderline measurements,Mixed signals in SAR imagery; 1.3ft estimated depth with 69% confidence; do not adjudicate without human review.
IAN-00999,"1199 Atwater St, Port Charlotte, FL 33952",26.867073,-82.149339,89.4,4.53,Dispatch,71,Send adjuster — major flood damage likely,Post-event SAR confirms major inundation at 4.5ft peak depth; adjuster dispatch recommended for full structural damage assessment.
IAN-01000,"1307 Harbor Blvd, Port Charlotte, FL 33981",26.867101,-82.039119,56.2,2.78,Dispatch,87,Send adjuster — major flood damage likely,SAR imagery shows 56% of parcel submerged to 2.8ft maximum depth; immediate adjuster dispatch recommended.
