property_id,address,pct_flooded,max_depth_ft,depth_lower_ft,depth_upper_ft,depth_ci_ft,impact_class,confidence_score,recommended_action,adjuster_note,urban_flag,optical_available,optical_water_pct,confidence_factors,ensemble_disagreement,ensemble_note,ensemble_votes
NRIV-00001,"71 Bridge St, Coraki NSW",0.0,0.0,0.0,0.0,0.0,Remote-Deny,90,Deny remotely — no significant flooding detected by satellite,Satellite data at 71 Bridge St indicates 0.0ft depth; remote-deny per 90% confidence.,0,0,0.0,"[{""factor"": ""SAR recency"", ""delta"": 8, ""reason"": ""Imagery 3d post-event \u2014 fresh""}, {""factor"": ""Depth certainty"", ""delta"": 10, ""reason"": ""Near-zero depth \u2014 confidently not flooded""}, {""factor"": ""Coverage coherence"", ""delta"": 7, ""reason"": ""0% coverage \u2014 confidently dry""}]",0,,"{""sar"": ""dry"", ""optical"": ""abstain"", ""dem_hydrology"": ""dry""}"
NRIV-00002,"174 Wilson St, Coraki NSW",0.0,0.0,0.0,0.0,0.0,Remote-Deny,90,Deny remotely — no significant flooding detected by satellite,Satellite data at 174 Wilson St indicates 0.0ft depth; remote-deny per 90% confidence.,0,0,0.0,"[{""factor"": ""SAR recency"", ""delta"": 8, ""reason"": ""Imagery 3d post-event \u2014 fresh""}, {""factor"": ""Depth certainty"", ""delta"": 10, ""reason"": ""Near-zero depth \u2014 confidently not flooded""}, {""factor"": ""Coverage coherence"", ""delta"": 7, ""reason"": ""0% coverage \u2014 confidently dry""}]",0,,"{""sar"": ""dry"", ""optical"": ""abstain"", ""dem_hydrology"": ""dry""}"
NRIV-00003,"109 River Rd, Coraki NSW",0.0,0.0,0.0,0.0,0.0,Remote-Deny,90,Deny remotely — no significant flooding detected by satellite,Satellite data at 109 River Rd indicates 0.0ft depth; remote-deny per 90% confidence.,0,0,0.0,"[{""factor"": ""SAR recency"", ""delta"": 8, ""reason"": ""Imagery 3d post-event \u2014 fresh""}, {""factor"": ""Depth certainty"", ""delta"": 10, ""reason"": ""Near-zero depth \u2014 confidently not flooded""}, {""factor"": ""Coverage coherence"", ""delta"": 7, ""reason"": ""0% coverage \u2014 confidently dry""}]",0,,"{""sar"": ""dry"", ""optical"": ""abstain"", ""dem_hydrology"": ""dry""}"
NRIV-00004,"130 Bagotville Rd, Coraki NSW",0.0,0.0,0.0,0.0,0.0,Remote-Deny,90,Deny remotely — no significant flooding detected by satellite,Satellite data at 130 Bagotville Rd indicates 0.0ft depth; remote-deny per 90% confidence.,0,0,0.0,"[{""factor"": ""SAR recency"", ""delta"": 8, ""reason"": ""Imagery 3d post-event \u2014 fresh""}, {""factor"": ""Depth certainty"", ""delta"": 10, ""reason"": ""Near-zero depth \u2014 confidently not flooded""}, {""factor"": ""Coverage coherence"", ""delta"": 7, ""reason"": ""0% coverage \u2014 confidently dry""}]",0,,"{""sar"": ""dry"", ""optical"": ""abstain"", ""dem_hydrology"": ""dry""}"
NRIV-00005,"167 Wilson St, Coraki NSW",0.0,0.0,0.0,0.0,0.0,Remote-Deny,90,Deny remotely — no significant flooding detected by satellite,Satellite data at 167 Wilson St indicates 0.0ft depth; remote-deny per 90% confidence.,0,0,0.0,"[{""factor"": ""SAR recency"", ""delta"": 8, ""reason"": ""Imagery 3d post-event \u2014 fresh""}, {""factor"": ""Depth certainty"", ""delta"": 10, ""reason"": ""Near-zero depth \u2014 confidently not flooded""}, {""factor"": ""Coverage coherence"", ""delta"": 7, ""reason"": ""0% coverage \u2014 confidently dry""}]",0,,"{""sar"": ""dry"", ""optical"": ""abstain"", ""dem_hydrology"": ""dry""}"
NRIV-00006,"151 Mill Rd, Coraki NSW",0.0,0.0,0.0,0.0,0.0,Remote-Deny,90,Deny remotely — no significant flooding detected by satellite,Satellite data at 151 Mill Rd indicates 0.0ft depth; remote-deny per 90% confidence.,0,0,0.0,"[{""factor"": ""SAR recency"", ""delta"": 8, ""reason"": ""Imagery 3d post-event \u2014 fresh""}, {""factor"": ""Depth certainty"", ""delta"": 10, ""reason"": ""Near-zero depth \u2014 confidently not flooded""}, {""factor"": ""Coverage coherence"", ""delta"": 7, ""reason"": ""0% coverage \u2014 confidently dry""}]",0,,"{""sar"": ""dry"", ""optical"": ""abstain"", ""dem_hydrology"": ""dry""}"
NRIV-00007,"207 Wyrallah Rd, Coraki NSW",0.0,0.0,0.0,0.0,0.0,Remote-Deny,90,Deny remotely — no significant flooding detected by satellite,Satellite data at 207 Wyrallah Rd indicates 0.0ft depth; remote-deny per 90% confidence.,0,0,0.0,"[{""factor"": ""SAR recency"", ""delta"": 8, ""reason"": ""Imagery 3d post-event \u2014 fresh""}, {""factor"": ""Depth certainty"", ""delta"": 10, ""reason"": ""Near-zero depth \u2014 confidently not flooded""}, {""factor"": ""Coverage coherence"", ""delta"": 7, ""reason"": ""0% coverage \u2014 confidently dry""}]",0,,"{""sar"": ""dry"", ""optical"": ""abstain"", ""dem_hydrology"": ""dry""}"
NRIV-00008,"40 Bridge St, Coraki NSW",0.0,0.0,0.0,0.0,0.0,Remote-Deny,90,Deny remotely — no significant flooding detected by satellite,Satellite data at 40 Bridge St indicates 0.0ft depth; remote-deny per 90% confidence.,0,0,0.0,"[{""factor"": ""SAR recency"", ""delta"": 8, ""reason"": ""Imagery 3d post-event \u2014 fresh""}, {""factor"": ""Depth certainty"", ""delta"": 10, ""reason"": ""Near-zero depth \u2014 confidently not flooded""}, {""factor"": ""Coverage coherence"", ""delta"": 7, ""reason"": ""0% coverage \u2014 confidently dry""}]",0,,"{""sar"": ""dry"", ""optical"": ""abstain"", ""dem_hydrology"": ""dry""}"
NRIV-00009,"24 Codrington Rd, Coraki NSW",0.0,0.0,0.0,0.0,0.0,Remote-Deny,90,Deny remotely — no significant flooding detected by satellite,Satellite data at 24 Codrington Rd indicates 0.0ft depth; remote-deny per 90% confidence.,0,0,0.0,"[{""factor"": ""SAR recency"", ""delta"": 8, ""reason"": ""Imagery 3d post-event \u2014 fresh""}, {""factor"": ""Depth certainty"", ""delta"": 10, ""reason"": ""Near-zero depth \u2014 confidently not flooded""}, {""factor"": ""Coverage coherence"", ""delta"": 7, ""reason"": ""0% coverage \u2014 confidently dry""}]",0,,"{""sar"": ""dry"", ""optical"": ""abstain"", ""dem_hydrology"": ""dry""}"
NRIV-00010,"155 Mill Rd, Woodburn NSW",33.9,1.74,0.0,20.0,19.69,Review,73,Flag for manual review — borderline measurements or low confidence,Satellite data at 155 Mill Rd indicates 1.7ft depth; review per 73% confidence.,0,0,0.0,"[{""factor"": ""SAR recency"", ""delta"": 8, ""reason"": ""Imagery 3d post-event \u2014 fresh""}, {""factor"": ""Depth certainty"", ""delta"": 3, ""reason"": ""Shallow-moderate depth (1.7ft)""}, {""factor"": ""Coverage coherence"", ""delta"": -3, ""reason"": ""34% coverage \u2014 ambiguous partial""}]",0,,"{""sar"": ""flood"", ""optical"": ""abstain"", ""dem_hydrology"": ""abstain""}"
NRIV-00011,"138 Richmond Tce, Woodburn NSW",0.0,0.0,0.0,0.0,0.0,Remote-Deny,90,Deny remotely — no significant flooding detected by satellite,Satellite data at 138 Richmond Tce indicates 0.0ft depth; remote-deny per 90% confidence.,0,0,0.0,"[{""factor"": ""SAR recency"", ""delta"": 8, ""reason"": ""Imagery 3d post-event \u2014 fresh""}, {""factor"": ""Depth certainty"", ""delta"": 10, ""reason"": ""Near-zero depth \u2014 confidently not flooded""}, {""factor"": ""Coverage coherence"", ""delta"": 7, ""reason"": ""0% coverage \u2014 confidently dry""}]",0,,"{""sar"": ""dry"", ""optical"": ""abstain"", ""dem_hydrology"": ""dry""}"
NRIV-00012,"142 Mill Rd, Woodburn NSW",100.0,6.36,0.0,20.0,19.72,Dispatch,93,Send adjuster — major flood damage likely,Satellite data at 142 Mill Rd indicates 6.4ft depth; dispatch per 93% confidence.,0,0,0.0,"[{""factor"": ""SAR recency"", ""delta"": 8, ""reason"": ""Imagery 3d post-event \u2014 fresh""}, {""factor"": ""Depth certainty"", ""delta"": 12, ""reason"": ""Deep water (6.4ft) \u2014 unambiguous""}, {""factor"": ""Coverage coherence"", ""delta"": 8, ""reason"": ""100% coverage \u2014 extensive, coherent""}]",0,,"{""sar"": ""flood"", ""optical"": ""abstain"", ""dem_hydrology"": ""flood""}"
NRIV-00013,"93 Bagotville Rd, Woodburn NSW",100.0,3.18,0.0,20.0,19.69,Dispatch,88,Send adjuster — major flood damage likely,Satellite data at 93 Bagotville Rd indicates 3.2ft depth; dispatch per 88% confidence.,0,0,0.0,"[{""factor"": ""SAR recency"", ""delta"": 8, ""reason"": ""Imagery 3d post-event \u2014 fresh""}, {""factor"": ""Depth certainty"", ""delta"": 7, ""reason"": ""Moderate depth (3.2ft) \u2014 clear signal""}, {""factor"": ""Coverage coherence"", ""delta"": 8, ""reason"": ""100% coverage \u2014 extensive, coherent""}]",0,,"{""sar"": ""flood"", ""optical"": ""abstain"", ""dem_hydrology"": ""flood""}"
NRIV-00014,"170 Bridge St, Woodburn NSW",99.7,6.25,0.0,20.0,19.74,Dispatch,97,Send adjuster — major flood damage likely,Satellite data at 170 Bridge St indicates 6.2ft depth; dispatch per 97% confidence.,0,1,1.0,"[{""factor"": ""SAR recency"", ""delta"": 8, ""reason"": ""Imagery 3d post-event \u2014 fresh""}, {""factor"": ""Depth certainty"", ""delta"": 12, ""reason"": ""Deep water (6.2ft) \u2014 unambiguous""}, {""factor"": ""Coverage coherence"", ""delta"": 8, ""reason"": ""100% coverage \u2014 extensive, coherent""}, {""factor"": ""Optical cross-check"", ""delta"": 10, ""reason"": ""Sentinel-2 confirms standing water \u2014 sensors agree""}]",0,,"{""sar"": ""flood"", ""optical"": ""flood"", ""dem_hydrology"": ""flood""}"
NRIV-00015,"219 Bridge St, Woodburn NSW",52.6,2.54,0.0,20.0,19.69,Dispatch,84,Send adjuster — extensive property flooding detected,Satellite data at 219 Bridge St indicates 2.5ft depth; dispatch per 84% confidence.,0,0,0.0,"[{""factor"": ""SAR recency"", ""delta"": 8, ""reason"": ""Imagery 3d post-event \u2014 fresh""}, {""factor"": ""Depth certainty"", ""delta"": 7, ""reason"": ""Moderate depth (2.5ft) \u2014 clear signal""}, {""factor"": ""Coverage coherence"", ""delta"": 4, ""reason"": ""53% coverage \u2014 substantial""}]",0,,"{""sar"": ""flood"", ""optical"": ""abstain"", ""dem_hydrology"": ""abstain""}"
NRIV-00016,"117 Tuckombil Rd, Woodburn NSW",0.0,0.0,0.0,0.0,0.0,Remote-Deny,90,Deny remotely — no significant flooding detected by satellite,Satellite data at 117 Tuckombil Rd indicates 0.0ft depth; remote-deny per 90% confidence.,0,0,0.0,"[{""factor"": ""SAR recency"", ""delta"": 8, ""reason"": ""Imagery 3d post-event \u2014 fresh""}, {""factor"": ""Depth certainty"", ""delta"": 10, ""reason"": ""Near-zero depth \u2014 confidently not flooded""}, {""factor"": ""Coverage coherence"", ""delta"": 7, ""reason"": ""0% coverage \u2014 confidently dry""}]",0,,"{""sar"": ""dry"", ""optical"": ""abstain"", ""dem_hydrology"": ""dry""}"
NRIV-00017,"91 Bridge St, Woodburn NSW",0.0,0.0,0.0,0.0,0.0,Remote-Deny,90,Deny remotely — no significant flooding detected by satellite,Satellite data at 91 Bridge St indicates 0.0ft depth; remote-deny per 90% confidence.,0,0,0.0,"[{""factor"": ""SAR recency"", ""delta"": 8, ""reason"": ""Imagery 3d post-event \u2014 fresh""}, {""factor"": ""Depth certainty"", ""delta"": 10, ""reason"": ""Near-zero depth \u2014 confidently not flooded""}, {""factor"": ""Coverage coherence"", ""delta"": 7, ""reason"": ""0% coverage \u2014 confidently dry""}]",0,,"{""sar"": ""dry"", ""optical"": ""abstain"", ""dem_hydrology"": ""dry""}"
NRIV-00018,"175 Tuckombil Rd, Woodburn NSW",0.0,0.0,0.0,0.0,0.0,Review,90,Flag for manual review — independent sensors (SAR/optical/DEM) disagree,Satellite data at 175 Tuckombil Rd indicates 0.0ft depth; review per 90% confidence.,0,1,0.1011,"[{""factor"": ""SAR recency"", ""delta"": 8, ""reason"": ""Imagery 3d post-event \u2014 fresh""}, {""factor"": ""Depth certainty"", ""delta"": 10, ""reason"": ""Near-zero depth \u2014 confidently not flooded""}, {""factor"": ""Coverage coherence"", ""delta"": 7, ""reason"": ""0% coverage \u2014 confidently dry""}]",1,"Sensors disagree: optical indicate flooding while SAR, DEM-hydrology indicate dry/implausible — routed to manual review.","{""sar"": ""dry"", ""optical"": ""flood"", ""dem_hydrology"": ""dry""}"
NRIV-00019,"137 Wilson St, Woodburn NSW",0.0,0.0,0.0,0.0,0.0,Remote-Deny,90,Deny remotely — no significant flooding detected by satellite,Satellite data at 137 Wilson St indicates 0.0ft depth; remote-deny per 90% confidence.,0,0,0.0,"[{""factor"": ""SAR recency"", ""delta"": 8, ""reason"": ""Imagery 3d post-event \u2014 fresh""}, {""factor"": ""Depth certainty"", ""delta"": 10, ""reason"": ""Near-zero depth \u2014 confidently not flooded""}, {""factor"": ""Coverage coherence"", ""delta"": 7, ""reason"": ""0% coverage \u2014 confidently dry""}]",0,,"{""sar"": ""dry"", ""optical"": ""abstain"", ""dem_hydrology"": ""dry""}"
NRIV-00020,"70 Tuckombil Rd, Woodburn NSW",0.0,0.0,0.0,0.0,0.0,Remote-Deny,90,Deny remotely — no significant flooding detected by satellite,Satellite data at 70 Tuckombil Rd indicates 0.0ft depth; remote-deny per 90% confidence.,0,0,0.0,"[{""factor"": ""SAR recency"", ""delta"": 8, ""reason"": ""Imagery 3d post-event \u2014 fresh""}, {""factor"": ""Depth certainty"", ""delta"": 10, ""reason"": ""Near-zero depth \u2014 confidently not flooded""}, {""factor"": ""Coverage coherence"", ""delta"": 7, ""reason"": ""0% coverage \u2014 confidently dry""}]",0,,"{""sar"": ""dry"", ""optical"": ""abstain"", ""dem_hydrology"": ""dry""}"
NRIV-00021,"84 River Rd, Woodburn NSW",0.0,0.0,0.0,0.0,0.0,Remote-Deny,96,Deny remotely — no significant flooding detected by satellite,Satellite data at 84 River Rd indicates 0.0ft depth; remote-deny per 96% confidence.,0,1,0.0,"[{""factor"": ""SAR recency"", ""delta"": 8, ""reason"": ""Imagery 3d post-event \u2014 fresh""}, {""factor"": ""Depth certainty"", ""delta"": 10, ""reason"": ""Near-zero depth \u2014 confidently not flooded""}, {""factor"": ""Coverage coherence"", ""delta"": 7, ""reason"": ""0% coverage \u2014 confidently dry""}, {""factor"": ""Optical cross-check"", ""delta"": 6, ""reason"": ""Sentinel-2 confirms dry ground \u2014 sensors agree""}]",0,,"{""sar"": ""dry"", ""optical"": ""dry"", ""dem_hydrology"": ""dry""}"
NRIV-00022,"81 Codrington Rd, Woodburn NSW",0.0,0.0,0.0,0.0,0.0,Remote-Deny,96,Deny remotely — no significant flooding detected by satellite,Satellite data at 81 Codrington Rd indicates 0.0ft depth; remote-deny per 96% confidence.,0,1,0.0,"[{""factor"": ""SAR recency"", ""delta"": 8, ""reason"": ""Imagery 3d post-event \u2014 fresh""}, {""factor"": ""Depth certainty"", ""delta"": 10, ""reason"": ""Near-zero depth \u2014 confidently not flooded""}, {""factor"": ""Coverage coherence"", ""delta"": 7, ""reason"": ""0% coverage \u2014 confidently dry""}, {""factor"": ""Optical cross-check"", ""delta"": 6, ""reason"": ""Sentinel-2 confirms dry ground \u2014 sensors agree""}]",0,,"{""sar"": ""dry"", ""optical"": ""dry"", ""dem_hydrology"": ""dry""}"
NRIV-00023,"146 Wilson St, Woodburn NSW",0.0,0.0,0.0,0.0,0.0,Remote-Deny,96,Deny remotely — no significant flooding detected by satellite,Satellite data at 146 Wilson St indicates 0.0ft depth; remote-deny per 96% confidence.,0,1,0.0,"[{""factor"": ""SAR recency"", ""delta"": 8, ""reason"": ""Imagery 3d post-event \u2014 fresh""}, {""factor"": ""Depth certainty"", ""delta"": 10, ""reason"": ""Near-zero depth \u2014 confidently not flooded""}, {""factor"": ""Coverage coherence"", ""delta"": 7, ""reason"": ""0% coverage \u2014 confidently dry""}, {""factor"": ""Optical cross-check"", ""delta"": 6, ""reason"": ""Sentinel-2 confirms dry ground \u2014 sensors agree""}]",0,,"{""sar"": ""dry"", ""optical"": ""dry"", ""dem_hydrology"": ""dry""}"
NRIV-00024,"102 Tuckombil Rd, Woodburn NSW",0.0,0.0,0.0,0.0,0.0,Remote-Deny,90,Deny remotely — no significant flooding detected by satellite,Satellite data at 102 Tuckombil Rd indicates 0.0ft depth; remote-deny per 90% confidence.,0,0,0.0,"[{""factor"": ""SAR recency"", ""delta"": 8, ""reason"": ""Imagery 3d post-event \u2014 fresh""}, {""factor"": ""Depth certainty"", ""delta"": 10, ""reason"": ""Near-zero depth \u2014 confidently not flooded""}, {""factor"": ""Coverage coherence"", ""delta"": 7, ""reason"": ""0% coverage \u2014 confidently dry""}]",0,,"{""sar"": ""dry"", ""optical"": ""abstain"", ""dem_hydrology"": ""abstain""}"
NRIV-00025,"64 Wilson St, Woodburn NSW",10.2,0.0,0.0,0.0,0.0,Review,80,Flag for manual review — borderline measurements or low confidence,Satellite data at 64 Wilson St indicates 0.0ft depth; review per 80% confidence.,0,0,0.0,"[{""factor"": ""SAR recency"", ""delta"": 8, ""reason"": ""Imagery 3d post-event \u2014 fresh""}, {""factor"": ""Depth certainty"", ""delta"": 10, ""reason"": ""Near-zero depth \u2014 confidently not flooded""}, {""factor"": ""Coverage coherence"", ""delta"": -3, ""reason"": ""10% coverage \u2014 ambiguous partial""}]",0,,"{""sar"": ""flood"", ""optical"": ""abstain"", ""dem_hydrology"": ""flood""}"
NRIV-00026,"150 Codrington Rd, Coraki NSW",52.0,1.67,0.0,20.0,19.69,Dispatch,80,Send adjuster — extensive property flooding detected,Satellite data at 150 Codrington Rd indicates 1.7ft depth; dispatch per 80% confidence.,0,0,0.0,"[{""factor"": ""SAR recency"", ""delta"": 8, ""reason"": ""Imagery 3d post-event \u2014 fresh""}, {""factor"": ""Depth certainty"", ""delta"": 3, ""reason"": ""Shallow-moderate depth (1.7ft)""}, {""factor"": ""Coverage coherence"", ""delta"": 4, ""reason"": ""52% coverage \u2014 substantial""}]",0,,"{""sar"": ""flood"", ""optical"": ""abstain"", ""dem_hydrology"": ""flood""}"
NRIV-00027,"57 Wyrallah Rd, Coraki NSW",0.0,0.0,0.0,0.0,0.0,Remote-Deny,90,Deny remotely — no significant flooding detected by satellite,Satellite data at 57 Wyrallah Rd indicates 0.0ft depth; remote-deny per 90% confidence.,0,0,0.0,"[{""factor"": ""SAR recency"", ""delta"": 8, ""reason"": ""Imagery 3d post-event \u2014 fresh""}, {""factor"": ""Depth certainty"", ""delta"": 10, ""reason"": ""Near-zero depth \u2014 confidently not flooded""}, {""factor"": ""Coverage coherence"", ""delta"": 7, ""reason"": ""0% coverage \u2014 confidently dry""}]",0,,"{""sar"": ""dry"", ""optical"": ""abstain"", ""dem_hydrology"": ""dry""}"
NRIV-00028,"13 Richmond Tce, Coraki NSW",0.0,0.0,0.0,0.0,0.0,Remote-Deny,90,Deny remotely — no significant flooding detected by satellite,Satellite data at 13 Richmond Tce indicates 0.0ft depth; remote-deny per 90% confidence.,0,0,0.0,"[{""factor"": ""SAR recency"", ""delta"": 8, ""reason"": ""Imagery 3d post-event \u2014 fresh""}, {""factor"": ""Depth certainty"", ""delta"": 10, ""reason"": ""Near-zero depth \u2014 confidently not flooded""}, {""factor"": ""Coverage coherence"", ""delta"": 7, ""reason"": ""0% coverage \u2014 confidently dry""}]",0,,"{""sar"": ""dry"", ""optical"": ""abstain"", ""dem_hydrology"": ""dry""}"
NRIV-00029,"175 Codrington Rd, Coraki NSW",0.0,0.0,0.0,0.0,0.0,Remote-Deny,90,Deny remotely — no significant flooding detected by satellite,Satellite data at 175 Codrington Rd indicates 0.0ft depth; remote-deny per 90% confidence.,0,0,0.0,"[{""factor"": ""SAR recency"", ""delta"": 8, ""reason"": ""Imagery 3d post-event \u2014 fresh""}, {""factor"": ""Depth certainty"", ""delta"": 10, ""reason"": ""Near-zero depth \u2014 confidently not flooded""}, {""factor"": ""Coverage coherence"", ""delta"": 7, ""reason"": ""0% coverage \u2014 confidently dry""}]",0,,"{""sar"": ""dry"", ""optical"": ""abstain"", ""dem_hydrology"": ""dry""}"
NRIV-00030,"153 Molesworth St, Coraki NSW",100.0,5.33,0.0,20.0,19.71,Dispatch,93,Send adjuster — major flood damage likely,Satellite data at 153 Molesworth St indicates 5.3ft depth; dispatch per 93% confidence.,0,0,0.0,"[{""factor"": ""SAR recency"", ""delta"": 8, ""reason"": ""Imagery 3d post-event \u2014 fresh""}, {""factor"": ""Depth certainty"", ""delta"": 12, ""reason"": ""Deep water (5.3ft) \u2014 unambiguous""}, {""factor"": ""Coverage coherence"", ""delta"": 8, ""reason"": ""100% coverage \u2014 extensive, coherent""}]",0,,"{""sar"": ""flood"", ""optical"": ""abstain"", ""dem_hydrology"": ""flood""}"
NRIV-00031,"3 Tuckombil Rd, Coraki NSW",0.0,0.0,0.0,0.0,0.0,Remote-Deny,90,Deny remotely — no significant flooding detected by satellite,Satellite data at 3 Tuckombil Rd indicates 0.0ft depth; remote-deny per 90% confidence.,0,0,0.0,"[{""factor"": ""SAR recency"", ""delta"": 8, ""reason"": ""Imagery 3d post-event \u2014 fresh""}, {""factor"": ""Depth certainty"", ""delta"": 10, ""reason"": ""Near-zero depth \u2014 confidently not flooded""}, {""factor"": ""Coverage coherence"", ""delta"": 7, ""reason"": ""0% coverage \u2014 confidently dry""}]",0,,"{""sar"": ""dry"", ""optical"": ""abstain"", ""dem_hydrology"": ""dry""}"
NRIV-00032,"138 Mill Rd, Coraki NSW",0.0,0.0,0.0,0.0,0.0,Remote-Deny,90,Deny remotely — no significant flooding detected by satellite,Satellite data at 138 Mill Rd indicates 0.0ft depth; remote-deny per 90% confidence.,0,0,0.0,"[{""factor"": ""SAR recency"", ""delta"": 8, ""reason"": ""Imagery 3d post-event \u2014 fresh""}, {""factor"": ""Depth certainty"", ""delta"": 10, ""reason"": ""Near-zero depth \u2014 confidently not flooded""}, {""factor"": ""Coverage coherence"", ""delta"": 7, ""reason"": ""0% coverage \u2014 confidently dry""}]",0,,"{""sar"": ""dry"", ""optical"": ""abstain"", ""dem_hydrology"": ""dry""}"
NRIV-00033,"76 Codrington Rd, Coraki NSW",0.0,0.0,0.0,0.0,0.0,Remote-Deny,90,Deny remotely — no significant flooding detected by satellite,Satellite data at 76 Codrington Rd indicates 0.0ft depth; remote-deny per 90% confidence.,0,0,0.0,"[{""factor"": ""SAR recency"", ""delta"": 8, ""reason"": ""Imagery 3d post-event \u2014 fresh""}, {""factor"": ""Depth certainty"", ""delta"": 10, ""reason"": ""Near-zero depth \u2014 confidently not flooded""}, {""factor"": ""Coverage coherence"", ""delta"": 7, ""reason"": ""0% coverage \u2014 confidently dry""}]",0,,"{""sar"": ""dry"", ""optical"": ""abstain"", ""dem_hydrology"": ""dry""}"
NRIV-00034,"185 Wilson St, Coraki NSW",0.0,0.0,0.0,0.0,0.0,Remote-Deny,90,Deny remotely — no significant flooding detected by satellite,Satellite data at 185 Wilson St indicates 0.0ft depth; remote-deny per 90% confidence.,0,0,0.0,"[{""factor"": ""SAR recency"", ""delta"": 8, ""reason"": ""Imagery 3d post-event \u2014 fresh""}, {""factor"": ""Depth certainty"", ""delta"": 10, ""reason"": ""Near-zero depth \u2014 confidently not flooded""}, {""factor"": ""Coverage coherence"", ""delta"": 7, ""reason"": ""0% coverage \u2014 confidently dry""}]",0,,"{""sar"": ""dry"", ""optical"": ""abstain"", ""dem_hydrology"": ""abstain""}"
NRIV-00035,"46 Casino Rd, Woodburn NSW",100.0,4.05,0.0,20.0,19.7,Dispatch,93,Send adjuster — major flood damage likely,Satellite data at 46 Casino Rd indicates 4.0ft depth; dispatch per 93% confidence.,0,0,0.0,"[{""factor"": ""SAR recency"", ""delta"": 8, ""reason"": ""Imagery 3d post-event \u2014 fresh""}, {""factor"": ""Depth certainty"", ""delta"": 12, ""reason"": ""Deep water (4.0ft) \u2014 unambiguous""}, {""factor"": ""Coverage coherence"", ""delta"": 8, ""reason"": ""100% coverage \u2014 extensive, coherent""}]",0,,"{""sar"": ""flood"", ""optical"": ""abstain"", ""dem_hydrology"": ""flood""}"
NRIV-00036,"77 Tuckombil Rd, Woodburn NSW",100.0,3.25,0.0,20.0,19.7,Dispatch,88,Send adjuster — major flood damage likely,Satellite data at 77 Tuckombil Rd indicates 3.2ft depth; dispatch per 88% confidence.,0,0,0.0,"[{""factor"": ""SAR recency"", ""delta"": 8, ""reason"": ""Imagery 3d post-event \u2014 fresh""}, {""factor"": ""Depth certainty"", ""delta"": 7, ""reason"": ""Moderate depth (3.2ft) \u2014 clear signal""}, {""factor"": ""Coverage coherence"", ""delta"": 8, ""reason"": ""100% coverage \u2014 extensive, coherent""}]",0,,"{""sar"": ""flood"", ""optical"": ""abstain"", ""dem_hydrology"": ""flood""}"
NRIV-00037,"96 Wyrallah Rd, Woodburn NSW",99.4,2.42,0.0,20.0,19.74,Dispatch,88,Send adjuster — extensive property flooding detected,Satellite data at 96 Wyrallah Rd indicates 2.4ft depth; dispatch per 88% confidence.,0,0,0.0,"[{""factor"": ""SAR recency"", ""delta"": 8, ""reason"": ""Imagery 3d post-event \u2014 fresh""}, {""factor"": ""Depth certainty"", ""delta"": 7, ""reason"": ""Moderate depth (2.4ft) \u2014 clear signal""}, {""factor"": ""Coverage coherence"", ""delta"": 8, ""reason"": ""99% coverage \u2014 extensive, coherent""}]",0,,"{""sar"": ""flood"", ""optical"": ""abstain"", ""dem_hydrology"": ""abstain""}"
NRIV-00038,"136 River Rd, Woodburn NSW",100.0,5.7,0.0,20.0,19.71,Dispatch,93,Send adjuster — major flood damage likely,Satellite data at 136 River Rd indicates 5.7ft depth; dispatch per 93% confidence.,0,0,0.0,"[{""factor"": ""SAR recency"", ""delta"": 8, ""reason"": ""Imagery 3d post-event \u2014 fresh""}, {""factor"": ""Depth certainty"", ""delta"": 12, ""reason"": ""Deep water (5.7ft) \u2014 unambiguous""}, {""factor"": ""Coverage coherence"", ""delta"": 8, ""reason"": ""100% coverage \u2014 extensive, coherent""}]",0,,"{""sar"": ""flood"", ""optical"": ""abstain"", ""dem_hydrology"": ""flood""}"
NRIV-00039,"29 Pacific Hwy, Woodburn NSW",100.0,9.33,0.0,20.0,19.75,Dispatch,93,Send adjuster — major flood damage likely,Satellite data at 29 Pacific Hwy indicates 9.3ft depth; dispatch per 93% confidence.,0,0,0.0,"[{""factor"": ""SAR recency"", ""delta"": 8, ""reason"": ""Imagery 3d post-event \u2014 fresh""}, {""factor"": ""Depth certainty"", ""delta"": 12, ""reason"": ""Deep water (9.3ft) \u2014 unambiguous""}, {""factor"": ""Coverage coherence"", ""delta"": 8, ""reason"": ""100% coverage \u2014 extensive, coherent""}]",0,,"{""sar"": ""flood"", ""optical"": ""abstain"", ""dem_hydrology"": ""flood""}"
NRIV-00040,"79 Bridge St, Woodburn NSW",100.0,5.01,0.0,20.0,19.7,Dispatch,93,Send adjuster — major flood damage likely,Satellite data at 79 Bridge St indicates 5.0ft depth; dispatch per 93% confidence.,0,0,0.0,"[{""factor"": ""SAR recency"", ""delta"": 8, ""reason"": ""Imagery 3d post-event \u2014 fresh""}, {""factor"": ""Depth certainty"", ""delta"": 12, ""reason"": ""Deep water (5.0ft) \u2014 unambiguous""}, {""factor"": ""Coverage coherence"", ""delta"": 8, ""reason"": ""100% coverage \u2014 extensive, coherent""}]",0,,"{""sar"": ""flood"", ""optical"": ""abstain"", ""dem_hydrology"": ""flood""}"
NRIV-00041,"21 Richmond Tce, Woodburn NSW",30.2,3.92,0.0,20.0,19.69,Dispatch,77,Send adjuster — major flood damage likely,Satellite data at 21 Richmond Tce indicates 3.9ft depth; dispatch per 77% confidence.,0,0,0.0,"[{""factor"": ""SAR recency"", ""delta"": 8, ""reason"": ""Imagery 3d post-event \u2014 fresh""}, {""factor"": ""Depth certainty"", ""delta"": 7, ""reason"": ""Moderate depth (3.9ft) \u2014 clear signal""}, {""factor"": ""Coverage coherence"", ""delta"": -3, ""reason"": ""30% coverage \u2014 ambiguous partial""}]",0,,"{""sar"": ""flood"", ""optical"": ""abstain"", ""dem_hydrology"": ""abstain""}"
NRIV-00042,"195 Casino Rd, Woodburn NSW",0.0,0.0,0.0,0.0,0.0,Remote-Deny,90,Deny remotely — no significant flooding detected by satellite,Satellite data at 195 Casino Rd indicates 0.0ft depth; remote-deny per 90% confidence.,0,0,0.0,"[{""factor"": ""SAR recency"", ""delta"": 8, ""reason"": ""Imagery 3d post-event \u2014 fresh""}, {""factor"": ""Depth certainty"", ""delta"": 10, ""reason"": ""Near-zero depth \u2014 confidently not flooded""}, {""factor"": ""Coverage coherence"", ""delta"": 7, ""reason"": ""0% coverage \u2014 confidently dry""}]",0,,"{""sar"": ""dry"", ""optical"": ""abstain"", ""dem_hydrology"": ""dry""}"
NRIV-00043,"122 Casino Rd, Woodburn NSW",4.4,1.67,0.0,20.0,19.69,Review,73,Flag for manual review — borderline measurements or low confidence,Satellite data at 122 Casino Rd indicates 1.7ft depth; review per 73% confidence.,0,0,0.0,"[{""factor"": ""SAR recency"", ""delta"": 8, ""reason"": ""Imagery 3d post-event \u2014 fresh""}, {""factor"": ""Depth certainty"", ""delta"": 3, ""reason"": ""Shallow-moderate depth (1.7ft)""}, {""factor"": ""Coverage coherence"", ""delta"": 7, ""reason"": ""4% coverage \u2014 confidently dry""}, {""factor"": ""Internal consistency"", ""delta"": -10, ""reason"": ""Deep water over a tiny footprint \u2014 physically suspicious""}]",0,,"{""sar"": ""dry"", ""optical"": ""abstain"", ""dem_hydrology"": ""dry""}"
NRIV-00044,"156 Codrington Rd, Woodburn NSW",100.0,3.58,0.0,20.0,19.7,Dispatch,97,Send adjuster — major flood damage likely,Satellite data at 156 Codrington Rd indicates 3.6ft depth; dispatch per 97% confidence.,0,1,1.0,"[{""factor"": ""SAR recency"", ""delta"": 8, ""reason"": ""Imagery 3d post-event \u2014 fresh""}, {""factor"": ""Depth certainty"", ""delta"": 7, ""reason"": ""Moderate depth (3.6ft) \u2014 clear signal""}, {""factor"": ""Coverage coherence"", ""delta"": 8, ""reason"": ""100% coverage \u2014 extensive, coherent""}, {""factor"": ""Optical cross-check"", ""delta"": 10, ""reason"": ""Sentinel-2 confirms standing water \u2014 sensors agree""}]",0,,"{""sar"": ""flood"", ""optical"": ""flood"", ""dem_hydrology"": ""flood""}"
NRIV-00045,"194 Wilson St, Woodburn NSW",0.0,0.0,0.0,0.0,0.0,Remote-Deny,90,Deny remotely — no significant flooding detected by satellite,Satellite data at 194 Wilson St indicates 0.0ft depth; remote-deny per 90% confidence.,0,0,0.0,"[{""factor"": ""SAR recency"", ""delta"": 8, ""reason"": ""Imagery 3d post-event \u2014 fresh""}, {""factor"": ""Depth certainty"", ""delta"": 10, ""reason"": ""Near-zero depth \u2014 confidently not flooded""}, {""factor"": ""Coverage coherence"", ""delta"": 7, ""reason"": ""0% coverage \u2014 confidently dry""}]",0,,"{""sar"": ""dry"", ""optical"": ""abstain"", ""dem_hydrology"": ""dry""}"
NRIV-00046,"103 Tuckombil Rd, Woodburn NSW",0.0,0.0,0.0,0.0,0.0,Remote-Deny,90,Deny remotely — no significant flooding detected by satellite,Satellite data at 103 Tuckombil Rd indicates 0.0ft depth; remote-deny per 90% confidence.,0,0,0.0,"[{""factor"": ""SAR recency"", ""delta"": 8, ""reason"": ""Imagery 3d post-event \u2014 fresh""}, {""factor"": ""Depth certainty"", ""delta"": 10, ""reason"": ""Near-zero depth \u2014 confidently not flooded""}, {""factor"": ""Coverage coherence"", ""delta"": 7, ""reason"": ""0% coverage \u2014 confidently dry""}]",0,,"{""sar"": ""dry"", ""optical"": ""abstain"", ""dem_hydrology"": ""dry""}"
NRIV-00047,"133 Molesworth St, Woodburn NSW",0.0,0.0,0.0,0.0,0.0,Review,90,Flag for manual review — independent sensors (SAR/optical/DEM) disagree,Satellite data at 133 Molesworth St indicates 0.0ft depth; review per 90% confidence.,0,1,0.2735,"[{""factor"": ""SAR recency"", ""delta"": 8, ""reason"": ""Imagery 3d post-event \u2014 fresh""}, {""factor"": ""Depth certainty"", ""delta"": 10, ""reason"": ""Near-zero depth \u2014 confidently not flooded""}, {""factor"": ""Coverage coherence"", ""delta"": 7, ""reason"": ""0% coverage \u2014 confidently dry""}]",1,"Sensors disagree: optical indicate flooding while SAR, DEM-hydrology indicate dry/implausible — routed to manual review.","{""sar"": ""dry"", ""optical"": ""flood"", ""dem_hydrology"": ""dry""}"
NRIV-00048,"87 River Rd, Woodburn NSW",0.0,0.0,0.0,0.0,0.0,Remote-Deny,96,Deny remotely — no significant flooding detected by satellite,Satellite data at 87 River Rd indicates 0.0ft depth; remote-deny per 96% confidence.,0,1,0.0,"[{""factor"": ""SAR recency"", ""delta"": 8, ""reason"": ""Imagery 3d post-event \u2014 fresh""}, {""factor"": ""Depth certainty"", ""delta"": 10, ""reason"": ""Near-zero depth \u2014 confidently not flooded""}, {""factor"": ""Coverage coherence"", ""delta"": 7, ""reason"": ""0% coverage \u2014 confidently dry""}, {""factor"": ""Optical cross-check"", ""delta"": 6, ""reason"": ""Sentinel-2 confirms dry ground \u2014 sensors agree""}]",0,,"{""sar"": ""dry"", ""optical"": ""dry"", ""dem_hydrology"": ""abstain""}"
NRIV-00049,"57 River Rd, Woodburn NSW",0.0,0.0,0.0,0.0,0.0,Remote-Deny,90,Deny remotely — no significant flooding detected by satellite,Satellite data at 57 River Rd indicates 0.0ft depth; remote-deny per 90% confidence.,0,0,0.0,"[{""factor"": ""SAR recency"", ""delta"": 8, ""reason"": ""Imagery 3d post-event \u2014 fresh""}, {""factor"": ""Depth certainty"", ""delta"": 10, ""reason"": ""Near-zero depth \u2014 confidently not flooded""}, {""factor"": ""Coverage coherence"", ""delta"": 7, ""reason"": ""0% coverage \u2014 confidently dry""}]",0,,"{""sar"": ""dry"", ""optical"": ""abstain"", ""dem_hydrology"": ""flood""}"
NRIV-00050,"59 Richmond Tce, Woodburn NSW",0.0,0.0,0.0,0.0,0.0,Remote-Deny,90,Deny remotely — no significant flooding detected by satellite,Satellite data at 59 Richmond Tce indicates 0.0ft depth; remote-deny per 90% confidence.,0,0,0.0,"[{""factor"": ""SAR recency"", ""delta"": 8, ""reason"": ""Imagery 3d post-event \u2014 fresh""}, {""factor"": ""Depth certainty"", ""delta"": 10, ""reason"": ""Near-zero depth \u2014 confidently not flooded""}, {""factor"": ""Coverage coherence"", ""delta"": 7, ""reason"": ""0% coverage \u2014 confidently dry""}]",0,,"{""sar"": ""dry"", ""optical"": ""abstain"", ""dem_hydrology"": ""abstain""}"
NRIV-00051,"19 Casino Rd, Coraki NSW",100.0,13.8,0.0,20.0,19.8,Dispatch,93,Send adjuster — major flood damage likely,Satellite data at 19 Casino Rd indicates 13.8ft depth; dispatch per 93% confidence.,0,0,0.0,"[{""factor"": ""SAR recency"", ""delta"": 8, ""reason"": ""Imagery 3d post-event \u2014 fresh""}, {""factor"": ""Depth certainty"", ""delta"": 12, ""reason"": ""Deep water (13.8ft) \u2014 unambiguous""}, {""factor"": ""Coverage coherence"", ""delta"": 8, ""reason"": ""100% coverage \u2014 extensive, coherent""}]",0,,"{""sar"": ""flood"", ""optical"": ""abstain"", ""dem_hydrology"": ""flood""}"
NRIV-00052,"55 Casino Rd, Coraki NSW",0.0,0.0,0.0,0.0,0.0,Remote-Deny,90,Deny remotely — no significant flooding detected by satellite,Satellite data at 55 Casino Rd indicates 0.0ft depth; remote-deny per 90% confidence.,0,0,0.0,"[{""factor"": ""SAR recency"", ""delta"": 8, ""reason"": ""Imagery 3d post-event \u2014 fresh""}, {""factor"": ""Depth certainty"", ""delta"": 10, ""reason"": ""Near-zero depth \u2014 confidently not flooded""}, {""factor"": ""Coverage coherence"", ""delta"": 7, ""reason"": ""0% coverage \u2014 confidently dry""}]",0,,"{""sar"": ""dry"", ""optical"": ""abstain"", ""dem_hydrology"": ""dry""}"
NRIV-00053,"147 Bagotville Rd, Coraki NSW",0.0,0.0,0.0,0.0,0.0,Remote-Deny,90,Deny remotely — no significant flooding detected by satellite,Satellite data at 147 Bagotville Rd indicates 0.0ft depth; remote-deny per 90% confidence.,0,0,0.0,"[{""factor"": ""SAR recency"", ""delta"": 8, ""reason"": ""Imagery 3d post-event \u2014 fresh""}, {""factor"": ""Depth certainty"", ""delta"": 10, ""reason"": ""Near-zero depth \u2014 confidently not flooded""}, {""factor"": ""Coverage coherence"", ""delta"": 7, ""reason"": ""0% coverage \u2014 confidently dry""}]",0,,"{""sar"": ""dry"", ""optical"": ""abstain"", ""dem_hydrology"": ""abstain""}"
NRIV-00054,"207 Codrington Rd, Coraki NSW",0.0,0.0,0.0,0.0,0.0,Remote-Deny,90,Deny remotely — no significant flooding detected by satellite,Satellite data at 207 Codrington Rd indicates 0.0ft depth; remote-deny per 90% confidence.,0,0,0.0,"[{""factor"": ""SAR recency"", ""delta"": 8, ""reason"": ""Imagery 3d post-event \u2014 fresh""}, {""factor"": ""Depth certainty"", ""delta"": 10, ""reason"": ""Near-zero depth \u2014 confidently not flooded""}, {""factor"": ""Coverage coherence"", ""delta"": 7, ""reason"": ""0% coverage \u2014 confidently dry""}]",0,,"{""sar"": ""dry"", ""optical"": ""abstain"", ""dem_hydrology"": ""dry""}"
NRIV-00055,"111 Pacific Hwy, Coraki NSW",0.0,0.0,0.0,0.0,0.0,Remote-Deny,90,Deny remotely — no significant flooding detected by satellite,Satellite data at 111 Pacific Hwy indicates 0.0ft depth; remote-deny per 90% confidence.,0,0,0.0,"[{""factor"": ""SAR recency"", ""delta"": 8, ""reason"": ""Imagery 3d post-event \u2014 fresh""}, {""factor"": ""Depth certainty"", ""delta"": 10, ""reason"": ""Near-zero depth \u2014 confidently not flooded""}, {""factor"": ""Coverage coherence"", ""delta"": 7, ""reason"": ""0% coverage \u2014 confidently dry""}]",0,,"{""sar"": ""dry"", ""optical"": ""abstain"", ""dem_hydrology"": ""dry""}"
NRIV-00056,"187 River Rd, Coraki NSW",100.0,2.12,0.0,20.0,19.69,Dispatch,88,Send adjuster — extensive property flooding detected,Satellite data at 187 River Rd indicates 2.1ft depth; dispatch per 88% confidence.,0,0,0.0,"[{""factor"": ""SAR recency"", ""delta"": 8, ""reason"": ""Imagery 3d post-event \u2014 fresh""}, {""factor"": ""Depth certainty"", ""delta"": 7, ""reason"": ""Moderate depth (2.1ft) \u2014 clear signal""}, {""factor"": ""Coverage coherence"", ""delta"": 8, ""reason"": ""100% coverage \u2014 extensive, coherent""}]",0,,"{""sar"": ""flood"", ""optical"": ""abstain"", ""dem_hydrology"": ""flood""}"
NRIV-00057,"26 River Rd, Coraki NSW",0.6,0.0,0.0,0.0,0.0,Remote-Deny,90,Deny remotely — no significant flooding detected by satellite,Satellite data at 26 River Rd indicates 0.0ft depth; remote-deny per 90% confidence.,0,0,0.0,"[{""factor"": ""SAR recency"", ""delta"": 8, ""reason"": ""Imagery 3d post-event \u2014 fresh""}, {""factor"": ""Depth certainty"", ""delta"": 10, ""reason"": ""Near-zero depth \u2014 confidently not flooded""}, {""factor"": ""Coverage coherence"", ""delta"": 7, ""reason"": ""1% coverage \u2014 confidently dry""}]",0,,"{""sar"": ""dry"", ""optical"": ""abstain"", ""dem_hydrology"": ""dry""}"
NRIV-00058,"28 Bridge St, Coraki NSW",0.0,0.0,0.0,0.0,0.0,Remote-Deny,90,Deny remotely — no significant flooding detected by satellite,Satellite data at 28 Bridge St indicates 0.0ft depth; remote-deny per 90% confidence.,0,0,0.0,"[{""factor"": ""SAR recency"", ""delta"": 8, ""reason"": ""Imagery 3d post-event \u2014 fresh""}, {""factor"": ""Depth certainty"", ""delta"": 10, ""reason"": ""Near-zero depth \u2014 confidently not flooded""}, {""factor"": ""Coverage coherence"", ""delta"": 7, ""reason"": ""0% coverage \u2014 confidently dry""}]",0,,"{""sar"": ""dry"", ""optical"": ""abstain"", ""dem_hydrology"": ""dry""}"
NRIV-00059,"36 Codrington Rd, Coraki NSW",0.0,0.0,0.0,0.0,0.0,Remote-Deny,90,Deny remotely — no significant flooding detected by satellite,Satellite data at 36 Codrington Rd indicates 0.0ft depth; remote-deny per 90% confidence.,0,0,0.0,"[{""factor"": ""SAR recency"", ""delta"": 8, ""reason"": ""Imagery 3d post-event \u2014 fresh""}, {""factor"": ""Depth certainty"", ""delta"": 10, ""reason"": ""Near-zero depth \u2014 confidently not flooded""}, {""factor"": ""Coverage coherence"", ""delta"": 7, ""reason"": ""0% coverage \u2014 confidently dry""}]",0,,"{""sar"": ""dry"", ""optical"": ""abstain"", ""dem_hydrology"": ""dry""}"
NRIV-00060,"20 Molesworth St, Coraki NSW",100.0,2.62,0.0,20.0,19.7,Dispatch,88,Send adjuster — extensive property flooding detected,Satellite data at 20 Molesworth St indicates 2.6ft depth; dispatch per 88% confidence.,0,0,0.0,"[{""factor"": ""SAR recency"", ""delta"": 8, ""reason"": ""Imagery 3d post-event \u2014 fresh""}, {""factor"": ""Depth certainty"", ""delta"": 7, ""reason"": ""Moderate depth (2.6ft) \u2014 clear signal""}, {""factor"": ""Coverage coherence"", ""delta"": 8, ""reason"": ""100% coverage \u2014 extensive, coherent""}]",0,,"{""sar"": ""flood"", ""optical"": ""abstain"", ""dem_hydrology"": ""flood""}"
NRIV-00061,"26 River Rd, Woodburn NSW",100.0,2.99,0.0,20.0,19.69,Dispatch,88,Send adjuster — extensive property flooding detected,Satellite data at 26 River Rd indicates 3.0ft depth; dispatch per 88% confidence.,0,0,0.0,"[{""factor"": ""SAR recency"", ""delta"": 8, ""reason"": ""Imagery 3d post-event \u2014 fresh""}, {""factor"": ""Depth certainty"", ""delta"": 7, ""reason"": ""Moderate depth (3.0ft) \u2014 clear signal""}, {""factor"": ""Coverage coherence"", ""delta"": 8, ""reason"": ""100% coverage \u2014 extensive, coherent""}]",0,,"{""sar"": ""flood"", ""optical"": ""abstain"", ""dem_hydrology"": ""flood""}"
NRIV-00062,"4 Richmond Tce, Woodburn NSW",86.4,4.38,0.0,20.0,19.72,Dispatch,93,Send adjuster — major flood damage likely,Satellite data at 4 Richmond Tce indicates 4.4ft depth; dispatch per 93% confidence.,0,0,0.0,"[{""factor"": ""SAR recency"", ""delta"": 8, ""reason"": ""Imagery 3d post-event \u2014 fresh""}, {""factor"": ""Depth certainty"", ""delta"": 12, ""reason"": ""Deep water (4.4ft) \u2014 unambiguous""}, {""factor"": ""Coverage coherence"", ""delta"": 8, ""reason"": ""86% coverage \u2014 extensive, coherent""}]",0,,"{""sar"": ""flood"", ""optical"": ""abstain"", ""dem_hydrology"": ""abstain""}"
NRIV-00063,"43 Codrington Rd, Woodburn NSW",9.7,4.76,0.0,20.0,19.69,Dispatch,82,Send adjuster — major flood damage likely,Satellite data at 43 Codrington Rd indicates 4.8ft depth; dispatch per 82% confidence.,0,0,0.0,"[{""factor"": ""SAR recency"", ""delta"": 8, ""reason"": ""Imagery 3d post-event \u2014 fresh""}, {""factor"": ""Depth certainty"", ""delta"": 12, ""reason"": ""Deep water (4.8ft) \u2014 unambiguous""}, {""factor"": ""Coverage coherence"", ""delta"": -3, ""reason"": ""10% coverage \u2014 ambiguous partial""}]",0,,"{""sar"": ""dry"", ""optical"": ""abstain"", ""dem_hydrology"": ""abstain""}"
NRIV-00064,"103 River Rd, Woodburn NSW",100.0,2.78,0.0,20.0,19.77,Dispatch,88,Send adjuster — extensive property flooding detected,Satellite data at 103 River Rd indicates 2.8ft depth; dispatch per 88% confidence.,0,0,0.0,"[{""factor"": ""SAR recency"", ""delta"": 8, ""reason"": ""Imagery 3d post-event \u2014 fresh""}, {""factor"": ""Depth certainty"", ""delta"": 7, ""reason"": ""Moderate depth (2.8ft) \u2014 clear signal""}, {""factor"": ""Coverage coherence"", ""delta"": 8, ""reason"": ""100% coverage \u2014 extensive, coherent""}]",0,,"{""sar"": ""flood"", ""optical"": ""abstain"", ""dem_hydrology"": ""abstain""}"
NRIV-00065,"100 Mill Rd, Woodburn NSW",85.7,3.67,0.0,20.0,19.71,Dispatch,88,Send adjuster — major flood damage likely,Satellite data at 100 Mill Rd indicates 3.7ft depth; dispatch per 88% confidence.,0,0,0.0,"[{""factor"": ""SAR recency"", ""delta"": 8, ""reason"": ""Imagery 3d post-event \u2014 fresh""}, {""factor"": ""Depth certainty"", ""delta"": 7, ""reason"": ""Moderate depth (3.7ft) \u2014 clear signal""}, {""factor"": ""Coverage coherence"", ""delta"": 8, ""reason"": ""86% coverage \u2014 extensive, coherent""}]",0,,"{""sar"": ""flood"", ""optical"": ""abstain"", ""dem_hydrology"": ""abstain""}"
NRIV-00066,"74 Codrington Rd, Woodburn NSW",32.4,4.05,0.0,20.0,19.69,Dispatch,82,Send adjuster — major flood damage likely,Satellite data at 74 Codrington Rd indicates 4.0ft depth; dispatch per 82% confidence.,0,0,0.0,"[{""factor"": ""SAR recency"", ""delta"": 8, ""reason"": ""Imagery 3d post-event \u2014 fresh""}, {""factor"": ""Depth certainty"", ""delta"": 12, ""reason"": ""Deep water (4.0ft) \u2014 unambiguous""}, {""factor"": ""Coverage coherence"", ""delta"": -3, ""reason"": ""32% coverage \u2014 ambiguous partial""}]",0,,"{""sar"": ""flood"", ""optical"": ""abstain"", ""dem_hydrology"": ""abstain""}"
NRIV-00067,"201 Casino Rd, Woodburn NSW",100.0,4.03,0.0,20.0,19.7,Dispatch,93,Send adjuster — major flood damage likely,Satellite data at 201 Casino Rd indicates 4.0ft depth; dispatch per 93% confidence.,0,0,0.0,"[{""factor"": ""SAR recency"", ""delta"": 8, ""reason"": ""Imagery 3d post-event \u2014 fresh""}, {""factor"": ""Depth certainty"", ""delta"": 12, ""reason"": ""Deep water (4.0ft) \u2014 unambiguous""}, {""factor"": ""Coverage coherence"", ""delta"": 8, ""reason"": ""100% coverage \u2014 extensive, coherent""}]",0,,"{""sar"": ""flood"", ""optical"": ""abstain"", ""dem_hydrology"": ""flood""}"
NRIV-00068,"49 Mill Rd, Woodburn NSW",79.6,4.45,0.0,20.0,19.7,Dispatch,93,Send adjuster — major flood damage likely,Satellite data at 49 Mill Rd indicates 4.5ft depth; dispatch per 93% confidence.,0,0,0.0,"[{""factor"": ""SAR recency"", ""delta"": 8, ""reason"": ""Imagery 3d post-event \u2014 fresh""}, {""factor"": ""Depth certainty"", ""delta"": 12, ""reason"": ""Deep water (4.5ft) \u2014 unambiguous""}, {""factor"": ""Coverage coherence"", ""delta"": 8, ""reason"": ""80% coverage \u2014 extensive, coherent""}]",0,,"{""sar"": ""flood"", ""optical"": ""abstain"", ""dem_hydrology"": ""flood""}"
NRIV-00069,"189 Casino Rd, Woodburn NSW",59.7,2.87,0.0,20.0,19.7,Dispatch,94,Send adjuster — extensive property flooding detected,Satellite data at 189 Casino Rd indicates 2.9ft depth; dispatch per 94% confidence.,0,1,0.9941,"[{""factor"": ""SAR recency"", ""delta"": 8, ""reason"": ""Imagery 3d post-event \u2014 fresh""}, {""factor"": ""Depth certainty"", ""delta"": 7, ""reason"": ""Moderate depth (2.9ft) \u2014 clear signal""}, {""factor"": ""Coverage coherence"", ""delta"": 4, ""reason"": ""60% coverage \u2014 substantial""}, {""factor"": ""Optical cross-check"", ""delta"": 10, ""reason"": ""Sentinel-2 confirms standing water \u2014 sensors agree""}]",0,,"{""sar"": ""flood"", ""optical"": ""flood"", ""dem_hydrology"": ""abstain""}"
NRIV-00070,"13 Bagotville Rd, Woodburn NSW",0.0,0.0,0.0,0.0,0.0,Remote-Deny,90,Deny remotely — no significant flooding detected by satellite,Satellite data at 13 Bagotville Rd indicates 0.0ft depth; remote-deny per 90% confidence.,0,0,0.0,"[{""factor"": ""SAR recency"", ""delta"": 8, ""reason"": ""Imagery 3d post-event \u2014 fresh""}, {""factor"": ""Depth certainty"", ""delta"": 10, ""reason"": ""Near-zero depth \u2014 confidently not flooded""}, {""factor"": ""Coverage coherence"", ""delta"": 7, ""reason"": ""0% coverage \u2014 confidently dry""}]",0,,"{""sar"": ""dry"", ""optical"": ""abstain"", ""dem_hydrology"": ""dry""}"
NRIV-00071,"136 Wyrallah Rd, Woodburn NSW",0.0,0.0,0.0,0.0,0.0,Remote-Deny,90,Deny remotely — no significant flooding detected by satellite,Satellite data at 136 Wyrallah Rd indicates 0.0ft depth; remote-deny per 90% confidence.,0,0,0.0,"[{""factor"": ""SAR recency"", ""delta"": 8, ""reason"": ""Imagery 3d post-event \u2014 fresh""}, {""factor"": ""Depth certainty"", ""delta"": 10, ""reason"": ""Near-zero depth \u2014 confidently not flooded""}, {""factor"": ""Coverage coherence"", ""delta"": 7, ""reason"": ""0% coverage \u2014 confidently dry""}]",0,,"{""sar"": ""dry"", ""optical"": ""abstain"", ""dem_hydrology"": ""dry""}"
NRIV-00072,"218 Wyrallah Rd, Woodburn NSW",0.0,0.0,0.0,0.0,0.0,Remote-Deny,90,Deny remotely — no significant flooding detected by satellite,Satellite data at 218 Wyrallah Rd indicates 0.0ft depth; remote-deny per 90% confidence.,0,0,0.0,"[{""factor"": ""SAR recency"", ""delta"": 8, ""reason"": ""Imagery 3d post-event \u2014 fresh""}, {""factor"": ""Depth certainty"", ""delta"": 10, ""reason"": ""Near-zero depth \u2014 confidently not flooded""}, {""factor"": ""Coverage coherence"", ""delta"": 7, ""reason"": ""0% coverage \u2014 confidently dry""}]",0,,"{""sar"": ""dry"", ""optical"": ""abstain"", ""dem_hydrology"": ""abstain""}"
NRIV-00073,"61 Codrington Rd, Woodburn NSW",0.0,0.0,0.0,0.0,0.0,Remote-Deny,90,Deny remotely — no significant flooding detected by satellite,Satellite data at 61 Codrington Rd indicates 0.0ft depth; remote-deny per 90% confidence.,0,0,0.0,"[{""factor"": ""SAR recency"", ""delta"": 8, ""reason"": ""Imagery 3d post-event \u2014 fresh""}, {""factor"": ""Depth certainty"", ""delta"": 10, ""reason"": ""Near-zero depth \u2014 confidently not flooded""}, {""factor"": ""Coverage coherence"", ""delta"": 7, ""reason"": ""0% coverage \u2014 confidently dry""}]",0,,"{""sar"": ""dry"", ""optical"": ""abstain"", ""dem_hydrology"": ""flood""}"
NRIV-00074,"64 Bagotville Rd, Woodburn NSW",0.0,0.0,0.0,0.0,0.0,Remote-Deny,90,Deny remotely — no significant flooding detected by satellite,Satellite data at 64 Bagotville Rd indicates 0.0ft depth; remote-deny per 90% confidence.,0,0,0.0,"[{""factor"": ""SAR recency"", ""delta"": 8, ""reason"": ""Imagery 3d post-event \u2014 fresh""}, {""factor"": ""Depth certainty"", ""delta"": 10, ""reason"": ""Near-zero depth \u2014 confidently not flooded""}, {""factor"": ""Coverage coherence"", ""delta"": 7, ""reason"": ""0% coverage \u2014 confidently dry""}]",0,,"{""sar"": ""dry"", ""optical"": ""abstain"", ""dem_hydrology"": ""flood""}"
NRIV-00075,"108 Tuckombil Rd, Woodburn NSW",0.0,0.0,0.0,0.0,0.0,Remote-Deny,90,Deny remotely — no significant flooding detected by satellite,Satellite data at 108 Tuckombil Rd indicates 0.0ft depth; remote-deny per 90% confidence.,0,0,0.0,"[{""factor"": ""SAR recency"", ""delta"": 8, ""reason"": ""Imagery 3d post-event \u2014 fresh""}, {""factor"": ""Depth certainty"", ""delta"": 10, ""reason"": ""Near-zero depth \u2014 confidently not flooded""}, {""factor"": ""Coverage coherence"", ""delta"": 7, ""reason"": ""0% coverage \u2014 confidently dry""}]",0,,"{""sar"": ""dry"", ""optical"": ""abstain"", ""dem_hydrology"": ""abstain""}"
NRIV-00076,"67 Bridge St, Coraki NSW",0.0,0.0,0.0,0.0,0.0,Remote-Deny,90,Deny remotely — no significant flooding detected by satellite,Satellite data at 67 Bridge St indicates 0.0ft depth; remote-deny per 90% confidence.,0,0,0.0,"[{""factor"": ""SAR recency"", ""delta"": 8, ""reason"": ""Imagery 3d post-event \u2014 fresh""}, {""factor"": ""Depth certainty"", ""delta"": 10, ""reason"": ""Near-zero depth \u2014 confidently not flooded""}, {""factor"": ""Coverage coherence"", ""delta"": 7, ""reason"": ""0% coverage \u2014 confidently dry""}]",0,,"{""sar"": ""dry"", ""optical"": ""abstain"", ""dem_hydrology"": ""dry""}"
NRIV-00077,"68 Codrington Rd, Coraki NSW",0.0,0.0,0.0,0.0,0.0,Remote-Deny,90,Deny remotely — no significant flooding detected by satellite,Satellite data at 68 Codrington Rd indicates 0.0ft depth; remote-deny per 90% confidence.,0,0,0.0,"[{""factor"": ""SAR recency"", ""delta"": 8, ""reason"": ""Imagery 3d post-event \u2014 fresh""}, {""factor"": ""Depth certainty"", ""delta"": 10, ""reason"": ""Near-zero depth \u2014 confidently not flooded""}, {""factor"": ""Coverage coherence"", ""delta"": 7, ""reason"": ""0% coverage \u2014 confidently dry""}]",0,,"{""sar"": ""dry"", ""optical"": ""abstain"", ""dem_hydrology"": ""dry""}"
NRIV-00078,"118 Pacific Hwy, Coraki NSW",0.0,0.0,0.0,0.0,0.0,Remote-Deny,90,Deny remotely — no significant flooding detected by satellite,Satellite data at 118 Pacific Hwy indicates 0.0ft depth; remote-deny per 90% confidence.,0,0,0.0,"[{""factor"": ""SAR recency"", ""delta"": 8, ""reason"": ""Imagery 3d post-event \u2014 fresh""}, {""factor"": ""Depth certainty"", ""delta"": 10, ""reason"": ""Near-zero depth \u2014 confidently not flooded""}, {""factor"": ""Coverage coherence"", ""delta"": 7, ""reason"": ""0% coverage \u2014 confidently dry""}]",0,,"{""sar"": ""dry"", ""optical"": ""abstain"", ""dem_hydrology"": ""dry""}"
NRIV-00079,"3 Molesworth St, Coraki NSW",0.0,0.0,0.0,0.0,0.0,Remote-Deny,90,Deny remotely — no significant flooding detected by satellite,Satellite data at 3 Molesworth St indicates 0.0ft depth; remote-deny per 90% confidence.,0,0,0.0,"[{""factor"": ""SAR recency"", ""delta"": 8, ""reason"": ""Imagery 3d post-event \u2014 fresh""}, {""factor"": ""Depth certainty"", ""delta"": 10, ""reason"": ""Near-zero depth \u2014 confidently not flooded""}, {""factor"": ""Coverage coherence"", ""delta"": 7, ""reason"": ""0% coverage \u2014 confidently dry""}]",0,,"{""sar"": ""dry"", ""optical"": ""abstain"", ""dem_hydrology"": ""dry""}"
NRIV-00080,"26 Richmond Tce, Coraki NSW",4.7,7.33,0.0,20.0,19.69,Dispatch,82,Send adjuster — major flood damage likely,Satellite data at 26 Richmond Tce indicates 7.3ft depth; dispatch per 82% confidence.,0,0,0.0,"[{""factor"": ""SAR recency"", ""delta"": 8, ""reason"": ""Imagery 3d post-event \u2014 fresh""}, {""factor"": ""Depth certainty"", ""delta"": 12, ""reason"": ""Deep water (7.3ft) \u2014 unambiguous""}, {""factor"": ""Coverage coherence"", ""delta"": 7, ""reason"": ""5% coverage \u2014 confidently dry""}, {""factor"": ""Internal consistency"", ""delta"": -10, ""reason"": ""Deep water over a tiny footprint \u2014 physically suspicious""}]",0,,"{""sar"": ""dry"", ""optical"": ""abstain"", ""dem_hydrology"": ""abstain""}"
NRIV-00081,"34 Pacific Hwy, Coraki NSW",7.1,2.62,0.0,20.0,19.69,Review,67,Flag for manual review — borderline measurements or low confidence,Satellite data at 34 Pacific Hwy indicates 2.6ft depth; review per 67% confidence.,0,0,0.0,"[{""factor"": ""SAR recency"", ""delta"": 8, ""reason"": ""Imagery 3d post-event \u2014 fresh""}, {""factor"": ""Depth certainty"", ""delta"": 7, ""reason"": ""Moderate depth (2.6ft) \u2014 clear signal""}, {""factor"": ""Coverage coherence"", ""delta"": -3, ""reason"": ""7% coverage \u2014 ambiguous partial""}, {""factor"": ""Internal consistency"", ""delta"": -10, ""reason"": ""Deep water over a tiny footprint \u2014 physically suspicious""}]",0,,"{""sar"": ""dry"", ""optical"": ""abstain"", ""dem_hydrology"": ""abstain""}"
NRIV-00082,"95 Mill Rd, Coraki NSW",65.1,4.11,0.0,20.0,19.7,Dispatch,93,Send adjuster — major flood damage likely,Satellite data at 95 Mill Rd indicates 4.1ft depth; dispatch per 93% confidence.,0,0,0.0,"[{""factor"": ""SAR recency"", ""delta"": 8, ""reason"": ""Imagery 3d post-event \u2014 fresh""}, {""factor"": ""Depth certainty"", ""delta"": 12, ""reason"": ""Deep water (4.1ft) \u2014 unambiguous""}, {""factor"": ""Coverage coherence"", ""delta"": 8, ""reason"": ""65% coverage \u2014 extensive, coherent""}]",0,,"{""sar"": ""flood"", ""optical"": ""abstain"", ""dem_hydrology"": ""abstain""}"
NRIV-00083,"181 Mill Rd, Coraki NSW",0.0,0.0,0.0,0.0,0.0,Remote-Deny,90,Deny remotely — no significant flooding detected by satellite,Satellite data at 181 Mill Rd indicates 0.0ft depth; remote-deny per 90% confidence.,0,0,0.0,"[{""factor"": ""SAR recency"", ""delta"": 8, ""reason"": ""Imagery 3d post-event \u2014 fresh""}, {""factor"": ""Depth certainty"", ""delta"": 10, ""reason"": ""Near-zero depth \u2014 confidently not flooded""}, {""factor"": ""Coverage coherence"", ""delta"": 7, ""reason"": ""0% coverage \u2014 confidently dry""}]",0,,"{""sar"": ""dry"", ""optical"": ""abstain"", ""dem_hydrology"": ""dry""}"
NRIV-00084,"168 Casino Rd, Coraki NSW",100.0,2.46,0.0,20.0,19.7,Dispatch,88,Send adjuster — extensive property flooding detected,Satellite data at 168 Casino Rd indicates 2.5ft depth; dispatch per 88% confidence.,0,0,0.0,"[{""factor"": ""SAR recency"", ""delta"": 8, ""reason"": ""Imagery 3d post-event \u2014 fresh""}, {""factor"": ""Depth certainty"", ""delta"": 7, ""reason"": ""Moderate depth (2.5ft) \u2014 clear signal""}, {""factor"": ""Coverage coherence"", ""delta"": 8, ""reason"": ""100% coverage \u2014 extensive, coherent""}]",0,,"{""sar"": ""flood"", ""optical"": ""abstain"", ""dem_hydrology"": ""flood""}"
NRIV-00085,"77 Tuckombil Rd, Coraki NSW",100.0,4.0,0.0,20.0,19.69,Dispatch,93,Send adjuster — major flood damage likely,Satellite data at 77 Tuckombil Rd indicates 4.0ft depth; dispatch per 93% confidence.,0,0,0.0,"[{""factor"": ""SAR recency"", ""delta"": 8, ""reason"": ""Imagery 3d post-event \u2014 fresh""}, {""factor"": ""Depth certainty"", ""delta"": 12, ""reason"": ""Deep water (4.0ft) \u2014 unambiguous""}, {""factor"": ""Coverage coherence"", ""delta"": 8, ""reason"": ""100% coverage \u2014 extensive, coherent""}]",0,,"{""sar"": ""flood"", ""optical"": ""abstain"", ""dem_hydrology"": ""flood""}"
NRIV-00086,"68 Richmond Tce, Woodburn NSW",100.0,4.73,0.0,20.0,19.71,Dispatch,93,Send adjuster — major flood damage likely,Satellite data at 68 Richmond Tce indicates 4.7ft depth; dispatch per 93% confidence.,0,0,0.0,"[{""factor"": ""SAR recency"", ""delta"": 8, ""reason"": ""Imagery 3d post-event \u2014 fresh""}, {""factor"": ""Depth certainty"", ""delta"": 12, ""reason"": ""Deep water (4.7ft) \u2014 unambiguous""}, {""factor"": ""Coverage coherence"", ""delta"": 8, ""reason"": ""100% coverage \u2014 extensive, coherent""}]",0,,"{""sar"": ""flood"", ""optical"": ""abstain"", ""dem_hydrology"": ""flood""}"
NRIV-00087,"40 Mill Rd, Woodburn NSW",90.6,2.14,0.0,20.0,19.73,Dispatch,88,Send adjuster — extensive property flooding detected,Satellite data at 40 Mill Rd indicates 2.1ft depth; dispatch per 88% confidence.,0,0,0.0,"[{""factor"": ""SAR recency"", ""delta"": 8, ""reason"": ""Imagery 3d post-event \u2014 fresh""}, {""factor"": ""Depth certainty"", ""delta"": 7, ""reason"": ""Moderate depth (2.1ft) \u2014 clear signal""}, {""factor"": ""Coverage coherence"", ""delta"": 8, ""reason"": ""91% coverage \u2014 extensive, coherent""}]",0,,"{""sar"": ""flood"", ""optical"": ""abstain"", ""dem_hydrology"": ""abstain""}"
NRIV-00088,"88 Bridge St, Woodburn NSW",100.0,2.79,0.0,20.0,19.71,Dispatch,88,Send adjuster — extensive property flooding detected,Satellite data at 88 Bridge St indicates 2.8ft depth; dispatch per 88% confidence.,0,0,0.0,"[{""factor"": ""SAR recency"", ""delta"": 8, ""reason"": ""Imagery 3d post-event \u2014 fresh""}, {""factor"": ""Depth certainty"", ""delta"": 7, ""reason"": ""Moderate depth (2.8ft) \u2014 clear signal""}, {""factor"": ""Coverage coherence"", ""delta"": 8, ""reason"": ""100% coverage \u2014 extensive, coherent""}]",0,,"{""sar"": ""flood"", ""optical"": ""abstain"", ""dem_hydrology"": ""flood""}"
NRIV-00089,"130 Molesworth St, Woodburn NSW",100.0,2.85,0.0,20.0,19.69,Dispatch,88,Send adjuster — extensive property flooding detected,Satellite data at 130 Molesworth St indicates 2.9ft depth; dispatch per 88% confidence.,0,0,0.0,"[{""factor"": ""SAR recency"", ""delta"": 8, ""reason"": ""Imagery 3d post-event \u2014 fresh""}, {""factor"": ""Depth certainty"", ""delta"": 7, ""reason"": ""Moderate depth (2.9ft) \u2014 clear signal""}, {""factor"": ""Coverage coherence"", ""delta"": 8, ""reason"": ""100% coverage \u2014 extensive, coherent""}]",0,,"{""sar"": ""flood"", ""optical"": ""abstain"", ""dem_hydrology"": ""flood""}"
NRIV-00090,"14 Richmond Tce, Woodburn NSW",86.3,5.24,0.0,20.0,19.74,Dispatch,93,Send adjuster — major flood damage likely,Satellite data at 14 Richmond Tce indicates 5.2ft depth; dispatch per 93% confidence.,0,0,0.0,"[{""factor"": ""SAR recency"", ""delta"": 8, ""reason"": ""Imagery 3d post-event \u2014 fresh""}, {""factor"": ""Depth certainty"", ""delta"": 12, ""reason"": ""Deep water (5.2ft) \u2014 unambiguous""}, {""factor"": ""Coverage coherence"", ""delta"": 8, ""reason"": ""86% coverage \u2014 extensive, coherent""}]",0,,"{""sar"": ""flood"", ""optical"": ""abstain"", ""dem_hydrology"": ""abstain""}"
NRIV-00091,"12 River Rd, Woodburn NSW",10.1,0.76,0.0,20.0,19.69,Review,66,Flag for manual review — borderline measurements or low confidence,Satellite data at 12 River Rd indicates 0.8ft depth; review per 66% confidence.,0,0,0.0,"[{""factor"": ""SAR recency"", ""delta"": 8, ""reason"": ""Imagery 3d post-event \u2014 fresh""}, {""factor"": ""Depth certainty"", ""delta"": -4, ""reason"": ""Shallow (0.8ft) \u2014 hardest to measure""}, {""factor"": ""Coverage coherence"", ""delta"": -3, ""reason"": ""10% coverage \u2014 ambiguous partial""}]",0,,"{""sar"": ""flood"", ""optical"": ""abstain"", ""dem_hydrology"": ""abstain""}"
NRIV-00092,"68 Wyrallah Rd, Woodburn NSW",0.0,0.0,0.0,0.0,0.0,Remote-Deny,90,Deny remotely — no significant flooding detected by satellite,Satellite data at 68 Wyrallah Rd indicates 0.0ft depth; remote-deny per 90% confidence.,0,0,0.0,"[{""factor"": ""SAR recency"", ""delta"": 8, ""reason"": ""Imagery 3d post-event \u2014 fresh""}, {""factor"": ""Depth certainty"", ""delta"": 10, ""reason"": ""Near-zero depth \u2014 confidently not flooded""}, {""factor"": ""Coverage coherence"", ""delta"": 7, ""reason"": ""0% coverage \u2014 confidently dry""}]",0,,"{""sar"": ""dry"", ""optical"": ""abstain"", ""dem_hydrology"": ""flood""}"
NRIV-00093,"110 Casino Rd, Woodburn NSW",100.0,4.53,0.0,20.0,19.73,Dispatch,93,Send adjuster — major flood damage likely,Satellite data at 110 Casino Rd indicates 4.5ft depth; dispatch per 93% confidence.,0,0,0.0,"[{""factor"": ""SAR recency"", ""delta"": 8, ""reason"": ""Imagery 3d post-event \u2014 fresh""}, {""factor"": ""Depth certainty"", ""delta"": 12, ""reason"": ""Deep water (4.5ft) \u2014 unambiguous""}, {""factor"": ""Coverage coherence"", ""delta"": 8, ""reason"": ""100% coverage \u2014 extensive, coherent""}]",0,,"{""sar"": ""flood"", ""optical"": ""abstain"", ""dem_hydrology"": ""abstain""}"
NRIV-00094,"177 Wyrallah Rd, Woodburn NSW",92.2,6.69,0.0,20.0,19.71,Dispatch,93,Send adjuster — major flood damage likely,Satellite data at 177 Wyrallah Rd indicates 6.7ft depth; dispatch per 93% confidence.,0,0,0.0,"[{""factor"": ""SAR recency"", ""delta"": 8, ""reason"": ""Imagery 3d post-event \u2014 fresh""}, {""factor"": ""Depth certainty"", ""delta"": 12, ""reason"": ""Deep water (6.7ft) \u2014 unambiguous""}, {""factor"": ""Coverage coherence"", ""delta"": 8, ""reason"": ""92% coverage \u2014 extensive, coherent""}]",0,,"{""sar"": ""flood"", ""optical"": ""abstain"", ""dem_hydrology"": ""flood""}"
NRIV-00095,"150 Casino Rd, Woodburn NSW",100.0,4.47,0.0,20.0,19.72,Dispatch,97,Send adjuster — major flood damage likely,Satellite data at 150 Casino Rd indicates 4.5ft depth; dispatch per 97% confidence.,0,1,1.0,"[{""factor"": ""SAR recency"", ""delta"": 8, ""reason"": ""Imagery 3d post-event \u2014 fresh""}, {""factor"": ""Depth certainty"", ""delta"": 12, ""reason"": ""Deep water (4.5ft) \u2014 unambiguous""}, {""factor"": ""Coverage coherence"", ""delta"": 8, ""reason"": ""100% coverage \u2014 extensive, coherent""}, {""factor"": ""Optical cross-check"", ""delta"": 10, ""reason"": ""Sentinel-2 confirms standing water \u2014 sensors agree""}]",0,,"{""sar"": ""flood"", ""optical"": ""flood"", ""dem_hydrology"": ""flood""}"
NRIV-00096,"79 Pacific Hwy, Woodburn NSW",0.0,0.0,0.0,0.0,0.0,Remote-Deny,90,Deny remotely — no significant flooding detected by satellite,Satellite data at 79 Pacific Hwy indicates 0.0ft depth; remote-deny per 90% confidence.,0,0,0.0,"[{""factor"": ""SAR recency"", ""delta"": 8, ""reason"": ""Imagery 3d post-event \u2014 fresh""}, {""factor"": ""Depth certainty"", ""delta"": 10, ""reason"": ""Near-zero depth \u2014 confidently not flooded""}, {""factor"": ""Coverage coherence"", ""delta"": 7, ""reason"": ""0% coverage \u2014 confidently dry""}]",0,,"{""sar"": ""dry"", ""optical"": ""abstain"", ""dem_hydrology"": ""dry""}"
NRIV-00097,"11 Pacific Hwy, Woodburn NSW",0.0,0.0,0.0,0.0,0.0,Remote-Deny,90,Deny remotely — no significant flooding detected by satellite,Satellite data at 11 Pacific Hwy indicates 0.0ft depth; remote-deny per 90% confidence.,0,0,0.0,"[{""factor"": ""SAR recency"", ""delta"": 8, ""reason"": ""Imagery 3d post-event \u2014 fresh""}, {""factor"": ""Depth certainty"", ""delta"": 10, ""reason"": ""Near-zero depth \u2014 confidently not flooded""}, {""factor"": ""Coverage coherence"", ""delta"": 7, ""reason"": ""0% coverage \u2014 confidently dry""}]",0,,"{""sar"": ""dry"", ""optical"": ""abstain"", ""dem_hydrology"": ""flood""}"
NRIV-00098,"27 Pacific Hwy, Woodburn NSW",0.0,0.0,0.0,0.0,0.0,Remote-Deny,90,Deny remotely — no significant flooding detected by satellite,Satellite data at 27 Pacific Hwy indicates 0.0ft depth; remote-deny per 90% confidence.,0,0,0.0,"[{""factor"": ""SAR recency"", ""delta"": 8, ""reason"": ""Imagery 3d post-event \u2014 fresh""}, {""factor"": ""Depth certainty"", ""delta"": 10, ""reason"": ""Near-zero depth \u2014 confidently not flooded""}, {""factor"": ""Coverage coherence"", ""delta"": 7, ""reason"": ""0% coverage \u2014 confidently dry""}]",0,,"{""sar"": ""dry"", ""optical"": ""abstain"", ""dem_hydrology"": ""flood""}"
NRIV-00099,"105 Bagotville Rd, Woodburn NSW",0.0,0.0,0.0,0.0,0.0,Remote-Deny,96,Deny remotely — no significant flooding detected by satellite,Satellite data at 105 Bagotville Rd indicates 0.0ft depth; remote-deny per 96% confidence.,0,1,0.0,"[{""factor"": ""SAR recency"", ""delta"": 8, ""reason"": ""Imagery 3d post-event \u2014 fresh""}, {""factor"": ""Depth certainty"", ""delta"": 10, ""reason"": ""Near-zero depth \u2014 confidently not flooded""}, {""factor"": ""Coverage coherence"", ""delta"": 7, ""reason"": ""0% coverage \u2014 confidently dry""}, {""factor"": ""Optical cross-check"", ""delta"": 6, ""reason"": ""Sentinel-2 confirms dry ground \u2014 sensors agree""}]",0,,"{""sar"": ""dry"", ""optical"": ""dry"", ""dem_hydrology"": ""flood""}"
NRIV-00100,"61 Wyrallah Rd, Woodburn NSW",0.0,0.0,0.0,0.0,0.0,Remote-Deny,90,Deny remotely — no significant flooding detected by satellite,Satellite data at 61 Wyrallah Rd indicates 0.0ft depth; remote-deny per 90% confidence.,0,0,0.0,"[{""factor"": ""SAR recency"", ""delta"": 8, ""reason"": ""Imagery 3d post-event \u2014 fresh""}, {""factor"": ""Depth certainty"", ""delta"": 10, ""reason"": ""Near-zero depth \u2014 confidently not flooded""}, {""factor"": ""Coverage coherence"", ""delta"": 7, ""reason"": ""0% coverage \u2014 confidently dry""}]",0,,"{""sar"": ""dry"", ""optical"": ""abstain"", ""dem_hydrology"": ""flood""}"
NRIV-00101,"106 River Rd, Coraki NSW",0.0,0.0,0.0,0.0,0.0,Remote-Deny,90,Deny remotely — no significant flooding detected by satellite,Satellite data at 106 River Rd indicates 0.0ft depth; remote-deny per 90% confidence.,0,0,0.0,"[{""factor"": ""SAR recency"", ""delta"": 8, ""reason"": ""Imagery 3d post-event \u2014 fresh""}, {""factor"": ""Depth certainty"", ""delta"": 10, ""reason"": ""Near-zero depth \u2014 confidently not flooded""}, {""factor"": ""Coverage coherence"", ""delta"": 7, ""reason"": ""0% coverage \u2014 confidently dry""}]",0,,"{""sar"": ""dry"", ""optical"": ""abstain"", ""dem_hydrology"": ""dry""}"
NRIV-00102,"201 Codrington Rd, Coraki NSW",0.0,0.0,0.0,0.0,0.0,Remote-Deny,90,Deny remotely — no significant flooding detected by satellite,Satellite data at 201 Codrington Rd indicates 0.0ft depth; remote-deny per 90% confidence.,0,0,0.0,"[{""factor"": ""SAR recency"", ""delta"": 8, ""reason"": ""Imagery 3d post-event \u2014 fresh""}, {""factor"": ""Depth certainty"", ""delta"": 10, ""reason"": ""Near-zero depth \u2014 confidently not flooded""}, {""factor"": ""Coverage coherence"", ""delta"": 7, ""reason"": ""0% coverage \u2014 confidently dry""}]",0,,"{""sar"": ""dry"", ""optical"": ""abstain"", ""dem_hydrology"": ""dry""}"
NRIV-00103,"208 Bridge St, Coraki NSW",0.0,0.0,0.0,0.0,0.0,Remote-Deny,90,Deny remotely — no significant flooding detected by satellite,Satellite data at 208 Bridge St indicates 0.0ft depth; remote-deny per 90% confidence.,0,0,0.0,"[{""factor"": ""SAR recency"", ""delta"": 8, ""reason"": ""Imagery 3d post-event \u2014 fresh""}, {""factor"": ""Depth certainty"", ""delta"": 10, ""reason"": ""Near-zero depth \u2014 confidently not flooded""}, {""factor"": ""Coverage coherence"", ""delta"": 7, ""reason"": ""0% coverage \u2014 confidently dry""}]",0,,"{""sar"": ""dry"", ""optical"": ""abstain"", ""dem_hydrology"": ""dry""}"
NRIV-00104,"28 Codrington Rd, Coraki NSW",0.0,0.0,0.0,0.0,0.0,Remote-Deny,90,Deny remotely — no significant flooding detected by satellite,Satellite data at 28 Codrington Rd indicates 0.0ft depth; remote-deny per 90% confidence.,0,0,0.0,"[{""factor"": ""SAR recency"", ""delta"": 8, ""reason"": ""Imagery 3d post-event \u2014 fresh""}, {""factor"": ""Depth certainty"", ""delta"": 10, ""reason"": ""Near-zero depth \u2014 confidently not flooded""}, {""factor"": ""Coverage coherence"", ""delta"": 7, ""reason"": ""0% coverage \u2014 confidently dry""}]",0,,"{""sar"": ""dry"", ""optical"": ""abstain"", ""dem_hydrology"": ""dry""}"
NRIV-00105,"57 Bridge St, Coraki NSW",60.1,1.58,0.0,20.0,19.69,Dispatch,84,Send adjuster — extensive property flooding detected,Satellite data at 57 Bridge St indicates 1.6ft depth; dispatch per 84% confidence.,0,0,0.0,"[{""factor"": ""SAR recency"", ""delta"": 8, ""reason"": ""Imagery 3d post-event \u2014 fresh""}, {""factor"": ""Depth certainty"", ""delta"": 3, ""reason"": ""Shallow-moderate depth (1.6ft)""}, {""factor"": ""Coverage coherence"", ""delta"": 8, ""reason"": ""60% coverage \u2014 extensive, coherent""}]",0,,"{""sar"": ""flood"", ""optical"": ""abstain"", ""dem_hydrology"": ""abstain""}"
NRIV-00106,"79 Bridge St, Coraki NSW",100.0,1.5,0.0,20.0,19.69,Dispatch,84,Send adjuster — extensive property flooding detected,Satellite data at 79 Bridge St indicates 1.5ft depth; dispatch per 84% confidence.,0,0,0.0,"[{""factor"": ""SAR recency"", ""delta"": 8, ""reason"": ""Imagery 3d post-event \u2014 fresh""}, {""factor"": ""Depth certainty"", ""delta"": 3, ""reason"": ""Shallow-moderate depth (1.5ft)""}, {""factor"": ""Coverage coherence"", ""delta"": 8, ""reason"": ""100% coverage \u2014 extensive, coherent""}]",0,,"{""sar"": ""flood"", ""optical"": ""abstain"", ""dem_hydrology"": ""flood""}"
NRIV-00107,"103 Pacific Hwy, Coraki NSW",68.5,1.58,0.0,20.0,19.7,Dispatch,84,Send adjuster — extensive property flooding detected,Satellite data at 103 Pacific Hwy indicates 1.6ft depth; dispatch per 84% confidence.,0,0,0.0,"[{""factor"": ""SAR recency"", ""delta"": 8, ""reason"": ""Imagery 3d post-event \u2014 fresh""}, {""factor"": ""Depth certainty"", ""delta"": 3, ""reason"": ""Shallow-moderate depth (1.6ft)""}, {""factor"": ""Coverage coherence"", ""delta"": 8, ""reason"": ""69% coverage \u2014 extensive, coherent""}]",0,,"{""sar"": ""flood"", ""optical"": ""abstain"", ""dem_hydrology"": ""abstain""}"
NRIV-00108,"198 Mill Rd, Coraki NSW",100.0,3.94,0.0,20.0,19.7,Dispatch,88,Send adjuster — major flood damage likely,Satellite data at 198 Mill Rd indicates 3.9ft depth; dispatch per 88% confidence.,0,0,0.0,"[{""factor"": ""SAR recency"", ""delta"": 8, ""reason"": ""Imagery 3d post-event \u2014 fresh""}, {""factor"": ""Depth certainty"", ""delta"": 7, ""reason"": ""Moderate depth (3.9ft) \u2014 clear signal""}, {""factor"": ""Coverage coherence"", ""delta"": 8, ""reason"": ""100% coverage \u2014 extensive, coherent""}]",0,,"{""sar"": ""flood"", ""optical"": ""abstain"", ""dem_hydrology"": ""flood""}"
NRIV-00109,"174 Casino Rd, Coraki NSW",0.0,0.0,0.0,0.0,0.0,Remote-Deny,90,Deny remotely — no significant flooding detected by satellite,Satellite data at 174 Casino Rd indicates 0.0ft depth; remote-deny per 90% confidence.,0,0,0.0,"[{""factor"": ""SAR recency"", ""delta"": 8, ""reason"": ""Imagery 3d post-event \u2014 fresh""}, {""factor"": ""Depth certainty"", ""delta"": 10, ""reason"": ""Near-zero depth \u2014 confidently not flooded""}, {""factor"": ""Coverage coherence"", ""delta"": 7, ""reason"": ""0% coverage \u2014 confidently dry""}]",0,,"{""sar"": ""dry"", ""optical"": ""abstain"", ""dem_hydrology"": ""dry""}"
NRIV-00110,"67 Wyrallah Rd, Coraki NSW",0.0,0.0,0.0,0.0,0.0,Remote-Deny,90,Deny remotely — no significant flooding detected by satellite,Satellite data at 67 Wyrallah Rd indicates 0.0ft depth; remote-deny per 90% confidence.,0,0,0.0,"[{""factor"": ""SAR recency"", ""delta"": 8, ""reason"": ""Imagery 3d post-event \u2014 fresh""}, {""factor"": ""Depth certainty"", ""delta"": 10, ""reason"": ""Near-zero depth \u2014 confidently not flooded""}, {""factor"": ""Coverage coherence"", ""delta"": 7, ""reason"": ""0% coverage \u2014 confidently dry""}]",0,,"{""sar"": ""dry"", ""optical"": ""abstain"", ""dem_hydrology"": ""dry""}"
NRIV-00111,"10 Richmond Tce, Coraki NSW",8.7,16.83,0.0,20.0,19.69,Dispatch,82,Send adjuster — major flood damage likely,Satellite data at 10 Richmond Tce indicates 16.8ft depth; dispatch per 82% confidence.,0,0,0.0,"[{""factor"": ""SAR recency"", ""delta"": 8, ""reason"": ""Imagery 3d post-event \u2014 fresh""}, {""factor"": ""Depth certainty"", ""delta"": 12, ""reason"": ""Deep water (16.8ft) \u2014 unambiguous""}, {""factor"": ""Coverage coherence"", ""delta"": -3, ""reason"": ""9% coverage \u2014 ambiguous partial""}]",0,,"{""sar"": ""dry"", ""optical"": ""abstain"", ""dem_hydrology"": ""flood""}"
NRIV-00112,"202 Pacific Hwy, Woodburn NSW",76.1,15.98,0.0,20.0,19.72,Dispatch,93,Send adjuster — major flood damage likely,Satellite data at 202 Pacific Hwy indicates 16.0ft depth; dispatch per 93% confidence.,0,0,0.0,"[{""factor"": ""SAR recency"", ""delta"": 8, ""reason"": ""Imagery 3d post-event \u2014 fresh""}, {""factor"": ""Depth certainty"", ""delta"": 12, ""reason"": ""Deep water (16.0ft) \u2014 unambiguous""}, {""factor"": ""Coverage coherence"", ""delta"": 8, ""reason"": ""76% coverage \u2014 extensive, coherent""}]",0,,"{""sar"": ""flood"", ""optical"": ""abstain"", ""dem_hydrology"": ""flood""}"
NRIV-00113,"30 Codrington Rd, Woodburn NSW",0.0,0.0,0.0,0.0,0.0,Remote-Deny,90,Deny remotely — no significant flooding detected by satellite,Satellite data at 30 Codrington Rd indicates 0.0ft depth; remote-deny per 90% confidence.,0,0,0.0,"[{""factor"": ""SAR recency"", ""delta"": 8, ""reason"": ""Imagery 3d post-event \u2014 fresh""}, {""factor"": ""Depth certainty"", ""delta"": 10, ""reason"": ""Near-zero depth \u2014 confidently not flooded""}, {""factor"": ""Coverage coherence"", ""delta"": 7, ""reason"": ""0% coverage \u2014 confidently dry""}]",0,,"{""sar"": ""dry"", ""optical"": ""abstain"", ""dem_hydrology"": ""abstain""}"
NRIV-00114,"12 Wilson St, Woodburn NSW",100.0,3.08,0.0,20.0,19.7,Dispatch,88,Send adjuster — major flood damage likely,Satellite data at 12 Wilson St indicates 3.1ft depth; dispatch per 88% confidence.,0,0,0.0,"[{""factor"": ""SAR recency"", ""delta"": 8, ""reason"": ""Imagery 3d post-event \u2014 fresh""}, {""factor"": ""Depth certainty"", ""delta"": 7, ""reason"": ""Moderate depth (3.1ft) \u2014 clear signal""}, {""factor"": ""Coverage coherence"", ""delta"": 8, ""reason"": ""100% coverage \u2014 extensive, coherent""}]",0,,"{""sar"": ""flood"", ""optical"": ""abstain"", ""dem_hydrology"": ""flood""}"
NRIV-00115,"207 Casino Rd, Woodburn NSW",9.0,9.66,0.0,20.0,19.69,Dispatch,82,Send adjuster — major flood damage likely,Satellite data at 207 Casino Rd indicates 9.7ft depth; dispatch per 82% confidence.,0,0,0.0,"[{""factor"": ""SAR recency"", ""delta"": 8, ""reason"": ""Imagery 3d post-event \u2014 fresh""}, {""factor"": ""Depth certainty"", ""delta"": 12, ""reason"": ""Deep water (9.7ft) \u2014 unambiguous""}, {""factor"": ""Coverage coherence"", ""delta"": -3, ""reason"": ""9% coverage \u2014 ambiguous partial""}]",0,,"{""sar"": ""dry"", ""optical"": ""abstain"", ""dem_hydrology"": ""flood""}"
NRIV-00116,"189 Tuckombil Rd, Woodburn NSW",89.8,2.03,0.0,20.0,19.7,Dispatch,88,Send adjuster — extensive property flooding detected,Satellite data at 189 Tuckombil Rd indicates 2.0ft depth; dispatch per 88% confidence.,0,0,0.0,"[{""factor"": ""SAR recency"", ""delta"": 8, ""reason"": ""Imagery 3d post-event \u2014 fresh""}, {""factor"": ""Depth certainty"", ""delta"": 7, ""reason"": ""Moderate depth (2.0ft) \u2014 clear signal""}, {""factor"": ""Coverage coherence"", ""delta"": 8, ""reason"": ""90% coverage \u2014 extensive, coherent""}]",0,,"{""sar"": ""flood"", ""optical"": ""abstain"", ""dem_hydrology"": ""flood""}"
NRIV-00117,"171 Pacific Hwy, Woodburn NSW",100.0,4.89,0.0,20.0,19.71,Dispatch,93,Send adjuster — major flood damage likely,Satellite data at 171 Pacific Hwy indicates 4.9ft depth; dispatch per 93% confidence.,0,0,0.0,"[{""factor"": ""SAR recency"", ""delta"": 8, ""reason"": ""Imagery 3d post-event \u2014 fresh""}, {""factor"": ""Depth certainty"", ""delta"": 12, ""reason"": ""Deep water (4.9ft) \u2014 unambiguous""}, {""factor"": ""Coverage coherence"", ""delta"": 8, ""reason"": ""100% coverage \u2014 extensive, coherent""}]",0,,"{""sar"": ""flood"", ""optical"": ""abstain"", ""dem_hydrology"": ""flood""}"
NRIV-00118,"32 Wilson St, Woodburn NSW",100.0,5.25,0.0,20.0,19.71,Dispatch,93,Send adjuster — major flood damage likely,Satellite data at 32 Wilson St indicates 5.2ft depth; dispatch per 93% confidence.,0,0,0.0,"[{""factor"": ""SAR recency"", ""delta"": 8, ""reason"": ""Imagery 3d post-event \u2014 fresh""}, {""factor"": ""Depth certainty"", ""delta"": 12, ""reason"": ""Deep water (5.2ft) \u2014 unambiguous""}, {""factor"": ""Coverage coherence"", ""delta"": 8, ""reason"": ""100% coverage \u2014 extensive, coherent""}]",0,,"{""sar"": ""flood"", ""optical"": ""abstain"", ""dem_hydrology"": ""flood""}"
NRIV-00119,"171 Codrington Rd, Woodburn NSW",100.0,4.95,0.0,20.0,19.71,Dispatch,93,Send adjuster — major flood damage likely,Satellite data at 171 Codrington Rd indicates 5.0ft depth; dispatch per 93% confidence.,0,0,0.0,"[{""factor"": ""SAR recency"", ""delta"": 8, ""reason"": ""Imagery 3d post-event \u2014 fresh""}, {""factor"": ""Depth certainty"", ""delta"": 12, ""reason"": ""Deep water (5.0ft) \u2014 unambiguous""}, {""factor"": ""Coverage coherence"", ""delta"": 8, ""reason"": ""100% coverage \u2014 extensive, coherent""}]",0,,"{""sar"": ""flood"", ""optical"": ""abstain"", ""dem_hydrology"": ""flood""}"
NRIV-00120,"142 Wyrallah Rd, Woodburn NSW",36.4,11.62,0.0,20.0,19.69,Dispatch,89,Send adjuster — major flood damage likely,Satellite data at 142 Wyrallah Rd indicates 11.6ft depth; dispatch per 89% confidence.,0,0,0.0,"[{""factor"": ""SAR recency"", ""delta"": 8, ""reason"": ""Imagery 3d post-event \u2014 fresh""}, {""factor"": ""Depth certainty"", ""delta"": 12, ""reason"": ""Deep water (11.6ft) \u2014 unambiguous""}, {""factor"": ""Coverage coherence"", ""delta"": 4, ""reason"": ""36% coverage \u2014 substantial""}]",0,,"{""sar"": ""flood"", ""optical"": ""abstain"", ""dem_hydrology"": ""abstain""}"
NRIV-00121,"98 Tuckombil Rd, Woodburn NSW",0.0,0.0,0.0,0.0,0.0,Review,75,Flag for manual review — borderline measurements or low confidence,Satellite data at 98 Tuckombil Rd indicates 0.0ft depth; review per 75% confidence.,1,0,0.0,"[{""factor"": ""SAR recency"", ""delta"": 8, ""reason"": ""Imagery 3d post-event \u2014 fresh""}, {""factor"": ""Depth certainty"", ""delta"": 10, ""reason"": ""Near-zero depth \u2014 confidently not flooded""}, {""factor"": ""Coverage coherence"", ""delta"": 7, ""reason"": ""0% coverage \u2014 confidently dry""}, {""factor"": ""Urban SAR shadow"", ""delta"": -15, ""reason"": ""Dense urban area \u2014 radar shadow can mimic water""}]",0,,"{""sar"": ""dry"", ""optical"": ""abstain"", ""dem_hydrology"": ""dry""}"
NRIV-00122,"146 Mill Rd, Woodburn NSW",78.9,2.33,0.0,20.0,19.7,Dispatch,88,Send adjuster — extensive property flooding detected,Satellite data at 146 Mill Rd indicates 2.3ft depth; dispatch per 88% confidence.,0,0,0.0,"[{""factor"": ""SAR recency"", ""delta"": 8, ""reason"": ""Imagery 3d post-event \u2014 fresh""}, {""factor"": ""Depth certainty"", ""delta"": 7, ""reason"": ""Moderate depth (2.3ft) \u2014 clear signal""}, {""factor"": ""Coverage coherence"", ""delta"": 8, ""reason"": ""79% coverage \u2014 extensive, coherent""}]",0,,"{""sar"": ""flood"", ""optical"": ""abstain"", ""dem_hydrology"": ""flood""}"
NRIV-00123,"78 Mill Rd, Woodburn NSW",0.0,0.0,0.0,0.0,0.0,Remote-Deny,90,Deny remotely — no significant flooding detected by satellite,Satellite data at 78 Mill Rd indicates 0.0ft depth; remote-deny per 90% confidence.,0,0,0.0,"[{""factor"": ""SAR recency"", ""delta"": 8, ""reason"": ""Imagery 3d post-event \u2014 fresh""}, {""factor"": ""Depth certainty"", ""delta"": 10, ""reason"": ""Near-zero depth \u2014 confidently not flooded""}, {""factor"": ""Coverage coherence"", ""delta"": 7, ""reason"": ""0% coverage \u2014 confidently dry""}]",0,,"{""sar"": ""dry"", ""optical"": ""abstain"", ""dem_hydrology"": ""abstain""}"
NRIV-00124,"156 Tuckombil Rd, Woodburn NSW",0.0,0.0,0.0,0.0,0.0,Remote-Deny,90,Deny remotely — no significant flooding detected by satellite,Satellite data at 156 Tuckombil Rd indicates 0.0ft depth; remote-deny per 90% confidence.,0,0,0.0,"[{""factor"": ""SAR recency"", ""delta"": 8, ""reason"": ""Imagery 3d post-event \u2014 fresh""}, {""factor"": ""Depth certainty"", ""delta"": 10, ""reason"": ""Near-zero depth \u2014 confidently not flooded""}, {""factor"": ""Coverage coherence"", ""delta"": 7, ""reason"": ""0% coverage \u2014 confidently dry""}]",0,,"{""sar"": ""dry"", ""optical"": ""abstain"", ""dem_hydrology"": ""flood""}"
NRIV-00125,"173 Bridge St, Woodburn NSW",0.0,0.0,0.0,0.0,0.0,Remote-Deny,90,Deny remotely — no significant flooding detected by satellite,Satellite data at 173 Bridge St indicates 0.0ft depth; remote-deny per 90% confidence.,0,0,0.0,"[{""factor"": ""SAR recency"", ""delta"": 8, ""reason"": ""Imagery 3d post-event \u2014 fresh""}, {""factor"": ""Depth certainty"", ""delta"": 10, ""reason"": ""Near-zero depth \u2014 confidently not flooded""}, {""factor"": ""Coverage coherence"", ""delta"": 7, ""reason"": ""0% coverage \u2014 confidently dry""}]",0,,"{""sar"": ""dry"", ""optical"": ""abstain"", ""dem_hydrology"": ""abstain""}"
NRIV-00126,"204 Wilson St, Coraki NSW",0.0,0.0,0.0,0.0,0.0,Remote-Deny,90,Deny remotely — no significant flooding detected by satellite,Satellite data at 204 Wilson St indicates 0.0ft depth; remote-deny per 90% confidence.,0,0,0.0,"[{""factor"": ""SAR recency"", ""delta"": 8, ""reason"": ""Imagery 3d post-event \u2014 fresh""}, {""factor"": ""Depth certainty"", ""delta"": 10, ""reason"": ""Near-zero depth \u2014 confidently not flooded""}, {""factor"": ""Coverage coherence"", ""delta"": 7, ""reason"": ""0% coverage \u2014 confidently dry""}]",0,,"{""sar"": ""dry"", ""optical"": ""abstain"", ""dem_hydrology"": ""dry""}"
NRIV-00127,"132 Tuckombil Rd, Coraki NSW",0.0,0.0,0.0,0.0,0.0,Remote-Deny,90,Deny remotely — no significant flooding detected by satellite,Satellite data at 132 Tuckombil Rd indicates 0.0ft depth; remote-deny per 90% confidence.,0,0,0.0,"[{""factor"": ""SAR recency"", ""delta"": 8, ""reason"": ""Imagery 3d post-event \u2014 fresh""}, {""factor"": ""Depth certainty"", ""delta"": 10, ""reason"": ""Near-zero depth \u2014 confidently not flooded""}, {""factor"": ""Coverage coherence"", ""delta"": 7, ""reason"": ""0% coverage \u2014 confidently dry""}]",0,,"{""sar"": ""dry"", ""optical"": ""abstain"", ""dem_hydrology"": ""dry""}"
NRIV-00128,"210 Bridge St, Coraki NSW",0.0,0.0,0.0,0.0,0.0,Remote-Deny,90,Deny remotely — no significant flooding detected by satellite,Satellite data at 210 Bridge St indicates 0.0ft depth; remote-deny per 90% confidence.,0,0,0.0,"[{""factor"": ""SAR recency"", ""delta"": 8, ""reason"": ""Imagery 3d post-event \u2014 fresh""}, {""factor"": ""Depth certainty"", ""delta"": 10, ""reason"": ""Near-zero depth \u2014 confidently not flooded""}, {""factor"": ""Coverage coherence"", ""delta"": 7, ""reason"": ""0% coverage \u2014 confidently dry""}]",0,,"{""sar"": ""dry"", ""optical"": ""abstain"", ""dem_hydrology"": ""abstain""}"
NRIV-00129,"51 Wyrallah Rd, Coraki NSW",0.0,0.0,0.0,0.0,0.0,Remote-Deny,90,Deny remotely — no significant flooding detected by satellite,Satellite data at 51 Wyrallah Rd indicates 0.0ft depth; remote-deny per 90% confidence.,0,0,0.0,"[{""factor"": ""SAR recency"", ""delta"": 8, ""reason"": ""Imagery 3d post-event \u2014 fresh""}, {""factor"": ""Depth certainty"", ""delta"": 10, ""reason"": ""Near-zero depth \u2014 confidently not flooded""}, {""factor"": ""Coverage coherence"", ""delta"": 7, ""reason"": ""0% coverage \u2014 confidently dry""}]",0,,"{""sar"": ""dry"", ""optical"": ""abstain"", ""dem_hydrology"": ""dry""}"
NRIV-00130,"122 Bagotville Rd, Coraki NSW",100.0,5.96,0.0,20.0,19.72,Dispatch,93,Send adjuster — major flood damage likely,Satellite data at 122 Bagotville Rd indicates 6.0ft depth; dispatch per 93% confidence.,0,0,0.0,"[{""factor"": ""SAR recency"", ""delta"": 8, ""reason"": ""Imagery 3d post-event \u2014 fresh""}, {""factor"": ""Depth certainty"", ""delta"": 12, ""reason"": ""Deep water (6.0ft) \u2014 unambiguous""}, {""factor"": ""Coverage coherence"", ""delta"": 8, ""reason"": ""100% coverage \u2014 extensive, coherent""}]",0,,"{""sar"": ""flood"", ""optical"": ""abstain"", ""dem_hydrology"": ""flood""}"
NRIV-00131,"107 Tuckombil Rd, Coraki NSW",60.8,4.54,0.0,20.0,19.69,Review,93,Flag for manual review — independent sensors (SAR/optical/DEM) disagree,Satellite data at 107 Tuckombil Rd indicates 4.5ft depth; review per 93% confidence.,0,0,0.0,"[{""factor"": ""SAR recency"", ""delta"": 8, ""reason"": ""Imagery 3d post-event \u2014 fresh""}, {""factor"": ""Depth certainty"", ""delta"": 12, ""reason"": ""Deep water (4.5ft) \u2014 unambiguous""}, {""factor"": ""Coverage coherence"", ""delta"": 8, ""reason"": ""61% coverage \u2014 extensive, coherent""}]",1,Sensors disagree: SAR indicate flooding while DEM-hydrology indicate dry/implausible — routed to manual review.,"{""sar"": ""flood"", ""optical"": ""abstain"", ""dem_hydrology"": ""dry""}"
NRIV-00132,"99 Molesworth St, Coraki NSW",100.0,2.84,0.0,20.0,19.7,Dispatch,88,Send adjuster — extensive property flooding detected,Satellite data at 99 Molesworth St indicates 2.8ft depth; dispatch per 88% confidence.,0,0,0.0,"[{""factor"": ""SAR recency"", ""delta"": 8, ""reason"": ""Imagery 3d post-event \u2014 fresh""}, {""factor"": ""Depth certainty"", ""delta"": 7, ""reason"": ""Moderate depth (2.8ft) \u2014 clear signal""}, {""factor"": ""Coverage coherence"", ""delta"": 8, ""reason"": ""100% coverage \u2014 extensive, coherent""}]",0,,"{""sar"": ""flood"", ""optical"": ""abstain"", ""dem_hydrology"": ""abstain""}"
NRIV-00133,"177 River Rd, Coraki NSW",100.0,2.21,0.0,20.0,19.69,Dispatch,88,Send adjuster — extensive property flooding detected,Satellite data at 177 River Rd indicates 2.2ft depth; dispatch per 88% confidence.,0,0,0.0,"[{""factor"": ""SAR recency"", ""delta"": 8, ""reason"": ""Imagery 3d post-event \u2014 fresh""}, {""factor"": ""Depth certainty"", ""delta"": 7, ""reason"": ""Moderate depth (2.2ft) \u2014 clear signal""}, {""factor"": ""Coverage coherence"", ""delta"": 8, ""reason"": ""100% coverage \u2014 extensive, coherent""}]",0,,"{""sar"": ""flood"", ""optical"": ""abstain"", ""dem_hydrology"": ""flood""}"
NRIV-00134,"28 Codrington Rd, Coraki NSW",82.0,5.63,0.0,20.0,19.71,Dispatch,93,Send adjuster — major flood damage likely,Satellite data at 28 Codrington Rd indicates 5.6ft depth; dispatch per 93% confidence.,0,0,0.0,"[{""factor"": ""SAR recency"", ""delta"": 8, ""reason"": ""Imagery 3d post-event \u2014 fresh""}, {""factor"": ""Depth certainty"", ""delta"": 12, ""reason"": ""Deep water (5.6ft) \u2014 unambiguous""}, {""factor"": ""Coverage coherence"", ""delta"": 8, ""reason"": ""82% coverage \u2014 extensive, coherent""}]",0,,"{""sar"": ""flood"", ""optical"": ""abstain"", ""dem_hydrology"": ""flood""}"
NRIV-00135,"179 Casino Rd, Coraki NSW",100.0,4.05,0.0,20.0,19.69,Dispatch,93,Send adjuster — major flood damage likely,Satellite data at 179 Casino Rd indicates 4.0ft depth; dispatch per 93% confidence.,0,0,0.0,"[{""factor"": ""SAR recency"", ""delta"": 8, ""reason"": ""Imagery 3d post-event \u2014 fresh""}, {""factor"": ""Depth certainty"", ""delta"": 12, ""reason"": ""Deep water (4.0ft) \u2014 unambiguous""}, {""factor"": ""Coverage coherence"", ""delta"": 8, ""reason"": ""100% coverage \u2014 extensive, coherent""}]",0,,"{""sar"": ""flood"", ""optical"": ""abstain"", ""dem_hydrology"": ""flood""}"
NRIV-00136,"218 Richmond Tce, Coraki NSW",74.9,5.77,0.0,20.0,19.72,Dispatch,93,Send adjuster — major flood damage likely,Satellite data at 218 Richmond Tce indicates 5.8ft depth; dispatch per 93% confidence.,0,0,0.0,"[{""factor"": ""SAR recency"", ""delta"": 8, ""reason"": ""Imagery 3d post-event \u2014 fresh""}, {""factor"": ""Depth certainty"", ""delta"": 12, ""reason"": ""Deep water (5.8ft) \u2014 unambiguous""}, {""factor"": ""Coverage coherence"", ""delta"": 8, ""reason"": ""75% coverage \u2014 extensive, coherent""}]",0,,"{""sar"": ""flood"", ""optical"": ""abstain"", ""dem_hydrology"": ""abstain""}"
NRIV-00137,"171 Casino Rd, Coraki NSW",100.0,7.35,0.0,20.0,19.75,Dispatch,93,Send adjuster — major flood damage likely,Satellite data at 171 Casino Rd indicates 7.3ft depth; dispatch per 93% confidence.,0,0,0.0,"[{""factor"": ""SAR recency"", ""delta"": 8, ""reason"": ""Imagery 3d post-event \u2014 fresh""}, {""factor"": ""Depth certainty"", ""delta"": 12, ""reason"": ""Deep water (7.3ft) \u2014 unambiguous""}, {""factor"": ""Coverage coherence"", ""delta"": 8, ""reason"": ""100% coverage \u2014 extensive, coherent""}]",0,,"{""sar"": ""flood"", ""optical"": ""abstain"", ""dem_hydrology"": ""flood""}"
NRIV-00138,"194 Molesworth St, Woodburn NSW",100.0,3.79,0.0,20.0,19.71,Dispatch,88,Send adjuster — major flood damage likely,Satellite data at 194 Molesworth St indicates 3.8ft depth; dispatch per 88% confidence.,0,0,0.0,"[{""factor"": ""SAR recency"", ""delta"": 8, ""reason"": ""Imagery 3d post-event \u2014 fresh""}, {""factor"": ""Depth certainty"", ""delta"": 7, ""reason"": ""Moderate depth (3.8ft) \u2014 clear signal""}, {""factor"": ""Coverage coherence"", ""delta"": 8, ""reason"": ""100% coverage \u2014 extensive, coherent""}]",0,,"{""sar"": ""flood"", ""optical"": ""abstain"", ""dem_hydrology"": ""abstain""}"
NRIV-00139,"130 Codrington Rd, Woodburn NSW",51.4,2.84,0.0,20.0,19.73,Dispatch,84,Send adjuster — extensive property flooding detected,Satellite data at 130 Codrington Rd indicates 2.8ft depth; dispatch per 84% confidence.,0,0,0.0,"[{""factor"": ""SAR recency"", ""delta"": 8, ""reason"": ""Imagery 3d post-event \u2014 fresh""}, {""factor"": ""Depth certainty"", ""delta"": 7, ""reason"": ""Moderate depth (2.8ft) \u2014 clear signal""}, {""factor"": ""Coverage coherence"", ""delta"": 4, ""reason"": ""51% coverage \u2014 substantial""}]",0,,"{""sar"": ""flood"", ""optical"": ""abstain"", ""dem_hydrology"": ""abstain""}"
NRIV-00140,"41 Wilson St, Woodburn NSW",100.0,2.73,0.0,20.0,19.71,Dispatch,88,Send adjuster — extensive property flooding detected,Satellite data at 41 Wilson St indicates 2.7ft depth; dispatch per 88% confidence.,0,0,0.0,"[{""factor"": ""SAR recency"", ""delta"": 8, ""reason"": ""Imagery 3d post-event \u2014 fresh""}, {""factor"": ""Depth certainty"", ""delta"": 7, ""reason"": ""Moderate depth (2.7ft) \u2014 clear signal""}, {""factor"": ""Coverage coherence"", ""delta"": 8, ""reason"": ""100% coverage \u2014 extensive, coherent""}]",0,,"{""sar"": ""flood"", ""optical"": ""abstain"", ""dem_hydrology"": ""flood""}"
NRIV-00141,"193 Bridge St, Woodburn NSW",74.3,5.02,0.0,20.0,19.7,Dispatch,93,Send adjuster — major flood damage likely,Satellite data at 193 Bridge St indicates 5.0ft depth; dispatch per 93% confidence.,0,0,0.0,"[{""factor"": ""SAR recency"", ""delta"": 8, ""reason"": ""Imagery 3d post-event \u2014 fresh""}, {""factor"": ""Depth certainty"", ""delta"": 12, ""reason"": ""Deep water (5.0ft) \u2014 unambiguous""}, {""factor"": ""Coverage coherence"", ""delta"": 8, ""reason"": ""74% coverage \u2014 extensive, coherent""}]",0,,"{""sar"": ""flood"", ""optical"": ""abstain"", ""dem_hydrology"": ""abstain""}"
NRIV-00142,"200 Casino Rd, Woodburn NSW",100.0,4.82,0.0,20.0,19.71,Dispatch,93,Send adjuster — major flood damage likely,Satellite data at 200 Casino Rd indicates 4.8ft depth; dispatch per 93% confidence.,0,0,0.0,"[{""factor"": ""SAR recency"", ""delta"": 8, ""reason"": ""Imagery 3d post-event \u2014 fresh""}, {""factor"": ""Depth certainty"", ""delta"": 12, ""reason"": ""Deep water (4.8ft) \u2014 unambiguous""}, {""factor"": ""Coverage coherence"", ""delta"": 8, ""reason"": ""100% coverage \u2014 extensive, coherent""}]",0,,"{""sar"": ""flood"", ""optical"": ""abstain"", ""dem_hydrology"": ""flood""}"
NRIV-00143,"113 Richmond Tce, Woodburn NSW",100.0,1.9,0.0,20.0,19.72,Dispatch,84,Send adjuster — extensive property flooding detected,Satellite data at 113 Richmond Tce indicates 1.9ft depth; dispatch per 84% confidence.,0,0,0.0,"[{""factor"": ""SAR recency"", ""delta"": 8, ""reason"": ""Imagery 3d post-event \u2014 fresh""}, {""factor"": ""Depth certainty"", ""delta"": 3, ""reason"": ""Shallow-moderate depth (1.9ft)""}, {""factor"": ""Coverage coherence"", ""delta"": 8, ""reason"": ""100% coverage \u2014 extensive, coherent""}]",0,,"{""sar"": ""flood"", ""optical"": ""abstain"", ""dem_hydrology"": ""abstain""}"
NRIV-00144,"86 Pacific Hwy, Woodburn NSW",100.0,3.29,0.0,20.0,19.7,Dispatch,88,Send adjuster — major flood damage likely,Satellite data at 86 Pacific Hwy indicates 3.3ft depth; dispatch per 88% confidence.,0,0,0.0,"[{""factor"": ""SAR recency"", ""delta"": 8, ""reason"": ""Imagery 3d post-event \u2014 fresh""}, {""factor"": ""Depth certainty"", ""delta"": 7, ""reason"": ""Moderate depth (3.3ft) \u2014 clear signal""}, {""factor"": ""Coverage coherence"", ""delta"": 8, ""reason"": ""100% coverage \u2014 extensive, coherent""}]",0,,"{""sar"": ""flood"", ""optical"": ""abstain"", ""dem_hydrology"": ""flood""}"
NRIV-00145,"39 Bridge St, Woodburn NSW",100.0,3.08,0.0,20.0,19.7,Dispatch,88,Send adjuster — major flood damage likely,Satellite data at 39 Bridge St indicates 3.1ft depth; dispatch per 88% confidence.,0,0,0.0,"[{""factor"": ""SAR recency"", ""delta"": 8, ""reason"": ""Imagery 3d post-event \u2014 fresh""}, {""factor"": ""Depth certainty"", ""delta"": 7, ""reason"": ""Moderate depth (3.1ft) \u2014 clear signal""}, {""factor"": ""Coverage coherence"", ""delta"": 8, ""reason"": ""100% coverage \u2014 extensive, coherent""}]",0,,"{""sar"": ""flood"", ""optical"": ""abstain"", ""dem_hydrology"": ""flood""}"
NRIV-00146,"55 Richmond Tce, Woodburn NSW",18.2,10.41,0.0,20.0,19.69,Dispatch,92,Send adjuster — major flood damage likely,Satellite data at 55 Richmond Tce indicates 10.4ft depth; dispatch per 92% confidence.,0,1,0.8006,"[{""factor"": ""SAR recency"", ""delta"": 8, ""reason"": ""Imagery 3d post-event \u2014 fresh""}, {""factor"": ""Depth certainty"", ""delta"": 12, ""reason"": ""Deep water (10.4ft) \u2014 unambiguous""}, {""factor"": ""Coverage coherence"", ""delta"": -3, ""reason"": ""18% coverage \u2014 ambiguous partial""}, {""factor"": ""Optical cross-check"", ""delta"": 10, ""reason"": ""Sentinel-2 confirms standing water \u2014 sensors agree""}]",0,,"{""sar"": ""flood"", ""optical"": ""flood"", ""dem_hydrology"": ""flood""}"
NRIV-00147,"120 Codrington Rd, Woodburn NSW",90.5,4.34,0.0,20.0,19.71,Dispatch,93,Send adjuster — major flood damage likely,Satellite data at 120 Codrington Rd indicates 4.3ft depth; dispatch per 93% confidence.,0,0,0.0,"[{""factor"": ""SAR recency"", ""delta"": 8, ""reason"": ""Imagery 3d post-event \u2014 fresh""}, {""factor"": ""Depth certainty"", ""delta"": 12, ""reason"": ""Deep water (4.3ft) \u2014 unambiguous""}, {""factor"": ""Coverage coherence"", ""delta"": 8, ""reason"": ""90% coverage \u2014 extensive, coherent""}]",0,,"{""sar"": ""flood"", ""optical"": ""abstain"", ""dem_hydrology"": ""flood""}"
NRIV-00148,"100 Bagotville Rd, Woodburn NSW",0.0,0.0,0.0,0.0,0.0,Remote-Deny,90,Deny remotely — no significant flooding detected by satellite,Satellite data at 100 Bagotville Rd indicates 0.0ft depth; remote-deny per 90% confidence.,0,0,0.0,"[{""factor"": ""SAR recency"", ""delta"": 8, ""reason"": ""Imagery 3d post-event \u2014 fresh""}, {""factor"": ""Depth certainty"", ""delta"": 10, ""reason"": ""Near-zero depth \u2014 confidently not flooded""}, {""factor"": ""Coverage coherence"", ""delta"": 7, ""reason"": ""0% coverage \u2014 confidently dry""}]",0,,"{""sar"": ""dry"", ""optical"": ""abstain"", ""dem_hydrology"": ""abstain""}"
NRIV-00149,"196 Bagotville Rd, Woodburn NSW",0.0,0.0,0.0,0.0,0.0,Remote-Deny,90,Deny remotely — no significant flooding detected by satellite,Satellite data at 196 Bagotville Rd indicates 0.0ft depth; remote-deny per 90% confidence.,0,0,0.0,"[{""factor"": ""SAR recency"", ""delta"": 8, ""reason"": ""Imagery 3d post-event \u2014 fresh""}, {""factor"": ""Depth certainty"", ""delta"": 10, ""reason"": ""Near-zero depth \u2014 confidently not flooded""}, {""factor"": ""Coverage coherence"", ""delta"": 7, ""reason"": ""0% coverage \u2014 confidently dry""}]",0,,"{""sar"": ""dry"", ""optical"": ""abstain"", ""dem_hydrology"": ""flood""}"
NRIV-00150,"91 Mill Rd, Woodburn NSW",0.0,0.0,0.0,0.0,0.0,Remote-Deny,90,Deny remotely — no significant flooding detected by satellite,Satellite data at 91 Mill Rd indicates 0.0ft depth; remote-deny per 90% confidence.,0,0,0.0,"[{""factor"": ""SAR recency"", ""delta"": 8, ""reason"": ""Imagery 3d post-event \u2014 fresh""}, {""factor"": ""Depth certainty"", ""delta"": 10, ""reason"": ""Near-zero depth \u2014 confidently not flooded""}, {""factor"": ""Coverage coherence"", ""delta"": 7, ""reason"": ""0% coverage \u2014 confidently dry""}]",0,,"{""sar"": ""dry"", ""optical"": ""abstain"", ""dem_hydrology"": ""flood""}"
NRIV-00151,"214 Codrington Rd, Coraki NSW",0.0,0.0,0.0,0.0,0.0,Remote-Deny,90,Deny remotely — no significant flooding detected by satellite,Satellite data at 214 Codrington Rd indicates 0.0ft depth; remote-deny per 90% confidence.,0,0,0.0,"[{""factor"": ""SAR recency"", ""delta"": 8, ""reason"": ""Imagery 3d post-event \u2014 fresh""}, {""factor"": ""Depth certainty"", ""delta"": 10, ""reason"": ""Near-zero depth \u2014 confidently not flooded""}, {""factor"": ""Coverage coherence"", ""delta"": 7, ""reason"": ""0% coverage \u2014 confidently dry""}]",0,,"{""sar"": ""dry"", ""optical"": ""abstain"", ""dem_hydrology"": ""dry""}"
NRIV-00152,"205 Bagotville Rd, Coraki NSW",73.2,1.63,0.0,20.0,19.69,Dispatch,84,Send adjuster — extensive property flooding detected,Satellite data at 205 Bagotville Rd indicates 1.6ft depth; dispatch per 84% confidence.,0,0,0.0,"[{""factor"": ""SAR recency"", ""delta"": 8, ""reason"": ""Imagery 3d post-event \u2014 fresh""}, {""factor"": ""Depth certainty"", ""delta"": 3, ""reason"": ""Shallow-moderate depth (1.6ft)""}, {""factor"": ""Coverage coherence"", ""delta"": 8, ""reason"": ""73% coverage \u2014 extensive, coherent""}]",0,,"{""sar"": ""flood"", ""optical"": ""abstain"", ""dem_hydrology"": ""abstain""}"
NRIV-00153,"70 Codrington Rd, Coraki NSW",100.0,2.65,0.0,20.0,19.69,Dispatch,88,Send adjuster — extensive property flooding detected,Satellite data at 70 Codrington Rd indicates 2.6ft depth; dispatch per 88% confidence.,0,0,0.0,"[{""factor"": ""SAR recency"", ""delta"": 8, ""reason"": ""Imagery 3d post-event \u2014 fresh""}, {""factor"": ""Depth certainty"", ""delta"": 7, ""reason"": ""Moderate depth (2.6ft) \u2014 clear signal""}, {""factor"": ""Coverage coherence"", ""delta"": 8, ""reason"": ""100% coverage \u2014 extensive, coherent""}]",0,,"{""sar"": ""flood"", ""optical"": ""abstain"", ""dem_hydrology"": ""flood""}"
NRIV-00154,"172 Tuckombil Rd, Coraki NSW",100.0,2.15,0.0,20.0,19.69,Dispatch,88,Send adjuster — extensive property flooding detected,Satellite data at 172 Tuckombil Rd indicates 2.1ft depth; dispatch per 88% confidence.,0,0,0.0,"[{""factor"": ""SAR recency"", ""delta"": 8, ""reason"": ""Imagery 3d post-event \u2014 fresh""}, {""factor"": ""Depth certainty"", ""delta"": 7, ""reason"": ""Moderate depth (2.1ft) \u2014 clear signal""}, {""factor"": ""Coverage coherence"", ""delta"": 8, ""reason"": ""100% coverage \u2014 extensive, coherent""}]",0,,"{""sar"": ""flood"", ""optical"": ""abstain"", ""dem_hydrology"": ""flood""}"
NRIV-00155,"216 Molesworth St, Coraki NSW",100.0,3.54,0.0,20.0,19.7,Dispatch,88,Send adjuster — major flood damage likely,Satellite data at 216 Molesworth St indicates 3.5ft depth; dispatch per 88% confidence.,0,0,0.0,"[{""factor"": ""SAR recency"", ""delta"": 8, ""reason"": ""Imagery 3d post-event \u2014 fresh""}, {""factor"": ""Depth certainty"", ""delta"": 7, ""reason"": ""Moderate depth (3.5ft) \u2014 clear signal""}, {""factor"": ""Coverage coherence"", ""delta"": 8, ""reason"": ""100% coverage \u2014 extensive, coherent""}]",0,,"{""sar"": ""flood"", ""optical"": ""abstain"", ""dem_hydrology"": ""flood""}"
NRIV-00156,"137 River Rd, Coraki NSW",90.8,3.34,0.0,20.0,19.73,Dispatch,88,Send adjuster — major flood damage likely,Satellite data at 137 River Rd indicates 3.3ft depth; dispatch per 88% confidence.,0,0,0.0,"[{""factor"": ""SAR recency"", ""delta"": 8, ""reason"": ""Imagery 3d post-event \u2014 fresh""}, {""factor"": ""Depth certainty"", ""delta"": 7, ""reason"": ""Moderate depth (3.3ft) \u2014 clear signal""}, {""factor"": ""Coverage coherence"", ""delta"": 8, ""reason"": ""91% coverage \u2014 extensive, coherent""}]",0,,"{""sar"": ""flood"", ""optical"": ""abstain"", ""dem_hydrology"": ""abstain""}"
NRIV-00157,"170 River Rd, Coraki NSW",100.0,1.89,0.0,20.0,19.69,Dispatch,84,Send adjuster — extensive property flooding detected,Satellite data at 170 River Rd indicates 1.9ft depth; dispatch per 84% confidence.,0,0,0.0,"[{""factor"": ""SAR recency"", ""delta"": 8, ""reason"": ""Imagery 3d post-event \u2014 fresh""}, {""factor"": ""Depth certainty"", ""delta"": 3, ""reason"": ""Shallow-moderate depth (1.9ft)""}, {""factor"": ""Coverage coherence"", ""delta"": 8, ""reason"": ""100% coverage \u2014 extensive, coherent""}]",0,,"{""sar"": ""flood"", ""optical"": ""abstain"", ""dem_hydrology"": ""flood""}"
NRIV-00158,"119 Wyrallah Rd, Coraki NSW",80.8,6.52,0.0,20.0,19.71,Dispatch,78,Send adjuster — major flood damage likely,Satellite data at 119 Wyrallah Rd indicates 6.5ft depth; dispatch per 78% confidence.,1,0,0.0,"[{""factor"": ""SAR recency"", ""delta"": 8, ""reason"": ""Imagery 3d post-event \u2014 fresh""}, {""factor"": ""Depth certainty"", ""delta"": 12, ""reason"": ""Deep water (6.5ft) \u2014 unambiguous""}, {""factor"": ""Coverage coherence"", ""delta"": 8, ""reason"": ""81% coverage \u2014 extensive, coherent""}, {""factor"": ""Urban SAR shadow"", ""delta"": -15, ""reason"": ""Dense urban area \u2014 radar shadow can mimic water""}]",0,,"{""sar"": ""flood"", ""optical"": ""abstain"", ""dem_hydrology"": ""abstain""}"
NRIV-00159,"55 Molesworth St, Coraki NSW",100.0,1.28,0.0,20.0,19.69,Dispatch,84,Send adjuster — extensive property flooding detected,Satellite data at 55 Molesworth St indicates 1.3ft depth; dispatch per 84% confidence.,0,0,0.0,"[{""factor"": ""SAR recency"", ""delta"": 8, ""reason"": ""Imagery 3d post-event \u2014 fresh""}, {""factor"": ""Depth certainty"", ""delta"": 3, ""reason"": ""Shallow-moderate depth (1.3ft)""}, {""factor"": ""Coverage coherence"", ""delta"": 8, ""reason"": ""100% coverage \u2014 extensive, coherent""}]",0,,"{""sar"": ""flood"", ""optical"": ""abstain"", ""dem_hydrology"": ""flood""}"
NRIV-00160,"98 Mill Rd, Coraki NSW",0.0,0.0,0.0,0.0,0.0,Remote-Deny,90,Deny remotely — no significant flooding detected by satellite,Satellite data at 98 Mill Rd indicates 0.0ft depth; remote-deny per 90% confidence.,0,0,0.0,"[{""factor"": ""SAR recency"", ""delta"": 8, ""reason"": ""Imagery 3d post-event \u2014 fresh""}, {""factor"": ""Depth certainty"", ""delta"": 10, ""reason"": ""Near-zero depth \u2014 confidently not flooded""}, {""factor"": ""Coverage coherence"", ""delta"": 7, ""reason"": ""0% coverage \u2014 confidently dry""}]",0,,"{""sar"": ""dry"", ""optical"": ""abstain"", ""dem_hydrology"": ""abstain""}"
NRIV-00161,"65 Richmond Tce, Coraki NSW",100.0,1.89,0.0,20.0,19.69,Dispatch,84,Send adjuster — extensive property flooding detected,Satellite data at 65 Richmond Tce indicates 1.9ft depth; dispatch per 84% confidence.,0,0,0.0,"[{""factor"": ""SAR recency"", ""delta"": 8, ""reason"": ""Imagery 3d post-event \u2014 fresh""}, {""factor"": ""Depth certainty"", ""delta"": 3, ""reason"": ""Shallow-moderate depth (1.9ft)""}, {""factor"": ""Coverage coherence"", ""delta"": 8, ""reason"": ""100% coverage \u2014 extensive, coherent""}]",0,,"{""sar"": ""flood"", ""optical"": ""abstain"", ""dem_hydrology"": ""flood""}"
NRIV-00162,"14 Pacific Hwy, Coraki NSW",100.0,1.32,0.0,20.0,19.69,Dispatch,84,Send adjuster — extensive property flooding detected,Satellite data at 14 Pacific Hwy indicates 1.3ft depth; dispatch per 84% confidence.,0,0,0.0,"[{""factor"": ""SAR recency"", ""delta"": 8, ""reason"": ""Imagery 3d post-event \u2014 fresh""}, {""factor"": ""Depth certainty"", ""delta"": 3, ""reason"": ""Shallow-moderate depth (1.3ft)""}, {""factor"": ""Coverage coherence"", ""delta"": 8, ""reason"": ""100% coverage \u2014 extensive, coherent""}]",0,,"{""sar"": ""flood"", ""optical"": ""abstain"", ""dem_hydrology"": ""flood""}"
NRIV-00163,"167 River Rd, Coraki NSW",100.0,7.32,0.0,20.0,19.71,Dispatch,93,Send adjuster — major flood damage likely,Satellite data at 167 River Rd indicates 7.3ft depth; dispatch per 93% confidence.,0,0,0.0,"[{""factor"": ""SAR recency"", ""delta"": 8, ""reason"": ""Imagery 3d post-event \u2014 fresh""}, {""factor"": ""Depth certainty"", ""delta"": 12, ""reason"": ""Deep water (7.3ft) \u2014 unambiguous""}, {""factor"": ""Coverage coherence"", ""delta"": 8, ""reason"": ""100% coverage \u2014 extensive, coherent""}]",0,,"{""sar"": ""flood"", ""optical"": ""abstain"", ""dem_hydrology"": ""flood""}"
NRIV-00164,"52 River Rd, Woodburn NSW",100.0,4.4,0.0,20.0,19.7,Dispatch,93,Send adjuster — major flood damage likely,Satellite data at 52 River Rd indicates 4.4ft depth; dispatch per 93% confidence.,0,0,0.0,"[{""factor"": ""SAR recency"", ""delta"": 8, ""reason"": ""Imagery 3d post-event \u2014 fresh""}, {""factor"": ""Depth certainty"", ""delta"": 12, ""reason"": ""Deep water (4.4ft) \u2014 unambiguous""}, {""factor"": ""Coverage coherence"", ""delta"": 8, ""reason"": ""100% coverage \u2014 extensive, coherent""}]",0,,"{""sar"": ""flood"", ""optical"": ""abstain"", ""dem_hydrology"": ""flood""}"
NRIV-00165,"122 Tuckombil Rd, Woodburn NSW",98.0,7.53,0.0,20.0,19.7,Dispatch,93,Send adjuster — major flood damage likely,Satellite data at 122 Tuckombil Rd indicates 7.5ft depth; dispatch per 93% confidence.,0,0,0.0,"[{""factor"": ""SAR recency"", ""delta"": 8, ""reason"": ""Imagery 3d post-event \u2014 fresh""}, {""factor"": ""Depth certainty"", ""delta"": 12, ""reason"": ""Deep water (7.5ft) \u2014 unambiguous""}, {""factor"": ""Coverage coherence"", ""delta"": 8, ""reason"": ""98% coverage \u2014 extensive, coherent""}]",0,,"{""sar"": ""flood"", ""optical"": ""abstain"", ""dem_hydrology"": ""abstain""}"
NRIV-00166,"120 Wilson St, Woodburn NSW",100.0,1.68,0.0,20.0,19.73,Dispatch,84,Send adjuster — extensive property flooding detected,Satellite data at 120 Wilson St indicates 1.7ft depth; dispatch per 84% confidence.,0,0,0.0,"[{""factor"": ""SAR recency"", ""delta"": 8, ""reason"": ""Imagery 3d post-event \u2014 fresh""}, {""factor"": ""Depth certainty"", ""delta"": 3, ""reason"": ""Shallow-moderate depth (1.7ft)""}, {""factor"": ""Coverage coherence"", ""delta"": 8, ""reason"": ""100% coverage \u2014 extensive, coherent""}]",0,,"{""sar"": ""flood"", ""optical"": ""abstain"", ""dem_hydrology"": ""abstain""}"
NRIV-00167,"156 Bagotville Rd, Woodburn NSW",100.0,5.14,0.0,20.0,19.72,Dispatch,93,Send adjuster — major flood damage likely,Satellite data at 156 Bagotville Rd indicates 5.1ft depth; dispatch per 93% confidence.,0,0,0.0,"[{""factor"": ""SAR recency"", ""delta"": 8, ""reason"": ""Imagery 3d post-event \u2014 fresh""}, {""factor"": ""Depth certainty"", ""delta"": 12, ""reason"": ""Deep water (5.1ft) \u2014 unambiguous""}, {""factor"": ""Coverage coherence"", ""delta"": 8, ""reason"": ""100% coverage \u2014 extensive, coherent""}]",0,,"{""sar"": ""flood"", ""optical"": ""abstain"", ""dem_hydrology"": ""flood""}"
NRIV-00168,"200 Wyrallah Rd, Woodburn NSW",100.0,3.94,0.0,20.0,19.72,Dispatch,88,Send adjuster — major flood damage likely,Satellite data at 200 Wyrallah Rd indicates 3.9ft depth; dispatch per 88% confidence.,0,0,0.0,"[{""factor"": ""SAR recency"", ""delta"": 8, ""reason"": ""Imagery 3d post-event \u2014 fresh""}, {""factor"": ""Depth certainty"", ""delta"": 7, ""reason"": ""Moderate depth (3.9ft) \u2014 clear signal""}, {""factor"": ""Coverage coherence"", ""delta"": 8, ""reason"": ""100% coverage \u2014 extensive, coherent""}]",0,,"{""sar"": ""flood"", ""optical"": ""abstain"", ""dem_hydrology"": ""flood""}"
NRIV-00169,"7 Mill Rd, Woodburn NSW",17.5,1.16,0.0,20.0,19.69,Review,73,Flag for manual review — borderline measurements or low confidence,Satellite data at 7 Mill Rd indicates 1.2ft depth; review per 73% confidence.,0,0,0.0,"[{""factor"": ""SAR recency"", ""delta"": 8, ""reason"": ""Imagery 3d post-event \u2014 fresh""}, {""factor"": ""Depth certainty"", ""delta"": 3, ""reason"": ""Shallow-moderate depth (1.2ft)""}, {""factor"": ""Coverage coherence"", ""delta"": -3, ""reason"": ""17% coverage \u2014 ambiguous partial""}]",0,,"{""sar"": ""flood"", ""optical"": ""abstain"", ""dem_hydrology"": ""abstain""}"
NRIV-00170,"97 Codrington Rd, Woodburn NSW",27.4,9.68,0.0,20.0,19.69,Dispatch,82,Send adjuster — major flood damage likely,Satellite data at 97 Codrington Rd indicates 9.7ft depth; dispatch per 82% confidence.,0,0,0.0,"[{""factor"": ""SAR recency"", ""delta"": 8, ""reason"": ""Imagery 3d post-event \u2014 fresh""}, {""factor"": ""Depth certainty"", ""delta"": 12, ""reason"": ""Deep water (9.7ft) \u2014 unambiguous""}, {""factor"": ""Coverage coherence"", ""delta"": -3, ""reason"": ""27% coverage \u2014 ambiguous partial""}]",0,,"{""sar"": ""flood"", ""optical"": ""abstain"", ""dem_hydrology"": ""flood""}"
NRIV-00171,"152 Wilson St, Woodburn NSW",100.0,3.96,0.0,20.0,19.7,Dispatch,88,Send adjuster — major flood damage likely,Satellite data at 152 Wilson St indicates 4.0ft depth; dispatch per 88% confidence.,0,0,0.0,"[{""factor"": ""SAR recency"", ""delta"": 8, ""reason"": ""Imagery 3d post-event \u2014 fresh""}, {""factor"": ""Depth certainty"", ""delta"": 7, ""reason"": ""Moderate depth (4.0ft) \u2014 clear signal""}, {""factor"": ""Coverage coherence"", ""delta"": 8, ""reason"": ""100% coverage \u2014 extensive, coherent""}]",0,,"{""sar"": ""flood"", ""optical"": ""abstain"", ""dem_hydrology"": ""abstain""}"
NRIV-00172,"179 Mill Rd, Woodburn NSW",0.0,0.0,0.0,0.0,0.0,Remote-Deny,90,Deny remotely — no significant flooding detected by satellite,Satellite data at 179 Mill Rd indicates 0.0ft depth; remote-deny per 90% confidence.,0,0,0.0,"[{""factor"": ""SAR recency"", ""delta"": 8, ""reason"": ""Imagery 3d post-event \u2014 fresh""}, {""factor"": ""Depth certainty"", ""delta"": 10, ""reason"": ""Near-zero depth \u2014 confidently not flooded""}, {""factor"": ""Coverage coherence"", ""delta"": 7, ""reason"": ""0% coverage \u2014 confidently dry""}]",0,,"{""sar"": ""dry"", ""optical"": ""abstain"", ""dem_hydrology"": ""dry""}"
NRIV-00173,"31 Bagotville Rd, Woodburn NSW",0.0,0.0,0.0,0.0,0.0,Remote-Deny,90,Deny remotely — no significant flooding detected by satellite,Satellite data at 31 Bagotville Rd indicates 0.0ft depth; remote-deny per 90% confidence.,0,0,0.0,"[{""factor"": ""SAR recency"", ""delta"": 8, ""reason"": ""Imagery 3d post-event \u2014 fresh""}, {""factor"": ""Depth certainty"", ""delta"": 10, ""reason"": ""Near-zero depth \u2014 confidently not flooded""}, {""factor"": ""Coverage coherence"", ""delta"": 7, ""reason"": ""0% coverage \u2014 confidently dry""}]",0,,"{""sar"": ""dry"", ""optical"": ""abstain"", ""dem_hydrology"": ""abstain""}"
NRIV-00174,"110 Tuckombil Rd, Woodburn NSW",0.0,0.0,0.0,0.0,0.0,Remote-Deny,90,Deny remotely — no significant flooding detected by satellite,Satellite data at 110 Tuckombil Rd indicates 0.0ft depth; remote-deny per 90% confidence.,0,0,0.0,"[{""factor"": ""SAR recency"", ""delta"": 8, ""reason"": ""Imagery 3d post-event \u2014 fresh""}, {""factor"": ""Depth certainty"", ""delta"": 10, ""reason"": ""Near-zero depth \u2014 confidently not flooded""}, {""factor"": ""Coverage coherence"", ""delta"": 7, ""reason"": ""0% coverage \u2014 confidently dry""}]",0,,"{""sar"": ""dry"", ""optical"": ""abstain"", ""dem_hydrology"": ""abstain""}"
NRIV-00175,"88 River Rd, Woodburn NSW",0.0,0.0,0.0,0.0,0.0,Remote-Deny,90,Deny remotely — no significant flooding detected by satellite,Satellite data at 88 River Rd indicates 0.0ft depth; remote-deny per 90% confidence.,0,0,0.0,"[{""factor"": ""SAR recency"", ""delta"": 8, ""reason"": ""Imagery 3d post-event \u2014 fresh""}, {""factor"": ""Depth certainty"", ""delta"": 10, ""reason"": ""Near-zero depth \u2014 confidently not flooded""}, {""factor"": ""Coverage coherence"", ""delta"": 7, ""reason"": ""0% coverage \u2014 confidently dry""}]",0,,"{""sar"": ""dry"", ""optical"": ""abstain"", ""dem_hydrology"": ""dry""}"
NRIV-00176,"28 Codrington Rd, Coraki NSW",0.0,0.0,0.0,0.0,0.0,Remote-Deny,90,Deny remotely — no significant flooding detected by satellite,Satellite data at 28 Codrington Rd indicates 0.0ft depth; remote-deny per 90% confidence.,0,0,0.0,"[{""factor"": ""SAR recency"", ""delta"": 8, ""reason"": ""Imagery 3d post-event \u2014 fresh""}, {""factor"": ""Depth certainty"", ""delta"": 10, ""reason"": ""Near-zero depth \u2014 confidently not flooded""}, {""factor"": ""Coverage coherence"", ""delta"": 7, ""reason"": ""0% coverage \u2014 confidently dry""}]",0,,"{""sar"": ""dry"", ""optical"": ""abstain"", ""dem_hydrology"": ""dry""}"
NRIV-00177,"213 Molesworth St, Coraki NSW",0.0,0.0,0.0,0.0,0.0,Remote-Deny,90,Deny remotely — no significant flooding detected by satellite,Satellite data at 213 Molesworth St indicates 0.0ft depth; remote-deny per 90% confidence.,0,0,0.0,"[{""factor"": ""SAR recency"", ""delta"": 8, ""reason"": ""Imagery 3d post-event \u2014 fresh""}, {""factor"": ""Depth certainty"", ""delta"": 10, ""reason"": ""Near-zero depth \u2014 confidently not flooded""}, {""factor"": ""Coverage coherence"", ""delta"": 7, ""reason"": ""0% coverage \u2014 confidently dry""}]",0,,"{""sar"": ""dry"", ""optical"": ""abstain"", ""dem_hydrology"": ""dry""}"
NRIV-00178,"188 Casino Rd, Coraki NSW",0.0,0.0,0.0,0.0,0.0,Remote-Deny,90,Deny remotely — no significant flooding detected by satellite,Satellite data at 188 Casino Rd indicates 0.0ft depth; remote-deny per 90% confidence.,0,0,0.0,"[{""factor"": ""SAR recency"", ""delta"": 8, ""reason"": ""Imagery 3d post-event \u2014 fresh""}, {""factor"": ""Depth certainty"", ""delta"": 10, ""reason"": ""Near-zero depth \u2014 confidently not flooded""}, {""factor"": ""Coverage coherence"", ""delta"": 7, ""reason"": ""0% coverage \u2014 confidently dry""}]",0,,"{""sar"": ""dry"", ""optical"": ""abstain"", ""dem_hydrology"": ""dry""}"
NRIV-00179,"207 Casino Rd, Coraki NSW",62.2,7.49,0.0,20.0,19.75,Review,93,Flag for manual review — independent sensors (SAR/optical/DEM) disagree,Satellite data at 207 Casino Rd indicates 7.5ft depth; review per 93% confidence.,0,0,0.0,"[{""factor"": ""SAR recency"", ""delta"": 8, ""reason"": ""Imagery 3d post-event \u2014 fresh""}, {""factor"": ""Depth certainty"", ""delta"": 12, ""reason"": ""Deep water (7.5ft) \u2014 unambiguous""}, {""factor"": ""Coverage coherence"", ""delta"": 8, ""reason"": ""62% coverage \u2014 extensive, coherent""}]",1,Sensors disagree: SAR indicate flooding while DEM-hydrology indicate dry/implausible — routed to manual review.,"{""sar"": ""flood"", ""optical"": ""abstain"", ""dem_hydrology"": ""dry""}"
NRIV-00180,"212 Wilson St, Coraki NSW",11.6,10.21,0.0,20.0,19.69,Dispatch,82,Send adjuster — major flood damage likely,Satellite data at 212 Wilson St indicates 10.2ft depth; dispatch per 82% confidence.,0,0,0.0,"[{""factor"": ""SAR recency"", ""delta"": 8, ""reason"": ""Imagery 3d post-event \u2014 fresh""}, {""factor"": ""Depth certainty"", ""delta"": 12, ""reason"": ""Deep water (10.2ft) \u2014 unambiguous""}, {""factor"": ""Coverage coherence"", ""delta"": -3, ""reason"": ""12% coverage \u2014 ambiguous partial""}]",0,,"{""sar"": ""flood"", ""optical"": ""abstain"", ""dem_hydrology"": ""abstain""}"
NRIV-00181,"63 Richmond Tce, Coraki NSW",92.5,6.23,0.0,20.0,19.71,Dispatch,93,Send adjuster — major flood damage likely,Satellite data at 63 Richmond Tce indicates 6.2ft depth; dispatch per 93% confidence.,0,0,0.0,"[{""factor"": ""SAR recency"", ""delta"": 8, ""reason"": ""Imagery 3d post-event \u2014 fresh""}, {""factor"": ""Depth certainty"", ""delta"": 12, ""reason"": ""Deep water (6.2ft) \u2014 unambiguous""}, {""factor"": ""Coverage coherence"", ""delta"": 8, ""reason"": ""92% coverage \u2014 extensive, coherent""}]",0,,"{""sar"": ""flood"", ""optical"": ""abstain"", ""dem_hydrology"": ""abstain""}"
NRIV-00182,"193 Molesworth St, Coraki NSW",0.0,0.0,0.0,0.0,0.0,Remote-Deny,90,Deny remotely — no significant flooding detected by satellite,Satellite data at 193 Molesworth St indicates 0.0ft depth; remote-deny per 90% confidence.,0,0,0.0,"[{""factor"": ""SAR recency"", ""delta"": 8, ""reason"": ""Imagery 3d post-event \u2014 fresh""}, {""factor"": ""Depth certainty"", ""delta"": 10, ""reason"": ""Near-zero depth \u2014 confidently not flooded""}, {""factor"": ""Coverage coherence"", ""delta"": 7, ""reason"": ""0% coverage \u2014 confidently dry""}]",0,,"{""sar"": ""dry"", ""optical"": ""abstain"", ""dem_hydrology"": ""abstain""}"
NRIV-00183,"87 River Rd, Coraki NSW",94.9,5.37,0.0,20.0,19.71,Dispatch,93,Send adjuster — major flood damage likely,Satellite data at 87 River Rd indicates 5.4ft depth; dispatch per 93% confidence.,0,0,0.0,"[{""factor"": ""SAR recency"", ""delta"": 8, ""reason"": ""Imagery 3d post-event \u2014 fresh""}, {""factor"": ""Depth certainty"", ""delta"": 12, ""reason"": ""Deep water (5.4ft) \u2014 unambiguous""}, {""factor"": ""Coverage coherence"", ""delta"": 8, ""reason"": ""95% coverage \u2014 extensive, coherent""}]",0,,"{""sar"": ""flood"", ""optical"": ""abstain"", ""dem_hydrology"": ""abstain""}"
NRIV-00184,"125 Bridge St, Coraki NSW",100.0,5.9,0.0,20.0,19.73,Dispatch,93,Send adjuster — major flood damage likely,Satellite data at 125 Bridge St indicates 5.9ft depth; dispatch per 93% confidence.,0,0,0.0,"[{""factor"": ""SAR recency"", ""delta"": 8, ""reason"": ""Imagery 3d post-event \u2014 fresh""}, {""factor"": ""Depth certainty"", ""delta"": 12, ""reason"": ""Deep water (5.9ft) \u2014 unambiguous""}, {""factor"": ""Coverage coherence"", ""delta"": 8, ""reason"": ""100% coverage \u2014 extensive, coherent""}]",0,,"{""sar"": ""flood"", ""optical"": ""abstain"", ""dem_hydrology"": ""abstain""}"
NRIV-00185,"72 Bagotville Rd, Coraki NSW",0.0,0.0,0.0,0.0,0.0,Remote-Deny,90,Deny remotely — no significant flooding detected by satellite,Satellite data at 72 Bagotville Rd indicates 0.0ft depth; remote-deny per 90% confidence.,0,0,0.0,"[{""factor"": ""SAR recency"", ""delta"": 8, ""reason"": ""Imagery 3d post-event \u2014 fresh""}, {""factor"": ""Depth certainty"", ""delta"": 10, ""reason"": ""Near-zero depth \u2014 confidently not flooded""}, {""factor"": ""Coverage coherence"", ""delta"": 7, ""reason"": ""0% coverage \u2014 confidently dry""}]",0,,"{""sar"": ""dry"", ""optical"": ""abstain"", ""dem_hydrology"": ""abstain""}"
NRIV-00186,"3 Casino Rd, Coraki NSW",0.0,0.0,0.0,0.0,0.0,Remote-Deny,90,Deny remotely — no significant flooding detected by satellite,Satellite data at 3 Casino Rd indicates 0.0ft depth; remote-deny per 90% confidence.,0,0,0.0,"[{""factor"": ""SAR recency"", ""delta"": 8, ""reason"": ""Imagery 3d post-event \u2014 fresh""}, {""factor"": ""Depth certainty"", ""delta"": 10, ""reason"": ""Near-zero depth \u2014 confidently not flooded""}, {""factor"": ""Coverage coherence"", ""delta"": 7, ""reason"": ""0% coverage \u2014 confidently dry""}]",0,,"{""sar"": ""dry"", ""optical"": ""abstain"", ""dem_hydrology"": ""dry""}"
NRIV-00187,"185 Codrington Rd, Coraki NSW",100.0,1.22,0.0,20.0,19.69,Dispatch,84,Send adjuster — extensive property flooding detected,Satellite data at 185 Codrington Rd indicates 1.2ft depth; dispatch per 84% confidence.,0,0,0.0,"[{""factor"": ""SAR recency"", ""delta"": 8, ""reason"": ""Imagery 3d post-event \u2014 fresh""}, {""factor"": ""Depth certainty"", ""delta"": 3, ""reason"": ""Shallow-moderate depth (1.2ft)""}, {""factor"": ""Coverage coherence"", ""delta"": 8, ""reason"": ""100% coverage \u2014 extensive, coherent""}]",0,,"{""sar"": ""flood"", ""optical"": ""abstain"", ""dem_hydrology"": ""flood""}"
NRIV-00188,"177 Molesworth St, Coraki NSW",100.0,4.28,0.0,20.0,19.7,Dispatch,93,Send adjuster — major flood damage likely,Satellite data at 177 Molesworth St indicates 4.3ft depth; dispatch per 93% confidence.,0,0,0.0,"[{""factor"": ""SAR recency"", ""delta"": 8, ""reason"": ""Imagery 3d post-event \u2014 fresh""}, {""factor"": ""Depth certainty"", ""delta"": 12, ""reason"": ""Deep water (4.3ft) \u2014 unambiguous""}, {""factor"": ""Coverage coherence"", ""delta"": 8, ""reason"": ""100% coverage \u2014 extensive, coherent""}]",0,,"{""sar"": ""flood"", ""optical"": ""abstain"", ""dem_hydrology"": ""flood""}"
NRIV-00189,"203 River Rd, Woodburn NSW",100.0,2.74,0.0,20.0,19.69,Dispatch,88,Send adjuster — extensive property flooding detected,Satellite data at 203 River Rd indicates 2.7ft depth; dispatch per 88% confidence.,0,0,0.0,"[{""factor"": ""SAR recency"", ""delta"": 8, ""reason"": ""Imagery 3d post-event \u2014 fresh""}, {""factor"": ""Depth certainty"", ""delta"": 7, ""reason"": ""Moderate depth (2.7ft) \u2014 clear signal""}, {""factor"": ""Coverage coherence"", ""delta"": 8, ""reason"": ""100% coverage \u2014 extensive, coherent""}]",0,,"{""sar"": ""flood"", ""optical"": ""abstain"", ""dem_hydrology"": ""flood""}"
NRIV-00190,"178 Bridge St, Woodburn NSW",100.0,3.0,0.0,20.0,19.7,Dispatch,88,Send adjuster — major flood damage likely,Satellite data at 178 Bridge St indicates 3.0ft depth; dispatch per 88% confidence.,0,0,0.0,"[{""factor"": ""SAR recency"", ""delta"": 8, ""reason"": ""Imagery 3d post-event \u2014 fresh""}, {""factor"": ""Depth certainty"", ""delta"": 7, ""reason"": ""Moderate depth (3.0ft) \u2014 clear signal""}, {""factor"": ""Coverage coherence"", ""delta"": 8, ""reason"": ""100% coverage \u2014 extensive, coherent""}]",0,,"{""sar"": ""flood"", ""optical"": ""abstain"", ""dem_hydrology"": ""flood""}"
NRIV-00191,"122 Casino Rd, Woodburn NSW",100.0,3.72,0.0,20.0,19.7,Dispatch,88,Send adjuster — major flood damage likely,Satellite data at 122 Casino Rd indicates 3.7ft depth; dispatch per 88% confidence.,0,0,0.0,"[{""factor"": ""SAR recency"", ""delta"": 8, ""reason"": ""Imagery 3d post-event \u2014 fresh""}, {""factor"": ""Depth certainty"", ""delta"": 7, ""reason"": ""Moderate depth (3.7ft) \u2014 clear signal""}, {""factor"": ""Coverage coherence"", ""delta"": 8, ""reason"": ""100% coverage \u2014 extensive, coherent""}]",0,,"{""sar"": ""flood"", ""optical"": ""abstain"", ""dem_hydrology"": ""flood""}"
NRIV-00192,"191 Casino Rd, Woodburn NSW",100.0,4.59,0.0,20.0,19.71,Dispatch,93,Send adjuster — major flood damage likely,Satellite data at 191 Casino Rd indicates 4.6ft depth; dispatch per 93% confidence.,0,0,0.0,"[{""factor"": ""SAR recency"", ""delta"": 8, ""reason"": ""Imagery 3d post-event \u2014 fresh""}, {""factor"": ""Depth certainty"", ""delta"": 12, ""reason"": ""Deep water (4.6ft) \u2014 unambiguous""}, {""factor"": ""Coverage coherence"", ""delta"": 8, ""reason"": ""100% coverage \u2014 extensive, coherent""}]",0,,"{""sar"": ""flood"", ""optical"": ""abstain"", ""dem_hydrology"": ""flood""}"
NRIV-00193,"70 Mill Rd, Woodburn NSW",100.0,5.92,0.0,20.0,19.71,Dispatch,93,Send adjuster — major flood damage likely,Satellite data at 70 Mill Rd indicates 5.9ft depth; dispatch per 93% confidence.,0,0,0.0,"[{""factor"": ""SAR recency"", ""delta"": 8, ""reason"": ""Imagery 3d post-event \u2014 fresh""}, {""factor"": ""Depth certainty"", ""delta"": 12, ""reason"": ""Deep water (5.9ft) \u2014 unambiguous""}, {""factor"": ""Coverage coherence"", ""delta"": 8, ""reason"": ""100% coverage \u2014 extensive, coherent""}]",0,,"{""sar"": ""flood"", ""optical"": ""abstain"", ""dem_hydrology"": ""flood""}"
NRIV-00194,"50 Pacific Hwy, Woodburn NSW",100.0,6.83,0.0,20.0,19.72,Dispatch,93,Send adjuster — major flood damage likely,Satellite data at 50 Pacific Hwy indicates 6.8ft depth; dispatch per 93% confidence.,0,0,0.0,"[{""factor"": ""SAR recency"", ""delta"": 8, ""reason"": ""Imagery 3d post-event \u2014 fresh""}, {""factor"": ""Depth certainty"", ""delta"": 12, ""reason"": ""Deep water (6.8ft) \u2014 unambiguous""}, {""factor"": ""Coverage coherence"", ""delta"": 8, ""reason"": ""100% coverage \u2014 extensive, coherent""}]",0,,"{""sar"": ""flood"", ""optical"": ""abstain"", ""dem_hydrology"": ""flood""}"
NRIV-00195,"196 Wilson St, Woodburn NSW",3.8,8.79,0.0,20.0,19.69,Dispatch,67,Send adjuster — major flood damage likely,Satellite data at 196 Wilson St indicates 8.8ft depth; dispatch per 67% confidence.,1,0,0.0,"[{""factor"": ""SAR recency"", ""delta"": 8, ""reason"": ""Imagery 3d post-event \u2014 fresh""}, {""factor"": ""Depth certainty"", ""delta"": 12, ""reason"": ""Deep water (8.8ft) \u2014 unambiguous""}, {""factor"": ""Coverage coherence"", ""delta"": 7, ""reason"": ""4% coverage \u2014 confidently dry""}, {""factor"": ""Internal consistency"", ""delta"": -10, ""reason"": ""Deep water over a tiny footprint \u2014 physically suspicious""}, {""factor"": ""Urban SAR shadow"", ""delta"": -15, ""reason"": ""Dense urban area \u2014 radar shadow can mimic water""}]",0,,"{""sar"": ""dry"", ""optical"": ""abstain"", ""dem_hydrology"": ""flood""}"
NRIV-00196,"124 Mill Rd, Woodburn NSW",100.0,2.62,0.0,20.0,19.73,Dispatch,88,Send adjuster — extensive property flooding detected,Satellite data at 124 Mill Rd indicates 2.6ft depth; dispatch per 88% confidence.,0,0,0.0,"[{""factor"": ""SAR recency"", ""delta"": 8, ""reason"": ""Imagery 3d post-event \u2014 fresh""}, {""factor"": ""Depth certainty"", ""delta"": 7, ""reason"": ""Moderate depth (2.6ft) \u2014 clear signal""}, {""factor"": ""Coverage coherence"", ""delta"": 8, ""reason"": ""100% coverage \u2014 extensive, coherent""}]",0,,"{""sar"": ""flood"", ""optical"": ""abstain"", ""dem_hydrology"": ""abstain""}"
NRIV-00197,"135 Bagotville Rd, Woodburn NSW",0.0,0.0,0.0,0.0,0.0,Remote-Deny,90,Deny remotely — no significant flooding detected by satellite,Satellite data at 135 Bagotville Rd indicates 0.0ft depth; remote-deny per 90% confidence.,0,0,0.0,"[{""factor"": ""SAR recency"", ""delta"": 8, ""reason"": ""Imagery 3d post-event \u2014 fresh""}, {""factor"": ""Depth certainty"", ""delta"": 10, ""reason"": ""Near-zero depth \u2014 confidently not flooded""}, {""factor"": ""Coverage coherence"", ""delta"": 7, ""reason"": ""0% coverage \u2014 confidently dry""}]",0,,"{""sar"": ""dry"", ""optical"": ""abstain"", ""dem_hydrology"": ""dry""}"
NRIV-00198,"50 Mill Rd, Woodburn NSW",0.0,0.0,0.0,0.0,0.0,Remote-Deny,90,Deny remotely — no significant flooding detected by satellite,Satellite data at 50 Mill Rd indicates 0.0ft depth; remote-deny per 90% confidence.,0,0,0.0,"[{""factor"": ""SAR recency"", ""delta"": 8, ""reason"": ""Imagery 3d post-event \u2014 fresh""}, {""factor"": ""Depth certainty"", ""delta"": 10, ""reason"": ""Near-zero depth \u2014 confidently not flooded""}, {""factor"": ""Coverage coherence"", ""delta"": 7, ""reason"": ""0% coverage \u2014 confidently dry""}]",0,,"{""sar"": ""dry"", ""optical"": ""abstain"", ""dem_hydrology"": ""flood""}"
NRIV-00199,"4 Wilson St, Woodburn NSW",0.0,0.0,0.0,0.0,0.0,Remote-Deny,90,Deny remotely — no significant flooding detected by satellite,Satellite data at 4 Wilson St indicates 0.0ft depth; remote-deny per 90% confidence.,0,0,0.0,"[{""factor"": ""SAR recency"", ""delta"": 8, ""reason"": ""Imagery 3d post-event \u2014 fresh""}, {""factor"": ""Depth certainty"", ""delta"": 10, ""reason"": ""Near-zero depth \u2014 confidently not flooded""}, {""factor"": ""Coverage coherence"", ""delta"": 7, ""reason"": ""0% coverage \u2014 confidently dry""}]",0,,"{""sar"": ""dry"", ""optical"": ""abstain"", ""dem_hydrology"": ""abstain""}"
NRIV-00200,"14 Casino Rd, Broadwater NSW",90.0,7.42,0.0,20.0,19.74,Dispatch,93,Send adjuster — major flood damage likely,Satellite data at 14 Casino Rd indicates 7.4ft depth; dispatch per 93% confidence.,0,0,0.0,"[{""factor"": ""SAR recency"", ""delta"": 8, ""reason"": ""Imagery 3d post-event \u2014 fresh""}, {""factor"": ""Depth certainty"", ""delta"": 12, ""reason"": ""Deep water (7.4ft) \u2014 unambiguous""}, {""factor"": ""Coverage coherence"", ""delta"": 8, ""reason"": ""90% coverage \u2014 extensive, coherent""}]",0,,"{""sar"": ""flood"", ""optical"": ""abstain"", ""dem_hydrology"": ""abstain""}"
NRIV-00201,"164 Molesworth St, Coraki NSW",0.0,0.0,0.0,0.0,0.0,Remote-Deny,90,Deny remotely — no significant flooding detected by satellite,Satellite data at 164 Molesworth St indicates 0.0ft depth; remote-deny per 90% confidence.,0,0,0.0,"[{""factor"": ""SAR recency"", ""delta"": 8, ""reason"": ""Imagery 3d post-event \u2014 fresh""}, {""factor"": ""Depth certainty"", ""delta"": 10, ""reason"": ""Near-zero depth \u2014 confidently not flooded""}, {""factor"": ""Coverage coherence"", ""delta"": 7, ""reason"": ""0% coverage \u2014 confidently dry""}]",0,,"{""sar"": ""dry"", ""optical"": ""abstain"", ""dem_hydrology"": ""dry""}"
NRIV-00202,"73 Molesworth St, Coraki NSW",0.0,0.0,0.0,0.0,0.0,Review,75,Flag for manual review — borderline measurements or low confidence,Satellite data at 73 Molesworth St indicates 0.0ft depth; review per 75% confidence.,1,0,0.0,"[{""factor"": ""SAR recency"", ""delta"": 8, ""reason"": ""Imagery 3d post-event \u2014 fresh""}, {""factor"": ""Depth certainty"", ""delta"": 10, ""reason"": ""Near-zero depth \u2014 confidently not flooded""}, {""factor"": ""Coverage coherence"", ""delta"": 7, ""reason"": ""0% coverage \u2014 confidently dry""}, {""factor"": ""Urban SAR shadow"", ""delta"": -15, ""reason"": ""Dense urban area \u2014 radar shadow can mimic water""}]",0,,"{""sar"": ""dry"", ""optical"": ""abstain"", ""dem_hydrology"": ""dry""}"
NRIV-00203,"14 Mill Rd, Coraki NSW",0.0,0.0,0.0,0.0,0.0,Remote-Deny,90,Deny remotely — no significant flooding detected by satellite,Satellite data at 14 Mill Rd indicates 0.0ft depth; remote-deny per 90% confidence.,0,0,0.0,"[{""factor"": ""SAR recency"", ""delta"": 8, ""reason"": ""Imagery 3d post-event \u2014 fresh""}, {""factor"": ""Depth certainty"", ""delta"": 10, ""reason"": ""Near-zero depth \u2014 confidently not flooded""}, {""factor"": ""Coverage coherence"", ""delta"": 7, ""reason"": ""0% coverage \u2014 confidently dry""}]",0,,"{""sar"": ""dry"", ""optical"": ""abstain"", ""dem_hydrology"": ""dry""}"
NRIV-00204,"211 Richmond Tce, Coraki NSW",100.0,5.89,0.0,20.0,19.73,Dispatch,97,Send adjuster — major flood damage likely,Satellite data at 211 Richmond Tce indicates 5.9ft depth; dispatch per 97% confidence.,0,1,1.0,"[{""factor"": ""SAR recency"", ""delta"": 8, ""reason"": ""Imagery 3d post-event \u2014 fresh""}, {""factor"": ""Depth certainty"", ""delta"": 12, ""reason"": ""Deep water (5.9ft) \u2014 unambiguous""}, {""factor"": ""Coverage coherence"", ""delta"": 8, ""reason"": ""100% coverage \u2014 extensive, coherent""}, {""factor"": ""Optical cross-check"", ""delta"": 10, ""reason"": ""Sentinel-2 confirms standing water \u2014 sensors agree""}]",0,,"{""sar"": ""flood"", ""optical"": ""flood"", ""dem_hydrology"": ""abstain""}"
NRIV-00205,"162 Tuckombil Rd, Coraki NSW",17.2,2.26,0.0,20.0,19.69,Review,77,Flag for manual review — borderline measurements or low confidence,Satellite data at 162 Tuckombil Rd indicates 2.3ft depth; review per 77% confidence.,0,0,0.0,"[{""factor"": ""SAR recency"", ""delta"": 8, ""reason"": ""Imagery 3d post-event \u2014 fresh""}, {""factor"": ""Depth certainty"", ""delta"": 7, ""reason"": ""Moderate depth (2.3ft) \u2014 clear signal""}, {""factor"": ""Coverage coherence"", ""delta"": -3, ""reason"": ""17% coverage \u2014 ambiguous partial""}]",1,Sensors disagree: SAR indicate flooding while DEM-hydrology indicate dry/implausible — routed to manual review.,"{""sar"": ""flood"", ""optical"": ""abstain"", ""dem_hydrology"": ""dry""}"
NRIV-00206,"145 Mill Rd, Coraki NSW",99.4,8.51,0.0,20.0,19.72,Dispatch,93,Send adjuster — major flood damage likely,Satellite data at 145 Mill Rd indicates 8.5ft depth; dispatch per 93% confidence.,0,0,0.0,"[{""factor"": ""SAR recency"", ""delta"": 8, ""reason"": ""Imagery 3d post-event \u2014 fresh""}, {""factor"": ""Depth certainty"", ""delta"": 12, ""reason"": ""Deep water (8.5ft) \u2014 unambiguous""}, {""factor"": ""Coverage coherence"", ""delta"": 8, ""reason"": ""99% coverage \u2014 extensive, coherent""}]",0,,"{""sar"": ""flood"", ""optical"": ""abstain"", ""dem_hydrology"": ""flood""}"
NRIV-00207,"143 Codrington Rd, Coraki NSW",100.0,2.27,0.0,20.0,19.71,Dispatch,88,Send adjuster — extensive property flooding detected,Satellite data at 143 Codrington Rd indicates 2.3ft depth; dispatch per 88% confidence.,0,0,0.0,"[{""factor"": ""SAR recency"", ""delta"": 8, ""reason"": ""Imagery 3d post-event \u2014 fresh""}, {""factor"": ""Depth certainty"", ""delta"": 7, ""reason"": ""Moderate depth (2.3ft) \u2014 clear signal""}, {""factor"": ""Coverage coherence"", ""delta"": 8, ""reason"": ""100% coverage \u2014 extensive, coherent""}]",0,,"{""sar"": ""flood"", ""optical"": ""abstain"", ""dem_hydrology"": ""abstain""}"
NRIV-00208,"58 Casino Rd, Coraki NSW",100.0,6.54,0.0,20.0,19.76,Dispatch,93,Send adjuster — major flood damage likely,Satellite data at 58 Casino Rd indicates 6.5ft depth; dispatch per 93% confidence.,0,0,0.0,"[{""factor"": ""SAR recency"", ""delta"": 8, ""reason"": ""Imagery 3d post-event \u2014 fresh""}, {""factor"": ""Depth certainty"", ""delta"": 12, ""reason"": ""Deep water (6.5ft) \u2014 unambiguous""}, {""factor"": ""Coverage coherence"", ""delta"": 8, ""reason"": ""100% coverage \u2014 extensive, coherent""}]",0,,"{""sar"": ""flood"", ""optical"": ""abstain"", ""dem_hydrology"": ""abstain""}"
NRIV-00209,"77 Bagotville Rd, Coraki NSW",2.1,11.53,0.0,20.0,19.69,Dispatch,82,Send adjuster — major flood damage likely,Satellite data at 77 Bagotville Rd indicates 11.5ft depth; dispatch per 82% confidence.,0,0,0.0,"[{""factor"": ""SAR recency"", ""delta"": 8, ""reason"": ""Imagery 3d post-event \u2014 fresh""}, {""factor"": ""Depth certainty"", ""delta"": 12, ""reason"": ""Deep water (11.5ft) \u2014 unambiguous""}, {""factor"": ""Coverage coherence"", ""delta"": 7, ""reason"": ""2% coverage \u2014 confidently dry""}, {""factor"": ""Internal consistency"", ""delta"": -10, ""reason"": ""Deep water over a tiny footprint \u2014 physically suspicious""}]",0,,"{""sar"": ""dry"", ""optical"": ""abstain"", ""dem_hydrology"": ""flood""}"
NRIV-00210,"159 River Rd, Coraki NSW",100.0,9.11,0.0,20.0,19.76,Dispatch,93,Send adjuster — major flood damage likely,Satellite data at 159 River Rd indicates 9.1ft depth; dispatch per 93% confidence.,0,0,0.4254,"[{""factor"": ""SAR recency"", ""delta"": 8, ""reason"": ""Imagery 3d post-event \u2014 fresh""}, {""factor"": ""Depth certainty"", ""delta"": 12, ""reason"": ""Deep water (9.1ft) \u2014 unambiguous""}, {""factor"": ""Coverage coherence"", ""delta"": 8, ""reason"": ""100% coverage \u2014 extensive, coherent""}]",0,,"{""sar"": ""flood"", ""optical"": ""abstain"", ""dem_hydrology"": ""flood""}"
NRIV-00211,"196 Bridge St, Coraki NSW",100.0,1.8,0.0,20.0,19.69,Dispatch,84,Send adjuster — extensive property flooding detected,Satellite data at 196 Bridge St indicates 1.8ft depth; dispatch per 84% confidence.,0,0,0.0,"[{""factor"": ""SAR recency"", ""delta"": 8, ""reason"": ""Imagery 3d post-event \u2014 fresh""}, {""factor"": ""Depth certainty"", ""delta"": 3, ""reason"": ""Shallow-moderate depth (1.8ft)""}, {""factor"": ""Coverage coherence"", ""delta"": 8, ""reason"": ""100% coverage \u2014 extensive, coherent""}]",0,,"{""sar"": ""flood"", ""optical"": ""abstain"", ""dem_hydrology"": ""flood""}"
NRIV-00212,"21 Wyrallah Rd, Coraki NSW",100.0,4.74,0.0,20.0,19.71,Dispatch,93,Send adjuster — major flood damage likely,Satellite data at 21 Wyrallah Rd indicates 4.7ft depth; dispatch per 93% confidence.,0,0,0.0,"[{""factor"": ""SAR recency"", ""delta"": 8, ""reason"": ""Imagery 3d post-event \u2014 fresh""}, {""factor"": ""Depth certainty"", ""delta"": 12, ""reason"": ""Deep water (4.7ft) \u2014 unambiguous""}, {""factor"": ""Coverage coherence"", ""delta"": 8, ""reason"": ""100% coverage \u2014 extensive, coherent""}]",0,,"{""sar"": ""flood"", ""optical"": ""abstain"", ""dem_hydrology"": ""flood""}"
NRIV-00213,"41 River Rd, Coraki NSW",100.0,4.62,0.0,20.0,19.7,Dispatch,93,Send adjuster — major flood damage likely,Satellite data at 41 River Rd indicates 4.6ft depth; dispatch per 93% confidence.,0,0,0.0,"[{""factor"": ""SAR recency"", ""delta"": 8, ""reason"": ""Imagery 3d post-event \u2014 fresh""}, {""factor"": ""Depth certainty"", ""delta"": 12, ""reason"": ""Deep water (4.6ft) \u2014 unambiguous""}, {""factor"": ""Coverage coherence"", ""delta"": 8, ""reason"": ""100% coverage \u2014 extensive, coherent""}]",0,,"{""sar"": ""flood"", ""optical"": ""abstain"", ""dem_hydrology"": ""flood""}"
NRIV-00214,"121 Mill Rd, Coraki NSW",100.0,3.45,0.0,20.0,19.7,Dispatch,88,Send adjuster — major flood damage likely,Satellite data at 121 Mill Rd indicates 3.5ft depth; dispatch per 88% confidence.,0,0,0.0,"[{""factor"": ""SAR recency"", ""delta"": 8, ""reason"": ""Imagery 3d post-event \u2014 fresh""}, {""factor"": ""Depth certainty"", ""delta"": 7, ""reason"": ""Moderate depth (3.5ft) \u2014 clear signal""}, {""factor"": ""Coverage coherence"", ""delta"": 8, ""reason"": ""100% coverage \u2014 extensive, coherent""}]",0,,"{""sar"": ""flood"", ""optical"": ""abstain"", ""dem_hydrology"": ""flood""}"
NRIV-00215,"73 Wilson St, Woodburn NSW",100.0,4.09,0.0,20.0,19.71,Dispatch,93,Send adjuster — major flood damage likely,Satellite data at 73 Wilson St indicates 4.1ft depth; dispatch per 93% confidence.,0,0,0.0,"[{""factor"": ""SAR recency"", ""delta"": 8, ""reason"": ""Imagery 3d post-event \u2014 fresh""}, {""factor"": ""Depth certainty"", ""delta"": 12, ""reason"": ""Deep water (4.1ft) \u2014 unambiguous""}, {""factor"": ""Coverage coherence"", ""delta"": 8, ""reason"": ""100% coverage \u2014 extensive, coherent""}]",0,,"{""sar"": ""flood"", ""optical"": ""abstain"", ""dem_hydrology"": ""flood""}"
NRIV-00216,"60 Mill Rd, Woodburn NSW",100.0,3.17,0.0,20.0,19.71,Dispatch,88,Send adjuster — major flood damage likely,Satellite data at 60 Mill Rd indicates 3.2ft depth; dispatch per 88% confidence.,0,0,0.0,"[{""factor"": ""SAR recency"", ""delta"": 8, ""reason"": ""Imagery 3d post-event \u2014 fresh""}, {""factor"": ""Depth certainty"", ""delta"": 7, ""reason"": ""Moderate depth (3.2ft) \u2014 clear signal""}, {""factor"": ""Coverage coherence"", ""delta"": 8, ""reason"": ""100% coverage \u2014 extensive, coherent""}]",0,,"{""sar"": ""flood"", ""optical"": ""abstain"", ""dem_hydrology"": ""flood""}"
NRIV-00217,"170 Bridge St, Woodburn NSW",100.0,4.95,0.0,20.0,19.7,Dispatch,93,Send adjuster — major flood damage likely,Satellite data at 170 Bridge St indicates 5.0ft depth; dispatch per 93% confidence.,0,0,0.0,"[{""factor"": ""SAR recency"", ""delta"": 8, ""reason"": ""Imagery 3d post-event \u2014 fresh""}, {""factor"": ""Depth certainty"", ""delta"": 12, ""reason"": ""Deep water (5.0ft) \u2014 unambiguous""}, {""factor"": ""Coverage coherence"", ""delta"": 8, ""reason"": ""100% coverage \u2014 extensive, coherent""}]",0,,"{""sar"": ""flood"", ""optical"": ""abstain"", ""dem_hydrology"": ""flood""}"
NRIV-00218,"166 Wyrallah Rd, Woodburn NSW",71.0,1.98,0.0,20.0,19.69,Dispatch,84,Send adjuster — extensive property flooding detected,Satellite data at 166 Wyrallah Rd indicates 2.0ft depth; dispatch per 84% confidence.,0,0,0.0,"[{""factor"": ""SAR recency"", ""delta"": 8, ""reason"": ""Imagery 3d post-event \u2014 fresh""}, {""factor"": ""Depth certainty"", ""delta"": 3, ""reason"": ""Shallow-moderate depth (2.0ft)""}, {""factor"": ""Coverage coherence"", ""delta"": 8, ""reason"": ""71% coverage \u2014 extensive, coherent""}]",0,,"{""sar"": ""flood"", ""optical"": ""abstain"", ""dem_hydrology"": ""flood""}"
NRIV-00219,"19 River Rd, Woodburn NSW",100.0,5.67,0.0,20.0,19.71,Dispatch,93,Send adjuster — major flood damage likely,Satellite data at 19 River Rd indicates 5.7ft depth; dispatch per 93% confidence.,0,0,0.0,"[{""factor"": ""SAR recency"", ""delta"": 8, ""reason"": ""Imagery 3d post-event \u2014 fresh""}, {""factor"": ""Depth certainty"", ""delta"": 12, ""reason"": ""Deep water (5.7ft) \u2014 unambiguous""}, {""factor"": ""Coverage coherence"", ""delta"": 8, ""reason"": ""100% coverage \u2014 extensive, coherent""}]",0,,"{""sar"": ""flood"", ""optical"": ""abstain"", ""dem_hydrology"": ""flood""}"
NRIV-00220,"192 Bagotville Rd, Woodburn NSW",100.0,6.21,0.0,20.0,19.7,Dispatch,93,Send adjuster — major flood damage likely,Satellite data at 192 Bagotville Rd indicates 6.2ft depth; dispatch per 93% confidence.,0,0,0.0,"[{""factor"": ""SAR recency"", ""delta"": 8, ""reason"": ""Imagery 3d post-event \u2014 fresh""}, {""factor"": ""Depth certainty"", ""delta"": 12, ""reason"": ""Deep water (6.2ft) \u2014 unambiguous""}, {""factor"": ""Coverage coherence"", ""delta"": 8, ""reason"": ""100% coverage \u2014 extensive, coherent""}]",0,,"{""sar"": ""flood"", ""optical"": ""abstain"", ""dem_hydrology"": ""flood""}"
NRIV-00221,"120 Wilson St, Woodburn NSW",100.0,3.27,0.0,20.0,19.72,Dispatch,88,Send adjuster — major flood damage likely,Satellite data at 120 Wilson St indicates 3.3ft depth; dispatch per 88% confidence.,0,0,0.0,"[{""factor"": ""SAR recency"", ""delta"": 8, ""reason"": ""Imagery 3d post-event \u2014 fresh""}, {""factor"": ""Depth certainty"", ""delta"": 7, ""reason"": ""Moderate depth (3.3ft) \u2014 clear signal""}, {""factor"": ""Coverage coherence"", ""delta"": 8, ""reason"": ""100% coverage \u2014 extensive, coherent""}]",0,,"{""sar"": ""flood"", ""optical"": ""abstain"", ""dem_hydrology"": ""abstain""}"
NRIV-00222,"70 Casino Rd, Woodburn NSW",0.0,0.0,0.0,0.0,0.0,Remote-Deny,90,Deny remotely — no significant flooding detected by satellite,Satellite data at 70 Casino Rd indicates 0.0ft depth; remote-deny per 90% confidence.,0,0,0.0,"[{""factor"": ""SAR recency"", ""delta"": 8, ""reason"": ""Imagery 3d post-event \u2014 fresh""}, {""factor"": ""Depth certainty"", ""delta"": 10, ""reason"": ""Near-zero depth \u2014 confidently not flooded""}, {""factor"": ""Coverage coherence"", ""delta"": 7, ""reason"": ""0% coverage \u2014 confidently dry""}]",0,,"{""sar"": ""dry"", ""optical"": ""abstain"", ""dem_hydrology"": ""dry""}"
NRIV-00223,"154 River Rd, Broadwater NSW",0.0,0.0,0.0,0.0,0.0,Remote-Deny,90,Deny remotely — no significant flooding detected by satellite,Satellite data at 154 River Rd indicates 0.0ft depth; remote-deny per 90% confidence.,0,0,0.0,"[{""factor"": ""SAR recency"", ""delta"": 8, ""reason"": ""Imagery 3d post-event \u2014 fresh""}, {""factor"": ""Depth certainty"", ""delta"": 10, ""reason"": ""Near-zero depth \u2014 confidently not flooded""}, {""factor"": ""Coverage coherence"", ""delta"": 7, ""reason"": ""0% coverage \u2014 confidently dry""}]",0,,"{""sar"": ""dry"", ""optical"": ""abstain"", ""dem_hydrology"": ""dry""}"
NRIV-00224,"155 Mill Rd, Broadwater NSW",43.8,2.08,0.0,20.0,19.7,Remote-Approve,84,"Approve remotely — flooding confirmed, documentation required",Satellite data at 155 Mill Rd indicates 2.1ft depth; remote-approve per 84% confidence.,0,0,0.0,"[{""factor"": ""SAR recency"", ""delta"": 8, ""reason"": ""Imagery 3d post-event \u2014 fresh""}, {""factor"": ""Depth certainty"", ""delta"": 7, ""reason"": ""Moderate depth (2.1ft) \u2014 clear signal""}, {""factor"": ""Coverage coherence"", ""delta"": 4, ""reason"": ""44% coverage \u2014 substantial""}]",0,,"{""sar"": ""flood"", ""optical"": ""abstain"", ""dem_hydrology"": ""abstain""}"
NRIV-00225,"173 Bagotville Rd, Broadwater NSW",90.2,2.28,0.0,20.0,19.7,Dispatch,88,Send adjuster — extensive property flooding detected,Satellite data at 173 Bagotville Rd indicates 2.3ft depth; dispatch per 88% confidence.,0,0,0.0,"[{""factor"": ""SAR recency"", ""delta"": 8, ""reason"": ""Imagery 3d post-event \u2014 fresh""}, {""factor"": ""Depth certainty"", ""delta"": 7, ""reason"": ""Moderate depth (2.3ft) \u2014 clear signal""}, {""factor"": ""Coverage coherence"", ""delta"": 8, ""reason"": ""90% coverage \u2014 extensive, coherent""}]",0,,"{""sar"": ""flood"", ""optical"": ""abstain"", ""dem_hydrology"": ""abstain""}"
NRIV-00226,"196 Tuckombil Rd, Coraki NSW",0.0,0.0,0.0,0.0,0.0,Remote-Deny,90,Deny remotely — no significant flooding detected by satellite,Satellite data at 196 Tuckombil Rd indicates 0.0ft depth; remote-deny per 90% confidence.,0,0,0.0,"[{""factor"": ""SAR recency"", ""delta"": 8, ""reason"": ""Imagery 3d post-event \u2014 fresh""}, {""factor"": ""Depth certainty"", ""delta"": 10, ""reason"": ""Near-zero depth \u2014 confidently not flooded""}, {""factor"": ""Coverage coherence"", ""delta"": 7, ""reason"": ""0% coverage \u2014 confidently dry""}]",0,,"{""sar"": ""dry"", ""optical"": ""abstain"", ""dem_hydrology"": ""dry""}"
NRIV-00227,"196 Wyrallah Rd, Coraki NSW",97.5,2.88,0.0,20.0,19.7,Dispatch,88,Send adjuster — extensive property flooding detected,Satellite data at 196 Wyrallah Rd indicates 2.9ft depth; dispatch per 88% confidence.,0,0,0.0,"[{""factor"": ""SAR recency"", ""delta"": 8, ""reason"": ""Imagery 3d post-event \u2014 fresh""}, {""factor"": ""Depth certainty"", ""delta"": 7, ""reason"": ""Moderate depth (2.9ft) \u2014 clear signal""}, {""factor"": ""Coverage coherence"", ""delta"": 8, ""reason"": ""98% coverage \u2014 extensive, coherent""}]",0,,"{""sar"": ""flood"", ""optical"": ""abstain"", ""dem_hydrology"": ""flood""}"
NRIV-00228,"72 Wyrallah Rd, Coraki NSW",100.0,3.21,0.0,20.0,19.7,Dispatch,88,Send adjuster — major flood damage likely,Satellite data at 72 Wyrallah Rd indicates 3.2ft depth; dispatch per 88% confidence.,0,0,0.0,"[{""factor"": ""SAR recency"", ""delta"": 8, ""reason"": ""Imagery 3d post-event \u2014 fresh""}, {""factor"": ""Depth certainty"", ""delta"": 7, ""reason"": ""Moderate depth (3.2ft) \u2014 clear signal""}, {""factor"": ""Coverage coherence"", ""delta"": 8, ""reason"": ""100% coverage \u2014 extensive, coherent""}]",0,,"{""sar"": ""flood"", ""optical"": ""abstain"", ""dem_hydrology"": ""flood""}"
NRIV-00229,"209 Molesworth St, Coraki NSW",0.0,0.0,0.0,0.0,0.0,Remote-Deny,90,Deny remotely — no significant flooding detected by satellite,Satellite data at 209 Molesworth St indicates 0.0ft depth; remote-deny per 90% confidence.,0,0,0.0,"[{""factor"": ""SAR recency"", ""delta"": 8, ""reason"": ""Imagery 3d post-event \u2014 fresh""}, {""factor"": ""Depth certainty"", ""delta"": 10, ""reason"": ""Near-zero depth \u2014 confidently not flooded""}, {""factor"": ""Coverage coherence"", ""delta"": 7, ""reason"": ""0% coverage \u2014 confidently dry""}]",0,,"{""sar"": ""dry"", ""optical"": ""abstain"", ""dem_hydrology"": ""dry""}"
NRIV-00230,"105 Pacific Hwy, Coraki NSW",0.0,0.0,0.0,0.0,0.0,Remote-Deny,90,Deny remotely — no significant flooding detected by satellite,Satellite data at 105 Pacific Hwy indicates 0.0ft depth; remote-deny per 90% confidence.,0,0,0.0,"[{""factor"": ""SAR recency"", ""delta"": 8, ""reason"": ""Imagery 3d post-event \u2014 fresh""}, {""factor"": ""Depth certainty"", ""delta"": 10, ""reason"": ""Near-zero depth \u2014 confidently not flooded""}, {""factor"": ""Coverage coherence"", ""delta"": 7, ""reason"": ""0% coverage \u2014 confidently dry""}]",0,,"{""sar"": ""dry"", ""optical"": ""abstain"", ""dem_hydrology"": ""dry""}"
NRIV-00231,"42 Pacific Hwy, Coraki NSW",100.0,2.84,0.0,20.0,19.71,Dispatch,88,Send adjuster — extensive property flooding detected,Satellite data at 42 Pacific Hwy indicates 2.8ft depth; dispatch per 88% confidence.,0,0,0.0,"[{""factor"": ""SAR recency"", ""delta"": 8, ""reason"": ""Imagery 3d post-event \u2014 fresh""}, {""factor"": ""Depth certainty"", ""delta"": 7, ""reason"": ""Moderate depth (2.8ft) \u2014 clear signal""}, {""factor"": ""Coverage coherence"", ""delta"": 8, ""reason"": ""100% coverage \u2014 extensive, coherent""}]",0,,"{""sar"": ""flood"", ""optical"": ""abstain"", ""dem_hydrology"": ""abstain""}"
NRIV-00232,"170 Codrington Rd, Coraki NSW",100.0,4.88,0.0,20.0,19.71,Dispatch,93,Send adjuster — major flood damage likely,Satellite data at 170 Codrington Rd indicates 4.9ft depth; dispatch per 93% confidence.,0,0,0.0,"[{""factor"": ""SAR recency"", ""delta"": 8, ""reason"": ""Imagery 3d post-event \u2014 fresh""}, {""factor"": ""Depth certainty"", ""delta"": 12, ""reason"": ""Deep water (4.9ft) \u2014 unambiguous""}, {""factor"": ""Coverage coherence"", ""delta"": 8, ""reason"": ""100% coverage \u2014 extensive, coherent""}]",0,,"{""sar"": ""flood"", ""optical"": ""abstain"", ""dem_hydrology"": ""flood""}"
NRIV-00233,"117 Richmond Tce, Coraki NSW",0.0,0.0,0.0,0.0,0.0,Remote-Deny,90,Deny remotely — no significant flooding detected by satellite,Satellite data at 117 Richmond Tce indicates 0.0ft depth; remote-deny per 90% confidence.,0,0,0.0,"[{""factor"": ""SAR recency"", ""delta"": 8, ""reason"": ""Imagery 3d post-event \u2014 fresh""}, {""factor"": ""Depth certainty"", ""delta"": 10, ""reason"": ""Near-zero depth \u2014 confidently not flooded""}, {""factor"": ""Coverage coherence"", ""delta"": 7, ""reason"": ""0% coverage \u2014 confidently dry""}]",0,,"{""sar"": ""dry"", ""optical"": ""abstain"", ""dem_hydrology"": ""dry""}"
NRIV-00234,"198 Codrington Rd, Coraki NSW",18.4,0.0,0.0,0.0,0.0,Review,80,Flag for manual review — borderline measurements or low confidence,Satellite data at 198 Codrington Rd indicates 0.0ft depth; review per 80% confidence.,0,0,0.0,"[{""factor"": ""SAR recency"", ""delta"": 8, ""reason"": ""Imagery 3d post-event \u2014 fresh""}, {""factor"": ""Depth certainty"", ""delta"": 10, ""reason"": ""Near-zero depth \u2014 confidently not flooded""}, {""factor"": ""Coverage coherence"", ""delta"": -3, ""reason"": ""18% coverage \u2014 ambiguous partial""}]",0,,"{""sar"": ""flood"", ""optical"": ""abstain"", ""dem_hydrology"": ""flood""}"
NRIV-00235,"1 Tuckombil Rd, Coraki NSW",62.8,3.45,0.0,20.0,19.69,Dispatch,88,Send adjuster — major flood damage likely,Satellite data at 1 Tuckombil Rd indicates 3.5ft depth; dispatch per 88% confidence.,0,0,0.0,"[{""factor"": ""SAR recency"", ""delta"": 8, ""reason"": ""Imagery 3d post-event \u2014 fresh""}, {""factor"": ""Depth certainty"", ""delta"": 7, ""reason"": ""Moderate depth (3.5ft) \u2014 clear signal""}, {""factor"": ""Coverage coherence"", ""delta"": 8, ""reason"": ""63% coverage \u2014 extensive, coherent""}]",0,,"{""sar"": ""flood"", ""optical"": ""abstain"", ""dem_hydrology"": ""flood""}"
NRIV-00236,"14 Bridge St, Coraki NSW",90.9,3.38,0.0,20.0,19.69,Dispatch,88,Send adjuster — major flood damage likely,Satellite data at 14 Bridge St indicates 3.4ft depth; dispatch per 88% confidence.,0,0,0.0,"[{""factor"": ""SAR recency"", ""delta"": 8, ""reason"": ""Imagery 3d post-event \u2014 fresh""}, {""factor"": ""Depth certainty"", ""delta"": 7, ""reason"": ""Moderate depth (3.4ft) \u2014 clear signal""}, {""factor"": ""Coverage coherence"", ""delta"": 8, ""reason"": ""91% coverage \u2014 extensive, coherent""}]",0,,"{""sar"": ""flood"", ""optical"": ""abstain"", ""dem_hydrology"": ""flood""}"
NRIV-00237,"128 Tuckombil Rd, Coraki NSW",100.0,3.41,0.0,20.0,19.69,Dispatch,88,Send adjuster — major flood damage likely,Satellite data at 128 Tuckombil Rd indicates 3.4ft depth; dispatch per 88% confidence.,0,0,0.0,"[{""factor"": ""SAR recency"", ""delta"": 8, ""reason"": ""Imagery 3d post-event \u2014 fresh""}, {""factor"": ""Depth certainty"", ""delta"": 7, ""reason"": ""Moderate depth (3.4ft) \u2014 clear signal""}, {""factor"": ""Coverage coherence"", ""delta"": 8, ""reason"": ""100% coverage \u2014 extensive, coherent""}]",0,,"{""sar"": ""flood"", ""optical"": ""abstain"", ""dem_hydrology"": ""flood""}"
NRIV-00238,"69 Casino Rd, Coraki NSW",100.0,7.42,0.0,20.0,19.72,Dispatch,93,Send adjuster — major flood damage likely,Satellite data at 69 Casino Rd indicates 7.4ft depth; dispatch per 93% confidence.,0,0,0.0,"[{""factor"": ""SAR recency"", ""delta"": 8, ""reason"": ""Imagery 3d post-event \u2014 fresh""}, {""factor"": ""Depth certainty"", ""delta"": 12, ""reason"": ""Deep water (7.4ft) \u2014 unambiguous""}, {""factor"": ""Coverage coherence"", ""delta"": 8, ""reason"": ""100% coverage \u2014 extensive, coherent""}]",0,,"{""sar"": ""flood"", ""optical"": ""abstain"", ""dem_hydrology"": ""flood""}"
NRIV-00239,"179 Molesworth St, Coraki NSW",100.0,2.84,0.0,20.0,19.7,Dispatch,88,Send adjuster — extensive property flooding detected,Satellite data at 179 Molesworth St indicates 2.8ft depth; dispatch per 88% confidence.,0,0,0.0,"[{""factor"": ""SAR recency"", ""delta"": 8, ""reason"": ""Imagery 3d post-event \u2014 fresh""}, {""factor"": ""Depth certainty"", ""delta"": 7, ""reason"": ""Moderate depth (2.8ft) \u2014 clear signal""}, {""factor"": ""Coverage coherence"", ""delta"": 8, ""reason"": ""100% coverage \u2014 extensive, coherent""}]",0,,"{""sar"": ""flood"", ""optical"": ""abstain"", ""dem_hydrology"": ""flood""}"
NRIV-00240,"156 Bridge St, Woodburn NSW",100.0,3.44,0.0,20.0,19.71,Dispatch,88,Send adjuster — major flood damage likely,Satellite data at 156 Bridge St indicates 3.4ft depth; dispatch per 88% confidence.,0,0,0.0,"[{""factor"": ""SAR recency"", ""delta"": 8, ""reason"": ""Imagery 3d post-event \u2014 fresh""}, {""factor"": ""Depth certainty"", ""delta"": 7, ""reason"": ""Moderate depth (3.4ft) \u2014 clear signal""}, {""factor"": ""Coverage coherence"", ""delta"": 8, ""reason"": ""100% coverage \u2014 extensive, coherent""}]",0,,"{""sar"": ""flood"", ""optical"": ""abstain"", ""dem_hydrology"": ""flood""}"
NRIV-00241,"4 Casino Rd, Woodburn NSW",100.0,5.18,0.0,20.0,19.71,Dispatch,93,Send adjuster — major flood damage likely,Satellite data at 4 Casino Rd indicates 5.2ft depth; dispatch per 93% confidence.,0,0,0.0,"[{""factor"": ""SAR recency"", ""delta"": 8, ""reason"": ""Imagery 3d post-event \u2014 fresh""}, {""factor"": ""Depth certainty"", ""delta"": 12, ""reason"": ""Deep water (5.2ft) \u2014 unambiguous""}, {""factor"": ""Coverage coherence"", ""delta"": 8, ""reason"": ""100% coverage \u2014 extensive, coherent""}]",0,,"{""sar"": ""flood"", ""optical"": ""abstain"", ""dem_hydrology"": ""flood""}"
NRIV-00242,"216 Richmond Tce, Woodburn NSW",100.0,4.33,0.0,20.0,19.72,Dispatch,93,Send adjuster — major flood damage likely,Satellite data at 216 Richmond Tce indicates 4.3ft depth; dispatch per 93% confidence.,0,0,0.0,"[{""factor"": ""SAR recency"", ""delta"": 8, ""reason"": ""Imagery 3d post-event \u2014 fresh""}, {""factor"": ""Depth certainty"", ""delta"": 12, ""reason"": ""Deep water (4.3ft) \u2014 unambiguous""}, {""factor"": ""Coverage coherence"", ""delta"": 8, ""reason"": ""100% coverage \u2014 extensive, coherent""}]",0,,"{""sar"": ""flood"", ""optical"": ""abstain"", ""dem_hydrology"": ""flood""}"
NRIV-00243,"214 Wyrallah Rd, Woodburn NSW",100.0,4.46,0.0,20.0,19.71,Dispatch,93,Send adjuster — major flood damage likely,Satellite data at 214 Wyrallah Rd indicates 4.5ft depth; dispatch per 93% confidence.,0,0,0.0,"[{""factor"": ""SAR recency"", ""delta"": 8, ""reason"": ""Imagery 3d post-event \u2014 fresh""}, {""factor"": ""Depth certainty"", ""delta"": 12, ""reason"": ""Deep water (4.5ft) \u2014 unambiguous""}, {""factor"": ""Coverage coherence"", ""delta"": 8, ""reason"": ""100% coverage \u2014 extensive, coherent""}]",0,,"{""sar"": ""flood"", ""optical"": ""abstain"", ""dem_hydrology"": ""flood""}"
NRIV-00244,"131 Wilson St, Woodburn NSW",38.1,2.56,0.0,20.0,19.69,Remote-Approve,84,"Approve remotely — flooding confirmed, documentation required",Satellite data at 131 Wilson St indicates 2.6ft depth; remote-approve per 84% confidence.,0,0,0.0,"[{""factor"": ""SAR recency"", ""delta"": 8, ""reason"": ""Imagery 3d post-event \u2014 fresh""}, {""factor"": ""Depth certainty"", ""delta"": 7, ""reason"": ""Moderate depth (2.6ft) \u2014 clear signal""}, {""factor"": ""Coverage coherence"", ""delta"": 4, ""reason"": ""38% coverage \u2014 substantial""}]",0,,"{""sar"": ""flood"", ""optical"": ""abstain"", ""dem_hydrology"": ""flood""}"
NRIV-00245,"121 Bridge St, Woodburn NSW",89.7,4.23,0.0,20.0,19.7,Dispatch,93,Send adjuster — major flood damage likely,Satellite data at 121 Bridge St indicates 4.2ft depth; dispatch per 93% confidence.,0,0,0.0,"[{""factor"": ""SAR recency"", ""delta"": 8, ""reason"": ""Imagery 3d post-event \u2014 fresh""}, {""factor"": ""Depth certainty"", ""delta"": 12, ""reason"": ""Deep water (4.2ft) \u2014 unambiguous""}, {""factor"": ""Coverage coherence"", ""delta"": 8, ""reason"": ""90% coverage \u2014 extensive, coherent""}]",0,,"{""sar"": ""flood"", ""optical"": ""abstain"", ""dem_hydrology"": ""flood""}"
NRIV-00246,"49 Bagotville Rd, Broadwater NSW",100.0,3.48,0.0,20.0,19.7,Dispatch,88,Send adjuster — major flood damage likely,Satellite data at 49 Bagotville Rd indicates 3.5ft depth; dispatch per 88% confidence.,0,0,0.0,"[{""factor"": ""SAR recency"", ""delta"": 8, ""reason"": ""Imagery 3d post-event \u2014 fresh""}, {""factor"": ""Depth certainty"", ""delta"": 7, ""reason"": ""Moderate depth (3.5ft) \u2014 clear signal""}, {""factor"": ""Coverage coherence"", ""delta"": 8, ""reason"": ""100% coverage \u2014 extensive, coherent""}]",0,,"{""sar"": ""flood"", ""optical"": ""abstain"", ""dem_hydrology"": ""flood""}"
NRIV-00247,"18 Mill Rd, Broadwater NSW",0.0,0.0,0.0,0.0,0.0,Remote-Deny,90,Deny remotely — no significant flooding detected by satellite,Satellite data at 18 Mill Rd indicates 0.0ft depth; remote-deny per 90% confidence.,0,0,0.0,"[{""factor"": ""SAR recency"", ""delta"": 8, ""reason"": ""Imagery 3d post-event \u2014 fresh""}, {""factor"": ""Depth certainty"", ""delta"": 10, ""reason"": ""Near-zero depth \u2014 confidently not flooded""}, {""factor"": ""Coverage coherence"", ""delta"": 7, ""reason"": ""0% coverage \u2014 confidently dry""}]",0,,"{""sar"": ""dry"", ""optical"": ""abstain"", ""dem_hydrology"": ""flood""}"
NRIV-00248,"88 Casino Rd, Broadwater NSW",100.0,3.14,0.0,20.0,19.75,Dispatch,88,Send adjuster — major flood damage likely,Satellite data at 88 Casino Rd indicates 3.1ft depth; dispatch per 88% confidence.,0,0,0.0,"[{""factor"": ""SAR recency"", ""delta"": 8, ""reason"": ""Imagery 3d post-event \u2014 fresh""}, {""factor"": ""Depth certainty"", ""delta"": 7, ""reason"": ""Moderate depth (3.1ft) \u2014 clear signal""}, {""factor"": ""Coverage coherence"", ""delta"": 8, ""reason"": ""100% coverage \u2014 extensive, coherent""}]",0,,"{""sar"": ""flood"", ""optical"": ""abstain"", ""dem_hydrology"": ""abstain""}"
NRIV-00249,"186 Mill Rd, Broadwater NSW",0.0,0.0,0.0,0.0,0.0,Remote-Deny,90,Deny remotely — no significant flooding detected by satellite,Satellite data at 186 Mill Rd indicates 0.0ft depth; remote-deny per 90% confidence.,0,0,0.0,"[{""factor"": ""SAR recency"", ""delta"": 8, ""reason"": ""Imagery 3d post-event \u2014 fresh""}, {""factor"": ""Depth certainty"", ""delta"": 10, ""reason"": ""Near-zero depth \u2014 confidently not flooded""}, {""factor"": ""Coverage coherence"", ""delta"": 7, ""reason"": ""0% coverage \u2014 confidently dry""}]",0,,"{""sar"": ""dry"", ""optical"": ""abstain"", ""dem_hydrology"": ""flood""}"
NRIV-00250,"169 Molesworth St, Broadwater NSW",100.0,7.31,0.0,20.0,19.71,Dispatch,93,Send adjuster — major flood damage likely,Satellite data at 169 Molesworth St indicates 7.3ft depth; dispatch per 93% confidence.,0,0,0.0,"[{""factor"": ""SAR recency"", ""delta"": 8, ""reason"": ""Imagery 3d post-event \u2014 fresh""}, {""factor"": ""Depth certainty"", ""delta"": 12, ""reason"": ""Deep water (7.3ft) \u2014 unambiguous""}, {""factor"": ""Coverage coherence"", ""delta"": 8, ""reason"": ""100% coverage \u2014 extensive, coherent""}]",0,,"{""sar"": ""flood"", ""optical"": ""abstain"", ""dem_hydrology"": ""flood""}"
NRIV-00251,"124 Pacific Hwy, Coraki NSW",59.5,3.48,0.0,20.0,19.7,Dispatch,84,Send adjuster — major flood damage likely,Satellite data at 124 Pacific Hwy indicates 3.5ft depth; dispatch per 84% confidence.,0,0,0.0,"[{""factor"": ""SAR recency"", ""delta"": 8, ""reason"": ""Imagery 3d post-event \u2014 fresh""}, {""factor"": ""Depth certainty"", ""delta"": 7, ""reason"": ""Moderate depth (3.5ft) \u2014 clear signal""}, {""factor"": ""Coverage coherence"", ""delta"": 4, ""reason"": ""60% coverage \u2014 substantial""}]",0,,"{""sar"": ""flood"", ""optical"": ""abstain"", ""dem_hydrology"": ""abstain""}"
NRIV-00252,"97 Molesworth St, Coraki NSW",37.5,4.35,0.0,20.0,19.71,Dispatch,89,Send adjuster — major flood damage likely,Satellite data at 97 Molesworth St indicates 4.3ft depth; dispatch per 89% confidence.,0,0,0.0,"[{""factor"": ""SAR recency"", ""delta"": 8, ""reason"": ""Imagery 3d post-event \u2014 fresh""}, {""factor"": ""Depth certainty"", ""delta"": 12, ""reason"": ""Deep water (4.3ft) \u2014 unambiguous""}, {""factor"": ""Coverage coherence"", ""delta"": 4, ""reason"": ""37% coverage \u2014 substantial""}]",0,,"{""sar"": ""flood"", ""optical"": ""abstain"", ""dem_hydrology"": ""abstain""}"
NRIV-00253,"179 Bridge St, Coraki NSW",12.2,5.31,0.0,20.0,19.69,Dispatch,82,Send adjuster — major flood damage likely,Satellite data at 179 Bridge St indicates 5.3ft depth; dispatch per 82% confidence.,0,0,0.0,"[{""factor"": ""SAR recency"", ""delta"": 8, ""reason"": ""Imagery 3d post-event \u2014 fresh""}, {""factor"": ""Depth certainty"", ""delta"": 12, ""reason"": ""Deep water (5.3ft) \u2014 unambiguous""}, {""factor"": ""Coverage coherence"", ""delta"": -3, ""reason"": ""12% coverage \u2014 ambiguous partial""}]",0,,"{""sar"": ""flood"", ""optical"": ""abstain"", ""dem_hydrology"": ""abstain""}"
NRIV-00254,"199 Codrington Rd, Coraki NSW",99.0,4.06,0.0,20.0,19.7,Dispatch,93,Send adjuster — major flood damage likely,Satellite data at 199 Codrington Rd indicates 4.1ft depth; dispatch per 93% confidence.,0,0,0.0,"[{""factor"": ""SAR recency"", ""delta"": 8, ""reason"": ""Imagery 3d post-event \u2014 fresh""}, {""factor"": ""Depth certainty"", ""delta"": 12, ""reason"": ""Deep water (4.1ft) \u2014 unambiguous""}, {""factor"": ""Coverage coherence"", ""delta"": 8, ""reason"": ""99% coverage \u2014 extensive, coherent""}]",0,,"{""sar"": ""flood"", ""optical"": ""abstain"", ""dem_hydrology"": ""abstain""}"
NRIV-00255,"181 Codrington Rd, Coraki NSW",100.0,2.03,0.0,20.0,19.69,Dispatch,88,Send adjuster — extensive property flooding detected,Satellite data at 181 Codrington Rd indicates 2.0ft depth; dispatch per 88% confidence.,0,0,0.0,"[{""factor"": ""SAR recency"", ""delta"": 8, ""reason"": ""Imagery 3d post-event \u2014 fresh""}, {""factor"": ""Depth certainty"", ""delta"": 7, ""reason"": ""Moderate depth (2.0ft) \u2014 clear signal""}, {""factor"": ""Coverage coherence"", ""delta"": 8, ""reason"": ""100% coverage \u2014 extensive, coherent""}]",0,,"{""sar"": ""flood"", ""optical"": ""abstain"", ""dem_hydrology"": ""flood""}"
NRIV-00256,"211 Tuckombil Rd, Coraki NSW",100.0,2.42,0.0,20.0,19.7,Dispatch,88,Send adjuster — extensive property flooding detected,Satellite data at 211 Tuckombil Rd indicates 2.4ft depth; dispatch per 88% confidence.,0,0,0.0,"[{""factor"": ""SAR recency"", ""delta"": 8, ""reason"": ""Imagery 3d post-event \u2014 fresh""}, {""factor"": ""Depth certainty"", ""delta"": 7, ""reason"": ""Moderate depth (2.4ft) \u2014 clear signal""}, {""factor"": ""Coverage coherence"", ""delta"": 8, ""reason"": ""100% coverage \u2014 extensive, coherent""}]",0,,"{""sar"": ""flood"", ""optical"": ""abstain"", ""dem_hydrology"": ""flood""}"
NRIV-00257,"10 Wyrallah Rd, Coraki NSW",100.0,3.02,0.0,20.0,19.71,Dispatch,88,Send adjuster — major flood damage likely,Satellite data at 10 Wyrallah Rd indicates 3.0ft depth; dispatch per 88% confidence.,0,0,0.0,"[{""factor"": ""SAR recency"", ""delta"": 8, ""reason"": ""Imagery 3d post-event \u2014 fresh""}, {""factor"": ""Depth certainty"", ""delta"": 7, ""reason"": ""Moderate depth (3.0ft) \u2014 clear signal""}, {""factor"": ""Coverage coherence"", ""delta"": 8, ""reason"": ""100% coverage \u2014 extensive, coherent""}]",0,,"{""sar"": ""flood"", ""optical"": ""abstain"", ""dem_hydrology"": ""abstain""}"
NRIV-00258,"26 Molesworth St, Coraki NSW",0.0,0.0,0.0,0.0,0.0,Review,75,Flag for manual review — borderline measurements or low confidence,Satellite data at 26 Molesworth St indicates 0.0ft depth; review per 75% confidence.,1,0,0.0,"[{""factor"": ""SAR recency"", ""delta"": 8, ""reason"": ""Imagery 3d post-event \u2014 fresh""}, {""factor"": ""Depth certainty"", ""delta"": 10, ""reason"": ""Near-zero depth \u2014 confidently not flooded""}, {""factor"": ""Coverage coherence"", ""delta"": 7, ""reason"": ""0% coverage \u2014 confidently dry""}, {""factor"": ""Urban SAR shadow"", ""delta"": -15, ""reason"": ""Dense urban area \u2014 radar shadow can mimic water""}]",0,,"{""sar"": ""dry"", ""optical"": ""abstain"", ""dem_hydrology"": ""abstain""}"
NRIV-00259,"4 Wilson St, Coraki NSW",13.7,2.19,0.0,20.0,19.69,Review,77,Flag for manual review — borderline measurements or low confidence,Satellite data at 4 Wilson St indicates 2.2ft depth; review per 77% confidence.,0,0,0.0,"[{""factor"": ""SAR recency"", ""delta"": 8, ""reason"": ""Imagery 3d post-event \u2014 fresh""}, {""factor"": ""Depth certainty"", ""delta"": 7, ""reason"": ""Moderate depth (2.2ft) \u2014 clear signal""}, {""factor"": ""Coverage coherence"", ""delta"": -3, ""reason"": ""14% coverage \u2014 ambiguous partial""}]",0,,"{""sar"": ""flood"", ""optical"": ""abstain"", ""dem_hydrology"": ""abstain""}"
NRIV-00260,"40 Richmond Tce, Coraki NSW",0.0,0.0,0.0,0.0,0.0,Remote-Deny,90,Deny remotely — no significant flooding detected by satellite,Satellite data at 40 Richmond Tce indicates 0.0ft depth; remote-deny per 90% confidence.,0,0,0.0,"[{""factor"": ""SAR recency"", ""delta"": 8, ""reason"": ""Imagery 3d post-event \u2014 fresh""}, {""factor"": ""Depth certainty"", ""delta"": 10, ""reason"": ""Near-zero depth \u2014 confidently not flooded""}, {""factor"": ""Coverage coherence"", ""delta"": 7, ""reason"": ""0% coverage \u2014 confidently dry""}]",0,,"{""sar"": ""dry"", ""optical"": ""abstain"", ""dem_hydrology"": ""abstain""}"
NRIV-00261,"87 Bagotville Rd, Coraki NSW",0.0,0.0,0.0,0.0,0.0,Remote-Deny,90,Deny remotely — no significant flooding detected by satellite,Satellite data at 87 Bagotville Rd indicates 0.0ft depth; remote-deny per 90% confidence.,0,0,0.0,"[{""factor"": ""SAR recency"", ""delta"": 8, ""reason"": ""Imagery 3d post-event \u2014 fresh""}, {""factor"": ""Depth certainty"", ""delta"": 10, ""reason"": ""Near-zero depth \u2014 confidently not flooded""}, {""factor"": ""Coverage coherence"", ""delta"": 7, ""reason"": ""0% coverage \u2014 confidently dry""}]",0,,"{""sar"": ""dry"", ""optical"": ""abstain"", ""dem_hydrology"": ""abstain""}"
NRIV-00262,"219 Pacific Hwy, Coraki NSW",0.0,0.0,0.0,0.0,0.0,Remote-Deny,90,Deny remotely — no significant flooding detected by satellite,Satellite data at 219 Pacific Hwy indicates 0.0ft depth; remote-deny per 90% confidence.,0,0,0.0,"[{""factor"": ""SAR recency"", ""delta"": 8, ""reason"": ""Imagery 3d post-event \u2014 fresh""}, {""factor"": ""Depth certainty"", ""delta"": 10, ""reason"": ""Near-zero depth \u2014 confidently not flooded""}, {""factor"": ""Coverage coherence"", ""delta"": 7, ""reason"": ""0% coverage \u2014 confidently dry""}]",0,,"{""sar"": ""dry"", ""optical"": ""abstain"", ""dem_hydrology"": ""dry""}"
NRIV-00263,"98 Pacific Hwy, Coraki NSW",98.3,3.42,0.0,20.0,19.7,Dispatch,88,Send adjuster — major flood damage likely,Satellite data at 98 Pacific Hwy indicates 3.4ft depth; dispatch per 88% confidence.,0,0,0.0,"[{""factor"": ""SAR recency"", ""delta"": 8, ""reason"": ""Imagery 3d post-event \u2014 fresh""}, {""factor"": ""Depth certainty"", ""delta"": 7, ""reason"": ""Moderate depth (3.4ft) \u2014 clear signal""}, {""factor"": ""Coverage coherence"", ""delta"": 8, ""reason"": ""98% coverage \u2014 extensive, coherent""}]",0,,"{""sar"": ""flood"", ""optical"": ""abstain"", ""dem_hydrology"": ""flood""}"
NRIV-00264,"125 Casino Rd, Coraki NSW",34.1,2.83,0.0,20.0,19.69,Review,77,Flag for manual review — borderline measurements or low confidence,Satellite data at 125 Casino Rd indicates 2.8ft depth; review per 77% confidence.,0,0,0.0,"[{""factor"": ""SAR recency"", ""delta"": 8, ""reason"": ""Imagery 3d post-event \u2014 fresh""}, {""factor"": ""Depth certainty"", ""delta"": 7, ""reason"": ""Moderate depth (2.8ft) \u2014 clear signal""}, {""factor"": ""Coverage coherence"", ""delta"": -3, ""reason"": ""34% coverage \u2014 ambiguous partial""}]",0,,"{""sar"": ""flood"", ""optical"": ""abstain"", ""dem_hydrology"": ""flood""}"
NRIV-00265,"162 Tuckombil Rd, Coraki NSW",100.0,2.07,0.0,20.0,19.69,Dispatch,88,Send adjuster — extensive property flooding detected,Satellite data at 162 Tuckombil Rd indicates 2.1ft depth; dispatch per 88% confidence.,0,0,0.0,"[{""factor"": ""SAR recency"", ""delta"": 8, ""reason"": ""Imagery 3d post-event \u2014 fresh""}, {""factor"": ""Depth certainty"", ""delta"": 7, ""reason"": ""Moderate depth (2.1ft) \u2014 clear signal""}, {""factor"": ""Coverage coherence"", ""delta"": 8, ""reason"": ""100% coverage \u2014 extensive, coherent""}]",0,,"{""sar"": ""flood"", ""optical"": ""abstain"", ""dem_hydrology"": ""flood""}"
NRIV-00266,"192 Richmond Tce, Woodburn NSW",87.0,0.99,0.0,20.0,19.74,Review,77,Flag for manual review — borderline measurements or low confidence,Satellite data at 192 Richmond Tce indicates 1.0ft depth; review per 77% confidence.,0,0,0.0,"[{""factor"": ""SAR recency"", ""delta"": 8, ""reason"": ""Imagery 3d post-event \u2014 fresh""}, {""factor"": ""Depth certainty"", ""delta"": -4, ""reason"": ""Shallow (1.0ft) \u2014 hardest to measure""}, {""factor"": ""Coverage coherence"", ""delta"": 8, ""reason"": ""87% coverage \u2014 extensive, coherent""}]",0,,"{""sar"": ""flood"", ""optical"": ""abstain"", ""dem_hydrology"": ""abstain""}"
NRIV-00267,"163 Wilson St, Woodburn NSW",100.0,3.01,0.0,20.0,19.71,Dispatch,88,Send adjuster — major flood damage likely,Satellite data at 163 Wilson St indicates 3.0ft depth; dispatch per 88% confidence.,0,0,0.0,"[{""factor"": ""SAR recency"", ""delta"": 8, ""reason"": ""Imagery 3d post-event \u2014 fresh""}, {""factor"": ""Depth certainty"", ""delta"": 7, ""reason"": ""Moderate depth (3.0ft) \u2014 clear signal""}, {""factor"": ""Coverage coherence"", ""delta"": 8, ""reason"": ""100% coverage \u2014 extensive, coherent""}]",0,,"{""sar"": ""flood"", ""optical"": ""abstain"", ""dem_hydrology"": ""flood""}"
NRIV-00268,"178 Mill Rd, Woodburn NSW",100.0,3.15,0.0,20.0,19.69,Dispatch,88,Send adjuster — major flood damage likely,Satellite data at 178 Mill Rd indicates 3.1ft depth; dispatch per 88% confidence.,0,0,0.0,"[{""factor"": ""SAR recency"", ""delta"": 8, ""reason"": ""Imagery 3d post-event \u2014 fresh""}, {""factor"": ""Depth certainty"", ""delta"": 7, ""reason"": ""Moderate depth (3.1ft) \u2014 clear signal""}, {""factor"": ""Coverage coherence"", ""delta"": 8, ""reason"": ""100% coverage \u2014 extensive, coherent""}]",0,,"{""sar"": ""flood"", ""optical"": ""abstain"", ""dem_hydrology"": ""flood""}"
NRIV-00269,"204 River Rd, Broadwater NSW",0.0,0.0,0.0,0.0,0.0,Remote-Deny,90,Deny remotely — no significant flooding detected by satellite,Satellite data at 204 River Rd indicates 0.0ft depth; remote-deny per 90% confidence.,0,0,0.0,"[{""factor"": ""SAR recency"", ""delta"": 8, ""reason"": ""Imagery 3d post-event \u2014 fresh""}, {""factor"": ""Depth certainty"", ""delta"": 10, ""reason"": ""Near-zero depth \u2014 confidently not flooded""}, {""factor"": ""Coverage coherence"", ""delta"": 7, ""reason"": ""0% coverage \u2014 confidently dry""}]",0,,"{""sar"": ""dry"", ""optical"": ""abstain"", ""dem_hydrology"": ""dry""}"
NRIV-00270,"38 Bridge St, Broadwater NSW",100.0,1.97,0.0,20.0,19.69,Dispatch,84,Send adjuster — extensive property flooding detected,Satellite data at 38 Bridge St indicates 2.0ft depth; dispatch per 84% confidence.,0,0,0.0,"[{""factor"": ""SAR recency"", ""delta"": 8, ""reason"": ""Imagery 3d post-event \u2014 fresh""}, {""factor"": ""Depth certainty"", ""delta"": 3, ""reason"": ""Shallow-moderate depth (2.0ft)""}, {""factor"": ""Coverage coherence"", ""delta"": 8, ""reason"": ""100% coverage \u2014 extensive, coherent""}]",0,,"{""sar"": ""flood"", ""optical"": ""abstain"", ""dem_hydrology"": ""flood""}"
NRIV-00271,"203 Wyrallah Rd, Broadwater NSW",0.0,0.0,0.0,0.0,0.0,Remote-Deny,90,Deny remotely — no significant flooding detected by satellite,Satellite data at 203 Wyrallah Rd indicates 0.0ft depth; remote-deny per 90% confidence.,0,0,0.0,"[{""factor"": ""SAR recency"", ""delta"": 8, ""reason"": ""Imagery 3d post-event \u2014 fresh""}, {""factor"": ""Depth certainty"", ""delta"": 10, ""reason"": ""Near-zero depth \u2014 confidently not flooded""}, {""factor"": ""Coverage coherence"", ""delta"": 7, ""reason"": ""0% coverage \u2014 confidently dry""}]",0,,"{""sar"": ""dry"", ""optical"": ""abstain"", ""dem_hydrology"": ""dry""}"
NRIV-00272,"98 Bagotville Rd, Broadwater NSW",9.8,2.79,0.0,20.0,19.69,Review,77,Flag for manual review — borderline measurements or low confidence,Satellite data at 98 Bagotville Rd indicates 2.8ft depth; review per 77% confidence.,0,0,0.0,"[{""factor"": ""SAR recency"", ""delta"": 8, ""reason"": ""Imagery 3d post-event \u2014 fresh""}, {""factor"": ""Depth certainty"", ""delta"": 7, ""reason"": ""Moderate depth (2.8ft) \u2014 clear signal""}, {""factor"": ""Coverage coherence"", ""delta"": -3, ""reason"": ""10% coverage \u2014 ambiguous partial""}]",0,,"{""sar"": ""dry"", ""optical"": ""abstain"", ""dem_hydrology"": ""flood""}"
NRIV-00273,"150 Wyrallah Rd, Broadwater NSW",100.0,2.86,0.0,20.0,19.71,Dispatch,88,Send adjuster — extensive property flooding detected,Satellite data at 150 Wyrallah Rd indicates 2.9ft depth; dispatch per 88% confidence.,0,0,0.0,"[{""factor"": ""SAR recency"", ""delta"": 8, ""reason"": ""Imagery 3d post-event \u2014 fresh""}, {""factor"": ""Depth certainty"", ""delta"": 7, ""reason"": ""Moderate depth (2.9ft) \u2014 clear signal""}, {""factor"": ""Coverage coherence"", ""delta"": 8, ""reason"": ""100% coverage \u2014 extensive, coherent""}]",0,,"{""sar"": ""flood"", ""optical"": ""abstain"", ""dem_hydrology"": ""flood""}"
NRIV-00274,"118 Mill Rd, Broadwater NSW",0.0,0.0,0.0,0.0,0.0,Remote-Deny,90,Deny remotely — no significant flooding detected by satellite,Satellite data at 118 Mill Rd indicates 0.0ft depth; remote-deny per 90% confidence.,0,0,0.0,"[{""factor"": ""SAR recency"", ""delta"": 8, ""reason"": ""Imagery 3d post-event \u2014 fresh""}, {""factor"": ""Depth certainty"", ""delta"": 10, ""reason"": ""Near-zero depth \u2014 confidently not flooded""}, {""factor"": ""Coverage coherence"", ""delta"": 7, ""reason"": ""0% coverage \u2014 confidently dry""}]",0,,"{""sar"": ""dry"", ""optical"": ""abstain"", ""dem_hydrology"": ""dry""}"
NRIV-00275,"120 Mill Rd, Broadwater NSW",0.0,0.0,0.0,0.0,0.0,Remote-Deny,90,Deny remotely — no significant flooding detected by satellite,Satellite data at 120 Mill Rd indicates 0.0ft depth; remote-deny per 90% confidence.,0,0,0.0,"[{""factor"": ""SAR recency"", ""delta"": 8, ""reason"": ""Imagery 3d post-event \u2014 fresh""}, {""factor"": ""Depth certainty"", ""delta"": 10, ""reason"": ""Near-zero depth \u2014 confidently not flooded""}, {""factor"": ""Coverage coherence"", ""delta"": 7, ""reason"": ""0% coverage \u2014 confidently dry""}]",0,,"{""sar"": ""dry"", ""optical"": ""abstain"", ""dem_hydrology"": ""flood""}"
NRIV-00276,"114 Pacific Hwy, Coraki NSW",0.0,0.0,0.0,0.0,0.0,Remote-Deny,90,Deny remotely — no significant flooding detected by satellite,Satellite data at 114 Pacific Hwy indicates 0.0ft depth; remote-deny per 90% confidence.,0,0,0.0732,"[{""factor"": ""SAR recency"", ""delta"": 8, ""reason"": ""Imagery 3d post-event \u2014 fresh""}, {""factor"": ""Depth certainty"", ""delta"": 10, ""reason"": ""Near-zero depth \u2014 confidently not flooded""}, {""factor"": ""Coverage coherence"", ""delta"": 7, ""reason"": ""0% coverage \u2014 confidently dry""}]",0,,"{""sar"": ""dry"", ""optical"": ""abstain"", ""dem_hydrology"": ""dry""}"
NRIV-00277,"109 Wilson St, Coraki NSW",44.6,3.37,0.0,20.0,19.69,Dispatch,84,Send adjuster — major flood damage likely,Satellite data at 109 Wilson St indicates 3.4ft depth; dispatch per 84% confidence.,0,0,0.2961,"[{""factor"": ""SAR recency"", ""delta"": 8, ""reason"": ""Imagery 3d post-event \u2014 fresh""}, {""factor"": ""Depth certainty"", ""delta"": 7, ""reason"": ""Moderate depth (3.4ft) \u2014 clear signal""}, {""factor"": ""Coverage coherence"", ""delta"": 4, ""reason"": ""45% coverage \u2014 substantial""}]",0,,"{""sar"": ""flood"", ""optical"": ""abstain"", ""dem_hydrology"": ""flood""}"
NRIV-00278,"51 Codrington Rd, Coraki NSW",90.2,3.65,0.0,20.0,19.83,Review,88,Flag for manual review — independent sensors (SAR/optical/DEM) disagree,Satellite data at 51 Codrington Rd indicates 3.6ft depth; review per 88% confidence.,0,0,0.0819,"[{""factor"": ""SAR recency"", ""delta"": 8, ""reason"": ""Imagery 3d post-event \u2014 fresh""}, {""factor"": ""Depth certainty"", ""delta"": 7, ""reason"": ""Moderate depth (3.6ft) \u2014 clear signal""}, {""factor"": ""Coverage coherence"", ""delta"": 8, ""reason"": ""90% coverage \u2014 extensive, coherent""}]",1,Sensors disagree: SAR indicate flooding while DEM-hydrology indicate dry/implausible — routed to manual review.,"{""sar"": ""flood"", ""optical"": ""abstain"", ""dem_hydrology"": ""dry""}"
NRIV-00279,"98 Bagotville Rd, Coraki NSW",100.0,5.19,0.0,20.0,19.72,Dispatch,97,Send adjuster — major flood damage likely,Satellite data at 98 Bagotville Rd indicates 5.2ft depth; dispatch per 97% confidence.,0,1,0.998,"[{""factor"": ""SAR recency"", ""delta"": 8, ""reason"": ""Imagery 3d post-event \u2014 fresh""}, {""factor"": ""Depth certainty"", ""delta"": 12, ""reason"": ""Deep water (5.2ft) \u2014 unambiguous""}, {""factor"": ""Coverage coherence"", ""delta"": 8, ""reason"": ""100% coverage \u2014 extensive, coherent""}, {""factor"": ""Optical cross-check"", ""delta"": 10, ""reason"": ""Sentinel-2 confirms standing water \u2014 sensors agree""}]",0,,"{""sar"": ""flood"", ""optical"": ""flood"", ""dem_hydrology"": ""abstain""}"
NRIV-00280,"180 Mill Rd, Coraki NSW",100.0,5.69,0.0,20.0,19.72,Dispatch,97,Send adjuster — major flood damage likely,Satellite data at 180 Mill Rd indicates 5.7ft depth; dispatch per 97% confidence.,0,1,1.0,"[{""factor"": ""SAR recency"", ""delta"": 8, ""reason"": ""Imagery 3d post-event \u2014 fresh""}, {""factor"": ""Depth certainty"", ""delta"": 12, ""reason"": ""Deep water (5.7ft) \u2014 unambiguous""}, {""factor"": ""Coverage coherence"", ""delta"": 8, ""reason"": ""100% coverage \u2014 extensive, coherent""}, {""factor"": ""Optical cross-check"", ""delta"": 10, ""reason"": ""Sentinel-2 confirms standing water \u2014 sensors agree""}]",0,,"{""sar"": ""flood"", ""optical"": ""flood"", ""dem_hydrology"": ""flood""}"
NRIV-00281,"102 Mill Rd, Coraki NSW",100.0,4.45,0.0,20.0,19.7,Dispatch,93,Send adjuster — major flood damage likely,Satellite data at 102 Mill Rd indicates 4.5ft depth; dispatch per 93% confidence.,0,0,0.0,"[{""factor"": ""SAR recency"", ""delta"": 8, ""reason"": ""Imagery 3d post-event \u2014 fresh""}, {""factor"": ""Depth certainty"", ""delta"": 12, ""reason"": ""Deep water (4.5ft) \u2014 unambiguous""}, {""factor"": ""Coverage coherence"", ""delta"": 8, ""reason"": ""100% coverage \u2014 extensive, coherent""}]",0,,"{""sar"": ""flood"", ""optical"": ""abstain"", ""dem_hydrology"": ""flood""}"
NRIV-00282,"200 Wilson St, Coraki NSW",100.0,8.35,0.0,20.0,19.73,Dispatch,93,Send adjuster — major flood damage likely,Satellite data at 200 Wilson St indicates 8.3ft depth; dispatch per 93% confidence.,0,0,0.0,"[{""factor"": ""SAR recency"", ""delta"": 8, ""reason"": ""Imagery 3d post-event \u2014 fresh""}, {""factor"": ""Depth certainty"", ""delta"": 12, ""reason"": ""Deep water (8.3ft) \u2014 unambiguous""}, {""factor"": ""Coverage coherence"", ""delta"": 8, ""reason"": ""100% coverage \u2014 extensive, coherent""}]",0,,"{""sar"": ""flood"", ""optical"": ""abstain"", ""dem_hydrology"": ""abstain""}"
NRIV-00283,"191 Molesworth St, Coraki NSW",74.2,4.23,0.0,20.0,19.72,Dispatch,93,Send adjuster — major flood damage likely,Satellite data at 191 Molesworth St indicates 4.2ft depth; dispatch per 93% confidence.,0,0,0.0,"[{""factor"": ""SAR recency"", ""delta"": 8, ""reason"": ""Imagery 3d post-event \u2014 fresh""}, {""factor"": ""Depth certainty"", ""delta"": 12, ""reason"": ""Deep water (4.2ft) \u2014 unambiguous""}, {""factor"": ""Coverage coherence"", ""delta"": 8, ""reason"": ""74% coverage \u2014 extensive, coherent""}]",0,,"{""sar"": ""flood"", ""optical"": ""abstain"", ""dem_hydrology"": ""abstain""}"
NRIV-00284,"199 Bridge St, Coraki NSW",100.0,2.83,0.0,20.0,19.69,Dispatch,88,Send adjuster — extensive property flooding detected,Satellite data at 199 Bridge St indicates 2.8ft depth; dispatch per 88% confidence.,0,0,0.3796,"[{""factor"": ""SAR recency"", ""delta"": 8, ""reason"": ""Imagery 3d post-event \u2014 fresh""}, {""factor"": ""Depth certainty"", ""delta"": 7, ""reason"": ""Moderate depth (2.8ft) \u2014 clear signal""}, {""factor"": ""Coverage coherence"", ""delta"": 8, ""reason"": ""100% coverage \u2014 extensive, coherent""}]",0,,"{""sar"": ""flood"", ""optical"": ""abstain"", ""dem_hydrology"": ""flood""}"
NRIV-00285,"163 Bridge St, Coraki NSW",100.0,3.39,0.0,20.0,19.7,Dispatch,88,Send adjuster — major flood damage likely,Satellite data at 163 Bridge St indicates 3.4ft depth; dispatch per 88% confidence.,0,0,0.0,"[{""factor"": ""SAR recency"", ""delta"": 8, ""reason"": ""Imagery 3d post-event \u2014 fresh""}, {""factor"": ""Depth certainty"", ""delta"": 7, ""reason"": ""Moderate depth (3.4ft) \u2014 clear signal""}, {""factor"": ""Coverage coherence"", ""delta"": 8, ""reason"": ""100% coverage \u2014 extensive, coherent""}]",0,,"{""sar"": ""flood"", ""optical"": ""abstain"", ""dem_hydrology"": ""flood""}"
NRIV-00286,"185 Tuckombil Rd, Coraki NSW",22.7,0.06,0.0,19.75,19.69,Review,80,Flag for manual review — borderline measurements or low confidence,Satellite data at 185 Tuckombil Rd indicates 0.1ft depth; review per 80% confidence.,0,0,0.0,"[{""factor"": ""SAR recency"", ""delta"": 8, ""reason"": ""Imagery 3d post-event \u2014 fresh""}, {""factor"": ""Depth certainty"", ""delta"": 10, ""reason"": ""Near-zero depth \u2014 confidently not flooded""}, {""factor"": ""Coverage coherence"", ""delta"": -3, ""reason"": ""23% coverage \u2014 ambiguous partial""}]",0,,"{""sar"": ""flood"", ""optical"": ""abstain"", ""dem_hydrology"": ""abstain""}"
NRIV-00287,"25 Tuckombil Rd, Coraki NSW",100.0,5.24,0.0,20.0,19.72,Dispatch,93,Send adjuster — major flood damage likely,Satellite data at 25 Tuckombil Rd indicates 5.2ft depth; dispatch per 93% confidence.,0,0,0.0,"[{""factor"": ""SAR recency"", ""delta"": 8, ""reason"": ""Imagery 3d post-event \u2014 fresh""}, {""factor"": ""Depth certainty"", ""delta"": 12, ""reason"": ""Deep water (5.2ft) \u2014 unambiguous""}, {""factor"": ""Coverage coherence"", ""delta"": 8, ""reason"": ""100% coverage \u2014 extensive, coherent""}]",0,,"{""sar"": ""flood"", ""optical"": ""abstain"", ""dem_hydrology"": ""abstain""}"
NRIV-00288,"113 River Rd, Coraki NSW",79.5,3.6,0.0,20.0,19.71,Dispatch,88,Send adjuster — major flood damage likely,Satellite data at 113 River Rd indicates 3.6ft depth; dispatch per 88% confidence.,0,0,0.0,"[{""factor"": ""SAR recency"", ""delta"": 8, ""reason"": ""Imagery 3d post-event \u2014 fresh""}, {""factor"": ""Depth certainty"", ""delta"": 7, ""reason"": ""Moderate depth (3.6ft) \u2014 clear signal""}, {""factor"": ""Coverage coherence"", ""delta"": 8, ""reason"": ""80% coverage \u2014 extensive, coherent""}]",0,,"{""sar"": ""flood"", ""optical"": ""abstain"", ""dem_hydrology"": ""abstain""}"
NRIV-00289,"24 Mill Rd, Coraki NSW",0.0,0.0,0.0,0.0,0.0,Remote-Deny,90,Deny remotely — no significant flooding detected by satellite,Satellite data at 24 Mill Rd indicates 0.0ft depth; remote-deny per 90% confidence.,0,0,0.0,"[{""factor"": ""SAR recency"", ""delta"": 8, ""reason"": ""Imagery 3d post-event \u2014 fresh""}, {""factor"": ""Depth certainty"", ""delta"": 10, ""reason"": ""Near-zero depth \u2014 confidently not flooded""}, {""factor"": ""Coverage coherence"", ""delta"": 7, ""reason"": ""0% coverage \u2014 confidently dry""}]",0,,"{""sar"": ""dry"", ""optical"": ""abstain"", ""dem_hydrology"": ""dry""}"
NRIV-00290,"52 Wyrallah Rd, Coraki NSW",100.0,3.17,0.0,20.0,19.69,Dispatch,88,Send adjuster — major flood damage likely,Satellite data at 52 Wyrallah Rd indicates 3.2ft depth; dispatch per 88% confidence.,0,0,0.0,"[{""factor"": ""SAR recency"", ""delta"": 8, ""reason"": ""Imagery 3d post-event \u2014 fresh""}, {""factor"": ""Depth certainty"", ""delta"": 7, ""reason"": ""Moderate depth (3.2ft) \u2014 clear signal""}, {""factor"": ""Coverage coherence"", ""delta"": 8, ""reason"": ""100% coverage \u2014 extensive, coherent""}]",0,,"{""sar"": ""flood"", ""optical"": ""abstain"", ""dem_hydrology"": ""flood""}"
NRIV-00291,"94 Casino Rd, Coraki NSW",100.0,3.13,0.0,20.0,19.72,Dispatch,88,Send adjuster — major flood damage likely,Satellite data at 94 Casino Rd indicates 3.1ft depth; dispatch per 88% confidence.,0,0,0.0,"[{""factor"": ""SAR recency"", ""delta"": 8, ""reason"": ""Imagery 3d post-event \u2014 fresh""}, {""factor"": ""Depth certainty"", ""delta"": 7, ""reason"": ""Moderate depth (3.1ft) \u2014 clear signal""}, {""factor"": ""Coverage coherence"", ""delta"": 8, ""reason"": ""100% coverage \u2014 extensive, coherent""}]",0,,"{""sar"": ""flood"", ""optical"": ""abstain"", ""dem_hydrology"": ""abstain""}"
NRIV-00292,"43 Mill Rd, Broadwater NSW",100.0,2.15,0.0,20.0,19.7,Dispatch,88,Send adjuster — extensive property flooding detected,Satellite data at 43 Mill Rd indicates 2.1ft depth; dispatch per 88% confidence.,0,0,0.0,"[{""factor"": ""SAR recency"", ""delta"": 8, ""reason"": ""Imagery 3d post-event \u2014 fresh""}, {""factor"": ""Depth certainty"", ""delta"": 7, ""reason"": ""Moderate depth (2.1ft) \u2014 clear signal""}, {""factor"": ""Coverage coherence"", ""delta"": 8, ""reason"": ""100% coverage \u2014 extensive, coherent""}]",0,,"{""sar"": ""flood"", ""optical"": ""abstain"", ""dem_hydrology"": ""flood""}"
NRIV-00293,"207 Mill Rd, Broadwater NSW",100.0,7.64,0.0,20.0,19.73,Dispatch,93,Send adjuster — major flood damage likely,Satellite data at 207 Mill Rd indicates 7.6ft depth; dispatch per 93% confidence.,0,0,0.0,"[{""factor"": ""SAR recency"", ""delta"": 8, ""reason"": ""Imagery 3d post-event \u2014 fresh""}, {""factor"": ""Depth certainty"", ""delta"": 12, ""reason"": ""Deep water (7.6ft) \u2014 unambiguous""}, {""factor"": ""Coverage coherence"", ""delta"": 8, ""reason"": ""100% coverage \u2014 extensive, coherent""}]",0,,"{""sar"": ""flood"", ""optical"": ""abstain"", ""dem_hydrology"": ""flood""}"
NRIV-00294,"30 Molesworth St, Broadwater NSW",92.7,7.18,0.0,20.0,19.72,Dispatch,93,Send adjuster — major flood damage likely,Satellite data at 30 Molesworth St indicates 7.2ft depth; dispatch per 93% confidence.,0,0,0.0,"[{""factor"": ""SAR recency"", ""delta"": 8, ""reason"": ""Imagery 3d post-event \u2014 fresh""}, {""factor"": ""Depth certainty"", ""delta"": 12, ""reason"": ""Deep water (7.2ft) \u2014 unambiguous""}, {""factor"": ""Coverage coherence"", ""delta"": 8, ""reason"": ""93% coverage \u2014 extensive, coherent""}]",0,,"{""sar"": ""flood"", ""optical"": ""abstain"", ""dem_hydrology"": ""flood""}"
NRIV-00295,"58 Tuckombil Rd, Broadwater NSW",100.0,3.89,0.0,20.0,19.73,Dispatch,88,Send adjuster — major flood damage likely,Satellite data at 58 Tuckombil Rd indicates 3.9ft depth; dispatch per 88% confidence.,0,0,0.0,"[{""factor"": ""SAR recency"", ""delta"": 8, ""reason"": ""Imagery 3d post-event \u2014 fresh""}, {""factor"": ""Depth certainty"", ""delta"": 7, ""reason"": ""Moderate depth (3.9ft) \u2014 clear signal""}, {""factor"": ""Coverage coherence"", ""delta"": 8, ""reason"": ""100% coverage \u2014 extensive, coherent""}]",0,,"{""sar"": ""flood"", ""optical"": ""abstain"", ""dem_hydrology"": ""flood""}"
NRIV-00296,"217 Casino Rd, Broadwater NSW",100.0,1.59,0.0,20.0,19.72,Dispatch,84,Send adjuster — extensive property flooding detected,Satellite data at 217 Casino Rd indicates 1.6ft depth; dispatch per 84% confidence.,0,0,0.0,"[{""factor"": ""SAR recency"", ""delta"": 8, ""reason"": ""Imagery 3d post-event \u2014 fresh""}, {""factor"": ""Depth certainty"", ""delta"": 3, ""reason"": ""Shallow-moderate depth (1.6ft)""}, {""factor"": ""Coverage coherence"", ""delta"": 8, ""reason"": ""100% coverage \u2014 extensive, coherent""}]",0,,"{""sar"": ""flood"", ""optical"": ""abstain"", ""dem_hydrology"": ""abstain""}"
NRIV-00297,"4 Mill Rd, Broadwater NSW",100.0,4.17,0.0,20.0,19.72,Dispatch,93,Send adjuster — major flood damage likely,Satellite data at 4 Mill Rd indicates 4.2ft depth; dispatch per 93% confidence.,0,0,0.0,"[{""factor"": ""SAR recency"", ""delta"": 8, ""reason"": ""Imagery 3d post-event \u2014 fresh""}, {""factor"": ""Depth certainty"", ""delta"": 12, ""reason"": ""Deep water (4.2ft) \u2014 unambiguous""}, {""factor"": ""Coverage coherence"", ""delta"": 8, ""reason"": ""100% coverage \u2014 extensive, coherent""}]",0,,"{""sar"": ""flood"", ""optical"": ""abstain"", ""dem_hydrology"": ""flood""}"
NRIV-00298,"173 Wilson St, Broadwater NSW",0.0,0.0,0.0,0.0,0.0,Remote-Deny,90,Deny remotely — no significant flooding detected by satellite,Satellite data at 173 Wilson St indicates 0.0ft depth; remote-deny per 90% confidence.,0,0,0.0,"[{""factor"": ""SAR recency"", ""delta"": 8, ""reason"": ""Imagery 3d post-event \u2014 fresh""}, {""factor"": ""Depth certainty"", ""delta"": 10, ""reason"": ""Near-zero depth \u2014 confidently not flooded""}, {""factor"": ""Coverage coherence"", ""delta"": 7, ""reason"": ""0% coverage \u2014 confidently dry""}]",0,,"{""sar"": ""dry"", ""optical"": ""abstain"", ""dem_hydrology"": ""abstain""}"
NRIV-00299,"211 Tuckombil Rd, Broadwater NSW",0.0,0.0,0.0,0.0,0.0,Remote-Deny,90,Deny remotely — no significant flooding detected by satellite,Satellite data at 211 Tuckombil Rd indicates 0.0ft depth; remote-deny per 90% confidence.,0,0,0.0,"[{""factor"": ""SAR recency"", ""delta"": 8, ""reason"": ""Imagery 3d post-event \u2014 fresh""}, {""factor"": ""Depth certainty"", ""delta"": 10, ""reason"": ""Near-zero depth \u2014 confidently not flooded""}, {""factor"": ""Coverage coherence"", ""delta"": 7, ""reason"": ""0% coverage \u2014 confidently dry""}]",0,,"{""sar"": ""dry"", ""optical"": ""abstain"", ""dem_hydrology"": ""dry""}"
NRIV-00300,"60 Molesworth St, Broadwater NSW",0.0,0.0,0.0,0.0,0.0,Remote-Deny,90,Deny remotely — no significant flooding detected by satellite,Satellite data at 60 Molesworth St indicates 0.0ft depth; remote-deny per 90% confidence.,0,0,0.0,"[{""factor"": ""SAR recency"", ""delta"": 8, ""reason"": ""Imagery 3d post-event \u2014 fresh""}, {""factor"": ""Depth certainty"", ""delta"": 10, ""reason"": ""Near-zero depth \u2014 confidently not flooded""}, {""factor"": ""Coverage coherence"", ""delta"": 7, ""reason"": ""0% coverage \u2014 confidently dry""}]",0,,"{""sar"": ""dry"", ""optical"": ""abstain"", ""dem_hydrology"": ""dry""}"
NRIV-00301,"144 Pacific Hwy, Coraki NSW",0.0,0.0,0.0,0.0,0.0,Review,90,Flag for manual review — independent sensors (SAR/optical/DEM) disagree,Satellite data at 144 Pacific Hwy indicates 0.0ft depth; review per 90% confidence.,0,1,0.4928,"[{""factor"": ""SAR recency"", ""delta"": 8, ""reason"": ""Imagery 3d post-event \u2014 fresh""}, {""factor"": ""Depth certainty"", ""delta"": 10, ""reason"": ""Near-zero depth \u2014 confidently not flooded""}, {""factor"": ""Coverage coherence"", ""delta"": 7, ""reason"": ""0% coverage \u2014 confidently dry""}]",1,Sensors disagree: optical indicate flooding while SAR indicate dry/implausible — routed to manual review.,"{""sar"": ""dry"", ""optical"": ""flood"", ""dem_hydrology"": ""abstain""}"
NRIV-00302,"17 Tuckombil Rd, Coraki NSW",0.0,0.0,0.0,0.0,0.0,Remote-Deny,90,Deny remotely — no significant flooding detected by satellite,Satellite data at 17 Tuckombil Rd indicates 0.0ft depth; remote-deny per 90% confidence.,0,0,0.0,"[{""factor"": ""SAR recency"", ""delta"": 8, ""reason"": ""Imagery 3d post-event \u2014 fresh""}, {""factor"": ""Depth certainty"", ""delta"": 10, ""reason"": ""Near-zero depth \u2014 confidently not flooded""}, {""factor"": ""Coverage coherence"", ""delta"": 7, ""reason"": ""0% coverage \u2014 confidently dry""}]",0,,"{""sar"": ""dry"", ""optical"": ""abstain"", ""dem_hydrology"": ""dry""}"
NRIV-00303,"78 Tuckombil Rd, Coraki NSW",0.0,0.0,0.0,0.0,0.0,Remote-Deny,90,Deny remotely — no significant flooding detected by satellite,Satellite data at 78 Tuckombil Rd indicates 0.0ft depth; remote-deny per 90% confidence.,0,0,0.0,"[{""factor"": ""SAR recency"", ""delta"": 8, ""reason"": ""Imagery 3d post-event \u2014 fresh""}, {""factor"": ""Depth certainty"", ""delta"": 10, ""reason"": ""Near-zero depth \u2014 confidently not flooded""}, {""factor"": ""Coverage coherence"", ""delta"": 7, ""reason"": ""0% coverage \u2014 confidently dry""}]",0,,"{""sar"": ""dry"", ""optical"": ""abstain"", ""dem_hydrology"": ""dry""}"
NRIV-00304,"10 Mill Rd, Coraki NSW",0.0,0.0,0.0,0.0,0.0,Remote-Deny,90,Deny remotely — no significant flooding detected by satellite,Satellite data at 10 Mill Rd indicates 0.0ft depth; remote-deny per 90% confidence.,0,0,0.0,"[{""factor"": ""SAR recency"", ""delta"": 8, ""reason"": ""Imagery 3d post-event \u2014 fresh""}, {""factor"": ""Depth certainty"", ""delta"": 10, ""reason"": ""Near-zero depth \u2014 confidently not flooded""}, {""factor"": ""Coverage coherence"", ""delta"": 7, ""reason"": ""0% coverage \u2014 confidently dry""}]",0,,"{""sar"": ""dry"", ""optical"": ""abstain"", ""dem_hydrology"": ""dry""}"
NRIV-00305,"61 Casino Rd, Coraki NSW",0.0,0.0,0.0,0.0,0.0,Remote-Deny,90,Deny remotely — no significant flooding detected by satellite,Satellite data at 61 Casino Rd indicates 0.0ft depth; remote-deny per 90% confidence.,0,0,0.0,"[{""factor"": ""SAR recency"", ""delta"": 8, ""reason"": ""Imagery 3d post-event \u2014 fresh""}, {""factor"": ""Depth certainty"", ""delta"": 10, ""reason"": ""Near-zero depth \u2014 confidently not flooded""}, {""factor"": ""Coverage coherence"", ""delta"": 7, ""reason"": ""0% coverage \u2014 confidently dry""}]",0,,"{""sar"": ""dry"", ""optical"": ""abstain"", ""dem_hydrology"": ""dry""}"
NRIV-00306,"172 Wilson St, Coraki NSW",98.9,2.54,0.0,20.0,19.69,Dispatch,88,Send adjuster — extensive property flooding detected,Satellite data at 172 Wilson St indicates 2.5ft depth; dispatch per 88% confidence.,0,0,0.0,"[{""factor"": ""SAR recency"", ""delta"": 8, ""reason"": ""Imagery 3d post-event \u2014 fresh""}, {""factor"": ""Depth certainty"", ""delta"": 7, ""reason"": ""Moderate depth (2.5ft) \u2014 clear signal""}, {""factor"": ""Coverage coherence"", ""delta"": 8, ""reason"": ""99% coverage \u2014 extensive, coherent""}]",0,,"{""sar"": ""flood"", ""optical"": ""abstain"", ""dem_hydrology"": ""flood""}"
NRIV-00307,"151 Wilson St, Coraki NSW",2.4,2.04,0.0,20.0,19.69,Review,77,Flag for manual review — borderline measurements or low confidence,Satellite data at 151 Wilson St indicates 2.0ft depth; review per 77% confidence.,0,0,0.0,"[{""factor"": ""SAR recency"", ""delta"": 8, ""reason"": ""Imagery 3d post-event \u2014 fresh""}, {""factor"": ""Depth certainty"", ""delta"": 7, ""reason"": ""Moderate depth (2.0ft) \u2014 clear signal""}, {""factor"": ""Coverage coherence"", ""delta"": 7, ""reason"": ""2% coverage \u2014 confidently dry""}, {""factor"": ""Internal consistency"", ""delta"": -10, ""reason"": ""Deep water over a tiny footprint \u2014 physically suspicious""}]",0,,"{""sar"": ""dry"", ""optical"": ""abstain"", ""dem_hydrology"": ""abstain""}"
NRIV-00308,"168 Richmond Tce, Coraki NSW",0.0,0.0,0.0,0.0,0.0,Remote-Deny,90,Deny remotely — no significant flooding detected by satellite,Satellite data at 168 Richmond Tce indicates 0.0ft depth; remote-deny per 90% confidence.,0,0,0.0,"[{""factor"": ""SAR recency"", ""delta"": 8, ""reason"": ""Imagery 3d post-event \u2014 fresh""}, {""factor"": ""Depth certainty"", ""delta"": 10, ""reason"": ""Near-zero depth \u2014 confidently not flooded""}, {""factor"": ""Coverage coherence"", ""delta"": 7, ""reason"": ""0% coverage \u2014 confidently dry""}]",0,,"{""sar"": ""dry"", ""optical"": ""abstain"", ""dem_hydrology"": ""dry""}"
NRIV-00309,"72 River Rd, Coraki NSW",0.0,0.0,0.0,0.0,0.0,Remote-Deny,90,Deny remotely — no significant flooding detected by satellite,Satellite data at 72 River Rd indicates 0.0ft depth; remote-deny per 90% confidence.,0,0,0.1955,"[{""factor"": ""SAR recency"", ""delta"": 8, ""reason"": ""Imagery 3d post-event \u2014 fresh""}, {""factor"": ""Depth certainty"", ""delta"": 10, ""reason"": ""Near-zero depth \u2014 confidently not flooded""}, {""factor"": ""Coverage coherence"", ""delta"": 7, ""reason"": ""0% coverage \u2014 confidently dry""}]",0,,"{""sar"": ""dry"", ""optical"": ""abstain"", ""dem_hydrology"": ""dry""}"
NRIV-00310,"114 Bridge St, Coraki NSW",58.8,2.3,0.0,20.0,19.69,Dispatch,84,Send adjuster — extensive property flooding detected,Satellite data at 114 Bridge St indicates 2.3ft depth; dispatch per 84% confidence.,0,0,0.0,"[{""factor"": ""SAR recency"", ""delta"": 8, ""reason"": ""Imagery 3d post-event \u2014 fresh""}, {""factor"": ""Depth certainty"", ""delta"": 7, ""reason"": ""Moderate depth (2.3ft) \u2014 clear signal""}, {""factor"": ""Coverage coherence"", ""delta"": 4, ""reason"": ""59% coverage \u2014 substantial""}]",0,,"{""sar"": ""flood"", ""optical"": ""abstain"", ""dem_hydrology"": ""flood""}"
NRIV-00311,"176 Pacific Hwy, Coraki NSW",42.1,2.23,0.0,20.0,19.69,Remote-Approve,84,"Approve remotely — flooding confirmed, documentation required",Satellite data at 176 Pacific Hwy indicates 2.2ft depth; remote-approve per 84% confidence.,0,0,0.0,"[{""factor"": ""SAR recency"", ""delta"": 8, ""reason"": ""Imagery 3d post-event \u2014 fresh""}, {""factor"": ""Depth certainty"", ""delta"": 7, ""reason"": ""Moderate depth (2.2ft) \u2014 clear signal""}, {""factor"": ""Coverage coherence"", ""delta"": 4, ""reason"": ""42% coverage \u2014 substantial""}]",0,,"{""sar"": ""flood"", ""optical"": ""abstain"", ""dem_hydrology"": ""abstain""}"
NRIV-00312,"92 River Rd, Coraki NSW",27.3,12.84,0.0,20.0,19.69,Dispatch,82,Send adjuster — major flood damage likely,Satellite data at 92 River Rd indicates 12.8ft depth; dispatch per 82% confidence.,0,0,0.0,"[{""factor"": ""SAR recency"", ""delta"": 8, ""reason"": ""Imagery 3d post-event \u2014 fresh""}, {""factor"": ""Depth certainty"", ""delta"": 12, ""reason"": ""Deep water (12.8ft) \u2014 unambiguous""}, {""factor"": ""Coverage coherence"", ""delta"": -3, ""reason"": ""27% coverage \u2014 ambiguous partial""}]",0,,"{""sar"": ""flood"", ""optical"": ""abstain"", ""dem_hydrology"": ""flood""}"
NRIV-00313,"32 Molesworth St, Coraki NSW",0.0,0.0,0.0,0.0,0.0,Remote-Deny,90,Deny remotely — no significant flooding detected by satellite,Satellite data at 32 Molesworth St indicates 0.0ft depth; remote-deny per 90% confidence.,0,0,0.0,"[{""factor"": ""SAR recency"", ""delta"": 8, ""reason"": ""Imagery 3d post-event \u2014 fresh""}, {""factor"": ""Depth certainty"", ""delta"": 10, ""reason"": ""Near-zero depth \u2014 confidently not flooded""}, {""factor"": ""Coverage coherence"", ""delta"": 7, ""reason"": ""0% coverage \u2014 confidently dry""}]",0,,"{""sar"": ""dry"", ""optical"": ""abstain"", ""dem_hydrology"": ""abstain""}"
NRIV-00314,"164 Bagotville Rd, Coraki NSW",79.5,3.83,0.0,20.0,19.7,Dispatch,88,Send adjuster — major flood damage likely,Satellite data at 164 Bagotville Rd indicates 3.8ft depth; dispatch per 88% confidence.,0,0,0.0,"[{""factor"": ""SAR recency"", ""delta"": 8, ""reason"": ""Imagery 3d post-event \u2014 fresh""}, {""factor"": ""Depth certainty"", ""delta"": 7, ""reason"": ""Moderate depth (3.8ft) \u2014 clear signal""}, {""factor"": ""Coverage coherence"", ""delta"": 8, ""reason"": ""80% coverage \u2014 extensive, coherent""}]",0,,"{""sar"": ""flood"", ""optical"": ""abstain"", ""dem_hydrology"": ""flood""}"
NRIV-00315,"86 Bridge St, Coraki NSW",0.0,0.0,0.0,0.0,0.0,Remote-Deny,90,Deny remotely — no significant flooding detected by satellite,Satellite data at 86 Bridge St indicates 0.0ft depth; remote-deny per 90% confidence.,0,0,0.0,"[{""factor"": ""SAR recency"", ""delta"": 8, ""reason"": ""Imagery 3d post-event \u2014 fresh""}, {""factor"": ""Depth certainty"", ""delta"": 10, ""reason"": ""Near-zero depth \u2014 confidently not flooded""}, {""factor"": ""Coverage coherence"", ""delta"": 7, ""reason"": ""0% coverage \u2014 confidently dry""}]",0,,"{""sar"": ""dry"", ""optical"": ""abstain"", ""dem_hydrology"": ""dry""}"
NRIV-00316,"53 Richmond Tce, Broadwater NSW",100.0,3.95,0.0,20.0,19.69,Dispatch,88,Send adjuster — major flood damage likely,Satellite data at 53 Richmond Tce indicates 4.0ft depth; dispatch per 88% confidence.,0,0,0.0,"[{""factor"": ""SAR recency"", ""delta"": 8, ""reason"": ""Imagery 3d post-event \u2014 fresh""}, {""factor"": ""Depth certainty"", ""delta"": 7, ""reason"": ""Moderate depth (4.0ft) \u2014 clear signal""}, {""factor"": ""Coverage coherence"", ""delta"": 8, ""reason"": ""100% coverage \u2014 extensive, coherent""}]",0,,"{""sar"": ""flood"", ""optical"": ""abstain"", ""dem_hydrology"": ""flood""}"
NRIV-00317,"151 Bridge St, Broadwater NSW",100.0,4.15,0.0,20.0,19.7,Dispatch,93,Send adjuster — major flood damage likely,Satellite data at 151 Bridge St indicates 4.2ft depth; dispatch per 93% confidence.,0,0,0.0,"[{""factor"": ""SAR recency"", ""delta"": 8, ""reason"": ""Imagery 3d post-event \u2014 fresh""}, {""factor"": ""Depth certainty"", ""delta"": 12, ""reason"": ""Deep water (4.2ft) \u2014 unambiguous""}, {""factor"": ""Coverage coherence"", ""delta"": 8, ""reason"": ""100% coverage \u2014 extensive, coherent""}]",0,,"{""sar"": ""flood"", ""optical"": ""abstain"", ""dem_hydrology"": ""flood""}"
NRIV-00318,"199 Wyrallah Rd, Broadwater NSW",100.0,6.59,0.0,20.0,19.76,Dispatch,93,Send adjuster — major flood damage likely,Satellite data at 199 Wyrallah Rd indicates 6.6ft depth; dispatch per 93% confidence.,0,0,0.0,"[{""factor"": ""SAR recency"", ""delta"": 8, ""reason"": ""Imagery 3d post-event \u2014 fresh""}, {""factor"": ""Depth certainty"", ""delta"": 12, ""reason"": ""Deep water (6.6ft) \u2014 unambiguous""}, {""factor"": ""Coverage coherence"", ""delta"": 8, ""reason"": ""100% coverage \u2014 extensive, coherent""}]",0,,"{""sar"": ""flood"", ""optical"": ""abstain"", ""dem_hydrology"": ""flood""}"
NRIV-00319,"71 Wyrallah Rd, Broadwater NSW",0.0,0.0,0.0,0.0,0.0,Remote-Deny,90,Deny remotely — no significant flooding detected by satellite,Satellite data at 71 Wyrallah Rd indicates 0.0ft depth; remote-deny per 90% confidence.,0,0,0.0,"[{""factor"": ""SAR recency"", ""delta"": 8, ""reason"": ""Imagery 3d post-event \u2014 fresh""}, {""factor"": ""Depth certainty"", ""delta"": 10, ""reason"": ""Near-zero depth \u2014 confidently not flooded""}, {""factor"": ""Coverage coherence"", ""delta"": 7, ""reason"": ""0% coverage \u2014 confidently dry""}]",0,,"{""sar"": ""dry"", ""optical"": ""abstain"", ""dem_hydrology"": ""abstain""}"
NRIV-00320,"205 Wyrallah Rd, Broadwater NSW",100.0,3.37,0.0,20.0,19.7,Dispatch,88,Send adjuster — major flood damage likely,Satellite data at 205 Wyrallah Rd indicates 3.4ft depth; dispatch per 88% confidence.,0,0,0.0,"[{""factor"": ""SAR recency"", ""delta"": 8, ""reason"": ""Imagery 3d post-event \u2014 fresh""}, {""factor"": ""Depth certainty"", ""delta"": 7, ""reason"": ""Moderate depth (3.4ft) \u2014 clear signal""}, {""factor"": ""Coverage coherence"", ""delta"": 8, ""reason"": ""100% coverage \u2014 extensive, coherent""}]",0,,"{""sar"": ""flood"", ""optical"": ""abstain"", ""dem_hydrology"": ""flood""}"
NRIV-00321,"34 River Rd, Broadwater NSW",0.0,0.0,0.0,0.0,0.0,Remote-Deny,90,Deny remotely — no significant flooding detected by satellite,Satellite data at 34 River Rd indicates 0.0ft depth; remote-deny per 90% confidence.,0,0,0.0,"[{""factor"": ""SAR recency"", ""delta"": 8, ""reason"": ""Imagery 3d post-event \u2014 fresh""}, {""factor"": ""Depth certainty"", ""delta"": 10, ""reason"": ""Near-zero depth \u2014 confidently not flooded""}, {""factor"": ""Coverage coherence"", ""delta"": 7, ""reason"": ""0% coverage \u2014 confidently dry""}]",0,,"{""sar"": ""dry"", ""optical"": ""abstain"", ""dem_hydrology"": ""dry""}"
NRIV-00322,"151 Pacific Hwy, Broadwater NSW",0.0,0.0,0.0,0.0,0.0,Remote-Deny,90,Deny remotely — no significant flooding detected by satellite,Satellite data at 151 Pacific Hwy indicates 0.0ft depth; remote-deny per 90% confidence.,0,0,0.0,"[{""factor"": ""SAR recency"", ""delta"": 8, ""reason"": ""Imagery 3d post-event \u2014 fresh""}, {""factor"": ""Depth certainty"", ""delta"": 10, ""reason"": ""Near-zero depth \u2014 confidently not flooded""}, {""factor"": ""Coverage coherence"", ""delta"": 7, ""reason"": ""0% coverage \u2014 confidently dry""}]",0,,"{""sar"": ""dry"", ""optical"": ""abstain"", ""dem_hydrology"": ""abstain""}"
NRIV-00323,"33 Wilson St, Broadwater NSW",15.0,4.25,0.0,20.0,19.69,Dispatch,82,Send adjuster — major flood damage likely,Satellite data at 33 Wilson St indicates 4.2ft depth; dispatch per 82% confidence.,0,0,0.0,"[{""factor"": ""SAR recency"", ""delta"": 8, ""reason"": ""Imagery 3d post-event \u2014 fresh""}, {""factor"": ""Depth certainty"", ""delta"": 12, ""reason"": ""Deep water (4.2ft) \u2014 unambiguous""}, {""factor"": ""Coverage coherence"", ""delta"": -3, ""reason"": ""15% coverage \u2014 ambiguous partial""}]",0,,"{""sar"": ""flood"", ""optical"": ""abstain"", ""dem_hydrology"": ""abstain""}"
NRIV-00324,"17 Molesworth St, Broadwater NSW",0.0,0.0,0.0,0.0,0.0,Remote-Deny,90,Deny remotely — no significant flooding detected by satellite,Satellite data at 17 Molesworth St indicates 0.0ft depth; remote-deny per 90% confidence.,0,0,0.0,"[{""factor"": ""SAR recency"", ""delta"": 8, ""reason"": ""Imagery 3d post-event \u2014 fresh""}, {""factor"": ""Depth certainty"", ""delta"": 10, ""reason"": ""Near-zero depth \u2014 confidently not flooded""}, {""factor"": ""Coverage coherence"", ""delta"": 7, ""reason"": ""0% coverage \u2014 confidently dry""}]",0,,"{""sar"": ""dry"", ""optical"": ""abstain"", ""dem_hydrology"": ""dry""}"
NRIV-00325,"152 Richmond Tce, Broadwater NSW",0.0,0.0,0.0,0.0,0.0,Remote-Deny,90,Deny remotely — no significant flooding detected by satellite,Satellite data at 152 Richmond Tce indicates 0.0ft depth; remote-deny per 90% confidence.,0,0,0.0,"[{""factor"": ""SAR recency"", ""delta"": 8, ""reason"": ""Imagery 3d post-event \u2014 fresh""}, {""factor"": ""Depth certainty"", ""delta"": 10, ""reason"": ""Near-zero depth \u2014 confidently not flooded""}, {""factor"": ""Coverage coherence"", ""delta"": 7, ""reason"": ""0% coverage \u2014 confidently dry""}]",0,,"{""sar"": ""dry"", ""optical"": ""abstain"", ""dem_hydrology"": ""dry""}"
NRIV-00326,"158 River Rd, Tuncester NSW",0.0,0.0,0.0,0.0,0.0,Remote-Deny,90,Deny remotely — no significant flooding detected by satellite,Satellite data at 158 River Rd indicates 0.0ft depth; remote-deny per 90% confidence.,0,0,0.0,"[{""factor"": ""SAR recency"", ""delta"": 8, ""reason"": ""Imagery 3d post-event \u2014 fresh""}, {""factor"": ""Depth certainty"", ""delta"": 10, ""reason"": ""Near-zero depth \u2014 confidently not flooded""}, {""factor"": ""Coverage coherence"", ""delta"": 7, ""reason"": ""0% coverage \u2014 confidently dry""}]",0,,"{""sar"": ""dry"", ""optical"": ""abstain"", ""dem_hydrology"": ""abstain""}"
NRIV-00327,"169 Casino Rd, Tuncester NSW",0.0,0.0,0.0,0.0,0.0,Remote-Deny,90,Deny remotely — no significant flooding detected by satellite,Satellite data at 169 Casino Rd indicates 0.0ft depth; remote-deny per 90% confidence.,0,0,0.0,"[{""factor"": ""SAR recency"", ""delta"": 8, ""reason"": ""Imagery 3d post-event \u2014 fresh""}, {""factor"": ""Depth certainty"", ""delta"": 10, ""reason"": ""Near-zero depth \u2014 confidently not flooded""}, {""factor"": ""Coverage coherence"", ""delta"": 7, ""reason"": ""0% coverage \u2014 confidently dry""}]",0,,"{""sar"": ""dry"", ""optical"": ""abstain"", ""dem_hydrology"": ""dry""}"
NRIV-00328,"8 River Rd, Tuncester NSW",100.0,2.16,0.0,20.0,19.69,Dispatch,88,Send adjuster — extensive property flooding detected,Satellite data at 8 River Rd indicates 2.2ft depth; dispatch per 88% confidence.,0,0,0.0,"[{""factor"": ""SAR recency"", ""delta"": 8, ""reason"": ""Imagery 3d post-event \u2014 fresh""}, {""factor"": ""Depth certainty"", ""delta"": 7, ""reason"": ""Moderate depth (2.2ft) \u2014 clear signal""}, {""factor"": ""Coverage coherence"", ""delta"": 8, ""reason"": ""100% coverage \u2014 extensive, coherent""}]",0,,"{""sar"": ""flood"", ""optical"": ""abstain"", ""dem_hydrology"": ""flood""}"
NRIV-00329,"110 Tuckombil Rd, Bungawalbin NSW",0.0,0.0,0.0,0.0,0.0,Review,90,Flag for manual review — independent sensors (SAR/optical/DEM) disagree,Satellite data at 110 Tuckombil Rd indicates 0.0ft depth; review per 90% confidence.,0,1,0.8023,"[{""factor"": ""SAR recency"", ""delta"": 8, ""reason"": ""Imagery 3d post-event \u2014 fresh""}, {""factor"": ""Depth certainty"", ""delta"": 10, ""reason"": ""Near-zero depth \u2014 confidently not flooded""}, {""factor"": ""Coverage coherence"", ""delta"": 7, ""reason"": ""0% coverage \u2014 confidently dry""}]",1,"Sensors disagree: optical, DEM-hydrology indicate flooding while SAR indicate dry/implausible — routed to manual review.","{""sar"": ""dry"", ""optical"": ""flood"", ""dem_hydrology"": ""flood""}"
NRIV-00330,"114 Richmond Tce, Bungawalbin NSW",100.0,1.77,0.0,20.0,19.69,Dispatch,84,Send adjuster — extensive property flooding detected,Satellite data at 114 Richmond Tce indicates 1.8ft depth; dispatch per 84% confidence.,0,0,0.3916,"[{""factor"": ""SAR recency"", ""delta"": 8, ""reason"": ""Imagery 3d post-event \u2014 fresh""}, {""factor"": ""Depth certainty"", ""delta"": 3, ""reason"": ""Shallow-moderate depth (1.8ft)""}, {""factor"": ""Coverage coherence"", ""delta"": 8, ""reason"": ""100% coverage \u2014 extensive, coherent""}]",0,,"{""sar"": ""flood"", ""optical"": ""abstain"", ""dem_hydrology"": ""flood""}"
NRIV-00331,"38 Richmond Tce, Bungawalbin NSW",100.0,1.65,0.0,20.0,19.69,Dispatch,84,Send adjuster — extensive property flooding detected,Satellite data at 38 Richmond Tce indicates 1.6ft depth; dispatch per 84% confidence.,0,0,0.0,"[{""factor"": ""SAR recency"", ""delta"": 8, ""reason"": ""Imagery 3d post-event \u2014 fresh""}, {""factor"": ""Depth certainty"", ""delta"": 3, ""reason"": ""Shallow-moderate depth (1.6ft)""}, {""factor"": ""Coverage coherence"", ""delta"": 8, ""reason"": ""100% coverage \u2014 extensive, coherent""}]",0,,"{""sar"": ""flood"", ""optical"": ""abstain"", ""dem_hydrology"": ""flood""}"
NRIV-00332,"150 Casino Rd, Bungawalbin NSW",51.7,3.22,0.0,20.0,19.69,Dispatch,84,Send adjuster — major flood damage likely,Satellite data at 150 Casino Rd indicates 3.2ft depth; dispatch per 84% confidence.,0,0,0.0,"[{""factor"": ""SAR recency"", ""delta"": 8, ""reason"": ""Imagery 3d post-event \u2014 fresh""}, {""factor"": ""Depth certainty"", ""delta"": 7, ""reason"": ""Moderate depth (3.2ft) \u2014 clear signal""}, {""factor"": ""Coverage coherence"", ""delta"": 4, ""reason"": ""52% coverage \u2014 substantial""}]",0,,"{""sar"": ""flood"", ""optical"": ""abstain"", ""dem_hydrology"": ""abstain""}"
NRIV-00333,"153 Casino Rd, Bungawalbin NSW",4.9,3.17,0.0,20.0,19.69,Dispatch,77,Send adjuster — major flood damage likely,Satellite data at 153 Casino Rd indicates 3.2ft depth; dispatch per 77% confidence.,0,0,0.0,"[{""factor"": ""SAR recency"", ""delta"": 8, ""reason"": ""Imagery 3d post-event \u2014 fresh""}, {""factor"": ""Depth certainty"", ""delta"": 7, ""reason"": ""Moderate depth (3.2ft) \u2014 clear signal""}, {""factor"": ""Coverage coherence"", ""delta"": 7, ""reason"": ""5% coverage \u2014 confidently dry""}, {""factor"": ""Internal consistency"", ""delta"": -10, ""reason"": ""Deep water over a tiny footprint \u2014 physically suspicious""}]",0,,"{""sar"": ""dry"", ""optical"": ""abstain"", ""dem_hydrology"": ""abstain""}"
NRIV-00334,"111 Richmond Tce, Bungawalbin NSW",73.3,1.77,0.0,20.0,19.69,Dispatch,84,Send adjuster — extensive property flooding detected,Satellite data at 111 Richmond Tce indicates 1.8ft depth; dispatch per 84% confidence.,0,0,0.0,"[{""factor"": ""SAR recency"", ""delta"": 8, ""reason"": ""Imagery 3d post-event \u2014 fresh""}, {""factor"": ""Depth certainty"", ""delta"": 3, ""reason"": ""Shallow-moderate depth (1.8ft)""}, {""factor"": ""Coverage coherence"", ""delta"": 8, ""reason"": ""73% coverage \u2014 extensive, coherent""}]",0,,"{""sar"": ""flood"", ""optical"": ""abstain"", ""dem_hydrology"": ""flood""}"
NRIV-00335,"168 Tuckombil Rd, Bungawalbin NSW",0.0,0.0,0.0,0.0,0.0,Remote-Deny,90,Deny remotely — no significant flooding detected by satellite,Satellite data at 168 Tuckombil Rd indicates 0.0ft depth; remote-deny per 90% confidence.,0,0,0.0,"[{""factor"": ""SAR recency"", ""delta"": 8, ""reason"": ""Imagery 3d post-event \u2014 fresh""}, {""factor"": ""Depth certainty"", ""delta"": 10, ""reason"": ""Near-zero depth \u2014 confidently not flooded""}, {""factor"": ""Coverage coherence"", ""delta"": 7, ""reason"": ""0% coverage \u2014 confidently dry""}]",0,,"{""sar"": ""dry"", ""optical"": ""abstain"", ""dem_hydrology"": ""abstain""}"
NRIV-00336,"56 Codrington Rd, Bungawalbin NSW",100.0,2.16,0.0,20.0,19.69,Dispatch,88,Send adjuster — extensive property flooding detected,Satellite data at 56 Codrington Rd indicates 2.2ft depth; dispatch per 88% confidence.,0,0,0.0,"[{""factor"": ""SAR recency"", ""delta"": 8, ""reason"": ""Imagery 3d post-event \u2014 fresh""}, {""factor"": ""Depth certainty"", ""delta"": 7, ""reason"": ""Moderate depth (2.2ft) \u2014 clear signal""}, {""factor"": ""Coverage coherence"", ""delta"": 8, ""reason"": ""100% coverage \u2014 extensive, coherent""}]",0,,"{""sar"": ""flood"", ""optical"": ""abstain"", ""dem_hydrology"": ""flood""}"
NRIV-00337,"87 Molesworth St, Bungawalbin NSW",97.3,3.46,0.0,20.0,19.71,Dispatch,88,Send adjuster — major flood damage likely,Satellite data at 87 Molesworth St indicates 3.5ft depth; dispatch per 88% confidence.,0,0,0.0,"[{""factor"": ""SAR recency"", ""delta"": 8, ""reason"": ""Imagery 3d post-event \u2014 fresh""}, {""factor"": ""Depth certainty"", ""delta"": 7, ""reason"": ""Moderate depth (3.5ft) \u2014 clear signal""}, {""factor"": ""Coverage coherence"", ""delta"": 8, ""reason"": ""97% coverage \u2014 extensive, coherent""}]",0,,"{""sar"": ""flood"", ""optical"": ""abstain"", ""dem_hydrology"": ""flood""}"
NRIV-00338,"81 Codrington Rd, Bungawalbin NSW",25.0,3.07,0.0,20.0,19.69,Dispatch,77,Send adjuster — major flood damage likely,Satellite data at 81 Codrington Rd indicates 3.1ft depth; dispatch per 77% confidence.,0,0,0.0,"[{""factor"": ""SAR recency"", ""delta"": 8, ""reason"": ""Imagery 3d post-event \u2014 fresh""}, {""factor"": ""Depth certainty"", ""delta"": 7, ""reason"": ""Moderate depth (3.1ft) \u2014 clear signal""}, {""factor"": ""Coverage coherence"", ""delta"": -3, ""reason"": ""25% coverage \u2014 ambiguous partial""}]",0,,"{""sar"": ""flood"", ""optical"": ""abstain"", ""dem_hydrology"": ""flood""}"
NRIV-00339,"40 Tuckombil Rd, Bungawalbin NSW",40.1,4.06,0.0,20.0,19.69,Dispatch,89,Send adjuster — major flood damage likely,Satellite data at 40 Tuckombil Rd indicates 4.1ft depth; dispatch per 89% confidence.,0,0,0.0,"[{""factor"": ""SAR recency"", ""delta"": 8, ""reason"": ""Imagery 3d post-event \u2014 fresh""}, {""factor"": ""Depth certainty"", ""delta"": 12, ""reason"": ""Deep water (4.1ft) \u2014 unambiguous""}, {""factor"": ""Coverage coherence"", ""delta"": 4, ""reason"": ""40% coverage \u2014 substantial""}]",0,,"{""sar"": ""flood"", ""optical"": ""abstain"", ""dem_hydrology"": ""flood""}"
NRIV-00340,"213 Richmond Tce, Bungawalbin NSW",0.0,0.0,0.0,0.0,0.0,Remote-Deny,90,Deny remotely — no significant flooding detected by satellite,Satellite data at 213 Richmond Tce indicates 0.0ft depth; remote-deny per 90% confidence.,0,0,0.0,"[{""factor"": ""SAR recency"", ""delta"": 8, ""reason"": ""Imagery 3d post-event \u2014 fresh""}, {""factor"": ""Depth certainty"", ""delta"": 10, ""reason"": ""Near-zero depth \u2014 confidently not flooded""}, {""factor"": ""Coverage coherence"", ""delta"": 7, ""reason"": ""0% coverage \u2014 confidently dry""}]",0,,"{""sar"": ""dry"", ""optical"": ""abstain"", ""dem_hydrology"": ""dry""}"
NRIV-00341,"190 Pacific Hwy, Bungawalbin NSW",0.0,0.0,0.0,0.0,0.0,Remote-Deny,90,Deny remotely — no significant flooding detected by satellite,Satellite data at 190 Pacific Hwy indicates 0.0ft depth; remote-deny per 90% confidence.,0,0,0.0,"[{""factor"": ""SAR recency"", ""delta"": 8, ""reason"": ""Imagery 3d post-event \u2014 fresh""}, {""factor"": ""Depth certainty"", ""delta"": 10, ""reason"": ""Near-zero depth \u2014 confidently not flooded""}, {""factor"": ""Coverage coherence"", ""delta"": 7, ""reason"": ""0% coverage \u2014 confidently dry""}]",0,,"{""sar"": ""dry"", ""optical"": ""abstain"", ""dem_hydrology"": ""flood""}"
NRIV-00342,"151 Casino Rd, Broadwater NSW",15.8,4.85,0.0,20.0,19.69,Dispatch,82,Send adjuster — major flood damage likely,Satellite data at 151 Casino Rd indicates 4.8ft depth; dispatch per 82% confidence.,0,0,0.0,"[{""factor"": ""SAR recency"", ""delta"": 8, ""reason"": ""Imagery 3d post-event \u2014 fresh""}, {""factor"": ""Depth certainty"", ""delta"": 12, ""reason"": ""Deep water (4.8ft) \u2014 unambiguous""}, {""factor"": ""Coverage coherence"", ""delta"": -3, ""reason"": ""16% coverage \u2014 ambiguous partial""}]",0,,"{""sar"": ""flood"", ""optical"": ""abstain"", ""dem_hydrology"": ""abstain""}"
NRIV-00343,"106 Pacific Hwy, Broadwater NSW",16.0,1.06,0.0,20.0,19.69,Review,73,Flag for manual review — borderline measurements or low confidence,Satellite data at 106 Pacific Hwy indicates 1.1ft depth; review per 73% confidence.,0,0,0.0,"[{""factor"": ""SAR recency"", ""delta"": 8, ""reason"": ""Imagery 3d post-event \u2014 fresh""}, {""factor"": ""Depth certainty"", ""delta"": 3, ""reason"": ""Shallow-moderate depth (1.1ft)""}, {""factor"": ""Coverage coherence"", ""delta"": -3, ""reason"": ""16% coverage \u2014 ambiguous partial""}]",0,,"{""sar"": ""flood"", ""optical"": ""abstain"", ""dem_hydrology"": ""abstain""}"
NRIV-00344,"109 Wilson St, Broadwater NSW",41.2,4.69,0.0,20.0,19.7,Dispatch,89,Send adjuster — major flood damage likely,Satellite data at 109 Wilson St indicates 4.7ft depth; dispatch per 89% confidence.,0,0,0.0,"[{""factor"": ""SAR recency"", ""delta"": 8, ""reason"": ""Imagery 3d post-event \u2014 fresh""}, {""factor"": ""Depth certainty"", ""delta"": 12, ""reason"": ""Deep water (4.7ft) \u2014 unambiguous""}, {""factor"": ""Coverage coherence"", ""delta"": 4, ""reason"": ""41% coverage \u2014 substantial""}]",0,,"{""sar"": ""flood"", ""optical"": ""abstain"", ""dem_hydrology"": ""abstain""}"
NRIV-00345,"80 Pacific Hwy, Broadwater NSW",0.0,0.0,0.0,0.0,0.0,Remote-Deny,90,Deny remotely — no significant flooding detected by satellite,Satellite data at 80 Pacific Hwy indicates 0.0ft depth; remote-deny per 90% confidence.,0,0,0.0,"[{""factor"": ""SAR recency"", ""delta"": 8, ""reason"": ""Imagery 3d post-event \u2014 fresh""}, {""factor"": ""Depth certainty"", ""delta"": 10, ""reason"": ""Near-zero depth \u2014 confidently not flooded""}, {""factor"": ""Coverage coherence"", ""delta"": 7, ""reason"": ""0% coverage \u2014 confidently dry""}]",0,,"{""sar"": ""dry"", ""optical"": ""abstain"", ""dem_hydrology"": ""dry""}"
NRIV-00346,"40 Tuckombil Rd, Broadwater NSW",0.0,0.0,0.0,0.0,0.0,Remote-Deny,90,Deny remotely — no significant flooding detected by satellite,Satellite data at 40 Tuckombil Rd indicates 0.0ft depth; remote-deny per 90% confidence.,0,0,0.0,"[{""factor"": ""SAR recency"", ""delta"": 8, ""reason"": ""Imagery 3d post-event \u2014 fresh""}, {""factor"": ""Depth certainty"", ""delta"": 10, ""reason"": ""Near-zero depth \u2014 confidently not flooded""}, {""factor"": ""Coverage coherence"", ""delta"": 7, ""reason"": ""0% coverage \u2014 confidently dry""}]",0,,"{""sar"": ""dry"", ""optical"": ""abstain"", ""dem_hydrology"": ""dry""}"
NRIV-00347,"90 Casino Rd, Broadwater NSW",0.0,0.0,0.0,0.0,0.0,Review,90,Flag for manual review — independent sensors (SAR/optical/DEM) disagree,Satellite data at 90 Casino Rd indicates 0.0ft depth; review per 90% confidence.,0,1,0.2402,"[{""factor"": ""SAR recency"", ""delta"": 8, ""reason"": ""Imagery 3d post-event \u2014 fresh""}, {""factor"": ""Depth certainty"", ""delta"": 10, ""reason"": ""Near-zero depth \u2014 confidently not flooded""}, {""factor"": ""Coverage coherence"", ""delta"": 7, ""reason"": ""0% coverage \u2014 confidently dry""}]",1,"Sensors disagree: optical, DEM-hydrology indicate flooding while SAR indicate dry/implausible — routed to manual review.","{""sar"": ""dry"", ""optical"": ""flood"", ""dem_hydrology"": ""flood""}"
NRIV-00348,"147 Bridge St, Broadwater NSW",0.0,0.0,0.0,0.0,0.0,Remote-Deny,90,Deny remotely — no significant flooding detected by satellite,Satellite data at 147 Bridge St indicates 0.0ft depth; remote-deny per 90% confidence.,0,0,0.0,"[{""factor"": ""SAR recency"", ""delta"": 8, ""reason"": ""Imagery 3d post-event \u2014 fresh""}, {""factor"": ""Depth certainty"", ""delta"": 10, ""reason"": ""Near-zero depth \u2014 confidently not flooded""}, {""factor"": ""Coverage coherence"", ""delta"": 7, ""reason"": ""0% coverage \u2014 confidently dry""}]",0,,"{""sar"": ""dry"", ""optical"": ""abstain"", ""dem_hydrology"": ""dry""}"
NRIV-00349,"197 Bagotville Rd, Broadwater NSW",0.0,0.0,0.0,0.0,0.0,Remote-Deny,90,Deny remotely — no significant flooding detected by satellite,Satellite data at 197 Bagotville Rd indicates 0.0ft depth; remote-deny per 90% confidence.,0,0,0.0,"[{""factor"": ""SAR recency"", ""delta"": 8, ""reason"": ""Imagery 3d post-event \u2014 fresh""}, {""factor"": ""Depth certainty"", ""delta"": 10, ""reason"": ""Near-zero depth \u2014 confidently not flooded""}, {""factor"": ""Coverage coherence"", ""delta"": 7, ""reason"": ""0% coverage \u2014 confidently dry""}]",0,,"{""sar"": ""dry"", ""optical"": ""abstain"", ""dem_hydrology"": ""dry""}"
NRIV-00350,"7 Bagotville Rd, Broadwater NSW",0.0,0.0,0.0,0.0,0.0,Remote-Deny,90,Deny remotely — no significant flooding detected by satellite,Satellite data at 7 Bagotville Rd indicates 0.0ft depth; remote-deny per 90% confidence.,0,0,0.0,"[{""factor"": ""SAR recency"", ""delta"": 8, ""reason"": ""Imagery 3d post-event \u2014 fresh""}, {""factor"": ""Depth certainty"", ""delta"": 10, ""reason"": ""Near-zero depth \u2014 confidently not flooded""}, {""factor"": ""Coverage coherence"", ""delta"": 7, ""reason"": ""0% coverage \u2014 confidently dry""}]",0,,"{""sar"": ""dry"", ""optical"": ""abstain"", ""dem_hydrology"": ""dry""}"
NRIV-00351,"69 River Rd, Tuncester NSW",0.0,0.0,0.0,0.0,0.0,Remote-Deny,90,Deny remotely — no significant flooding detected by satellite,Satellite data at 69 River Rd indicates 0.0ft depth; remote-deny per 90% confidence.,0,0,0.0,"[{""factor"": ""SAR recency"", ""delta"": 8, ""reason"": ""Imagery 3d post-event \u2014 fresh""}, {""factor"": ""Depth certainty"", ""delta"": 10, ""reason"": ""Near-zero depth \u2014 confidently not flooded""}, {""factor"": ""Coverage coherence"", ""delta"": 7, ""reason"": ""0% coverage \u2014 confidently dry""}]",0,,"{""sar"": ""dry"", ""optical"": ""abstain"", ""dem_hydrology"": ""dry""}"
NRIV-00352,"80 Pacific Hwy, Tuncester NSW",0.0,0.0,0.0,0.0,0.0,Remote-Deny,96,Deny remotely — no significant flooding detected by satellite,Satellite data at 80 Pacific Hwy indicates 0.0ft depth; remote-deny per 96% confidence.,0,1,0.0,"[{""factor"": ""SAR recency"", ""delta"": 8, ""reason"": ""Imagery 3d post-event \u2014 fresh""}, {""factor"": ""Depth certainty"", ""delta"": 10, ""reason"": ""Near-zero depth \u2014 confidently not flooded""}, {""factor"": ""Coverage coherence"", ""delta"": 7, ""reason"": ""0% coverage \u2014 confidently dry""}, {""factor"": ""Optical cross-check"", ""delta"": 6, ""reason"": ""Sentinel-2 confirms dry ground \u2014 sensors agree""}]",0,,"{""sar"": ""dry"", ""optical"": ""dry"", ""dem_hydrology"": ""abstain""}"
NRIV-00353,"37 Bagotville Rd, Tuncester NSW",0.0,0.0,0.0,0.0,0.0,Remote-Deny,96,Deny remotely — no significant flooding detected by satellite,Satellite data at 37 Bagotville Rd indicates 0.0ft depth; remote-deny per 96% confidence.,0,1,0.0,"[{""factor"": ""SAR recency"", ""delta"": 8, ""reason"": ""Imagery 3d post-event \u2014 fresh""}, {""factor"": ""Depth certainty"", ""delta"": 10, ""reason"": ""Near-zero depth \u2014 confidently not flooded""}, {""factor"": ""Coverage coherence"", ""delta"": 7, ""reason"": ""0% coverage \u2014 confidently dry""}, {""factor"": ""Optical cross-check"", ""delta"": 6, ""reason"": ""Sentinel-2 confirms dry ground \u2014 sensors agree""}]",0,,"{""sar"": ""dry"", ""optical"": ""dry"", ""dem_hydrology"": ""abstain""}"
NRIV-00354,"190 Tuckombil Rd, Tuncester NSW",24.0,2.25,0.0,20.0,19.69,Review,77,Flag for manual review — borderline measurements or low confidence,Satellite data at 190 Tuckombil Rd indicates 2.2ft depth; review per 77% confidence.,0,0,0.0,"[{""factor"": ""SAR recency"", ""delta"": 8, ""reason"": ""Imagery 3d post-event \u2014 fresh""}, {""factor"": ""Depth certainty"", ""delta"": 7, ""reason"": ""Moderate depth (2.2ft) \u2014 clear signal""}, {""factor"": ""Coverage coherence"", ""delta"": -3, ""reason"": ""24% coverage \u2014 ambiguous partial""}]",0,,"{""sar"": ""flood"", ""optical"": ""abstain"", ""dem_hydrology"": ""flood""}"
NRIV-00355,"136 Bridge St, Bungawalbin NSW",0.0,0.0,0.0,0.0,0.0,Remote-Deny,96,Deny remotely — no significant flooding detected by satellite,Satellite data at 136 Bridge St indicates 0.0ft depth; remote-deny per 96% confidence.,0,1,0.0,"[{""factor"": ""SAR recency"", ""delta"": 8, ""reason"": ""Imagery 3d post-event \u2014 fresh""}, {""factor"": ""Depth certainty"", ""delta"": 10, ""reason"": ""Near-zero depth \u2014 confidently not flooded""}, {""factor"": ""Coverage coherence"", ""delta"": 7, ""reason"": ""0% coverage \u2014 confidently dry""}, {""factor"": ""Optical cross-check"", ""delta"": 6, ""reason"": ""Sentinel-2 confirms dry ground \u2014 sensors agree""}]",0,,"{""sar"": ""dry"", ""optical"": ""dry"", ""dem_hydrology"": ""flood""}"
NRIV-00356,"41 Pacific Hwy, Bungawalbin NSW",0.0,0.0,0.0,0.0,0.0,Remote-Deny,90,Deny remotely — no significant flooding detected by satellite,Satellite data at 41 Pacific Hwy indicates 0.0ft depth; remote-deny per 90% confidence.,0,0,0.0,"[{""factor"": ""SAR recency"", ""delta"": 8, ""reason"": ""Imagery 3d post-event \u2014 fresh""}, {""factor"": ""Depth certainty"", ""delta"": 10, ""reason"": ""Near-zero depth \u2014 confidently not flooded""}, {""factor"": ""Coverage coherence"", ""delta"": 7, ""reason"": ""0% coverage \u2014 confidently dry""}]",0,,"{""sar"": ""dry"", ""optical"": ""abstain"", ""dem_hydrology"": ""flood""}"
NRIV-00357,"146 Bagotville Rd, Bungawalbin NSW",67.9,3.78,0.0,20.0,19.69,Dispatch,88,Send adjuster — major flood damage likely,Satellite data at 146 Bagotville Rd indicates 3.8ft depth; dispatch per 88% confidence.,0,0,0.0,"[{""factor"": ""SAR recency"", ""delta"": 8, ""reason"": ""Imagery 3d post-event \u2014 fresh""}, {""factor"": ""Depth certainty"", ""delta"": 7, ""reason"": ""Moderate depth (3.8ft) \u2014 clear signal""}, {""factor"": ""Coverage coherence"", ""delta"": 8, ""reason"": ""68% coverage \u2014 extensive, coherent""}]",0,,"{""sar"": ""flood"", ""optical"": ""abstain"", ""dem_hydrology"": ""flood""}"
NRIV-00358,"41 Bagotville Rd, Bungawalbin NSW",64.4,2.97,0.0,20.0,19.69,Dispatch,88,Send adjuster — extensive property flooding detected,Satellite data at 41 Bagotville Rd indicates 3.0ft depth; dispatch per 88% confidence.,0,0,0.0,"[{""factor"": ""SAR recency"", ""delta"": 8, ""reason"": ""Imagery 3d post-event \u2014 fresh""}, {""factor"": ""Depth certainty"", ""delta"": 7, ""reason"": ""Moderate depth (3.0ft) \u2014 clear signal""}, {""factor"": ""Coverage coherence"", ""delta"": 8, ""reason"": ""64% coverage \u2014 extensive, coherent""}]",0,,"{""sar"": ""flood"", ""optical"": ""abstain"", ""dem_hydrology"": ""flood""}"
NRIV-00359,"114 Tuckombil Rd, Bungawalbin NSW",0.0,0.0,0.0,0.0,0.0,Remote-Deny,90,Deny remotely — no significant flooding detected by satellite,Satellite data at 114 Tuckombil Rd indicates 0.0ft depth; remote-deny per 90% confidence.,0,0,0.0,"[{""factor"": ""SAR recency"", ""delta"": 8, ""reason"": ""Imagery 3d post-event \u2014 fresh""}, {""factor"": ""Depth certainty"", ""delta"": 10, ""reason"": ""Near-zero depth \u2014 confidently not flooded""}, {""factor"": ""Coverage coherence"", ""delta"": 7, ""reason"": ""0% coverage \u2014 confidently dry""}]",0,,"{""sar"": ""dry"", ""optical"": ""abstain"", ""dem_hydrology"": ""abstain""}"
NRIV-00360,"107 Mill Rd, Bungawalbin NSW",100.0,1.56,0.0,20.0,19.69,Dispatch,84,Send adjuster — extensive property flooding detected,Satellite data at 107 Mill Rd indicates 1.6ft depth; dispatch per 84% confidence.,0,0,0.0,"[{""factor"": ""SAR recency"", ""delta"": 8, ""reason"": ""Imagery 3d post-event \u2014 fresh""}, {""factor"": ""Depth certainty"", ""delta"": 3, ""reason"": ""Shallow-moderate depth (1.6ft)""}, {""factor"": ""Coverage coherence"", ""delta"": 8, ""reason"": ""100% coverage \u2014 extensive, coherent""}]",0,,"{""sar"": ""flood"", ""optical"": ""abstain"", ""dem_hydrology"": ""flood""}"
NRIV-00361,"89 Codrington Rd, Bungawalbin NSW",0.0,0.0,0.0,0.0,0.0,Remote-Deny,90,Deny remotely — no significant flooding detected by satellite,Satellite data at 89 Codrington Rd indicates 0.0ft depth; remote-deny per 90% confidence.,0,0,0.0,"[{""factor"": ""SAR recency"", ""delta"": 8, ""reason"": ""Imagery 3d post-event \u2014 fresh""}, {""factor"": ""Depth certainty"", ""delta"": 10, ""reason"": ""Near-zero depth \u2014 confidently not flooded""}, {""factor"": ""Coverage coherence"", ""delta"": 7, ""reason"": ""0% coverage \u2014 confidently dry""}]",0,,"{""sar"": ""dry"", ""optical"": ""abstain"", ""dem_hydrology"": ""dry""}"
NRIV-00362,"152 Molesworth St, Bungawalbin NSW",43.2,7.97,0.0,20.0,19.69,Dispatch,89,Send adjuster — major flood damage likely,Satellite data at 152 Molesworth St indicates 8.0ft depth; dispatch per 89% confidence.,0,0,0.0,"[{""factor"": ""SAR recency"", ""delta"": 8, ""reason"": ""Imagery 3d post-event \u2014 fresh""}, {""factor"": ""Depth certainty"", ""delta"": 12, ""reason"": ""Deep water (8.0ft) \u2014 unambiguous""}, {""factor"": ""Coverage coherence"", ""delta"": 4, ""reason"": ""43% coverage \u2014 substantial""}]",0,,"{""sar"": ""flood"", ""optical"": ""abstain"", ""dem_hydrology"": ""abstain""}"
NRIV-00363,"57 Codrington Rd, Bungawalbin NSW",0.0,0.0,0.0,0.0,0.0,Remote-Deny,90,Deny remotely — no significant flooding detected by satellite,Satellite data at 57 Codrington Rd indicates 0.0ft depth; remote-deny per 90% confidence.,0,0,0.0,"[{""factor"": ""SAR recency"", ""delta"": 8, ""reason"": ""Imagery 3d post-event \u2014 fresh""}, {""factor"": ""Depth certainty"", ""delta"": 10, ""reason"": ""Near-zero depth \u2014 confidently not flooded""}, {""factor"": ""Coverage coherence"", ""delta"": 7, ""reason"": ""0% coverage \u2014 confidently dry""}]",0,,"{""sar"": ""dry"", ""optical"": ""abstain"", ""dem_hydrology"": ""dry""}"
NRIV-00364,"53 Mill Rd, Bungawalbin NSW",0.0,0.0,0.0,0.0,0.0,Remote-Deny,90,Deny remotely — no significant flooding detected by satellite,Satellite data at 53 Mill Rd indicates 0.0ft depth; remote-deny per 90% confidence.,0,0,0.0,"[{""factor"": ""SAR recency"", ""delta"": 8, ""reason"": ""Imagery 3d post-event \u2014 fresh""}, {""factor"": ""Depth certainty"", ""delta"": 10, ""reason"": ""Near-zero depth \u2014 confidently not flooded""}, {""factor"": ""Coverage coherence"", ""delta"": 7, ""reason"": ""0% coverage \u2014 confidently dry""}]",0,,"{""sar"": ""dry"", ""optical"": ""abstain"", ""dem_hydrology"": ""dry""}"
NRIV-00365,"196 Mill Rd, Bungawalbin NSW",96.1,2.52,0.0,20.0,19.69,Dispatch,88,Send adjuster — extensive property flooding detected,Satellite data at 196 Mill Rd indicates 2.5ft depth; dispatch per 88% confidence.,0,0,0.0,"[{""factor"": ""SAR recency"", ""delta"": 8, ""reason"": ""Imagery 3d post-event \u2014 fresh""}, {""factor"": ""Depth certainty"", ""delta"": 7, ""reason"": ""Moderate depth (2.5ft) \u2014 clear signal""}, {""factor"": ""Coverage coherence"", ""delta"": 8, ""reason"": ""96% coverage \u2014 extensive, coherent""}]",0,,"{""sar"": ""flood"", ""optical"": ""abstain"", ""dem_hydrology"": ""flood""}"
NRIV-00366,"128 Wilson St, Bungawalbin NSW",100.0,2.61,0.0,20.0,19.7,Dispatch,88,Send adjuster — extensive property flooding detected,Satellite data at 128 Wilson St indicates 2.6ft depth; dispatch per 88% confidence.,0,0,0.0,"[{""factor"": ""SAR recency"", ""delta"": 8, ""reason"": ""Imagery 3d post-event \u2014 fresh""}, {""factor"": ""Depth certainty"", ""delta"": 7, ""reason"": ""Moderate depth (2.6ft) \u2014 clear signal""}, {""factor"": ""Coverage coherence"", ""delta"": 8, ""reason"": ""100% coverage \u2014 extensive, coherent""}]",0,,"{""sar"": ""flood"", ""optical"": ""abstain"", ""dem_hydrology"": ""flood""}"
NRIV-00367,"137 Wilson St, Broadwater NSW",92.2,2.55,0.0,20.0,19.7,Dispatch,88,Send adjuster — extensive property flooding detected,Satellite data at 137 Wilson St indicates 2.5ft depth; dispatch per 88% confidence.,0,0,0.0,"[{""factor"": ""SAR recency"", ""delta"": 8, ""reason"": ""Imagery 3d post-event \u2014 fresh""}, {""factor"": ""Depth certainty"", ""delta"": 7, ""reason"": ""Moderate depth (2.5ft) \u2014 clear signal""}, {""factor"": ""Coverage coherence"", ""delta"": 8, ""reason"": ""92% coverage \u2014 extensive, coherent""}]",0,,"{""sar"": ""flood"", ""optical"": ""abstain"", ""dem_hydrology"": ""flood""}"
NRIV-00368,"172 Pacific Hwy, Broadwater NSW",100.0,4.01,0.0,20.0,19.71,Dispatch,93,Send adjuster — major flood damage likely,Satellite data at 172 Pacific Hwy indicates 4.0ft depth; dispatch per 93% confidence.,0,0,0.0,"[{""factor"": ""SAR recency"", ""delta"": 8, ""reason"": ""Imagery 3d post-event \u2014 fresh""}, {""factor"": ""Depth certainty"", ""delta"": 12, ""reason"": ""Deep water (4.0ft) \u2014 unambiguous""}, {""factor"": ""Coverage coherence"", ""delta"": 8, ""reason"": ""100% coverage \u2014 extensive, coherent""}]",0,,"{""sar"": ""flood"", ""optical"": ""abstain"", ""dem_hydrology"": ""flood""}"
NRIV-00369,"11 Codrington Rd, Broadwater NSW",98.5,4.05,0.0,20.0,19.7,Dispatch,93,Send adjuster — major flood damage likely,Satellite data at 11 Codrington Rd indicates 4.0ft depth; dispatch per 93% confidence.,0,0,0.0,"[{""factor"": ""SAR recency"", ""delta"": 8, ""reason"": ""Imagery 3d post-event \u2014 fresh""}, {""factor"": ""Depth certainty"", ""delta"": 12, ""reason"": ""Deep water (4.0ft) \u2014 unambiguous""}, {""factor"": ""Coverage coherence"", ""delta"": 8, ""reason"": ""98% coverage \u2014 extensive, coherent""}]",0,,"{""sar"": ""flood"", ""optical"": ""abstain"", ""dem_hydrology"": ""flood""}"
NRIV-00370,"81 Bagotville Rd, Broadwater NSW",0.0,0.0,0.0,0.0,0.0,Remote-Deny,90,Deny remotely — no significant flooding detected by satellite,Satellite data at 81 Bagotville Rd indicates 0.0ft depth; remote-deny per 90% confidence.,0,0,0.0,"[{""factor"": ""SAR recency"", ""delta"": 8, ""reason"": ""Imagery 3d post-event \u2014 fresh""}, {""factor"": ""Depth certainty"", ""delta"": 10, ""reason"": ""Near-zero depth \u2014 confidently not flooded""}, {""factor"": ""Coverage coherence"", ""delta"": 7, ""reason"": ""0% coverage \u2014 confidently dry""}]",0,,"{""sar"": ""dry"", ""optical"": ""abstain"", ""dem_hydrology"": ""abstain""}"
NRIV-00371,"164 Codrington Rd, Broadwater NSW",0.0,0.0,0.0,0.0,0.0,Remote-Deny,90,Deny remotely — no significant flooding detected by satellite,Satellite data at 164 Codrington Rd indicates 0.0ft depth; remote-deny per 90% confidence.,0,0,0.0,"[{""factor"": ""SAR recency"", ""delta"": 8, ""reason"": ""Imagery 3d post-event \u2014 fresh""}, {""factor"": ""Depth certainty"", ""delta"": 10, ""reason"": ""Near-zero depth \u2014 confidently not flooded""}, {""factor"": ""Coverage coherence"", ""delta"": 7, ""reason"": ""0% coverage \u2014 confidently dry""}]",0,,"{""sar"": ""dry"", ""optical"": ""abstain"", ""dem_hydrology"": ""dry""}"
NRIV-00372,"84 Wyrallah Rd, Broadwater NSW",0.0,0.0,0.0,0.0,0.0,Remote-Deny,90,Deny remotely — no significant flooding detected by satellite,Satellite data at 84 Wyrallah Rd indicates 0.0ft depth; remote-deny per 90% confidence.,0,0,0.0,"[{""factor"": ""SAR recency"", ""delta"": 8, ""reason"": ""Imagery 3d post-event \u2014 fresh""}, {""factor"": ""Depth certainty"", ""delta"": 10, ""reason"": ""Near-zero depth \u2014 confidently not flooded""}, {""factor"": ""Coverage coherence"", ""delta"": 7, ""reason"": ""0% coverage \u2014 confidently dry""}]",0,,"{""sar"": ""dry"", ""optical"": ""abstain"", ""dem_hydrology"": ""dry""}"
NRIV-00373,"213 Wilson St, Broadwater NSW",0.0,0.0,0.0,0.0,0.0,Remote-Deny,90,Deny remotely — no significant flooding detected by satellite,Satellite data at 213 Wilson St indicates 0.0ft depth; remote-deny per 90% confidence.,0,0,0.0,"[{""factor"": ""SAR recency"", ""delta"": 8, ""reason"": ""Imagery 3d post-event \u2014 fresh""}, {""factor"": ""Depth certainty"", ""delta"": 10, ""reason"": ""Near-zero depth \u2014 confidently not flooded""}, {""factor"": ""Coverage coherence"", ""delta"": 7, ""reason"": ""0% coverage \u2014 confidently dry""}]",0,,"{""sar"": ""dry"", ""optical"": ""abstain"", ""dem_hydrology"": ""dry""}"
NRIV-00374,"217 Richmond Tce, Broadwater NSW",78.9,3.67,0.0,20.0,19.7,Dispatch,88,Send adjuster — major flood damage likely,Satellite data at 217 Richmond Tce indicates 3.7ft depth; dispatch per 88% confidence.,0,0,0.0,"[{""factor"": ""SAR recency"", ""delta"": 8, ""reason"": ""Imagery 3d post-event \u2014 fresh""}, {""factor"": ""Depth certainty"", ""delta"": 7, ""reason"": ""Moderate depth (3.7ft) \u2014 clear signal""}, {""factor"": ""Coverage coherence"", ""delta"": 8, ""reason"": ""79% coverage \u2014 extensive, coherent""}]",0,,"{""sar"": ""flood"", ""optical"": ""abstain"", ""dem_hydrology"": ""abstain""}"
NRIV-00375,"135 Richmond Tce, Broadwater NSW",0.0,0.0,0.0,0.0,0.0,Remote-Deny,90,Deny remotely — no significant flooding detected by satellite,Satellite data at 135 Richmond Tce indicates 0.0ft depth; remote-deny per 90% confidence.,0,0,0.0,"[{""factor"": ""SAR recency"", ""delta"": 8, ""reason"": ""Imagery 3d post-event \u2014 fresh""}, {""factor"": ""Depth certainty"", ""delta"": 10, ""reason"": ""Near-zero depth \u2014 confidently not flooded""}, {""factor"": ""Coverage coherence"", ""delta"": 7, ""reason"": ""0% coverage \u2014 confidently dry""}]",0,,"{""sar"": ""dry"", ""optical"": ""abstain"", ""dem_hydrology"": ""dry""}"
NRIV-00376,"87 Bridge St, Tuncester NSW",0.0,0.0,0.0,0.0,0.0,Remote-Deny,90,Deny remotely — no significant flooding detected by satellite,Satellite data at 87 Bridge St indicates 0.0ft depth; remote-deny per 90% confidence.,0,0,0.0032,"[{""factor"": ""SAR recency"", ""delta"": 8, ""reason"": ""Imagery 3d post-event \u2014 fresh""}, {""factor"": ""Depth certainty"", ""delta"": 10, ""reason"": ""Near-zero depth \u2014 confidently not flooded""}, {""factor"": ""Coverage coherence"", ""delta"": 7, ""reason"": ""0% coverage \u2014 confidently dry""}]",0,,"{""sar"": ""dry"", ""optical"": ""abstain"", ""dem_hydrology"": ""flood""}"
NRIV-00377,"131 Tuckombil Rd, Tuncester NSW",0.0,0.0,0.0,0.0,0.0,Review,90,Flag for manual review — independent sensors (SAR/optical/DEM) disagree,Satellite data at 131 Tuckombil Rd indicates 0.0ft depth; review per 90% confidence.,0,1,0.7822,"[{""factor"": ""SAR recency"", ""delta"": 8, ""reason"": ""Imagery 3d post-event \u2014 fresh""}, {""factor"": ""Depth certainty"", ""delta"": 10, ""reason"": ""Near-zero depth \u2014 confidently not flooded""}, {""factor"": ""Coverage coherence"", ""delta"": 7, ""reason"": ""0% coverage \u2014 confidently dry""}]",1,Sensors disagree: optical indicate flooding while SAR indicate dry/implausible — routed to manual review.,"{""sar"": ""dry"", ""optical"": ""flood"", ""dem_hydrology"": ""abstain""}"
NRIV-00378,"199 Pacific Hwy, Tuncester NSW",0.0,0.0,0.0,0.0,0.0,Remote-Deny,96,Deny remotely — no significant flooding detected by satellite,Satellite data at 199 Pacific Hwy indicates 0.0ft depth; remote-deny per 96% confidence.,0,1,0.0,"[{""factor"": ""SAR recency"", ""delta"": 8, ""reason"": ""Imagery 3d post-event \u2014 fresh""}, {""factor"": ""Depth certainty"", ""delta"": 10, ""reason"": ""Near-zero depth \u2014 confidently not flooded""}, {""factor"": ""Coverage coherence"", ""delta"": 7, ""reason"": ""0% coverage \u2014 confidently dry""}, {""factor"": ""Optical cross-check"", ""delta"": 6, ""reason"": ""Sentinel-2 confirms dry ground \u2014 sensors agree""}]",0,,"{""sar"": ""dry"", ""optical"": ""dry"", ""dem_hydrology"": ""dry""}"
NRIV-00379,"166 Wyrallah Rd, Tuncester NSW",0.0,0.0,0.0,0.0,0.0,Review,90,Flag for manual review — independent sensors (SAR/optical/DEM) disagree,Satellite data at 166 Wyrallah Rd indicates 0.0ft depth; review per 90% confidence.,0,1,1.0,"[{""factor"": ""SAR recency"", ""delta"": 8, ""reason"": ""Imagery 3d post-event \u2014 fresh""}, {""factor"": ""Depth certainty"", ""delta"": 10, ""reason"": ""Near-zero depth \u2014 confidently not flooded""}, {""factor"": ""Coverage coherence"", ""delta"": 7, ""reason"": ""0% coverage \u2014 confidently dry""}]",1,"Sensors disagree: optical, DEM-hydrology indicate flooding while SAR indicate dry/implausible — routed to manual review.","{""sar"": ""dry"", ""optical"": ""flood"", ""dem_hydrology"": ""flood""}"
NRIV-00380,"51 Wyrallah Rd, Tuncester NSW",0.0,0.0,0.0,0.0,0.0,Review,90,Flag for manual review — independent sensors (SAR/optical/DEM) disagree,Satellite data at 51 Wyrallah Rd indicates 0.0ft depth; review per 90% confidence.,0,1,0.9849,"[{""factor"": ""SAR recency"", ""delta"": 8, ""reason"": ""Imagery 3d post-event \u2014 fresh""}, {""factor"": ""Depth certainty"", ""delta"": 10, ""reason"": ""Near-zero depth \u2014 confidently not flooded""}, {""factor"": ""Coverage coherence"", ""delta"": 7, ""reason"": ""0% coverage \u2014 confidently dry""}]",1,"Sensors disagree: optical, DEM-hydrology indicate flooding while SAR indicate dry/implausible — routed to manual review.","{""sar"": ""dry"", ""optical"": ""flood"", ""dem_hydrology"": ""flood""}"
NRIV-00381,"168 Richmond Tce, Bungawalbin NSW",0.0,0.0,0.0,0.0,0.0,Remote-Deny,90,Deny remotely — no significant flooding detected by satellite,Satellite data at 168 Richmond Tce indicates 0.0ft depth; remote-deny per 90% confidence.,0,0,0.0,"[{""factor"": ""SAR recency"", ""delta"": 8, ""reason"": ""Imagery 3d post-event \u2014 fresh""}, {""factor"": ""Depth certainty"", ""delta"": 10, ""reason"": ""Near-zero depth \u2014 confidently not flooded""}, {""factor"": ""Coverage coherence"", ""delta"": 7, ""reason"": ""0% coverage \u2014 confidently dry""}]",0,,"{""sar"": ""dry"", ""optical"": ""abstain"", ""dem_hydrology"": ""dry""}"
NRIV-00382,"127 Molesworth St, Bungawalbin NSW",0.0,0.0,0.0,0.0,0.0,Review,90,Flag for manual review — independent sensors (SAR/optical/DEM) disagree,Satellite data at 127 Molesworth St indicates 0.0ft depth; review per 90% confidence.,0,1,0.8951,"[{""factor"": ""SAR recency"", ""delta"": 8, ""reason"": ""Imagery 3d post-event \u2014 fresh""}, {""factor"": ""Depth certainty"", ""delta"": 10, ""reason"": ""Near-zero depth \u2014 confidently not flooded""}, {""factor"": ""Coverage coherence"", ""delta"": 7, ""reason"": ""0% coverage \u2014 confidently dry""}]",1,"Sensors disagree: optical, DEM-hydrology indicate flooding while SAR indicate dry/implausible — routed to manual review.","{""sar"": ""dry"", ""optical"": ""flood"", ""dem_hydrology"": ""flood""}"
NRIV-00383,"115 Tuckombil Rd, Bungawalbin NSW",16.3,0.0,0.0,0.0,0.0,Review,80,Flag for manual review — borderline measurements or low confidence,Satellite data at 115 Tuckombil Rd indicates 0.0ft depth; review per 80% confidence.,0,0,0.0,"[{""factor"": ""SAR recency"", ""delta"": 8, ""reason"": ""Imagery 3d post-event \u2014 fresh""}, {""factor"": ""Depth certainty"", ""delta"": 10, ""reason"": ""Near-zero depth \u2014 confidently not flooded""}, {""factor"": ""Coverage coherence"", ""delta"": -3, ""reason"": ""16% coverage \u2014 ambiguous partial""}]",1,Sensors disagree: SAR indicate flooding while DEM-hydrology indicate dry/implausible — routed to manual review.,"{""sar"": ""flood"", ""optical"": ""abstain"", ""dem_hydrology"": ""dry""}"
NRIV-00384,"163 Bagotville Rd, Bungawalbin NSW",20.6,2.8,0.0,20.0,19.69,Review,77,Flag for manual review — borderline measurements or low confidence,Satellite data at 163 Bagotville Rd indicates 2.8ft depth; review per 77% confidence.,0,0,0.0,"[{""factor"": ""SAR recency"", ""delta"": 8, ""reason"": ""Imagery 3d post-event \u2014 fresh""}, {""factor"": ""Depth certainty"", ""delta"": 7, ""reason"": ""Moderate depth (2.8ft) \u2014 clear signal""}, {""factor"": ""Coverage coherence"", ""delta"": -3, ""reason"": ""21% coverage \u2014 ambiguous partial""}]",0,,"{""sar"": ""flood"", ""optical"": ""abstain"", ""dem_hydrology"": ""flood""}"
NRIV-00385,"81 Wyrallah Rd, Bungawalbin NSW",100.0,2.97,0.0,20.0,19.69,Dispatch,88,Send adjuster — extensive property flooding detected,Satellite data at 81 Wyrallah Rd indicates 3.0ft depth; dispatch per 88% confidence.,0,0,0.0,"[{""factor"": ""SAR recency"", ""delta"": 8, ""reason"": ""Imagery 3d post-event \u2014 fresh""}, {""factor"": ""Depth certainty"", ""delta"": 7, ""reason"": ""Moderate depth (3.0ft) \u2014 clear signal""}, {""factor"": ""Coverage coherence"", ""delta"": 8, ""reason"": ""100% coverage \u2014 extensive, coherent""}]",0,,"{""sar"": ""flood"", ""optical"": ""abstain"", ""dem_hydrology"": ""flood""}"
NRIV-00386,"162 Mill Rd, Bungawalbin NSW",18.2,3.76,0.0,20.0,19.69,Dispatch,77,Send adjuster — major flood damage likely,Satellite data at 162 Mill Rd indicates 3.8ft depth; dispatch per 77% confidence.,0,0,0.0,"[{""factor"": ""SAR recency"", ""delta"": 8, ""reason"": ""Imagery 3d post-event \u2014 fresh""}, {""factor"": ""Depth certainty"", ""delta"": 7, ""reason"": ""Moderate depth (3.8ft) \u2014 clear signal""}, {""factor"": ""Coverage coherence"", ""delta"": -3, ""reason"": ""18% coverage \u2014 ambiguous partial""}]",0,,"{""sar"": ""flood"", ""optical"": ""abstain"", ""dem_hydrology"": ""abstain""}"
NRIV-00387,"91 Casino Rd, Bungawalbin NSW",100.0,5.24,0.0,20.0,19.7,Dispatch,93,Send adjuster — major flood damage likely,Satellite data at 91 Casino Rd indicates 5.2ft depth; dispatch per 93% confidence.,0,0,0.0,"[{""factor"": ""SAR recency"", ""delta"": 8, ""reason"": ""Imagery 3d post-event \u2014 fresh""}, {""factor"": ""Depth certainty"", ""delta"": 12, ""reason"": ""Deep water (5.2ft) \u2014 unambiguous""}, {""factor"": ""Coverage coherence"", ""delta"": 8, ""reason"": ""100% coverage \u2014 extensive, coherent""}]",0,,"{""sar"": ""flood"", ""optical"": ""abstain"", ""dem_hydrology"": ""flood""}"
NRIV-00388,"10 River Rd, Bungawalbin NSW",0.0,0.0,0.0,0.0,0.0,Remote-Deny,90,Deny remotely — no significant flooding detected by satellite,Satellite data at 10 River Rd indicates 0.0ft depth; remote-deny per 90% confidence.,0,0,0.0,"[{""factor"": ""SAR recency"", ""delta"": 8, ""reason"": ""Imagery 3d post-event \u2014 fresh""}, {""factor"": ""Depth certainty"", ""delta"": 10, ""reason"": ""Near-zero depth \u2014 confidently not flooded""}, {""factor"": ""Coverage coherence"", ""delta"": 7, ""reason"": ""0% coverage \u2014 confidently dry""}]",0,,"{""sar"": ""dry"", ""optical"": ""abstain"", ""dem_hydrology"": ""dry""}"
NRIV-00389,"166 Richmond Tce, Bungawalbin NSW",0.0,0.0,0.0,0.0,0.0,Remote-Deny,90,Deny remotely — no significant flooding detected by satellite,Satellite data at 166 Richmond Tce indicates 0.0ft depth; remote-deny per 90% confidence.,0,0,0.0,"[{""factor"": ""SAR recency"", ""delta"": 8, ""reason"": ""Imagery 3d post-event \u2014 fresh""}, {""factor"": ""Depth certainty"", ""delta"": 10, ""reason"": ""Near-zero depth \u2014 confidently not flooded""}, {""factor"": ""Coverage coherence"", ""delta"": 7, ""reason"": ""0% coverage \u2014 confidently dry""}]",0,,"{""sar"": ""dry"", ""optical"": ""abstain"", ""dem_hydrology"": ""dry""}"
NRIV-00390,"119 Bagotville Rd, Bungawalbin NSW",0.0,0.0,0.0,0.0,0.0,Remote-Deny,90,Deny remotely — no significant flooding detected by satellite,Satellite data at 119 Bagotville Rd indicates 0.0ft depth; remote-deny per 90% confidence.,0,0,0.0,"[{""factor"": ""SAR recency"", ""delta"": 8, ""reason"": ""Imagery 3d post-event \u2014 fresh""}, {""factor"": ""Depth certainty"", ""delta"": 10, ""reason"": ""Near-zero depth \u2014 confidently not flooded""}, {""factor"": ""Coverage coherence"", ""delta"": 7, ""reason"": ""0% coverage \u2014 confidently dry""}]",0,,"{""sar"": ""dry"", ""optical"": ""abstain"", ""dem_hydrology"": ""dry""}"
NRIV-00391,"11 Molesworth St, Bungawalbin NSW",100.0,1.39,0.0,20.0,19.69,Dispatch,84,Send adjuster — extensive property flooding detected,Satellite data at 11 Molesworth St indicates 1.4ft depth; dispatch per 84% confidence.,0,0,0.0,"[{""factor"": ""SAR recency"", ""delta"": 8, ""reason"": ""Imagery 3d post-event \u2014 fresh""}, {""factor"": ""Depth certainty"", ""delta"": 3, ""reason"": ""Shallow-moderate depth (1.4ft)""}, {""factor"": ""Coverage coherence"", ""delta"": 8, ""reason"": ""100% coverage \u2014 extensive, coherent""}]",0,,"{""sar"": ""flood"", ""optical"": ""abstain"", ""dem_hydrology"": ""flood""}"
NRIV-00392,"49 Pacific Hwy, Broadwater NSW",100.0,1.5,0.0,20.0,19.69,Dispatch,84,Send adjuster — extensive property flooding detected,Satellite data at 49 Pacific Hwy indicates 1.5ft depth; dispatch per 84% confidence.,0,0,0.0,"[{""factor"": ""SAR recency"", ""delta"": 8, ""reason"": ""Imagery 3d post-event \u2014 fresh""}, {""factor"": ""Depth certainty"", ""delta"": 3, ""reason"": ""Shallow-moderate depth (1.5ft)""}, {""factor"": ""Coverage coherence"", ""delta"": 8, ""reason"": ""100% coverage \u2014 extensive, coherent""}]",0,,"{""sar"": ""flood"", ""optical"": ""abstain"", ""dem_hydrology"": ""flood""}"
NRIV-00393,"16 Molesworth St, Broadwater NSW",0.0,0.0,0.0,0.0,0.0,Remote-Deny,90,Deny remotely — no significant flooding detected by satellite,Satellite data at 16 Molesworth St indicates 0.0ft depth; remote-deny per 90% confidence.,0,0,0.0,"[{""factor"": ""SAR recency"", ""delta"": 8, ""reason"": ""Imagery 3d post-event \u2014 fresh""}, {""factor"": ""Depth certainty"", ""delta"": 10, ""reason"": ""Near-zero depth \u2014 confidently not flooded""}, {""factor"": ""Coverage coherence"", ""delta"": 7, ""reason"": ""0% coverage \u2014 confidently dry""}]",0,,"{""sar"": ""dry"", ""optical"": ""abstain"", ""dem_hydrology"": ""dry""}"
NRIV-00394,"88 Wilson St, Broadwater NSW",100.0,2.66,0.0,20.0,19.69,Dispatch,88,Send adjuster — extensive property flooding detected,Satellite data at 88 Wilson St indicates 2.7ft depth; dispatch per 88% confidence.,0,0,0.0,"[{""factor"": ""SAR recency"", ""delta"": 8, ""reason"": ""Imagery 3d post-event \u2014 fresh""}, {""factor"": ""Depth certainty"", ""delta"": 7, ""reason"": ""Moderate depth (2.7ft) \u2014 clear signal""}, {""factor"": ""Coverage coherence"", ""delta"": 8, ""reason"": ""100% coverage \u2014 extensive, coherent""}]",0,,"{""sar"": ""flood"", ""optical"": ""abstain"", ""dem_hydrology"": ""flood""}"
NRIV-00395,"11 Bridge St, Broadwater NSW",0.0,0.0,0.0,0.0,0.0,Remote-Deny,90,Deny remotely — no significant flooding detected by satellite,Satellite data at 11 Bridge St indicates 0.0ft depth; remote-deny per 90% confidence.,0,0,0.0,"[{""factor"": ""SAR recency"", ""delta"": 8, ""reason"": ""Imagery 3d post-event \u2014 fresh""}, {""factor"": ""Depth certainty"", ""delta"": 10, ""reason"": ""Near-zero depth \u2014 confidently not flooded""}, {""factor"": ""Coverage coherence"", ""delta"": 7, ""reason"": ""0% coverage \u2014 confidently dry""}]",0,,"{""sar"": ""dry"", ""optical"": ""abstain"", ""dem_hydrology"": ""dry""}"
NRIV-00396,"135 Casino Rd, Broadwater NSW",0.0,0.0,0.0,0.0,0.0,Remote-Deny,90,Deny remotely — no significant flooding detected by satellite,Satellite data at 135 Casino Rd indicates 0.0ft depth; remote-deny per 90% confidence.,0,0,0.0,"[{""factor"": ""SAR recency"", ""delta"": 8, ""reason"": ""Imagery 3d post-event \u2014 fresh""}, {""factor"": ""Depth certainty"", ""delta"": 10, ""reason"": ""Near-zero depth \u2014 confidently not flooded""}, {""factor"": ""Coverage coherence"", ""delta"": 7, ""reason"": ""0% coverage \u2014 confidently dry""}]",0,,"{""sar"": ""dry"", ""optical"": ""abstain"", ""dem_hydrology"": ""abstain""}"
NRIV-00397,"73 Codrington Rd, Broadwater NSW",0.0,0.0,0.0,0.0,0.0,Remote-Deny,90,Deny remotely — no significant flooding detected by satellite,Satellite data at 73 Codrington Rd indicates 0.0ft depth; remote-deny per 90% confidence.,0,0,0.0,"[{""factor"": ""SAR recency"", ""delta"": 8, ""reason"": ""Imagery 3d post-event \u2014 fresh""}, {""factor"": ""Depth certainty"", ""delta"": 10, ""reason"": ""Near-zero depth \u2014 confidently not flooded""}, {""factor"": ""Coverage coherence"", ""delta"": 7, ""reason"": ""0% coverage \u2014 confidently dry""}]",0,,"{""sar"": ""dry"", ""optical"": ""abstain"", ""dem_hydrology"": ""dry""}"
NRIV-00398,"154 River Rd, Broadwater NSW",0.0,0.0,0.0,0.0,0.0,Remote-Deny,90,Deny remotely — no significant flooding detected by satellite,Satellite data at 154 River Rd indicates 0.0ft depth; remote-deny per 90% confidence.,0,0,0.0,"[{""factor"": ""SAR recency"", ""delta"": 8, ""reason"": ""Imagery 3d post-event \u2014 fresh""}, {""factor"": ""Depth certainty"", ""delta"": 10, ""reason"": ""Near-zero depth \u2014 confidently not flooded""}, {""factor"": ""Coverage coherence"", ""delta"": 7, ""reason"": ""0% coverage \u2014 confidently dry""}]",0,,"{""sar"": ""dry"", ""optical"": ""abstain"", ""dem_hydrology"": ""abstain""}"
NRIV-00399,"17 Pacific Hwy, Broadwater NSW",0.0,0.0,0.0,0.0,0.0,Remote-Deny,90,Deny remotely — no significant flooding detected by satellite,Satellite data at 17 Pacific Hwy indicates 0.0ft depth; remote-deny per 90% confidence.,0,0,0.0,"[{""factor"": ""SAR recency"", ""delta"": 8, ""reason"": ""Imagery 3d post-event \u2014 fresh""}, {""factor"": ""Depth certainty"", ""delta"": 10, ""reason"": ""Near-zero depth \u2014 confidently not flooded""}, {""factor"": ""Coverage coherence"", ""delta"": 7, ""reason"": ""0% coverage \u2014 confidently dry""}]",0,,"{""sar"": ""dry"", ""optical"": ""abstain"", ""dem_hydrology"": ""dry""}"
NRIV-00400,"73 Mill Rd, Broadwater NSW",0.0,0.0,0.0,0.0,0.0,Remote-Deny,90,Deny remotely — no significant flooding detected by satellite,Satellite data at 73 Mill Rd indicates 0.0ft depth; remote-deny per 90% confidence.,0,0,0.0,"[{""factor"": ""SAR recency"", ""delta"": 8, ""reason"": ""Imagery 3d post-event \u2014 fresh""}, {""factor"": ""Depth certainty"", ""delta"": 10, ""reason"": ""Near-zero depth \u2014 confidently not flooded""}, {""factor"": ""Coverage coherence"", ""delta"": 7, ""reason"": ""0% coverage \u2014 confidently dry""}]",0,,"{""sar"": ""dry"", ""optical"": ""abstain"", ""dem_hydrology"": ""dry""}"
NRIV-00401,"155 Wyrallah Rd, Tuncester NSW",0.0,0.0,0.0,0.0,0.0,Remote-Deny,96,Deny remotely — no significant flooding detected by satellite,Satellite data at 155 Wyrallah Rd indicates 0.0ft depth; remote-deny per 96% confidence.,0,1,0.0,"[{""factor"": ""SAR recency"", ""delta"": 8, ""reason"": ""Imagery 3d post-event \u2014 fresh""}, {""factor"": ""Depth certainty"", ""delta"": 10, ""reason"": ""Near-zero depth \u2014 confidently not flooded""}, {""factor"": ""Coverage coherence"", ""delta"": 7, ""reason"": ""0% coverage \u2014 confidently dry""}, {""factor"": ""Optical cross-check"", ""delta"": 6, ""reason"": ""Sentinel-2 confirms dry ground \u2014 sensors agree""}]",0,,"{""sar"": ""dry"", ""optical"": ""dry"", ""dem_hydrology"": ""flood""}"
NRIV-00402,"37 Pacific Hwy, Tuncester NSW",0.0,0.0,0.0,0.0,0.0,Remote-Deny,90,Deny remotely — no significant flooding detected by satellite,Satellite data at 37 Pacific Hwy indicates 0.0ft depth; remote-deny per 90% confidence.,0,0,0.3606,"[{""factor"": ""SAR recency"", ""delta"": 8, ""reason"": ""Imagery 3d post-event \u2014 fresh""}, {""factor"": ""Depth certainty"", ""delta"": 10, ""reason"": ""Near-zero depth \u2014 confidently not flooded""}, {""factor"": ""Coverage coherence"", ""delta"": 7, ""reason"": ""0% coverage \u2014 confidently dry""}]",0,,"{""sar"": ""dry"", ""optical"": ""abstain"", ""dem_hydrology"": ""flood""}"
NRIV-00403,"170 Codrington Rd, Tuncester NSW",0.4,0.0,0.0,0.0,0.0,Review,90,Flag for manual review — independent sensors (SAR/optical/DEM) disagree,Satellite data at 170 Codrington Rd indicates 0.0ft depth; review per 90% confidence.,0,1,1.0,"[{""factor"": ""SAR recency"", ""delta"": 8, ""reason"": ""Imagery 3d post-event \u2014 fresh""}, {""factor"": ""Depth certainty"", ""delta"": 10, ""reason"": ""Near-zero depth \u2014 confidently not flooded""}, {""factor"": ""Coverage coherence"", ""delta"": 7, ""reason"": ""0% coverage \u2014 confidently dry""}]",1,"Sensors disagree: optical, DEM-hydrology indicate flooding while SAR indicate dry/implausible — routed to manual review.","{""sar"": ""dry"", ""optical"": ""flood"", ""dem_hydrology"": ""flood""}"
NRIV-00404,"22 Mill Rd, Tuncester NSW",0.0,0.0,0.0,0.0,0.0,Remote-Deny,90,Deny remotely — no significant flooding detected by satellite,Satellite data at 22 Mill Rd indicates 0.0ft depth; remote-deny per 90% confidence.,0,0,0.0052,"[{""factor"": ""SAR recency"", ""delta"": 8, ""reason"": ""Imagery 3d post-event \u2014 fresh""}, {""factor"": ""Depth certainty"", ""delta"": 10, ""reason"": ""Near-zero depth \u2014 confidently not flooded""}, {""factor"": ""Coverage coherence"", ""delta"": 7, ""reason"": ""0% coverage \u2014 confidently dry""}]",0,,"{""sar"": ""dry"", ""optical"": ""abstain"", ""dem_hydrology"": ""dry""}"
NRIV-00405,"85 Wyrallah Rd, Tuncester NSW",1.0,0.0,0.0,0.0,0.0,Remote-Deny,90,Deny remotely — no significant flooding detected by satellite,Satellite data at 85 Wyrallah Rd indicates 0.0ft depth; remote-deny per 90% confidence.,0,0,0.0,"[{""factor"": ""SAR recency"", ""delta"": 8, ""reason"": ""Imagery 3d post-event \u2014 fresh""}, {""factor"": ""Depth certainty"", ""delta"": 10, ""reason"": ""Near-zero depth \u2014 confidently not flooded""}, {""factor"": ""Coverage coherence"", ""delta"": 7, ""reason"": ""1% coverage \u2014 confidently dry""}]",0,,"{""sar"": ""dry"", ""optical"": ""abstain"", ""dem_hydrology"": ""abstain""}"
NRIV-00406,"190 Tuckombil Rd, Tuncester NSW",0.0,0.0,0.0,0.0,0.0,Remote-Deny,90,Deny remotely — no significant flooding detected by satellite,Satellite data at 190 Tuckombil Rd indicates 0.0ft depth; remote-deny per 90% confidence.,0,0,0.0,"[{""factor"": ""SAR recency"", ""delta"": 8, ""reason"": ""Imagery 3d post-event \u2014 fresh""}, {""factor"": ""Depth certainty"", ""delta"": 10, ""reason"": ""Near-zero depth \u2014 confidently not flooded""}, {""factor"": ""Coverage coherence"", ""delta"": 7, ""reason"": ""0% coverage \u2014 confidently dry""}]",0,,"{""sar"": ""dry"", ""optical"": ""abstain"", ""dem_hydrology"": ""dry""}"
NRIV-00407,"172 Codrington Rd, Bungawalbin NSW",0.9,0.0,0.0,0.0,0.0,Review,90,Flag for manual review — independent sensors (SAR/optical/DEM) disagree,Satellite data at 172 Codrington Rd indicates 0.0ft depth; review per 90% confidence.,0,1,0.4072,"[{""factor"": ""SAR recency"", ""delta"": 8, ""reason"": ""Imagery 3d post-event \u2014 fresh""}, {""factor"": ""Depth certainty"", ""delta"": 10, ""reason"": ""Near-zero depth \u2014 confidently not flooded""}, {""factor"": ""Coverage coherence"", ""delta"": 7, ""reason"": ""1% coverage \u2014 confidently dry""}]",1,"Sensors disagree: optical indicate flooding while SAR, DEM-hydrology indicate dry/implausible — routed to manual review.","{""sar"": ""dry"", ""optical"": ""flood"", ""dem_hydrology"": ""dry""}"
NRIV-00408,"80 Wyrallah Rd, Bungawalbin NSW",100.0,6.07,0.0,20.0,19.74,Dispatch,97,Send adjuster — major flood damage likely,Satellite data at 80 Wyrallah Rd indicates 6.1ft depth; dispatch per 97% confidence.,0,1,1.0,"[{""factor"": ""SAR recency"", ""delta"": 8, ""reason"": ""Imagery 3d post-event \u2014 fresh""}, {""factor"": ""Depth certainty"", ""delta"": 12, ""reason"": ""Deep water (6.1ft) \u2014 unambiguous""}, {""factor"": ""Coverage coherence"", ""delta"": 8, ""reason"": ""100% coverage \u2014 extensive, coherent""}, {""factor"": ""Optical cross-check"", ""delta"": 10, ""reason"": ""Sentinel-2 confirms standing water \u2014 sensors agree""}]",0,,"{""sar"": ""flood"", ""optical"": ""flood"", ""dem_hydrology"": ""abstain""}"
NRIV-00409,"197 Molesworth St, Bungawalbin NSW",0.0,0.0,0.0,0.0,0.0,Remote-Deny,90,Deny remotely — no significant flooding detected by satellite,Satellite data at 197 Molesworth St indicates 0.0ft depth; remote-deny per 90% confidence.,0,0,0.0,"[{""factor"": ""SAR recency"", ""delta"": 8, ""reason"": ""Imagery 3d post-event \u2014 fresh""}, {""factor"": ""Depth certainty"", ""delta"": 10, ""reason"": ""Near-zero depth \u2014 confidently not flooded""}, {""factor"": ""Coverage coherence"", ""delta"": 7, ""reason"": ""0% coverage \u2014 confidently dry""}]",0,,"{""sar"": ""dry"", ""optical"": ""abstain"", ""dem_hydrology"": ""dry""}"
NRIV-00410,"40 Richmond Tce, Bungawalbin NSW",63.1,4.85,0.0,20.0,19.7,Dispatch,93,Send adjuster — major flood damage likely,Satellite data at 40 Richmond Tce indicates 4.8ft depth; dispatch per 93% confidence.,0,0,0.0,"[{""factor"": ""SAR recency"", ""delta"": 8, ""reason"": ""Imagery 3d post-event \u2014 fresh""}, {""factor"": ""Depth certainty"", ""delta"": 12, ""reason"": ""Deep water (4.8ft) \u2014 unambiguous""}, {""factor"": ""Coverage coherence"", ""delta"": 8, ""reason"": ""63% coverage \u2014 extensive, coherent""}]",0,,"{""sar"": ""flood"", ""optical"": ""abstain"", ""dem_hydrology"": ""abstain""}"
NRIV-00411,"130 Casino Rd, Bungawalbin NSW",96.4,3.11,0.0,20.0,19.69,Dispatch,88,Send adjuster — major flood damage likely,Satellite data at 130 Casino Rd indicates 3.1ft depth; dispatch per 88% confidence.,0,0,0.0,"[{""factor"": ""SAR recency"", ""delta"": 8, ""reason"": ""Imagery 3d post-event \u2014 fresh""}, {""factor"": ""Depth certainty"", ""delta"": 7, ""reason"": ""Moderate depth (3.1ft) \u2014 clear signal""}, {""factor"": ""Coverage coherence"", ""delta"": 8, ""reason"": ""96% coverage \u2014 extensive, coherent""}]",0,,"{""sar"": ""flood"", ""optical"": ""abstain"", ""dem_hydrology"": ""flood""}"
NRIV-00412,"10 Tuckombil Rd, Bungawalbin NSW",100.0,4.4,0.0,20.0,19.7,Dispatch,93,Send adjuster — major flood damage likely,Satellite data at 10 Tuckombil Rd indicates 4.4ft depth; dispatch per 93% confidence.,0,0,0.0,"[{""factor"": ""SAR recency"", ""delta"": 8, ""reason"": ""Imagery 3d post-event \u2014 fresh""}, {""factor"": ""Depth certainty"", ""delta"": 12, ""reason"": ""Deep water (4.4ft) \u2014 unambiguous""}, {""factor"": ""Coverage coherence"", ""delta"": 8, ""reason"": ""100% coverage \u2014 extensive, coherent""}]",0,,"{""sar"": ""flood"", ""optical"": ""abstain"", ""dem_hydrology"": ""flood""}"
NRIV-00413,"34 Bagotville Rd, Bungawalbin NSW",100.0,3.47,0.0,20.0,19.69,Dispatch,88,Send adjuster — major flood damage likely,Satellite data at 34 Bagotville Rd indicates 3.5ft depth; dispatch per 88% confidence.,0,0,0.0,"[{""factor"": ""SAR recency"", ""delta"": 8, ""reason"": ""Imagery 3d post-event \u2014 fresh""}, {""factor"": ""Depth certainty"", ""delta"": 7, ""reason"": ""Moderate depth (3.5ft) \u2014 clear signal""}, {""factor"": ""Coverage coherence"", ""delta"": 8, ""reason"": ""100% coverage \u2014 extensive, coherent""}]",0,,"{""sar"": ""flood"", ""optical"": ""abstain"", ""dem_hydrology"": ""flood""}"
NRIV-00414,"213 Wilson St, Bungawalbin NSW",0.0,0.0,0.0,0.0,0.0,Remote-Deny,90,Deny remotely — no significant flooding detected by satellite,Satellite data at 213 Wilson St indicates 0.0ft depth; remote-deny per 90% confidence.,0,0,0.0,"[{""factor"": ""SAR recency"", ""delta"": 8, ""reason"": ""Imagery 3d post-event \u2014 fresh""}, {""factor"": ""Depth certainty"", ""delta"": 10, ""reason"": ""Near-zero depth \u2014 confidently not flooded""}, {""factor"": ""Coverage coherence"", ""delta"": 7, ""reason"": ""0% coverage \u2014 confidently dry""}]",0,,"{""sar"": ""dry"", ""optical"": ""abstain"", ""dem_hydrology"": ""dry""}"
NRIV-00415,"43 Wilson St, Bungawalbin NSW",0.0,0.0,0.0,0.0,0.0,Remote-Deny,90,Deny remotely — no significant flooding detected by satellite,Satellite data at 43 Wilson St indicates 0.0ft depth; remote-deny per 90% confidence.,0,0,0.0,"[{""factor"": ""SAR recency"", ""delta"": 8, ""reason"": ""Imagery 3d post-event \u2014 fresh""}, {""factor"": ""Depth certainty"", ""delta"": 10, ""reason"": ""Near-zero depth \u2014 confidently not flooded""}, {""factor"": ""Coverage coherence"", ""delta"": 7, ""reason"": ""0% coverage \u2014 confidently dry""}]",0,,"{""sar"": ""dry"", ""optical"": ""abstain"", ""dem_hydrology"": ""dry""}"
NRIV-00416,"174 Wilson St, Bungawalbin NSW",100.0,3.59,0.0,20.0,19.7,Dispatch,88,Send adjuster — major flood damage likely,Satellite data at 174 Wilson St indicates 3.6ft depth; dispatch per 88% confidence.,0,0,0.0,"[{""factor"": ""SAR recency"", ""delta"": 8, ""reason"": ""Imagery 3d post-event \u2014 fresh""}, {""factor"": ""Depth certainty"", ""delta"": 7, ""reason"": ""Moderate depth (3.6ft) \u2014 clear signal""}, {""factor"": ""Coverage coherence"", ""delta"": 8, ""reason"": ""100% coverage \u2014 extensive, coherent""}]",0,,"{""sar"": ""flood"", ""optical"": ""abstain"", ""dem_hydrology"": ""flood""}"
NRIV-00417,"73 Wilson St, Broadwater NSW",100.0,1.58,0.0,20.0,19.69,Dispatch,84,Send adjuster — extensive property flooding detected,Satellite data at 73 Wilson St indicates 1.6ft depth; dispatch per 84% confidence.,0,0,0.0,"[{""factor"": ""SAR recency"", ""delta"": 8, ""reason"": ""Imagery 3d post-event \u2014 fresh""}, {""factor"": ""Depth certainty"", ""delta"": 3, ""reason"": ""Shallow-moderate depth (1.6ft)""}, {""factor"": ""Coverage coherence"", ""delta"": 8, ""reason"": ""100% coverage \u2014 extensive, coherent""}]",0,,"{""sar"": ""flood"", ""optical"": ""abstain"", ""dem_hydrology"": ""flood""}"
NRIV-00418,"62 Mill Rd, Broadwater NSW",100.0,2.11,0.0,20.0,19.69,Dispatch,88,Send adjuster — extensive property flooding detected,Satellite data at 62 Mill Rd indicates 2.1ft depth; dispatch per 88% confidence.,0,0,0.0,"[{""factor"": ""SAR recency"", ""delta"": 8, ""reason"": ""Imagery 3d post-event \u2014 fresh""}, {""factor"": ""Depth certainty"", ""delta"": 7, ""reason"": ""Moderate depth (2.1ft) \u2014 clear signal""}, {""factor"": ""Coverage coherence"", ""delta"": 8, ""reason"": ""100% coverage \u2014 extensive, coherent""}]",0,,"{""sar"": ""flood"", ""optical"": ""abstain"", ""dem_hydrology"": ""flood""}"
NRIV-00419,"214 Bridge St, Broadwater NSW",0.0,0.0,0.0,0.0,0.0,Remote-Deny,90,Deny remotely — no significant flooding detected by satellite,Satellite data at 214 Bridge St indicates 0.0ft depth; remote-deny per 90% confidence.,0,0,0.0,"[{""factor"": ""SAR recency"", ""delta"": 8, ""reason"": ""Imagery 3d post-event \u2014 fresh""}, {""factor"": ""Depth certainty"", ""delta"": 10, ""reason"": ""Near-zero depth \u2014 confidently not flooded""}, {""factor"": ""Coverage coherence"", ""delta"": 7, ""reason"": ""0% coverage \u2014 confidently dry""}]",0,,"{""sar"": ""dry"", ""optical"": ""abstain"", ""dem_hydrology"": ""dry""}"
NRIV-00420,"113 Molesworth St, Broadwater NSW",95.6,3.03,0.0,20.0,19.72,Dispatch,88,Send adjuster — major flood damage likely,Satellite data at 113 Molesworth St indicates 3.0ft depth; dispatch per 88% confidence.,0,0,0.0,"[{""factor"": ""SAR recency"", ""delta"": 8, ""reason"": ""Imagery 3d post-event \u2014 fresh""}, {""factor"": ""Depth certainty"", ""delta"": 7, ""reason"": ""Moderate depth (3.0ft) \u2014 clear signal""}, {""factor"": ""Coverage coherence"", ""delta"": 8, ""reason"": ""96% coverage \u2014 extensive, coherent""}]",0,,"{""sar"": ""flood"", ""optical"": ""abstain"", ""dem_hydrology"": ""flood""}"
NRIV-00421,"129 Casino Rd, Broadwater NSW",0.0,0.0,0.0,0.0,0.0,Remote-Deny,90,Deny remotely — no significant flooding detected by satellite,Satellite data at 129 Casino Rd indicates 0.0ft depth; remote-deny per 90% confidence.,0,0,0.0,"[{""factor"": ""SAR recency"", ""delta"": 8, ""reason"": ""Imagery 3d post-event \u2014 fresh""}, {""factor"": ""Depth certainty"", ""delta"": 10, ""reason"": ""Near-zero depth \u2014 confidently not flooded""}, {""factor"": ""Coverage coherence"", ""delta"": 7, ""reason"": ""0% coverage \u2014 confidently dry""}]",0,,"{""sar"": ""dry"", ""optical"": ""abstain"", ""dem_hydrology"": ""dry""}"
NRIV-00422,"52 Bagotville Rd, Broadwater NSW",99.4,1.88,0.0,20.0,19.69,Dispatch,84,Send adjuster — extensive property flooding detected,Satellite data at 52 Bagotville Rd indicates 1.9ft depth; dispatch per 84% confidence.,0,0,0.0,"[{""factor"": ""SAR recency"", ""delta"": 8, ""reason"": ""Imagery 3d post-event \u2014 fresh""}, {""factor"": ""Depth certainty"", ""delta"": 3, ""reason"": ""Shallow-moderate depth (1.9ft)""}, {""factor"": ""Coverage coherence"", ""delta"": 8, ""reason"": ""99% coverage \u2014 extensive, coherent""}]",0,,"{""sar"": ""flood"", ""optical"": ""abstain"", ""dem_hydrology"": ""flood""}"
NRIV-00423,"165 Molesworth St, Broadwater NSW",0.0,0.0,0.0,0.0,0.0,Remote-Deny,90,Deny remotely — no significant flooding detected by satellite,Satellite data at 165 Molesworth St indicates 0.0ft depth; remote-deny per 90% confidence.,0,0,0.0,"[{""factor"": ""SAR recency"", ""delta"": 8, ""reason"": ""Imagery 3d post-event \u2014 fresh""}, {""factor"": ""Depth certainty"", ""delta"": 10, ""reason"": ""Near-zero depth \u2014 confidently not flooded""}, {""factor"": ""Coverage coherence"", ""delta"": 7, ""reason"": ""0% coverage \u2014 confidently dry""}]",0,,"{""sar"": ""dry"", ""optical"": ""abstain"", ""dem_hydrology"": ""abstain""}"
NRIV-00424,"27 Wilson St, Broadwater NSW",4.5,3.39,0.0,20.0,19.69,Dispatch,77,Send adjuster — major flood damage likely,Satellite data at 27 Wilson St indicates 3.4ft depth; dispatch per 77% confidence.,0,0,0.0,"[{""factor"": ""SAR recency"", ""delta"": 8, ""reason"": ""Imagery 3d post-event \u2014 fresh""}, {""factor"": ""Depth certainty"", ""delta"": 7, ""reason"": ""Moderate depth (3.4ft) \u2014 clear signal""}, {""factor"": ""Coverage coherence"", ""delta"": 7, ""reason"": ""4% coverage \u2014 confidently dry""}, {""factor"": ""Internal consistency"", ""delta"": -10, ""reason"": ""Deep water over a tiny footprint \u2014 physically suspicious""}]",0,,"{""sar"": ""dry"", ""optical"": ""abstain"", ""dem_hydrology"": ""abstain""}"
NRIV-00425,"73 Richmond Tce, Broadwater NSW",0.0,0.0,0.0,0.0,0.0,Remote-Deny,90,Deny remotely — no significant flooding detected by satellite,Satellite data at 73 Richmond Tce indicates 0.0ft depth; remote-deny per 90% confidence.,0,0,0.0,"[{""factor"": ""SAR recency"", ""delta"": 8, ""reason"": ""Imagery 3d post-event \u2014 fresh""}, {""factor"": ""Depth certainty"", ""delta"": 10, ""reason"": ""Near-zero depth \u2014 confidently not flooded""}, {""factor"": ""Coverage coherence"", ""delta"": 7, ""reason"": ""0% coverage \u2014 confidently dry""}]",0,,"{""sar"": ""dry"", ""optical"": ""abstain"", ""dem_hydrology"": ""dry""}"
NRIV-00426,"132 Wyrallah Rd, Tuncester NSW",0.0,0.0,0.0,0.0,0.0,Remote-Deny,90,Deny remotely — no significant flooding detected by satellite,Satellite data at 132 Wyrallah Rd indicates 0.0ft depth; remote-deny per 90% confidence.,0,0,0.3936,"[{""factor"": ""SAR recency"", ""delta"": 8, ""reason"": ""Imagery 3d post-event \u2014 fresh""}, {""factor"": ""Depth certainty"", ""delta"": 10, ""reason"": ""Near-zero depth \u2014 confidently not flooded""}, {""factor"": ""Coverage coherence"", ""delta"": 7, ""reason"": ""0% coverage \u2014 confidently dry""}]",0,,"{""sar"": ""dry"", ""optical"": ""abstain"", ""dem_hydrology"": ""dry""}"
NRIV-00427,"57 Molesworth St, Tuncester NSW",0.0,0.0,0.0,0.0,0.0,Review,90,Flag for manual review — independent sensors (SAR/optical/DEM) disagree,Satellite data at 57 Molesworth St indicates 0.0ft depth; review per 90% confidence.,0,1,0.9316,"[{""factor"": ""SAR recency"", ""delta"": 8, ""reason"": ""Imagery 3d post-event \u2014 fresh""}, {""factor"": ""Depth certainty"", ""delta"": 10, ""reason"": ""Near-zero depth \u2014 confidently not flooded""}, {""factor"": ""Coverage coherence"", ""delta"": 7, ""reason"": ""0% coverage \u2014 confidently dry""}]",1,Sensors disagree: optical indicate flooding while SAR indicate dry/implausible — routed to manual review.,"{""sar"": ""dry"", ""optical"": ""flood"", ""dem_hydrology"": ""abstain""}"
NRIV-00428,"107 River Rd, Tuncester NSW",0.0,0.0,0.0,0.0,0.0,Remote-Deny,90,Deny remotely — no significant flooding detected by satellite,Satellite data at 107 River Rd indicates 0.0ft depth; remote-deny per 90% confidence.,0,0,0.0,"[{""factor"": ""SAR recency"", ""delta"": 8, ""reason"": ""Imagery 3d post-event \u2014 fresh""}, {""factor"": ""Depth certainty"", ""delta"": 10, ""reason"": ""Near-zero depth \u2014 confidently not flooded""}, {""factor"": ""Coverage coherence"", ""delta"": 7, ""reason"": ""0% coverage \u2014 confidently dry""}]",0,,"{""sar"": ""dry"", ""optical"": ""abstain"", ""dem_hydrology"": ""abstain""}"
NRIV-00429,"99 Richmond Tce, Tuncester NSW",0.0,0.0,0.0,0.0,0.0,Remote-Deny,90,Deny remotely — no significant flooding detected by satellite,Satellite data at 99 Richmond Tce indicates 0.0ft depth; remote-deny per 90% confidence.,0,0,0.0,"[{""factor"": ""SAR recency"", ""delta"": 8, ""reason"": ""Imagery 3d post-event \u2014 fresh""}, {""factor"": ""Depth certainty"", ""delta"": 10, ""reason"": ""Near-zero depth \u2014 confidently not flooded""}, {""factor"": ""Coverage coherence"", ""delta"": 7, ""reason"": ""0% coverage \u2014 confidently dry""}]",0,,"{""sar"": ""dry"", ""optical"": ""abstain"", ""dem_hydrology"": ""abstain""}"
NRIV-00430,"26 Wilson St, Tuncester NSW",0.0,0.0,0.0,0.0,0.0,Remote-Deny,90,Deny remotely — no significant flooding detected by satellite,Satellite data at 26 Wilson St indicates 0.0ft depth; remote-deny per 90% confidence.,0,0,0.0,"[{""factor"": ""SAR recency"", ""delta"": 8, ""reason"": ""Imagery 3d post-event \u2014 fresh""}, {""factor"": ""Depth certainty"", ""delta"": 10, ""reason"": ""Near-zero depth \u2014 confidently not flooded""}, {""factor"": ""Coverage coherence"", ""delta"": 7, ""reason"": ""0% coverage \u2014 confidently dry""}]",0,,"{""sar"": ""dry"", ""optical"": ""abstain"", ""dem_hydrology"": ""abstain""}"
NRIV-00431,"36 River Rd, Tuncester NSW",9.0,11.71,0.0,20.0,19.69,Dispatch,82,Send adjuster — major flood damage likely,Satellite data at 36 River Rd indicates 11.7ft depth; dispatch per 82% confidence.,0,0,0.0,"[{""factor"": ""SAR recency"", ""delta"": 8, ""reason"": ""Imagery 3d post-event \u2014 fresh""}, {""factor"": ""Depth certainty"", ""delta"": 12, ""reason"": ""Deep water (11.7ft) \u2014 unambiguous""}, {""factor"": ""Coverage coherence"", ""delta"": -3, ""reason"": ""9% coverage \u2014 ambiguous partial""}]",0,,"{""sar"": ""dry"", ""optical"": ""abstain"", ""dem_hydrology"": ""flood""}"
NRIV-00432,"179 Wyrallah Rd, Tuncester NSW",94.7,3.6,0.0,20.0,19.74,Dispatch,88,Send adjuster — major flood damage likely,Satellite data at 179 Wyrallah Rd indicates 3.6ft depth; dispatch per 88% confidence.,0,0,0.051,"[{""factor"": ""SAR recency"", ""delta"": 8, ""reason"": ""Imagery 3d post-event \u2014 fresh""}, {""factor"": ""Depth certainty"", ""delta"": 7, ""reason"": ""Moderate depth (3.6ft) \u2014 clear signal""}, {""factor"": ""Coverage coherence"", ""delta"": 8, ""reason"": ""95% coverage \u2014 extensive, coherent""}]",0,,"{""sar"": ""flood"", ""optical"": ""abstain"", ""dem_hydrology"": ""abstain""}"
NRIV-00433,"158 River Rd, Bungawalbin NSW",0.0,0.0,0.0,0.0,0.0,Remote-Deny,90,Deny remotely — no significant flooding detected by satellite,Satellite data at 158 River Rd indicates 0.0ft depth; remote-deny per 90% confidence.,0,0,0.0,"[{""factor"": ""SAR recency"", ""delta"": 8, ""reason"": ""Imagery 3d post-event \u2014 fresh""}, {""factor"": ""Depth certainty"", ""delta"": 10, ""reason"": ""Near-zero depth \u2014 confidently not flooded""}, {""factor"": ""Coverage coherence"", ""delta"": 7, ""reason"": ""0% coverage \u2014 confidently dry""}]",0,,"{""sar"": ""dry"", ""optical"": ""abstain"", ""dem_hydrology"": ""dry""}"
NRIV-00434,"56 Wyrallah Rd, Bungawalbin NSW",0.0,0.0,0.0,0.0,0.0,Remote-Deny,90,Deny remotely — no significant flooding detected by satellite,Satellite data at 56 Wyrallah Rd indicates 0.0ft depth; remote-deny per 90% confidence.,0,0,0.0,"[{""factor"": ""SAR recency"", ""delta"": 8, ""reason"": ""Imagery 3d post-event \u2014 fresh""}, {""factor"": ""Depth certainty"", ""delta"": 10, ""reason"": ""Near-zero depth \u2014 confidently not flooded""}, {""factor"": ""Coverage coherence"", ""delta"": 7, ""reason"": ""0% coverage \u2014 confidently dry""}]",0,,"{""sar"": ""dry"", ""optical"": ""abstain"", ""dem_hydrology"": ""dry""}"
NRIV-00435,"136 Codrington Rd, Bungawalbin NSW",100.0,2.26,0.0,20.0,19.69,Dispatch,88,Send adjuster — extensive property flooding detected,Satellite data at 136 Codrington Rd indicates 2.3ft depth; dispatch per 88% confidence.,0,0,0.0,"[{""factor"": ""SAR recency"", ""delta"": 8, ""reason"": ""Imagery 3d post-event \u2014 fresh""}, {""factor"": ""Depth certainty"", ""delta"": 7, ""reason"": ""Moderate depth (2.3ft) \u2014 clear signal""}, {""factor"": ""Coverage coherence"", ""delta"": 8, ""reason"": ""100% coverage \u2014 extensive, coherent""}]",0,,"{""sar"": ""flood"", ""optical"": ""abstain"", ""dem_hydrology"": ""flood""}"
NRIV-00436,"78 Richmond Tce, Bungawalbin NSW",0.0,0.0,0.0,0.0,0.0,Remote-Deny,90,Deny remotely — no significant flooding detected by satellite,Satellite data at 78 Richmond Tce indicates 0.0ft depth; remote-deny per 90% confidence.,0,0,0.0,"[{""factor"": ""SAR recency"", ""delta"": 8, ""reason"": ""Imagery 3d post-event \u2014 fresh""}, {""factor"": ""Depth certainty"", ""delta"": 10, ""reason"": ""Near-zero depth \u2014 confidently not flooded""}, {""factor"": ""Coverage coherence"", ""delta"": 7, ""reason"": ""0% coverage \u2014 confidently dry""}]",0,,"{""sar"": ""dry"", ""optical"": ""abstain"", ""dem_hydrology"": ""abstain""}"
NRIV-00437,"204 Bagotville Rd, Bungawalbin NSW",83.0,1.86,0.0,20.0,19.69,Dispatch,84,Send adjuster — extensive property flooding detected,Satellite data at 204 Bagotville Rd indicates 1.9ft depth; dispatch per 84% confidence.,0,0,0.0,"[{""factor"": ""SAR recency"", ""delta"": 8, ""reason"": ""Imagery 3d post-event \u2014 fresh""}, {""factor"": ""Depth certainty"", ""delta"": 3, ""reason"": ""Shallow-moderate depth (1.9ft)""}, {""factor"": ""Coverage coherence"", ""delta"": 8, ""reason"": ""83% coverage \u2014 extensive, coherent""}]",0,,"{""sar"": ""flood"", ""optical"": ""abstain"", ""dem_hydrology"": ""flood""}"
NRIV-00438,"128 Bagotville Rd, Bungawalbin NSW",100.0,2.84,0.0,20.0,19.69,Dispatch,88,Send adjuster — extensive property flooding detected,Satellite data at 128 Bagotville Rd indicates 2.8ft depth; dispatch per 88% confidence.,0,0,0.0,"[{""factor"": ""SAR recency"", ""delta"": 8, ""reason"": ""Imagery 3d post-event \u2014 fresh""}, {""factor"": ""Depth certainty"", ""delta"": 7, ""reason"": ""Moderate depth (2.8ft) \u2014 clear signal""}, {""factor"": ""Coverage coherence"", ""delta"": 8, ""reason"": ""100% coverage \u2014 extensive, coherent""}]",0,,"{""sar"": ""flood"", ""optical"": ""abstain"", ""dem_hydrology"": ""flood""}"
NRIV-00439,"148 Bridge St, Bungawalbin NSW",0.0,0.0,0.0,0.0,0.0,Remote-Deny,90,Deny remotely — no significant flooding detected by satellite,Satellite data at 148 Bridge St indicates 0.0ft depth; remote-deny per 90% confidence.,0,0,0.0,"[{""factor"": ""SAR recency"", ""delta"": 8, ""reason"": ""Imagery 3d post-event \u2014 fresh""}, {""factor"": ""Depth certainty"", ""delta"": 10, ""reason"": ""Near-zero depth \u2014 confidently not flooded""}, {""factor"": ""Coverage coherence"", ""delta"": 7, ""reason"": ""0% coverage \u2014 confidently dry""}]",0,,"{""sar"": ""dry"", ""optical"": ""abstain"", ""dem_hydrology"": ""dry""}"
NRIV-00440,"1 Bagotville Rd, Bungawalbin NSW",0.0,0.0,0.0,0.0,0.0,Remote-Deny,90,Deny remotely — no significant flooding detected by satellite,Satellite data at 1 Bagotville Rd indicates 0.0ft depth; remote-deny per 90% confidence.,0,0,0.0,"[{""factor"": ""SAR recency"", ""delta"": 8, ""reason"": ""Imagery 3d post-event \u2014 fresh""}, {""factor"": ""Depth certainty"", ""delta"": 10, ""reason"": ""Near-zero depth \u2014 confidently not flooded""}, {""factor"": ""Coverage coherence"", ""delta"": 7, ""reason"": ""0% coverage \u2014 confidently dry""}]",0,,"{""sar"": ""dry"", ""optical"": ""abstain"", ""dem_hydrology"": ""dry""}"
NRIV-00441,"48 Tuckombil Rd, Bungawalbin NSW",63.3,2.06,0.0,20.0,19.69,Dispatch,88,Send adjuster — extensive property flooding detected,Satellite data at 48 Tuckombil Rd indicates 2.1ft depth; dispatch per 88% confidence.,0,0,0.0,"[{""factor"": ""SAR recency"", ""delta"": 8, ""reason"": ""Imagery 3d post-event \u2014 fresh""}, {""factor"": ""Depth certainty"", ""delta"": 7, ""reason"": ""Moderate depth (2.1ft) \u2014 clear signal""}, {""factor"": ""Coverage coherence"", ""delta"": 8, ""reason"": ""63% coverage \u2014 extensive, coherent""}]",0,,"{""sar"": ""flood"", ""optical"": ""abstain"", ""dem_hydrology"": ""abstain""}"
NRIV-00442,"93 Richmond Tce, Bungawalbin NSW",100.0,5.49,0.0,20.0,19.75,Dispatch,93,Send adjuster — major flood damage likely,Satellite data at 93 Richmond Tce indicates 5.5ft depth; dispatch per 93% confidence.,0,0,0.0,"[{""factor"": ""SAR recency"", ""delta"": 8, ""reason"": ""Imagery 3d post-event \u2014 fresh""}, {""factor"": ""Depth certainty"", ""delta"": 12, ""reason"": ""Deep water (5.5ft) \u2014 unambiguous""}, {""factor"": ""Coverage coherence"", ""delta"": 8, ""reason"": ""100% coverage \u2014 extensive, coherent""}]",0,,"{""sar"": ""flood"", ""optical"": ""abstain"", ""dem_hydrology"": ""flood""}"
NRIV-00443,"202 Casino Rd, Broadwater NSW",100.0,1.81,0.0,20.0,19.69,Dispatch,84,Send adjuster — extensive property flooding detected,Satellite data at 202 Casino Rd indicates 1.8ft depth; dispatch per 84% confidence.,0,0,0.0,"[{""factor"": ""SAR recency"", ""delta"": 8, ""reason"": ""Imagery 3d post-event \u2014 fresh""}, {""factor"": ""Depth certainty"", ""delta"": 3, ""reason"": ""Shallow-moderate depth (1.8ft)""}, {""factor"": ""Coverage coherence"", ""delta"": 8, ""reason"": ""100% coverage \u2014 extensive, coherent""}]",0,,"{""sar"": ""flood"", ""optical"": ""abstain"", ""dem_hydrology"": ""flood""}"
NRIV-00444,"121 River Rd, Broadwater NSW",8.8,0.89,0.0,20.0,19.69,Review,66,Flag for manual review — borderline measurements or low confidence,Satellite data at 121 River Rd indicates 0.9ft depth; review per 66% confidence.,0,0,0.0,"[{""factor"": ""SAR recency"", ""delta"": 8, ""reason"": ""Imagery 3d post-event \u2014 fresh""}, {""factor"": ""Depth certainty"", ""delta"": -4, ""reason"": ""Shallow (0.9ft) \u2014 hardest to measure""}, {""factor"": ""Coverage coherence"", ""delta"": -3, ""reason"": ""9% coverage \u2014 ambiguous partial""}]",0,,"{""sar"": ""dry"", ""optical"": ""abstain"", ""dem_hydrology"": ""abstain""}"
NRIV-00445,"65 Wilson St, Broadwater NSW",100.0,1.32,0.0,20.0,19.69,Dispatch,84,Send adjuster — extensive property flooding detected,Satellite data at 65 Wilson St indicates 1.3ft depth; dispatch per 84% confidence.,0,0,0.0,"[{""factor"": ""SAR recency"", ""delta"": 8, ""reason"": ""Imagery 3d post-event \u2014 fresh""}, {""factor"": ""Depth certainty"", ""delta"": 3, ""reason"": ""Shallow-moderate depth (1.3ft)""}, {""factor"": ""Coverage coherence"", ""delta"": 8, ""reason"": ""100% coverage \u2014 extensive, coherent""}]",0,,"{""sar"": ""flood"", ""optical"": ""abstain"", ""dem_hydrology"": ""flood""}"
NRIV-00446,"89 Bridge St, Broadwater NSW",0.0,0.0,0.0,0.0,0.0,Remote-Deny,90,Deny remotely — no significant flooding detected by satellite,Satellite data at 89 Bridge St indicates 0.0ft depth; remote-deny per 90% confidence.,0,0,0.0,"[{""factor"": ""SAR recency"", ""delta"": 8, ""reason"": ""Imagery 3d post-event \u2014 fresh""}, {""factor"": ""Depth certainty"", ""delta"": 10, ""reason"": ""Near-zero depth \u2014 confidently not flooded""}, {""factor"": ""Coverage coherence"", ""delta"": 7, ""reason"": ""0% coverage \u2014 confidently dry""}]",0,,"{""sar"": ""dry"", ""optical"": ""abstain"", ""dem_hydrology"": ""abstain""}"
NRIV-00447,"198 Bagotville Rd, Broadwater NSW",0.0,0.0,0.0,0.0,0.0,Remote-Deny,90,Deny remotely — no significant flooding detected by satellite,Satellite data at 198 Bagotville Rd indicates 0.0ft depth; remote-deny per 90% confidence.,0,0,0.0,"[{""factor"": ""SAR recency"", ""delta"": 8, ""reason"": ""Imagery 3d post-event \u2014 fresh""}, {""factor"": ""Depth certainty"", ""delta"": 10, ""reason"": ""Near-zero depth \u2014 confidently not flooded""}, {""factor"": ""Coverage coherence"", ""delta"": 7, ""reason"": ""0% coverage \u2014 confidently dry""}]",0,,"{""sar"": ""dry"", ""optical"": ""abstain"", ""dem_hydrology"": ""dry""}"
NRIV-00448,"12 Pacific Hwy, Broadwater NSW",100.0,2.09,0.0,20.0,19.69,Dispatch,88,Send adjuster — extensive property flooding detected,Satellite data at 12 Pacific Hwy indicates 2.1ft depth; dispatch per 88% confidence.,0,0,0.0,"[{""factor"": ""SAR recency"", ""delta"": 8, ""reason"": ""Imagery 3d post-event \u2014 fresh""}, {""factor"": ""Depth certainty"", ""delta"": 7, ""reason"": ""Moderate depth (2.1ft) \u2014 clear signal""}, {""factor"": ""Coverage coherence"", ""delta"": 8, ""reason"": ""100% coverage \u2014 extensive, coherent""}]",0,,"{""sar"": ""flood"", ""optical"": ""abstain"", ""dem_hydrology"": ""flood""}"
NRIV-00449,"45 Tuckombil Rd, Broadwater NSW",100.0,5.26,0.0,20.0,19.7,Dispatch,93,Send adjuster — major flood damage likely,Satellite data at 45 Tuckombil Rd indicates 5.3ft depth; dispatch per 93% confidence.,0,0,0.0,"[{""factor"": ""SAR recency"", ""delta"": 8, ""reason"": ""Imagery 3d post-event \u2014 fresh""}, {""factor"": ""Depth certainty"", ""delta"": 12, ""reason"": ""Deep water (5.3ft) \u2014 unambiguous""}, {""factor"": ""Coverage coherence"", ""delta"": 8, ""reason"": ""100% coverage \u2014 extensive, coherent""}]",0,,"{""sar"": ""flood"", ""optical"": ""abstain"", ""dem_hydrology"": ""flood""}"
NRIV-00450,"162 Wyrallah Rd, Broadwater NSW",0.0,0.0,0.0,0.0,0.0,Remote-Deny,90,Deny remotely — no significant flooding detected by satellite,Satellite data at 162 Wyrallah Rd indicates 0.0ft depth; remote-deny per 90% confidence.,0,0,0.0,"[{""factor"": ""SAR recency"", ""delta"": 8, ""reason"": ""Imagery 3d post-event \u2014 fresh""}, {""factor"": ""Depth certainty"", ""delta"": 10, ""reason"": ""Near-zero depth \u2014 confidently not flooded""}, {""factor"": ""Coverage coherence"", ""delta"": 7, ""reason"": ""0% coverage \u2014 confidently dry""}]",0,,"{""sar"": ""dry"", ""optical"": ""abstain"", ""dem_hydrology"": ""dry""}"
NRIV-00451,"199 Molesworth St, Tuncester NSW",0.0,0.0,0.0,0.0,0.0,Remote-Deny,90,Deny remotely — no significant flooding detected by satellite,Satellite data at 199 Molesworth St indicates 0.0ft depth; remote-deny per 90% confidence.,0,1,0.0881,"[{""factor"": ""SAR recency"", ""delta"": 8, ""reason"": ""Imagery 3d post-event \u2014 fresh""}, {""factor"": ""Depth certainty"", ""delta"": 10, ""reason"": ""Near-zero depth \u2014 confidently not flooded""}, {""factor"": ""Coverage coherence"", ""delta"": 7, ""reason"": ""0% coverage \u2014 confidently dry""}]",0,,"{""sar"": ""dry"", ""optical"": ""abstain"", ""dem_hydrology"": ""flood""}"
NRIV-00452,"203 Bridge St, Tuncester NSW",0.0,0.0,0.0,0.0,0.0,Remote-Deny,90,Deny remotely — no significant flooding detected by satellite,Satellite data at 203 Bridge St indicates 0.0ft depth; remote-deny per 90% confidence.,0,0,0.0,"[{""factor"": ""SAR recency"", ""delta"": 8, ""reason"": ""Imagery 3d post-event \u2014 fresh""}, {""factor"": ""Depth certainty"", ""delta"": 10, ""reason"": ""Near-zero depth \u2014 confidently not flooded""}, {""factor"": ""Coverage coherence"", ""delta"": 7, ""reason"": ""0% coverage \u2014 confidently dry""}]",0,,"{""sar"": ""dry"", ""optical"": ""abstain"", ""dem_hydrology"": ""abstain""}"
NRIV-00453,"80 Casino Rd, Tuncester NSW",0.0,0.0,0.0,0.0,0.0,Review,90,Flag for manual review — independent sensors (SAR/optical/DEM) disagree,Satellite data at 80 Casino Rd indicates 0.0ft depth; review per 90% confidence.,0,1,0.2117,"[{""factor"": ""SAR recency"", ""delta"": 8, ""reason"": ""Imagery 3d post-event \u2014 fresh""}, {""factor"": ""Depth certainty"", ""delta"": 10, ""reason"": ""Near-zero depth \u2014 confidently not flooded""}, {""factor"": ""Coverage coherence"", ""delta"": 7, ""reason"": ""0% coverage \u2014 confidently dry""}]",1,"Sensors disagree: optical indicate flooding while SAR, DEM-hydrology indicate dry/implausible — routed to manual review.","{""sar"": ""dry"", ""optical"": ""flood"", ""dem_hydrology"": ""dry""}"
NRIV-00454,"122 Mill Rd, Tuncester NSW",0.0,0.0,0.0,0.0,0.0,Remote-Deny,90,Deny remotely — no significant flooding detected by satellite,Satellite data at 122 Mill Rd indicates 0.0ft depth; remote-deny per 90% confidence.,0,0,0.1612,"[{""factor"": ""SAR recency"", ""delta"": 8, ""reason"": ""Imagery 3d post-event \u2014 fresh""}, {""factor"": ""Depth certainty"", ""delta"": 10, ""reason"": ""Near-zero depth \u2014 confidently not flooded""}, {""factor"": ""Coverage coherence"", ""delta"": 7, ""reason"": ""0% coverage \u2014 confidently dry""}]",0,,"{""sar"": ""dry"", ""optical"": ""abstain"", ""dem_hydrology"": ""flood""}"
NRIV-00455,"74 Pacific Hwy, Tuncester NSW",0.0,0.0,0.0,0.0,0.0,Remote-Deny,90,Deny remotely — no significant flooding detected by satellite,Satellite data at 74 Pacific Hwy indicates 0.0ft depth; remote-deny per 90% confidence.,0,0,0.0701,"[{""factor"": ""SAR recency"", ""delta"": 8, ""reason"": ""Imagery 3d post-event \u2014 fresh""}, {""factor"": ""Depth certainty"", ""delta"": 10, ""reason"": ""Near-zero depth \u2014 confidently not flooded""}, {""factor"": ""Coverage coherence"", ""delta"": 7, ""reason"": ""0% coverage \u2014 confidently dry""}]",0,,"{""sar"": ""dry"", ""optical"": ""abstain"", ""dem_hydrology"": ""abstain""}"
NRIV-00456,"168 Pacific Hwy, Tuncester NSW",0.0,0.0,0.0,0.0,0.0,Remote-Deny,90,Deny remotely — no significant flooding detected by satellite,Satellite data at 168 Pacific Hwy indicates 0.0ft depth; remote-deny per 90% confidence.,0,0,0.0,"[{""factor"": ""SAR recency"", ""delta"": 8, ""reason"": ""Imagery 3d post-event \u2014 fresh""}, {""factor"": ""Depth certainty"", ""delta"": 10, ""reason"": ""Near-zero depth \u2014 confidently not flooded""}, {""factor"": ""Coverage coherence"", ""delta"": 7, ""reason"": ""0% coverage \u2014 confidently dry""}]",0,,"{""sar"": ""dry"", ""optical"": ""abstain"", ""dem_hydrology"": ""dry""}"
NRIV-00457,"112 Codrington Rd, Tuncester NSW",0.0,0.0,0.0,0.0,0.0,Remote-Deny,90,Deny remotely — no significant flooding detected by satellite,Satellite data at 112 Codrington Rd indicates 0.0ft depth; remote-deny per 90% confidence.,0,0,0.0,"[{""factor"": ""SAR recency"", ""delta"": 8, ""reason"": ""Imagery 3d post-event \u2014 fresh""}, {""factor"": ""Depth certainty"", ""delta"": 10, ""reason"": ""Near-zero depth \u2014 confidently not flooded""}, {""factor"": ""Coverage coherence"", ""delta"": 7, ""reason"": ""0% coverage \u2014 confidently dry""}]",0,,"{""sar"": ""dry"", ""optical"": ""abstain"", ""dem_hydrology"": ""dry""}"
NRIV-00458,"99 Pacific Hwy, Tuncester NSW",0.0,0.0,0.0,0.0,0.0,Remote-Deny,90,Deny remotely — no significant flooding detected by satellite,Satellite data at 99 Pacific Hwy indicates 0.0ft depth; remote-deny per 90% confidence.,0,0,0.0,"[{""factor"": ""SAR recency"", ""delta"": 8, ""reason"": ""Imagery 3d post-event \u2014 fresh""}, {""factor"": ""Depth certainty"", ""delta"": 10, ""reason"": ""Near-zero depth \u2014 confidently not flooded""}, {""factor"": ""Coverage coherence"", ""delta"": 7, ""reason"": ""0% coverage \u2014 confidently dry""}]",0,,"{""sar"": ""dry"", ""optical"": ""abstain"", ""dem_hydrology"": ""dry""}"
NRIV-00459,"128 Pacific Hwy, Bungawalbin NSW",0.0,0.0,0.0,0.0,0.0,Remote-Deny,90,Deny remotely — no significant flooding detected by satellite,Satellite data at 128 Pacific Hwy indicates 0.0ft depth; remote-deny per 90% confidence.,0,0,0.0,"[{""factor"": ""SAR recency"", ""delta"": 8, ""reason"": ""Imagery 3d post-event \u2014 fresh""}, {""factor"": ""Depth certainty"", ""delta"": 10, ""reason"": ""Near-zero depth \u2014 confidently not flooded""}, {""factor"": ""Coverage coherence"", ""delta"": 7, ""reason"": ""0% coverage \u2014 confidently dry""}]",0,,"{""sar"": ""dry"", ""optical"": ""abstain"", ""dem_hydrology"": ""abstain""}"
NRIV-00460,"206 Richmond Tce, Bungawalbin NSW",73.8,2.17,0.0,20.0,19.69,Dispatch,88,Send adjuster — extensive property flooding detected,Satellite data at 206 Richmond Tce indicates 2.2ft depth; dispatch per 88% confidence.,0,0,0.0,"[{""factor"": ""SAR recency"", ""delta"": 8, ""reason"": ""Imagery 3d post-event \u2014 fresh""}, {""factor"": ""Depth certainty"", ""delta"": 7, ""reason"": ""Moderate depth (2.2ft) \u2014 clear signal""}, {""factor"": ""Coverage coherence"", ""delta"": 8, ""reason"": ""74% coverage \u2014 extensive, coherent""}]",0,,"{""sar"": ""flood"", ""optical"": ""abstain"", ""dem_hydrology"": ""flood""}"
NRIV-00461,"155 Wyrallah Rd, Bungawalbin NSW",13.2,0.48,0.0,20.0,19.69,Review,63,Flag for manual review — borderline measurements or low confidence,Satellite data at 155 Wyrallah Rd indicates 0.5ft depth; review per 63% confidence.,0,0,0.0,"[{""factor"": ""SAR recency"", ""delta"": 8, ""reason"": ""Imagery 3d post-event \u2014 fresh""}, {""factor"": ""Depth certainty"", ""delta"": -7, ""reason"": ""Very shallow (0.5ft) \u2014 most uncertain""}, {""factor"": ""Coverage coherence"", ""delta"": -3, ""reason"": ""13% coverage \u2014 ambiguous partial""}]",0,,"{""sar"": ""flood"", ""optical"": ""abstain"", ""dem_hydrology"": ""flood""}"
NRIV-00462,"21 Pacific Hwy, Bungawalbin NSW",23.8,3.12,0.0,20.0,19.69,Dispatch,77,Send adjuster — major flood damage likely,Satellite data at 21 Pacific Hwy indicates 3.1ft depth; dispatch per 77% confidence.,0,0,0.0,"[{""factor"": ""SAR recency"", ""delta"": 8, ""reason"": ""Imagery 3d post-event \u2014 fresh""}, {""factor"": ""Depth certainty"", ""delta"": 7, ""reason"": ""Moderate depth (3.1ft) \u2014 clear signal""}, {""factor"": ""Coverage coherence"", ""delta"": -3, ""reason"": ""24% coverage \u2014 ambiguous partial""}]",0,,"{""sar"": ""flood"", ""optical"": ""abstain"", ""dem_hydrology"": ""abstain""}"
NRIV-00463,"155 Wilson St, Bungawalbin NSW",0.0,0.0,0.0,0.0,0.0,Remote-Deny,90,Deny remotely — no significant flooding detected by satellite,Satellite data at 155 Wilson St indicates 0.0ft depth; remote-deny per 90% confidence.,0,0,0.0,"[{""factor"": ""SAR recency"", ""delta"": 8, ""reason"": ""Imagery 3d post-event \u2014 fresh""}, {""factor"": ""Depth certainty"", ""delta"": 10, ""reason"": ""Near-zero depth \u2014 confidently not flooded""}, {""factor"": ""Coverage coherence"", ""delta"": 7, ""reason"": ""0% coverage \u2014 confidently dry""}]",0,,"{""sar"": ""dry"", ""optical"": ""abstain"", ""dem_hydrology"": ""abstain""}"
NRIV-00464,"90 Molesworth St, Bungawalbin NSW",0.0,0.0,0.0,0.0,0.0,Remote-Deny,90,Deny remotely — no significant flooding detected by satellite,Satellite data at 90 Molesworth St indicates 0.0ft depth; remote-deny per 90% confidence.,0,0,0.0,"[{""factor"": ""SAR recency"", ""delta"": 8, ""reason"": ""Imagery 3d post-event \u2014 fresh""}, {""factor"": ""Depth certainty"", ""delta"": 10, ""reason"": ""Near-zero depth \u2014 confidently not flooded""}, {""factor"": ""Coverage coherence"", ""delta"": 7, ""reason"": ""0% coverage \u2014 confidently dry""}]",0,,"{""sar"": ""dry"", ""optical"": ""abstain"", ""dem_hydrology"": ""dry""}"
NRIV-00465,"91 Bagotville Rd, Bungawalbin NSW",100.0,2.7,0.0,20.0,19.7,Dispatch,88,Send adjuster — extensive property flooding detected,Satellite data at 91 Bagotville Rd indicates 2.7ft depth; dispatch per 88% confidence.,0,0,0.0,"[{""factor"": ""SAR recency"", ""delta"": 8, ""reason"": ""Imagery 3d post-event \u2014 fresh""}, {""factor"": ""Depth certainty"", ""delta"": 7, ""reason"": ""Moderate depth (2.7ft) \u2014 clear signal""}, {""factor"": ""Coverage coherence"", ""delta"": 8, ""reason"": ""100% coverage \u2014 extensive, coherent""}]",0,,"{""sar"": ""flood"", ""optical"": ""abstain"", ""dem_hydrology"": ""flood""}"
NRIV-00466,"203 River Rd, Bungawalbin NSW",0.0,0.0,0.0,0.0,0.0,Remote-Deny,90,Deny remotely — no significant flooding detected by satellite,Satellite data at 203 River Rd indicates 0.0ft depth; remote-deny per 90% confidence.,0,0,0.0,"[{""factor"": ""SAR recency"", ""delta"": 8, ""reason"": ""Imagery 3d post-event \u2014 fresh""}, {""factor"": ""Depth certainty"", ""delta"": 10, ""reason"": ""Near-zero depth \u2014 confidently not flooded""}, {""factor"": ""Coverage coherence"", ""delta"": 7, ""reason"": ""0% coverage \u2014 confidently dry""}]",0,,"{""sar"": ""dry"", ""optical"": ""abstain"", ""dem_hydrology"": ""abstain""}"
NRIV-00467,"94 Casino Rd, Bungawalbin NSW",0.0,0.0,0.0,0.0,0.0,Remote-Deny,90,Deny remotely — no significant flooding detected by satellite,Satellite data at 94 Casino Rd indicates 0.0ft depth; remote-deny per 90% confidence.,0,0,0.0,"[{""factor"": ""SAR recency"", ""delta"": 8, ""reason"": ""Imagery 3d post-event \u2014 fresh""}, {""factor"": ""Depth certainty"", ""delta"": 10, ""reason"": ""Near-zero depth \u2014 confidently not flooded""}, {""factor"": ""Coverage coherence"", ""delta"": 7, ""reason"": ""0% coverage \u2014 confidently dry""}]",0,,"{""sar"": ""dry"", ""optical"": ""abstain"", ""dem_hydrology"": ""dry""}"
NRIV-00468,"8 Wyrallah Rd, Broadwater NSW",100.0,1.45,0.0,20.0,19.69,Dispatch,84,Send adjuster — extensive property flooding detected,Satellite data at 8 Wyrallah Rd indicates 1.4ft depth; dispatch per 84% confidence.,0,0,0.0,"[{""factor"": ""SAR recency"", ""delta"": 8, ""reason"": ""Imagery 3d post-event \u2014 fresh""}, {""factor"": ""Depth certainty"", ""delta"": 3, ""reason"": ""Shallow-moderate depth (1.4ft)""}, {""factor"": ""Coverage coherence"", ""delta"": 8, ""reason"": ""100% coverage \u2014 extensive, coherent""}]",0,,"{""sar"": ""flood"", ""optical"": ""abstain"", ""dem_hydrology"": ""flood""}"
NRIV-00469,"113 River Rd, Broadwater NSW",0.0,0.0,0.0,0.0,0.0,Remote-Deny,90,Deny remotely — no significant flooding detected by satellite,Satellite data at 113 River Rd indicates 0.0ft depth; remote-deny per 90% confidence.,0,0,0.0,"[{""factor"": ""SAR recency"", ""delta"": 8, ""reason"": ""Imagery 3d post-event \u2014 fresh""}, {""factor"": ""Depth certainty"", ""delta"": 10, ""reason"": ""Near-zero depth \u2014 confidently not flooded""}, {""factor"": ""Coverage coherence"", ""delta"": 7, ""reason"": ""0% coverage \u2014 confidently dry""}]",0,,"{""sar"": ""dry"", ""optical"": ""abstain"", ""dem_hydrology"": ""dry""}"
NRIV-00470,"166 Pacific Hwy, Broadwater NSW",0.0,0.0,0.0,0.0,0.0,Remote-Deny,90,Deny remotely — no significant flooding detected by satellite,Satellite data at 166 Pacific Hwy indicates 0.0ft depth; remote-deny per 90% confidence.,0,0,0.0,"[{""factor"": ""SAR recency"", ""delta"": 8, ""reason"": ""Imagery 3d post-event \u2014 fresh""}, {""factor"": ""Depth certainty"", ""delta"": 10, ""reason"": ""Near-zero depth \u2014 confidently not flooded""}, {""factor"": ""Coverage coherence"", ""delta"": 7, ""reason"": ""0% coverage \u2014 confidently dry""}]",0,,"{""sar"": ""dry"", ""optical"": ""abstain"", ""dem_hydrology"": ""dry""}"
NRIV-00471,"9 Bagotville Rd, Broadwater NSW",100.0,2.66,0.0,20.0,19.69,Dispatch,88,Send adjuster — extensive property flooding detected,Satellite data at 9 Bagotville Rd indicates 2.7ft depth; dispatch per 88% confidence.,0,0,0.0,"[{""factor"": ""SAR recency"", ""delta"": 8, ""reason"": ""Imagery 3d post-event \u2014 fresh""}, {""factor"": ""Depth certainty"", ""delta"": 7, ""reason"": ""Moderate depth (2.7ft) \u2014 clear signal""}, {""factor"": ""Coverage coherence"", ""delta"": 8, ""reason"": ""100% coverage \u2014 extensive, coherent""}]",0,,"{""sar"": ""flood"", ""optical"": ""abstain"", ""dem_hydrology"": ""flood""}"
NRIV-00472,"95 Pacific Hwy, Broadwater NSW",33.7,2.39,0.0,20.0,19.69,Review,77,Flag for manual review — borderline measurements or low confidence,Satellite data at 95 Pacific Hwy indicates 2.4ft depth; review per 77% confidence.,0,0,0.0,"[{""factor"": ""SAR recency"", ""delta"": 8, ""reason"": ""Imagery 3d post-event \u2014 fresh""}, {""factor"": ""Depth certainty"", ""delta"": 7, ""reason"": ""Moderate depth (2.4ft) \u2014 clear signal""}, {""factor"": ""Coverage coherence"", ""delta"": -3, ""reason"": ""34% coverage \u2014 ambiguous partial""}]",0,,"{""sar"": ""flood"", ""optical"": ""abstain"", ""dem_hydrology"": ""abstain""}"
NRIV-00473,"36 Casino Rd, Broadwater NSW",0.0,0.0,0.0,0.0,0.0,Remote-Deny,90,Deny remotely — no significant flooding detected by satellite,Satellite data at 36 Casino Rd indicates 0.0ft depth; remote-deny per 90% confidence.,0,0,0.0,"[{""factor"": ""SAR recency"", ""delta"": 8, ""reason"": ""Imagery 3d post-event \u2014 fresh""}, {""factor"": ""Depth certainty"", ""delta"": 10, ""reason"": ""Near-zero depth \u2014 confidently not flooded""}, {""factor"": ""Coverage coherence"", ""delta"": 7, ""reason"": ""0% coverage \u2014 confidently dry""}]",0,,"{""sar"": ""dry"", ""optical"": ""abstain"", ""dem_hydrology"": ""dry""}"
NRIV-00474,"72 Bridge St, Broadwater NSW",0.0,0.0,0.0,0.0,0.0,Remote-Deny,90,Deny remotely — no significant flooding detected by satellite,Satellite data at 72 Bridge St indicates 0.0ft depth; remote-deny per 90% confidence.,0,0,0.0,"[{""factor"": ""SAR recency"", ""delta"": 8, ""reason"": ""Imagery 3d post-event \u2014 fresh""}, {""factor"": ""Depth certainty"", ""delta"": 10, ""reason"": ""Near-zero depth \u2014 confidently not flooded""}, {""factor"": ""Coverage coherence"", ""delta"": 7, ""reason"": ""0% coverage \u2014 confidently dry""}]",0,,"{""sar"": ""dry"", ""optical"": ""abstain"", ""dem_hydrology"": ""dry""}"
NRIV-00475,"48 Molesworth St, Broadwater NSW",0.0,0.0,0.0,0.0,0.0,Remote-Deny,90,Deny remotely — no significant flooding detected by satellite,Satellite data at 48 Molesworth St indicates 0.0ft depth; remote-deny per 90% confidence.,0,0,0.0,"[{""factor"": ""SAR recency"", ""delta"": 8, ""reason"": ""Imagery 3d post-event \u2014 fresh""}, {""factor"": ""Depth certainty"", ""delta"": 10, ""reason"": ""Near-zero depth \u2014 confidently not flooded""}, {""factor"": ""Coverage coherence"", ""delta"": 7, ""reason"": ""0% coverage \u2014 confidently dry""}]",0,,"{""sar"": ""dry"", ""optical"": ""abstain"", ""dem_hydrology"": ""dry""}"
NRIV-00476,"31 Mill Rd, Tuncester NSW",0.0,0.0,0.0,0.0,0.0,Review,90,Flag for manual review — independent sensors (SAR/optical/DEM) disagree,Satellite data at 31 Mill Rd indicates 0.0ft depth; review per 90% confidence.,0,1,0.9694,"[{""factor"": ""SAR recency"", ""delta"": 8, ""reason"": ""Imagery 3d post-event \u2014 fresh""}, {""factor"": ""Depth certainty"", ""delta"": 10, ""reason"": ""Near-zero depth \u2014 confidently not flooded""}, {""factor"": ""Coverage coherence"", ""delta"": 7, ""reason"": ""0% coverage \u2014 confidently dry""}]",1,Sensors disagree: optical indicate flooding while SAR indicate dry/implausible — routed to manual review.,"{""sar"": ""dry"", ""optical"": ""flood"", ""dem_hydrology"": ""abstain""}"
NRIV-00477,"55 Bagotville Rd, Tuncester NSW",0.0,0.0,0.0,0.0,0.0,Remote-Deny,90,Deny remotely — no significant flooding detected by satellite,Satellite data at 55 Bagotville Rd indicates 0.0ft depth; remote-deny per 90% confidence.,0,0,0.0,"[{""factor"": ""SAR recency"", ""delta"": 8, ""reason"": ""Imagery 3d post-event \u2014 fresh""}, {""factor"": ""Depth certainty"", ""delta"": 10, ""reason"": ""Near-zero depth \u2014 confidently not flooded""}, {""factor"": ""Coverage coherence"", ""delta"": 7, ""reason"": ""0% coverage \u2014 confidently dry""}]",0,,"{""sar"": ""dry"", ""optical"": ""abstain"", ""dem_hydrology"": ""dry""}"
NRIV-00478,"126 Bridge St, Tuncester NSW",0.0,0.0,0.0,0.0,0.0,Remote-Deny,90,Deny remotely — no significant flooding detected by satellite,Satellite data at 126 Bridge St indicates 0.0ft depth; remote-deny per 90% confidence.,0,0,0.0016,"[{""factor"": ""SAR recency"", ""delta"": 8, ""reason"": ""Imagery 3d post-event \u2014 fresh""}, {""factor"": ""Depth certainty"", ""delta"": 10, ""reason"": ""Near-zero depth \u2014 confidently not flooded""}, {""factor"": ""Coverage coherence"", ""delta"": 7, ""reason"": ""0% coverage \u2014 confidently dry""}]",0,,"{""sar"": ""dry"", ""optical"": ""abstain"", ""dem_hydrology"": ""flood""}"
NRIV-00479,"116 Wyrallah Rd, Tuncester NSW",0.0,0.0,0.0,0.0,0.0,Remote-Deny,90,Deny remotely — no significant flooding detected by satellite,Satellite data at 116 Wyrallah Rd indicates 0.0ft depth; remote-deny per 90% confidence.,0,0,0.0,"[{""factor"": ""SAR recency"", ""delta"": 8, ""reason"": ""Imagery 3d post-event \u2014 fresh""}, {""factor"": ""Depth certainty"", ""delta"": 10, ""reason"": ""Near-zero depth \u2014 confidently not flooded""}, {""factor"": ""Coverage coherence"", ""delta"": 7, ""reason"": ""0% coverage \u2014 confidently dry""}]",0,,"{""sar"": ""dry"", ""optical"": ""abstain"", ""dem_hydrology"": ""flood""}"
NRIV-00480,"23 Tuckombil Rd, Tuncester NSW",0.0,0.0,0.0,0.0,0.0,Remote-Deny,90,Deny remotely — no significant flooding detected by satellite,Satellite data at 23 Tuckombil Rd indicates 0.0ft depth; remote-deny per 90% confidence.,0,0,0.0,"[{""factor"": ""SAR recency"", ""delta"": 8, ""reason"": ""Imagery 3d post-event \u2014 fresh""}, {""factor"": ""Depth certainty"", ""delta"": 10, ""reason"": ""Near-zero depth \u2014 confidently not flooded""}, {""factor"": ""Coverage coherence"", ""delta"": 7, ""reason"": ""0% coverage \u2014 confidently dry""}]",0,,"{""sar"": ""dry"", ""optical"": ""abstain"", ""dem_hydrology"": ""flood""}"
NRIV-00481,"171 Pacific Hwy, Tuncester NSW",0.0,0.0,0.0,0.0,0.0,Remote-Deny,90,Deny remotely — no significant flooding detected by satellite,Satellite data at 171 Pacific Hwy indicates 0.0ft depth; remote-deny per 90% confidence.,0,0,0.0,"[{""factor"": ""SAR recency"", ""delta"": 8, ""reason"": ""Imagery 3d post-event \u2014 fresh""}, {""factor"": ""Depth certainty"", ""delta"": 10, ""reason"": ""Near-zero depth \u2014 confidently not flooded""}, {""factor"": ""Coverage coherence"", ""delta"": 7, ""reason"": ""0% coverage \u2014 confidently dry""}]",0,,"{""sar"": ""dry"", ""optical"": ""abstain"", ""dem_hydrology"": ""abstain""}"
NRIV-00482,"75 Mill Rd, Tuncester NSW",0.0,0.0,0.0,0.0,0.0,Remote-Deny,90,Deny remotely — no significant flooding detected by satellite,Satellite data at 75 Mill Rd indicates 0.0ft depth; remote-deny per 90% confidence.,0,0,0.0,"[{""factor"": ""SAR recency"", ""delta"": 8, ""reason"": ""Imagery 3d post-event \u2014 fresh""}, {""factor"": ""Depth certainty"", ""delta"": 10, ""reason"": ""Near-zero depth \u2014 confidently not flooded""}, {""factor"": ""Coverage coherence"", ""delta"": 7, ""reason"": ""0% coverage \u2014 confidently dry""}]",0,,"{""sar"": ""dry"", ""optical"": ""abstain"", ""dem_hydrology"": ""dry""}"
NRIV-00483,"180 Tuckombil Rd, Tuncester NSW",0.0,0.0,0.0,0.0,0.0,Remote-Deny,90,Deny remotely — no significant flooding detected by satellite,Satellite data at 180 Tuckombil Rd indicates 0.0ft depth; remote-deny per 90% confidence.,0,0,0.0,"[{""factor"": ""SAR recency"", ""delta"": 8, ""reason"": ""Imagery 3d post-event \u2014 fresh""}, {""factor"": ""Depth certainty"", ""delta"": 10, ""reason"": ""Near-zero depth \u2014 confidently not flooded""}, {""factor"": ""Coverage coherence"", ""delta"": 7, ""reason"": ""0% coverage \u2014 confidently dry""}]",0,,"{""sar"": ""dry"", ""optical"": ""abstain"", ""dem_hydrology"": ""flood""}"
NRIV-00484,"58 Richmond Tce, Tuncester NSW",93.1,1.71,0.0,20.0,19.69,Dispatch,84,Send adjuster — extensive property flooding detected,Satellite data at 58 Richmond Tce indicates 1.7ft depth; dispatch per 84% confidence.,0,0,0.0,"[{""factor"": ""SAR recency"", ""delta"": 8, ""reason"": ""Imagery 3d post-event \u2014 fresh""}, {""factor"": ""Depth certainty"", ""delta"": 3, ""reason"": ""Shallow-moderate depth (1.7ft)""}, {""factor"": ""Coverage coherence"", ""delta"": 8, ""reason"": ""93% coverage \u2014 extensive, coherent""}]",0,,"{""sar"": ""flood"", ""optical"": ""abstain"", ""dem_hydrology"": ""flood""}"
NRIV-00485,"61 Molesworth St, Bungawalbin NSW",100.0,2.8,0.0,20.0,19.69,Dispatch,88,Send adjuster — extensive property flooding detected,Satellite data at 61 Molesworth St indicates 2.8ft depth; dispatch per 88% confidence.,0,0,0.0,"[{""factor"": ""SAR recency"", ""delta"": 8, ""reason"": ""Imagery 3d post-event \u2014 fresh""}, {""factor"": ""Depth certainty"", ""delta"": 7, ""reason"": ""Moderate depth (2.8ft) \u2014 clear signal""}, {""factor"": ""Coverage coherence"", ""delta"": 8, ""reason"": ""100% coverage \u2014 extensive, coherent""}]",0,,"{""sar"": ""flood"", ""optical"": ""abstain"", ""dem_hydrology"": ""flood""}"
NRIV-00486,"95 Molesworth St, Bungawalbin NSW",0.0,0.0,0.0,0.0,0.0,Remote-Deny,90,Deny remotely — no significant flooding detected by satellite,Satellite data at 95 Molesworth St indicates 0.0ft depth; remote-deny per 90% confidence.,0,0,0.0,"[{""factor"": ""SAR recency"", ""delta"": 8, ""reason"": ""Imagery 3d post-event \u2014 fresh""}, {""factor"": ""Depth certainty"", ""delta"": 10, ""reason"": ""Near-zero depth \u2014 confidently not flooded""}, {""factor"": ""Coverage coherence"", ""delta"": 7, ""reason"": ""0% coverage \u2014 confidently dry""}]",0,,"{""sar"": ""dry"", ""optical"": ""abstain"", ""dem_hydrology"": ""dry""}"
NRIV-00487,"157 Richmond Tce, Bungawalbin NSW",96.2,4.03,0.0,20.0,19.7,Dispatch,93,Send adjuster — major flood damage likely,Satellite data at 157 Richmond Tce indicates 4.0ft depth; dispatch per 93% confidence.,0,0,0.0,"[{""factor"": ""SAR recency"", ""delta"": 8, ""reason"": ""Imagery 3d post-event \u2014 fresh""}, {""factor"": ""Depth certainty"", ""delta"": 12, ""reason"": ""Deep water (4.0ft) \u2014 unambiguous""}, {""factor"": ""Coverage coherence"", ""delta"": 8, ""reason"": ""96% coverage \u2014 extensive, coherent""}]",0,,"{""sar"": ""flood"", ""optical"": ""abstain"", ""dem_hydrology"": ""flood""}"
NRIV-00488,"184 Wilson St, Bungawalbin NSW",100.0,3.71,0.0,20.0,19.7,Dispatch,88,Send adjuster — major flood damage likely,Satellite data at 184 Wilson St indicates 3.7ft depth; dispatch per 88% confidence.,0,0,0.0,"[{""factor"": ""SAR recency"", ""delta"": 8, ""reason"": ""Imagery 3d post-event \u2014 fresh""}, {""factor"": ""Depth certainty"", ""delta"": 7, ""reason"": ""Moderate depth (3.7ft) \u2014 clear signal""}, {""factor"": ""Coverage coherence"", ""delta"": 8, ""reason"": ""100% coverage \u2014 extensive, coherent""}]",0,,"{""sar"": ""flood"", ""optical"": ""abstain"", ""dem_hydrology"": ""flood""}"
NRIV-00489,"105 Bagotville Rd, Bungawalbin NSW",0.0,0.0,0.0,0.0,0.0,Remote-Deny,90,Deny remotely — no significant flooding detected by satellite,Satellite data at 105 Bagotville Rd indicates 0.0ft depth; remote-deny per 90% confidence.,0,0,0.0,"[{""factor"": ""SAR recency"", ""delta"": 8, ""reason"": ""Imagery 3d post-event \u2014 fresh""}, {""factor"": ""Depth certainty"", ""delta"": 10, ""reason"": ""Near-zero depth \u2014 confidently not flooded""}, {""factor"": ""Coverage coherence"", ""delta"": 7, ""reason"": ""0% coverage \u2014 confidently dry""}]",0,,"{""sar"": ""dry"", ""optical"": ""abstain"", ""dem_hydrology"": ""dry""}"
NRIV-00490,"165 Richmond Tce, Bungawalbin NSW",0.0,0.0,0.0,0.0,0.0,Remote-Deny,90,Deny remotely — no significant flooding detected by satellite,Satellite data at 165 Richmond Tce indicates 0.0ft depth; remote-deny per 90% confidence.,0,0,0.0,"[{""factor"": ""SAR recency"", ""delta"": 8, ""reason"": ""Imagery 3d post-event \u2014 fresh""}, {""factor"": ""Depth certainty"", ""delta"": 10, ""reason"": ""Near-zero depth \u2014 confidently not flooded""}, {""factor"": ""Coverage coherence"", ""delta"": 7, ""reason"": ""0% coverage \u2014 confidently dry""}]",0,,"{""sar"": ""dry"", ""optical"": ""abstain"", ""dem_hydrology"": ""dry""}"
NRIV-00491,"89 Wyrallah Rd, Bungawalbin NSW",0.0,0.0,0.0,0.0,0.0,Remote-Deny,90,Deny remotely — no significant flooding detected by satellite,Satellite data at 89 Wyrallah Rd indicates 0.0ft depth; remote-deny per 90% confidence.,0,0,0.0,"[{""factor"": ""SAR recency"", ""delta"": 8, ""reason"": ""Imagery 3d post-event \u2014 fresh""}, {""factor"": ""Depth certainty"", ""delta"": 10, ""reason"": ""Near-zero depth \u2014 confidently not flooded""}, {""factor"": ""Coverage coherence"", ""delta"": 7, ""reason"": ""0% coverage \u2014 confidently dry""}]",0,,"{""sar"": ""dry"", ""optical"": ""abstain"", ""dem_hydrology"": ""abstain""}"
NRIV-00492,"164 Bagotville Rd, Bungawalbin NSW",0.0,0.0,0.0,0.0,0.0,Remote-Deny,90,Deny remotely — no significant flooding detected by satellite,Satellite data at 164 Bagotville Rd indicates 0.0ft depth; remote-deny per 90% confidence.,0,0,0.0,"[{""factor"": ""SAR recency"", ""delta"": 8, ""reason"": ""Imagery 3d post-event \u2014 fresh""}, {""factor"": ""Depth certainty"", ""delta"": 10, ""reason"": ""Near-zero depth \u2014 confidently not flooded""}, {""factor"": ""Coverage coherence"", ""delta"": 7, ""reason"": ""0% coverage \u2014 confidently dry""}]",0,,"{""sar"": ""dry"", ""optical"": ""abstain"", ""dem_hydrology"": ""dry""}"
NRIV-00493,"111 Casino Rd, Broadwater NSW",41.9,4.07,0.0,20.0,19.69,Review,89,Flag for manual review — independent sensors (SAR/optical/DEM) disagree,Satellite data at 111 Casino Rd indicates 4.1ft depth; review per 89% confidence.,0,0,0.0,"[{""factor"": ""SAR recency"", ""delta"": 8, ""reason"": ""Imagery 3d post-event \u2014 fresh""}, {""factor"": ""Depth certainty"", ""delta"": 12, ""reason"": ""Deep water (4.1ft) \u2014 unambiguous""}, {""factor"": ""Coverage coherence"", ""delta"": 4, ""reason"": ""42% coverage \u2014 substantial""}]",1,Sensors disagree: SAR indicate flooding while DEM-hydrology indicate dry/implausible — routed to manual review.,"{""sar"": ""flood"", ""optical"": ""abstain"", ""dem_hydrology"": ""dry""}"
NRIV-00494,"32 Casino Rd, Broadwater NSW",100.0,1.89,0.0,20.0,19.7,Dispatch,84,Send adjuster — extensive property flooding detected,Satellite data at 32 Casino Rd indicates 1.9ft depth; dispatch per 84% confidence.,0,0,0.0,"[{""factor"": ""SAR recency"", ""delta"": 8, ""reason"": ""Imagery 3d post-event \u2014 fresh""}, {""factor"": ""Depth certainty"", ""delta"": 3, ""reason"": ""Shallow-moderate depth (1.9ft)""}, {""factor"": ""Coverage coherence"", ""delta"": 8, ""reason"": ""100% coverage \u2014 extensive, coherent""}]",0,,"{""sar"": ""flood"", ""optical"": ""abstain"", ""dem_hydrology"": ""flood""}"
NRIV-00495,"83 Wilson St, Broadwater NSW",100.0,4.84,0.0,20.0,19.72,Dispatch,93,Send adjuster — major flood damage likely,Satellite data at 83 Wilson St indicates 4.8ft depth; dispatch per 93% confidence.,0,0,0.0,"[{""factor"": ""SAR recency"", ""delta"": 8, ""reason"": ""Imagery 3d post-event \u2014 fresh""}, {""factor"": ""Depth certainty"", ""delta"": 12, ""reason"": ""Deep water (4.8ft) \u2014 unambiguous""}, {""factor"": ""Coverage coherence"", ""delta"": 8, ""reason"": ""100% coverage \u2014 extensive, coherent""}]",0,,"{""sar"": ""flood"", ""optical"": ""abstain"", ""dem_hydrology"": ""flood""}"
NRIV-00496,"133 Mill Rd, Broadwater NSW",0.0,0.0,0.0,0.0,0.0,Remote-Deny,90,Deny remotely — no significant flooding detected by satellite,Satellite data at 133 Mill Rd indicates 0.0ft depth; remote-deny per 90% confidence.,0,0,0.0,"[{""factor"": ""SAR recency"", ""delta"": 8, ""reason"": ""Imagery 3d post-event \u2014 fresh""}, {""factor"": ""Depth certainty"", ""delta"": 10, ""reason"": ""Near-zero depth \u2014 confidently not flooded""}, {""factor"": ""Coverage coherence"", ""delta"": 7, ""reason"": ""0% coverage \u2014 confidently dry""}]",0,,"{""sar"": ""dry"", ""optical"": ""abstain"", ""dem_hydrology"": ""dry""}"
NRIV-00497,"163 Casino Rd, Broadwater NSW",0.0,0.0,0.0,0.0,0.0,Remote-Deny,90,Deny remotely — no significant flooding detected by satellite,Satellite data at 163 Casino Rd indicates 0.0ft depth; remote-deny per 90% confidence.,0,0,0.0,"[{""factor"": ""SAR recency"", ""delta"": 8, ""reason"": ""Imagery 3d post-event \u2014 fresh""}, {""factor"": ""Depth certainty"", ""delta"": 10, ""reason"": ""Near-zero depth \u2014 confidently not flooded""}, {""factor"": ""Coverage coherence"", ""delta"": 7, ""reason"": ""0% coverage \u2014 confidently dry""}]",0,,"{""sar"": ""dry"", ""optical"": ""abstain"", ""dem_hydrology"": ""dry""}"
NRIV-00498,"158 Casino Rd, Broadwater NSW",0.0,0.0,0.0,0.0,0.0,Remote-Deny,90,Deny remotely — no significant flooding detected by satellite,Satellite data at 158 Casino Rd indicates 0.0ft depth; remote-deny per 90% confidence.,0,0,0.0,"[{""factor"": ""SAR recency"", ""delta"": 8, ""reason"": ""Imagery 3d post-event \u2014 fresh""}, {""factor"": ""Depth certainty"", ""delta"": 10, ""reason"": ""Near-zero depth \u2014 confidently not flooded""}, {""factor"": ""Coverage coherence"", ""delta"": 7, ""reason"": ""0% coverage \u2014 confidently dry""}]",0,,"{""sar"": ""dry"", ""optical"": ""abstain"", ""dem_hydrology"": ""dry""}"
NRIV-00499,"152 Bagotville Rd, Broadwater NSW",0.0,0.0,0.0,0.0,0.0,Remote-Deny,90,Deny remotely — no significant flooding detected by satellite,Satellite data at 152 Bagotville Rd indicates 0.0ft depth; remote-deny per 90% confidence.,0,0,0.0,"[{""factor"": ""SAR recency"", ""delta"": 8, ""reason"": ""Imagery 3d post-event \u2014 fresh""}, {""factor"": ""Depth certainty"", ""delta"": 10, ""reason"": ""Near-zero depth \u2014 confidently not flooded""}, {""factor"": ""Coverage coherence"", ""delta"": 7, ""reason"": ""0% coverage \u2014 confidently dry""}]",0,,"{""sar"": ""dry"", ""optical"": ""abstain"", ""dem_hydrology"": ""dry""}"
NRIV-00500,"185 Bagotville Rd, Broadwater NSW",0.0,0.0,0.0,0.0,0.0,Remote-Deny,90,Deny remotely — no significant flooding detected by satellite,Satellite data at 185 Bagotville Rd indicates 0.0ft depth; remote-deny per 90% confidence.,0,0,0.0,"[{""factor"": ""SAR recency"", ""delta"": 8, ""reason"": ""Imagery 3d post-event \u2014 fresh""}, {""factor"": ""Depth certainty"", ""delta"": 10, ""reason"": ""Near-zero depth \u2014 confidently not flooded""}, {""factor"": ""Coverage coherence"", ""delta"": 7, ""reason"": ""0% coverage \u2014 confidently dry""}]",0,,"{""sar"": ""dry"", ""optical"": ""abstain"", ""dem_hydrology"": ""dry""}"
NRIV-00501,"11 River Rd, Tuncester NSW",0.0,0.0,0.0,0.0,0.0,Remote-Deny,90,Deny remotely — no significant flooding detected by satellite,Satellite data at 11 River Rd indicates 0.0ft depth; remote-deny per 90% confidence.,0,0,0.0,"[{""factor"": ""SAR recency"", ""delta"": 8, ""reason"": ""Imagery 3d post-event \u2014 fresh""}, {""factor"": ""Depth certainty"", ""delta"": 10, ""reason"": ""Near-zero depth \u2014 confidently not flooded""}, {""factor"": ""Coverage coherence"", ""delta"": 7, ""reason"": ""0% coverage \u2014 confidently dry""}]",0,,"{""sar"": ""dry"", ""optical"": ""abstain"", ""dem_hydrology"": ""flood""}"
NRIV-00502,"198 Bagotville Rd, Tuncester NSW",0.0,0.0,0.0,0.0,0.0,Remote-Deny,90,Deny remotely — no significant flooding detected by satellite,Satellite data at 198 Bagotville Rd indicates 0.0ft depth; remote-deny per 90% confidence.,0,0,0.2888,"[{""factor"": ""SAR recency"", ""delta"": 8, ""reason"": ""Imagery 3d post-event \u2014 fresh""}, {""factor"": ""Depth certainty"", ""delta"": 10, ""reason"": ""Near-zero depth \u2014 confidently not flooded""}, {""factor"": ""Coverage coherence"", ""delta"": 7, ""reason"": ""0% coverage \u2014 confidently dry""}]",0,,"{""sar"": ""dry"", ""optical"": ""abstain"", ""dem_hydrology"": ""flood""}"
NRIV-00503,"147 Codrington Rd, Tuncester NSW",0.0,0.0,0.0,0.0,0.0,Remote-Deny,90,Deny remotely — no significant flooding detected by satellite,Satellite data at 147 Codrington Rd indicates 0.0ft depth; remote-deny per 90% confidence.,0,0,0.0,"[{""factor"": ""SAR recency"", ""delta"": 8, ""reason"": ""Imagery 3d post-event \u2014 fresh""}, {""factor"": ""Depth certainty"", ""delta"": 10, ""reason"": ""Near-zero depth \u2014 confidently not flooded""}, {""factor"": ""Coverage coherence"", ""delta"": 7, ""reason"": ""0% coverage \u2014 confidently dry""}]",0,,"{""sar"": ""dry"", ""optical"": ""abstain"", ""dem_hydrology"": ""flood""}"
NRIV-00504,"161 Casino Rd, Tuncester NSW",0.0,0.0,0.0,0.0,0.0,Remote-Deny,90,Deny remotely — no significant flooding detected by satellite,Satellite data at 161 Casino Rd indicates 0.0ft depth; remote-deny per 90% confidence.,0,0,0.0004,"[{""factor"": ""SAR recency"", ""delta"": 8, ""reason"": ""Imagery 3d post-event \u2014 fresh""}, {""factor"": ""Depth certainty"", ""delta"": 10, ""reason"": ""Near-zero depth \u2014 confidently not flooded""}, {""factor"": ""Coverage coherence"", ""delta"": 7, ""reason"": ""0% coverage \u2014 confidently dry""}]",0,,"{""sar"": ""dry"", ""optical"": ""abstain"", ""dem_hydrology"": ""flood""}"
NRIV-00505,"124 Bridge St, Tuncester NSW",0.0,0.0,0.0,0.0,0.0,Remote-Deny,90,Deny remotely — no significant flooding detected by satellite,Satellite data at 124 Bridge St indicates 0.0ft depth; remote-deny per 90% confidence.,0,0,0.0,"[{""factor"": ""SAR recency"", ""delta"": 8, ""reason"": ""Imagery 3d post-event \u2014 fresh""}, {""factor"": ""Depth certainty"", ""delta"": 10, ""reason"": ""Near-zero depth \u2014 confidently not flooded""}, {""factor"": ""Coverage coherence"", ""delta"": 7, ""reason"": ""0% coverage \u2014 confidently dry""}]",0,,"{""sar"": ""dry"", ""optical"": ""abstain"", ""dem_hydrology"": ""flood""}"
NRIV-00506,"77 Molesworth St, Tuncester NSW",12.0,1.4,0.0,20.0,19.69,Review,73,Flag for manual review — borderline measurements or low confidence,Satellite data at 77 Molesworth St indicates 1.4ft depth; review per 73% confidence.,0,0,0.0,"[{""factor"": ""SAR recency"", ""delta"": 8, ""reason"": ""Imagery 3d post-event \u2014 fresh""}, {""factor"": ""Depth certainty"", ""delta"": 3, ""reason"": ""Shallow-moderate depth (1.4ft)""}, {""factor"": ""Coverage coherence"", ""delta"": -3, ""reason"": ""12% coverage \u2014 ambiguous partial""}]",0,,"{""sar"": ""flood"", ""optical"": ""abstain"", ""dem_hydrology"": ""flood""}"
NRIV-00507,"113 Codrington Rd, Tuncester NSW",0.0,0.0,0.0,0.0,0.0,Remote-Deny,90,Deny remotely — no significant flooding detected by satellite,Satellite data at 113 Codrington Rd indicates 0.0ft depth; remote-deny per 90% confidence.,0,0,0.0,"[{""factor"": ""SAR recency"", ""delta"": 8, ""reason"": ""Imagery 3d post-event \u2014 fresh""}, {""factor"": ""Depth certainty"", ""delta"": 10, ""reason"": ""Near-zero depth \u2014 confidently not flooded""}, {""factor"": ""Coverage coherence"", ""delta"": 7, ""reason"": ""0% coverage \u2014 confidently dry""}]",0,,"{""sar"": ""dry"", ""optical"": ""abstain"", ""dem_hydrology"": ""dry""}"
NRIV-00508,"156 Wyrallah Rd, Tuncester NSW",0.0,0.0,0.0,0.0,0.0,Remote-Deny,90,Deny remotely — no significant flooding detected by satellite,Satellite data at 156 Wyrallah Rd indicates 0.0ft depth; remote-deny per 90% confidence.,0,0,0.0,"[{""factor"": ""SAR recency"", ""delta"": 8, ""reason"": ""Imagery 3d post-event \u2014 fresh""}, {""factor"": ""Depth certainty"", ""delta"": 10, ""reason"": ""Near-zero depth \u2014 confidently not flooded""}, {""factor"": ""Coverage coherence"", ""delta"": 7, ""reason"": ""0% coverage \u2014 confidently dry""}]",0,,"{""sar"": ""dry"", ""optical"": ""abstain"", ""dem_hydrology"": ""dry""}"
NRIV-00509,"188 Pacific Hwy, Tuncester NSW",27.8,1.69,0.0,20.0,19.69,Review,73,Flag for manual review — borderline measurements or low confidence,Satellite data at 188 Pacific Hwy indicates 1.7ft depth; review per 73% confidence.,0,0,0.0,"[{""factor"": ""SAR recency"", ""delta"": 8, ""reason"": ""Imagery 3d post-event \u2014 fresh""}, {""factor"": ""Depth certainty"", ""delta"": 3, ""reason"": ""Shallow-moderate depth (1.7ft)""}, {""factor"": ""Coverage coherence"", ""delta"": -3, ""reason"": ""28% coverage \u2014 ambiguous partial""}]",0,,"{""sar"": ""flood"", ""optical"": ""abstain"", ""dem_hydrology"": ""flood""}"
NRIV-00510,"95 Casino Rd, Tuncester NSW",0.0,0.0,0.0,0.0,0.0,Remote-Deny,90,Deny remotely — no significant flooding detected by satellite,Satellite data at 95 Casino Rd indicates 0.0ft depth; remote-deny per 90% confidence.,0,0,0.0,"[{""factor"": ""SAR recency"", ""delta"": 8, ""reason"": ""Imagery 3d post-event \u2014 fresh""}, {""factor"": ""Depth certainty"", ""delta"": 10, ""reason"": ""Near-zero depth \u2014 confidently not flooded""}, {""factor"": ""Coverage coherence"", ""delta"": 7, ""reason"": ""0% coverage \u2014 confidently dry""}]",0,,"{""sar"": ""dry"", ""optical"": ""abstain"", ""dem_hydrology"": ""flood""}"
NRIV-00511,"120 Richmond Tce, Bungawalbin NSW",82.3,2.06,0.0,20.0,19.69,Dispatch,88,Send adjuster — extensive property flooding detected,Satellite data at 120 Richmond Tce indicates 2.1ft depth; dispatch per 88% confidence.,0,0,0.0,"[{""factor"": ""SAR recency"", ""delta"": 8, ""reason"": ""Imagery 3d post-event \u2014 fresh""}, {""factor"": ""Depth certainty"", ""delta"": 7, ""reason"": ""Moderate depth (2.1ft) \u2014 clear signal""}, {""factor"": ""Coverage coherence"", ""delta"": 8, ""reason"": ""82% coverage \u2014 extensive, coherent""}]",0,,"{""sar"": ""flood"", ""optical"": ""abstain"", ""dem_hydrology"": ""flood""}"
NRIV-00512,"25 River Rd, Bungawalbin NSW",0.0,0.0,0.0,0.0,0.0,Remote-Deny,90,Deny remotely — no significant flooding detected by satellite,Satellite data at 25 River Rd indicates 0.0ft depth; remote-deny per 90% confidence.,0,0,0.0,"[{""factor"": ""SAR recency"", ""delta"": 8, ""reason"": ""Imagery 3d post-event \u2014 fresh""}, {""factor"": ""Depth certainty"", ""delta"": 10, ""reason"": ""Near-zero depth \u2014 confidently not flooded""}, {""factor"": ""Coverage coherence"", ""delta"": 7, ""reason"": ""0% coverage \u2014 confidently dry""}]",0,,"{""sar"": ""dry"", ""optical"": ""abstain"", ""dem_hydrology"": ""flood""}"
NRIV-00513,"158 Codrington Rd, Bungawalbin NSW",0.0,0.0,0.0,0.0,0.0,Remote-Deny,90,Deny remotely — no significant flooding detected by satellite,Satellite data at 158 Codrington Rd indicates 0.0ft depth; remote-deny per 90% confidence.,0,0,0.0,"[{""factor"": ""SAR recency"", ""delta"": 8, ""reason"": ""Imagery 3d post-event \u2014 fresh""}, {""factor"": ""Depth certainty"", ""delta"": 10, ""reason"": ""Near-zero depth \u2014 confidently not flooded""}, {""factor"": ""Coverage coherence"", ""delta"": 7, ""reason"": ""0% coverage \u2014 confidently dry""}]",0,,"{""sar"": ""dry"", ""optical"": ""abstain"", ""dem_hydrology"": ""dry""}"
NRIV-00514,"41 Pacific Hwy, Bungawalbin NSW",0.0,0.0,0.0,0.0,0.0,Remote-Deny,90,Deny remotely — no significant flooding detected by satellite,Satellite data at 41 Pacific Hwy indicates 0.0ft depth; remote-deny per 90% confidence.,0,0,0.0,"[{""factor"": ""SAR recency"", ""delta"": 8, ""reason"": ""Imagery 3d post-event \u2014 fresh""}, {""factor"": ""Depth certainty"", ""delta"": 10, ""reason"": ""Near-zero depth \u2014 confidently not flooded""}, {""factor"": ""Coverage coherence"", ""delta"": 7, ""reason"": ""0% coverage \u2014 confidently dry""}]",0,,"{""sar"": ""dry"", ""optical"": ""abstain"", ""dem_hydrology"": ""dry""}"
NRIV-00515,"49 Wyrallah Rd, Bungawalbin NSW",0.0,0.0,0.0,0.0,0.0,Remote-Deny,90,Deny remotely — no significant flooding detected by satellite,Satellite data at 49 Wyrallah Rd indicates 0.0ft depth; remote-deny per 90% confidence.,0,0,0.0,"[{""factor"": ""SAR recency"", ""delta"": 8, ""reason"": ""Imagery 3d post-event \u2014 fresh""}, {""factor"": ""Depth certainty"", ""delta"": 10, ""reason"": ""Near-zero depth \u2014 confidently not flooded""}, {""factor"": ""Coverage coherence"", ""delta"": 7, ""reason"": ""0% coverage \u2014 confidently dry""}]",0,,"{""sar"": ""dry"", ""optical"": ""abstain"", ""dem_hydrology"": ""dry""}"
NRIV-00516,"128 Mill Rd, Bungawalbin NSW",0.0,0.0,0.0,0.0,0.0,Remote-Deny,90,Deny remotely — no significant flooding detected by satellite,Satellite data at 128 Mill Rd indicates 0.0ft depth; remote-deny per 90% confidence.,0,0,0.0,"[{""factor"": ""SAR recency"", ""delta"": 8, ""reason"": ""Imagery 3d post-event \u2014 fresh""}, {""factor"": ""Depth certainty"", ""delta"": 10, ""reason"": ""Near-zero depth \u2014 confidently not flooded""}, {""factor"": ""Coverage coherence"", ""delta"": 7, ""reason"": ""0% coverage \u2014 confidently dry""}]",0,,"{""sar"": ""dry"", ""optical"": ""abstain"", ""dem_hydrology"": ""abstain""}"
NRIV-00517,"101 Casino Rd, Bungawalbin NSW",0.0,0.0,0.0,0.0,0.0,Remote-Deny,90,Deny remotely — no significant flooding detected by satellite,Satellite data at 101 Casino Rd indicates 0.0ft depth; remote-deny per 90% confidence.,0,0,0.0,"[{""factor"": ""SAR recency"", ""delta"": 8, ""reason"": ""Imagery 3d post-event \u2014 fresh""}, {""factor"": ""Depth certainty"", ""delta"": 10, ""reason"": ""Near-zero depth \u2014 confidently not flooded""}, {""factor"": ""Coverage coherence"", ""delta"": 7, ""reason"": ""0% coverage \u2014 confidently dry""}]",0,,"{""sar"": ""dry"", ""optical"": ""abstain"", ""dem_hydrology"": ""dry""}"
NRIV-00518,"150 Pacific Hwy, Bungawalbin NSW",0.0,0.0,0.0,0.0,0.0,Remote-Deny,90,Deny remotely — no significant flooding detected by satellite,Satellite data at 150 Pacific Hwy indicates 0.0ft depth; remote-deny per 90% confidence.,0,0,0.0,"[{""factor"": ""SAR recency"", ""delta"": 8, ""reason"": ""Imagery 3d post-event \u2014 fresh""}, {""factor"": ""Depth certainty"", ""delta"": 10, ""reason"": ""Near-zero depth \u2014 confidently not flooded""}, {""factor"": ""Coverage coherence"", ""delta"": 7, ""reason"": ""0% coverage \u2014 confidently dry""}]",0,,"{""sar"": ""dry"", ""optical"": ""abstain"", ""dem_hydrology"": ""dry""}"
NRIV-00519,"153 Tuckombil Rd, Broadwater NSW",100.0,4.34,0.0,20.0,19.71,Dispatch,93,Send adjuster — major flood damage likely,Satellite data at 153 Tuckombil Rd indicates 4.3ft depth; dispatch per 93% confidence.,0,0,0.0,"[{""factor"": ""SAR recency"", ""delta"": 8, ""reason"": ""Imagery 3d post-event \u2014 fresh""}, {""factor"": ""Depth certainty"", ""delta"": 12, ""reason"": ""Deep water (4.3ft) \u2014 unambiguous""}, {""factor"": ""Coverage coherence"", ""delta"": 8, ""reason"": ""100% coverage \u2014 extensive, coherent""}]",0,,"{""sar"": ""flood"", ""optical"": ""abstain"", ""dem_hydrology"": ""flood""}"
NRIV-00520,"3 Richmond Tce, Broadwater NSW",0.0,0.0,0.0,0.0,0.0,Remote-Deny,90,Deny remotely — no significant flooding detected by satellite,Satellite data at 3 Richmond Tce indicates 0.0ft depth; remote-deny per 90% confidence.,0,0,0.0,"[{""factor"": ""SAR recency"", ""delta"": 8, ""reason"": ""Imagery 3d post-event \u2014 fresh""}, {""factor"": ""Depth certainty"", ""delta"": 10, ""reason"": ""Near-zero depth \u2014 confidently not flooded""}, {""factor"": ""Coverage coherence"", ""delta"": 7, ""reason"": ""0% coverage \u2014 confidently dry""}]",0,,"{""sar"": ""dry"", ""optical"": ""abstain"", ""dem_hydrology"": ""dry""}"
NRIV-00521,"187 Pacific Hwy, Broadwater NSW",0.0,0.0,0.0,0.0,0.0,Remote-Deny,90,Deny remotely — no significant flooding detected by satellite,Satellite data at 187 Pacific Hwy indicates 0.0ft depth; remote-deny per 90% confidence.,0,0,0.0,"[{""factor"": ""SAR recency"", ""delta"": 8, ""reason"": ""Imagery 3d post-event \u2014 fresh""}, {""factor"": ""Depth certainty"", ""delta"": 10, ""reason"": ""Near-zero depth \u2014 confidently not flooded""}, {""factor"": ""Coverage coherence"", ""delta"": 7, ""reason"": ""0% coverage \u2014 confidently dry""}]",0,,"{""sar"": ""dry"", ""optical"": ""abstain"", ""dem_hydrology"": ""dry""}"
NRIV-00522,"103 River Rd, Broadwater NSW",0.0,0.0,0.0,0.0,0.0,Remote-Deny,90,Deny remotely — no significant flooding detected by satellite,Satellite data at 103 River Rd indicates 0.0ft depth; remote-deny per 90% confidence.,0,0,0.0,"[{""factor"": ""SAR recency"", ""delta"": 8, ""reason"": ""Imagery 3d post-event \u2014 fresh""}, {""factor"": ""Depth certainty"", ""delta"": 10, ""reason"": ""Near-zero depth \u2014 confidently not flooded""}, {""factor"": ""Coverage coherence"", ""delta"": 7, ""reason"": ""0% coverage \u2014 confidently dry""}]",0,,"{""sar"": ""dry"", ""optical"": ""abstain"", ""dem_hydrology"": ""dry""}"
NRIV-00523,"142 Mill Rd, Broadwater NSW",0.0,0.0,0.0,0.0,0.0,Remote-Deny,90,Deny remotely — no significant flooding detected by satellite,Satellite data at 142 Mill Rd indicates 0.0ft depth; remote-deny per 90% confidence.,0,0,0.0,"[{""factor"": ""SAR recency"", ""delta"": 8, ""reason"": ""Imagery 3d post-event \u2014 fresh""}, {""factor"": ""Depth certainty"", ""delta"": 10, ""reason"": ""Near-zero depth \u2014 confidently not flooded""}, {""factor"": ""Coverage coherence"", ""delta"": 7, ""reason"": ""0% coverage \u2014 confidently dry""}]",0,,"{""sar"": ""dry"", ""optical"": ""abstain"", ""dem_hydrology"": ""dry""}"
NRIV-00524,"196 Casino Rd, Broadwater NSW",0.0,0.0,0.0,0.0,0.0,Remote-Deny,90,Deny remotely — no significant flooding detected by satellite,Satellite data at 196 Casino Rd indicates 0.0ft depth; remote-deny per 90% confidence.,0,0,0.0,"[{""factor"": ""SAR recency"", ""delta"": 8, ""reason"": ""Imagery 3d post-event \u2014 fresh""}, {""factor"": ""Depth certainty"", ""delta"": 10, ""reason"": ""Near-zero depth \u2014 confidently not flooded""}, {""factor"": ""Coverage coherence"", ""delta"": 7, ""reason"": ""0% coverage \u2014 confidently dry""}]",0,,"{""sar"": ""dry"", ""optical"": ""abstain"", ""dem_hydrology"": ""dry""}"
NRIV-00525,"175 Bagotville Rd, Broadwater NSW",0.0,0.0,0.0,0.0,0.0,Remote-Deny,90,Deny remotely — no significant flooding detected by satellite,Satellite data at 175 Bagotville Rd indicates 0.0ft depth; remote-deny per 90% confidence.,0,0,0.0,"[{""factor"": ""SAR recency"", ""delta"": 8, ""reason"": ""Imagery 3d post-event \u2014 fresh""}, {""factor"": ""Depth certainty"", ""delta"": 10, ""reason"": ""Near-zero depth \u2014 confidently not flooded""}, {""factor"": ""Coverage coherence"", ""delta"": 7, ""reason"": ""0% coverage \u2014 confidently dry""}]",0,,"{""sar"": ""dry"", ""optical"": ""abstain"", ""dem_hydrology"": ""dry""}"
NRIV-00526,"101 Pacific Hwy, Tuncester NSW",0.0,0.0,0.0,0.0,0.0,Remote-Deny,96,Deny remotely — no significant flooding detected by satellite,Satellite data at 101 Pacific Hwy indicates 0.0ft depth; remote-deny per 96% confidence.,0,1,0.0,"[{""factor"": ""SAR recency"", ""delta"": 8, ""reason"": ""Imagery 3d post-event \u2014 fresh""}, {""factor"": ""Depth certainty"", ""delta"": 10, ""reason"": ""Near-zero depth \u2014 confidently not flooded""}, {""factor"": ""Coverage coherence"", ""delta"": 7, ""reason"": ""0% coverage \u2014 confidently dry""}, {""factor"": ""Optical cross-check"", ""delta"": 6, ""reason"": ""Sentinel-2 confirms dry ground \u2014 sensors agree""}]",0,,"{""sar"": ""dry"", ""optical"": ""dry"", ""dem_hydrology"": ""dry""}"
NRIV-00527,"94 Wyrallah Rd, Tuncester NSW",0.0,0.0,0.0,0.0,0.0,Remote-Deny,96,Deny remotely — no significant flooding detected by satellite,Satellite data at 94 Wyrallah Rd indicates 0.0ft depth; remote-deny per 96% confidence.,0,1,0.0,"[{""factor"": ""SAR recency"", ""delta"": 8, ""reason"": ""Imagery 3d post-event \u2014 fresh""}, {""factor"": ""Depth certainty"", ""delta"": 10, ""reason"": ""Near-zero depth \u2014 confidently not flooded""}, {""factor"": ""Coverage coherence"", ""delta"": 7, ""reason"": ""0% coverage \u2014 confidently dry""}, {""factor"": ""Optical cross-check"", ""delta"": 6, ""reason"": ""Sentinel-2 confirms dry ground \u2014 sensors agree""}]",0,,"{""sar"": ""dry"", ""optical"": ""dry"", ""dem_hydrology"": ""dry""}"
NRIV-00528,"129 River Rd, Tuncester NSW",0.0,0.0,0.0,0.0,0.0,Remote-Deny,96,Deny remotely — no significant flooding detected by satellite,Satellite data at 129 River Rd indicates 0.0ft depth; remote-deny per 96% confidence.,0,1,0.0,"[{""factor"": ""SAR recency"", ""delta"": 8, ""reason"": ""Imagery 3d post-event \u2014 fresh""}, {""factor"": ""Depth certainty"", ""delta"": 10, ""reason"": ""Near-zero depth \u2014 confidently not flooded""}, {""factor"": ""Coverage coherence"", ""delta"": 7, ""reason"": ""0% coverage \u2014 confidently dry""}, {""factor"": ""Optical cross-check"", ""delta"": 6, ""reason"": ""Sentinel-2 confirms dry ground \u2014 sensors agree""}]",0,,"{""sar"": ""dry"", ""optical"": ""dry"", ""dem_hydrology"": ""dry""}"
NRIV-00529,"86 Molesworth St, Tuncester NSW",0.0,0.0,0.0,0.0,0.0,Remote-Deny,96,Deny remotely — no significant flooding detected by satellite,Satellite data at 86 Molesworth St indicates 0.0ft depth; remote-deny per 96% confidence.,0,1,0.0,"[{""factor"": ""SAR recency"", ""delta"": 8, ""reason"": ""Imagery 3d post-event \u2014 fresh""}, {""factor"": ""Depth certainty"", ""delta"": 10, ""reason"": ""Near-zero depth \u2014 confidently not flooded""}, {""factor"": ""Coverage coherence"", ""delta"": 7, ""reason"": ""0% coverage \u2014 confidently dry""}, {""factor"": ""Optical cross-check"", ""delta"": 6, ""reason"": ""Sentinel-2 confirms dry ground \u2014 sensors agree""}]",0,,"{""sar"": ""dry"", ""optical"": ""dry"", ""dem_hydrology"": ""flood""}"
NRIV-00530,"132 Wyrallah Rd, Tuncester NSW",0.0,0.0,0.0,0.0,0.0,Remote-Deny,90,Deny remotely — no significant flooding detected by satellite,Satellite data at 132 Wyrallah Rd indicates 0.0ft depth; remote-deny per 90% confidence.,0,0,0.0,"[{""factor"": ""SAR recency"", ""delta"": 8, ""reason"": ""Imagery 3d post-event \u2014 fresh""}, {""factor"": ""Depth certainty"", ""delta"": 10, ""reason"": ""Near-zero depth \u2014 confidently not flooded""}, {""factor"": ""Coverage coherence"", ""delta"": 7, ""reason"": ""0% coverage \u2014 confidently dry""}]",0,,"{""sar"": ""dry"", ""optical"": ""abstain"", ""dem_hydrology"": ""flood""}"
NRIV-00531,"42 Codrington Rd, Tuncester NSW",0.0,0.0,0.0,0.0,0.0,Remote-Deny,96,Deny remotely — no significant flooding detected by satellite,Satellite data at 42 Codrington Rd indicates 0.0ft depth; remote-deny per 96% confidence.,0,1,0.0,"[{""factor"": ""SAR recency"", ""delta"": 8, ""reason"": ""Imagery 3d post-event \u2014 fresh""}, {""factor"": ""Depth certainty"", ""delta"": 10, ""reason"": ""Near-zero depth \u2014 confidently not flooded""}, {""factor"": ""Coverage coherence"", ""delta"": 7, ""reason"": ""0% coverage \u2014 confidently dry""}, {""factor"": ""Optical cross-check"", ""delta"": 6, ""reason"": ""Sentinel-2 confirms dry ground \u2014 sensors agree""}]",0,,"{""sar"": ""dry"", ""optical"": ""dry"", ""dem_hydrology"": ""dry""}"
NRIV-00532,"77 Bagotville Rd, Tuncester NSW",6.6,0.0,0.0,0.0,0.0,Review,80,Flag for manual review — borderline measurements or low confidence,Satellite data at 77 Bagotville Rd indicates 0.0ft depth; review per 80% confidence.,0,0,0.2267,"[{""factor"": ""SAR recency"", ""delta"": 8, ""reason"": ""Imagery 3d post-event \u2014 fresh""}, {""factor"": ""Depth certainty"", ""delta"": 10, ""reason"": ""Near-zero depth \u2014 confidently not flooded""}, {""factor"": ""Coverage coherence"", ""delta"": -3, ""reason"": ""7% coverage \u2014 ambiguous partial""}]",0,,"{""sar"": ""dry"", ""optical"": ""abstain"", ""dem_hydrology"": ""flood""}"
NRIV-00533,"137 Molesworth St, Tuncester NSW",0.0,0.0,0.0,0.0,0.0,Remote-Deny,90,Deny remotely — no significant flooding detected by satellite,Satellite data at 137 Molesworth St indicates 0.0ft depth; remote-deny per 90% confidence.,0,0,0.0,"[{""factor"": ""SAR recency"", ""delta"": 8, ""reason"": ""Imagery 3d post-event \u2014 fresh""}, {""factor"": ""Depth certainty"", ""delta"": 10, ""reason"": ""Near-zero depth \u2014 confidently not flooded""}, {""factor"": ""Coverage coherence"", ""delta"": 7, ""reason"": ""0% coverage \u2014 confidently dry""}]",0,,"{""sar"": ""dry"", ""optical"": ""abstain"", ""dem_hydrology"": ""dry""}"
NRIV-00534,"209 River Rd, Tuncester NSW",0.0,0.0,0.0,0.0,0.0,Remote-Deny,90,Deny remotely — no significant flooding detected by satellite,Satellite data at 209 River Rd indicates 0.0ft depth; remote-deny per 90% confidence.,0,0,0.0,"[{""factor"": ""SAR recency"", ""delta"": 8, ""reason"": ""Imagery 3d post-event \u2014 fresh""}, {""factor"": ""Depth certainty"", ""delta"": 10, ""reason"": ""Near-zero depth \u2014 confidently not flooded""}, {""factor"": ""Coverage coherence"", ""delta"": 7, ""reason"": ""0% coverage \u2014 confidently dry""}]",0,,"{""sar"": ""dry"", ""optical"": ""abstain"", ""dem_hydrology"": ""flood""}"
NRIV-00535,"107 Bagotville Rd, South Lismore NSW",0.0,0.0,0.0,0.0,0.0,Remote-Deny,90,Deny remotely — no significant flooding detected by satellite,Satellite data at 107 Bagotville Rd indicates 0.0ft depth; remote-deny per 90% confidence.,0,0,0.0,"[{""factor"": ""SAR recency"", ""delta"": 8, ""reason"": ""Imagery 3d post-event \u2014 fresh""}, {""factor"": ""Depth certainty"", ""delta"": 10, ""reason"": ""Near-zero depth \u2014 confidently not flooded""}, {""factor"": ""Coverage coherence"", ""delta"": 7, ""reason"": ""0% coverage \u2014 confidently dry""}]",0,,"{""sar"": ""dry"", ""optical"": ""abstain"", ""dem_hydrology"": ""flood""}"
NRIV-00536,"177 Tuckombil Rd, South Lismore NSW",0.0,0.0,0.0,0.0,0.0,Remote-Deny,90,Deny remotely — no significant flooding detected by satellite,Satellite data at 177 Tuckombil Rd indicates 0.0ft depth; remote-deny per 90% confidence.,0,0,0.0,"[{""factor"": ""SAR recency"", ""delta"": 8, ""reason"": ""Imagery 3d post-event \u2014 fresh""}, {""factor"": ""Depth certainty"", ""delta"": 10, ""reason"": ""Near-zero depth \u2014 confidently not flooded""}, {""factor"": ""Coverage coherence"", ""delta"": 7, ""reason"": ""0% coverage \u2014 confidently dry""}]",0,,"{""sar"": ""dry"", ""optical"": ""abstain"", ""dem_hydrology"": ""dry""}"
NRIV-00537,"168 Bagotville Rd, South Lismore NSW",12.2,0.0,0.0,0.0,0.0,Review,80,Flag for manual review — borderline measurements or low confidence,Satellite data at 168 Bagotville Rd indicates 0.0ft depth; review per 80% confidence.,0,0,0.0,"[{""factor"": ""SAR recency"", ""delta"": 8, ""reason"": ""Imagery 3d post-event \u2014 fresh""}, {""factor"": ""Depth certainty"", ""delta"": 10, ""reason"": ""Near-zero depth \u2014 confidently not flooded""}, {""factor"": ""Coverage coherence"", ""delta"": -3, ""reason"": ""12% coverage \u2014 ambiguous partial""}]",0,,"{""sar"": ""flood"", ""optical"": ""abstain"", ""dem_hydrology"": ""abstain""}"
NRIV-00538,"150 Molesworth St, South Lismore NSW",0.0,0.0,0.0,0.0,0.0,Remote-Deny,90,Deny remotely — no significant flooding detected by satellite,Satellite data at 150 Molesworth St indicates 0.0ft depth; remote-deny per 90% confidence.,0,0,0.0,"[{""factor"": ""SAR recency"", ""delta"": 8, ""reason"": ""Imagery 3d post-event \u2014 fresh""}, {""factor"": ""Depth certainty"", ""delta"": 10, ""reason"": ""Near-zero depth \u2014 confidently not flooded""}, {""factor"": ""Coverage coherence"", ""delta"": 7, ""reason"": ""0% coverage \u2014 confidently dry""}]",0,,"{""sar"": ""dry"", ""optical"": ""abstain"", ""dem_hydrology"": ""dry""}"
NRIV-00539,"159 Codrington Rd, South Lismore NSW",0.0,0.0,0.0,0.0,0.0,Remote-Deny,90,Deny remotely — no significant flooding detected by satellite,Satellite data at 159 Codrington Rd indicates 0.0ft depth; remote-deny per 90% confidence.,0,0,0.0,"[{""factor"": ""SAR recency"", ""delta"": 8, ""reason"": ""Imagery 3d post-event \u2014 fresh""}, {""factor"": ""Depth certainty"", ""delta"": 10, ""reason"": ""Near-zero depth \u2014 confidently not flooded""}, {""factor"": ""Coverage coherence"", ""delta"": 7, ""reason"": ""0% coverage \u2014 confidently dry""}]",0,,"{""sar"": ""dry"", ""optical"": ""abstain"", ""dem_hydrology"": ""dry""}"
NRIV-00540,"9 Bagotville Rd, South Lismore NSW",0.0,0.0,0.0,0.0,0.0,Remote-Deny,90,Deny remotely — no significant flooding detected by satellite,Satellite data at 9 Bagotville Rd indicates 0.0ft depth; remote-deny per 90% confidence.,0,0,0.0,"[{""factor"": ""SAR recency"", ""delta"": 8, ""reason"": ""Imagery 3d post-event \u2014 fresh""}, {""factor"": ""Depth certainty"", ""delta"": 10, ""reason"": ""Near-zero depth \u2014 confidently not flooded""}, {""factor"": ""Coverage coherence"", ""delta"": 7, ""reason"": ""0% coverage \u2014 confidently dry""}]",0,,"{""sar"": ""dry"", ""optical"": ""abstain"", ""dem_hydrology"": ""dry""}"
NRIV-00541,"5 Molesworth St, South Lismore NSW",0.0,0.0,0.0,0.0,0.0,Remote-Deny,90,Deny remotely — no significant flooding detected by satellite,Satellite data at 5 Molesworth St indicates 0.0ft depth; remote-deny per 90% confidence.,0,0,0.0,"[{""factor"": ""SAR recency"", ""delta"": 8, ""reason"": ""Imagery 3d post-event \u2014 fresh""}, {""factor"": ""Depth certainty"", ""delta"": 10, ""reason"": ""Near-zero depth \u2014 confidently not flooded""}, {""factor"": ""Coverage coherence"", ""delta"": 7, ""reason"": ""0% coverage \u2014 confidently dry""}]",0,,"{""sar"": ""dry"", ""optical"": ""abstain"", ""dem_hydrology"": ""dry""}"
NRIV-00542,"177 Bridge St, South Lismore NSW",0.0,0.0,0.0,0.0,0.0,Remote-Deny,90,Deny remotely — no significant flooding detected by satellite,Satellite data at 177 Bridge St indicates 0.0ft depth; remote-deny per 90% confidence.,0,0,0.0,"[{""factor"": ""SAR recency"", ""delta"": 8, ""reason"": ""Imagery 3d post-event \u2014 fresh""}, {""factor"": ""Depth certainty"", ""delta"": 10, ""reason"": ""Near-zero depth \u2014 confidently not flooded""}, {""factor"": ""Coverage coherence"", ""delta"": 7, ""reason"": ""0% coverage \u2014 confidently dry""}]",0,,"{""sar"": ""dry"", ""optical"": ""abstain"", ""dem_hydrology"": ""dry""}"
NRIV-00543,"121 Wilson St, South Lismore NSW",0.0,0.0,0.0,0.0,0.0,Remote-Deny,90,Deny remotely — no significant flooding detected by satellite,Satellite data at 121 Wilson St indicates 0.0ft depth; remote-deny per 90% confidence.,0,0,0.0,"[{""factor"": ""SAR recency"", ""delta"": 8, ""reason"": ""Imagery 3d post-event \u2014 fresh""}, {""factor"": ""Depth certainty"", ""delta"": 10, ""reason"": ""Near-zero depth \u2014 confidently not flooded""}, {""factor"": ""Coverage coherence"", ""delta"": 7, ""reason"": ""0% coverage \u2014 confidently dry""}]",0,,"{""sar"": ""dry"", ""optical"": ""abstain"", ""dem_hydrology"": ""dry""}"
NRIV-00544,"133 Bridge St, Broadwater NSW",0.0,0.0,0.0,0.0,0.0,Remote-Deny,90,Deny remotely — no significant flooding detected by satellite,Satellite data at 133 Bridge St indicates 0.0ft depth; remote-deny per 90% confidence.,0,0,0.0,"[{""factor"": ""SAR recency"", ""delta"": 8, ""reason"": ""Imagery 3d post-event \u2014 fresh""}, {""factor"": ""Depth certainty"", ""delta"": 10, ""reason"": ""Near-zero depth \u2014 confidently not flooded""}, {""factor"": ""Coverage coherence"", ""delta"": 7, ""reason"": ""0% coverage \u2014 confidently dry""}]",0,,"{""sar"": ""dry"", ""optical"": ""abstain"", ""dem_hydrology"": ""dry""}"
NRIV-00545,"123 Casino Rd, Broadwater NSW",0.0,0.0,0.0,0.0,0.0,Remote-Deny,96,Deny remotely — no significant flooding detected by satellite,Satellite data at 123 Casino Rd indicates 0.0ft depth; remote-deny per 96% confidence.,0,1,0.0,"[{""factor"": ""SAR recency"", ""delta"": 8, ""reason"": ""Imagery 3d post-event \u2014 fresh""}, {""factor"": ""Depth certainty"", ""delta"": 10, ""reason"": ""Near-zero depth \u2014 confidently not flooded""}, {""factor"": ""Coverage coherence"", ""delta"": 7, ""reason"": ""0% coverage \u2014 confidently dry""}, {""factor"": ""Optical cross-check"", ""delta"": 6, ""reason"": ""Sentinel-2 confirms dry ground \u2014 sensors agree""}]",0,,"{""sar"": ""dry"", ""optical"": ""dry"", ""dem_hydrology"": ""dry""}"
NRIV-00546,"118 Casino Rd, Broadwater NSW",0.0,0.0,0.0,0.0,0.0,Remote-Deny,90,Deny remotely — no significant flooding detected by satellite,Satellite data at 118 Casino Rd indicates 0.0ft depth; remote-deny per 90% confidence.,0,0,0.0,"[{""factor"": ""SAR recency"", ""delta"": 8, ""reason"": ""Imagery 3d post-event \u2014 fresh""}, {""factor"": ""Depth certainty"", ""delta"": 10, ""reason"": ""Near-zero depth \u2014 confidently not flooded""}, {""factor"": ""Coverage coherence"", ""delta"": 7, ""reason"": ""0% coverage \u2014 confidently dry""}]",0,,"{""sar"": ""dry"", ""optical"": ""abstain"", ""dem_hydrology"": ""dry""}"
NRIV-00547,"198 Wilson St, Broadwater NSW",0.0,0.0,0.0,0.0,0.0,Remote-Deny,81,Deny remotely — no significant flooding detected by satellite,Satellite data at 198 Wilson St indicates 0.0ft depth; remote-deny per 81% confidence.,1,1,0.0,"[{""factor"": ""SAR recency"", ""delta"": 8, ""reason"": ""Imagery 3d post-event \u2014 fresh""}, {""factor"": ""Depth certainty"", ""delta"": 10, ""reason"": ""Near-zero depth \u2014 confidently not flooded""}, {""factor"": ""Coverage coherence"", ""delta"": 7, ""reason"": ""0% coverage \u2014 confidently dry""}, {""factor"": ""Urban SAR shadow"", ""delta"": -15, ""reason"": ""Dense urban area \u2014 radar shadow can mimic water""}, {""factor"": ""Optical cross-check"", ""delta"": 6, ""reason"": ""Sentinel-2 confirms dry ground \u2014 sensors agree""}]",0,,"{""sar"": ""dry"", ""optical"": ""dry"", ""dem_hydrology"": ""dry""}"
NRIV-00548,"68 Bagotville Rd, Broadwater NSW",0.0,0.0,0.0,0.0,0.0,Remote-Deny,90,Deny remotely — no significant flooding detected by satellite,Satellite data at 68 Bagotville Rd indicates 0.0ft depth; remote-deny per 90% confidence.,0,0,0.0,"[{""factor"": ""SAR recency"", ""delta"": 8, ""reason"": ""Imagery 3d post-event \u2014 fresh""}, {""factor"": ""Depth certainty"", ""delta"": 10, ""reason"": ""Near-zero depth \u2014 confidently not flooded""}, {""factor"": ""Coverage coherence"", ""delta"": 7, ""reason"": ""0% coverage \u2014 confidently dry""}]",0,,"{""sar"": ""dry"", ""optical"": ""abstain"", ""dem_hydrology"": ""dry""}"
NRIV-00549,"72 Casino Rd, Broadwater NSW",0.0,0.0,0.0,0.0,0.0,Remote-Deny,90,Deny remotely — no significant flooding detected by satellite,Satellite data at 72 Casino Rd indicates 0.0ft depth; remote-deny per 90% confidence.,0,0,0.0,"[{""factor"": ""SAR recency"", ""delta"": 8, ""reason"": ""Imagery 3d post-event \u2014 fresh""}, {""factor"": ""Depth certainty"", ""delta"": 10, ""reason"": ""Near-zero depth \u2014 confidently not flooded""}, {""factor"": ""Coverage coherence"", ""delta"": 7, ""reason"": ""0% coverage \u2014 confidently dry""}]",0,,"{""sar"": ""dry"", ""optical"": ""abstain"", ""dem_hydrology"": ""dry""}"
NRIV-00550,"77 Mill Rd, Broadwater NSW",0.0,0.0,0.0,0.0,0.0,Remote-Deny,90,Deny remotely — no significant flooding detected by satellite,Satellite data at 77 Mill Rd indicates 0.0ft depth; remote-deny per 90% confidence.,0,0,0.0,"[{""factor"": ""SAR recency"", ""delta"": 8, ""reason"": ""Imagery 3d post-event \u2014 fresh""}, {""factor"": ""Depth certainty"", ""delta"": 10, ""reason"": ""Near-zero depth \u2014 confidently not flooded""}, {""factor"": ""Coverage coherence"", ""delta"": 7, ""reason"": ""0% coverage \u2014 confidently dry""}]",0,,"{""sar"": ""dry"", ""optical"": ""abstain"", ""dem_hydrology"": ""dry""}"
NRIV-00551,"126 Pacific Hwy, Tuncester NSW",0.0,0.0,0.0,0.0,0.0,Remote-Deny,96,Deny remotely — no significant flooding detected by satellite,Satellite data at 126 Pacific Hwy indicates 0.0ft depth; remote-deny per 96% confidence.,0,1,0.0,"[{""factor"": ""SAR recency"", ""delta"": 8, ""reason"": ""Imagery 3d post-event \u2014 fresh""}, {""factor"": ""Depth certainty"", ""delta"": 10, ""reason"": ""Near-zero depth \u2014 confidently not flooded""}, {""factor"": ""Coverage coherence"", ""delta"": 7, ""reason"": ""0% coverage \u2014 confidently dry""}, {""factor"": ""Optical cross-check"", ""delta"": 6, ""reason"": ""Sentinel-2 confirms dry ground \u2014 sensors agree""}]",0,,"{""sar"": ""dry"", ""optical"": ""dry"", ""dem_hydrology"": ""dry""}"
NRIV-00552,"204 Wilson St, Tuncester NSW",0.0,0.0,0.0,0.0,0.0,Remote-Deny,90,Deny remotely — no significant flooding detected by satellite,Satellite data at 204 Wilson St indicates 0.0ft depth; remote-deny per 90% confidence.,0,0,0.0,"[{""factor"": ""SAR recency"", ""delta"": 8, ""reason"": ""Imagery 3d post-event \u2014 fresh""}, {""factor"": ""Depth certainty"", ""delta"": 10, ""reason"": ""Near-zero depth \u2014 confidently not flooded""}, {""factor"": ""Coverage coherence"", ""delta"": 7, ""reason"": ""0% coverage \u2014 confidently dry""}]",0,,"{""sar"": ""dry"", ""optical"": ""abstain"", ""dem_hydrology"": ""dry""}"
NRIV-00553,"174 Casino Rd, Tuncester NSW",0.0,0.0,0.0,0.0,0.0,Remote-Deny,90,Deny remotely — no significant flooding detected by satellite,Satellite data at 174 Casino Rd indicates 0.0ft depth; remote-deny per 90% confidence.,0,0,0.0,"[{""factor"": ""SAR recency"", ""delta"": 8, ""reason"": ""Imagery 3d post-event \u2014 fresh""}, {""factor"": ""Depth certainty"", ""delta"": 10, ""reason"": ""Near-zero depth \u2014 confidently not flooded""}, {""factor"": ""Coverage coherence"", ""delta"": 7, ""reason"": ""0% coverage \u2014 confidently dry""}]",0,,"{""sar"": ""dry"", ""optical"": ""abstain"", ""dem_hydrology"": ""abstain""}"
NRIV-00554,"210 Pacific Hwy, Tuncester NSW",0.0,0.0,0.0,0.0,0.0,Remote-Deny,96,Deny remotely — no significant flooding detected by satellite,Satellite data at 210 Pacific Hwy indicates 0.0ft depth; remote-deny per 96% confidence.,0,1,0.0,"[{""factor"": ""SAR recency"", ""delta"": 8, ""reason"": ""Imagery 3d post-event \u2014 fresh""}, {""factor"": ""Depth certainty"", ""delta"": 10, ""reason"": ""Near-zero depth \u2014 confidently not flooded""}, {""factor"": ""Coverage coherence"", ""delta"": 7, ""reason"": ""0% coverage \u2014 confidently dry""}, {""factor"": ""Optical cross-check"", ""delta"": 6, ""reason"": ""Sentinel-2 confirms dry ground \u2014 sensors agree""}]",0,,"{""sar"": ""dry"", ""optical"": ""dry"", ""dem_hydrology"": ""dry""}"
NRIV-00555,"75 River Rd, Tuncester NSW",0.0,0.0,0.0,0.0,0.0,Remote-Deny,96,Deny remotely — no significant flooding detected by satellite,Satellite data at 75 River Rd indicates 0.0ft depth; remote-deny per 96% confidence.,0,1,0.0,"[{""factor"": ""SAR recency"", ""delta"": 8, ""reason"": ""Imagery 3d post-event \u2014 fresh""}, {""factor"": ""Depth certainty"", ""delta"": 10, ""reason"": ""Near-zero depth \u2014 confidently not flooded""}, {""factor"": ""Coverage coherence"", ""delta"": 7, ""reason"": ""0% coverage \u2014 confidently dry""}, {""factor"": ""Optical cross-check"", ""delta"": 6, ""reason"": ""Sentinel-2 confirms dry ground \u2014 sensors agree""}]",0,,"{""sar"": ""dry"", ""optical"": ""dry"", ""dem_hydrology"": ""dry""}"
NRIV-00556,"89 Molesworth St, Tuncester NSW",0.0,0.0,0.0,0.0,0.0,Remote-Deny,96,Deny remotely — no significant flooding detected by satellite,Satellite data at 89 Molesworth St indicates 0.0ft depth; remote-deny per 96% confidence.,0,1,0.0,"[{""factor"": ""SAR recency"", ""delta"": 8, ""reason"": ""Imagery 3d post-event \u2014 fresh""}, {""factor"": ""Depth certainty"", ""delta"": 10, ""reason"": ""Near-zero depth \u2014 confidently not flooded""}, {""factor"": ""Coverage coherence"", ""delta"": 7, ""reason"": ""0% coverage \u2014 confidently dry""}, {""factor"": ""Optical cross-check"", ""delta"": 6, ""reason"": ""Sentinel-2 confirms dry ground \u2014 sensors agree""}]",0,,"{""sar"": ""dry"", ""optical"": ""dry"", ""dem_hydrology"": ""abstain""}"
NRIV-00557,"55 Bridge St, Tuncester NSW",0.0,0.0,0.0,0.0,0.0,Remote-Deny,90,Deny remotely — no significant flooding detected by satellite,Satellite data at 55 Bridge St indicates 0.0ft depth; remote-deny per 90% confidence.,0,0,0.0,"[{""factor"": ""SAR recency"", ""delta"": 8, ""reason"": ""Imagery 3d post-event \u2014 fresh""}, {""factor"": ""Depth certainty"", ""delta"": 10, ""reason"": ""Near-zero depth \u2014 confidently not flooded""}, {""factor"": ""Coverage coherence"", ""delta"": 7, ""reason"": ""0% coverage \u2014 confidently dry""}]",0,,"{""sar"": ""dry"", ""optical"": ""abstain"", ""dem_hydrology"": ""abstain""}"
NRIV-00558,"144 Wilson St, South Lismore NSW",0.0,0.0,0.0,0.0,0.0,Remote-Deny,90,Deny remotely — no significant flooding detected by satellite,Satellite data at 144 Wilson St indicates 0.0ft depth; remote-deny per 90% confidence.,0,0,0.0,"[{""factor"": ""SAR recency"", ""delta"": 8, ""reason"": ""Imagery 3d post-event \u2014 fresh""}, {""factor"": ""Depth certainty"", ""delta"": 10, ""reason"": ""Near-zero depth \u2014 confidently not flooded""}, {""factor"": ""Coverage coherence"", ""delta"": 7, ""reason"": ""0% coverage \u2014 confidently dry""}]",0,,"{""sar"": ""dry"", ""optical"": ""abstain"", ""dem_hydrology"": ""dry""}"
NRIV-00559,"190 Bagotville Rd, South Lismore NSW",0.0,0.0,0.0,0.0,0.0,Remote-Deny,90,Deny remotely — no significant flooding detected by satellite,Satellite data at 190 Bagotville Rd indicates 0.0ft depth; remote-deny per 90% confidence.,0,0,0.0,"[{""factor"": ""SAR recency"", ""delta"": 8, ""reason"": ""Imagery 3d post-event \u2014 fresh""}, {""factor"": ""Depth certainty"", ""delta"": 10, ""reason"": ""Near-zero depth \u2014 confidently not flooded""}, {""factor"": ""Coverage coherence"", ""delta"": 7, ""reason"": ""0% coverage \u2014 confidently dry""}]",0,,"{""sar"": ""dry"", ""optical"": ""abstain"", ""dem_hydrology"": ""dry""}"
NRIV-00560,"136 Bridge St, South Lismore NSW",0.0,0.0,0.0,0.0,0.0,Remote-Deny,90,Deny remotely — no significant flooding detected by satellite,Satellite data at 136 Bridge St indicates 0.0ft depth; remote-deny per 90% confidence.,0,0,0.0,"[{""factor"": ""SAR recency"", ""delta"": 8, ""reason"": ""Imagery 3d post-event \u2014 fresh""}, {""factor"": ""Depth certainty"", ""delta"": 10, ""reason"": ""Near-zero depth \u2014 confidently not flooded""}, {""factor"": ""Coverage coherence"", ""delta"": 7, ""reason"": ""0% coverage \u2014 confidently dry""}]",0,,"{""sar"": ""dry"", ""optical"": ""abstain"", ""dem_hydrology"": ""dry""}"
NRIV-00561,"106 Pacific Hwy, South Lismore NSW",0.0,0.0,0.0,0.0,0.0,Remote-Deny,90,Deny remotely — no significant flooding detected by satellite,Satellite data at 106 Pacific Hwy indicates 0.0ft depth; remote-deny per 90% confidence.,0,0,0.0,"[{""factor"": ""SAR recency"", ""delta"": 8, ""reason"": ""Imagery 3d post-event \u2014 fresh""}, {""factor"": ""Depth certainty"", ""delta"": 10, ""reason"": ""Near-zero depth \u2014 confidently not flooded""}, {""factor"": ""Coverage coherence"", ""delta"": 7, ""reason"": ""0% coverage \u2014 confidently dry""}]",0,,"{""sar"": ""dry"", ""optical"": ""abstain"", ""dem_hydrology"": ""dry""}"
NRIV-00562,"198 Wyrallah Rd, South Lismore NSW",0.0,0.0,0.0,0.0,0.0,Remote-Deny,90,Deny remotely — no significant flooding detected by satellite,Satellite data at 198 Wyrallah Rd indicates 0.0ft depth; remote-deny per 90% confidence.,0,0,0.0,"[{""factor"": ""SAR recency"", ""delta"": 8, ""reason"": ""Imagery 3d post-event \u2014 fresh""}, {""factor"": ""Depth certainty"", ""delta"": 10, ""reason"": ""Near-zero depth \u2014 confidently not flooded""}, {""factor"": ""Coverage coherence"", ""delta"": 7, ""reason"": ""0% coverage \u2014 confidently dry""}]",0,,"{""sar"": ""dry"", ""optical"": ""abstain"", ""dem_hydrology"": ""dry""}"
NRIV-00563,"41 Codrington Rd, South Lismore NSW",0.0,0.0,0.0,0.0,0.0,Remote-Deny,90,Deny remotely — no significant flooding detected by satellite,Satellite data at 41 Codrington Rd indicates 0.0ft depth; remote-deny per 90% confidence.,0,0,0.0,"[{""factor"": ""SAR recency"", ""delta"": 8, ""reason"": ""Imagery 3d post-event \u2014 fresh""}, {""factor"": ""Depth certainty"", ""delta"": 10, ""reason"": ""Near-zero depth \u2014 confidently not flooded""}, {""factor"": ""Coverage coherence"", ""delta"": 7, ""reason"": ""0% coverage \u2014 confidently dry""}]",0,,"{""sar"": ""dry"", ""optical"": ""abstain"", ""dem_hydrology"": ""dry""}"
NRIV-00564,"122 Molesworth St, South Lismore NSW",0.0,0.0,0.0,0.0,0.0,Remote-Deny,90,Deny remotely — no significant flooding detected by satellite,Satellite data at 122 Molesworth St indicates 0.0ft depth; remote-deny per 90% confidence.,0,0,0.0,"[{""factor"": ""SAR recency"", ""delta"": 8, ""reason"": ""Imagery 3d post-event \u2014 fresh""}, {""factor"": ""Depth certainty"", ""delta"": 10, ""reason"": ""Near-zero depth \u2014 confidently not flooded""}, {""factor"": ""Coverage coherence"", ""delta"": 7, ""reason"": ""0% coverage \u2014 confidently dry""}]",0,,"{""sar"": ""dry"", ""optical"": ""abstain"", ""dem_hydrology"": ""dry""}"
NRIV-00565,"74 Pacific Hwy, South Lismore NSW",0.0,0.0,0.0,0.0,0.0,Remote-Deny,90,Deny remotely — no significant flooding detected by satellite,Satellite data at 74 Pacific Hwy indicates 0.0ft depth; remote-deny per 90% confidence.,0,0,0.0,"[{""factor"": ""SAR recency"", ""delta"": 8, ""reason"": ""Imagery 3d post-event \u2014 fresh""}, {""factor"": ""Depth certainty"", ""delta"": 10, ""reason"": ""Near-zero depth \u2014 confidently not flooded""}, {""factor"": ""Coverage coherence"", ""delta"": 7, ""reason"": ""0% coverage \u2014 confidently dry""}]",0,,"{""sar"": ""dry"", ""optical"": ""abstain"", ""dem_hydrology"": ""dry""}"
NRIV-00566,"197 Richmond Tce, South Lismore NSW",0.0,0.0,0.0,0.0,0.0,Remote-Deny,90,Deny remotely — no significant flooding detected by satellite,Satellite data at 197 Richmond Tce indicates 0.0ft depth; remote-deny per 90% confidence.,0,0,0.0,"[{""factor"": ""SAR recency"", ""delta"": 8, ""reason"": ""Imagery 3d post-event \u2014 fresh""}, {""factor"": ""Depth certainty"", ""delta"": 10, ""reason"": ""Near-zero depth \u2014 confidently not flooded""}, {""factor"": ""Coverage coherence"", ""delta"": 7, ""reason"": ""0% coverage \u2014 confidently dry""}]",0,,"{""sar"": ""dry"", ""optical"": ""abstain"", ""dem_hydrology"": ""dry""}"
NRIV-00567,"190 Wilson St, South Lismore NSW",0.0,0.0,0.0,0.0,0.0,Remote-Deny,90,Deny remotely — no significant flooding detected by satellite,Satellite data at 190 Wilson St indicates 0.0ft depth; remote-deny per 90% confidence.,0,0,0.0,"[{""factor"": ""SAR recency"", ""delta"": 8, ""reason"": ""Imagery 3d post-event \u2014 fresh""}, {""factor"": ""Depth certainty"", ""delta"": 10, ""reason"": ""Near-zero depth \u2014 confidently not flooded""}, {""factor"": ""Coverage coherence"", ""delta"": 7, ""reason"": ""0% coverage \u2014 confidently dry""}]",0,,"{""sar"": ""dry"", ""optical"": ""abstain"", ""dem_hydrology"": ""dry""}"
NRIV-00568,"45 Codrington Rd, South Lismore NSW",0.0,0.0,0.0,0.0,0.0,Remote-Deny,90,Deny remotely — no significant flooding detected by satellite,Satellite data at 45 Codrington Rd indicates 0.0ft depth; remote-deny per 90% confidence.,0,0,0.0,"[{""factor"": ""SAR recency"", ""delta"": 8, ""reason"": ""Imagery 3d post-event \u2014 fresh""}, {""factor"": ""Depth certainty"", ""delta"": 10, ""reason"": ""Near-zero depth \u2014 confidently not flooded""}, {""factor"": ""Coverage coherence"", ""delta"": 7, ""reason"": ""0% coverage \u2014 confidently dry""}]",0,,"{""sar"": ""dry"", ""optical"": ""abstain"", ""dem_hydrology"": ""dry""}"
NRIV-00569,"10 Codrington Rd, South Lismore NSW",0.0,0.0,0.0,0.0,0.0,Remote-Deny,90,Deny remotely — no significant flooding detected by satellite,Satellite data at 10 Codrington Rd indicates 0.0ft depth; remote-deny per 90% confidence.,0,0,0.0,"[{""factor"": ""SAR recency"", ""delta"": 8, ""reason"": ""Imagery 3d post-event \u2014 fresh""}, {""factor"": ""Depth certainty"", ""delta"": 10, ""reason"": ""Near-zero depth \u2014 confidently not flooded""}, {""factor"": ""Coverage coherence"", ""delta"": 7, ""reason"": ""0% coverage \u2014 confidently dry""}]",0,,"{""sar"": ""dry"", ""optical"": ""abstain"", ""dem_hydrology"": ""dry""}"
NRIV-00570,"192 Mill Rd, Broadwater NSW",0.0,0.0,0.0,0.0,0.0,Remote-Deny,90,Deny remotely — no significant flooding detected by satellite,Satellite data at 192 Mill Rd indicates 0.0ft depth; remote-deny per 90% confidence.,0,0,0.0,"[{""factor"": ""SAR recency"", ""delta"": 8, ""reason"": ""Imagery 3d post-event \u2014 fresh""}, {""factor"": ""Depth certainty"", ""delta"": 10, ""reason"": ""Near-zero depth \u2014 confidently not flooded""}, {""factor"": ""Coverage coherence"", ""delta"": 7, ""reason"": ""0% coverage \u2014 confidently dry""}]",0,,"{""sar"": ""dry"", ""optical"": ""abstain"", ""dem_hydrology"": ""dry""}"
NRIV-00571,"146 Bagotville Rd, Broadwater NSW",0.0,0.0,0.0,0.0,0.0,Remote-Deny,90,Deny remotely — no significant flooding detected by satellite,Satellite data at 146 Bagotville Rd indicates 0.0ft depth; remote-deny per 90% confidence.,0,0,0.0,"[{""factor"": ""SAR recency"", ""delta"": 8, ""reason"": ""Imagery 3d post-event \u2014 fresh""}, {""factor"": ""Depth certainty"", ""delta"": 10, ""reason"": ""Near-zero depth \u2014 confidently not flooded""}, {""factor"": ""Coverage coherence"", ""delta"": 7, ""reason"": ""0% coverage \u2014 confidently dry""}]",0,,"{""sar"": ""dry"", ""optical"": ""abstain"", ""dem_hydrology"": ""dry""}"
NRIV-00572,"73 Molesworth St, Broadwater NSW",0.0,0.0,0.0,0.0,0.0,Remote-Deny,90,Deny remotely — no significant flooding detected by satellite,Satellite data at 73 Molesworth St indicates 0.0ft depth; remote-deny per 90% confidence.,0,0,0.0,"[{""factor"": ""SAR recency"", ""delta"": 8, ""reason"": ""Imagery 3d post-event \u2014 fresh""}, {""factor"": ""Depth certainty"", ""delta"": 10, ""reason"": ""Near-zero depth \u2014 confidently not flooded""}, {""factor"": ""Coverage coherence"", ""delta"": 7, ""reason"": ""0% coverage \u2014 confidently dry""}]",0,,"{""sar"": ""dry"", ""optical"": ""abstain"", ""dem_hydrology"": ""dry""}"
NRIV-00573,"127 Wyrallah Rd, Broadwater NSW",0.0,0.0,0.0,0.0,0.0,Remote-Deny,81,Deny remotely — no significant flooding detected by satellite,Satellite data at 127 Wyrallah Rd indicates 0.0ft depth; remote-deny per 81% confidence.,1,1,0.0,"[{""factor"": ""SAR recency"", ""delta"": 8, ""reason"": ""Imagery 3d post-event \u2014 fresh""}, {""factor"": ""Depth certainty"", ""delta"": 10, ""reason"": ""Near-zero depth \u2014 confidently not flooded""}, {""factor"": ""Coverage coherence"", ""delta"": 7, ""reason"": ""0% coverage \u2014 confidently dry""}, {""factor"": ""Urban SAR shadow"", ""delta"": -15, ""reason"": ""Dense urban area \u2014 radar shadow can mimic water""}, {""factor"": ""Optical cross-check"", ""delta"": 6, ""reason"": ""Sentinel-2 confirms dry ground \u2014 sensors agree""}]",0,,"{""sar"": ""dry"", ""optical"": ""dry"", ""dem_hydrology"": ""dry""}"
NRIV-00574,"50 Richmond Tce, Broadwater NSW",0.0,0.0,0.0,0.0,0.0,Remote-Deny,90,Deny remotely — no significant flooding detected by satellite,Satellite data at 50 Richmond Tce indicates 0.0ft depth; remote-deny per 90% confidence.,0,0,0.0,"[{""factor"": ""SAR recency"", ""delta"": 8, ""reason"": ""Imagery 3d post-event \u2014 fresh""}, {""factor"": ""Depth certainty"", ""delta"": 10, ""reason"": ""Near-zero depth \u2014 confidently not flooded""}, {""factor"": ""Coverage coherence"", ""delta"": 7, ""reason"": ""0% coverage \u2014 confidently dry""}]",0,,"{""sar"": ""dry"", ""optical"": ""abstain"", ""dem_hydrology"": ""flood""}"
NRIV-00575,"166 Mill Rd, Broadwater NSW",0.0,0.0,0.0,0.0,0.0,Review,75,Flag for manual review — borderline measurements or low confidence,Satellite data at 166 Mill Rd indicates 0.0ft depth; review per 75% confidence.,1,0,0.0,"[{""factor"": ""SAR recency"", ""delta"": 8, ""reason"": ""Imagery 3d post-event \u2014 fresh""}, {""factor"": ""Depth certainty"", ""delta"": 10, ""reason"": ""Near-zero depth \u2014 confidently not flooded""}, {""factor"": ""Coverage coherence"", ""delta"": 7, ""reason"": ""0% coverage \u2014 confidently dry""}, {""factor"": ""Urban SAR shadow"", ""delta"": -15, ""reason"": ""Dense urban area \u2014 radar shadow can mimic water""}]",0,,"{""sar"": ""dry"", ""optical"": ""abstain"", ""dem_hydrology"": ""dry""}"
NRIV-00576,"87 Mill Rd, Tuncester NSW",0.0,0.0,0.0,0.0,0.0,Remote-Deny,90,Deny remotely — no significant flooding detected by satellite,Satellite data at 87 Mill Rd indicates 0.0ft depth; remote-deny per 90% confidence.,0,0,0.0,"[{""factor"": ""SAR recency"", ""delta"": 8, ""reason"": ""Imagery 3d post-event \u2014 fresh""}, {""factor"": ""Depth certainty"", ""delta"": 10, ""reason"": ""Near-zero depth \u2014 confidently not flooded""}, {""factor"": ""Coverage coherence"", ""delta"": 7, ""reason"": ""0% coverage \u2014 confidently dry""}]",0,,"{""sar"": ""dry"", ""optical"": ""abstain"", ""dem_hydrology"": ""dry""}"
NRIV-00577,"45 Bagotville Rd, Tuncester NSW",0.0,0.0,0.0,0.0,0.0,Remote-Deny,96,Deny remotely — no significant flooding detected by satellite,Satellite data at 45 Bagotville Rd indicates 0.0ft depth; remote-deny per 96% confidence.,0,1,0.0,"[{""factor"": ""SAR recency"", ""delta"": 8, ""reason"": ""Imagery 3d post-event \u2014 fresh""}, {""factor"": ""Depth certainty"", ""delta"": 10, ""reason"": ""Near-zero depth \u2014 confidently not flooded""}, {""factor"": ""Coverage coherence"", ""delta"": 7, ""reason"": ""0% coverage \u2014 confidently dry""}, {""factor"": ""Optical cross-check"", ""delta"": 6, ""reason"": ""Sentinel-2 confirms dry ground \u2014 sensors agree""}]",0,,"{""sar"": ""dry"", ""optical"": ""dry"", ""dem_hydrology"": ""flood""}"
NRIV-00578,"212 Codrington Rd, Tuncester NSW",0.0,0.0,0.0,0.0,0.0,Remote-Deny,90,Deny remotely — no significant flooding detected by satellite,Satellite data at 212 Codrington Rd indicates 0.0ft depth; remote-deny per 90% confidence.,0,0,0.0,"[{""factor"": ""SAR recency"", ""delta"": 8, ""reason"": ""Imagery 3d post-event \u2014 fresh""}, {""factor"": ""Depth certainty"", ""delta"": 10, ""reason"": ""Near-zero depth \u2014 confidently not flooded""}, {""factor"": ""Coverage coherence"", ""delta"": 7, ""reason"": ""0% coverage \u2014 confidently dry""}]",0,,"{""sar"": ""dry"", ""optical"": ""abstain"", ""dem_hydrology"": ""dry""}"
NRIV-00579,"172 Richmond Tce, Tuncester NSW",0.0,0.0,0.0,0.0,0.0,Remote-Deny,96,Deny remotely — no significant flooding detected by satellite,Satellite data at 172 Richmond Tce indicates 0.0ft depth; remote-deny per 96% confidence.,0,1,0.0,"[{""factor"": ""SAR recency"", ""delta"": 8, ""reason"": ""Imagery 3d post-event \u2014 fresh""}, {""factor"": ""Depth certainty"", ""delta"": 10, ""reason"": ""Near-zero depth \u2014 confidently not flooded""}, {""factor"": ""Coverage coherence"", ""delta"": 7, ""reason"": ""0% coverage \u2014 confidently dry""}, {""factor"": ""Optical cross-check"", ""delta"": 6, ""reason"": ""Sentinel-2 confirms dry ground \u2014 sensors agree""}]",0,,"{""sar"": ""dry"", ""optical"": ""dry"", ""dem_hydrology"": ""dry""}"
NRIV-00580,"83 Bridge St, Tuncester NSW",0.0,0.0,0.0,0.0,0.0,Remote-Deny,90,Deny remotely — no significant flooding detected by satellite,Satellite data at 83 Bridge St indicates 0.0ft depth; remote-deny per 90% confidence.,0,0,0.0,"[{""factor"": ""SAR recency"", ""delta"": 8, ""reason"": ""Imagery 3d post-event \u2014 fresh""}, {""factor"": ""Depth certainty"", ""delta"": 10, ""reason"": ""Near-zero depth \u2014 confidently not flooded""}, {""factor"": ""Coverage coherence"", ""delta"": 7, ""reason"": ""0% coverage \u2014 confidently dry""}]",0,,"{""sar"": ""dry"", ""optical"": ""abstain"", ""dem_hydrology"": ""dry""}"
NRIV-00581,"115 Mill Rd, Tuncester NSW",0.0,0.0,0.0,0.0,0.0,Remote-Deny,96,Deny remotely — no significant flooding detected by satellite,Satellite data at 115 Mill Rd indicates 0.0ft depth; remote-deny per 96% confidence.,0,1,0.0,"[{""factor"": ""SAR recency"", ""delta"": 8, ""reason"": ""Imagery 3d post-event \u2014 fresh""}, {""factor"": ""Depth certainty"", ""delta"": 10, ""reason"": ""Near-zero depth \u2014 confidently not flooded""}, {""factor"": ""Coverage coherence"", ""delta"": 7, ""reason"": ""0% coverage \u2014 confidently dry""}, {""factor"": ""Optical cross-check"", ""delta"": 6, ""reason"": ""Sentinel-2 confirms dry ground \u2014 sensors agree""}]",0,,"{""sar"": ""dry"", ""optical"": ""dry"", ""dem_hydrology"": ""dry""}"
NRIV-00582,"186 Bagotville Rd, South Lismore NSW",0.0,0.0,0.0,0.0,0.0,Remote-Deny,90,Deny remotely — no significant flooding detected by satellite,Satellite data at 186 Bagotville Rd indicates 0.0ft depth; remote-deny per 90% confidence.,0,0,0.0,"[{""factor"": ""SAR recency"", ""delta"": 8, ""reason"": ""Imagery 3d post-event \u2014 fresh""}, {""factor"": ""Depth certainty"", ""delta"": 10, ""reason"": ""Near-zero depth \u2014 confidently not flooded""}, {""factor"": ""Coverage coherence"", ""delta"": 7, ""reason"": ""0% coverage \u2014 confidently dry""}]",0,,"{""sar"": ""dry"", ""optical"": ""abstain"", ""dem_hydrology"": ""flood""}"
NRIV-00583,"178 Bridge St, South Lismore NSW",0.0,0.0,0.0,0.0,0.0,Remote-Deny,90,Deny remotely — no significant flooding detected by satellite,Satellite data at 178 Bridge St indicates 0.0ft depth; remote-deny per 90% confidence.,0,0,0.0,"[{""factor"": ""SAR recency"", ""delta"": 8, ""reason"": ""Imagery 3d post-event \u2014 fresh""}, {""factor"": ""Depth certainty"", ""delta"": 10, ""reason"": ""Near-zero depth \u2014 confidently not flooded""}, {""factor"": ""Coverage coherence"", ""delta"": 7, ""reason"": ""0% coverage \u2014 confidently dry""}]",0,,"{""sar"": ""dry"", ""optical"": ""abstain"", ""dem_hydrology"": ""abstain""}"
NRIV-00584,"79 Wyrallah Rd, South Lismore NSW",0.0,0.0,0.0,0.0,0.0,Remote-Deny,90,Deny remotely — no significant flooding detected by satellite,Satellite data at 79 Wyrallah Rd indicates 0.0ft depth; remote-deny per 90% confidence.,0,0,0.0,"[{""factor"": ""SAR recency"", ""delta"": 8, ""reason"": ""Imagery 3d post-event \u2014 fresh""}, {""factor"": ""Depth certainty"", ""delta"": 10, ""reason"": ""Near-zero depth \u2014 confidently not flooded""}, {""factor"": ""Coverage coherence"", ""delta"": 7, ""reason"": ""0% coverage \u2014 confidently dry""}]",0,,"{""sar"": ""dry"", ""optical"": ""abstain"", ""dem_hydrology"": ""dry""}"
NRIV-00585,"181 Mill Rd, South Lismore NSW",0.0,0.0,0.0,0.0,0.0,Remote-Deny,96,Deny remotely — no significant flooding detected by satellite,Satellite data at 181 Mill Rd indicates 0.0ft depth; remote-deny per 96% confidence.,0,1,0.0,"[{""factor"": ""SAR recency"", ""delta"": 8, ""reason"": ""Imagery 3d post-event \u2014 fresh""}, {""factor"": ""Depth certainty"", ""delta"": 10, ""reason"": ""Near-zero depth \u2014 confidently not flooded""}, {""factor"": ""Coverage coherence"", ""delta"": 7, ""reason"": ""0% coverage \u2014 confidently dry""}, {""factor"": ""Optical cross-check"", ""delta"": 6, ""reason"": ""Sentinel-2 confirms dry ground \u2014 sensors agree""}]",0,,"{""sar"": ""dry"", ""optical"": ""dry"", ""dem_hydrology"": ""dry""}"
NRIV-00586,"76 Pacific Hwy, South Lismore NSW",0.0,0.0,0.0,0.0,0.0,Remote-Deny,96,Deny remotely — no significant flooding detected by satellite,Satellite data at 76 Pacific Hwy indicates 0.0ft depth; remote-deny per 96% confidence.,0,1,0.0,"[{""factor"": ""SAR recency"", ""delta"": 8, ""reason"": ""Imagery 3d post-event \u2014 fresh""}, {""factor"": ""Depth certainty"", ""delta"": 10, ""reason"": ""Near-zero depth \u2014 confidently not flooded""}, {""factor"": ""Coverage coherence"", ""delta"": 7, ""reason"": ""0% coverage \u2014 confidently dry""}, {""factor"": ""Optical cross-check"", ""delta"": 6, ""reason"": ""Sentinel-2 confirms dry ground \u2014 sensors agree""}]",0,,"{""sar"": ""dry"", ""optical"": ""dry"", ""dem_hydrology"": ""dry""}"
NRIV-00587,"35 Molesworth St, South Lismore NSW",0.0,0.0,0.0,0.0,0.0,Remote-Deny,96,Deny remotely — no significant flooding detected by satellite,Satellite data at 35 Molesworth St indicates 0.0ft depth; remote-deny per 96% confidence.,0,1,0.0,"[{""factor"": ""SAR recency"", ""delta"": 8, ""reason"": ""Imagery 3d post-event \u2014 fresh""}, {""factor"": ""Depth certainty"", ""delta"": 10, ""reason"": ""Near-zero depth \u2014 confidently not flooded""}, {""factor"": ""Coverage coherence"", ""delta"": 7, ""reason"": ""0% coverage \u2014 confidently dry""}, {""factor"": ""Optical cross-check"", ""delta"": 6, ""reason"": ""Sentinel-2 confirms dry ground \u2014 sensors agree""}]",0,,"{""sar"": ""dry"", ""optical"": ""dry"", ""dem_hydrology"": ""dry""}"
NRIV-00588,"156 Pacific Hwy, South Lismore NSW",0.0,0.0,0.0,0.0,0.0,Remote-Deny,96,Deny remotely — no significant flooding detected by satellite,Satellite data at 156 Pacific Hwy indicates 0.0ft depth; remote-deny per 96% confidence.,0,1,0.0,"[{""factor"": ""SAR recency"", ""delta"": 8, ""reason"": ""Imagery 3d post-event \u2014 fresh""}, {""factor"": ""Depth certainty"", ""delta"": 10, ""reason"": ""Near-zero depth \u2014 confidently not flooded""}, {""factor"": ""Coverage coherence"", ""delta"": 7, ""reason"": ""0% coverage \u2014 confidently dry""}, {""factor"": ""Optical cross-check"", ""delta"": 6, ""reason"": ""Sentinel-2 confirms dry ground \u2014 sensors agree""}]",0,,"{""sar"": ""dry"", ""optical"": ""dry"", ""dem_hydrology"": ""dry""}"
NRIV-00589,"121 Casino Rd, South Lismore NSW",0.0,0.0,0.0,0.0,0.0,Remote-Deny,90,Deny remotely — no significant flooding detected by satellite,Satellite data at 121 Casino Rd indicates 0.0ft depth; remote-deny per 90% confidence.,0,0,0.0,"[{""factor"": ""SAR recency"", ""delta"": 8, ""reason"": ""Imagery 3d post-event \u2014 fresh""}, {""factor"": ""Depth certainty"", ""delta"": 10, ""reason"": ""Near-zero depth \u2014 confidently not flooded""}, {""factor"": ""Coverage coherence"", ""delta"": 7, ""reason"": ""0% coverage \u2014 confidently dry""}]",0,,"{""sar"": ""dry"", ""optical"": ""abstain"", ""dem_hydrology"": ""dry""}"
NRIV-00590,"196 Bridge St, South Lismore NSW",0.0,0.0,0.0,0.0,0.0,Remote-Deny,90,Deny remotely — no significant flooding detected by satellite,Satellite data at 196 Bridge St indicates 0.0ft depth; remote-deny per 90% confidence.,0,0,0.0,"[{""factor"": ""SAR recency"", ""delta"": 8, ""reason"": ""Imagery 3d post-event \u2014 fresh""}, {""factor"": ""Depth certainty"", ""delta"": 10, ""reason"": ""Near-zero depth \u2014 confidently not flooded""}, {""factor"": ""Coverage coherence"", ""delta"": 7, ""reason"": ""0% coverage \u2014 confidently dry""}]",0,,"{""sar"": ""dry"", ""optical"": ""abstain"", ""dem_hydrology"": ""dry""}"
NRIV-00591,"202 Richmond Tce, South Lismore NSW",0.0,0.0,0.0,0.0,0.0,Remote-Deny,90,Deny remotely — no significant flooding detected by satellite,Satellite data at 202 Richmond Tce indicates 0.0ft depth; remote-deny per 90% confidence.,0,0,0.0,"[{""factor"": ""SAR recency"", ""delta"": 8, ""reason"": ""Imagery 3d post-event \u2014 fresh""}, {""factor"": ""Depth certainty"", ""delta"": 10, ""reason"": ""Near-zero depth \u2014 confidently not flooded""}, {""factor"": ""Coverage coherence"", ""delta"": 7, ""reason"": ""0% coverage \u2014 confidently dry""}]",0,,"{""sar"": ""dry"", ""optical"": ""abstain"", ""dem_hydrology"": ""dry""}"
NRIV-00592,"93 Richmond Tce, South Lismore NSW",0.0,0.0,0.0,0.0,0.0,Remote-Deny,90,Deny remotely — no significant flooding detected by satellite,Satellite data at 93 Richmond Tce indicates 0.0ft depth; remote-deny per 90% confidence.,0,0,0.0,"[{""factor"": ""SAR recency"", ""delta"": 8, ""reason"": ""Imagery 3d post-event \u2014 fresh""}, {""factor"": ""Depth certainty"", ""delta"": 10, ""reason"": ""Near-zero depth \u2014 confidently not flooded""}, {""factor"": ""Coverage coherence"", ""delta"": 7, ""reason"": ""0% coverage \u2014 confidently dry""}]",0,,"{""sar"": ""dry"", ""optical"": ""abstain"", ""dem_hydrology"": ""dry""}"
NRIV-00593,"213 Casino Rd, South Lismore NSW",0.0,0.0,0.0,0.0,0.0,Remote-Deny,96,Deny remotely — no significant flooding detected by satellite,Satellite data at 213 Casino Rd indicates 0.0ft depth; remote-deny per 96% confidence.,0,1,0.0,"[{""factor"": ""SAR recency"", ""delta"": 8, ""reason"": ""Imagery 3d post-event \u2014 fresh""}, {""factor"": ""Depth certainty"", ""delta"": 10, ""reason"": ""Near-zero depth \u2014 confidently not flooded""}, {""factor"": ""Coverage coherence"", ""delta"": 7, ""reason"": ""0% coverage \u2014 confidently dry""}, {""factor"": ""Optical cross-check"", ""delta"": 6, ""reason"": ""Sentinel-2 confirms dry ground \u2014 sensors agree""}]",0,,"{""sar"": ""dry"", ""optical"": ""dry"", ""dem_hydrology"": ""dry""}"
NRIV-00594,"138 Wyrallah Rd, South Lismore NSW",0.0,0.0,0.0,0.0,0.0,Remote-Deny,90,Deny remotely — no significant flooding detected by satellite,Satellite data at 138 Wyrallah Rd indicates 0.0ft depth; remote-deny per 90% confidence.,0,0,0.0,"[{""factor"": ""SAR recency"", ""delta"": 8, ""reason"": ""Imagery 3d post-event \u2014 fresh""}, {""factor"": ""Depth certainty"", ""delta"": 10, ""reason"": ""Near-zero depth \u2014 confidently not flooded""}, {""factor"": ""Coverage coherence"", ""delta"": 7, ""reason"": ""0% coverage \u2014 confidently dry""}]",0,,"{""sar"": ""dry"", ""optical"": ""abstain"", ""dem_hydrology"": ""dry""}"
NRIV-00595,"114 Richmond Tce, South Lismore NSW",0.0,0.0,0.0,0.0,0.0,Remote-Deny,90,Deny remotely — no significant flooding detected by satellite,Satellite data at 114 Richmond Tce indicates 0.0ft depth; remote-deny per 90% confidence.,0,0,0.0,"[{""factor"": ""SAR recency"", ""delta"": 8, ""reason"": ""Imagery 3d post-event \u2014 fresh""}, {""factor"": ""Depth certainty"", ""delta"": 10, ""reason"": ""Near-zero depth \u2014 confidently not flooded""}, {""factor"": ""Coverage coherence"", ""delta"": 7, ""reason"": ""0% coverage \u2014 confidently dry""}]",0,,"{""sar"": ""dry"", ""optical"": ""abstain"", ""dem_hydrology"": ""dry""}"
NRIV-00596,"126 Richmond Tce, Broadwater NSW",0.0,0.0,0.0,0.0,0.0,Remote-Deny,90,Deny remotely — no significant flooding detected by satellite,Satellite data at 126 Richmond Tce indicates 0.0ft depth; remote-deny per 90% confidence.,0,0,0.0,"[{""factor"": ""SAR recency"", ""delta"": 8, ""reason"": ""Imagery 3d post-event \u2014 fresh""}, {""factor"": ""Depth certainty"", ""delta"": 10, ""reason"": ""Near-zero depth \u2014 confidently not flooded""}, {""factor"": ""Coverage coherence"", ""delta"": 7, ""reason"": ""0% coverage \u2014 confidently dry""}]",0,,"{""sar"": ""dry"", ""optical"": ""abstain"", ""dem_hydrology"": ""dry""}"
NRIV-00597,"15 Molesworth St, Broadwater NSW",0.0,0.0,0.0,0.0,0.0,Remote-Deny,96,Deny remotely — no significant flooding detected by satellite,Satellite data at 15 Molesworth St indicates 0.0ft depth; remote-deny per 96% confidence.,0,1,0.0,"[{""factor"": ""SAR recency"", ""delta"": 8, ""reason"": ""Imagery 3d post-event \u2014 fresh""}, {""factor"": ""Depth certainty"", ""delta"": 10, ""reason"": ""Near-zero depth \u2014 confidently not flooded""}, {""factor"": ""Coverage coherence"", ""delta"": 7, ""reason"": ""0% coverage \u2014 confidently dry""}, {""factor"": ""Optical cross-check"", ""delta"": 6, ""reason"": ""Sentinel-2 confirms dry ground \u2014 sensors agree""}]",0,,"{""sar"": ""dry"", ""optical"": ""dry"", ""dem_hydrology"": ""dry""}"
NRIV-00598,"145 River Rd, Broadwater NSW",0.0,0.0,0.0,0.0,0.0,Remote-Deny,90,Deny remotely — no significant flooding detected by satellite,Satellite data at 145 River Rd indicates 0.0ft depth; remote-deny per 90% confidence.,0,0,0.0,"[{""factor"": ""SAR recency"", ""delta"": 8, ""reason"": ""Imagery 3d post-event \u2014 fresh""}, {""factor"": ""Depth certainty"", ""delta"": 10, ""reason"": ""Near-zero depth \u2014 confidently not flooded""}, {""factor"": ""Coverage coherence"", ""delta"": 7, ""reason"": ""0% coverage \u2014 confidently dry""}]",0,,"{""sar"": ""dry"", ""optical"": ""abstain"", ""dem_hydrology"": ""dry""}"
NRIV-00599,"79 Wilson St, Broadwater NSW",0.0,0.0,0.0,0.0,0.0,Remote-Deny,90,Deny remotely — no significant flooding detected by satellite,Satellite data at 79 Wilson St indicates 0.0ft depth; remote-deny per 90% confidence.,0,0,0.0,"[{""factor"": ""SAR recency"", ""delta"": 8, ""reason"": ""Imagery 3d post-event \u2014 fresh""}, {""factor"": ""Depth certainty"", ""delta"": 10, ""reason"": ""Near-zero depth \u2014 confidently not flooded""}, {""factor"": ""Coverage coherence"", ""delta"": 7, ""reason"": ""0% coverage \u2014 confidently dry""}]",0,,"{""sar"": ""dry"", ""optical"": ""abstain"", ""dem_hydrology"": ""dry""}"
NRIV-00600,"1 Wilson St, Broadwater NSW",0.0,0.0,0.0,0.0,0.0,Remote-Deny,96,Deny remotely — no significant flooding detected by satellite,Satellite data at 1 Wilson St indicates 0.0ft depth; remote-deny per 96% confidence.,0,1,0.0,"[{""factor"": ""SAR recency"", ""delta"": 8, ""reason"": ""Imagery 3d post-event \u2014 fresh""}, {""factor"": ""Depth certainty"", ""delta"": 10, ""reason"": ""Near-zero depth \u2014 confidently not flooded""}, {""factor"": ""Coverage coherence"", ""delta"": 7, ""reason"": ""0% coverage \u2014 confidently dry""}, {""factor"": ""Optical cross-check"", ""delta"": 6, ""reason"": ""Sentinel-2 confirms dry ground \u2014 sensors agree""}]",0,,"{""sar"": ""dry"", ""optical"": ""dry"", ""dem_hydrology"": ""dry""}"
NRIV-00601,"109 Pacific Hwy, Tuncester NSW",0.0,0.0,0.0,0.0,0.0,Remote-Deny,90,Deny remotely — no significant flooding detected by satellite,Satellite data at 109 Pacific Hwy indicates 0.0ft depth; remote-deny per 90% confidence.,0,0,0.0,"[{""factor"": ""SAR recency"", ""delta"": 8, ""reason"": ""Imagery 3d post-event \u2014 fresh""}, {""factor"": ""Depth certainty"", ""delta"": 10, ""reason"": ""Near-zero depth \u2014 confidently not flooded""}, {""factor"": ""Coverage coherence"", ""delta"": 7, ""reason"": ""0% coverage \u2014 confidently dry""}]",0,,"{""sar"": ""dry"", ""optical"": ""abstain"", ""dem_hydrology"": ""flood""}"
NRIV-00602,"16 Richmond Tce, Tuncester NSW",0.0,0.0,0.0,0.0,0.0,Remote-Deny,90,Deny remotely — no significant flooding detected by satellite,Satellite data at 16 Richmond Tce indicates 0.0ft depth; remote-deny per 90% confidence.,0,0,0.0,"[{""factor"": ""SAR recency"", ""delta"": 8, ""reason"": ""Imagery 3d post-event \u2014 fresh""}, {""factor"": ""Depth certainty"", ""delta"": 10, ""reason"": ""Near-zero depth \u2014 confidently not flooded""}, {""factor"": ""Coverage coherence"", ""delta"": 7, ""reason"": ""0% coverage \u2014 confidently dry""}]",0,,"{""sar"": ""dry"", ""optical"": ""abstain"", ""dem_hydrology"": ""abstain""}"
NRIV-00603,"74 Codrington Rd, Tuncester NSW",0.0,0.0,0.0,0.0,0.0,Remote-Deny,96,Deny remotely — no significant flooding detected by satellite,Satellite data at 74 Codrington Rd indicates 0.0ft depth; remote-deny per 96% confidence.,0,1,0.0,"[{""factor"": ""SAR recency"", ""delta"": 8, ""reason"": ""Imagery 3d post-event \u2014 fresh""}, {""factor"": ""Depth certainty"", ""delta"": 10, ""reason"": ""Near-zero depth \u2014 confidently not flooded""}, {""factor"": ""Coverage coherence"", ""delta"": 7, ""reason"": ""0% coverage \u2014 confidently dry""}, {""factor"": ""Optical cross-check"", ""delta"": 6, ""reason"": ""Sentinel-2 confirms dry ground \u2014 sensors agree""}]",0,,"{""sar"": ""dry"", ""optical"": ""dry"", ""dem_hydrology"": ""dry""}"
NRIV-00604,"165 Wilson St, Tuncester NSW",0.0,0.0,0.0,0.0,0.0,Remote-Deny,90,Deny remotely — no significant flooding detected by satellite,Satellite data at 165 Wilson St indicates 0.0ft depth; remote-deny per 90% confidence.,0,0,0.0,"[{""factor"": ""SAR recency"", ""delta"": 8, ""reason"": ""Imagery 3d post-event \u2014 fresh""}, {""factor"": ""Depth certainty"", ""delta"": 10, ""reason"": ""Near-zero depth \u2014 confidently not flooded""}, {""factor"": ""Coverage coherence"", ""delta"": 7, ""reason"": ""0% coverage \u2014 confidently dry""}]",0,,"{""sar"": ""dry"", ""optical"": ""abstain"", ""dem_hydrology"": ""dry""}"
NRIV-00605,"98 Molesworth St, South Lismore NSW",0.0,0.0,0.0,0.0,0.0,Remote-Deny,96,Deny remotely — no significant flooding detected by satellite,Satellite data at 98 Molesworth St indicates 0.0ft depth; remote-deny per 96% confidence.,0,1,0.0,"[{""factor"": ""SAR recency"", ""delta"": 8, ""reason"": ""Imagery 3d post-event \u2014 fresh""}, {""factor"": ""Depth certainty"", ""delta"": 10, ""reason"": ""Near-zero depth \u2014 confidently not flooded""}, {""factor"": ""Coverage coherence"", ""delta"": 7, ""reason"": ""0% coverage \u2014 confidently dry""}, {""factor"": ""Optical cross-check"", ""delta"": 6, ""reason"": ""Sentinel-2 confirms dry ground \u2014 sensors agree""}]",0,,"{""sar"": ""dry"", ""optical"": ""dry"", ""dem_hydrology"": ""dry""}"
NRIV-00606,"97 Richmond Tce, South Lismore NSW",0.0,0.0,0.0,0.0,0.0,Remote-Deny,96,Deny remotely — no significant flooding detected by satellite,Satellite data at 97 Richmond Tce indicates 0.0ft depth; remote-deny per 96% confidence.,0,1,0.0,"[{""factor"": ""SAR recency"", ""delta"": 8, ""reason"": ""Imagery 3d post-event \u2014 fresh""}, {""factor"": ""Depth certainty"", ""delta"": 10, ""reason"": ""Near-zero depth \u2014 confidently not flooded""}, {""factor"": ""Coverage coherence"", ""delta"": 7, ""reason"": ""0% coverage \u2014 confidently dry""}, {""factor"": ""Optical cross-check"", ""delta"": 6, ""reason"": ""Sentinel-2 confirms dry ground \u2014 sensors agree""}]",0,,"{""sar"": ""dry"", ""optical"": ""dry"", ""dem_hydrology"": ""dry""}"
NRIV-00607,"139 Wyrallah Rd, South Lismore NSW",0.0,0.0,0.0,0.0,0.0,Remote-Deny,96,Deny remotely — no significant flooding detected by satellite,Satellite data at 139 Wyrallah Rd indicates 0.0ft depth; remote-deny per 96% confidence.,0,1,0.0,"[{""factor"": ""SAR recency"", ""delta"": 8, ""reason"": ""Imagery 3d post-event \u2014 fresh""}, {""factor"": ""Depth certainty"", ""delta"": 10, ""reason"": ""Near-zero depth \u2014 confidently not flooded""}, {""factor"": ""Coverage coherence"", ""delta"": 7, ""reason"": ""0% coverage \u2014 confidently dry""}, {""factor"": ""Optical cross-check"", ""delta"": 6, ""reason"": ""Sentinel-2 confirms dry ground \u2014 sensors agree""}]",0,,"{""sar"": ""dry"", ""optical"": ""dry"", ""dem_hydrology"": ""dry""}"
NRIV-00608,"46 Casino Rd, South Lismore NSW",3.0,0.0,0.0,0.0,0.0,Remote-Deny,90,Deny remotely — no significant flooding detected by satellite,Satellite data at 46 Casino Rd indicates 0.0ft depth; remote-deny per 90% confidence.,0,0,0.0,"[{""factor"": ""SAR recency"", ""delta"": 8, ""reason"": ""Imagery 3d post-event \u2014 fresh""}, {""factor"": ""Depth certainty"", ""delta"": 10, ""reason"": ""Near-zero depth \u2014 confidently not flooded""}, {""factor"": ""Coverage coherence"", ""delta"": 7, ""reason"": ""3% coverage \u2014 confidently dry""}]",0,,"{""sar"": ""dry"", ""optical"": ""abstain"", ""dem_hydrology"": ""dry""}"
NRIV-00609,"58 River Rd, South Lismore NSW",0.0,0.0,0.0,0.0,0.0,Remote-Deny,90,Deny remotely — no significant flooding detected by satellite,Satellite data at 58 River Rd indicates 0.0ft depth; remote-deny per 90% confidence.,0,0,0.0,"[{""factor"": ""SAR recency"", ""delta"": 8, ""reason"": ""Imagery 3d post-event \u2014 fresh""}, {""factor"": ""Depth certainty"", ""delta"": 10, ""reason"": ""Near-zero depth \u2014 confidently not flooded""}, {""factor"": ""Coverage coherence"", ""delta"": 7, ""reason"": ""0% coverage \u2014 confidently dry""}]",0,,"{""sar"": ""dry"", ""optical"": ""abstain"", ""dem_hydrology"": ""flood""}"
NRIV-00610,"119 Tuckombil Rd, South Lismore NSW",0.0,0.0,0.0,0.0,0.0,Remote-Deny,90,Deny remotely — no significant flooding detected by satellite,Satellite data at 119 Tuckombil Rd indicates 0.0ft depth; remote-deny per 90% confidence.,0,0,0.0,"[{""factor"": ""SAR recency"", ""delta"": 8, ""reason"": ""Imagery 3d post-event \u2014 fresh""}, {""factor"": ""Depth certainty"", ""delta"": 10, ""reason"": ""Near-zero depth \u2014 confidently not flooded""}, {""factor"": ""Coverage coherence"", ""delta"": 7, ""reason"": ""0% coverage \u2014 confidently dry""}]",0,,"{""sar"": ""dry"", ""optical"": ""abstain"", ""dem_hydrology"": ""abstain""}"
NRIV-00611,"98 Bridge St, South Lismore NSW",0.0,0.0,0.0,0.0,0.0,Remote-Deny,90,Deny remotely — no significant flooding detected by satellite,Satellite data at 98 Bridge St indicates 0.0ft depth; remote-deny per 90% confidence.,0,0,0.0004,"[{""factor"": ""SAR recency"", ""delta"": 8, ""reason"": ""Imagery 3d post-event \u2014 fresh""}, {""factor"": ""Depth certainty"", ""delta"": 10, ""reason"": ""Near-zero depth \u2014 confidently not flooded""}, {""factor"": ""Coverage coherence"", ""delta"": 7, ""reason"": ""0% coverage \u2014 confidently dry""}]",0,,"{""sar"": ""dry"", ""optical"": ""abstain"", ""dem_hydrology"": ""abstain""}"
NRIV-00612,"71 Bridge St, South Lismore NSW",0.0,0.0,0.0,0.0,0.0,Remote-Deny,96,Deny remotely — no significant flooding detected by satellite,Satellite data at 71 Bridge St indicates 0.0ft depth; remote-deny per 96% confidence.,0,1,0.0,"[{""factor"": ""SAR recency"", ""delta"": 8, ""reason"": ""Imagery 3d post-event \u2014 fresh""}, {""factor"": ""Depth certainty"", ""delta"": 10, ""reason"": ""Near-zero depth \u2014 confidently not flooded""}, {""factor"": ""Coverage coherence"", ""delta"": 7, ""reason"": ""0% coverage \u2014 confidently dry""}, {""factor"": ""Optical cross-check"", ""delta"": 6, ""reason"": ""Sentinel-2 confirms dry ground \u2014 sensors agree""}]",0,,"{""sar"": ""dry"", ""optical"": ""dry"", ""dem_hydrology"": ""dry""}"
NRIV-00613,"29 River Rd, South Lismore NSW",0.0,0.0,0.0,0.0,0.0,Remote-Deny,96,Deny remotely — no significant flooding detected by satellite,Satellite data at 29 River Rd indicates 0.0ft depth; remote-deny per 96% confidence.,0,1,0.0,"[{""factor"": ""SAR recency"", ""delta"": 8, ""reason"": ""Imagery 3d post-event \u2014 fresh""}, {""factor"": ""Depth certainty"", ""delta"": 10, ""reason"": ""Near-zero depth \u2014 confidently not flooded""}, {""factor"": ""Coverage coherence"", ""delta"": 7, ""reason"": ""0% coverage \u2014 confidently dry""}, {""factor"": ""Optical cross-check"", ""delta"": 6, ""reason"": ""Sentinel-2 confirms dry ground \u2014 sensors agree""}]",0,,"{""sar"": ""dry"", ""optical"": ""dry"", ""dem_hydrology"": ""dry""}"
NRIV-00614,"197 River Rd, South Lismore NSW",0.0,0.0,0.0,0.0,0.0,Remote-Deny,90,Deny remotely — no significant flooding detected by satellite,Satellite data at 197 River Rd indicates 0.0ft depth; remote-deny per 90% confidence.,0,0,0.0,"[{""factor"": ""SAR recency"", ""delta"": 8, ""reason"": ""Imagery 3d post-event \u2014 fresh""}, {""factor"": ""Depth certainty"", ""delta"": 10, ""reason"": ""Near-zero depth \u2014 confidently not flooded""}, {""factor"": ""Coverage coherence"", ""delta"": 7, ""reason"": ""0% coverage \u2014 confidently dry""}]",0,,"{""sar"": ""dry"", ""optical"": ""abstain"", ""dem_hydrology"": ""dry""}"
NRIV-00615,"153 River Rd, South Lismore NSW",0.0,0.0,0.0,0.0,0.0,Remote-Deny,90,Deny remotely — no significant flooding detected by satellite,Satellite data at 153 River Rd indicates 0.0ft depth; remote-deny per 90% confidence.,0,0,0.0,"[{""factor"": ""SAR recency"", ""delta"": 8, ""reason"": ""Imagery 3d post-event \u2014 fresh""}, {""factor"": ""Depth certainty"", ""delta"": 10, ""reason"": ""Near-zero depth \u2014 confidently not flooded""}, {""factor"": ""Coverage coherence"", ""delta"": 7, ""reason"": ""0% coverage \u2014 confidently dry""}]",0,,"{""sar"": ""dry"", ""optical"": ""abstain"", ""dem_hydrology"": ""dry""}"
NRIV-00616,"13 Bridge St, South Lismore NSW",0.0,0.0,0.0,0.0,0.0,Remote-Deny,90,Deny remotely — no significant flooding detected by satellite,Satellite data at 13 Bridge St indicates 0.0ft depth; remote-deny per 90% confidence.,0,0,0.0,"[{""factor"": ""SAR recency"", ""delta"": 8, ""reason"": ""Imagery 3d post-event \u2014 fresh""}, {""factor"": ""Depth certainty"", ""delta"": 10, ""reason"": ""Near-zero depth \u2014 confidently not flooded""}, {""factor"": ""Coverage coherence"", ""delta"": 7, ""reason"": ""0% coverage \u2014 confidently dry""}]",0,,"{""sar"": ""dry"", ""optical"": ""abstain"", ""dem_hydrology"": ""dry""}"
NRIV-00617,"60 Casino Rd, South Lismore NSW",0.0,0.0,0.0,0.0,0.0,Remote-Deny,96,Deny remotely — no significant flooding detected by satellite,Satellite data at 60 Casino Rd indicates 0.0ft depth; remote-deny per 96% confidence.,0,1,0.0,"[{""factor"": ""SAR recency"", ""delta"": 8, ""reason"": ""Imagery 3d post-event \u2014 fresh""}, {""factor"": ""Depth certainty"", ""delta"": 10, ""reason"": ""Near-zero depth \u2014 confidently not flooded""}, {""factor"": ""Coverage coherence"", ""delta"": 7, ""reason"": ""0% coverage \u2014 confidently dry""}, {""factor"": ""Optical cross-check"", ""delta"": 6, ""reason"": ""Sentinel-2 confirms dry ground \u2014 sensors agree""}]",0,,"{""sar"": ""dry"", ""optical"": ""dry"", ""dem_hydrology"": ""dry""}"
NRIV-00618,"15 Wyrallah Rd, South Lismore NSW",0.0,0.0,0.0,0.0,0.0,Remote-Deny,96,Deny remotely — no significant flooding detected by satellite,Satellite data at 15 Wyrallah Rd indicates 0.0ft depth; remote-deny per 96% confidence.,0,1,0.0,"[{""factor"": ""SAR recency"", ""delta"": 8, ""reason"": ""Imagery 3d post-event \u2014 fresh""}, {""factor"": ""Depth certainty"", ""delta"": 10, ""reason"": ""Near-zero depth \u2014 confidently not flooded""}, {""factor"": ""Coverage coherence"", ""delta"": 7, ""reason"": ""0% coverage \u2014 confidently dry""}, {""factor"": ""Optical cross-check"", ""delta"": 6, ""reason"": ""Sentinel-2 confirms dry ground \u2014 sensors agree""}]",0,,"{""sar"": ""dry"", ""optical"": ""dry"", ""dem_hydrology"": ""dry""}"
NRIV-00619,"209 Wilson St, South Lismore NSW",0.0,0.0,0.0,0.0,0.0,Remote-Deny,90,Deny remotely — no significant flooding detected by satellite,Satellite data at 209 Wilson St indicates 0.0ft depth; remote-deny per 90% confidence.,0,0,0.0,"[{""factor"": ""SAR recency"", ""delta"": 8, ""reason"": ""Imagery 3d post-event \u2014 fresh""}, {""factor"": ""Depth certainty"", ""delta"": 10, ""reason"": ""Near-zero depth \u2014 confidently not flooded""}, {""factor"": ""Coverage coherence"", ""delta"": 7, ""reason"": ""0% coverage \u2014 confidently dry""}]",0,,"{""sar"": ""dry"", ""optical"": ""abstain"", ""dem_hydrology"": ""dry""}"
NRIV-00620,"198 Tuckombil Rd, South Lismore NSW",0.0,0.0,0.0,0.0,0.0,Remote-Deny,96,Deny remotely — no significant flooding detected by satellite,Satellite data at 198 Tuckombil Rd indicates 0.0ft depth; remote-deny per 96% confidence.,0,1,0.0,"[{""factor"": ""SAR recency"", ""delta"": 8, ""reason"": ""Imagery 3d post-event \u2014 fresh""}, {""factor"": ""Depth certainty"", ""delta"": 10, ""reason"": ""Near-zero depth \u2014 confidently not flooded""}, {""factor"": ""Coverage coherence"", ""delta"": 7, ""reason"": ""0% coverage \u2014 confidently dry""}, {""factor"": ""Optical cross-check"", ""delta"": 6, ""reason"": ""Sentinel-2 confirms dry ground \u2014 sensors agree""}]",0,,"{""sar"": ""dry"", ""optical"": ""dry"", ""dem_hydrology"": ""dry""}"
NRIV-00621,"37 Tuckombil Rd, South Lismore NSW",0.0,0.0,0.0,0.0,0.0,Remote-Deny,96,Deny remotely — no significant flooding detected by satellite,Satellite data at 37 Tuckombil Rd indicates 0.0ft depth; remote-deny per 96% confidence.,0,1,0.0,"[{""factor"": ""SAR recency"", ""delta"": 8, ""reason"": ""Imagery 3d post-event \u2014 fresh""}, {""factor"": ""Depth certainty"", ""delta"": 10, ""reason"": ""Near-zero depth \u2014 confidently not flooded""}, {""factor"": ""Coverage coherence"", ""delta"": 7, ""reason"": ""0% coverage \u2014 confidently dry""}, {""factor"": ""Optical cross-check"", ""delta"": 6, ""reason"": ""Sentinel-2 confirms dry ground \u2014 sensors agree""}]",0,,"{""sar"": ""dry"", ""optical"": ""dry"", ""dem_hydrology"": ""dry""}"
NRIV-00622,"71 River Rd, Broadwater NSW",0.0,0.0,0.0,0.0,0.0,Remote-Deny,96,Deny remotely — no significant flooding detected by satellite,Satellite data at 71 River Rd indicates 0.0ft depth; remote-deny per 96% confidence.,0,1,0.0,"[{""factor"": ""SAR recency"", ""delta"": 8, ""reason"": ""Imagery 3d post-event \u2014 fresh""}, {""factor"": ""Depth certainty"", ""delta"": 10, ""reason"": ""Near-zero depth \u2014 confidently not flooded""}, {""factor"": ""Coverage coherence"", ""delta"": 7, ""reason"": ""0% coverage \u2014 confidently dry""}, {""factor"": ""Optical cross-check"", ""delta"": 6, ""reason"": ""Sentinel-2 confirms dry ground \u2014 sensors agree""}]",0,,"{""sar"": ""dry"", ""optical"": ""dry"", ""dem_hydrology"": ""dry""}"
NRIV-00623,"189 Wyrallah Rd, Broadwater NSW",0.0,0.0,0.0,0.0,0.0,Remote-Deny,96,Deny remotely — no significant flooding detected by satellite,Satellite data at 189 Wyrallah Rd indicates 0.0ft depth; remote-deny per 96% confidence.,0,1,0.0,"[{""factor"": ""SAR recency"", ""delta"": 8, ""reason"": ""Imagery 3d post-event \u2014 fresh""}, {""factor"": ""Depth certainty"", ""delta"": 10, ""reason"": ""Near-zero depth \u2014 confidently not flooded""}, {""factor"": ""Coverage coherence"", ""delta"": 7, ""reason"": ""0% coverage \u2014 confidently dry""}, {""factor"": ""Optical cross-check"", ""delta"": 6, ""reason"": ""Sentinel-2 confirms dry ground \u2014 sensors agree""}]",0,,"{""sar"": ""dry"", ""optical"": ""dry"", ""dem_hydrology"": ""dry""}"
NRIV-00624,"127 River Rd, Broadwater NSW",0.0,0.0,0.0,0.0,0.0,Remote-Deny,96,Deny remotely — no significant flooding detected by satellite,Satellite data at 127 River Rd indicates 0.0ft depth; remote-deny per 96% confidence.,0,1,0.0,"[{""factor"": ""SAR recency"", ""delta"": 8, ""reason"": ""Imagery 3d post-event \u2014 fresh""}, {""factor"": ""Depth certainty"", ""delta"": 10, ""reason"": ""Near-zero depth \u2014 confidently not flooded""}, {""factor"": ""Coverage coherence"", ""delta"": 7, ""reason"": ""0% coverage \u2014 confidently dry""}, {""factor"": ""Optical cross-check"", ""delta"": 6, ""reason"": ""Sentinel-2 confirms dry ground \u2014 sensors agree""}]",0,,"{""sar"": ""dry"", ""optical"": ""dry"", ""dem_hydrology"": ""dry""}"
NRIV-00625,"172 Codrington Rd, Broadwater NSW",0.0,0.0,0.0,0.0,0.0,Remote-Deny,96,Deny remotely — no significant flooding detected by satellite,Satellite data at 172 Codrington Rd indicates 0.0ft depth; remote-deny per 96% confidence.,0,1,0.0,"[{""factor"": ""SAR recency"", ""delta"": 8, ""reason"": ""Imagery 3d post-event \u2014 fresh""}, {""factor"": ""Depth certainty"", ""delta"": 10, ""reason"": ""Near-zero depth \u2014 confidently not flooded""}, {""factor"": ""Coverage coherence"", ""delta"": 7, ""reason"": ""0% coverage \u2014 confidently dry""}, {""factor"": ""Optical cross-check"", ""delta"": 6, ""reason"": ""Sentinel-2 confirms dry ground \u2014 sensors agree""}]",0,,"{""sar"": ""dry"", ""optical"": ""dry"", ""dem_hydrology"": ""dry""}"
NRIV-00626,"107 Codrington Rd, Tuncester NSW",0.0,0.0,0.0,0.0,0.0,Remote-Deny,96,Deny remotely — no significant flooding detected by satellite,Satellite data at 107 Codrington Rd indicates 0.0ft depth; remote-deny per 96% confidence.,0,1,0.0,"[{""factor"": ""SAR recency"", ""delta"": 8, ""reason"": ""Imagery 3d post-event \u2014 fresh""}, {""factor"": ""Depth certainty"", ""delta"": 10, ""reason"": ""Near-zero depth \u2014 confidently not flooded""}, {""factor"": ""Coverage coherence"", ""delta"": 7, ""reason"": ""0% coverage \u2014 confidently dry""}, {""factor"": ""Optical cross-check"", ""delta"": 6, ""reason"": ""Sentinel-2 confirms dry ground \u2014 sensors agree""}]",0,,"{""sar"": ""dry"", ""optical"": ""dry"", ""dem_hydrology"": ""dry""}"
NRIV-00627,"194 Casino Rd, Tuncester NSW",0.0,0.0,0.0,0.0,0.0,Remote-Deny,96,Deny remotely — no significant flooding detected by satellite,Satellite data at 194 Casino Rd indicates 0.0ft depth; remote-deny per 96% confidence.,0,1,0.0,"[{""factor"": ""SAR recency"", ""delta"": 8, ""reason"": ""Imagery 3d post-event \u2014 fresh""}, {""factor"": ""Depth certainty"", ""delta"": 10, ""reason"": ""Near-zero depth \u2014 confidently not flooded""}, {""factor"": ""Coverage coherence"", ""delta"": 7, ""reason"": ""0% coverage \u2014 confidently dry""}, {""factor"": ""Optical cross-check"", ""delta"": 6, ""reason"": ""Sentinel-2 confirms dry ground \u2014 sensors agree""}]",0,,"{""sar"": ""dry"", ""optical"": ""dry"", ""dem_hydrology"": ""dry""}"
NRIV-00628,"77 Wilson St, South Lismore NSW",0.0,0.0,0.0,0.0,0.0,Remote-Deny,90,Deny remotely — no significant flooding detected by satellite,Satellite data at 77 Wilson St indicates 0.0ft depth; remote-deny per 90% confidence.,0,0,0.0,"[{""factor"": ""SAR recency"", ""delta"": 8, ""reason"": ""Imagery 3d post-event \u2014 fresh""}, {""factor"": ""Depth certainty"", ""delta"": 10, ""reason"": ""Near-zero depth \u2014 confidently not flooded""}, {""factor"": ""Coverage coherence"", ""delta"": 7, ""reason"": ""0% coverage \u2014 confidently dry""}]",0,,"{""sar"": ""dry"", ""optical"": ""abstain"", ""dem_hydrology"": ""dry""}"
NRIV-00629,"15 Casino Rd, South Lismore NSW",0.0,0.0,0.0,0.0,0.0,Remote-Deny,90,Deny remotely — no significant flooding detected by satellite,Satellite data at 15 Casino Rd indicates 0.0ft depth; remote-deny per 90% confidence.,0,0,0.0,"[{""factor"": ""SAR recency"", ""delta"": 8, ""reason"": ""Imagery 3d post-event \u2014 fresh""}, {""factor"": ""Depth certainty"", ""delta"": 10, ""reason"": ""Near-zero depth \u2014 confidently not flooded""}, {""factor"": ""Coverage coherence"", ""delta"": 7, ""reason"": ""0% coverage \u2014 confidently dry""}]",0,,"{""sar"": ""dry"", ""optical"": ""abstain"", ""dem_hydrology"": ""dry""}"
NRIV-00630,"136 Wyrallah Rd, South Lismore NSW",0.0,0.0,0.0,0.0,0.0,Remote-Deny,96,Deny remotely — no significant flooding detected by satellite,Satellite data at 136 Wyrallah Rd indicates 0.0ft depth; remote-deny per 96% confidence.,0,1,0.0,"[{""factor"": ""SAR recency"", ""delta"": 8, ""reason"": ""Imagery 3d post-event \u2014 fresh""}, {""factor"": ""Depth certainty"", ""delta"": 10, ""reason"": ""Near-zero depth \u2014 confidently not flooded""}, {""factor"": ""Coverage coherence"", ""delta"": 7, ""reason"": ""0% coverage \u2014 confidently dry""}, {""factor"": ""Optical cross-check"", ""delta"": 6, ""reason"": ""Sentinel-2 confirms dry ground \u2014 sensors agree""}]",0,,"{""sar"": ""dry"", ""optical"": ""dry"", ""dem_hydrology"": ""dry""}"
NRIV-00631,"85 Tuckombil Rd, South Lismore NSW",0.0,0.0,0.0,0.0,0.0,Remote-Deny,96,Deny remotely — no significant flooding detected by satellite,Satellite data at 85 Tuckombil Rd indicates 0.0ft depth; remote-deny per 96% confidence.,0,1,0.0,"[{""factor"": ""SAR recency"", ""delta"": 8, ""reason"": ""Imagery 3d post-event \u2014 fresh""}, {""factor"": ""Depth certainty"", ""delta"": 10, ""reason"": ""Near-zero depth \u2014 confidently not flooded""}, {""factor"": ""Coverage coherence"", ""delta"": 7, ""reason"": ""0% coverage \u2014 confidently dry""}, {""factor"": ""Optical cross-check"", ""delta"": 6, ""reason"": ""Sentinel-2 confirms dry ground \u2014 sensors agree""}]",0,,"{""sar"": ""dry"", ""optical"": ""dry"", ""dem_hydrology"": ""dry""}"
NRIV-00632,"95 Richmond Tce, South Lismore NSW",0.0,0.0,0.0,0.0,0.0,Remote-Deny,96,Deny remotely — no significant flooding detected by satellite,Satellite data at 95 Richmond Tce indicates 0.0ft depth; remote-deny per 96% confidence.,0,1,0.0,"[{""factor"": ""SAR recency"", ""delta"": 8, ""reason"": ""Imagery 3d post-event \u2014 fresh""}, {""factor"": ""Depth certainty"", ""delta"": 10, ""reason"": ""Near-zero depth \u2014 confidently not flooded""}, {""factor"": ""Coverage coherence"", ""delta"": 7, ""reason"": ""0% coverage \u2014 confidently dry""}, {""factor"": ""Optical cross-check"", ""delta"": 6, ""reason"": ""Sentinel-2 confirms dry ground \u2014 sensors agree""}]",0,,"{""sar"": ""dry"", ""optical"": ""dry"", ""dem_hydrology"": ""dry""}"
NRIV-00633,"14 Mill Rd, South Lismore NSW",0.0,0.0,0.0,0.0,0.0,Review,90,Flag for manual review — independent sensors (SAR/optical/DEM) disagree,Satellite data at 14 Mill Rd indicates 0.0ft depth; review per 90% confidence.,0,1,0.823,"[{""factor"": ""SAR recency"", ""delta"": 8, ""reason"": ""Imagery 3d post-event \u2014 fresh""}, {""factor"": ""Depth certainty"", ""delta"": 10, ""reason"": ""Near-zero depth \u2014 confidently not flooded""}, {""factor"": ""Coverage coherence"", ""delta"": 7, ""reason"": ""0% coverage \u2014 confidently dry""}]",1,"Sensors disagree: optical, DEM-hydrology indicate flooding while SAR indicate dry/implausible — routed to manual review.","{""sar"": ""dry"", ""optical"": ""flood"", ""dem_hydrology"": ""flood""}"
NRIV-00634,"11 Richmond Tce, South Lismore NSW",0.0,0.0,0.0,0.0,0.0,Remote-Deny,90,Deny remotely — no significant flooding detected by satellite,Satellite data at 11 Richmond Tce indicates 0.0ft depth; remote-deny per 90% confidence.,0,0,0.1977,"[{""factor"": ""SAR recency"", ""delta"": 8, ""reason"": ""Imagery 3d post-event \u2014 fresh""}, {""factor"": ""Depth certainty"", ""delta"": 10, ""reason"": ""Near-zero depth \u2014 confidently not flooded""}, {""factor"": ""Coverage coherence"", ""delta"": 7, ""reason"": ""0% coverage \u2014 confidently dry""}]",0,,"{""sar"": ""dry"", ""optical"": ""abstain"", ""dem_hydrology"": ""flood""}"
NRIV-00635,"186 Tuckombil Rd, South Lismore NSW",0.0,0.0,0.0,0.0,0.0,Remote-Deny,96,Deny remotely — no significant flooding detected by satellite,Satellite data at 186 Tuckombil Rd indicates 0.0ft depth; remote-deny per 96% confidence.,0,1,0.0088,"[{""factor"": ""SAR recency"", ""delta"": 8, ""reason"": ""Imagery 3d post-event \u2014 fresh""}, {""factor"": ""Depth certainty"", ""delta"": 10, ""reason"": ""Near-zero depth \u2014 confidently not flooded""}, {""factor"": ""Coverage coherence"", ""delta"": 7, ""reason"": ""0% coverage \u2014 confidently dry""}, {""factor"": ""Optical cross-check"", ""delta"": 6, ""reason"": ""Sentinel-2 confirms dry ground \u2014 sensors agree""}]",0,,"{""sar"": ""dry"", ""optical"": ""dry"", ""dem_hydrology"": ""dry""}"
NRIV-00636,"86 Mill Rd, South Lismore NSW",0.0,0.0,0.0,0.0,0.0,Review,75,Flag for manual review — borderline measurements or low confidence,Satellite data at 86 Mill Rd indicates 0.0ft depth; review per 75% confidence.,1,1,0.2045,"[{""factor"": ""SAR recency"", ""delta"": 8, ""reason"": ""Imagery 3d post-event \u2014 fresh""}, {""factor"": ""Depth certainty"", ""delta"": 10, ""reason"": ""Near-zero depth \u2014 confidently not flooded""}, {""factor"": ""Coverage coherence"", ""delta"": 7, ""reason"": ""0% coverage \u2014 confidently dry""}, {""factor"": ""Urban SAR shadow"", ""delta"": -15, ""reason"": ""Dense urban area \u2014 radar shadow can mimic water""}]",1,Sensors disagree: optical indicate flooding while SAR indicate dry/implausible — routed to manual review.,"{""sar"": ""dry"", ""optical"": ""flood"", ""dem_hydrology"": ""abstain""}"
NRIV-00637,"49 Wilson St, South Lismore NSW",0.0,0.0,0.0,0.0,0.0,Review,90,Flag for manual review — independent sensors (SAR/optical/DEM) disagree,Satellite data at 49 Wilson St indicates 0.0ft depth; review per 90% confidence.,0,1,1.0,"[{""factor"": ""SAR recency"", ""delta"": 8, ""reason"": ""Imagery 3d post-event \u2014 fresh""}, {""factor"": ""Depth certainty"", ""delta"": 10, ""reason"": ""Near-zero depth \u2014 confidently not flooded""}, {""factor"": ""Coverage coherence"", ""delta"": 7, ""reason"": ""0% coverage \u2014 confidently dry""}]",1,"Sensors disagree: optical, DEM-hydrology indicate flooding while SAR indicate dry/implausible — routed to manual review.","{""sar"": ""dry"", ""optical"": ""flood"", ""dem_hydrology"": ""flood""}"
NRIV-00638,"123 Bridge St, South Lismore NSW",0.0,0.0,0.0,0.0,0.0,Remote-Deny,96,Deny remotely — no significant flooding detected by satellite,Satellite data at 123 Bridge St indicates 0.0ft depth; remote-deny per 96% confidence.,0,1,0.0,"[{""factor"": ""SAR recency"", ""delta"": 8, ""reason"": ""Imagery 3d post-event \u2014 fresh""}, {""factor"": ""Depth certainty"", ""delta"": 10, ""reason"": ""Near-zero depth \u2014 confidently not flooded""}, {""factor"": ""Coverage coherence"", ""delta"": 7, ""reason"": ""0% coverage \u2014 confidently dry""}, {""factor"": ""Optical cross-check"", ""delta"": 6, ""reason"": ""Sentinel-2 confirms dry ground \u2014 sensors agree""}]",0,,"{""sar"": ""dry"", ""optical"": ""dry"", ""dem_hydrology"": ""abstain""}"
NRIV-00639,"102 Bridge St, South Lismore NSW",0.0,0.0,0.0,0.0,0.0,Remote-Deny,96,Deny remotely — no significant flooding detected by satellite,Satellite data at 102 Bridge St indicates 0.0ft depth; remote-deny per 96% confidence.,0,1,0.0,"[{""factor"": ""SAR recency"", ""delta"": 8, ""reason"": ""Imagery 3d post-event \u2014 fresh""}, {""factor"": ""Depth certainty"", ""delta"": 10, ""reason"": ""Near-zero depth \u2014 confidently not flooded""}, {""factor"": ""Coverage coherence"", ""delta"": 7, ""reason"": ""0% coverage \u2014 confidently dry""}, {""factor"": ""Optical cross-check"", ""delta"": 6, ""reason"": ""Sentinel-2 confirms dry ground \u2014 sensors agree""}]",0,,"{""sar"": ""dry"", ""optical"": ""dry"", ""dem_hydrology"": ""dry""}"
NRIV-00640,"98 Molesworth St, South Lismore NSW",0.0,0.0,0.0,0.0,0.0,Remote-Deny,96,Deny remotely — no significant flooding detected by satellite,Satellite data at 98 Molesworth St indicates 0.0ft depth; remote-deny per 96% confidence.,0,1,0.0,"[{""factor"": ""SAR recency"", ""delta"": 8, ""reason"": ""Imagery 3d post-event \u2014 fresh""}, {""factor"": ""Depth certainty"", ""delta"": 10, ""reason"": ""Near-zero depth \u2014 confidently not flooded""}, {""factor"": ""Coverage coherence"", ""delta"": 7, ""reason"": ""0% coverage \u2014 confidently dry""}, {""factor"": ""Optical cross-check"", ""delta"": 6, ""reason"": ""Sentinel-2 confirms dry ground \u2014 sensors agree""}]",0,,"{""sar"": ""dry"", ""optical"": ""dry"", ""dem_hydrology"": ""dry""}"
NRIV-00641,"67 Pacific Hwy, South Lismore NSW",0.0,0.0,0.0,0.0,0.0,Remote-Deny,96,Deny remotely — no significant flooding detected by satellite,Satellite data at 67 Pacific Hwy indicates 0.0ft depth; remote-deny per 96% confidence.,0,1,0.0,"[{""factor"": ""SAR recency"", ""delta"": 8, ""reason"": ""Imagery 3d post-event \u2014 fresh""}, {""factor"": ""Depth certainty"", ""delta"": 10, ""reason"": ""Near-zero depth \u2014 confidently not flooded""}, {""factor"": ""Coverage coherence"", ""delta"": 7, ""reason"": ""0% coverage \u2014 confidently dry""}, {""factor"": ""Optical cross-check"", ""delta"": 6, ""reason"": ""Sentinel-2 confirms dry ground \u2014 sensors agree""}]",0,,"{""sar"": ""dry"", ""optical"": ""dry"", ""dem_hydrology"": ""dry""}"
NRIV-00642,"26 Wilson St, South Lismore NSW",0.0,0.0,0.0,0.0,0.0,Remote-Deny,96,Deny remotely — no significant flooding detected by satellite,Satellite data at 26 Wilson St indicates 0.0ft depth; remote-deny per 96% confidence.,0,1,0.0,"[{""factor"": ""SAR recency"", ""delta"": 8, ""reason"": ""Imagery 3d post-event \u2014 fresh""}, {""factor"": ""Depth certainty"", ""delta"": 10, ""reason"": ""Near-zero depth \u2014 confidently not flooded""}, {""factor"": ""Coverage coherence"", ""delta"": 7, ""reason"": ""0% coverage \u2014 confidently dry""}, {""factor"": ""Optical cross-check"", ""delta"": 6, ""reason"": ""Sentinel-2 confirms dry ground \u2014 sensors agree""}]",0,,"{""sar"": ""dry"", ""optical"": ""dry"", ""dem_hydrology"": ""dry""}"
NRIV-00643,"53 Pacific Hwy, South Lismore NSW",0.0,0.0,0.0,0.0,0.0,Remote-Deny,96,Deny remotely — no significant flooding detected by satellite,Satellite data at 53 Pacific Hwy indicates 0.0ft depth; remote-deny per 96% confidence.,0,1,0.0,"[{""factor"": ""SAR recency"", ""delta"": 8, ""reason"": ""Imagery 3d post-event \u2014 fresh""}, {""factor"": ""Depth certainty"", ""delta"": 10, ""reason"": ""Near-zero depth \u2014 confidently not flooded""}, {""factor"": ""Coverage coherence"", ""delta"": 7, ""reason"": ""0% coverage \u2014 confidently dry""}, {""factor"": ""Optical cross-check"", ""delta"": 6, ""reason"": ""Sentinel-2 confirms dry ground \u2014 sensors agree""}]",0,,"{""sar"": ""dry"", ""optical"": ""dry"", ""dem_hydrology"": ""dry""}"
NRIV-00644,"57 Wilson St, South Lismore NSW",0.0,0.0,0.0,0.0,0.0,Remote-Deny,96,Deny remotely — no significant flooding detected by satellite,Satellite data at 57 Wilson St indicates 0.0ft depth; remote-deny per 96% confidence.,0,1,0.0,"[{""factor"": ""SAR recency"", ""delta"": 8, ""reason"": ""Imagery 3d post-event \u2014 fresh""}, {""factor"": ""Depth certainty"", ""delta"": 10, ""reason"": ""Near-zero depth \u2014 confidently not flooded""}, {""factor"": ""Coverage coherence"", ""delta"": 7, ""reason"": ""0% coverage \u2014 confidently dry""}, {""factor"": ""Optical cross-check"", ""delta"": 6, ""reason"": ""Sentinel-2 confirms dry ground \u2014 sensors agree""}]",0,,"{""sar"": ""dry"", ""optical"": ""dry"", ""dem_hydrology"": ""dry""}"
NRIV-00645,"150 Bagotville Rd, South Lismore NSW",0.0,0.0,0.0,0.0,0.0,Remote-Deny,96,Deny remotely — no significant flooding detected by satellite,Satellite data at 150 Bagotville Rd indicates 0.0ft depth; remote-deny per 96% confidence.,0,1,0.0,"[{""factor"": ""SAR recency"", ""delta"": 8, ""reason"": ""Imagery 3d post-event \u2014 fresh""}, {""factor"": ""Depth certainty"", ""delta"": 10, ""reason"": ""Near-zero depth \u2014 confidently not flooded""}, {""factor"": ""Coverage coherence"", ""delta"": 7, ""reason"": ""0% coverage \u2014 confidently dry""}, {""factor"": ""Optical cross-check"", ""delta"": 6, ""reason"": ""Sentinel-2 confirms dry ground \u2014 sensors agree""}]",0,,"{""sar"": ""dry"", ""optical"": ""dry"", ""dem_hydrology"": ""abstain""}"
NRIV-00646,"51 Pacific Hwy, South Lismore NSW",0.0,0.0,0.0,0.0,0.0,Remote-Deny,96,Deny remotely — no significant flooding detected by satellite,Satellite data at 51 Pacific Hwy indicates 0.0ft depth; remote-deny per 96% confidence.,0,1,0.0,"[{""factor"": ""SAR recency"", ""delta"": 8, ""reason"": ""Imagery 3d post-event \u2014 fresh""}, {""factor"": ""Depth certainty"", ""delta"": 10, ""reason"": ""Near-zero depth \u2014 confidently not flooded""}, {""factor"": ""Coverage coherence"", ""delta"": 7, ""reason"": ""0% coverage \u2014 confidently dry""}, {""factor"": ""Optical cross-check"", ""delta"": 6, ""reason"": ""Sentinel-2 confirms dry ground \u2014 sensors agree""}]",0,,"{""sar"": ""dry"", ""optical"": ""dry"", ""dem_hydrology"": ""dry""}"
NRIV-00647,"63 Molesworth St, South Lismore NSW",0.0,0.0,0.0,0.0,0.0,Remote-Deny,90,Deny remotely — no significant flooding detected by satellite,Satellite data at 63 Molesworth St indicates 0.0ft depth; remote-deny per 90% confidence.,0,0,0.0,"[{""factor"": ""SAR recency"", ""delta"": 8, ""reason"": ""Imagery 3d post-event \u2014 fresh""}, {""factor"": ""Depth certainty"", ""delta"": 10, ""reason"": ""Near-zero depth \u2014 confidently not flooded""}, {""factor"": ""Coverage coherence"", ""delta"": 7, ""reason"": ""0% coverage \u2014 confidently dry""}]",0,,"{""sar"": ""dry"", ""optical"": ""abstain"", ""dem_hydrology"": ""dry""}"
NRIV-00648,"87 Mill Rd, Broadwater NSW",0.0,0.0,0.0,0.0,0.0,Remote-Deny,90,Deny remotely — no significant flooding detected by satellite,Satellite data at 87 Mill Rd indicates 0.0ft depth; remote-deny per 90% confidence.,0,0,0.0,"[{""factor"": ""SAR recency"", ""delta"": 8, ""reason"": ""Imagery 3d post-event \u2014 fresh""}, {""factor"": ""Depth certainty"", ""delta"": 10, ""reason"": ""Near-zero depth \u2014 confidently not flooded""}, {""factor"": ""Coverage coherence"", ""delta"": 7, ""reason"": ""0% coverage \u2014 confidently dry""}]",0,,"{""sar"": ""dry"", ""optical"": ""abstain"", ""dem_hydrology"": ""dry""}"
NRIV-00649,"186 Tuckombil Rd, Broadwater NSW",0.0,0.0,0.0,0.0,0.0,Remote-Deny,90,Deny remotely — no significant flooding detected by satellite,Satellite data at 186 Tuckombil Rd indicates 0.0ft depth; remote-deny per 90% confidence.,0,0,0.0,"[{""factor"": ""SAR recency"", ""delta"": 8, ""reason"": ""Imagery 3d post-event \u2014 fresh""}, {""factor"": ""Depth certainty"", ""delta"": 10, ""reason"": ""Near-zero depth \u2014 confidently not flooded""}, {""factor"": ""Coverage coherence"", ""delta"": 7, ""reason"": ""0% coverage \u2014 confidently dry""}]",0,,"{""sar"": ""dry"", ""optical"": ""abstain"", ""dem_hydrology"": ""dry""}"
NRIV-00650,"188 Pacific Hwy, Broadwater NSW",0.0,0.0,0.0,0.0,0.0,Remote-Deny,90,Deny remotely — no significant flooding detected by satellite,Satellite data at 188 Pacific Hwy indicates 0.0ft depth; remote-deny per 90% confidence.,0,0,0.0,"[{""factor"": ""SAR recency"", ""delta"": 8, ""reason"": ""Imagery 3d post-event \u2014 fresh""}, {""factor"": ""Depth certainty"", ""delta"": 10, ""reason"": ""Near-zero depth \u2014 confidently not flooded""}, {""factor"": ""Coverage coherence"", ""delta"": 7, ""reason"": ""0% coverage \u2014 confidently dry""}]",0,,"{""sar"": ""dry"", ""optical"": ""abstain"", ""dem_hydrology"": ""dry""}"
NRIV-00651,"126 Wyrallah Rd, Tuncester NSW",0.0,0.0,0.0,0.0,0.0,Remote-Deny,90,Deny remotely — no significant flooding detected by satellite,Satellite data at 126 Wyrallah Rd indicates 0.0ft depth; remote-deny per 90% confidence.,0,0,0.0,"[{""factor"": ""SAR recency"", ""delta"": 8, ""reason"": ""Imagery 3d post-event \u2014 fresh""}, {""factor"": ""Depth certainty"", ""delta"": 10, ""reason"": ""Near-zero depth \u2014 confidently not flooded""}, {""factor"": ""Coverage coherence"", ""delta"": 7, ""reason"": ""0% coverage \u2014 confidently dry""}]",0,,"{""sar"": ""dry"", ""optical"": ""abstain"", ""dem_hydrology"": ""dry""}"
NRIV-00652,"165 River Rd, Lismore NSW",0.0,0.0,0.0,0.0,0.0,Remote-Deny,90,Deny remotely — no significant flooding detected by satellite,Satellite data at 165 River Rd indicates 0.0ft depth; remote-deny per 90% confidence.,0,0,0.0,"[{""factor"": ""SAR recency"", ""delta"": 8, ""reason"": ""Imagery 3d post-event \u2014 fresh""}, {""factor"": ""Depth certainty"", ""delta"": 10, ""reason"": ""Near-zero depth \u2014 confidently not flooded""}, {""factor"": ""Coverage coherence"", ""delta"": 7, ""reason"": ""0% coverage \u2014 confidently dry""}]",0,,"{""sar"": ""dry"", ""optical"": ""abstain"", ""dem_hydrology"": ""dry""}"
NRIV-00653,"20 Tuckombil Rd, South Lismore NSW",0.0,0.0,0.0,0.0,0.0,Remote-Deny,96,Deny remotely — no significant flooding detected by satellite,Satellite data at 20 Tuckombil Rd indicates 0.0ft depth; remote-deny per 96% confidence.,0,1,0.0,"[{""factor"": ""SAR recency"", ""delta"": 8, ""reason"": ""Imagery 3d post-event \u2014 fresh""}, {""factor"": ""Depth certainty"", ""delta"": 10, ""reason"": ""Near-zero depth \u2014 confidently not flooded""}, {""factor"": ""Coverage coherence"", ""delta"": 7, ""reason"": ""0% coverage \u2014 confidently dry""}, {""factor"": ""Optical cross-check"", ""delta"": 6, ""reason"": ""Sentinel-2 confirms dry ground \u2014 sensors agree""}]",0,,"{""sar"": ""dry"", ""optical"": ""dry"", ""dem_hydrology"": ""dry""}"
NRIV-00654,"36 Tuckombil Rd, South Lismore NSW",0.0,0.0,0.0,0.0,0.0,Remote-Deny,96,Deny remotely — no significant flooding detected by satellite,Satellite data at 36 Tuckombil Rd indicates 0.0ft depth; remote-deny per 96% confidence.,0,1,0.0,"[{""factor"": ""SAR recency"", ""delta"": 8, ""reason"": ""Imagery 3d post-event \u2014 fresh""}, {""factor"": ""Depth certainty"", ""delta"": 10, ""reason"": ""Near-zero depth \u2014 confidently not flooded""}, {""factor"": ""Coverage coherence"", ""delta"": 7, ""reason"": ""0% coverage \u2014 confidently dry""}, {""factor"": ""Optical cross-check"", ""delta"": 6, ""reason"": ""Sentinel-2 confirms dry ground \u2014 sensors agree""}]",0,,"{""sar"": ""dry"", ""optical"": ""dry"", ""dem_hydrology"": ""dry""}"
NRIV-00655,"3 Bridge St, South Lismore NSW",0.0,0.0,0.0,0.0,0.0,Remote-Deny,96,Deny remotely — no significant flooding detected by satellite,Satellite data at 3 Bridge St indicates 0.0ft depth; remote-deny per 96% confidence.,0,1,0.0,"[{""factor"": ""SAR recency"", ""delta"": 8, ""reason"": ""Imagery 3d post-event \u2014 fresh""}, {""factor"": ""Depth certainty"", ""delta"": 10, ""reason"": ""Near-zero depth \u2014 confidently not flooded""}, {""factor"": ""Coverage coherence"", ""delta"": 7, ""reason"": ""0% coverage \u2014 confidently dry""}, {""factor"": ""Optical cross-check"", ""delta"": 6, ""reason"": ""Sentinel-2 confirms dry ground \u2014 sensors agree""}]",0,,"{""sar"": ""dry"", ""optical"": ""dry"", ""dem_hydrology"": ""dry""}"
NRIV-00656,"159 Tuckombil Rd, South Lismore NSW",0.0,0.0,0.0,0.0,0.0,Remote-Deny,90,Deny remotely — no significant flooding detected by satellite,Satellite data at 159 Tuckombil Rd indicates 0.0ft depth; remote-deny per 90% confidence.,0,0,0.0,"[{""factor"": ""SAR recency"", ""delta"": 8, ""reason"": ""Imagery 3d post-event \u2014 fresh""}, {""factor"": ""Depth certainty"", ""delta"": 10, ""reason"": ""Near-zero depth \u2014 confidently not flooded""}, {""factor"": ""Coverage coherence"", ""delta"": 7, ""reason"": ""0% coverage \u2014 confidently dry""}]",0,,"{""sar"": ""dry"", ""optical"": ""abstain"", ""dem_hydrology"": ""flood""}"
NRIV-00657,"124 Tuckombil Rd, South Lismore NSW",0.0,0.0,0.0,0.0,0.0,Remote-Deny,90,Deny remotely — no significant flooding detected by satellite,Satellite data at 124 Tuckombil Rd indicates 0.0ft depth; remote-deny per 90% confidence.,0,0,0.0,"[{""factor"": ""SAR recency"", ""delta"": 8, ""reason"": ""Imagery 3d post-event \u2014 fresh""}, {""factor"": ""Depth certainty"", ""delta"": 10, ""reason"": ""Near-zero depth \u2014 confidently not flooded""}, {""factor"": ""Coverage coherence"", ""delta"": 7, ""reason"": ""0% coverage \u2014 confidently dry""}]",0,,"{""sar"": ""dry"", ""optical"": ""abstain"", ""dem_hydrology"": ""flood""}"
NRIV-00658,"142 Codrington Rd, South Lismore NSW",0.0,0.0,0.0,0.0,0.0,Remote-Deny,90,Deny remotely — no significant flooding detected by satellite,Satellite data at 142 Codrington Rd indicates 0.0ft depth; remote-deny per 90% confidence.,0,0,0.0,"[{""factor"": ""SAR recency"", ""delta"": 8, ""reason"": ""Imagery 3d post-event \u2014 fresh""}, {""factor"": ""Depth certainty"", ""delta"": 10, ""reason"": ""Near-zero depth \u2014 confidently not flooded""}, {""factor"": ""Coverage coherence"", ""delta"": 7, ""reason"": ""0% coverage \u2014 confidently dry""}]",0,,"{""sar"": ""dry"", ""optical"": ""abstain"", ""dem_hydrology"": ""dry""}"
NRIV-00659,"71 Casino Rd, South Lismore NSW",0.0,0.0,0.0,0.0,0.0,Remote-Deny,90,Deny remotely — no significant flooding detected by satellite,Satellite data at 71 Casino Rd indicates 0.0ft depth; remote-deny per 90% confidence.,0,0,0.0,"[{""factor"": ""SAR recency"", ""delta"": 8, ""reason"": ""Imagery 3d post-event \u2014 fresh""}, {""factor"": ""Depth certainty"", ""delta"": 10, ""reason"": ""Near-zero depth \u2014 confidently not flooded""}, {""factor"": ""Coverage coherence"", ""delta"": 7, ""reason"": ""0% coverage \u2014 confidently dry""}]",0,,"{""sar"": ""dry"", ""optical"": ""abstain"", ""dem_hydrology"": ""dry""}"
NRIV-00660,"209 Wilson St, Lismore NSW",0.0,0.0,0.0,0.0,0.0,Remote-Deny,96,Deny remotely — no significant flooding detected by satellite,Satellite data at 209 Wilson St indicates 0.0ft depth; remote-deny per 96% confidence.,0,1,0.0,"[{""factor"": ""SAR recency"", ""delta"": 8, ""reason"": ""Imagery 3d post-event \u2014 fresh""}, {""factor"": ""Depth certainty"", ""delta"": 10, ""reason"": ""Near-zero depth \u2014 confidently not flooded""}, {""factor"": ""Coverage coherence"", ""delta"": 7, ""reason"": ""0% coverage \u2014 confidently dry""}, {""factor"": ""Optical cross-check"", ""delta"": 6, ""reason"": ""Sentinel-2 confirms dry ground \u2014 sensors agree""}]",0,,"{""sar"": ""dry"", ""optical"": ""dry"", ""dem_hydrology"": ""dry""}"
NRIV-00661,"46 Richmond Tce, South Lismore NSW",0.0,0.0,0.0,0.0,0.0,Remote-Deny,81,Deny remotely — no significant flooding detected by satellite,Satellite data at 46 Richmond Tce indicates 0.0ft depth; remote-deny per 81% confidence.,1,1,0.0,"[{""factor"": ""SAR recency"", ""delta"": 8, ""reason"": ""Imagery 3d post-event \u2014 fresh""}, {""factor"": ""Depth certainty"", ""delta"": 10, ""reason"": ""Near-zero depth \u2014 confidently not flooded""}, {""factor"": ""Coverage coherence"", ""delta"": 7, ""reason"": ""0% coverage \u2014 confidently dry""}, {""factor"": ""Urban SAR shadow"", ""delta"": -15, ""reason"": ""Dense urban area \u2014 radar shadow can mimic water""}, {""factor"": ""Optical cross-check"", ""delta"": 6, ""reason"": ""Sentinel-2 confirms dry ground \u2014 sensors agree""}]",0,,"{""sar"": ""dry"", ""optical"": ""dry"", ""dem_hydrology"": ""dry""}"
NRIV-00662,"62 Bridge St, Lismore NSW",0.0,0.0,0.0,0.0,0.0,Remote-Deny,96,Deny remotely — no significant flooding detected by satellite,Satellite data at 62 Bridge St indicates 0.0ft depth; remote-deny per 96% confidence.,0,1,0.0,"[{""factor"": ""SAR recency"", ""delta"": 8, ""reason"": ""Imagery 3d post-event \u2014 fresh""}, {""factor"": ""Depth certainty"", ""delta"": 10, ""reason"": ""Near-zero depth \u2014 confidently not flooded""}, {""factor"": ""Coverage coherence"", ""delta"": 7, ""reason"": ""0% coverage \u2014 confidently dry""}, {""factor"": ""Optical cross-check"", ""delta"": 6, ""reason"": ""Sentinel-2 confirms dry ground \u2014 sensors agree""}]",0,,"{""sar"": ""dry"", ""optical"": ""dry"", ""dem_hydrology"": ""dry""}"
NRIV-00663,"91 Mill Rd, South Lismore NSW",0.0,0.0,0.0,0.0,0.0,Remote-Deny,81,Deny remotely — no significant flooding detected by satellite,Satellite data at 91 Mill Rd indicates 0.0ft depth; remote-deny per 81% confidence.,1,1,0.0,"[{""factor"": ""SAR recency"", ""delta"": 8, ""reason"": ""Imagery 3d post-event \u2014 fresh""}, {""factor"": ""Depth certainty"", ""delta"": 10, ""reason"": ""Near-zero depth \u2014 confidently not flooded""}, {""factor"": ""Coverage coherence"", ""delta"": 7, ""reason"": ""0% coverage \u2014 confidently dry""}, {""factor"": ""Urban SAR shadow"", ""delta"": -15, ""reason"": ""Dense urban area \u2014 radar shadow can mimic water""}, {""factor"": ""Optical cross-check"", ""delta"": 6, ""reason"": ""Sentinel-2 confirms dry ground \u2014 sensors agree""}]",0,,"{""sar"": ""dry"", ""optical"": ""dry"", ""dem_hydrology"": ""dry""}"
NRIV-00664,"104 Molesworth St, South Lismore NSW",0.0,0.0,0.0,0.0,0.0,Remote-Deny,90,Deny remotely — no significant flooding detected by satellite,Satellite data at 104 Molesworth St indicates 0.0ft depth; remote-deny per 90% confidence.,0,0,0.0,"[{""factor"": ""SAR recency"", ""delta"": 8, ""reason"": ""Imagery 3d post-event \u2014 fresh""}, {""factor"": ""Depth certainty"", ""delta"": 10, ""reason"": ""Near-zero depth \u2014 confidently not flooded""}, {""factor"": ""Coverage coherence"", ""delta"": 7, ""reason"": ""0% coverage \u2014 confidently dry""}]",0,,"{""sar"": ""dry"", ""optical"": ""abstain"", ""dem_hydrology"": ""dry""}"
NRIV-00665,"58 Mill Rd, South Lismore NSW",0.0,0.0,0.0,0.0,0.0,Review,75,Flag for manual review — borderline measurements or low confidence,Satellite data at 58 Mill Rd indicates 0.0ft depth; review per 75% confidence.,1,0,0.0,"[{""factor"": ""SAR recency"", ""delta"": 8, ""reason"": ""Imagery 3d post-event \u2014 fresh""}, {""factor"": ""Depth certainty"", ""delta"": 10, ""reason"": ""Near-zero depth \u2014 confidently not flooded""}, {""factor"": ""Coverage coherence"", ""delta"": 7, ""reason"": ""0% coverage \u2014 confidently dry""}, {""factor"": ""Urban SAR shadow"", ""delta"": -15, ""reason"": ""Dense urban area \u2014 radar shadow can mimic water""}]",0,,"{""sar"": ""dry"", ""optical"": ""abstain"", ""dem_hydrology"": ""abstain""}"
NRIV-00666,"168 Tuckombil Rd, South Lismore NSW",0.0,0.0,0.0,0.0,0.0,Remote-Deny,96,Deny remotely — no significant flooding detected by satellite,Satellite data at 168 Tuckombil Rd indicates 0.0ft depth; remote-deny per 96% confidence.,0,1,0.0,"[{""factor"": ""SAR recency"", ""delta"": 8, ""reason"": ""Imagery 3d post-event \u2014 fresh""}, {""factor"": ""Depth certainty"", ""delta"": 10, ""reason"": ""Near-zero depth \u2014 confidently not flooded""}, {""factor"": ""Coverage coherence"", ""delta"": 7, ""reason"": ""0% coverage \u2014 confidently dry""}, {""factor"": ""Optical cross-check"", ""delta"": 6, ""reason"": ""Sentinel-2 confirms dry ground \u2014 sensors agree""}]",0,,"{""sar"": ""dry"", ""optical"": ""dry"", ""dem_hydrology"": ""dry""}"
NRIV-00667,"98 Codrington Rd, South Lismore NSW",0.0,0.0,0.0,0.0,0.0,Remote-Deny,96,Deny remotely — no significant flooding detected by satellite,Satellite data at 98 Codrington Rd indicates 0.0ft depth; remote-deny per 96% confidence.,0,1,0.0,"[{""factor"": ""SAR recency"", ""delta"": 8, ""reason"": ""Imagery 3d post-event \u2014 fresh""}, {""factor"": ""Depth certainty"", ""delta"": 10, ""reason"": ""Near-zero depth \u2014 confidently not flooded""}, {""factor"": ""Coverage coherence"", ""delta"": 7, ""reason"": ""0% coverage \u2014 confidently dry""}, {""factor"": ""Optical cross-check"", ""delta"": 6, ""reason"": ""Sentinel-2 confirms dry ground \u2014 sensors agree""}]",0,,"{""sar"": ""dry"", ""optical"": ""dry"", ""dem_hydrology"": ""dry""}"
NRIV-00668,"3 Wilson St, South Lismore NSW",0.0,0.0,0.0,0.0,0.0,Remote-Deny,90,Deny remotely — no significant flooding detected by satellite,Satellite data at 3 Wilson St indicates 0.0ft depth; remote-deny per 90% confidence.,0,0,0.0,"[{""factor"": ""SAR recency"", ""delta"": 8, ""reason"": ""Imagery 3d post-event \u2014 fresh""}, {""factor"": ""Depth certainty"", ""delta"": 10, ""reason"": ""Near-zero depth \u2014 confidently not flooded""}, {""factor"": ""Coverage coherence"", ""delta"": 7, ""reason"": ""0% coverage \u2014 confidently dry""}]",0,,"{""sar"": ""dry"", ""optical"": ""abstain"", ""dem_hydrology"": ""dry""}"
NRIV-00669,"112 Tuckombil Rd, South Lismore NSW",0.0,0.0,0.0,0.0,0.0,Remote-Deny,96,Deny remotely — no significant flooding detected by satellite,Satellite data at 112 Tuckombil Rd indicates 0.0ft depth; remote-deny per 96% confidence.,0,1,0.0,"[{""factor"": ""SAR recency"", ""delta"": 8, ""reason"": ""Imagery 3d post-event \u2014 fresh""}, {""factor"": ""Depth certainty"", ""delta"": 10, ""reason"": ""Near-zero depth \u2014 confidently not flooded""}, {""factor"": ""Coverage coherence"", ""delta"": 7, ""reason"": ""0% coverage \u2014 confidently dry""}, {""factor"": ""Optical cross-check"", ""delta"": 6, ""reason"": ""Sentinel-2 confirms dry ground \u2014 sensors agree""}]",0,,"{""sar"": ""dry"", ""optical"": ""dry"", ""dem_hydrology"": ""dry""}"
NRIV-00670,"220 Richmond Tce, South Lismore NSW",0.0,0.0,0.0,0.0,0.0,Remote-Deny,96,Deny remotely — no significant flooding detected by satellite,Satellite data at 220 Richmond Tce indicates 0.0ft depth; remote-deny per 96% confidence.,0,1,0.0,"[{""factor"": ""SAR recency"", ""delta"": 8, ""reason"": ""Imagery 3d post-event \u2014 fresh""}, {""factor"": ""Depth certainty"", ""delta"": 10, ""reason"": ""Near-zero depth \u2014 confidently not flooded""}, {""factor"": ""Coverage coherence"", ""delta"": 7, ""reason"": ""0% coverage \u2014 confidently dry""}, {""factor"": ""Optical cross-check"", ""delta"": 6, ""reason"": ""Sentinel-2 confirms dry ground \u2014 sensors agree""}]",0,,"{""sar"": ""dry"", ""optical"": ""dry"", ""dem_hydrology"": ""dry""}"
NRIV-00671,"59 Bridge St, South Lismore NSW",0.0,0.0,0.0,0.0,0.0,Remote-Deny,90,Deny remotely — no significant flooding detected by satellite,Satellite data at 59 Bridge St indicates 0.0ft depth; remote-deny per 90% confidence.,0,0,0.0,"[{""factor"": ""SAR recency"", ""delta"": 8, ""reason"": ""Imagery 3d post-event \u2014 fresh""}, {""factor"": ""Depth certainty"", ""delta"": 10, ""reason"": ""Near-zero depth \u2014 confidently not flooded""}, {""factor"": ""Coverage coherence"", ""delta"": 7, ""reason"": ""0% coverage \u2014 confidently dry""}]",0,,"{""sar"": ""dry"", ""optical"": ""abstain"", ""dem_hydrology"": ""dry""}"
NRIV-00672,"146 Molesworth St, South Lismore NSW",0.0,0.0,0.0,0.0,0.0,Remote-Deny,96,Deny remotely — no significant flooding detected by satellite,Satellite data at 146 Molesworth St indicates 0.0ft depth; remote-deny per 96% confidence.,0,1,0.0,"[{""factor"": ""SAR recency"", ""delta"": 8, ""reason"": ""Imagery 3d post-event \u2014 fresh""}, {""factor"": ""Depth certainty"", ""delta"": 10, ""reason"": ""Near-zero depth \u2014 confidently not flooded""}, {""factor"": ""Coverage coherence"", ""delta"": 7, ""reason"": ""0% coverage \u2014 confidently dry""}, {""factor"": ""Optical cross-check"", ""delta"": 6, ""reason"": ""Sentinel-2 confirms dry ground \u2014 sensors agree""}]",0,,"{""sar"": ""dry"", ""optical"": ""dry"", ""dem_hydrology"": ""dry""}"
NRIV-00673,"176 Mill Rd, South Lismore NSW",0.0,0.0,0.0,0.0,0.0,Remote-Deny,96,Deny remotely — no significant flooding detected by satellite,Satellite data at 176 Mill Rd indicates 0.0ft depth; remote-deny per 96% confidence.,0,1,0.0,"[{""factor"": ""SAR recency"", ""delta"": 8, ""reason"": ""Imagery 3d post-event \u2014 fresh""}, {""factor"": ""Depth certainty"", ""delta"": 10, ""reason"": ""Near-zero depth \u2014 confidently not flooded""}, {""factor"": ""Coverage coherence"", ""delta"": 7, ""reason"": ""0% coverage \u2014 confidently dry""}, {""factor"": ""Optical cross-check"", ""delta"": 6, ""reason"": ""Sentinel-2 confirms dry ground \u2014 sensors agree""}]",0,,"{""sar"": ""dry"", ""optical"": ""dry"", ""dem_hydrology"": ""dry""}"
NRIV-00674,"9 Wyrallah Rd, South Lismore NSW",0.0,0.0,0.0,0.0,0.0,Remote-Deny,96,Deny remotely — no significant flooding detected by satellite,Satellite data at 9 Wyrallah Rd indicates 0.0ft depth; remote-deny per 96% confidence.,0,1,0.0,"[{""factor"": ""SAR recency"", ""delta"": 8, ""reason"": ""Imagery 3d post-event \u2014 fresh""}, {""factor"": ""Depth certainty"", ""delta"": 10, ""reason"": ""Near-zero depth \u2014 confidently not flooded""}, {""factor"": ""Coverage coherence"", ""delta"": 7, ""reason"": ""0% coverage \u2014 confidently dry""}, {""factor"": ""Optical cross-check"", ""delta"": 6, ""reason"": ""Sentinel-2 confirms dry ground \u2014 sensors agree""}]",0,,"{""sar"": ""dry"", ""optical"": ""dry"", ""dem_hydrology"": ""dry""}"
NRIV-00675,"54 Bagotville Rd, Broadwater NSW",0.0,0.0,0.0,0.0,0.0,Remote-Deny,90,Deny remotely — no significant flooding detected by satellite,Satellite data at 54 Bagotville Rd indicates 0.0ft depth; remote-deny per 90% confidence.,0,0,0.0,"[{""factor"": ""SAR recency"", ""delta"": 8, ""reason"": ""Imagery 3d post-event \u2014 fresh""}, {""factor"": ""Depth certainty"", ""delta"": 10, ""reason"": ""Near-zero depth \u2014 confidently not flooded""}, {""factor"": ""Coverage coherence"", ""delta"": 7, ""reason"": ""0% coverage \u2014 confidently dry""}]",0,,"{""sar"": ""dry"", ""optical"": ""abstain"", ""dem_hydrology"": ""dry""}"
NRIV-00676,"211 Codrington Rd, Lismore NSW",0.0,0.0,0.0,0.0,0.0,Remote-Deny,96,Deny remotely — no significant flooding detected by satellite,Satellite data at 211 Codrington Rd indicates 0.0ft depth; remote-deny per 96% confidence.,0,1,0.0,"[{""factor"": ""SAR recency"", ""delta"": 8, ""reason"": ""Imagery 3d post-event \u2014 fresh""}, {""factor"": ""Depth certainty"", ""delta"": 10, ""reason"": ""Near-zero depth \u2014 confidently not flooded""}, {""factor"": ""Coverage coherence"", ""delta"": 7, ""reason"": ""0% coverage \u2014 confidently dry""}, {""factor"": ""Optical cross-check"", ""delta"": 6, ""reason"": ""Sentinel-2 confirms dry ground \u2014 sensors agree""}]",0,,"{""sar"": ""dry"", ""optical"": ""dry"", ""dem_hydrology"": ""dry""}"
NRIV-00677,"145 Bridge St, Lismore NSW",0.0,0.0,0.0,0.0,0.0,Remote-Deny,90,Deny remotely — no significant flooding detected by satellite,Satellite data at 145 Bridge St indicates 0.0ft depth; remote-deny per 90% confidence.,0,0,0.0,"[{""factor"": ""SAR recency"", ""delta"": 8, ""reason"": ""Imagery 3d post-event \u2014 fresh""}, {""factor"": ""Depth certainty"", ""delta"": 10, ""reason"": ""Near-zero depth \u2014 confidently not flooded""}, {""factor"": ""Coverage coherence"", ""delta"": 7, ""reason"": ""0% coverage \u2014 confidently dry""}]",0,,"{""sar"": ""dry"", ""optical"": ""abstain"", ""dem_hydrology"": ""abstain""}"
NRIV-00678,"174 Casino Rd, Lismore NSW",0.0,0.0,0.0,0.0,0.0,Remote-Deny,96,Deny remotely — no significant flooding detected by satellite,Satellite data at 174 Casino Rd indicates 0.0ft depth; remote-deny per 96% confidence.,0,1,0.0,"[{""factor"": ""SAR recency"", ""delta"": 8, ""reason"": ""Imagery 3d post-event \u2014 fresh""}, {""factor"": ""Depth certainty"", ""delta"": 10, ""reason"": ""Near-zero depth \u2014 confidently not flooded""}, {""factor"": ""Coverage coherence"", ""delta"": 7, ""reason"": ""0% coverage \u2014 confidently dry""}, {""factor"": ""Optical cross-check"", ""delta"": 6, ""reason"": ""Sentinel-2 confirms dry ground \u2014 sensors agree""}]",0,,"{""sar"": ""dry"", ""optical"": ""dry"", ""dem_hydrology"": ""dry""}"
NRIV-00679,"36 Wilson St, Lismore NSW",0.0,0.0,0.0,0.0,0.0,Remote-Deny,96,Deny remotely — no significant flooding detected by satellite,Satellite data at 36 Wilson St indicates 0.0ft depth; remote-deny per 96% confidence.,0,1,0.0,"[{""factor"": ""SAR recency"", ""delta"": 8, ""reason"": ""Imagery 3d post-event \u2014 fresh""}, {""factor"": ""Depth certainty"", ""delta"": 10, ""reason"": ""Near-zero depth \u2014 confidently not flooded""}, {""factor"": ""Coverage coherence"", ""delta"": 7, ""reason"": ""0% coverage \u2014 confidently dry""}, {""factor"": ""Optical cross-check"", ""delta"": 6, ""reason"": ""Sentinel-2 confirms dry ground \u2014 sensors agree""}]",0,,"{""sar"": ""dry"", ""optical"": ""dry"", ""dem_hydrology"": ""dry""}"
NRIV-00680,"89 River Rd, Lismore NSW",0.0,0.0,0.0,0.0,0.0,Remote-Deny,96,Deny remotely — no significant flooding detected by satellite,Satellite data at 89 River Rd indicates 0.0ft depth; remote-deny per 96% confidence.,0,1,0.0,"[{""factor"": ""SAR recency"", ""delta"": 8, ""reason"": ""Imagery 3d post-event \u2014 fresh""}, {""factor"": ""Depth certainty"", ""delta"": 10, ""reason"": ""Near-zero depth \u2014 confidently not flooded""}, {""factor"": ""Coverage coherence"", ""delta"": 7, ""reason"": ""0% coverage \u2014 confidently dry""}, {""factor"": ""Optical cross-check"", ""delta"": 6, ""reason"": ""Sentinel-2 confirms dry ground \u2014 sensors agree""}]",0,,"{""sar"": ""dry"", ""optical"": ""dry"", ""dem_hydrology"": ""dry""}"
NRIV-00681,"20 Pacific Hwy, Lismore NSW",0.0,0.0,0.0,0.0,0.0,Remote-Deny,96,Deny remotely — no significant flooding detected by satellite,Satellite data at 20 Pacific Hwy indicates 0.0ft depth; remote-deny per 96% confidence.,0,1,0.0,"[{""factor"": ""SAR recency"", ""delta"": 8, ""reason"": ""Imagery 3d post-event \u2014 fresh""}, {""factor"": ""Depth certainty"", ""delta"": 10, ""reason"": ""Near-zero depth \u2014 confidently not flooded""}, {""factor"": ""Coverage coherence"", ""delta"": 7, ""reason"": ""0% coverage \u2014 confidently dry""}, {""factor"": ""Optical cross-check"", ""delta"": 6, ""reason"": ""Sentinel-2 confirms dry ground \u2014 sensors agree""}]",0,,"{""sar"": ""dry"", ""optical"": ""dry"", ""dem_hydrology"": ""dry""}"
NRIV-00682,"153 Codrington Rd, Lismore NSW",0.0,0.0,0.0,0.0,0.0,Remote-Deny,90,Deny remotely — no significant flooding detected by satellite,Satellite data at 153 Codrington Rd indicates 0.0ft depth; remote-deny per 90% confidence.,0,0,0.0,"[{""factor"": ""SAR recency"", ""delta"": 8, ""reason"": ""Imagery 3d post-event \u2014 fresh""}, {""factor"": ""Depth certainty"", ""delta"": 10, ""reason"": ""Near-zero depth \u2014 confidently not flooded""}, {""factor"": ""Coverage coherence"", ""delta"": 7, ""reason"": ""0% coverage \u2014 confidently dry""}]",0,,"{""sar"": ""dry"", ""optical"": ""abstain"", ""dem_hydrology"": ""flood""}"
NRIV-00683,"163 Mill Rd, Lismore NSW",0.0,0.0,0.0,0.0,0.0,Review,75,Flag for manual review — borderline measurements or low confidence,Satellite data at 163 Mill Rd indicates 0.0ft depth; review per 75% confidence.,1,0,0.0,"[{""factor"": ""SAR recency"", ""delta"": 8, ""reason"": ""Imagery 3d post-event \u2014 fresh""}, {""factor"": ""Depth certainty"", ""delta"": 10, ""reason"": ""Near-zero depth \u2014 confidently not flooded""}, {""factor"": ""Coverage coherence"", ""delta"": 7, ""reason"": ""0% coverage \u2014 confidently dry""}, {""factor"": ""Urban SAR shadow"", ""delta"": -15, ""reason"": ""Dense urban area \u2014 radar shadow can mimic water""}]",0,,"{""sar"": ""dry"", ""optical"": ""abstain"", ""dem_hydrology"": ""flood""}"
NRIV-00684,"59 Pacific Hwy, Lismore NSW",0.0,0.0,0.0,0.0,0.0,Remote-Deny,96,Deny remotely — no significant flooding detected by satellite,Satellite data at 59 Pacific Hwy indicates 0.0ft depth; remote-deny per 96% confidence.,0,1,0.0,"[{""factor"": ""SAR recency"", ""delta"": 8, ""reason"": ""Imagery 3d post-event \u2014 fresh""}, {""factor"": ""Depth certainty"", ""delta"": 10, ""reason"": ""Near-zero depth \u2014 confidently not flooded""}, {""factor"": ""Coverage coherence"", ""delta"": 7, ""reason"": ""0% coverage \u2014 confidently dry""}, {""factor"": ""Optical cross-check"", ""delta"": 6, ""reason"": ""Sentinel-2 confirms dry ground \u2014 sensors agree""}]",0,,"{""sar"": ""dry"", ""optical"": ""dry"", ""dem_hydrology"": ""dry""}"
NRIV-00685,"48 Tuckombil Rd, Lismore NSW",0.0,0.0,0.0,0.0,0.0,Remote-Deny,90,Deny remotely — no significant flooding detected by satellite,Satellite data at 48 Tuckombil Rd indicates 0.0ft depth; remote-deny per 90% confidence.,0,0,0.0,"[{""factor"": ""SAR recency"", ""delta"": 8, ""reason"": ""Imagery 3d post-event \u2014 fresh""}, {""factor"": ""Depth certainty"", ""delta"": 10, ""reason"": ""Near-zero depth \u2014 confidently not flooded""}, {""factor"": ""Coverage coherence"", ""delta"": 7, ""reason"": ""0% coverage \u2014 confidently dry""}]",0,,"{""sar"": ""dry"", ""optical"": ""abstain"", ""dem_hydrology"": ""abstain""}"
NRIV-00686,"198 Bagotville Rd, Lismore NSW",0.0,0.0,0.0,0.0,0.0,Remote-Deny,81,Deny remotely — no significant flooding detected by satellite,Satellite data at 198 Bagotville Rd indicates 0.0ft depth; remote-deny per 81% confidence.,1,1,0.0,"[{""factor"": ""SAR recency"", ""delta"": 8, ""reason"": ""Imagery 3d post-event \u2014 fresh""}, {""factor"": ""Depth certainty"", ""delta"": 10, ""reason"": ""Near-zero depth \u2014 confidently not flooded""}, {""factor"": ""Coverage coherence"", ""delta"": 7, ""reason"": ""0% coverage \u2014 confidently dry""}, {""factor"": ""Urban SAR shadow"", ""delta"": -15, ""reason"": ""Dense urban area \u2014 radar shadow can mimic water""}, {""factor"": ""Optical cross-check"", ""delta"": 6, ""reason"": ""Sentinel-2 confirms dry ground \u2014 sensors agree""}]",0,,"{""sar"": ""dry"", ""optical"": ""dry"", ""dem_hydrology"": ""dry""}"
NRIV-00687,"19 Richmond Tce, Lismore NSW",0.0,0.0,0.0,0.0,0.0,Remote-Deny,81,Deny remotely — no significant flooding detected by satellite,Satellite data at 19 Richmond Tce indicates 0.0ft depth; remote-deny per 81% confidence.,1,1,0.0,"[{""factor"": ""SAR recency"", ""delta"": 8, ""reason"": ""Imagery 3d post-event \u2014 fresh""}, {""factor"": ""Depth certainty"", ""delta"": 10, ""reason"": ""Near-zero depth \u2014 confidently not flooded""}, {""factor"": ""Coverage coherence"", ""delta"": 7, ""reason"": ""0% coverage \u2014 confidently dry""}, {""factor"": ""Urban SAR shadow"", ""delta"": -15, ""reason"": ""Dense urban area \u2014 radar shadow can mimic water""}, {""factor"": ""Optical cross-check"", ""delta"": 6, ""reason"": ""Sentinel-2 confirms dry ground \u2014 sensors agree""}]",0,,"{""sar"": ""dry"", ""optical"": ""dry"", ""dem_hydrology"": ""dry""}"
NRIV-00688,"201 Tuckombil Rd, Lismore NSW",0.0,0.0,0.0,0.0,0.0,Remote-Deny,81,Deny remotely — no significant flooding detected by satellite,Satellite data at 201 Tuckombil Rd indicates 0.0ft depth; remote-deny per 81% confidence.,1,1,0.0,"[{""factor"": ""SAR recency"", ""delta"": 8, ""reason"": ""Imagery 3d post-event \u2014 fresh""}, {""factor"": ""Depth certainty"", ""delta"": 10, ""reason"": ""Near-zero depth \u2014 confidently not flooded""}, {""factor"": ""Coverage coherence"", ""delta"": 7, ""reason"": ""0% coverage \u2014 confidently dry""}, {""factor"": ""Urban SAR shadow"", ""delta"": -15, ""reason"": ""Dense urban area \u2014 radar shadow can mimic water""}, {""factor"": ""Optical cross-check"", ""delta"": 6, ""reason"": ""Sentinel-2 confirms dry ground \u2014 sensors agree""}]",0,,"{""sar"": ""dry"", ""optical"": ""dry"", ""dem_hydrology"": ""dry""}"
NRIV-00689,"93 Richmond Tce, Lismore NSW",0.0,0.0,0.0,0.0,0.0,Remote-Deny,81,Deny remotely — no significant flooding detected by satellite,Satellite data at 93 Richmond Tce indicates 0.0ft depth; remote-deny per 81% confidence.,1,1,0.0,"[{""factor"": ""SAR recency"", ""delta"": 8, ""reason"": ""Imagery 3d post-event \u2014 fresh""}, {""factor"": ""Depth certainty"", ""delta"": 10, ""reason"": ""Near-zero depth \u2014 confidently not flooded""}, {""factor"": ""Coverage coherence"", ""delta"": 7, ""reason"": ""0% coverage \u2014 confidently dry""}, {""factor"": ""Urban SAR shadow"", ""delta"": -15, ""reason"": ""Dense urban area \u2014 radar shadow can mimic water""}, {""factor"": ""Optical cross-check"", ""delta"": 6, ""reason"": ""Sentinel-2 confirms dry ground \u2014 sensors agree""}]",0,,"{""sar"": ""dry"", ""optical"": ""dry"", ""dem_hydrology"": ""dry""}"
NRIV-00690,"114 Pacific Hwy, Lismore NSW",0.0,0.0,0.0,0.0,0.0,Remote-Deny,81,Deny remotely — no significant flooding detected by satellite,Satellite data at 114 Pacific Hwy indicates 0.0ft depth; remote-deny per 81% confidence.,1,1,0.0,"[{""factor"": ""SAR recency"", ""delta"": 8, ""reason"": ""Imagery 3d post-event \u2014 fresh""}, {""factor"": ""Depth certainty"", ""delta"": 10, ""reason"": ""Near-zero depth \u2014 confidently not flooded""}, {""factor"": ""Coverage coherence"", ""delta"": 7, ""reason"": ""0% coverage \u2014 confidently dry""}, {""factor"": ""Urban SAR shadow"", ""delta"": -15, ""reason"": ""Dense urban area \u2014 radar shadow can mimic water""}, {""factor"": ""Optical cross-check"", ""delta"": 6, ""reason"": ""Sentinel-2 confirms dry ground \u2014 sensors agree""}]",0,,"{""sar"": ""dry"", ""optical"": ""dry"", ""dem_hydrology"": ""dry""}"
NRIV-00691,"23 Wyrallah Rd, Lismore NSW",0.0,0.0,0.0,0.0,0.0,Remote-Deny,81,Deny remotely — no significant flooding detected by satellite,Satellite data at 23 Wyrallah Rd indicates 0.0ft depth; remote-deny per 81% confidence.,1,1,0.0,"[{""factor"": ""SAR recency"", ""delta"": 8, ""reason"": ""Imagery 3d post-event \u2014 fresh""}, {""factor"": ""Depth certainty"", ""delta"": 10, ""reason"": ""Near-zero depth \u2014 confidently not flooded""}, {""factor"": ""Coverage coherence"", ""delta"": 7, ""reason"": ""0% coverage \u2014 confidently dry""}, {""factor"": ""Urban SAR shadow"", ""delta"": -15, ""reason"": ""Dense urban area \u2014 radar shadow can mimic water""}, {""factor"": ""Optical cross-check"", ""delta"": 6, ""reason"": ""Sentinel-2 confirms dry ground \u2014 sensors agree""}]",0,,"{""sar"": ""dry"", ""optical"": ""dry"", ""dem_hydrology"": ""dry""}"
NRIV-00692,"132 Codrington Rd, Lismore NSW",0.0,0.0,0.0,0.0,0.0,Review,75,Flag for manual review — borderline measurements or low confidence,Satellite data at 132 Codrington Rd indicates 0.0ft depth; review per 75% confidence.,1,0,0.0,"[{""factor"": ""SAR recency"", ""delta"": 8, ""reason"": ""Imagery 3d post-event \u2014 fresh""}, {""factor"": ""Depth certainty"", ""delta"": 10, ""reason"": ""Near-zero depth \u2014 confidently not flooded""}, {""factor"": ""Coverage coherence"", ""delta"": 7, ""reason"": ""0% coverage \u2014 confidently dry""}, {""factor"": ""Urban SAR shadow"", ""delta"": -15, ""reason"": ""Dense urban area \u2014 radar shadow can mimic water""}]",0,,"{""sar"": ""dry"", ""optical"": ""abstain"", ""dem_hydrology"": ""dry""}"
NRIV-00693,"142 Richmond Tce, Lismore NSW",0.0,0.0,0.0,0.0,0.0,Remote-Deny,96,Deny remotely — no significant flooding detected by satellite,Satellite data at 142 Richmond Tce indicates 0.0ft depth; remote-deny per 96% confidence.,0,1,0.0,"[{""factor"": ""SAR recency"", ""delta"": 8, ""reason"": ""Imagery 3d post-event \u2014 fresh""}, {""factor"": ""Depth certainty"", ""delta"": 10, ""reason"": ""Near-zero depth \u2014 confidently not flooded""}, {""factor"": ""Coverage coherence"", ""delta"": 7, ""reason"": ""0% coverage \u2014 confidently dry""}, {""factor"": ""Optical cross-check"", ""delta"": 6, ""reason"": ""Sentinel-2 confirms dry ground \u2014 sensors agree""}]",0,,"{""sar"": ""dry"", ""optical"": ""dry"", ""dem_hydrology"": ""dry""}"
NRIV-00694,"99 River Rd, Lismore NSW",0.0,0.0,0.0,0.0,0.0,Remote-Deny,96,Deny remotely — no significant flooding detected by satellite,Satellite data at 99 River Rd indicates 0.0ft depth; remote-deny per 96% confidence.,0,1,0.0,"[{""factor"": ""SAR recency"", ""delta"": 8, ""reason"": ""Imagery 3d post-event \u2014 fresh""}, {""factor"": ""Depth certainty"", ""delta"": 10, ""reason"": ""Near-zero depth \u2014 confidently not flooded""}, {""factor"": ""Coverage coherence"", ""delta"": 7, ""reason"": ""0% coverage \u2014 confidently dry""}, {""factor"": ""Optical cross-check"", ""delta"": 6, ""reason"": ""Sentinel-2 confirms dry ground \u2014 sensors agree""}]",0,,"{""sar"": ""dry"", ""optical"": ""dry"", ""dem_hydrology"": ""dry""}"
NRIV-00695,"22 Wilson St, Lismore NSW",0.0,0.0,0.0,0.0,0.0,Remote-Deny,90,Deny remotely — no significant flooding detected by satellite,Satellite data at 22 Wilson St indicates 0.0ft depth; remote-deny per 90% confidence.,0,0,0.0,"[{""factor"": ""SAR recency"", ""delta"": 8, ""reason"": ""Imagery 3d post-event \u2014 fresh""}, {""factor"": ""Depth certainty"", ""delta"": 10, ""reason"": ""Near-zero depth \u2014 confidently not flooded""}, {""factor"": ""Coverage coherence"", ""delta"": 7, ""reason"": ""0% coverage \u2014 confidently dry""}]",0,,"{""sar"": ""dry"", ""optical"": ""abstain"", ""dem_hydrology"": ""dry""}"
NRIV-00696,"63 Bagotville Rd, Lismore NSW",0.0,0.0,0.0,0.0,0.0,Remote-Deny,96,Deny remotely — no significant flooding detected by satellite,Satellite data at 63 Bagotville Rd indicates 0.0ft depth; remote-deny per 96% confidence.,0,1,0.0,"[{""factor"": ""SAR recency"", ""delta"": 8, ""reason"": ""Imagery 3d post-event \u2014 fresh""}, {""factor"": ""Depth certainty"", ""delta"": 10, ""reason"": ""Near-zero depth \u2014 confidently not flooded""}, {""factor"": ""Coverage coherence"", ""delta"": 7, ""reason"": ""0% coverage \u2014 confidently dry""}, {""factor"": ""Optical cross-check"", ""delta"": 6, ""reason"": ""Sentinel-2 confirms dry ground \u2014 sensors agree""}]",0,,"{""sar"": ""dry"", ""optical"": ""dry"", ""dem_hydrology"": ""dry""}"
NRIV-00697,"44 Wyrallah Rd, Lismore NSW",0.0,0.0,0.0,0.0,0.0,Remote-Deny,90,Deny remotely — no significant flooding detected by satellite,Satellite data at 44 Wyrallah Rd indicates 0.0ft depth; remote-deny per 90% confidence.,0,0,0.0,"[{""factor"": ""SAR recency"", ""delta"": 8, ""reason"": ""Imagery 3d post-event \u2014 fresh""}, {""factor"": ""Depth certainty"", ""delta"": 10, ""reason"": ""Near-zero depth \u2014 confidently not flooded""}, {""factor"": ""Coverage coherence"", ""delta"": 7, ""reason"": ""0% coverage \u2014 confidently dry""}]",0,,"{""sar"": ""dry"", ""optical"": ""abstain"", ""dem_hydrology"": ""dry""}"
NRIV-00698,"38 Richmond Tce, Lismore NSW",0.0,0.0,0.0,0.0,0.0,Remote-Deny,96,Deny remotely — no significant flooding detected by satellite,Satellite data at 38 Richmond Tce indicates 0.0ft depth; remote-deny per 96% confidence.,0,1,0.0,"[{""factor"": ""SAR recency"", ""delta"": 8, ""reason"": ""Imagery 3d post-event \u2014 fresh""}, {""factor"": ""Depth certainty"", ""delta"": 10, ""reason"": ""Near-zero depth \u2014 confidently not flooded""}, {""factor"": ""Coverage coherence"", ""delta"": 7, ""reason"": ""0% coverage \u2014 confidently dry""}, {""factor"": ""Optical cross-check"", ""delta"": 6, ""reason"": ""Sentinel-2 confirms dry ground \u2014 sensors agree""}]",0,,"{""sar"": ""dry"", ""optical"": ""dry"", ""dem_hydrology"": ""dry""}"
NRIV-00699,"77 Molesworth St, Lismore NSW",0.0,0.0,0.0,0.0,0.0,Remote-Deny,90,Deny remotely — no significant flooding detected by satellite,Satellite data at 77 Molesworth St indicates 0.0ft depth; remote-deny per 90% confidence.,0,0,0.0,"[{""factor"": ""SAR recency"", ""delta"": 8, ""reason"": ""Imagery 3d post-event \u2014 fresh""}, {""factor"": ""Depth certainty"", ""delta"": 10, ""reason"": ""Near-zero depth \u2014 confidently not flooded""}, {""factor"": ""Coverage coherence"", ""delta"": 7, ""reason"": ""0% coverage \u2014 confidently dry""}]",0,,"{""sar"": ""dry"", ""optical"": ""abstain"", ""dem_hydrology"": ""dry""}"
NRIV-00700,"64 Wilson St, Lismore NSW",0.0,0.0,0.0,0.0,0.0,Remote-Deny,96,Deny remotely — no significant flooding detected by satellite,Satellite data at 64 Wilson St indicates 0.0ft depth; remote-deny per 96% confidence.,0,1,0.0,"[{""factor"": ""SAR recency"", ""delta"": 8, ""reason"": ""Imagery 3d post-event \u2014 fresh""}, {""factor"": ""Depth certainty"", ""delta"": 10, ""reason"": ""Near-zero depth \u2014 confidently not flooded""}, {""factor"": ""Coverage coherence"", ""delta"": 7, ""reason"": ""0% coverage \u2014 confidently dry""}, {""factor"": ""Optical cross-check"", ""delta"": 6, ""reason"": ""Sentinel-2 confirms dry ground \u2014 sensors agree""}]",0,,"{""sar"": ""dry"", ""optical"": ""dry"", ""dem_hydrology"": ""dry""}"
NRIV-00701,"51 Molesworth St, Lismore NSW",0.0,0.0,0.0,0.0,0.0,Remote-Deny,90,Deny remotely — no significant flooding detected by satellite,Satellite data at 51 Molesworth St indicates 0.0ft depth; remote-deny per 90% confidence.,0,0,0.0,"[{""factor"": ""SAR recency"", ""delta"": 8, ""reason"": ""Imagery 3d post-event \u2014 fresh""}, {""factor"": ""Depth certainty"", ""delta"": 10, ""reason"": ""Near-zero depth \u2014 confidently not flooded""}, {""factor"": ""Coverage coherence"", ""delta"": 7, ""reason"": ""0% coverage \u2014 confidently dry""}]",0,,"{""sar"": ""dry"", ""optical"": ""abstain"", ""dem_hydrology"": ""dry""}"
NRIV-00702,"102 Pacific Hwy, Lismore NSW",0.0,0.0,0.0,0.0,0.0,Remote-Deny,90,Deny remotely — no significant flooding detected by satellite,Satellite data at 102 Pacific Hwy indicates 0.0ft depth; remote-deny per 90% confidence.,0,0,0.0,"[{""factor"": ""SAR recency"", ""delta"": 8, ""reason"": ""Imagery 3d post-event \u2014 fresh""}, {""factor"": ""Depth certainty"", ""delta"": 10, ""reason"": ""Near-zero depth \u2014 confidently not flooded""}, {""factor"": ""Coverage coherence"", ""delta"": 7, ""reason"": ""0% coverage \u2014 confidently dry""}]",0,,"{""sar"": ""dry"", ""optical"": ""abstain"", ""dem_hydrology"": ""dry""}"
NRIV-00703,"85 Molesworth St, Lismore NSW",0.0,0.0,0.0,0.0,0.0,Remote-Deny,96,Deny remotely — no significant flooding detected by satellite,Satellite data at 85 Molesworth St indicates 0.0ft depth; remote-deny per 96% confidence.,0,1,0.0,"[{""factor"": ""SAR recency"", ""delta"": 8, ""reason"": ""Imagery 3d post-event \u2014 fresh""}, {""factor"": ""Depth certainty"", ""delta"": 10, ""reason"": ""Near-zero depth \u2014 confidently not flooded""}, {""factor"": ""Coverage coherence"", ""delta"": 7, ""reason"": ""0% coverage \u2014 confidently dry""}, {""factor"": ""Optical cross-check"", ""delta"": 6, ""reason"": ""Sentinel-2 confirms dry ground \u2014 sensors agree""}]",0,,"{""sar"": ""dry"", ""optical"": ""dry"", ""dem_hydrology"": ""dry""}"
NRIV-00704,"167 Bagotville Rd, Lismore NSW",0.0,0.0,0.0,0.0,0.0,Remote-Deny,96,Deny remotely — no significant flooding detected by satellite,Satellite data at 167 Bagotville Rd indicates 0.0ft depth; remote-deny per 96% confidence.,0,1,0.0,"[{""factor"": ""SAR recency"", ""delta"": 8, ""reason"": ""Imagery 3d post-event \u2014 fresh""}, {""factor"": ""Depth certainty"", ""delta"": 10, ""reason"": ""Near-zero depth \u2014 confidently not flooded""}, {""factor"": ""Coverage coherence"", ""delta"": 7, ""reason"": ""0% coverage \u2014 confidently dry""}, {""factor"": ""Optical cross-check"", ""delta"": 6, ""reason"": ""Sentinel-2 confirms dry ground \u2014 sensors agree""}]",0,,"{""sar"": ""dry"", ""optical"": ""dry"", ""dem_hydrology"": ""dry""}"
NRIV-00705,"178 Bridge St, Lismore NSW",0.0,0.0,0.0,0.0,0.0,Remote-Deny,96,Deny remotely — no significant flooding detected by satellite,Satellite data at 178 Bridge St indicates 0.0ft depth; remote-deny per 96% confidence.,0,1,0.0,"[{""factor"": ""SAR recency"", ""delta"": 8, ""reason"": ""Imagery 3d post-event \u2014 fresh""}, {""factor"": ""Depth certainty"", ""delta"": 10, ""reason"": ""Near-zero depth \u2014 confidently not flooded""}, {""factor"": ""Coverage coherence"", ""delta"": 7, ""reason"": ""0% coverage \u2014 confidently dry""}, {""factor"": ""Optical cross-check"", ""delta"": 6, ""reason"": ""Sentinel-2 confirms dry ground \u2014 sensors agree""}]",0,,"{""sar"": ""dry"", ""optical"": ""dry"", ""dem_hydrology"": ""abstain""}"
NRIV-00706,"102 Pacific Hwy, Lismore NSW",0.0,0.0,0.0,0.0,0.0,Remote-Deny,90,Deny remotely — no significant flooding detected by satellite,Satellite data at 102 Pacific Hwy indicates 0.0ft depth; remote-deny per 90% confidence.,0,0,0.0,"[{""factor"": ""SAR recency"", ""delta"": 8, ""reason"": ""Imagery 3d post-event \u2014 fresh""}, {""factor"": ""Depth certainty"", ""delta"": 10, ""reason"": ""Near-zero depth \u2014 confidently not flooded""}, {""factor"": ""Coverage coherence"", ""delta"": 7, ""reason"": ""0% coverage \u2014 confidently dry""}]",0,,"{""sar"": ""dry"", ""optical"": ""abstain"", ""dem_hydrology"": ""flood""}"
NRIV-00707,"126 Bagotville Rd, Lismore NSW",0.0,0.0,0.0,0.0,0.0,Remote-Deny,90,Deny remotely — no significant flooding detected by satellite,Satellite data at 126 Bagotville Rd indicates 0.0ft depth; remote-deny per 90% confidence.,0,0,0.0,"[{""factor"": ""SAR recency"", ""delta"": 8, ""reason"": ""Imagery 3d post-event \u2014 fresh""}, {""factor"": ""Depth certainty"", ""delta"": 10, ""reason"": ""Near-zero depth \u2014 confidently not flooded""}, {""factor"": ""Coverage coherence"", ""delta"": 7, ""reason"": ""0% coverage \u2014 confidently dry""}]",0,,"{""sar"": ""dry"", ""optical"": ""abstain"", ""dem_hydrology"": ""flood""}"
NRIV-00708,"72 Codrington Rd, Lismore NSW",0.0,0.0,0.0,0.0,0.0,Review,75,Flag for manual review — borderline measurements or low confidence,Satellite data at 72 Codrington Rd indicates 0.0ft depth; review per 75% confidence.,1,0,0.0,"[{""factor"": ""SAR recency"", ""delta"": 8, ""reason"": ""Imagery 3d post-event \u2014 fresh""}, {""factor"": ""Depth certainty"", ""delta"": 10, ""reason"": ""Near-zero depth \u2014 confidently not flooded""}, {""factor"": ""Coverage coherence"", ""delta"": 7, ""reason"": ""0% coverage \u2014 confidently dry""}, {""factor"": ""Urban SAR shadow"", ""delta"": -15, ""reason"": ""Dense urban area \u2014 radar shadow can mimic water""}]",0,,"{""sar"": ""dry"", ""optical"": ""abstain"", ""dem_hydrology"": ""dry""}"
NRIV-00709,"52 Bagotville Rd, Lismore NSW",0.0,0.0,0.0,0.0,0.0,Review,75,Flag for manual review — borderline measurements or low confidence,Satellite data at 52 Bagotville Rd indicates 0.0ft depth; review per 75% confidence.,1,0,0.0,"[{""factor"": ""SAR recency"", ""delta"": 8, ""reason"": ""Imagery 3d post-event \u2014 fresh""}, {""factor"": ""Depth certainty"", ""delta"": 10, ""reason"": ""Near-zero depth \u2014 confidently not flooded""}, {""factor"": ""Coverage coherence"", ""delta"": 7, ""reason"": ""0% coverage \u2014 confidently dry""}, {""factor"": ""Urban SAR shadow"", ""delta"": -15, ""reason"": ""Dense urban area \u2014 radar shadow can mimic water""}]",0,,"{""sar"": ""dry"", ""optical"": ""abstain"", ""dem_hydrology"": ""dry""}"
NRIV-00710,"197 Casino Rd, Lismore NSW",0.0,0.0,0.0,0.0,0.0,Review,75,Flag for manual review — borderline measurements or low confidence,Satellite data at 197 Casino Rd indicates 0.0ft depth; review per 75% confidence.,1,0,0.0,"[{""factor"": ""SAR recency"", ""delta"": 8, ""reason"": ""Imagery 3d post-event \u2014 fresh""}, {""factor"": ""Depth certainty"", ""delta"": 10, ""reason"": ""Near-zero depth \u2014 confidently not flooded""}, {""factor"": ""Coverage coherence"", ""delta"": 7, ""reason"": ""0% coverage \u2014 confidently dry""}, {""factor"": ""Urban SAR shadow"", ""delta"": -15, ""reason"": ""Dense urban area \u2014 radar shadow can mimic water""}]",0,,"{""sar"": ""dry"", ""optical"": ""abstain"", ""dem_hydrology"": ""abstain""}"
NRIV-00711,"182 Bridge St, Lismore NSW",0.0,0.0,0.0,0.0,0.0,Remote-Deny,81,Deny remotely — no significant flooding detected by satellite,Satellite data at 182 Bridge St indicates 0.0ft depth; remote-deny per 81% confidence.,1,1,0.0,"[{""factor"": ""SAR recency"", ""delta"": 8, ""reason"": ""Imagery 3d post-event \u2014 fresh""}, {""factor"": ""Depth certainty"", ""delta"": 10, ""reason"": ""Near-zero depth \u2014 confidently not flooded""}, {""factor"": ""Coverage coherence"", ""delta"": 7, ""reason"": ""0% coverage \u2014 confidently dry""}, {""factor"": ""Urban SAR shadow"", ""delta"": -15, ""reason"": ""Dense urban area \u2014 radar shadow can mimic water""}, {""factor"": ""Optical cross-check"", ""delta"": 6, ""reason"": ""Sentinel-2 confirms dry ground \u2014 sensors agree""}]",0,,"{""sar"": ""dry"", ""optical"": ""dry"", ""dem_hydrology"": ""dry""}"
NRIV-00712,"178 Richmond Tce, Lismore NSW",0.0,0.0,0.0,0.0,0.0,Remote-Deny,96,Deny remotely — no significant flooding detected by satellite,Satellite data at 178 Richmond Tce indicates 0.0ft depth; remote-deny per 96% confidence.,0,1,0.0,"[{""factor"": ""SAR recency"", ""delta"": 8, ""reason"": ""Imagery 3d post-event \u2014 fresh""}, {""factor"": ""Depth certainty"", ""delta"": 10, ""reason"": ""Near-zero depth \u2014 confidently not flooded""}, {""factor"": ""Coverage coherence"", ""delta"": 7, ""reason"": ""0% coverage \u2014 confidently dry""}, {""factor"": ""Optical cross-check"", ""delta"": 6, ""reason"": ""Sentinel-2 confirms dry ground \u2014 sensors agree""}]",0,,"{""sar"": ""dry"", ""optical"": ""dry"", ""dem_hydrology"": ""dry""}"
NRIV-00713,"105 Tuckombil Rd, Lismore NSW",0.0,0.0,0.0,0.0,0.0,Remote-Deny,81,Deny remotely — no significant flooding detected by satellite,Satellite data at 105 Tuckombil Rd indicates 0.0ft depth; remote-deny per 81% confidence.,1,1,0.0,"[{""factor"": ""SAR recency"", ""delta"": 8, ""reason"": ""Imagery 3d post-event \u2014 fresh""}, {""factor"": ""Depth certainty"", ""delta"": 10, ""reason"": ""Near-zero depth \u2014 confidently not flooded""}, {""factor"": ""Coverage coherence"", ""delta"": 7, ""reason"": ""0% coverage \u2014 confidently dry""}, {""factor"": ""Urban SAR shadow"", ""delta"": -15, ""reason"": ""Dense urban area \u2014 radar shadow can mimic water""}, {""factor"": ""Optical cross-check"", ""delta"": 6, ""reason"": ""Sentinel-2 confirms dry ground \u2014 sensors agree""}]",0,,"{""sar"": ""dry"", ""optical"": ""dry"", ""dem_hydrology"": ""dry""}"
NRIV-00714,"62 Mill Rd, Lismore NSW",0.0,0.0,0.0,0.0,0.0,Remote-Deny,96,Deny remotely — no significant flooding detected by satellite,Satellite data at 62 Mill Rd indicates 0.0ft depth; remote-deny per 96% confidence.,0,1,0.0,"[{""factor"": ""SAR recency"", ""delta"": 8, ""reason"": ""Imagery 3d post-event \u2014 fresh""}, {""factor"": ""Depth certainty"", ""delta"": 10, ""reason"": ""Near-zero depth \u2014 confidently not flooded""}, {""factor"": ""Coverage coherence"", ""delta"": 7, ""reason"": ""0% coverage \u2014 confidently dry""}, {""factor"": ""Optical cross-check"", ""delta"": 6, ""reason"": ""Sentinel-2 confirms dry ground \u2014 sensors agree""}]",0,,"{""sar"": ""dry"", ""optical"": ""dry"", ""dem_hydrology"": ""dry""}"
NRIV-00715,"203 Codrington Rd, Lismore NSW",0.0,0.0,0.0,0.0,0.0,Remote-Deny,96,Deny remotely — no significant flooding detected by satellite,Satellite data at 203 Codrington Rd indicates 0.0ft depth; remote-deny per 96% confidence.,0,1,0.0,"[{""factor"": ""SAR recency"", ""delta"": 8, ""reason"": ""Imagery 3d post-event \u2014 fresh""}, {""factor"": ""Depth certainty"", ""delta"": 10, ""reason"": ""Near-zero depth \u2014 confidently not flooded""}, {""factor"": ""Coverage coherence"", ""delta"": 7, ""reason"": ""0% coverage \u2014 confidently dry""}, {""factor"": ""Optical cross-check"", ""delta"": 6, ""reason"": ""Sentinel-2 confirms dry ground \u2014 sensors agree""}]",0,,"{""sar"": ""dry"", ""optical"": ""dry"", ""dem_hydrology"": ""dry""}"
NRIV-00716,"123 Bagotville Rd, Lismore NSW",0.0,0.0,0.0,0.0,0.0,Remote-Deny,81,Deny remotely — no significant flooding detected by satellite,Satellite data at 123 Bagotville Rd indicates 0.0ft depth; remote-deny per 81% confidence.,1,1,0.0,"[{""factor"": ""SAR recency"", ""delta"": 8, ""reason"": ""Imagery 3d post-event \u2014 fresh""}, {""factor"": ""Depth certainty"", ""delta"": 10, ""reason"": ""Near-zero depth \u2014 confidently not flooded""}, {""factor"": ""Coverage coherence"", ""delta"": 7, ""reason"": ""0% coverage \u2014 confidently dry""}, {""factor"": ""Urban SAR shadow"", ""delta"": -15, ""reason"": ""Dense urban area \u2014 radar shadow can mimic water""}, {""factor"": ""Optical cross-check"", ""delta"": 6, ""reason"": ""Sentinel-2 confirms dry ground \u2014 sensors agree""}]",0,,"{""sar"": ""dry"", ""optical"": ""dry"", ""dem_hydrology"": ""dry""}"
NRIV-00717,"178 Codrington Rd, Lismore NSW",0.0,0.0,0.0,0.0,0.0,Remote-Deny,96,Deny remotely — no significant flooding detected by satellite,Satellite data at 178 Codrington Rd indicates 0.0ft depth; remote-deny per 96% confidence.,0,1,0.0,"[{""factor"": ""SAR recency"", ""delta"": 8, ""reason"": ""Imagery 3d post-event \u2014 fresh""}, {""factor"": ""Depth certainty"", ""delta"": 10, ""reason"": ""Near-zero depth \u2014 confidently not flooded""}, {""factor"": ""Coverage coherence"", ""delta"": 7, ""reason"": ""0% coverage \u2014 confidently dry""}, {""factor"": ""Optical cross-check"", ""delta"": 6, ""reason"": ""Sentinel-2 confirms dry ground \u2014 sensors agree""}]",0,,"{""sar"": ""dry"", ""optical"": ""dry"", ""dem_hydrology"": ""dry""}"
NRIV-00718,"93 Wilson St, Lismore NSW",0.0,0.0,0.0,0.0,0.0,Remote-Deny,90,Deny remotely — no significant flooding detected by satellite,Satellite data at 93 Wilson St indicates 0.0ft depth; remote-deny per 90% confidence.,0,0,0.0,"[{""factor"": ""SAR recency"", ""delta"": 8, ""reason"": ""Imagery 3d post-event \u2014 fresh""}, {""factor"": ""Depth certainty"", ""delta"": 10, ""reason"": ""Near-zero depth \u2014 confidently not flooded""}, {""factor"": ""Coverage coherence"", ""delta"": 7, ""reason"": ""0% coverage \u2014 confidently dry""}]",0,,"{""sar"": ""dry"", ""optical"": ""abstain"", ""dem_hydrology"": ""dry""}"
NRIV-00719,"164 Richmond Tce, Lismore NSW",0.0,0.0,0.0,0.0,0.0,Remote-Deny,90,Deny remotely — no significant flooding detected by satellite,Satellite data at 164 Richmond Tce indicates 0.0ft depth; remote-deny per 90% confidence.,0,0,0.0,"[{""factor"": ""SAR recency"", ""delta"": 8, ""reason"": ""Imagery 3d post-event \u2014 fresh""}, {""factor"": ""Depth certainty"", ""delta"": 10, ""reason"": ""Near-zero depth \u2014 confidently not flooded""}, {""factor"": ""Coverage coherence"", ""delta"": 7, ""reason"": ""0% coverage \u2014 confidently dry""}]",0,,"{""sar"": ""dry"", ""optical"": ""abstain"", ""dem_hydrology"": ""dry""}"
NRIV-00720,"171 Pacific Hwy, Lismore NSW",0.0,0.0,0.0,0.0,0.0,Remote-Deny,96,Deny remotely — no significant flooding detected by satellite,Satellite data at 171 Pacific Hwy indicates 0.0ft depth; remote-deny per 96% confidence.,0,1,0.0,"[{""factor"": ""SAR recency"", ""delta"": 8, ""reason"": ""Imagery 3d post-event \u2014 fresh""}, {""factor"": ""Depth certainty"", ""delta"": 10, ""reason"": ""Near-zero depth \u2014 confidently not flooded""}, {""factor"": ""Coverage coherence"", ""delta"": 7, ""reason"": ""0% coverage \u2014 confidently dry""}, {""factor"": ""Optical cross-check"", ""delta"": 6, ""reason"": ""Sentinel-2 confirms dry ground \u2014 sensors agree""}]",0,,"{""sar"": ""dry"", ""optical"": ""dry"", ""dem_hydrology"": ""dry""}"
NRIV-00721,"145 Tuckombil Rd, Lismore NSW",0.0,0.0,0.0,0.0,0.0,Remote-Deny,96,Deny remotely — no significant flooding detected by satellite,Satellite data at 145 Tuckombil Rd indicates 0.0ft depth; remote-deny per 96% confidence.,0,1,0.0,"[{""factor"": ""SAR recency"", ""delta"": 8, ""reason"": ""Imagery 3d post-event \u2014 fresh""}, {""factor"": ""Depth certainty"", ""delta"": 10, ""reason"": ""Near-zero depth \u2014 confidently not flooded""}, {""factor"": ""Coverage coherence"", ""delta"": 7, ""reason"": ""0% coverage \u2014 confidently dry""}, {""factor"": ""Optical cross-check"", ""delta"": 6, ""reason"": ""Sentinel-2 confirms dry ground \u2014 sensors agree""}]",0,,"{""sar"": ""dry"", ""optical"": ""dry"", ""dem_hydrology"": ""dry""}"
NRIV-00722,"193 Pacific Hwy, Lismore NSW",0.0,0.0,0.0,0.0,0.0,Remote-Deny,96,Deny remotely — no significant flooding detected by satellite,Satellite data at 193 Pacific Hwy indicates 0.0ft depth; remote-deny per 96% confidence.,0,1,0.0,"[{""factor"": ""SAR recency"", ""delta"": 8, ""reason"": ""Imagery 3d post-event \u2014 fresh""}, {""factor"": ""Depth certainty"", ""delta"": 10, ""reason"": ""Near-zero depth \u2014 confidently not flooded""}, {""factor"": ""Coverage coherence"", ""delta"": 7, ""reason"": ""0% coverage \u2014 confidently dry""}, {""factor"": ""Optical cross-check"", ""delta"": 6, ""reason"": ""Sentinel-2 confirms dry ground \u2014 sensors agree""}]",0,,"{""sar"": ""dry"", ""optical"": ""dry"", ""dem_hydrology"": ""dry""}"
NRIV-00723,"3 Richmond Tce, Lismore NSW",0.0,0.0,0.0,0.0,0.0,Remote-Deny,96,Deny remotely — no significant flooding detected by satellite,Satellite data at 3 Richmond Tce indicates 0.0ft depth; remote-deny per 96% confidence.,0,1,0.0,"[{""factor"": ""SAR recency"", ""delta"": 8, ""reason"": ""Imagery 3d post-event \u2014 fresh""}, {""factor"": ""Depth certainty"", ""delta"": 10, ""reason"": ""Near-zero depth \u2014 confidently not flooded""}, {""factor"": ""Coverage coherence"", ""delta"": 7, ""reason"": ""0% coverage \u2014 confidently dry""}, {""factor"": ""Optical cross-check"", ""delta"": 6, ""reason"": ""Sentinel-2 confirms dry ground \u2014 sensors agree""}]",0,,"{""sar"": ""dry"", ""optical"": ""dry"", ""dem_hydrology"": ""dry""}"
NRIV-00724,"133 Casino Rd, Lismore NSW",0.0,0.0,0.0,0.0,0.0,Remote-Deny,96,Deny remotely — no significant flooding detected by satellite,Satellite data at 133 Casino Rd indicates 0.0ft depth; remote-deny per 96% confidence.,0,1,0.0,"[{""factor"": ""SAR recency"", ""delta"": 8, ""reason"": ""Imagery 3d post-event \u2014 fresh""}, {""factor"": ""Depth certainty"", ""delta"": 10, ""reason"": ""Near-zero depth \u2014 confidently not flooded""}, {""factor"": ""Coverage coherence"", ""delta"": 7, ""reason"": ""0% coverage \u2014 confidently dry""}, {""factor"": ""Optical cross-check"", ""delta"": 6, ""reason"": ""Sentinel-2 confirms dry ground \u2014 sensors agree""}]",0,,"{""sar"": ""dry"", ""optical"": ""dry"", ""dem_hydrology"": ""dry""}"
NRIV-00725,"115 Pacific Hwy, Lismore NSW",0.0,0.0,0.0,0.0,0.0,Remote-Deny,96,Deny remotely — no significant flooding detected by satellite,Satellite data at 115 Pacific Hwy indicates 0.0ft depth; remote-deny per 96% confidence.,0,1,0.0,"[{""factor"": ""SAR recency"", ""delta"": 8, ""reason"": ""Imagery 3d post-event \u2014 fresh""}, {""factor"": ""Depth certainty"", ""delta"": 10, ""reason"": ""Near-zero depth \u2014 confidently not flooded""}, {""factor"": ""Coverage coherence"", ""delta"": 7, ""reason"": ""0% coverage \u2014 confidently dry""}, {""factor"": ""Optical cross-check"", ""delta"": 6, ""reason"": ""Sentinel-2 confirms dry ground \u2014 sensors agree""}]",0,,"{""sar"": ""dry"", ""optical"": ""dry"", ""dem_hydrology"": ""dry""}"
NRIV-00726,"151 Wilson St, Lismore NSW",0.0,0.0,0.0,0.0,0.0,Remote-Deny,90,Deny remotely — no significant flooding detected by satellite,Satellite data at 151 Wilson St indicates 0.0ft depth; remote-deny per 90% confidence.,0,0,0.0,"[{""factor"": ""SAR recency"", ""delta"": 8, ""reason"": ""Imagery 3d post-event \u2014 fresh""}, {""factor"": ""Depth certainty"", ""delta"": 10, ""reason"": ""Near-zero depth \u2014 confidently not flooded""}, {""factor"": ""Coverage coherence"", ""delta"": 7, ""reason"": ""0% coverage \u2014 confidently dry""}]",0,,"{""sar"": ""dry"", ""optical"": ""abstain"", ""dem_hydrology"": ""dry""}"
NRIV-00727,"7 Molesworth St, Lismore NSW",0.0,0.0,0.0,0.0,0.0,Remote-Deny,96,Deny remotely — no significant flooding detected by satellite,Satellite data at 7 Molesworth St indicates 0.0ft depth; remote-deny per 96% confidence.,0,1,0.0,"[{""factor"": ""SAR recency"", ""delta"": 8, ""reason"": ""Imagery 3d post-event \u2014 fresh""}, {""factor"": ""Depth certainty"", ""delta"": 10, ""reason"": ""Near-zero depth \u2014 confidently not flooded""}, {""factor"": ""Coverage coherence"", ""delta"": 7, ""reason"": ""0% coverage \u2014 confidently dry""}, {""factor"": ""Optical cross-check"", ""delta"": 6, ""reason"": ""Sentinel-2 confirms dry ground \u2014 sensors agree""}]",0,,"{""sar"": ""dry"", ""optical"": ""dry"", ""dem_hydrology"": ""dry""}"
NRIV-00728,"22 Richmond Tce, Lismore NSW",0.0,0.0,0.0,0.0,0.0,Remote-Deny,90,Deny remotely — no significant flooding detected by satellite,Satellite data at 22 Richmond Tce indicates 0.0ft depth; remote-deny per 90% confidence.,0,0,0.0,"[{""factor"": ""SAR recency"", ""delta"": 8, ""reason"": ""Imagery 3d post-event \u2014 fresh""}, {""factor"": ""Depth certainty"", ""delta"": 10, ""reason"": ""Near-zero depth \u2014 confidently not flooded""}, {""factor"": ""Coverage coherence"", ""delta"": 7, ""reason"": ""0% coverage \u2014 confidently dry""}]",0,,"{""sar"": ""dry"", ""optical"": ""abstain"", ""dem_hydrology"": ""flood""}"
NRIV-00729,"90 Mill Rd, Lismore NSW",0.0,0.0,0.0,0.0,0.0,Remote-Deny,96,Deny remotely — no significant flooding detected by satellite,Satellite data at 90 Mill Rd indicates 0.0ft depth; remote-deny per 96% confidence.,0,1,0.0,"[{""factor"": ""SAR recency"", ""delta"": 8, ""reason"": ""Imagery 3d post-event \u2014 fresh""}, {""factor"": ""Depth certainty"", ""delta"": 10, ""reason"": ""Near-zero depth \u2014 confidently not flooded""}, {""factor"": ""Coverage coherence"", ""delta"": 7, ""reason"": ""0% coverage \u2014 confidently dry""}, {""factor"": ""Optical cross-check"", ""delta"": 6, ""reason"": ""Sentinel-2 confirms dry ground \u2014 sensors agree""}]",0,,"{""sar"": ""dry"", ""optical"": ""dry"", ""dem_hydrology"": ""abstain""}"
NRIV-00730,"134 Molesworth St, Lismore NSW",0.0,0.0,0.0,0.0,0.0,Remote-Deny,90,Deny remotely — no significant flooding detected by satellite,Satellite data at 134 Molesworth St indicates 0.0ft depth; remote-deny per 90% confidence.,0,0,0.0,"[{""factor"": ""SAR recency"", ""delta"": 8, ""reason"": ""Imagery 3d post-event \u2014 fresh""}, {""factor"": ""Depth certainty"", ""delta"": 10, ""reason"": ""Near-zero depth \u2014 confidently not flooded""}, {""factor"": ""Coverage coherence"", ""delta"": 7, ""reason"": ""0% coverage \u2014 confidently dry""}]",0,,"{""sar"": ""dry"", ""optical"": ""abstain"", ""dem_hydrology"": ""flood""}"
NRIV-00731,"185 Wilson St, Lismore NSW",0.0,0.0,0.0,0.0,0.0,Remote-Deny,96,Deny remotely — no significant flooding detected by satellite,Satellite data at 185 Wilson St indicates 0.0ft depth; remote-deny per 96% confidence.,0,1,0.0,"[{""factor"": ""SAR recency"", ""delta"": 8, ""reason"": ""Imagery 3d post-event \u2014 fresh""}, {""factor"": ""Depth certainty"", ""delta"": 10, ""reason"": ""Near-zero depth \u2014 confidently not flooded""}, {""factor"": ""Coverage coherence"", ""delta"": 7, ""reason"": ""0% coverage \u2014 confidently dry""}, {""factor"": ""Optical cross-check"", ""delta"": 6, ""reason"": ""Sentinel-2 confirms dry ground \u2014 sensors agree""}]",0,,"{""sar"": ""dry"", ""optical"": ""dry"", ""dem_hydrology"": ""dry""}"
NRIV-00732,"12 Wilson St, Lismore NSW",0.0,0.0,0.0,0.0,0.0,Remote-Deny,90,Deny remotely — no significant flooding detected by satellite,Satellite data at 12 Wilson St indicates 0.0ft depth; remote-deny per 90% confidence.,0,0,0.0,"[{""factor"": ""SAR recency"", ""delta"": 8, ""reason"": ""Imagery 3d post-event \u2014 fresh""}, {""factor"": ""Depth certainty"", ""delta"": 10, ""reason"": ""Near-zero depth \u2014 confidently not flooded""}, {""factor"": ""Coverage coherence"", ""delta"": 7, ""reason"": ""0% coverage \u2014 confidently dry""}]",0,,"{""sar"": ""dry"", ""optical"": ""abstain"", ""dem_hydrology"": ""dry""}"
NRIV-00733,"166 Richmond Tce, Lismore NSW",0.0,0.0,0.0,0.0,0.0,Remote-Deny,90,Deny remotely — no significant flooding detected by satellite,Satellite data at 166 Richmond Tce indicates 0.0ft depth; remote-deny per 90% confidence.,0,0,0.0,"[{""factor"": ""SAR recency"", ""delta"": 8, ""reason"": ""Imagery 3d post-event \u2014 fresh""}, {""factor"": ""Depth certainty"", ""delta"": 10, ""reason"": ""Near-zero depth \u2014 confidently not flooded""}, {""factor"": ""Coverage coherence"", ""delta"": 7, ""reason"": ""0% coverage \u2014 confidently dry""}]",0,,"{""sar"": ""dry"", ""optical"": ""abstain"", ""dem_hydrology"": ""dry""}"
NRIV-00734,"190 Bridge St, Lismore NSW",0.0,0.0,0.0,0.0,0.0,Remote-Deny,90,Deny remotely — no significant flooding detected by satellite,Satellite data at 190 Bridge St indicates 0.0ft depth; remote-deny per 90% confidence.,0,0,0.0,"[{""factor"": ""SAR recency"", ""delta"": 8, ""reason"": ""Imagery 3d post-event \u2014 fresh""}, {""factor"": ""Depth certainty"", ""delta"": 10, ""reason"": ""Near-zero depth \u2014 confidently not flooded""}, {""factor"": ""Coverage coherence"", ""delta"": 7, ""reason"": ""0% coverage \u2014 confidently dry""}]",0,,"{""sar"": ""dry"", ""optical"": ""abstain"", ""dem_hydrology"": ""dry""}"
NRIV-00735,"85 Casino Rd, Lismore NSW",0.0,0.0,0.0,0.0,0.0,Remote-Deny,90,Deny remotely — no significant flooding detected by satellite,Satellite data at 85 Casino Rd indicates 0.0ft depth; remote-deny per 90% confidence.,0,0,0.0,"[{""factor"": ""SAR recency"", ""delta"": 8, ""reason"": ""Imagery 3d post-event \u2014 fresh""}, {""factor"": ""Depth certainty"", ""delta"": 10, ""reason"": ""Near-zero depth \u2014 confidently not flooded""}, {""factor"": ""Coverage coherence"", ""delta"": 7, ""reason"": ""0% coverage \u2014 confidently dry""}]",0,,"{""sar"": ""dry"", ""optical"": ""abstain"", ""dem_hydrology"": ""dry""}"
NRIV-00736,"205 Codrington Rd, Lismore NSW",0.0,0.0,0.0,0.0,0.0,Remote-Deny,96,Deny remotely — no significant flooding detected by satellite,Satellite data at 205 Codrington Rd indicates 0.0ft depth; remote-deny per 96% confidence.,0,1,0.0,"[{""factor"": ""SAR recency"", ""delta"": 8, ""reason"": ""Imagery 3d post-event \u2014 fresh""}, {""factor"": ""Depth certainty"", ""delta"": 10, ""reason"": ""Near-zero depth \u2014 confidently not flooded""}, {""factor"": ""Coverage coherence"", ""delta"": 7, ""reason"": ""0% coverage \u2014 confidently dry""}, {""factor"": ""Optical cross-check"", ""delta"": 6, ""reason"": ""Sentinel-2 confirms dry ground \u2014 sensors agree""}]",0,,"{""sar"": ""dry"", ""optical"": ""dry"", ""dem_hydrology"": ""dry""}"
NRIV-00737,"169 Codrington Rd, Lismore NSW",0.0,0.0,0.0,0.0,0.0,Review,75,Flag for manual review — borderline measurements or low confidence,Satellite data at 169 Codrington Rd indicates 0.0ft depth; review per 75% confidence.,1,0,0.0,"[{""factor"": ""SAR recency"", ""delta"": 8, ""reason"": ""Imagery 3d post-event \u2014 fresh""}, {""factor"": ""Depth certainty"", ""delta"": 10, ""reason"": ""Near-zero depth \u2014 confidently not flooded""}, {""factor"": ""Coverage coherence"", ""delta"": 7, ""reason"": ""0% coverage \u2014 confidently dry""}, {""factor"": ""Urban SAR shadow"", ""delta"": -15, ""reason"": ""Dense urban area \u2014 radar shadow can mimic water""}]",0,,"{""sar"": ""dry"", ""optical"": ""abstain"", ""dem_hydrology"": ""dry""}"
NRIV-00738,"51 Molesworth St, Lismore NSW",0.0,0.0,0.0,0.0,0.0,Remote-Deny,90,Deny remotely — no significant flooding detected by satellite,Satellite data at 51 Molesworth St indicates 0.0ft depth; remote-deny per 90% confidence.,0,0,0.0,"[{""factor"": ""SAR recency"", ""delta"": 8, ""reason"": ""Imagery 3d post-event \u2014 fresh""}, {""factor"": ""Depth certainty"", ""delta"": 10, ""reason"": ""Near-zero depth \u2014 confidently not flooded""}, {""factor"": ""Coverage coherence"", ""delta"": 7, ""reason"": ""0% coverage \u2014 confidently dry""}]",0,,"{""sar"": ""dry"", ""optical"": ""abstain"", ""dem_hydrology"": ""dry""}"
NRIV-00739,"181 Bridge St, Lismore NSW",0.0,0.0,0.0,0.0,0.0,Remote-Deny,90,Deny remotely — no significant flooding detected by satellite,Satellite data at 181 Bridge St indicates 0.0ft depth; remote-deny per 90% confidence.,0,0,0.0,"[{""factor"": ""SAR recency"", ""delta"": 8, ""reason"": ""Imagery 3d post-event \u2014 fresh""}, {""factor"": ""Depth certainty"", ""delta"": 10, ""reason"": ""Near-zero depth \u2014 confidently not flooded""}, {""factor"": ""Coverage coherence"", ""delta"": 7, ""reason"": ""0% coverage \u2014 confidently dry""}]",0,,"{""sar"": ""dry"", ""optical"": ""abstain"", ""dem_hydrology"": ""flood""}"
NRIV-00740,"208 Richmond Tce, Lismore NSW",0.0,0.0,0.0,0.0,0.0,Remote-Deny,90,Deny remotely — no significant flooding detected by satellite,Satellite data at 208 Richmond Tce indicates 0.0ft depth; remote-deny per 90% confidence.,0,0,0.0,"[{""factor"": ""SAR recency"", ""delta"": 8, ""reason"": ""Imagery 3d post-event \u2014 fresh""}, {""factor"": ""Depth certainty"", ""delta"": 10, ""reason"": ""Near-zero depth \u2014 confidently not flooded""}, {""factor"": ""Coverage coherence"", ""delta"": 7, ""reason"": ""0% coverage \u2014 confidently dry""}]",0,,"{""sar"": ""dry"", ""optical"": ""abstain"", ""dem_hydrology"": ""flood""}"
NRIV-00741,"138 Wyrallah Rd, Lismore NSW",0.0,0.0,0.0,0.0,0.0,Remote-Deny,96,Deny remotely — no significant flooding detected by satellite,Satellite data at 138 Wyrallah Rd indicates 0.0ft depth; remote-deny per 96% confidence.,0,1,0.0,"[{""factor"": ""SAR recency"", ""delta"": 8, ""reason"": ""Imagery 3d post-event \u2014 fresh""}, {""factor"": ""Depth certainty"", ""delta"": 10, ""reason"": ""Near-zero depth \u2014 confidently not flooded""}, {""factor"": ""Coverage coherence"", ""delta"": 7, ""reason"": ""0% coverage \u2014 confidently dry""}, {""factor"": ""Optical cross-check"", ""delta"": 6, ""reason"": ""Sentinel-2 confirms dry ground \u2014 sensors agree""}]",0,,"{""sar"": ""dry"", ""optical"": ""dry"", ""dem_hydrology"": ""dry""}"
NRIV-00742,"30 Mill Rd, Lismore NSW",0.0,0.0,0.0,0.0,0.0,Remote-Deny,96,Deny remotely — no significant flooding detected by satellite,Satellite data at 30 Mill Rd indicates 0.0ft depth; remote-deny per 96% confidence.,0,1,0.0,"[{""factor"": ""SAR recency"", ""delta"": 8, ""reason"": ""Imagery 3d post-event \u2014 fresh""}, {""factor"": ""Depth certainty"", ""delta"": 10, ""reason"": ""Near-zero depth \u2014 confidently not flooded""}, {""factor"": ""Coverage coherence"", ""delta"": 7, ""reason"": ""0% coverage \u2014 confidently dry""}, {""factor"": ""Optical cross-check"", ""delta"": 6, ""reason"": ""Sentinel-2 confirms dry ground \u2014 sensors agree""}]",0,,"{""sar"": ""dry"", ""optical"": ""dry"", ""dem_hydrology"": ""dry""}"
NRIV-00743,"164 Pacific Hwy, Lismore NSW",0.0,0.0,0.0,0.0,0.0,Remote-Deny,96,Deny remotely — no significant flooding detected by satellite,Satellite data at 164 Pacific Hwy indicates 0.0ft depth; remote-deny per 96% confidence.,0,1,0.0,"[{""factor"": ""SAR recency"", ""delta"": 8, ""reason"": ""Imagery 3d post-event \u2014 fresh""}, {""factor"": ""Depth certainty"", ""delta"": 10, ""reason"": ""Near-zero depth \u2014 confidently not flooded""}, {""factor"": ""Coverage coherence"", ""delta"": 7, ""reason"": ""0% coverage \u2014 confidently dry""}, {""factor"": ""Optical cross-check"", ""delta"": 6, ""reason"": ""Sentinel-2 confirms dry ground \u2014 sensors agree""}]",0,,"{""sar"": ""dry"", ""optical"": ""dry"", ""dem_hydrology"": ""dry""}"
NRIV-00744,"151 Richmond Tce, Lismore NSW",0.0,0.0,0.0,0.0,0.0,Remote-Deny,96,Deny remotely — no significant flooding detected by satellite,Satellite data at 151 Richmond Tce indicates 0.0ft depth; remote-deny per 96% confidence.,0,1,0.0,"[{""factor"": ""SAR recency"", ""delta"": 8, ""reason"": ""Imagery 3d post-event \u2014 fresh""}, {""factor"": ""Depth certainty"", ""delta"": 10, ""reason"": ""Near-zero depth \u2014 confidently not flooded""}, {""factor"": ""Coverage coherence"", ""delta"": 7, ""reason"": ""0% coverage \u2014 confidently dry""}, {""factor"": ""Optical cross-check"", ""delta"": 6, ""reason"": ""Sentinel-2 confirms dry ground \u2014 sensors agree""}]",0,,"{""sar"": ""dry"", ""optical"": ""dry"", ""dem_hydrology"": ""dry""}"
NRIV-00745,"159 Wyrallah Rd, Lismore NSW",0.0,0.0,0.0,0.0,0.0,Remote-Deny,90,Deny remotely — no significant flooding detected by satellite,Satellite data at 159 Wyrallah Rd indicates 0.0ft depth; remote-deny per 90% confidence.,0,0,0.0,"[{""factor"": ""SAR recency"", ""delta"": 8, ""reason"": ""Imagery 3d post-event \u2014 fresh""}, {""factor"": ""Depth certainty"", ""delta"": 10, ""reason"": ""Near-zero depth \u2014 confidently not flooded""}, {""factor"": ""Coverage coherence"", ""delta"": 7, ""reason"": ""0% coverage \u2014 confidently dry""}]",0,,"{""sar"": ""dry"", ""optical"": ""abstain"", ""dem_hydrology"": ""dry""}"
NRIV-00746,"77 Bagotville Rd, Lismore NSW",0.0,0.0,0.0,0.0,0.0,Remote-Deny,96,Deny remotely — no significant flooding detected by satellite,Satellite data at 77 Bagotville Rd indicates 0.0ft depth; remote-deny per 96% confidence.,0,1,0.0,"[{""factor"": ""SAR recency"", ""delta"": 8, ""reason"": ""Imagery 3d post-event \u2014 fresh""}, {""factor"": ""Depth certainty"", ""delta"": 10, ""reason"": ""Near-zero depth \u2014 confidently not flooded""}, {""factor"": ""Coverage coherence"", ""delta"": 7, ""reason"": ""0% coverage \u2014 confidently dry""}, {""factor"": ""Optical cross-check"", ""delta"": 6, ""reason"": ""Sentinel-2 confirms dry ground \u2014 sensors agree""}]",0,,"{""sar"": ""dry"", ""optical"": ""dry"", ""dem_hydrology"": ""dry""}"
NRIV-00747,"81 Richmond Tce, Lismore NSW",0.0,0.0,0.0,0.0,0.0,Remote-Deny,90,Deny remotely — no significant flooding detected by satellite,Satellite data at 81 Richmond Tce indicates 0.0ft depth; remote-deny per 90% confidence.,0,0,0.0,"[{""factor"": ""SAR recency"", ""delta"": 8, ""reason"": ""Imagery 3d post-event \u2014 fresh""}, {""factor"": ""Depth certainty"", ""delta"": 10, ""reason"": ""Near-zero depth \u2014 confidently not flooded""}, {""factor"": ""Coverage coherence"", ""delta"": 7, ""reason"": ""0% coverage \u2014 confidently dry""}]",0,,"{""sar"": ""dry"", ""optical"": ""abstain"", ""dem_hydrology"": ""dry""}"
NRIV-00748,"96 Wilson St, Lismore NSW",0.0,0.0,0.0,0.0,0.0,Remote-Deny,90,Deny remotely — no significant flooding detected by satellite,Satellite data at 96 Wilson St indicates 0.0ft depth; remote-deny per 90% confidence.,0,0,0.0,"[{""factor"": ""SAR recency"", ""delta"": 8, ""reason"": ""Imagery 3d post-event \u2014 fresh""}, {""factor"": ""Depth certainty"", ""delta"": 10, ""reason"": ""Near-zero depth \u2014 confidently not flooded""}, {""factor"": ""Coverage coherence"", ""delta"": 7, ""reason"": ""0% coverage \u2014 confidently dry""}]",0,,"{""sar"": ""dry"", ""optical"": ""abstain"", ""dem_hydrology"": ""dry""}"
NRIV-00749,"153 Wyrallah Rd, Lismore NSW",0.0,0.0,0.0,0.0,0.0,Remote-Deny,96,Deny remotely — no significant flooding detected by satellite,Satellite data at 153 Wyrallah Rd indicates 0.0ft depth; remote-deny per 96% confidence.,0,1,0.0,"[{""factor"": ""SAR recency"", ""delta"": 8, ""reason"": ""Imagery 3d post-event \u2014 fresh""}, {""factor"": ""Depth certainty"", ""delta"": 10, ""reason"": ""Near-zero depth \u2014 confidently not flooded""}, {""factor"": ""Coverage coherence"", ""delta"": 7, ""reason"": ""0% coverage \u2014 confidently dry""}, {""factor"": ""Optical cross-check"", ""delta"": 6, ""reason"": ""Sentinel-2 confirms dry ground \u2014 sensors agree""}]",0,,"{""sar"": ""dry"", ""optical"": ""dry"", ""dem_hydrology"": ""dry""}"
NRIV-00750,"125 Tuckombil Rd, Lismore NSW",0.0,0.0,0.0,0.0,0.0,Remote-Deny,96,Deny remotely — no significant flooding detected by satellite,Satellite data at 125 Tuckombil Rd indicates 0.0ft depth; remote-deny per 96% confidence.,0,1,0.0,"[{""factor"": ""SAR recency"", ""delta"": 8, ""reason"": ""Imagery 3d post-event \u2014 fresh""}, {""factor"": ""Depth certainty"", ""delta"": 10, ""reason"": ""Near-zero depth \u2014 confidently not flooded""}, {""factor"": ""Coverage coherence"", ""delta"": 7, ""reason"": ""0% coverage \u2014 confidently dry""}, {""factor"": ""Optical cross-check"", ""delta"": 6, ""reason"": ""Sentinel-2 confirms dry ground \u2014 sensors agree""}]",0,,"{""sar"": ""dry"", ""optical"": ""dry"", ""dem_hydrology"": ""dry""}"
NRIV-00751,"45 Casino Rd, Lismore NSW",0.0,0.0,0.0,0.0,0.0,Remote-Deny,90,Deny remotely — no significant flooding detected by satellite,Satellite data at 45 Casino Rd indicates 0.0ft depth; remote-deny per 90% confidence.,0,0,0.0,"[{""factor"": ""SAR recency"", ""delta"": 8, ""reason"": ""Imagery 3d post-event \u2014 fresh""}, {""factor"": ""Depth certainty"", ""delta"": 10, ""reason"": ""Near-zero depth \u2014 confidently not flooded""}, {""factor"": ""Coverage coherence"", ""delta"": 7, ""reason"": ""0% coverage \u2014 confidently dry""}]",0,,"{""sar"": ""dry"", ""optical"": ""abstain"", ""dem_hydrology"": ""dry""}"
NRIV-00752,"48 Pacific Hwy, Lismore NSW",0.0,0.0,0.0,0.0,0.0,Remote-Deny,90,Deny remotely — no significant flooding detected by satellite,Satellite data at 48 Pacific Hwy indicates 0.0ft depth; remote-deny per 90% confidence.,0,0,0.0,"[{""factor"": ""SAR recency"", ""delta"": 8, ""reason"": ""Imagery 3d post-event \u2014 fresh""}, {""factor"": ""Depth certainty"", ""delta"": 10, ""reason"": ""Near-zero depth \u2014 confidently not flooded""}, {""factor"": ""Coverage coherence"", ""delta"": 7, ""reason"": ""0% coverage \u2014 confidently dry""}]",0,,"{""sar"": ""dry"", ""optical"": ""abstain"", ""dem_hydrology"": ""dry""}"
NRIV-00753,"92 River Rd, Lismore NSW",0.0,0.0,0.0,0.0,0.0,Review,75,Flag for manual review — borderline measurements or low confidence,Satellite data at 92 River Rd indicates 0.0ft depth; review per 75% confidence.,1,0,0.0,"[{""factor"": ""SAR recency"", ""delta"": 8, ""reason"": ""Imagery 3d post-event \u2014 fresh""}, {""factor"": ""Depth certainty"", ""delta"": 10, ""reason"": ""Near-zero depth \u2014 confidently not flooded""}, {""factor"": ""Coverage coherence"", ""delta"": 7, ""reason"": ""0% coverage \u2014 confidently dry""}, {""factor"": ""Urban SAR shadow"", ""delta"": -15, ""reason"": ""Dense urban area \u2014 radar shadow can mimic water""}]",0,,"{""sar"": ""dry"", ""optical"": ""abstain"", ""dem_hydrology"": ""dry""}"
NRIV-00754,"99 Casino Rd, Lismore NSW",0.0,0.0,0.0,0.0,0.0,Remote-Deny,90,Deny remotely — no significant flooding detected by satellite,Satellite data at 99 Casino Rd indicates 0.0ft depth; remote-deny per 90% confidence.,0,0,0.0,"[{""factor"": ""SAR recency"", ""delta"": 8, ""reason"": ""Imagery 3d post-event \u2014 fresh""}, {""factor"": ""Depth certainty"", ""delta"": 10, ""reason"": ""Near-zero depth \u2014 confidently not flooded""}, {""factor"": ""Coverage coherence"", ""delta"": 7, ""reason"": ""0% coverage \u2014 confidently dry""}]",0,,"{""sar"": ""dry"", ""optical"": ""abstain"", ""dem_hydrology"": ""abstain""}"
NRIV-00755,"176 Molesworth St, Lismore NSW",0.0,0.0,0.0,0.0,0.0,Remote-Deny,90,Deny remotely — no significant flooding detected by satellite,Satellite data at 176 Molesworth St indicates 0.0ft depth; remote-deny per 90% confidence.,0,0,0.0,"[{""factor"": ""SAR recency"", ""delta"": 8, ""reason"": ""Imagery 3d post-event \u2014 fresh""}, {""factor"": ""Depth certainty"", ""delta"": 10, ""reason"": ""Near-zero depth \u2014 confidently not flooded""}, {""factor"": ""Coverage coherence"", ""delta"": 7, ""reason"": ""0% coverage \u2014 confidently dry""}]",0,,"{""sar"": ""dry"", ""optical"": ""abstain"", ""dem_hydrology"": ""dry""}"
NRIV-00756,"126 Wyrallah Rd, Lismore NSW",0.0,0.0,0.0,0.0,0.0,Remote-Deny,90,Deny remotely — no significant flooding detected by satellite,Satellite data at 126 Wyrallah Rd indicates 0.0ft depth; remote-deny per 90% confidence.,0,0,0.0,"[{""factor"": ""SAR recency"", ""delta"": 8, ""reason"": ""Imagery 3d post-event \u2014 fresh""}, {""factor"": ""Depth certainty"", ""delta"": 10, ""reason"": ""Near-zero depth \u2014 confidently not flooded""}, {""factor"": ""Coverage coherence"", ""delta"": 7, ""reason"": ""0% coverage \u2014 confidently dry""}]",0,,"{""sar"": ""dry"", ""optical"": ""abstain"", ""dem_hydrology"": ""flood""}"
NRIV-00757,"195 Bridge St, Lismore NSW",0.0,0.0,0.0,0.0,0.0,Remote-Deny,90,Deny remotely — no significant flooding detected by satellite,Satellite data at 195 Bridge St indicates 0.0ft depth; remote-deny per 90% confidence.,0,0,0.0179,"[{""factor"": ""SAR recency"", ""delta"": 8, ""reason"": ""Imagery 3d post-event \u2014 fresh""}, {""factor"": ""Depth certainty"", ""delta"": 10, ""reason"": ""Near-zero depth \u2014 confidently not flooded""}, {""factor"": ""Coverage coherence"", ""delta"": 7, ""reason"": ""0% coverage \u2014 confidently dry""}]",0,,"{""sar"": ""dry"", ""optical"": ""abstain"", ""dem_hydrology"": ""flood""}"
NRIV-00758,"138 Mill Rd, Lismore NSW",0.0,0.0,0.0,0.0,0.0,Remote-Deny,90,Deny remotely — no significant flooding detected by satellite,Satellite data at 138 Mill Rd indicates 0.0ft depth; remote-deny per 90% confidence.,0,0,0.0,"[{""factor"": ""SAR recency"", ""delta"": 8, ""reason"": ""Imagery 3d post-event \u2014 fresh""}, {""factor"": ""Depth certainty"", ""delta"": 10, ""reason"": ""Near-zero depth \u2014 confidently not flooded""}, {""factor"": ""Coverage coherence"", ""delta"": 7, ""reason"": ""0% coverage \u2014 confidently dry""}]",0,,"{""sar"": ""dry"", ""optical"": ""abstain"", ""dem_hydrology"": ""dry""}"
NRIV-00759,"191 Molesworth St, Lismore NSW",0.0,0.0,0.0,0.0,0.0,Remote-Deny,90,Deny remotely — no significant flooding detected by satellite,Satellite data at 191 Molesworth St indicates 0.0ft depth; remote-deny per 90% confidence.,0,0,0.0,"[{""factor"": ""SAR recency"", ""delta"": 8, ""reason"": ""Imagery 3d post-event \u2014 fresh""}, {""factor"": ""Depth certainty"", ""delta"": 10, ""reason"": ""Near-zero depth \u2014 confidently not flooded""}, {""factor"": ""Coverage coherence"", ""delta"": 7, ""reason"": ""0% coverage \u2014 confidently dry""}]",0,,"{""sar"": ""dry"", ""optical"": ""abstain"", ""dem_hydrology"": ""abstain""}"
NRIV-00760,"30 Mill Rd, Lismore NSW",5.9,0.0,0.0,0.0,0.0,Review,80,Flag for manual review — borderline measurements or low confidence,Satellite data at 30 Mill Rd indicates 0.0ft depth; review per 80% confidence.,0,0,0.0,"[{""factor"": ""SAR recency"", ""delta"": 8, ""reason"": ""Imagery 3d post-event \u2014 fresh""}, {""factor"": ""Depth certainty"", ""delta"": 10, ""reason"": ""Near-zero depth \u2014 confidently not flooded""}, {""factor"": ""Coverage coherence"", ""delta"": -3, ""reason"": ""6% coverage \u2014 ambiguous partial""}]",0,,"{""sar"": ""dry"", ""optical"": ""abstain"", ""dem_hydrology"": ""abstain""}"
NRIV-00761,"94 Casino Rd, Lismore NSW",0.0,0.0,0.0,0.0,0.0,Review,90,Flag for manual review — independent sensors (SAR/optical/DEM) disagree,Satellite data at 94 Casino Rd indicates 0.0ft depth; review per 90% confidence.,0,1,0.8898,"[{""factor"": ""SAR recency"", ""delta"": 8, ""reason"": ""Imagery 3d post-event \u2014 fresh""}, {""factor"": ""Depth certainty"", ""delta"": 10, ""reason"": ""Near-zero depth \u2014 confidently not flooded""}, {""factor"": ""Coverage coherence"", ""delta"": 7, ""reason"": ""0% coverage \u2014 confidently dry""}]",1,"Sensors disagree: optical, DEM-hydrology indicate flooding while SAR indicate dry/implausible — routed to manual review.","{""sar"": ""dry"", ""optical"": ""flood"", ""dem_hydrology"": ""flood""}"
NRIV-00762,"185 Molesworth St, Lismore NSW",0.0,0.0,0.0,0.0,0.0,Review,90,Flag for manual review — independent sensors (SAR/optical/DEM) disagree,Satellite data at 185 Molesworth St indicates 0.0ft depth; review per 90% confidence.,0,1,1.0,"[{""factor"": ""SAR recency"", ""delta"": 8, ""reason"": ""Imagery 3d post-event \u2014 fresh""}, {""factor"": ""Depth certainty"", ""delta"": 10, ""reason"": ""Near-zero depth \u2014 confidently not flooded""}, {""factor"": ""Coverage coherence"", ""delta"": 7, ""reason"": ""0% coverage \u2014 confidently dry""}]",1,"Sensors disagree: optical indicate flooding while SAR, DEM-hydrology indicate dry/implausible — routed to manual review.","{""sar"": ""dry"", ""optical"": ""flood"", ""dem_hydrology"": ""dry""}"
NRIV-00763,"27 Wilson St, Lismore NSW",0.0,0.0,0.0,0.0,0.0,Review,90,Flag for manual review — independent sensors (SAR/optical/DEM) disagree,Satellite data at 27 Wilson St indicates 0.0ft depth; review per 90% confidence.,0,1,1.0,"[{""factor"": ""SAR recency"", ""delta"": 8, ""reason"": ""Imagery 3d post-event \u2014 fresh""}, {""factor"": ""Depth certainty"", ""delta"": 10, ""reason"": ""Near-zero depth \u2014 confidently not flooded""}, {""factor"": ""Coverage coherence"", ""delta"": 7, ""reason"": ""0% coverage \u2014 confidently dry""}]",1,Sensors disagree: optical indicate flooding while SAR indicate dry/implausible — routed to manual review.,"{""sar"": ""dry"", ""optical"": ""flood"", ""dem_hydrology"": ""abstain""}"
NRIV-00764,"77 River Rd, Lismore NSW",0.0,0.0,0.0,0.0,0.0,Review,90,Flag for manual review — independent sensors (SAR/optical/DEM) disagree,Satellite data at 77 River Rd indicates 0.0ft depth; review per 90% confidence.,0,1,0.9108,"[{""factor"": ""SAR recency"", ""delta"": 8, ""reason"": ""Imagery 3d post-event \u2014 fresh""}, {""factor"": ""Depth certainty"", ""delta"": 10, ""reason"": ""Near-zero depth \u2014 confidently not flooded""}, {""factor"": ""Coverage coherence"", ""delta"": 7, ""reason"": ""0% coverage \u2014 confidently dry""}]",1,"Sensors disagree: optical, DEM-hydrology indicate flooding while SAR indicate dry/implausible — routed to manual review.","{""sar"": ""dry"", ""optical"": ""flood"", ""dem_hydrology"": ""flood""}"
NRIV-00765,"210 Richmond Tce, Lismore NSW",0.0,0.0,0.0,0.0,0.0,Remote-Deny,90,Deny remotely — no significant flooding detected by satellite,Satellite data at 210 Richmond Tce indicates 0.0ft depth; remote-deny per 90% confidence.,0,0,0.0,"[{""factor"": ""SAR recency"", ""delta"": 8, ""reason"": ""Imagery 3d post-event \u2014 fresh""}, {""factor"": ""Depth certainty"", ""delta"": 10, ""reason"": ""Near-zero depth \u2014 confidently not flooded""}, {""factor"": ""Coverage coherence"", ""delta"": 7, ""reason"": ""0% coverage \u2014 confidently dry""}]",0,,"{""sar"": ""dry"", ""optical"": ""abstain"", ""dem_hydrology"": ""abstain""}"
NRIV-00766,"199 Bridge St, Lismore NSW",0.0,0.0,0.0,0.0,0.0,Remote-Deny,96,Deny remotely — no significant flooding detected by satellite,Satellite data at 199 Bridge St indicates 0.0ft depth; remote-deny per 96% confidence.,0,1,0.0,"[{""factor"": ""SAR recency"", ""delta"": 8, ""reason"": ""Imagery 3d post-event \u2014 fresh""}, {""factor"": ""Depth certainty"", ""delta"": 10, ""reason"": ""Near-zero depth \u2014 confidently not flooded""}, {""factor"": ""Coverage coherence"", ""delta"": 7, ""reason"": ""0% coverage \u2014 confidently dry""}, {""factor"": ""Optical cross-check"", ""delta"": 6, ""reason"": ""Sentinel-2 confirms dry ground \u2014 sensors agree""}]",0,,"{""sar"": ""dry"", ""optical"": ""dry"", ""dem_hydrology"": ""dry""}"
NRIV-00767,"177 Pacific Hwy, Lismore NSW",0.0,0.0,0.0,0.0,0.0,Remote-Deny,96,Deny remotely — no significant flooding detected by satellite,Satellite data at 177 Pacific Hwy indicates 0.0ft depth; remote-deny per 96% confidence.,0,1,0.0,"[{""factor"": ""SAR recency"", ""delta"": 8, ""reason"": ""Imagery 3d post-event \u2014 fresh""}, {""factor"": ""Depth certainty"", ""delta"": 10, ""reason"": ""Near-zero depth \u2014 confidently not flooded""}, {""factor"": ""Coverage coherence"", ""delta"": 7, ""reason"": ""0% coverage \u2014 confidently dry""}, {""factor"": ""Optical cross-check"", ""delta"": 6, ""reason"": ""Sentinel-2 confirms dry ground \u2014 sensors agree""}]",0,,"{""sar"": ""dry"", ""optical"": ""dry"", ""dem_hydrology"": ""dry""}"
NRIV-00768,"110 Wyrallah Rd, Lismore NSW",0.0,0.0,0.0,0.0,0.0,Remote-Deny,96,Deny remotely — no significant flooding detected by satellite,Satellite data at 110 Wyrallah Rd indicates 0.0ft depth; remote-deny per 96% confidence.,0,1,0.0,"[{""factor"": ""SAR recency"", ""delta"": 8, ""reason"": ""Imagery 3d post-event \u2014 fresh""}, {""factor"": ""Depth certainty"", ""delta"": 10, ""reason"": ""Near-zero depth \u2014 confidently not flooded""}, {""factor"": ""Coverage coherence"", ""delta"": 7, ""reason"": ""0% coverage \u2014 confidently dry""}, {""factor"": ""Optical cross-check"", ""delta"": 6, ""reason"": ""Sentinel-2 confirms dry ground \u2014 sensors agree""}]",0,,"{""sar"": ""dry"", ""optical"": ""dry"", ""dem_hydrology"": ""dry""}"
NRIV-00769,"209 Bridge St, Lismore NSW",0.0,0.0,0.0,0.0,0.0,Remote-Deny,90,Deny remotely — no significant flooding detected by satellite,Satellite data at 209 Bridge St indicates 0.0ft depth; remote-deny per 90% confidence.,0,0,0.0,"[{""factor"": ""SAR recency"", ""delta"": 8, ""reason"": ""Imagery 3d post-event \u2014 fresh""}, {""factor"": ""Depth certainty"", ""delta"": 10, ""reason"": ""Near-zero depth \u2014 confidently not flooded""}, {""factor"": ""Coverage coherence"", ""delta"": 7, ""reason"": ""0% coverage \u2014 confidently dry""}]",0,,"{""sar"": ""dry"", ""optical"": ""abstain"", ""dem_hydrology"": ""dry""}"
NRIV-00770,"137 Mill Rd, Lismore NSW",0.0,0.0,0.0,0.0,0.0,Remote-Deny,90,Deny remotely — no significant flooding detected by satellite,Satellite data at 137 Mill Rd indicates 0.0ft depth; remote-deny per 90% confidence.,0,0,0.0,"[{""factor"": ""SAR recency"", ""delta"": 8, ""reason"": ""Imagery 3d post-event \u2014 fresh""}, {""factor"": ""Depth certainty"", ""delta"": 10, ""reason"": ""Near-zero depth \u2014 confidently not flooded""}, {""factor"": ""Coverage coherence"", ""delta"": 7, ""reason"": ""0% coverage \u2014 confidently dry""}]",0,,"{""sar"": ""dry"", ""optical"": ""abstain"", ""dem_hydrology"": ""dry""}"
NRIV-00771,"181 Mill Rd, Lismore NSW",0.0,0.0,0.0,0.0,0.0,Remote-Deny,96,Deny remotely — no significant flooding detected by satellite,Satellite data at 181 Mill Rd indicates 0.0ft depth; remote-deny per 96% confidence.,0,1,0.0,"[{""factor"": ""SAR recency"", ""delta"": 8, ""reason"": ""Imagery 3d post-event \u2014 fresh""}, {""factor"": ""Depth certainty"", ""delta"": 10, ""reason"": ""Near-zero depth \u2014 confidently not flooded""}, {""factor"": ""Coverage coherence"", ""delta"": 7, ""reason"": ""0% coverage \u2014 confidently dry""}, {""factor"": ""Optical cross-check"", ""delta"": 6, ""reason"": ""Sentinel-2 confirms dry ground \u2014 sensors agree""}]",0,,"{""sar"": ""dry"", ""optical"": ""dry"", ""dem_hydrology"": ""dry""}"
NRIV-00772,"220 Casino Rd, Lismore NSW",0.0,0.0,0.0,0.0,0.0,Review,75,Flag for manual review — borderline measurements or low confidence,Satellite data at 220 Casino Rd indicates 0.0ft depth; review per 75% confidence.,1,0,0.0,"[{""factor"": ""SAR recency"", ""delta"": 8, ""reason"": ""Imagery 3d post-event \u2014 fresh""}, {""factor"": ""Depth certainty"", ""delta"": 10, ""reason"": ""Near-zero depth \u2014 confidently not flooded""}, {""factor"": ""Coverage coherence"", ""delta"": 7, ""reason"": ""0% coverage \u2014 confidently dry""}, {""factor"": ""Urban SAR shadow"", ""delta"": -15, ""reason"": ""Dense urban area \u2014 radar shadow can mimic water""}]",0,,"{""sar"": ""dry"", ""optical"": ""abstain"", ""dem_hydrology"": ""dry""}"
NRIV-00773,"25 Wyrallah Rd, Lismore NSW",0.0,0.0,0.0,0.0,0.0,Remote-Deny,96,Deny remotely — no significant flooding detected by satellite,Satellite data at 25 Wyrallah Rd indicates 0.0ft depth; remote-deny per 96% confidence.,0,1,0.0,"[{""factor"": ""SAR recency"", ""delta"": 8, ""reason"": ""Imagery 3d post-event \u2014 fresh""}, {""factor"": ""Depth certainty"", ""delta"": 10, ""reason"": ""Near-zero depth \u2014 confidently not flooded""}, {""factor"": ""Coverage coherence"", ""delta"": 7, ""reason"": ""0% coverage \u2014 confidently dry""}, {""factor"": ""Optical cross-check"", ""delta"": 6, ""reason"": ""Sentinel-2 confirms dry ground \u2014 sensors agree""}]",0,,"{""sar"": ""dry"", ""optical"": ""dry"", ""dem_hydrology"": ""dry""}"
NRIV-00774,"16 Mill Rd, Lismore NSW",0.0,0.0,0.0,0.0,0.0,Remote-Deny,96,Deny remotely — no significant flooding detected by satellite,Satellite data at 16 Mill Rd indicates 0.0ft depth; remote-deny per 96% confidence.,0,1,0.0,"[{""factor"": ""SAR recency"", ""delta"": 8, ""reason"": ""Imagery 3d post-event \u2014 fresh""}, {""factor"": ""Depth certainty"", ""delta"": 10, ""reason"": ""Near-zero depth \u2014 confidently not flooded""}, {""factor"": ""Coverage coherence"", ""delta"": 7, ""reason"": ""0% coverage \u2014 confidently dry""}, {""factor"": ""Optical cross-check"", ""delta"": 6, ""reason"": ""Sentinel-2 confirms dry ground \u2014 sensors agree""}]",0,,"{""sar"": ""dry"", ""optical"": ""dry"", ""dem_hydrology"": ""dry""}"
NRIV-00775,"34 Bridge St, Lismore NSW",0.0,0.0,0.0,0.0,0.0,Remote-Deny,96,Deny remotely — no significant flooding detected by satellite,Satellite data at 34 Bridge St indicates 0.0ft depth; remote-deny per 96% confidence.,0,1,0.0,"[{""factor"": ""SAR recency"", ""delta"": 8, ""reason"": ""Imagery 3d post-event \u2014 fresh""}, {""factor"": ""Depth certainty"", ""delta"": 10, ""reason"": ""Near-zero depth \u2014 confidently not flooded""}, {""factor"": ""Coverage coherence"", ""delta"": 7, ""reason"": ""0% coverage \u2014 confidently dry""}, {""factor"": ""Optical cross-check"", ""delta"": 6, ""reason"": ""Sentinel-2 confirms dry ground \u2014 sensors agree""}]",0,,"{""sar"": ""dry"", ""optical"": ""dry"", ""dem_hydrology"": ""dry""}"
NRIV-00776,"64 Tuckombil Rd, Lismore NSW",0.0,0.0,0.0,0.0,0.0,Remote-Deny,90,Deny remotely — no significant flooding detected by satellite,Satellite data at 64 Tuckombil Rd indicates 0.0ft depth; remote-deny per 90% confidence.,0,0,0.0,"[{""factor"": ""SAR recency"", ""delta"": 8, ""reason"": ""Imagery 3d post-event \u2014 fresh""}, {""factor"": ""Depth certainty"", ""delta"": 10, ""reason"": ""Near-zero depth \u2014 confidently not flooded""}, {""factor"": ""Coverage coherence"", ""delta"": 7, ""reason"": ""0% coverage \u2014 confidently dry""}]",0,,"{""sar"": ""dry"", ""optical"": ""abstain"", ""dem_hydrology"": ""dry""}"
NRIV-00777,"162 Mill Rd, Lismore NSW",0.0,0.0,0.0,0.0,0.0,Remote-Deny,90,Deny remotely — no significant flooding detected by satellite,Satellite data at 162 Mill Rd indicates 0.0ft depth; remote-deny per 90% confidence.,0,0,0.0,"[{""factor"": ""SAR recency"", ""delta"": 8, ""reason"": ""Imagery 3d post-event \u2014 fresh""}, {""factor"": ""Depth certainty"", ""delta"": 10, ""reason"": ""Near-zero depth \u2014 confidently not flooded""}, {""factor"": ""Coverage coherence"", ""delta"": 7, ""reason"": ""0% coverage \u2014 confidently dry""}]",0,,"{""sar"": ""dry"", ""optical"": ""abstain"", ""dem_hydrology"": ""dry""}"
NRIV-00778,"20 Tuckombil Rd, Lismore NSW",0.0,0.0,0.0,0.0,0.0,Remote-Deny,90,Deny remotely — no significant flooding detected by satellite,Satellite data at 20 Tuckombil Rd indicates 0.0ft depth; remote-deny per 90% confidence.,0,0,0.0,"[{""factor"": ""SAR recency"", ""delta"": 8, ""reason"": ""Imagery 3d post-event \u2014 fresh""}, {""factor"": ""Depth certainty"", ""delta"": 10, ""reason"": ""Near-zero depth \u2014 confidently not flooded""}, {""factor"": ""Coverage coherence"", ""delta"": 7, ""reason"": ""0% coverage \u2014 confidently dry""}]",0,,"{""sar"": ""dry"", ""optical"": ""abstain"", ""dem_hydrology"": ""dry""}"
NRIV-00779,"104 Casino Rd, Lismore NSW",0.0,0.0,0.0,0.0,0.0,Remote-Deny,90,Deny remotely — no significant flooding detected by satellite,Satellite data at 104 Casino Rd indicates 0.0ft depth; remote-deny per 90% confidence.,0,0,0.0,"[{""factor"": ""SAR recency"", ""delta"": 8, ""reason"": ""Imagery 3d post-event \u2014 fresh""}, {""factor"": ""Depth certainty"", ""delta"": 10, ""reason"": ""Near-zero depth \u2014 confidently not flooded""}, {""factor"": ""Coverage coherence"", ""delta"": 7, ""reason"": ""0% coverage \u2014 confidently dry""}]",0,,"{""sar"": ""dry"", ""optical"": ""abstain"", ""dem_hydrology"": ""dry""}"
NRIV-00780,"95 Molesworth St, Lismore NSW",0.0,0.0,0.0,0.0,0.0,Remote-Deny,90,Deny remotely — no significant flooding detected by satellite,Satellite data at 95 Molesworth St indicates 0.0ft depth; remote-deny per 90% confidence.,0,0,0.0,"[{""factor"": ""SAR recency"", ""delta"": 8, ""reason"": ""Imagery 3d post-event \u2014 fresh""}, {""factor"": ""Depth certainty"", ""delta"": 10, ""reason"": ""Near-zero depth \u2014 confidently not flooded""}, {""factor"": ""Coverage coherence"", ""delta"": 7, ""reason"": ""0% coverage \u2014 confidently dry""}]",0,,"{""sar"": ""dry"", ""optical"": ""abstain"", ""dem_hydrology"": ""dry""}"
NRIV-00781,"1 Wilson St, Lismore NSW",0.0,0.0,0.0,0.0,0.0,Remote-Deny,90,Deny remotely — no significant flooding detected by satellite,Satellite data at 1 Wilson St indicates 0.0ft depth; remote-deny per 90% confidence.,0,0,0.012,"[{""factor"": ""SAR recency"", ""delta"": 8, ""reason"": ""Imagery 3d post-event \u2014 fresh""}, {""factor"": ""Depth certainty"", ""delta"": 10, ""reason"": ""Near-zero depth \u2014 confidently not flooded""}, {""factor"": ""Coverage coherence"", ""delta"": 7, ""reason"": ""0% coverage \u2014 confidently dry""}]",0,,"{""sar"": ""dry"", ""optical"": ""abstain"", ""dem_hydrology"": ""dry""}"
NRIV-00782,"163 Tuckombil Rd, Lismore NSW",0.0,0.0,0.0,0.0,0.0,Remote-Deny,90,Deny remotely — no significant flooding detected by satellite,Satellite data at 163 Tuckombil Rd indicates 0.0ft depth; remote-deny per 90% confidence.,0,0,0.0,"[{""factor"": ""SAR recency"", ""delta"": 8, ""reason"": ""Imagery 3d post-event \u2014 fresh""}, {""factor"": ""Depth certainty"", ""delta"": 10, ""reason"": ""Near-zero depth \u2014 confidently not flooded""}, {""factor"": ""Coverage coherence"", ""delta"": 7, ""reason"": ""0% coverage \u2014 confidently dry""}]",0,,"{""sar"": ""dry"", ""optical"": ""abstain"", ""dem_hydrology"": ""dry""}"
NRIV-00783,"204 Casino Rd, Lismore NSW",0.0,0.0,0.0,0.0,0.0,Remote-Deny,90,Deny remotely — no significant flooding detected by satellite,Satellite data at 204 Casino Rd indicates 0.0ft depth; remote-deny per 90% confidence.,0,0,0.0,"[{""factor"": ""SAR recency"", ""delta"": 8, ""reason"": ""Imagery 3d post-event \u2014 fresh""}, {""factor"": ""Depth certainty"", ""delta"": 10, ""reason"": ""Near-zero depth \u2014 confidently not flooded""}, {""factor"": ""Coverage coherence"", ""delta"": 7, ""reason"": ""0% coverage \u2014 confidently dry""}]",0,,"{""sar"": ""dry"", ""optical"": ""abstain"", ""dem_hydrology"": ""dry""}"
NRIV-00784,"212 Bridge St, Lismore NSW",0.0,0.0,0.0,0.0,0.0,Remote-Deny,96,Deny remotely — no significant flooding detected by satellite,Satellite data at 212 Bridge St indicates 0.0ft depth; remote-deny per 96% confidence.,0,1,0.0,"[{""factor"": ""SAR recency"", ""delta"": 8, ""reason"": ""Imagery 3d post-event \u2014 fresh""}, {""factor"": ""Depth certainty"", ""delta"": 10, ""reason"": ""Near-zero depth \u2014 confidently not flooded""}, {""factor"": ""Coverage coherence"", ""delta"": 7, ""reason"": ""0% coverage \u2014 confidently dry""}, {""factor"": ""Optical cross-check"", ""delta"": 6, ""reason"": ""Sentinel-2 confirms dry ground \u2014 sensors agree""}]",0,,"{""sar"": ""dry"", ""optical"": ""dry"", ""dem_hydrology"": ""dry""}"
NRIV-00785,"73 Pacific Hwy, Lismore NSW",0.0,0.0,0.0,0.0,0.0,Remote-Deny,90,Deny remotely — no significant flooding detected by satellite,Satellite data at 73 Pacific Hwy indicates 0.0ft depth; remote-deny per 90% confidence.,0,0,0.0,"[{""factor"": ""SAR recency"", ""delta"": 8, ""reason"": ""Imagery 3d post-event \u2014 fresh""}, {""factor"": ""Depth certainty"", ""delta"": 10, ""reason"": ""Near-zero depth \u2014 confidently not flooded""}, {""factor"": ""Coverage coherence"", ""delta"": 7, ""reason"": ""0% coverage \u2014 confidently dry""}]",0,,"{""sar"": ""dry"", ""optical"": ""abstain"", ""dem_hydrology"": ""dry""}"
NRIV-00786,"219 Molesworth St, Lismore NSW",0.0,0.0,0.0,0.0,0.0,Remote-Deny,96,Deny remotely — no significant flooding detected by satellite,Satellite data at 219 Molesworth St indicates 0.0ft depth; remote-deny per 96% confidence.,0,1,0.0,"[{""factor"": ""SAR recency"", ""delta"": 8, ""reason"": ""Imagery 3d post-event \u2014 fresh""}, {""factor"": ""Depth certainty"", ""delta"": 10, ""reason"": ""Near-zero depth \u2014 confidently not flooded""}, {""factor"": ""Coverage coherence"", ""delta"": 7, ""reason"": ""0% coverage \u2014 confidently dry""}, {""factor"": ""Optical cross-check"", ""delta"": 6, ""reason"": ""Sentinel-2 confirms dry ground \u2014 sensors agree""}]",0,,"{""sar"": ""dry"", ""optical"": ""dry"", ""dem_hydrology"": ""dry""}"
NRIV-00787,"196 River Rd, Lismore NSW",0.0,0.0,0.0,0.0,0.0,Remote-Deny,96,Deny remotely — no significant flooding detected by satellite,Satellite data at 196 River Rd indicates 0.0ft depth; remote-deny per 96% confidence.,0,1,0.0,"[{""factor"": ""SAR recency"", ""delta"": 8, ""reason"": ""Imagery 3d post-event \u2014 fresh""}, {""factor"": ""Depth certainty"", ""delta"": 10, ""reason"": ""Near-zero depth \u2014 confidently not flooded""}, {""factor"": ""Coverage coherence"", ""delta"": 7, ""reason"": ""0% coverage \u2014 confidently dry""}, {""factor"": ""Optical cross-check"", ""delta"": 6, ""reason"": ""Sentinel-2 confirms dry ground \u2014 sensors agree""}]",0,,"{""sar"": ""dry"", ""optical"": ""dry"", ""dem_hydrology"": ""dry""}"
NRIV-00788,"215 Molesworth St, Lismore NSW",0.0,0.0,0.0,0.0,0.0,Review,90,Flag for manual review — independent sensors (SAR/optical/DEM) disagree,Satellite data at 215 Molesworth St indicates 0.0ft depth; review per 90% confidence.,0,1,0.6461,"[{""factor"": ""SAR recency"", ""delta"": 8, ""reason"": ""Imagery 3d post-event \u2014 fresh""}, {""factor"": ""Depth certainty"", ""delta"": 10, ""reason"": ""Near-zero depth \u2014 confidently not flooded""}, {""factor"": ""Coverage coherence"", ""delta"": 7, ""reason"": ""0% coverage \u2014 confidently dry""}]",1,"Sensors disagree: optical indicate flooding while SAR, DEM-hydrology indicate dry/implausible — routed to manual review.","{""sar"": ""dry"", ""optical"": ""flood"", ""dem_hydrology"": ""dry""}"
NRIV-00789,"41 Molesworth St, Lismore NSW",0.0,0.0,0.0,0.0,0.0,Remote-Deny,90,Deny remotely — no significant flooding detected by satellite,Satellite data at 41 Molesworth St indicates 0.0ft depth; remote-deny per 90% confidence.,0,0,0.0,"[{""factor"": ""SAR recency"", ""delta"": 8, ""reason"": ""Imagery 3d post-event \u2014 fresh""}, {""factor"": ""Depth certainty"", ""delta"": 10, ""reason"": ""Near-zero depth \u2014 confidently not flooded""}, {""factor"": ""Coverage coherence"", ""delta"": 7, ""reason"": ""0% coverage \u2014 confidently dry""}]",0,,"{""sar"": ""dry"", ""optical"": ""abstain"", ""dem_hydrology"": ""abstain""}"
NRIV-00790,"110 Bridge St, Lismore NSW",0.0,0.0,0.0,0.0,0.0,Remote-Deny,96,Deny remotely — no significant flooding detected by satellite,Satellite data at 110 Bridge St indicates 0.0ft depth; remote-deny per 96% confidence.,0,1,0.0,"[{""factor"": ""SAR recency"", ""delta"": 8, ""reason"": ""Imagery 3d post-event \u2014 fresh""}, {""factor"": ""Depth certainty"", ""delta"": 10, ""reason"": ""Near-zero depth \u2014 confidently not flooded""}, {""factor"": ""Coverage coherence"", ""delta"": 7, ""reason"": ""0% coverage \u2014 confidently dry""}, {""factor"": ""Optical cross-check"", ""delta"": 6, ""reason"": ""Sentinel-2 confirms dry ground \u2014 sensors agree""}]",0,,"{""sar"": ""dry"", ""optical"": ""dry"", ""dem_hydrology"": ""dry""}"
NRIV-00791,"167 Mill Rd, Lismore NSW",0.0,0.0,0.0,0.0,0.0,Remote-Deny,90,Deny remotely — no significant flooding detected by satellite,Satellite data at 167 Mill Rd indicates 0.0ft depth; remote-deny per 90% confidence.,0,0,0.4754,"[{""factor"": ""SAR recency"", ""delta"": 8, ""reason"": ""Imagery 3d post-event \u2014 fresh""}, {""factor"": ""Depth certainty"", ""delta"": 10, ""reason"": ""Near-zero depth \u2014 confidently not flooded""}, {""factor"": ""Coverage coherence"", ""delta"": 7, ""reason"": ""0% coverage \u2014 confidently dry""}]",0,,"{""sar"": ""dry"", ""optical"": ""abstain"", ""dem_hydrology"": ""dry""}"
NRIV-00792,"71 Richmond Tce, Lismore NSW",0.0,0.0,0.0,0.0,0.0,Review,90,Flag for manual review — independent sensors (SAR/optical/DEM) disagree,Satellite data at 71 Richmond Tce indicates 0.0ft depth; review per 90% confidence.,0,1,1.0,"[{""factor"": ""SAR recency"", ""delta"": 8, ""reason"": ""Imagery 3d post-event \u2014 fresh""}, {""factor"": ""Depth certainty"", ""delta"": 10, ""reason"": ""Near-zero depth \u2014 confidently not flooded""}, {""factor"": ""Coverage coherence"", ""delta"": 7, ""reason"": ""0% coverage \u2014 confidently dry""}]",1,Sensors disagree: optical indicate flooding while SAR indicate dry/implausible — routed to manual review.,"{""sar"": ""dry"", ""optical"": ""flood"", ""dem_hydrology"": ""abstain""}"
NRIV-00793,"96 Tuckombil Rd, Lismore NSW",0.0,0.0,0.0,0.0,0.0,Review,90,Flag for manual review — independent sensors (SAR/optical/DEM) disagree,Satellite data at 96 Tuckombil Rd indicates 0.0ft depth; review per 90% confidence.,0,1,1.0,"[{""factor"": ""SAR recency"", ""delta"": 8, ""reason"": ""Imagery 3d post-event \u2014 fresh""}, {""factor"": ""Depth certainty"", ""delta"": 10, ""reason"": ""Near-zero depth \u2014 confidently not flooded""}, {""factor"": ""Coverage coherence"", ""delta"": 7, ""reason"": ""0% coverage \u2014 confidently dry""}]",1,"Sensors disagree: optical indicate flooding while SAR, DEM-hydrology indicate dry/implausible — routed to manual review.","{""sar"": ""dry"", ""optical"": ""flood"", ""dem_hydrology"": ""dry""}"
NRIV-00794,"102 Tuckombil Rd, Lismore NSW",0.0,0.0,0.0,0.0,0.0,Review,90,Flag for manual review — independent sensors (SAR/optical/DEM) disagree,Satellite data at 102 Tuckombil Rd indicates 0.0ft depth; review per 90% confidence.,0,1,0.8537,"[{""factor"": ""SAR recency"", ""delta"": 8, ""reason"": ""Imagery 3d post-event \u2014 fresh""}, {""factor"": ""Depth certainty"", ""delta"": 10, ""reason"": ""Near-zero depth \u2014 confidently not flooded""}, {""factor"": ""Coverage coherence"", ""delta"": 7, ""reason"": ""0% coverage \u2014 confidently dry""}]",1,"Sensors disagree: optical indicate flooding while SAR, DEM-hydrology indicate dry/implausible — routed to manual review.","{""sar"": ""dry"", ""optical"": ""flood"", ""dem_hydrology"": ""dry""}"
NRIV-00795,"60 Codrington Rd, Lismore NSW",0.0,0.0,0.0,0.0,0.0,Remote-Deny,96,Deny remotely — no significant flooding detected by satellite,Satellite data at 60 Codrington Rd indicates 0.0ft depth; remote-deny per 96% confidence.,0,1,0.0,"[{""factor"": ""SAR recency"", ""delta"": 8, ""reason"": ""Imagery 3d post-event \u2014 fresh""}, {""factor"": ""Depth certainty"", ""delta"": 10, ""reason"": ""Near-zero depth \u2014 confidently not flooded""}, {""factor"": ""Coverage coherence"", ""delta"": 7, ""reason"": ""0% coverage \u2014 confidently dry""}, {""factor"": ""Optical cross-check"", ""delta"": 6, ""reason"": ""Sentinel-2 confirms dry ground \u2014 sensors agree""}]",0,,"{""sar"": ""dry"", ""optical"": ""dry"", ""dem_hydrology"": ""abstain""}"
NRIV-00796,"1 Bridge St, Lismore NSW",0.0,0.0,0.0,0.0,0.0,Remote-Deny,90,Deny remotely — no significant flooding detected by satellite,Satellite data at 1 Bridge St indicates 0.0ft depth; remote-deny per 90% confidence.,0,0,0.0,"[{""factor"": ""SAR recency"", ""delta"": 8, ""reason"": ""Imagery 3d post-event \u2014 fresh""}, {""factor"": ""Depth certainty"", ""delta"": 10, ""reason"": ""Near-zero depth \u2014 confidently not flooded""}, {""factor"": ""Coverage coherence"", ""delta"": 7, ""reason"": ""0% coverage \u2014 confidently dry""}]",0,,"{""sar"": ""dry"", ""optical"": ""abstain"", ""dem_hydrology"": ""dry""}"
NRIV-00797,"58 Casino Rd, Lismore NSW",0.0,0.0,0.0,0.0,0.0,Remote-Deny,96,Deny remotely — no significant flooding detected by satellite,Satellite data at 58 Casino Rd indicates 0.0ft depth; remote-deny per 96% confidence.,0,1,0.0,"[{""factor"": ""SAR recency"", ""delta"": 8, ""reason"": ""Imagery 3d post-event \u2014 fresh""}, {""factor"": ""Depth certainty"", ""delta"": 10, ""reason"": ""Near-zero depth \u2014 confidently not flooded""}, {""factor"": ""Coverage coherence"", ""delta"": 7, ""reason"": ""0% coverage \u2014 confidently dry""}, {""factor"": ""Optical cross-check"", ""delta"": 6, ""reason"": ""Sentinel-2 confirms dry ground \u2014 sensors agree""}]",0,,"{""sar"": ""dry"", ""optical"": ""dry"", ""dem_hydrology"": ""dry""}"
NRIV-00798,"179 Pacific Hwy, Lismore NSW",0.0,0.0,0.0,0.0,0.0,Remote-Deny,96,Deny remotely — no significant flooding detected by satellite,Satellite data at 179 Pacific Hwy indicates 0.0ft depth; remote-deny per 96% confidence.,0,1,0.0,"[{""factor"": ""SAR recency"", ""delta"": 8, ""reason"": ""Imagery 3d post-event \u2014 fresh""}, {""factor"": ""Depth certainty"", ""delta"": 10, ""reason"": ""Near-zero depth \u2014 confidently not flooded""}, {""factor"": ""Coverage coherence"", ""delta"": 7, ""reason"": ""0% coverage \u2014 confidently dry""}, {""factor"": ""Optical cross-check"", ""delta"": 6, ""reason"": ""Sentinel-2 confirms dry ground \u2014 sensors agree""}]",0,,"{""sar"": ""dry"", ""optical"": ""dry"", ""dem_hydrology"": ""dry""}"
NRIV-00799,"109 Wilson St, Lismore NSW",0.0,0.0,0.0,0.0,0.0,Remote-Deny,96,Deny remotely — no significant flooding detected by satellite,Satellite data at 109 Wilson St indicates 0.0ft depth; remote-deny per 96% confidence.,0,1,0.0,"[{""factor"": ""SAR recency"", ""delta"": 8, ""reason"": ""Imagery 3d post-event \u2014 fresh""}, {""factor"": ""Depth certainty"", ""delta"": 10, ""reason"": ""Near-zero depth \u2014 confidently not flooded""}, {""factor"": ""Coverage coherence"", ""delta"": 7, ""reason"": ""0% coverage \u2014 confidently dry""}, {""factor"": ""Optical cross-check"", ""delta"": 6, ""reason"": ""Sentinel-2 confirms dry ground \u2014 sensors agree""}]",0,,"{""sar"": ""dry"", ""optical"": ""dry"", ""dem_hydrology"": ""dry""}"
NRIV-00800,"99 Richmond Tce, Lismore NSW",0.0,0.0,0.0,0.0,0.0,Remote-Deny,96,Deny remotely — no significant flooding detected by satellite,Satellite data at 99 Richmond Tce indicates 0.0ft depth; remote-deny per 96% confidence.,0,1,0.0,"[{""factor"": ""SAR recency"", ""delta"": 8, ""reason"": ""Imagery 3d post-event \u2014 fresh""}, {""factor"": ""Depth certainty"", ""delta"": 10, ""reason"": ""Near-zero depth \u2014 confidently not flooded""}, {""factor"": ""Coverage coherence"", ""delta"": 7, ""reason"": ""0% coverage \u2014 confidently dry""}, {""factor"": ""Optical cross-check"", ""delta"": 6, ""reason"": ""Sentinel-2 confirms dry ground \u2014 sensors agree""}]",0,,"{""sar"": ""dry"", ""optical"": ""dry"", ""dem_hydrology"": ""dry""}"
